0
18251
27359
22760
6760
-12628
-25689
-25880
-13106
6233
22451
27420
18653
541
-17842
-27287
-23061
-7283
12144
25487
26062
13580
-5705
-22132
-27471
-19048
-1082
17426
27204
23354
7804
-11656
-25276
-26233
-14049
5174
21805
27512
19436
1623
-17003
-27111
-23637
-8321
11163
25055
26395
14512
-4642
-21470
-27542
-19816
-2163
16574
27007
23911
8836
-10666
-24824
-26546
-14969
4107
21126
27561
20189
2702
-16138
-26893
-24176
-9347
10165
24584
26687
15421
-3571
-20774
-27569
-20553
-3241
15696
26769
24431
9854
-9660
-24334
-26818
-15867
3034
20414
27567
20910
3777
-15248
-26634
-24677
-10358
9151
24076
26943
16317
-2476
-20017
-27513
-21202
-4240
14885
26600
25046
11012
-8461
-23605
-26823
-16489
2230
19970
27854
21945
5215
-13945
-25925
-24714
-10910
8580
23999
27629
17656
-920
-18789
-26998
-21432
-4879
14369
26669
25858
12344
-7104
-22742
-26737
-17087
1374
19397
27953
22756
6409
-12899
-25493
-25066
-11831
7582
23447
27816
18500
167
-17999
-26898
-22071
-5936
13423
26308
26264
13312
-6059
-22147
-26895
-17926
262
18552
27776
23304
7370
-12053
-25245
-25606
-12967
6329
22604
27691
19032
951
-17505
-27102
-23043
-7373
12048
25480
26186
13803
-5472
-21988
-27477
-19193
-1289
17264
27169
23464
8003
-11467
-25192
-26297
-14227
4970
21677
27525
19583
1831
-16839
-27072
-23743
-8520
10972
24967
26454
14688
-4436
-21338
-27550
-19960
-2371
16407
26965
24014
9033
-10474
-24733
-26602
-15144
3901
20991
27565
20330
2909
-15969
-26847
-24275
-9542
9971
24489
26739
15593
-3365
-20636
-27570
-20692
-3447
15524
26718
24527
10048
-9464
-24236
-26865
-16036
2827
20274
27564
21045
3984
-15074
-26580
-24770
-10551
8954
23973
26982
16474
-2288
-19903
-27547
-21391
-4518
14618
26431
25003
11049
-8440
-23701
-27088
-16904
1748
19524
27520
21728
5052
-14156
-26272
-25226
-11542
7923
23420
27183
17329
-1207
-19138
-27482
-22057
-5583
13689
26102
25439
12032
-7403
-23130
-27269
-17746
666
18745
27433
22378
6112
-13216
-25923
-25643
-12517
6881
22831
27343
18157
-125
-18345
-27374
-22690
-6638
12739
25734
25837
12996
-6355
-22523
-27407
-18561
-416
17937
27304
22993
7162
-12256
-25535
-26021
-13471
5827
22206
27461
18958
958
-17522
-27224
-23287
-7684
11769
25326
26195
13941
-5297
-21881
-27503
-19347
-1498
17100
27128
23562
8183
-11307
-25149
-26415
-14479
4673
21437
27404
19575
1861
-16874
-27258
-24099
-8992
10482
24556
26166
14496
-4620
-21614
-27984
-20547
-3036
15768
26440
23626
8734
-10779
-25140
-27156
-15817
3195
20356
27068
19970
2616
-16298
-27298
-24873
-10238
9276
23893
26289
15264
-3658
-20998
-28069
-21329
-4154
14852
26166
24122
9742
-9768
-24636
-27411
-16705
2119
19632
27059
20679
3691
-15394
-27013
-25341
-11213
8299
23426
26597
16231
-2469
-20126
-27883
-21844
-5022
14166
26121
24864
11038
-8419
-23748
-27258
-17180
1449
19304
27450
21814
5227
-13996
-26218
-25314
-11732
7724
23309
27217
17490
-999
-18988
-27464
-22182
-5786
13508
26035
25519
12219
-7203
-23016
-27298
-17905
458
18592
27412
22499
6315
-13033
-25851
-25719
-12702
6679
22713
27369
18313
83
-18189
-27348
-22807
-6840
12554
25658
25909
13180
-6152
-22402
-27429
-18715
-625
17778
27275
23107
7363
-12069
-25455
-26089
-13653
5623
22082
27478
19108
1166
-17361
-27190
-23398
-7884
11580
25243
26259
14120
-5092
-21754
-27517
-19495
-1706
16937
27096
23680
8401
-11087
-25020
-26419
-14582
4559
21417
27545
19874
2246
-16507
-26990
-23952
-8915
10589
24788
26569
15039
-4025
-21072
-27563
-20245
-2785
16070
26875
24216
9425
-10087
-24546
-26708
-15490
3488
20719
27570
20609
3323
-15627
-26749
-24470
-9932
9582
24295
26837
15935
-2951
-20358
-27566
-20964
-3860
15178
26613
24714
10435
-9072
-24034
-26956
-16373
2412
19989
27552
21312
4395
-14723
-26466
-24950
-10934
8559
23764
27064
16806
-1872
-19612
-27527
-21651
-4929
14263
26309
25175
11429
-8043
-23486
-27162
-17231
1332
19228
27491
21982
5460
-13797
-26142
-25391
-11919
7522
23193
27239
17632
-821
-18879
-27502
-22378
-6081
13215
25833
25443
12228
-7203
-23126
-27577
-18338
-49
18115
27043
22251
6128
-13258
-26205
-26236
-13344
6006
22114
26904
17973
-207
-18532
-27821
-23424
-7542
11868
25081
25479
12862
-6449
-22780
-27949
-19367
-1333
17119
26743
22720
7064
-12382
-25875
-26656
-14333
4919
21457
26995
18758
874
-17699
-27655
-24007
-8583
10891
24658
25822
13800
-5383
-22115
-28010
-20112
-2372
16329
26630
23377
8210
-11264
-25278
-26800
-15057
4080
21035
27328
19816
2276
-16494
-27079
-24166
-9203
10323
24639
26581
15184
-3838
-20948
-27572
-20387
-2992
15901
26828
24315
9621
-9893
-24451
-26759
-15662
3282
20581
27570
20747
3530
-15455
-26698
-24565
-10126
9386
24196
26884
16104
-2744
-20217
-27562
-21099
-4066
15004
26557
24806
10627
-8875
-23932
-26999
-16540
2205
19845
27544
21443
4601
-14547
-26407
-25038
-11125
8361
23658
27103
16970
-1665
-19465
-27515
-21779
-5133
14084
26246
25259
11618
-7844
-23376
-27197
-17393
1124
19078
27475
22107
5664
-13616
-26075
-25471
-12107
7323
23084
27281
17810
-583
-18684
-27425
-22426
-6193
13143
25895
25674
12591
-6800
-22784
-27354
-18220
42
18282
27364
22737
6719
-12665
-25704
-25866
-13070
6274
22475
27416
18623
500
-17874
-27293
-23039
-7243
12181
25503
26048
13544
-5746
-22157
-27468
-19018
-1041
17458
27211
23332
7764
-11693
-25293
-26221
-14013
5215
21830
27509
19406
1581
-17036
-27118
-23615
-8282
11201
25072
26383
14476
-4683
-21496
-27540
-19787
-2122
16607
27016
23890
8796
-10704
-24842
-26535
-14934
4148
21153
27560
20160
2661
-16172
-26902
-24156
-9308
10203
24603
26677
15386
-3612
-20801
-27569
-20526
-3198
15735
26790
24431
9845
-9656
-24297
-26735
-15741
3186
20574
27722
21060
3937
-15057
-26395
-24384
-10021
9513
24441
27297
16661
-2128
-19648
-27113
-20775
-3801
15310
26990
25391
11318
-8178
-23328
-26540
-16206
2497
20200
28034
22074
5306
-13870
-25846
-24624
-10815
8662
24051
27641
17634
-957
-18817
-27001
-21407
-4838
14405
26682
25842
12307
-7144
-22765
-26731
-17055
1416
19428
27957
22730
6363
-12946
-25526
-25080
-11836
7565
23397
27719
18357
-7
-18185
-27080
-22248
-6121
13210
26048
25950
12953
-6444
-22534
-27268
-18284
-93
18183
27380
22883
6940
-12469
-25623
-25936
-13253
6071
22353
27437
18776
708
-17715
-27262
-23152
-7444
11994
25423
26116
13725
-5542
-22032
-27485
-19168
-1249
17296
27176
23442
7963
-11505
-25209
-26284
-14192
5011
21703
27522
19554
1789
-16872
-27080
-23722
-8480
11010
24985
26443
14653
-4477
-21365
-27549
-19932
-2329
16440
26973
23993
8993
-10512
-24751
-26591
-15109
3942
21018
27565
20302
2868
-16002
-26856
-24255
-9503
10010
24508
26729
15559
-3406
-20664
-27570
-20664
-3406
15559
26729
24508
10010
-9503
-24255
-26856
-16002
2868
20302
27565
21018
3942
-15109
-26591
-24751
-10512
8993
23993
26973
16440
-2329
-19932
-27549
-21365
-4477
14653
26443
24985
11010
-8480
-23722
-27080
-16872
1789
19554
27522
21703
5011
-14192
-26284
-25209
-11505
7963
23442
27176
17296
-1249
-19168
-27485
-22032
-5542
13725
26116
25423
11994
-7444
-23152
-27262
-17715
708
18776
27437
22353
6071
-13253
-25937
-25628
-12479
6921
22854
27338
18126
-167
-18376
-27379
-22666
-6598
12776
25749
25822
12960
-6396
-22547
-27403
-18530
-375
17969
27310
22970
7122
-12293
-25550
-26007
-13434
5873
22242
27476
18957
958
-17498
-27157
-23173
-7533
11939
25496
26359
14106
-5112
-21657
-27226
-19019
-1134
17479
27508
23940
8571
-10888
-24681
-25888
-13899
5287
22063
28029
20199
2497
-16206
-26540
-23328
-8178
11319
25396
27001
15329
-3772
-20732
-27056
-19575
-2037
16773
27429
24595
9690
-9819
-24159
-26145
-14782
4236
21383
28068
20942
3575
-15332
-26308
-23854
-9199
10315
24912
27278
16225
-2710
-20045
-27099
-20343
-3169
15813
27085
24992
10571
-8962
-23833
-26604
-15897
2911
20386
27761
21330
4303
-14802
-26424
-24751
-10631
8853
23932
27045
16626
-2111
-19782
-27539
-21496
-4683
14476
26383
25072
11201
-8282
-23615
-27118
-17036
1581
19406
27509
21830
5215
-14013
-26221
-25293
-11693
7764
23332
27211
17458
-1041
-19018
-27468
-22157
-5746
13544
26048
25503
12181
-7243
-23039
-27293
-17874
500
18623
27416
22475
6274
-13070
-25866
-25704
-12665
6719
22737
27364
18282
42
-18220
-27354
-22784
-6800
12591
25674
25895
13143
-6193
-22426
-27425
-18684
-583
17810
27281
23084
7323
-12107
-25471
-26075
-13616
5664
22107
27475
19078
1124
-17393
-27197
-23376
-7844
11618
25259
26246
14084
-5133
-21779
-27515
-19465
-1665
16970
27103
23658
8361
-11125
-25038
-26407
-14547
4601
21443
27544
19845
2205
-16540
-26999
-23932
-8875
10627
24806
26557
15004
-4066
-21099
-27562
-20217
-2744
16104
26884
24196
9386
-10126
-24565
-26698
-15455
3530
20747
27570
20581
3282
-15662
-26759
-24451
-9893
9621
24315
26828
15901
-2992
-20386
-27567
-20937
-3819
15213
26623
24696
10397
-9111
-24055
-26947
-16340
2454
20018
27553
21285
4354
-14759
-26478
-24932
-10896
8599
23786
27056
16773
-1914
-19642
-27529
-21627
-4892
14288
26303
25129
11349
-8140
-23581
-27247
-17310
1241
19104
27317
21756
5194
-14083
-26430
-25673
-12204
7218
22852
26855
17210
-1259
-19310
-27907
-22751
-6430
12873
25484
25083
11868
-7542
-23424
-27821
-18532
-209
17969
26893
22095
5977
-13386
-26293
-26278
-13349
6017
22118
26889
17938
-250
-18563
-27827
-23400
-7501
11905
25097
25465
12826
-6490
-22805
-27945
-19337
-1291
17151
26751
22702
7034
-12400
-25861
-26600
-14240
5034
21574
27103
18860
986
-17554
-27461
-23760
-8293
11203
24974
26132
14109
-5061
-21762
-27618
-19686
-1929
16763
27035
23745
8548
-10939
-24951
-26466
-14723
4395
21312
27552
19989
2412
-16373
-26956
-24034
-9072
10435
24714
26613
15178
-3860
-20964
-27566
-20358
-2951
15935
26837
24295
9582
-9932
-24470
-26749
-15627
3323
20609
27570
20719
3488
-15490
-26708
-24546
-10087
9425
24216
26875
16070
-2785
-20245
-27563
-21072
-4025
15039
26569
24788
10589
-8915
-23952
-26990
-16507
2246
19874
27545
21417
4559
-14582
-26419
-25020
-11087
8401
23680
27096
16937
-1706
-19495
-27517
-21754
-5092
14120
26259
25243
11580
-7884
-23398
-27190
-17361
1166
19108
27478
22082
5623
-13653
-26089
-25455
-12069
7363
23107
27275
17778
-625
-18715
-27429
-22402
-6152
13180
25909
25658
12554
-6840
-22807
-27348
-18189
83
18313
27369
22713
6679
-12702
-25719
-25851
-13033
6315
22499
27412
18592
458
-17905
-27298
-23016
-7203
12219
25519
26035
13508
-5786
-22182
-27464
-18988
-999
17490
27217
23309
7724
-11731
-25309
-26208
-13977
5256
21856
27506
19377
1540
-17068
-27126
-23594
-8242
11239
25090
26371
14441
-4724
-21522
-27538
-19758
-2080
16640
27024
23869
8757
-10743
-24860
-26522
-14894
4200
21198
27588
20174
2676
-16132
-26820
-24025
-9136
10396
24799
26867
15577
-3404
-20554
-27270
-20175
-2812
16132
27178
24801
10203
-9294
-23915
-26328
-15317
3606
20965
28067
21356
4195
-14817
-26156
-24140
-9781
9729
24616
27420
16739
-2078
-19603
-27057
-20706
-3731
15364
27012
25378
11281
-8217
-23349
-26532
-16173
2539
20229
28036
22048
5265
-13905
-25859
-24607
-10777
8702
24071
27628
17590
-1017
-18877
-27046
-21438
-4870
14350
26584
25693
12115
-7361
-22988
-26950
-17272
1183
19159
27638
22361
5959
-13360
-25929
-25461
-12199
7205
23022
27323
17948
-412
-18560
-27407
-22523
-6355
12996
25837
25734
12739
-6638
-22690
-27374
-18345
-125
18157
27343
22831
6881
-12517
-25643
-25923
-13216
6112
22378
27433
18745
666
-17746
-27269
-23130
-7403
12032
25439
26102
13689
-5583
-22057
-27482
-19138
-1207
17329
27183
23420
7923
-11542
-25226
-26272
-14156
5052
21728
27520
19524
1748
-16904
-27088
-23701
-8440
11049
25003
26431
14618
-4518
-21391
-27547
-19903
-2288
16474
26982
23973
8954
-10551
-24770
-26580
-15074
3984
21045
27564
20274
2827
-16036
-26865
-24236
-9464
10048
24527
26718
15524
-3447
-20692
-27570
-20636
-3365
15593
26739
24489
9971
-9542
-24275
-26847
-15969
2909
20330
27565
20991
3901
-15144
-26602
-24733
-10474
9033
24014
26965
16407
-2371
-19960
-27550
-21338
-4436
14688
26454
24967
10972
-8520
-23743
-27072
-16839
1831
19583
27525
21677
4970
-14227
-26297
-25192
-11467
8003
23464
27169
17264
-1290
-19198
-27488
-22007
-5501
13761
26129
25407
11957
-7484
-23175
-27256
-17683
749
18806
27441
22329
6030
-13289
-25951
-25612
-12442
6961
22877
27332
18095
-208
-18407
-27383
-22637
-6547
12831
25793
25850
12980
-6363
-22479
-27287
-18367
-179
18178
27517
23172
7332
-12056
-25267
-25671
-13053
6276
22644
27862
19324
1318
-17129
-26767
-22761
-7115
12339
25857
26669
14369
-4879
-21432
-26998
-18788
-915
17666
27648
24029
8623
-10853
-24641
-25834
-13834
5347
22100
28031
20171
2455
-16239
-26548
-23307
-8138
11358
25414
26989
15294
-3813
-20759
-27055
-19546
-1995
16805
27434
24564
9632
-9887
-24220
-26191
-14821
4186
21299
27935
20760
3356
-15568
-26543
-24084
-9434
10056
24609
26923
15828
-3129
-20462
-27496
-20717
-3529
15450
26706
24595
10169
-9346
-24176
-26893
-16138
2702
20189
27561
21126
4107
-14969
-26546
-24824
-10666
8836
23911
27007
16574
-2163
-19816
-27542
-21470
-4642
14512
26395
25055
11163
-8321
-23637
-27111
-17003
1623
19436
27512
21805
5174
-14049
-26233
-25276
-11656
7804
23354
27204
17426
-1082
-19048
-27471
-22132
-5705
13580
26062
25487
12144
-7283
-23061
-27287
-17842
541
18653
27420
22451
6233
-13106
-25880
-25689
-12628
6760
22760
27359
18251
0
-18251
-27359
-22760
-6760
12628
25689
25880
13106
-6233
-22451
-27420
-18653
-541
17842
27287
23061
7283
-12144
-25487
-26062
-13580
5705
22132
27471
19048
1082
-17426
-27204
-23354
-7804
11656
25276
26233
14049
-5174
-21805
-27512
-19436
-1623
17003
27111
23637
8321
-11163
-25055
-26395
-14512
4642
21470
27542
19816
2163
-16574
-27007
-23911
-8836
10666
24824
26546
14969
-4107
-21126
-27561
-20189
-2702
16138
26893
24176
9347
-10165
-24584
-26687
-15421
3571
20774
27569
20553
3241
-15696
-26769
-24431
-9854
9660
24334
26818
15867
-3034
-20414
-27567
-20910
-3777
15248
26634
24677
10358
-9151
-24076
-26943
-16317
2476
20017
27513
21202
4240
-14885
-26600
-25046
-11012
8461
23605
26823
16489
-2230
-19970
-27854
-21945
-5215
13945
25925
24714
10910
-8580
-23999
-27629
-17656
920
18789
26998
21432
4879
-14369
-26669
-25858
-12344
7104
22742
26737
17087
-1374
-19397
-27953
-22756
-6409
12899
25493
25066
11831
-7582
-23447
-27816
-18500
-167
17999
26898
22071
5936
-13423
-26308
-26264
-13312
6059
22147
26895
17926
-262
-18552
-27776
-23304
-7370
12053
25245
25606
12967
-6329
-22604
-27691
-19032
-951
17505
27102
23043
7373
-12048
-25480
-26186
-13803
5472
21988
27477
19193
1289
-17264
-27169
-23464
-8003
11467
25192
26297
14227
-4970
-21677
-27525
-19583
-1831
16839
27072
23743
8520
-10972
-24967
-26454
-14688
4436
21338
27550
19960
2371
-16407
-26965
-24014
-9033
10474
24733
26602
15144
-3901
-20991
-27565
-20330
-2909
15969
26847
24275
9542
-9971
-24489
-26739
-15593
3365
20636
27570
20692
3447
-15524
-26718
-24527
-10048
9464
24236
26865
16036
-2827
-20274
-27564
-21045
-3984
15074
26580
24770
10551
-8954
-23973
-26982
-16474
2288
19903
27547
21391
4518
-14618
-26431
-25003
-11049
8440
23701
27088
16904
-1748
-19524
-27520
-21728
-5052
14156
26272
25226
11542
-7923
-23420
-27183
-17329
1207
19138
27482
22057
5583
-13689
-26102
-25439
-12032
7403
23130
27269
17746
-666
-18745
-27433
-22378
-6112
13216
25923
25643
12517
-6881
-22831
-27343
-18157
125
18345
27374
22690
6638
-12739
-25734
-25837
-12996
6355
22523
27407
18561
416
-17937
-27304
-22993
-7162
12256
25535
26021
13471
-5827
-22206
-27461
-18958
-958
17522
27224
23287
7684
-11769
-25326
-26195
-13941
5297
21881
27503
19347
1498
-17100
-27128
-23562
-8183
11307
25149
26415
14479
-4673
-21437
-27404
-19575
-1861
16874
27258
24099
8992
-10482
-24556
-26166
-14496
4620
21614
27984
20547
3036
-15768
-26440
-23626
-8734
10779
25140
27156
15817
-3195
-20356
-27068
-19970
-2616
16298
27298
24873
10238
-9276
-23893
-26289
-15264
3658
20998
28069
21329
4154
-14852
-26166
-24122
-9742
9768
24636
27411
16705
-2119
-19632
-27059
-20679
-3691
15394
27013
25341
11213
-8299
-23426
-26597
-16231
2469
20126
27883
21844
5022
-14166
-26121
-24864
-11038
8419
23748
27258
17180
-1449
-19304
-27450
-21814
-5227
13996
26218
25314
11732
-7724
-23309
-27217
-17490
999
18988
27464
22182
5786
-13508
-26035
-25519
-12219
7203
23016
27298
17905
-458
-18592
-27412
-22499
-6315
13033
25851
25719
12702
-6679
-22713
-27369
-18313
-83
18189
27348
22807
6840
-12554
-25658
-25909
-13180
6152
22402
27429
18715
625
-17778
-27275
-23107
-7363
12069
25455
26089
13653
-5623
-22082
-27478
-19108
-1166
17361
27190
23398
7884
-11580
-25243
-26259
-14120
5092
21754
27517
19495
1706
-16937
-27096
-23680
-8401
11087
25020
26419
14582
-4559
-21417
-27545
-19874
-2246
16507
26990
23952
8915
-10589
-24788
-26569
-15039
4025
21072
27563
20245
2785
-16070
-26875
-24216
-9425
10087
24546
26708
15490
-3488
-20719
-27570
-20609
-3323
15627
26749
24470
9932
-9582
-24295
-26837
-15935
2951
20358
27566
20964
3860
-15178
-26613
-24714
-10435
9072
24034
26956
16373
-2412
-19989
-27552
-21312
-4395
14723
26466
24950
10934
-8559
-23764
-27064
-16806
1872
19612
27527
21651
4929
-14263
-26309
-25175
-11429
8043
23486
27162
17231
-1332
-19228
-27491
-21982
-5460
13797
26142
25391
11919
-7522
-23193
-27239
-17632
821
18879
27502
22378
6081
-13215
-25833
-25443
-12228
7203
23126
27577
18338
49
-18115
-27043
-22251
-6128
13258
26205
26236
13344
-6006
-22114
-26904
-17973
207
18532
27821
23424
7542
-11868
-25081
-25479
-12862
6449
22780
27949
19367
1333
-17119
-26743
-22720
-7064
12382
25875
26656
14333
-4919
-21457
-26995
-18758
-874
17699
27655
24007
8583
-10891
-24658
-25822
-13800
5383
22115
28010
20112
2372
-16329
-26630
-23377
-8210
11264
25278
26800
15057
-4080
-21035
-27328
-19816
-2276
16494
27079
24166
9203
-10323
-24639
-26581
-15184
3838
20948
27572
20387
2992
-15901
-26828
-24315
-9621
9893
24451
26759
15662
-3282
-20581
-27570
-20747
-3530
15455
26698
24565
10126
-9386
-24196
-26884
-16104
2744
20217
27562
21099
4066
-15004
-26557
-24806
-10627
8875
23932
26999
16540
-2205
-19845
-27544
-21443
-4601
14547
26407
25038
11125
-8361
-23658
-27103
-16970
1665
19465
27515
21779
5133
-14084
-26246
-25259
-11618
7844
23376
27197
17393
-1124
-19078
-27475
-22107
-5664
13616
26075
25471
12107
-7323
-23084
-27281
-17810
583
18684
27425
22426
6193
-13143
-25895
-25674
-12591
6800
22784
27354
18220
-42
-18282
-27364
-22737
-6719
12665
25704
25866
13070
-6274
-22475
-27416
-18623
-500
17874
27293
23039
7243
-12181
-25503
-26048
-13544
5746
22157
27468
19018
1041
-17458
-27211
-23332
-7764
11693
25293
26221
14013
-5215
-21830
-27509
-19406
-1581
17036
27118
23615
8282
-11201
-25072
-26383
-14476
4683
21496
27540
19787
2122
-16607
-27016
-23890
-8796
10704
24842
26535
14934
-4148
-21153
-27560
-20160
-2661
16172
26902
24156
9308
-10203
-24603
-26677
-15386
3612
20801
27569
20526
3200
-15725
-26768
-24393
-9786
9741
24410
26881
15924
-2964
-20310
-27414
-20706
-3535
15508
26895
24933
10618
-8867
-23750
-26562
-15884
2945
20502
27999
21690
4742
-14348
-26011
-24401
-10320
9178
24328
27540
17206
-1497
-19200
-27034
-21074
-4306
14870
26846
25624
11815
-7662
-23051
-26641
-16634
1957
19817
28001
22407
5838
-13405
-25682
-24842
-11307
8144
23765
27731
18055
-416
-18428
-26957
-21732
-5373
13924
26488
26021
12751
-6679
-22543
-26901
-17580
743
18876
27725
22846
6670
-12710
-25597
-25548
-12598
6752
22798
27490
18467
240
-18069
-27296
-22824
-6902
12490
25633
25938
13253
-6071
-22353
-27437
-18776
-708
17715
27262
23152
7444
-11994
-25423
-26116
-13725
5542
22032
27485
19168
1249
-17296
-27176
-23442
-7963
11505
25209
26284
14192
-5011
-21703
-27522
-19554
-1789
16872
27080
23722
8480
-11010
-24985
-26443
-14653
4477
21365
27549
19932
2329
-16440
-26973
-23993
-8993
10512
24751
26591
15109
-3942
-21018
-27565
-20302
-2868
16002
26856
24255
9503
-10010
-24508
-26729
-15559
3406
20664
27570
20664
3406
-15559
-26729
-24508
-10010
9503
24255
26856
16002
-2868
-20302
-27565
-21018
-3942
15109
26591
24751
10512
-8993
-23993
-26973
-16440
2329
19932
27549
21365
4477
-14653
-26443
-24985
-11010
8480
23722
27080
16872
-1789
-19554
-27522
-21703
-5011
14192
26284
25209
11505
-7963
-23442
-27176
-17296
1249
19168
27485
22032
5542
-13725
-26116
-25423
-11994
7444
23152
27262
17715
-708
-18776
-27437
-22353
-6071
13253
25937
25628
12479
-6921
-22854
-27338
-18126
167
18376
27379
22666
6598
-12776
-25749
-25822
-12960
6396
22547
27403
18530
375
-17969
-27310
-22970
-7122
12293
25550
26007
13434
-5873
-22242
-27476
-18957
-958
17498
27157
23173
7533
-11939
-25496
-26359
-14106
5112
21657
27226
19019
1134
-17479
-27508
-23940
-8571
10888
24681
25888
13899
-5287
-22063
-28029
-20199
-2497
16206
26540
23328
8178
-11319
-25396
-27001
-15329
3772
20732
27056
19575
2037
-16773
-27429
-24595
-9690
9819
24159
26145
14782
-4236
-21383
-28068
-20942
-3575
15332
26308
23854
9199
-10315
-24912
-27278
-16225
2710
20045
27099
20343
3169
-15813
-27085
-24992
-10571
8962
23833
26604
15897
-2911
-20386
-27761
-21330
-4303
14802
26424
24751
10631
-8853
-23932
-27045
-16626
2111
19782
27539
21496
4683
-14476
-26383
-25072
-11201
8282
23615
27118
17036
-1581
-19406
-27509
-21830
-5215
14013
26221
25293
11693
-7764
-23332
-27211
-17458
1041
19018
27468
22157
5746
-13544
-26048
-25503
-12181
7243
23039
27293
17874
-500
-18623
-27416
-22475
-6274
13070
25866
25704
12665
-6719
-22737
-27364
-18282
-42
18220
27354
22784
6800
-12591
-25674
-25895
-13143
6193
22426
27425
18684
583
-17810
-27281
-23084
-7323
12107
25471
26075
13616
-5664
-22107
-27475
-19078
-1124
17393
27197
23376
7844
-11618
-25259
-26246
-14084
5133
21779
27515
19465
1665
-16970
-27103
-23658
-8361
11125
25038
26407
14547
-4601
-21443
-27544
-19845
-2205
16540
26999
23932
8875
-10627
-24806
-26557
-15004
4066
21099
27562
20217
2744
-16104
-26884
-24196
-9386
10126
24565
26698
15455
-3530
-20747
-27570
-20581
-3282
15662
26759
24451
9893
-9621
-24315
-26828
-15901
2992
20386
27567
20937
3819
-15213
-26623
-24696
-10397
9111
24055
26947
16340
-2454
-20018
-27553
-21285
-4354
14759
26478
24932
10896
-8599
-23786
-27056
-16773
1914
19642
27529
21624
4883
-14309
-26341
-25188
-11433
8026
23434
27064
17088
-1506
-19412
-27672
-22158
-5645
13583
25881
25076
11559
-7909
-23588
-27632
-18027
406
18424
26991
21810
5468
-13851
-26475
-26080
-12868
6542
22424
26821
17532
-791
-18969
-27893
-23095
-6977
12386
25293
25278
12349
-7017
-23118
-27889
-18938
-750
17563
26827
22400
6501
-12905
-26097
-26465
-13826
5490
21805
26945
18337
291
-18151
-27749
-23693
-8013
11438
24920
25684
13354
-5887
-22391
-27880
-19596
-1678
16909
26864
23211
7793
-11654
-25376
-26487
-14417
4797
21540
27436
19539
1816
-16848
-27094
-23784
-8570
10929
24948
26466
14723
-4395
-21312
-27552
-19989
-2412
16373
26956
24034
9072
-10435
-24714
-26613
-15178
3860
20964
27566
20358
2951
-15935
-26837
-24295
-9582
9932
24470
26749
15627
-3323
-20609
-27570
-20719
-3488
15490
26708
24546
10087
-9425
-24216
-26875
-16070
2785
20245
27563
21072
4025
-15039
-26569
-24788
-10589
8915
23952
26990
16507
-2246
-19874
-27545
-21417
-4559
14582
26419
25020
11087
-8401
-23680
-27096
-16937
1706
19495
27517
21754
5092
-14120
-26259
-25243
-11580
7884
23398
27190
17361
-1166
-19108
-27478
-22082
-5623
13653
26089
25455
12069
-7363
-23107
-27275
-17778
625
18715
27429
22402
6152
-13180
-25909
-25658
-12554
6840
22807
27348
18189
-83
-18313
-27369
-22713
-6679
12702
25719
25851
13033
-6315
-22499
-27412
-18592
-458
17905
27298
23016
7203
-12219
-25519
-26035
-13508
5786
22182
27464
18988
999
-17490
-27217
-23309
-7724
11731
25309
26208
13977
-5256
-21856
-27506
-19377
-1540
17068
27126
23594
8242
-11239
-25090
-26371
-14441
4724
21522
27538
19758
2080
-16640
-27024
-23869
-8757
10743
24860
26522
14894
-4200
-21198
-27588
-20174
-2676
16132
26820
24025
9136
-10396
-24799
-26867
-15577
3404
20554
27270
20175
2812
-16132
-27178
-24801
-10203
9294
23915
26328
15317
-3606
-20965
-28067
-21356
-4195
14817
26156
24140
9781
-9729
-24616
-27420
-16739
2078
19603
27057
20706
3731
-15364
-27012
-25378
-11281
8217
23349
26532
16173
-2539
-20229
-28036
-22048
-5265
13905
25859
24607
10777
-8702
-24071
-27628
-17590
1017
18877
27046
21438
4870
-14350
-26584
-25693
-12115
7361
22988
26950
17272
-1183
-19159
-27638
-22361
-5959
13360
25929
25461
12199
-7205
-23022
-27323
-17948
412
18560
27407
22523
6355
-12996
-25837
-25734
-12739
6638
22690
27374
18345
125
-18157
-27343
-22831
-6881
12517
25643
25923
13216
-6112
-22378
-27433
-18745
-666
17746
27269
23130
7403
-12032
-25439
-26102
-13689
5583
22057
27482
19138
1207
-17329
-27183
-23420
-7923
11542
25226
26272
14156
-5052
-21728
-27520
-19524
-1748
16904
27088
23701
8440
-11049
-25003
-26431
-14618
4518
21391
27547
19903
2288
-16474
-26982
-23973
-8954
10551
24770
26580
15074
-3984
-21045
-27564
-20274
-2827
16036
26865
24236
9464
-10048
-24527
-26718
-15524
3447
20692
27570
20636
3365
-15593
-26739
-24489
-9971
9542
24275
26847
15969
-2909
-20330
-27565
-20991
-3901
15144
26602
24733
10474
-9033
-24014
-26965
-16407
2371
19960
27550
21338
4436
-14688
-26454
-24967
-10972
8520
23743
27072
16839
-1831
-19583
-27525
-21677
-4970
14227
26297
25192
11467
-8003
-23464
-27169
-17264
1290
19198
27488
22007
5501
-13761
-26129
-25407
-11957
7484
23175
27256
17683
-749
-18806
-27441
-22329
-6030
13289
25951
25612
12442
-6961
-22877
-27332
-18095
208
18407
27383
22637
6547
-12831
-25793
-25850
-12980
6363
22479
27287
18367
179
-18178
-27517
-23172
-7332
12056
25267
25671
13053
-6276
-22644
-27862
-19324
-1318
17129
26767
22761
7115
-12339
-25857
-26669
-14369
4879
21432
26998
18788
915
-17666
-27648
-24029
-8623
10853
24641
25834
13834
-5347
-22100
-28031
-20171
-2455
16239
26548
23307
8138
-11358
-25414
-26989
-15294
3813
20759
27055
19546
1995
-16805
-27434
-24564
-9632
9887
24220
26191
14821
-4186
-21299
-27935
-20760
-3356
15568
26543
24084
9434
-10056
-24609
-26923
-15828
3129
20462
27496
20717
3529
-15450
-26706
-24595
-10169
9346
24176
26893
16138
-2702
-20189
-27561
-21126
-4107
14969
26546
24824
10666
-8836
-23911
-27007
-16574
2163
19816
27542
21470
4642
-14512
-26395
-25055
-11163
8321
23637
27111
17003
-1623
-19436
-27512
-21805
-5174
14049
26233
25276
11656
-7804
-23354
-27204
-17426
1082
19048
27471
22132
5705
-13580
-26062
-25487
-12144
7283
23061
27287
17842
-541
-18653
-27420
-22451
-6233
13106
25880
25689
12628
-6760
-22760
-27359
-18251
0
18251
27359
22760
6760
-12628
-25689
-25880
-13106
6233
22451
27420
18653
541
-17842
-27287
-23061
-7283
12144
25487
26062
13580
-5705
-22132
-27471
-19048
-1082
17426
27204
23354
7804
-11656
-25276
-26233
-14049
5174
21805
27512
19436
1623
-17003
-27111
-23637
-8321
11163
25055
26395
14512
-4642
-21470
-27542
-19816
-2163
16574
27007
23911
8836
-10666
-24824
-26546
-14969
4107
21126
27561
20189
2702
-16138
-26893
-24176
-9347
10165
24584
26687
15421
-3571
-20774
-27569
-20553
-3241
15696
26769
24431
9854
-9660
-24334
-26818
-15867
3034
20414
27567
20910
3777
-15248
-26634
-24677
-10358
9151
24074
26934
16295
-2514
-20076
-27597
-21316
-4386
14702
26378
24782
10703
-8816
-24008
-27274
-16989
1681
19372
27209
21254
4479
-14723
-26743
-25568
-11796
7665
23059
26667
16677
-1910
-19787
-27998
-22432
-5879
13369
25669
24858
11344
-8104
-23742
-27737
-18087
374
18397
26953
21756
5409
-13899
-26493
-26066
-12831
6582
22447
26816
17500
-833
-18999
-27898
-23071
-6936
12423
25308
25264
12312
-7056
-23137
-27873
-18888
-679
17637
26889
22450
6553
-12831
-25980
-26297
-13612
5732
22055
27191
18581
548
-17860
-27410
-23307
-7595
11865
25334
26072
13719
-5531
-22026
-27499
-19203
-1292
17264
27169
23464
8003
-11467
-25192
-26297
-14227
4970
21677
27525
19583
1831
-16839
-27072
-23743
-8520
10972
24967
26454
14688
-4436
-21338
-27550
-19960
-2371
16407
26965
24014
9033
-10474
-24733
-26602
-15144
3901
20991
27565
20330
2909
-15969
-26847
-24275
-9542
9971
24489
26739
15593
-3365
-20636
-27570
-20692
-3447
15524
26718
24527
10048
-9464
-24236
-26865
-16036
2827
20274
27564
21045
3984
-15074
-26580
-24770
-10551
8954
23973
26982
16474
-2288
-19903
-27547
-21391
-4518
14618
26431
25003
11049
-8440
-23701
-27088
-16904
1748
19524
27520
21728
5052
-14156
-26272
-25226
-11542
7923
23420
27183
17329
-1207
-19138
-27482
-22057
-5583
13689
26102
25439
12032
-7403
-23130
-27269
-17746
666
18745
27433
22378
6112
-13216
-25923
-25643
-12517
6881
22831
27343
18157
-125
-18345
-27374
-22690
-6638
12739
25734
25837
12996
-6355
-22523
-27407
-18561
-416
17937
27304
22993
7162
-12256
-25535
-26021
-13471
5827
22206
27461
18958
958
-17522
-27224
-23287
-7684
11769
25326
26195
13941
-5297
-21881
-27503
-19347
-1498
17102
27138
23583
8221
-11248
-25065
-26302
-14332
4856
21659
27668
19883
2216
-16472
-26807
-23599
-8443
11080
25201
26858
15232
-3842
-20797
-27131
-19660
-2120
16709
27401
24605
9724
-9782
-24140
-26156
-14817
4195
21356
28068
20970
3616
-15298
-26298
-23873
-9238
10276
24893
27289
16264
-2658
-19998
-27069
-20329
-3154
15852
27166
25122
10742
-8768
-23636
-26411
-15705
3119
20632
28059
21679
4688
-14404
-26034
-24379
-10272
9215
24313
27451
17049
-1691
-19390
-27192
-21199
-4425
14715
26621
25315
11440
-8064
-23440
-26994
-16957
1631
19450
27563
21898
5286
-13958
-26197
-25304
-11730
7724
23309
27217
17490
-999
-18988
-27464
-22182
-5786
13508
26035
25519
12219
-7203
-23016
-27298
-17905
458
18592
27412
22499
6315
-13033
-25851
-25719
-12702
6679
22713
27369
18313
83
-18189
-27348
-22807
-6840
12554
25658
25909
13180
-6152
-22402
-27429
-18715
-625
17778
27275
23107
7363
-12069
-25455
-26089
-13653
5623
22082
27478
19108
1166
-17361
-27190
-23398
-7884
11580
25243
26259
14120
-5092
-21754
-27517
-19495
-1706
16937
27096
23680
8401
-11087
-25020
-26419
-14582
4559
21417
27545
19874
2246
-16507
-26990
-23952
-8915
10589
24788
26569
15039
-4025
-21072
-27563
-20245
-2785
16070
26875
24216
9425
-10087
-24546
-26708
-15490
3488
20719
27570
20609
3323
-15627
-26749
-24470
-9932
9582
24295
26837
15935
-2951
-20358
-27566
-20964
-3860
15178
26613
24714
10435
-9072
-24034
-26956
-16373
2412
19989
27552
21312
4395
-14723
-26466
-24950
-10934
8559
23764
27064
16806
-1872
-19612
-27527
-21651
-4929
14263
26309
25175
11429
-8043
-23486
-27162
-17231
1332
19228
27491
21982
5460
-13797
-26142
-25391
-11919
7522
23193
27239
17632
-821
-18879
-27502
-22378
-6081
13215
25833
25443
12228
-7203
-23126
-27577
-18338
-49
18115
27043
22251
6128
-13258
-26205
-26236
-13344
6006
22114
26904
17973
-207
-18532
-27821
-23424
-7542
11868
25081
25479
12862
-6449
-22780
-27949
-19367
-1333
17119
26743
22720
7064
-12382
-25875
-26656
-14333
4919
21457
26995
18758
874
-17699
-27655
-24007
-8583
10891
24658
25822
13800
-5383
-22115
-28010
-20112
-2372
16329
26630
23377
8210
-11264
-25278
-26800
-15057
4080
21035
27328
19816
2276
-16494
-27079
-24166
-9203
10323
24639
26581
15184
-3838
-20948
-27572
-20387
-2992
15901
26828
24315
9621
-9893
-24451
-26759
-15662
3282
20581
27570
20747
3530
-15455
-26698
-24565
-10126
9386
24196
26884
16104
-2744
-20217
-27562
-21099
-4066
15004
26557
24806
10627
-8875
-23932
-26999
-16540
2205
19845
27544
21443
4601
-14547
-26407
-25038
-11125
8361
23658
27103
16970
-1665
-19465
-27515
-21779
-5133
14084
26246
25259
11618
-7844
-23376
-27197
-17393
1124
19078
27475
22107
5664
-13616
-26075
-25471
-12107
7323
23084
27281
17810
-583
-18684
-27425
-22426
-6193
13143
25895
25674
12591
-6800
-22784
-27354
-18220
42
18282
27364
22737
6719
-12665
-25704
-25866
-13070
6274
22475
27416
18623
500
-17874
-27293
-23039
-7243
12181
25503
26048
13544
-5746
-22157
-27468
-19018
-1041
17458
27211
23332
7764
-11693
-25293
-26221
-14013
5215
21830
27509
19406
1581
-17036
-27118
-23615
-8282
11201
25072
26383
14476
-4683
-21496
-27540
-19787
-2122
16607
27016
23890
8796
-10704
-24842
-26535
-14934
4148
21153
27560
20160
2661
-16172
-26902
-24156
-9308
10203
24603
26677
15386
-3612
-20801
-27569
-20526
-3198
15735
26790
24431
9845
-9656
-24297
-26735
-15741
3186
20574
27722
21060
3937
-15057
-26395
-24384
-10021
9513
24441
27297
16661
-2128
-19648
-27113
-20775
-3801
15310
26990
25391
11318
-8178
-23328
-26540
-16206
2497
20200
28034
22074
5306
-13870
-25846
-24624
-10815
8662
24051
27641
17634
-957
-18817
-27001
-21407
-4838
14405
26682
25842
12307
-7144
-22765
-26731
-17055
1416
19428
27957
22730
6363
-12946
-25526
-25080
-11836
7565
23397
27719
18357
-7
-18185
-27080
-22248
-6121
13210
26048
25950
12953
-6444
-22534
-27268
-18284
-93
18183
27380
22883
6940
-12469
-25623
-25936
-13253
6071
22353
27437
18776
708
-17715
-27262
-23152
-7444
11994
25423
26116
13725
-5542
-22032
-27485
-19168
-1249
17296
27176
23442
7963
-11505
-25209
-26284
-14192
5011
21703
27522
19554
1789
-16872
-27080
-23722
-8480
11010
24985
26443
14653
-4477
-21365
-27549
-19932
-2329
16440
26973
23993
8993
-10512
-24751
-26591
-15109
3942
21018
27565
20302
2868
-16002
-26856
-24255
-9503
10010
24508
26729
15559
-3406
-20664
-27570
-20664
-3406
15559
26729
24508
10010
-9503
-24255
-26856
-16002
2868
20302
27565
21018
3942
-15109
-26591
-24751
-10512
8993
23993
26973
16440
-2329
-19932
-27549
-21365
-4477
14653
26443
24985
11010
-8480
-23722
-27080
-16872
1789
19554
27522
21703
5011
-14192
-26284
-25209
-11505
7963
23442
27176
17296
-1249
-19168
-27485
-22032
-5542
13725
26116
25423
11994
-7444
-23152
-27262
-17715
708
18776
27437
22353
6071
-13253
-25937
-25628
-12479
6921
22854
27338
18126
-167
-18376
-27379
-22666
-6598
12776
25749
25822
12960
-6396
-22547
-27403
-18530
-375
17969
27310
22970
7122
-12293
-25550
-26007
-13436
5863
22220
27438
18898
874
-17611
-27304
-23356
-7755
11674
25188
26004
13704
-5563
-22157
-27775
-19616
-1779
16788
26773
23162
7754
-11742
-25567
-26804
-14840
4325
21084
27038
19201
1497
-17206
-27540
-24328
-9178
10319
24396
26001
14329
-4772
-21732
-28056
-20575
-3037
15773
26429
23595
8690
-10819
-25159
-27145
-15782
3236
20383
27068
19942
2575
-16332
-27308
-24854
-10199
9315
23912
26280
15235
-3688
-21007
-28040
-21259
-4056
14959
26268
24214
9836
-9653
-24478
-27201
-16446
2411
19935
27359
20975
3994
-15066
-26646
-24934
-10777
8740
23848
26986
16588
-2132
-19792
-27541
-21496
-4683
14476
26383
25072
11201
-8282
-23615
-27118
-17036
1581
19406
27509
21830
5215
-14013
-26221
-25293
-11693
7764
23332
27211
17458
-1041
-19018
-27468
-22157
-5746
13544
26048
25503
12181
-7243
-23039
-27293
-17874
500
18623
27416
22475
6274
-13070
-25866
-25704
-12665
6719
22737
27364
18282
42
-18220
-27354
-22784
-6800
12591
25674
25895
13143
-6193
-22426
-27425
-18684
-583
17810
27281
23084
7323
-12107
-25471
-26075
-13616
5664
22107
27475
19078
1124
-17393
-27197
-23376
-7844
11618
25259
26246
14084
-5133
-21779
-27515
-19465
-1665
16970
27103
23658
8361
-11125
-25038
-26407
-14547
4601
21443
27544
19845
2205
-16540
-26999
-23932
-8875
10627
24806
26557
15004
-4066
-21099
-27562
-20217
-2744
16104
26884
24196
9386
-10126
-24565
-26698
-15455
3530
20747
27570
20581
3282
-15662
-26759
-24451
-9893
9621
24315
26828
15901
-2992
-20386
-27567
-20937
-3819
15213
26623
24696
10397
-9111
-24055
-26947
-16340
2454
20018
27553
21285
4354
-14759
-26478
-24932
-10896
8599
23786
27056
16773
-1914
-19642
-27529
-21627
-4892
14288
26303
25129
11349
-8140
-23581
-27247
-17310
1241
19104
27317
21756
5194
-14083
-26430
-25673
-12204
7218
22852
26855
17210
-1259
-19310
-27907
-22751
-6430
12873
25484
25083
11868
-7542
-23424
-27821
-18532
-209
17969
26893
22095
5977
-13386
-26293
-26278
-13349
6017
22118
26889
17938
-250
-18563
-27827
-23400
-7501
11905
25097
25465
12826
-6490
-22805
-27945
-19337
-1291
17151
26751
22702
7034
-12400
-25861
-26600
-14240
5034
21574
27103
18860
986
-17554
-27461
-23760
-8293
11203
24974
26132
14109
-5061
-21762
-27618
-19686
-1929
16763
27035
23745
8548
-10939
-24951
-26466
-14723
4395
21312
27552
19989
2412
-16373
-26956
-24034
-9072
10435
24714
26613
15178
-3860
-20964
-27566
-20358
-2951
15935
26837
24295
9582
-9932
-24470
-26749
-15627
3323
20609
27570
20719
3488
-15490
-26708
-24546
-10087
9425
24216
26875
16070
-2785
-20245
-27563
-21072
-4025
15039
26569
24788
10589
-8915
-23952
-26990
-16507
2246
19874
27545
21417
4559
-14582
-26419
-25020
-11087
8401
23680
27096
16937
-1706
-19495
-27517
-21754
-5092
14120
26259
25243
11580
-7884
-23398
-27190
-17361
1166
19108
27478
22082
5623
-13653
-26089
-25455
-12069
7363
23107
27275
17778
-625
-18715
-27429
-22402
-6152
13180
25909
25658
12554
-6840
-22807
-27348
-18189
83
18313
27369
22713
6679
-12702
-25719
-25851
-13033
6315
22499
27412
18592
458
-17905
-27298
-23016
-7203
12219
25519
26035
13508
-5786
-22182
-27464
-18988
-999
17490
27217
23309
7724
-11731
-25309
-26208
-13977
5256
21856
27506
19377
1540
-17068
-27126
-23594
-8242
11239
25090
26371
14441
-4724
-21522
-27538
-19758
-2080
16640
27024
23869
8757
-10743
-24860
-26522
-14894
4200
21198
27588
20174
2676
-16132
-26820
-24025
-9136
10396
24799
26867
15577
-3404
-20554
-27270
-20175
-2812
16132
27178
24801
10203
-9294
-23915
-26328
-15317
3606
20965
28067
21356
4195
-14817
-26156
-24140
-9781
9729
24616
27420
16739
-2078
-19603
-27057
-20706
-3731
15364
27012
25378
11281
-8217
-23349
-26532
-16173
2539
20229
28036
22048
5265
-13905
-25859
-24607
-10777
8702
24071
27628
17590
-1017
-18877
-27046
-21438
-4870
14350
26584
25693
12115
-7361
-22988
-26950
-17272
1183
19159
27638
22361
5959
-13360
-25929
-25461
-12199
7205
23022
27323
17948
-412
-18560
-27407
-22523
-6355
12996
25837
25734
12739
-6638
-22690
-27374
-18345
-125
18157
27343
22831
6881
-12517
-25643
-25923
-13216
6112
22378
27433
18745
666
-17746
-27269
-23130
-7403
12032
25439
26102
13689
-5583
-22057
-27482
-19138
-1207
17329
27183
23420
7923
-11542
-25226
-26272
-14156
5052
21728
27520
19524
1748
-16904
-27088
-23701
-8440
11049
25003
26431
14618
-4518
-21391
-27547
-19903
-2288
16474
26982
23973
8954
-10551
-24770
-26580
-15074
3984
21045
27564
20274
2827
-16036
-26865
-24236
-9464
10048
24527
26718
15524
-3447
-20692
-27570
-20636
-3365
15593
26739
24489
9971
-9542
-24275
-26847
-15969
2909
20330
27565
20991
3901
-15144
-26602
-24733
-10474
9033
24014
26965
16407
-2371
-19960
-27550
-21338
-4436
14688
26454
24967
10972
-8520
-23743
-27072
-16839
1831
19583
27525
21677
4970
-14227
-26297
-25192
-11467
8003
23464
27169
17264
-1290
-19198
-27488
-22007
-5501
13761
26129
25407
11957
-7484
-23175
-27256
-17683
749
18806
27441
22329
6030
-13289
-25951
-25612
-12442
6961
22877
27332
18095
-208
-18407
-27385
-22647
-6568
12793
25734
25766
12866
-6509
-22662
-27509
-18632
-487
17823
27114
22721
6832
-12605
-25865
-26316
-13744
5541
21867
27044
18470
431
-18044
-27708
-23723
-8093
11349
24860
25669
13369
-5879
-22432
-27998
-19788
-1915
16666
26648
23029
7623
-11853
-25641
-26834
-14834
4347
21100
27031
19171
1455
-17239
-27548
-24307
-9138
10358
24414
25989
14294
-4813
-21759
-28055
-20546
-2995
15807
26443
23586
8670
-10828
-25135
-27077
-15675
3369
20521
27200
20068
2711
-16165
-27092
-24584
-9885
9653
24254
26615
15564
-3352
-20645
-27643
-20831
-3613
15391
26668
24573
10160
-9348
-24176
-26893
-16138
2702
20189
27561
21126
4107
-14969
-26546
-24824
-10666
8836
23911
27007
16574
-2163
-19816
-27542
-21470
-4642
14512
26395
25055
11163
-8321
-23637
-27111
-17003
1623
19436
27512
21805
5174
-14049
-26233
-25276
-11656
7804
23354
27204
17426
-1082
-19048
-27471
-22132
-5705
13580
26062
25487
12144
-7283
-23061
-27287
-17842
541
18653
27420
22451
6233
-13106
-25880
-25689
-12628
6760
22760
27359
18251
0
-18251
-27359
-22760
-6760
12628
25689
25880
13106
-6233
-22451
-27420
-18653
-541
17842
27287
23061
7283
-12144
-25487
-26062
-13580
5705
22132
27471
19048
1082
-17426
-27204
-23354
-7804
11656
25276
26233
14049
-5174
-21805
-27512
-19436
-1623
17003
27111
23637
8321
-11163
-25055
-26395
-14512
4642
21470
27542
19816
2163
-16574
-27007
-23911
-8836
10666
24824
26546
14969
-4107
-21126
-27561
-20189
-2702
16138
26893
24176
9347
-10165
-24584
-26687
-15421
3571
20774
27569
20553
3241
-15696
-26769
-24431
-9854
9660
24334
26818
15867
-3034
-20414
-27567
-20910
-3777
15248
26634
24677
10358
-9151
-24074
-26934
-16295
2514
20076
27597
21316
4386
-14702
-26378
-24782
-10703
8816
24008
27274
16989
-1681
-19372
-27209
-21254
-4479
14723
26743
25568
11796
-7665
-23059
-26667
-16677
1910
19787
27998
22432
5879
-13369
-25669
-24858
-11344
8104
23742
27737
18087
-374
-18397
-26953
-21756
-5409
13899
26493
26066
12831
-6582
-22447
-26816
-17500
833
18999
27898
23071
6936
-12423
-25308
-25264
-12312
7056
23137
27873
18888
679
-17637
-26889
-22450
-6553
12831
25980
26297
13612
-5732
-22055
-27191
-18581
-548
17860
27410
23307
7595
-11865
-25334
-26072
-13719
5531
22026
27499
19203
1292
-17264
-27169
-23464
-8003
11467
25192
26297
14227
-4970
-21677
-27525
-19583
-1831
16839
27072
23743
8520
-10972
-24967
-26454
-14688
4436
21338
27550
19960
2371
-16407
-26965
-24014
-9033
10474
24733
26602
15144
-3901
-20991
-27565
-20330
-2909
15969
26847
24275
9542
-9971
-24489
-26739
-15593
3365
20636
27570
20692
3447
-15524
-26718
-24527
-10048
9464
24236
26865
16036
-2827
-20274
-27564
-21045
-3984
15074
26580
24770
10551
-8954
-23973
-26982
-16474
2288
19903
27547
21391
4518
-14618
-26431
-25003
-11049
8440
23701
27088
16904
-1748
-19524
-27520
-21728
-5052
14156
26272
25226
11542
-7923
-23420
-27183
-17329
1207
19138
27482
22057
5583
-13689
-26102
-25439
-12032
7403
23130
27269
17746
-666
-18745
-27433
-22378
-6112
13216
25923
25643
12517
-6881
-22831
-27343
-18157
125
18345
27374
22690
6638
-12739
-25734
-25837
-12996
6355
22523
27407
18561
416
-17937
-27304
-22993
-7162
12256
25535
26021
13471
-5827
-22206
-27461
-18958
-958
17522
27224
23287
7684
-11769
-25326
-26195
-13941
5297
21881
27503
19347
1498
-17100
-27128
-23562
-8183
11307
25149
26415
14479
-4673
-21437
-27404
-19575
-1861
16874
27258
24099
8992
-10482
-24556
-26166
-14496
4620
21614
27984
20547
3036
-15768
-26440
-23626
-8734
10779
25140
27156
15817
-3195
-20356
-27068
-19970
-2616
16298
27298
24873
10238
-9276
-23893
-26289
-15264
3658
20998
28069
21329
4154
-14852
-26166
-24122
-9742
9768
24636
27411
16705
-2119
-19632
-27059
-20679
-3691
15394
27013
25341
11213
-8299
-23426
-26597
-16231
2469
20126
27883
21844
5022
-14166
-26121
-24864
-11038
8419
23748
27258
17180
-1449
-19304
-27450
-21814
-5227
13996
26218
25314
11732
-7724
-23309
-27217
-17490
999
18988
27464
22182
5786
-13508
-26035
-25519
-12219
7203
23016
27298
17905
-458
-18592
-27412
-22499
-6315
13033
25851
25719
12702
-6679
-22713
-27369
-18313
-83
18189
27348
22807
6840
-12554
-25658
-25909
-13180
6152
22402
27429
18715
625
-17778
-27275
-23107
-7363
12069
25455
26089
13653
-5623
-22082
-27478
-19108
-1166
17361
27190
23398
7884
-11580
-25243
-26259
-14120
5092
21754
27517
19495
1706
-16937
-27096
-23680
-8401
11087
25020
26419
14582
-4559
-21417
-27545
-19874
-2246
16507
26990
23952
8915
-10589
-24788
-26569
-15039
4025
21072
27563
20245
2785
-16070
-26875
-24216
-9425
10087
24546
26708
15490
-3488
-20719
-27570
-20609
-3323
15627
26749
24470
9932
-9582
-24295
-26837
-15935
2951
20358
27566
20964
3860
-15178
-26613
-24714
-10435
9072
24034
26956
16373
-2412
-19989
-27552
-21312
-4395
14723
26466
24950
10934
-8559
-23764
-27064
-16806
1872
19612
27527
21651
4929
-14263
-26309
-25175
-11429
8043
23486
27162
17231
-1332
-19228
-27491
-21982
-5460
13797
26142
25391
11919
-7525
-23202
-27261
-17670
762
18794
27389
22231
5898
-13437
-26098
-25751
-12583
6800
22675
27077
17789
-549
-18760
-27734
-22986
-6906
12441
25352
25350
12428
-6947
-23076
-27883
-18964
-790
17532
26821
22424
6542
-12868
-26081
-26479
-13862
5449
21780
26949
18367
333
-18119
-27743
-23720
-8064
11382
24875
25656
13333
-5919
-22457
-27995
-19758
-1874
16699
26655
23007
7583
-11891
-25658
-26822
-14797
4392
21136
27048
19171
1456
-17216
-27483
-24194
-8988
10528
24586
26155
14460
-4629
-21535
-27779
-20219
-2631
16185
26815
23944
9020
-10470
-24753
-26666
-15243
3800
20927
27562
20385
2992
-15901
-26828
-24315
-9621
9893
24451
26759
15662
-3282
-20581
-27570
-20747
-3530
15455
26698
24565
10126
-9386
-24196
-26884
-16104
2744
20217
27562
21099
4066
-15004
-26557
-24806
-10627
8875
23932
26999
16540
-2205
-19845
-27544
-21443
-4601
14547
26407
25038
11125
-8361
-23658
-27103
-16970
1665
19465
27515
21779
5133
-14084
-26246
-25259
-11618
7844
23376
27197
17393
-1124
-19078
-27475
-22107
-5664
13616
26075
25471
12107
-7323
-23084
-27281
-17810
583
18684
27425
22426
6193
-13143
-25895
-25674
-12591
6800
22784
27354
18220
-42
-18282
-27364
-22737
-6719
12665
25704
25866
13070
-6274
-22475
-27416
-18623
-500
17874
27293
23039
7243
-12181
-25503
-26048
-13544
5746
22157
27468
19018
1041
-17458
-27211
-23332
-7764
11693
25293
26221
14013
-5215
-21830
-27509
-19406
-1581
17036
27118
23615
8282
-11201
-25072
-26383
-14476
4683
21496
27540
19787
2122
-16607
-27016
-23890
-8796
10704
24842
26535
14934
-4148
-21153
-27560
-20160
-2661
16172
26902
24156
9308
-10203
-24603
-26677
-15386
3612
20801
27569
20526
3198
-15735
-26790
-24431
-9845
9656
24297
26735
15741
-3186
-20574
-27722
-21060
-3937
15057
26395
24384
10021
-9513
-24441
-27297
-16661
2128
19648
27113
20775
3801
-15310
-26990
-25391
-11318
8178
23328
26540
16206
-2497
-20200
-28034
-22074
-5306
13870
25846
24624
10815
-8662
-24051
-27641
-17634
957
18817
27001
21407
4838
-14405
-26682
-25842
-12307
7144
22765
26731
17055
-1416
-19428
-27957
-22730
-6363
12946
25526
25080
11836
-7565
-23397
-27719
-18357
7
18185
27080
22248
6121
-13210
-26048
-25950
-12953
6444
22534
27268
18284
93
-18183
-27380
-22883
-6940
12469
25623
25936
13253
-6071
-22353
-27437
-18776
-708
17715
27262
23152
7444
-11994
-25423
-26116
-13725
5542
22032
27485
19168
1249
-17296
-27176
-23442
-7963
11505
25209
26284
14192
-5011
-21703
-27522
-19554
-1789
16872
27080
23722
8480
-11010
-24985
-26443
-14653
4477
21365
27549
19932
2329
-16440
-26973
-23993
-8993
10512
24751
26591
15109
-3942
-21018
-27565
-20302
-2868
16002
26856
24255
9503
-10010
-24508
-26729
-15559
3406
20664
27570
20664
3406
-15559
-26729
-24508
-10010
9503
24255
26856
16002
-2868
-20302
-27565
-21018
-3942
15109
26591
24751
10512
-8993
-23993
-26973
-16440
2329
19932
27549
21365
4477
-14653
-26443
-24985
-11010
8480
23722
27080
16872
-1789
-19554
-27522
-21703
-5011
14192
26284
25209
11505
-7963
-23442
-27176
-17296
1249
19168
27485
22032
5542
-13725
-26116
-25423
-11994
7444
23152
27262
17715
-708
-18776
-27437
-22353
-6071
13253
25937
25628
12479
-6921
-22854
-27338
-18126
167
18376
27379
22666
6598
-12776
-25749
-25822
-12960
6396
22547
27403
18530
375
-17969
-27310
-22970
-7122
12293
25550
26007
13436
-5863
-22220
-27438
-18898
-874
17611
27304
23356
7755
-11674
-25188
-26004
-13704
5563
22157
27775
19616
1779
-16788
-26773
-23162
-7754
11742
25567
26804
14840
-4325
-21084
-27038
-19201
-1497
17206
27540
24328
9178
-10319
-24396
-26001
-14329
4772
21732
28056
20575
3037
-15773
-26429
-23595
-8690
10819
25159
27145
15782
-3236
-20383
-27068
-19942
-2575
16332
27308
24854
10199
-9315
-23912
-26280
-15235
3688
21007
28040
21259
4056
-14959
-26268
-24214
-9836
9653
24478
27201
16446
-2411
-19935
-27359
-20975
-3994
15066
26646
24934
10777
-8740
-23848
-26986
-16588
2132
19792
27541
21496
4683
-14476
-26383
-25072
-11201
8282
23615
27118
17036
-1581
-19406
-27509
-21830
-5215
14013
26221
25293
11693
-7764
-23332
-27211
-17458
1041
19018
27468
22157
5746
-13544
-26048
-25503
-12181
7243
23039
27293
17874
-500
-18623
-27416
-22475
-6274
13070
25866
25704
12665
-6719
-22737
-27364
-18282
-42
18220
27354
22784
6800
-12591
-25674
-25895
-13143
6193
22426
27425
18684
583
-17810
-27281
-23084
-7323
12107
25471
26075
13616
-5664
-22107
-27475
-19078
-1124
17393
27197
23376
7844
-11618
-25259
-26246
-14084
5133
21779
27515
19465
1665
-16970
-27103
-23658
-8361
11125
25038
26407
14547
-4601
-21443
-27544
-19845
-2205
16540
26999
23932
8875
-10627
-24806
-26557
-15004
4066
21099
27562
20217
2744
-16104
-26884
-24196
-9386
10126
24565
26698
15455
-3530
-20747
-27570
-20581
-3282
15662
26759
24451
9893
-9621
-24315
-26828
-15901
2992
20386
27567
20937
3819
-15213
-26623
-24696
-10397
9111
24055
26947
16340
-2454
-20018
-27553
-21285
-4354
14759
26478
24932
10896
-8599
-23786
-27056
-16773
1914
19642
27529
21627
4892
-14288
-26303
-25129
-11349
8140
23581
27247
17310
-1241
-19104
-27317
-21756
-5194
14083
26430
25673
12204
-7218
-22852
-26855
-17210
1259
19310
27907
22751
6430
-12873
-25484
-25083
-11868
7542
23424
27821
18532
209
-17969
-26893
-22095
-5977
13386
26293
26278
13349
-6017
-22118
-26889
-17938
250
18563
27827
23400
7501
-11905
-25097
-25465
-12826
6490
22805
27945
19337
1291
-17151
-26751
-22702
-7034
12400
25861
26600
14240
-5034
-21574
-27103
-18860
-986
17554
27461
23760
8293
-11203
-24974
-26132
-14109
5061
21762
27618
19686
1929
-16763
-27035
-23745
-8548
10939
24951
26466
14723
-4395
-21312
-27552
-19989
-2412
16373
26956
24034
9072
-10435
-24714
-26613
-15178
3860
20964
27566
20358
2951
-15935
-26837
-24295
-9582
9932
24470
26749
15627
-3323
-20609
-27570
-20719
-3488
15490
26708
24546
10087
-9425
-24216
-26875
-16070
2785
20245
27563
21072
4025
-15039
-26569
-24788
-10589
8915
23952
26990
16507
-2246
-19874
-27545
-21417
-4559
14582
26419
25020
11087
-8401
-23680
-27096
-16937
1706
19495
27517
21754
5092
-14120
-26259
-25243
-11580
7884
23398
27190
17361
-1166
-19108
-27478
-22082
-5623
13653
26089
25455
12069
-7363
-23107
-27275
-17778
625
18715
27429
22402
6152
-13180
-25909
-25658
-12554
6840
22807
27348
18189
-83
-18313
-27369
-22713
-6679
12702
25719
25851
13033
-6315
-22499
-27412
-18592
-458
17905
27298
23016
7203
-12219
-25519
-26035
-13508
5786
22182
27464
18988
999
-17490
-27217
-23309
-7724
11731
25309
26208
13977
-5256
-21856
-27506
-19377
-1540
17068
27126
23594
8242
-11239
-25090
-26371
-14441
4724
21522
27538
19758
2080
-16640
-27024
-23869
-8757
10743
24860
26522
14894
-4200
-21198
-27588
-20174
-2676
16132
26820
24025
9136
-10396
-24799
-26867
-15577
3404
20554
27270
20175
2812
-16132
-27178
-24801
-10203
9294
23915
26328
15317
-3606
-20965
-28067
-21356
-4195
14817
26156
24140
9781
-9729
-24616
-27420
-16739
2078
19603
27057
20706
3731
-15364
-27012
-25378
-11281
8217
23349
26532
16173
-2539
-20229
-28036
-22048
-5265
13905
25859
24607
10777
-8702
-24071
-27628
-17590
1017
18877
27046
21438
4870
-14350
-26584
-25693
-12115
7361
22988
26950
17272
-1183
-19159
-27638
-22361
-5959
13360
25929
25461
12199
-7205
-23022
-27323
-17948
412
18560
27407
22523
6355
-12996
-25837
-25734
-12739
6638
22690
27374
18345
125
-18157
-27343
-22831
-6881
12517
25643
25923
13216
-6112
-22378
-27433
-18745
-666
17746
27269
23130
7403
-12032
-25439
-26102
-13689
5583
22057
27482
19138
1207
-17329
-27183
-23420
-7923
11542
25226
26272
14156
-5052
-21728
-27520
-19524
-1748
16904
27088
23701
8440
-11049
-25003
-26431
-14618
4518
21391
27547
19903
2288
-16474
-26982
-23973
-8954
10551
24770
26580
15074
-3984
-21045
-27564
-20274
-2827
16036
26865
24236
9464
-10048
-24527
-26718
-15524
3447
20692
27570
20636
3365
-15593
-26739
-24489
-9971
9542
24275
26847
15969
-2909
-20330
-27565
-20991
-3901
15144
26602
24733
10474
-9033
-24014
-26965
-16407
2371
19960
27550
21338
4436
-14688
-26454
-24967
-10972
8520
23743
27072
16839
-1831
-19583
-27525
-21677
-4970
14227
26297
25192
11467
-8003
-23464
-27169
-17264
1290
19198
27488
22007
5501
-13761
-26129
-25407
-11957
7484
23175
27256
17683
-749
-18806
-27441
-22329
-6030
13289
25951
25612
12442
-6961
-22877
-27332
-18095
208
18407
27385
22647
6568
-12793
-25734
-25766
-12866
6509
22662
27509
18632
487
-17823
-27114
-22721
-6832
12605
25865
26316
13744
-5541
-21867
-27044
-18470
-431
18044
27708
23723
8093
-11349
-24860
-25669
-13369
5879
22432
27998
19788
1915
-16666
-26648
-23029
-7623
11853
25641
26834
14834
-4347
-21100
-27031
-19171
-1455
17239
27548
24307
9138
-10358
-24414
-25989
-14294
4813
21759
28055
20546
2995
-15807
-26443
-23586
-8670
10828
25135
27077
15675
-3369
-20521
-27200
-20068
-2711
16165
27092
24584
9885
-9653
-24254
-26615
-15564
3352
20645
27643
20831
3613
-15391
-26668
-24573
-10160
9348
24176
26893
16138
-2702
-20189
-27561
-21126
-4107
14969
26546
24824
10666
-8836
-23911
-27007
-16574
2163
19816
27542
21470
4642
-14512
-26395
-25055
-11163
8321
23637
27111
17003
-1623
-19436
-27512
-21805
-5174
14049
26233
25276
11656
-7804
-23354
-27204
-17426
1082
19048
27471
22132
5705
-13580
-26062
-25487
-12144
7283
23061
27287
17842
-541
-18653
-27420
-22451
-6233
13106
25880
25689
12628
-6760
-22760
-27359
-18251
0
18251
27359
22760
6760
-12628
-25689
-25880
-13106
6233
22451
27420
18653
541
-17842
-27287
-23061
-7283
12144
25487
26062
13580
-5705
-22132
-27471
-19048
-1082
17426
27204
23354
7804
-11656
-25276
-26233
-14049
5174
21805
27512
19436
1623
-17003
-27111
-23637
-8321
11163
25055
26395
14512
-4642
-21470
-27542
-19816
-2163
16574
27007
23911
8836
-10666
-24824
-26546
-14969
4107
21126
27561
20189
2702
-16138
-26893
-24176
-9347
10165
24584
26687
15421
-3571
-20774
-27569
-20553
-3241
15696
26769
24431
9854
-9660
-24334
-26818
-15867
3034
20414
27567
20910
3777
-15248
-26634
-24677
-10358
9151
24076
26943
16317
-2476
-20017
-27513
-21202
-4240
14885
26600
25046
11012
-8461
-23605
-26823
-16489
2230
19970
27854
21945
5215
-13945
-25925
-24714
-10910
8580
23999
27629
17656
-920
-18789
-26998
-21432
-4879
14369
26669
25858
12344
-7104
-22742
-26737
-17087
1374
19397
27953
22756
6409
-12899
-25493
-25066
-11831
7582
23447
27816
18500
167
-17999
-26898
-22071
-5936
13423
26308
26264
13312
-6059
-22147
-26895
-17926
262
18552
27776
23304
7370
-12053
-25245
-25606
-12967
6329
22604
27691
19032
951
-17505
-27102
-23043
-7373
12048
25480
26186
13803
-5472
-21988
-27477
-19193
-1289
17264
27169
23464
8003
-11467
-25192
-26297
-14227
4970
21677
27525
19583
1831
-16839
-27072
-23743
-8520
10972
24967
26454
14688
-4436
-21338
-27550
-19960
-2371
16407
26965
24014
9033
-10474
-24733
-26602
-15144
3901
20991
27565
20330
2909
-15969
-26847
-24275
-9542
9971
24489
26739
15593
-3365
-20636
-27570
-20692
-3447
15524
26718
24527
10048
-9464
-24236
-26865
-16036
2827
20274
27564
21045
3984
-15074
-26580
-24770
-10551
8954
23973
26982
16474
-2288
-19903
-27547
-21391
-4518
14618
26431
25003
11049
-8440
-23701
-27088
-16904
1748
19524
27520
21728
5052
-14156
-26272
-25226
-11542
7923
23420
27183
17329
-1207
-19138
-27482
-22057
-5583
13689
26102
25439
12032
-7403
-23130
-27269
-17746
666
18745
27433
22378
6112
-13216
-25923
-25643
-12517
6881
22831
27343
18157
-125
-18345
-27374
-22690
-6638
12739
25734
25837
12996
-6355
-22523
-27407
-18561
-416
17937
27304
22993
7162
-12256
-25535
-26021
-13471
5827
22206
27461
18958
958
-17522
-27224
-23287
-7684
11769
25326
26195
13941
-5297
-21881
-27503
-19347
-1498
17102
27138
23583
8221
-11248
-25065
-26302
-14332
4856
21659
27668
19883
2216
-16472
-26807
-23599
-8443
11080
25201
26858
15232
-3842
-20797
-27131
-19660
-2120
16709
27401
24605
9724
-9782
-24140
-26156
-14817
4195
21356
28068
20970
3616
-15298
-26298
-23873
-9238
10276
24893
27289
16264
-2658
-19998
-27069
-20329
-3154
15852
27166
25122
10742
-8768
-23636
-26411
-15705
3119
20632
28059
21679
4688
-14404
-26034
-24379
-10272
9215
24313
27451
17049
-1691
-19390
-27192
-21199
-4425
14715
26621
25315
11440
-8064
-23440
-26994
-16957
1631
19450
27563
21898
5286
-13958
-26197
-25304
-11730
7724
23309
27217
17490
-999
-18988
-27464
-22182
-5786
13508
26035
25519
12219
-7203
-23016
-27298
-17905
458
18592
27412
22499
6315
-13033
-25851
-25719
-12702
6679
22713
27369
18313
83
-18189
-27348
-22807
-6840
12554
25658
25909
13180
-6152
-22402
-27429
-18715
-625
17778
27275
23107
7363
-12069
-25455
-26089
-13653
5623
22082
27478
19108
1166
-17361
-27190
-23398
-7884
11580
25243
26259
14120
-5092
-21754
-27517
-19495
-1706
16937
27096
23680
8401
-11087
-25020
-26419
-14582
4559
21417
27545
19874
2246
-16507
-26990
-23952
-8915
10589
24788
26569
15039
-4025
-21072
-27563
-20245
-2785
16070
26875
24216
9425
-10087
-24546
-26708
-15490
3488
20719
27570
20609
3323
-15627
-26749
-24470
-9932
9582
24295
26837
15935
-2951
-20358
-27566
-20964
-3860
15178
26613
24714
10435
-9072
-24034
-26956
-16373
2412
19989
27552
21312
4395
-14723
-26466
-24950
-10934
8559
23764
27064
16806
-1872
-19612
-27527
-21651
-4929
14263
26309
25175
11429
-8043
-23486
-27162
-17231
1332
19228
27491
21982
5460
-13797
-26142
-25391
-11919
7522
23193
27239
17632
-821
-18879
-27502
-22378
-6081
13215
25833
25443
12228
-7203
-23126
-27577
-18338
-49
18115
27043
22251
6128
-13258
-26205
-26236
-13344
6006
22114
26904
17973
-207
-18532
-27821
-23424
-7542
11868
25081
25479
12862
-6449
-22780
-27949
-19367
-1333
17119
26743
22720
7064
-12382
-25875
-26656
-14333
4919
21457
26995
18758
874
-17699
-27655
-24007
-8583
10891
24658
25822
13800
-5383
-22115
-28010
-20112
-2372
16329
26630
23377
8210
-11264
-25278
-26800
-15057
4080
21035
27328
19816
2276
-16494
-27079
-24166
-9203
10323
24639
26581
15184
-3838
-20948
-27572
-20387
-2992
15901
26828
24315
9621
-9893
-24451
-26759
-15662
3282
20581
27570
20747
3530
-15455
-26698
-24565
-10126
9386
24196
26884
16104
-2744
-20217
-27562
-21099
-4066
15004
26557
24806
10627
-8875
-23932
-26999
-16540
2205
19845
27544
21443
4601
-14547
-26407
-25038
-11125
8361
23658
27103
16970
-1665
-19465
-27515
-21779
-5133
14084
26246
25259
11618
-7844
-23376
-27197
-17393
1124
19078
27475
22107
5664
-13616
-26075
-25471
-12107
7323
23084
27281
17810
-583
-18684
-27425
-22426
-6193
13143
25895
25674
12591
-6800
-22784
-27354
-18220
42
18282
27364
22737
6719
-12665
-25704
-25866
-13070
6274
22475
27416
18623
500
-17874
-27293
-23039
-7243
12181
25503
26048
13544
-5746
-22157
-27468
-19018
-1041
17458
27211
23332
7764
-11693
-25293
-26221
-14013
5215
21830
27509
19406
1581
-17036
-27118
-23615
-8282
11201
25072
26383
14476
-4683
-21496
-27540
-19787
-2122
16607
27016
23890
8796
-10704
-24842
-26535
-14934
4148
21153
27560
20160
2661
-16172
-26902
-24156
-9308
10203
24603
26677
15386
-3612
-20801
-27569
-20526
-3200
15725
26768
24393
9786
-9741
-24410
-26881
-15924
2964
20310
27414
20706
3535
-15508
-26895
-24933
-10618
8867
23750
26562
15884
-2945
-20502
-27999
-21690
-4742
14348
26011
24401
10320
-9178
-24328
-27540
-17206
1497
19200
27034
21074
4306
-14870
-26846
-25624
-11815
7662
23051
26641
16634
-1957
-19817
-28001
-22407
-5838
13405
25682
24842
11307
-8144
-23765
-27731
-18055
416
18428
26957
21732
5373
-13924
-26488
-26021
-12751
6679
22543
26901
17580
-743
-18876
-27725
-22846
-6670
12710
25597
25548
12598
-6752
-22798
-27490
-18467
-240
18069
27296
22824
6902
-12490
-25633
-25938
-13253
6071
22353
27437
18776
708
-17715
-27262
-23152
-7444
11994
25423
26116
13725
-5542
-22032
-27485
-19168
-1249
17296
27176
23442
7963
-11505
-25209
-26284
-14192
5011
21703
27522
19554
1789
-16872
-27080
-23722
-8480
11010
24985
26443
14653
-4477
-21365
-27549
-19932
-2329
16440
26973
23993
8993
-10512
-24751
-26591
-15109
3942
21018
27565
20302
2868
-16002
-26856
-24255
-9503
10010
24508
26729
15559
-3406
-20664
-27570
-20664
-3406
15559
26729
24508
10010
-9503
-24255
-26856
-16002
2868
20302
27565
21018
3942
-15109
-26591
-24751
-10512
8993
23993
26973
16440
-2329
-19932
-27549
-21365
-4477
14653
26443
24985
11010
-8480
-23722
-27080
-16872
1789
19554
27522
21703
5011
-14192
-26284
-25209
-11505
7963
23442
27176
17296
-1249
-19168
-27485
-22032
-5542
13725
26116
25423
11994
-7444
-23152
-27262
-17715
708
18776
27437
22353
6071
-13253
-25937
-25628
-12479
6921
22854
27338
18126
-167
-18376
-27379
-22666
-6598
12776
25749
25822
12960
-6396
-22547
-27403
-18530
-375
17969
27310
22970
7122
-12293
-25550
-26007
-13434
5873
22242
27476
18957
958
-17498
-27157
-23173
-7533
11939
25496
26359
14106
-5112
-21657
-27226
-19019
-1134
17479
27508
23940
8571
-10888
-24681
-25888
-13899
5287
22063
28029
20199
2497
-16206
-26540
-23328
-8178
11319
25396
27001
15329
-3772
-20732
-27056
-19575
-2037
16773
27429
24595
9690
-9819
-24159
-26145
-14782
4236
21383
28068
20942
3575
-15332
-26308
-23854
-9199
10315
24912
27278
16225
-2710
-20045
-27099
-20343
-3169
15813
27085
24992
10571
-8962
-23833
-26604
-15897
2911
20386
27761
21330
4303
-14802
-26424
-24751
-10631
8853
23932
27045
16626
-2111
-19782
-27539
-21496
-4683
14476
26383
25072
11201
-8282
-23615
-27118
-17036
1581
19406
27509
21830
5215
-14013
-26221
-25293
-11693
7764
23332
27211
17458
-1041
-19018
-27468
-22157
-5746
13544
26048
25503
12181
-7243
-23039
-27293
-17874
500
18623
27416
22475
6274
-13070
-25866
-25704
-12665
6719
22737
27364
18282
42
-18220
-27354
-22784
-6800
12591
25674
25895
13143
-6193
-22426
-27425
-18684
-583
17810
27281
23084
7323
-12107
-25471
-26075
-13616
5664
22107
27475
19078
1124
-17393
-27197
-23376
-7844
11618
25259
26246
14084
-5133
-21779
-27515
-19465
-1665
16970
27103
23658
8361
-11125
-25038
-26407
-14547
4601
21443
27544
19845
2205
-16540
-26999
-23932
-8875
10627
24806
26557
15004
-4066
-21099
-27562
-20217
-2744
16104
26884
24196
9386
-10126
-24565
-26698
-15455
3530
20747
27570
20581
3282
-15662
-26759
-24451
-9893
9621
24315
26828
15901
-2992
-20386
-27567
-20937
-3819
15213
26623
24696
10397
-9111
-24055
-26947
-16340
2454
20018
27553
21285
4354
-14759
-26478
-24932
-10896
8599
23786
27056
16773
-1914
-19642
-27529
-21624
-4883
14309
26341
25188
11433
-8026
-23434
-27064
-17088
1506
19412
27672
22158
5645
-13583
-25881
-25076
-11559
7909
23588
27632
18027
-406
-18424
-26991
-21810
-5468
13851
26475
26080
12868
-6542
-22424
-26821
-17532
791
18969
27893
23095
6977
-12386
-25293
-25278
-12349
7017
23118
27889
18938
750
-17563
-26827
-22400
-6501
12905
26097
26465
13826
-5490
-21805
-26945
-18337
-291
18151
27749
23693
8013
-11438
-24920
-25684
-13354
5887
22391
27880
19596
1678
-16909
-26864
-23211
-7793
11654
25376
26487
14417
-4797
-21540
-27436
-19539
-1816
16848
27094
23784
8570
-10929
-24948
-26466
-14723
4395
21312
27552
19989
2412
-16373
-26956
-24034
-9072
10435
24714
26613
15178
-3860
-20964
-27566
-20358
-2951
15935
26837
24295
9582
-9932
-24470
-26749
-15627
3323
20609
27570
20719
3488
-15490
-26708
-24546
-10087
9425
24216
26875
16070
-2785
-20245
-27563
-21072
-4025
15039
26569
24788
10589
-8915
-23952
-26990
-16507
2246
19874
27545
21417
4559
-14582
-26419
-25020
-11087
8401
23680
27096
16937
-1706
-19495
-27517
-21754
-5092
14120
26259
25243
11580
-7884
-23398
-27190
-17361
1166
19108
27478
22082
5623
-13653
-26089
-25455
-12069
7363
23107
27275
17778
-625
-18715
-27429
-22402
-6152
13180
25909
25658
12554
-6840
-22807
-27348
-18189
83
18313
27369
22713
6679
-12702
-25719
-25851
-13033
6315
22499
27412
18592
458
-17905
-27298
-23016
-7203
12219
25519
26035
13508
-5786
-22182
-27464
-18988
-999
17490
27217
23309
7724
-11731
-25309
-26208
-13977
5256
21856
27506
19377
1540
-17068
-27126
-23594
-8242
11239
25090
26371
14441
-4724
-21522
-27538
-19758
-2080
16640
27024
23869
8757
-10743
-24860
-26522
-14894
4200
21198
27588
20174
2676
-16132
-26820
-24025
-9136
10396
24799
26867
15577
-3404
-20554
-27270
-20175
-2812
16132
27178
24801
10203
-9294
-23915
-26328
-15317
3606
20965
28067
21356
4195
-14817
-26156
-24140
-9781
9729
24616
27420
16739
-2078
-19603
-27057
-20706
-3731
15364
27012
25378
11281
-8217
-23349
-26532
-16173
2539
20229
28036
22048
5265
-13905
-25859
-24607
-10777
8702
24071
27628
17590
-1017
-18877
-27046
-21438
-4870
14350
26584
25693
12115
-7361
-22988
-26950
-17272
1183
19159
27638
22361
5959
-13360
-25929
-25461
-12199
7205
23022
27323
17948
-412
-18560
-27407
-22523
-6355
12996
25837
25734
12739
-6638
-22690
-27374
-18345
-125
18157
27343
22831
6881
-12517
-25643
-25923
-13216
6112
22378
27433
18745
666
-17746
-27269
-23130
-7403
12032
25439
26102
13689
-5583
-22057
-27482
-19138
-1207
17329
27183
23420
7923
-11542
-25226
-26272
-14156
5052
21728
27520
19524
1748
-16904
-27088
-23701
-8440
11049
25003
26431
14618
-4518
-21391
-27547
-19903
-2288
16474
26982
23973
8954
-10551
-24770
-26580
-15074
3984
21045
27564
20274
2827
-16036
-26865
-24236
-9464
10048
24527
26718
15524
-3447
-20692
-27570
-20636
-3365
15593
26739
24489
9971
-9542
-24275
-26847
-15969
2909
20330
27565
20991
3901
-15144
-26602
-24733
-10474
9033
24014
26965
16407
-2371
-19960
-27550
-21338
-4436
14688
26454
24967
10972
-8520
-23743
-27072
-16839
1831
19583
27525
21677
4970
-14227
-26297
-25192
-11467
8003
23464
27169
17264
-1290
-19198
-27488
-22007
-5501
13761
26129
25407
11957
-7484
-23175
-27256
-17683
749
18806
27441
22329
6030
-13289
-25951
-25612
-12442
6961
22877
27332
18095
-208
-18407
-27385
-22647
-6568
12793
25734
25766
12866
-6509
-22662
-27509
-18632
-487
17823
27114
22721
6832
-12605
-25865
-26316
-13744
5541
21867
27044
18470
431
-18044
-27708
-23723
-8093
11349
24860
25669
13369
-5879
-22432
-27998
-19788
-1915
16666
26648
23029
7623
-11853
-25641
-26834
-14834
4347
21100
27031
19171
1455
-17239
-27548
-24307
-9138
10358
24414
25989
14294
-4813
-21759
-28055
-20546
-2995
15807
26443
23586
8670
-10828
-25135
-27077
-15675
3369
20521
27200
20068
2711
-16165
-27092
-24584
-9885
9653
24254
26615
15564
-3352
-20645
-27643
-20831
-3613
15391
26668
24573
10160
-9348
-24176
-26893
-16138
2702
20189
27561
21126
4107
-14969
-26546
-24824
-10666
8836
23911
27007
16574
-2163
-19816
-27542
-21470
-4642
14512
26395
25055
11163
-8321
-23637
-27111
-17003
1623
19436
27512
21805
5174
-14049
-26233
-25276
-11656
7804
23354
27204
17426
-1082
-19048
-27471
-22132
-5705
13580
26062
25487
12144
-7283
-23061
-27287
-17842
541
18653
27420
22451
6233
-13106
-25880
-25689
-12628
6760
22760
27359
18251
0
-18251
-27359
-22760
-6760
12628
25689
25880
13106
-6233
-22451
-27420
-18653
-541
17842
27287
23061
7283
-12144
-25487
-26062
-13580
5705
22132
27471
19048
1082
-17426
-27204
-23354
-7804
11656
25276
26233
14049
-5174
-21805
-27512
-19436
-1623
17003
27111
23637
8321
-11163
-25055
-26395
-14512
4642
21470
27542
19816
2163
-16574
-27007
-23911
-8836
10666
24824
26546
14969
-4107
-21126
-27561
-20189
-2702
16138
26893
24176
9347
-10165
-24584
-26687
-15421
3571
20774
27569
20553
3241
-15696
-26769
-24431
-9854
9660
24334
26818
15867
-3034
-20414
-27567
-20910
-3777
15248
26634
24677
10358
-9151
-24076
-26943
-16317
2476
20017
27513
21202
4240
-14885
-26600
-25046
-11012
8461
23605
26823
16489
-2230
-19970
-27854
-21945
-5215
13945
25925
24714
10910
-8580
-23999
-27629
-17656
920
18789
26998
21432
4879
-14369
-26669
-25858
-12344
7104
22742
26737
17087
-1374
-19397
-27953
-22756
-6409
12899
25493
25066
11831
-7582
-23447
-27816
-18500
-167
17999
26898
22071
5936
-13423
-26308
-26264
-13312
6059
22147
26895
17926
-262
-18552
-27776
-23304
-7370
12053
25245
25606
12967
-6329
-22604
-27691
-19032
-951
17505
27102
23043
7373
-12048
-25480
-26186
-13803
5472
21988
27477
19193
1289
-17264
-27169
-23464
-8003
11467
25192
26297
14227
-4970
-21677
-27525
-19583
-1831
16839
27072
23743
8520
-10972
-24967
-26454
-14688
4436
21338
27550
19960
2371
-16407
-26965
-24014
-9033
10474
24733
26602
15144
-3901
-20991
-27565
-20330
-2909
15969
26847
24275
9542
-9971
-24489
-26739
-15593
3365
20636
27570
20692
3447
-15524
-26718
-24527
-10048
9464
24236
26865
16036
-2827
-20274
-27564
-21045
-3984
15074
26580
24770
10551
-8954
-23973
-26982
-16474
2288
19903
27547
21391
4518
-14618
-26431
-25003
-11049
8440
23701
27088
16904
-1748
-19524
-27520
-21728
-5052
14156
26272
25226
11542
-7923
-23420
-27183
-17329
1207
19138
27482
22057
5583
-13689
-26102
-25439
-12032
7403
23130
27269
17746
-666
-18745
-27433
-22378
-6112
13216
25923
25643
12517
-6881
-22831
-27343
-18157
125
18345
27374
22690
6638
-12739
-25734
-25837
-12996
6355
22523
27407
18561
416
-17937
-27304
-22993
-7162
12256
25535
26021
13471
-5827
-22206
-27461
-18958
-958
17522
27224
23287
7684
-11769
-25326
-26195
-13941
5297
21881
27503
19347
1498
-17102
-27138
-23583
-8221
11248
25065
26302
14332
-4856
-21659
-27668
-19883
-2216
16472
26807
23599
8443
-11080
-25201
-26858
-15232
3842
20797
27131
19660
2120
-16709
-27401
-24605
-9724
9782
24140
26156
14817
-4195
-21356
-28068
-20970
-3616
15298
26298
23873
9238
-10276
-24893
-27289
-16264
2658
19998
27069
20329
3154
-15852
-27166
-25122
-10742
8768
23636
26411
15705
-3119
-20632
-28059
-21679
-4688
14404
26034
24379
10272
-9215
-24313
-27451
-17049
1691
19390
27192
21199
4425
-14715
-26621
-25315
-11440
8064
23440
26994
16957
-1631
-19450
-27563
-21898
-5286
13958
26197
25304
11730
-7724
-23309
-27217
-17490
999
18988
27464
22182
5786
-13508
-26035
-25519
-12219
7203
23016
27298
17905
-458
-18592
-27412
-22499
-6315
13033
25851
25719
12702
-6679
-22713
-27369
-18313
-83
18189
27348
22807
6840
-12554
-25658
-25909
-13180
6152
22402
27429
18715
625
-17778
-27275
-23107
-7363
12069
25455
26089
13653
-5623
-22082
-27478
-19108
-1166
17361
27190
23398
7884
-11580
-25243
-26259
-14120
5092
21754
27517
19495
1706
-16937
-27096
-23680
-8401
11087
25020
26419
14582
-4559
-21417
-27545
-19874
-2246
16507
26990
23952
8915
-10589
-24788
-26569
-15039
4025
21072
27563
20245
2785
-16070
-26875
-24216
-9425
10087
24546
26708
15490
-3488
-20719
-27570
-20609
-3323
15627
26749
24470
9932
-9582
-24295
-26837
-15935
2951
20358
27566
20964
3860
-15178
-26613
-24714
-10435
9072
24034
26956
16373
-2412
-19989
-27552
-21312
-4395
14723
26466
24950
10934
-8559
-23764
-27064
-16806
1872
19612
27527
21651
4929
-14263
-26309
-25175
-11429
8043
23486
27162
17231
-1332
-19228
-27491
-21982
-5460
13797
26142
25391
11919
-7522
-23193
-27239
-17632
821
18879
27502
22378
6081
-13215
-25833
-25443
-12228
7203
23126
27577
18338
49
-18115
-27043
-22251
-6128
13258
26205
26236
13344
-6006
-22114
-26904
-17973
207
18532
27821
23424
7542
-11868
-25081
-25479
-12862
6449
22780
27949
19367
1333
-17119
-26743
-22720
-7064
12382
25875
26656
14333
-4919
-21457
-26995
-18758
-874
17699
27655
24007
8583
-10891
-24658
-25822
-13800
5383
22115
28010
20112
2372
-16329
-26630
-23377
-8210
11264
25278
26800
15057
-4080
-21035
-27328
-19816
-2276
16494
27079
24166
9203
-10323
-24639
-26581
-15184
3838
20948
27572
20387
2992
-15901
-26828
-24315
-9621
9893
24451
26759
15662
-3282
-20581
-27570
-20747
-3530
15455
26698
24565
10126
-9386
-24196
-26884
-16104
2744
20217
27562
21099
4066
-15004
-26557
-24806
-10627
8875
23932
26999
16540
-2205
-19845
-27544
-21443
-4601
14547
26407
25038
11125
-8361
-23658
-27103
-16970
1665
19465
27515
21779
5133
-14084
-26246
-25259
-11618
7844
23376
27197
17393
-1124
-19078
-27475
-22107
-5664
13616
26075
25471
12107
-7323
-23084
-27281
-17810
583
18684
27425
22426
6193
-13143
-25895
-25674
-12591
6800
22784
27354
18220
-42
-18282
-27364
-22737
-6719
12665
25704
25866
13070
-6274
-22475
-27416
-18623
-500
17874
27293
23039
7243
-12181
-25503
-26048
-13544
5746
22157
27468
19018
1041
-17458
-27211
-23332
-7764
11693
25293
26221
14013
-5215
-21830
-27509
-19406
-1581
17036
27118
23615
8282
-11201
-25072
-26383
-14476
4683
21496
27540
19787
2122
-16607
-27016
-23890
-8796
10704
24842
26535
14934
-4148
-21153
-27560
-20160
-2661
16172
26902
24156
9308
-10203
-24603
-26677
-15386
3612
20801
27569
20526
3198
-15735
-26790
-24431
-9845
9656
24297
26735
15741
-3186
-20574
-27722
-21060
-3937
15057
26395
24384
10021
-9513
-24441
-27297
-16661
2128
19648
27113
20775
3801
-15310
-26990
-25391
-11318
8178
23328
26540
16206
-2497
-20200
-28034
-22074
-5306
13870
25846
24624
10815
-8662
-24051
-27641
-17634
957
18817
27001
21407
4838
-14405
-26682
-25842
-12307
7144
22765
26731
17055
-1416
-19428
-27957
-22730
-6363
12946
25526
25080
11836
-7565
-23397
-27719
-18357
7
18185
27080
22248
6121
-13210
-26048
-25950
-12953
6444
22534
27268
18284
93
-18183
-27380
-22883
-6940
12469
25623
25936
13253
-6071
-22353
-27437
-18776
-708
17715
27262
23152
7444
-11994
-25423
-26116
-13725
5542
22032
27485
19168
1249
-17296
-27176
-23442
-7963
11505
25209
26284
14192
-5011
-21703
-27522
-19554
-1789
16872
27080
23722
8480
-11010
-24985
-26443
-14653
4477
21365
27549
19932
2329
-16440
-26973
-23993
-8993
10512
24751
26591
15109
-3942
-21018
-27565
-20302
-2868
16002
26856
24255
9503
-10010
-24508
-26729
-15559
3406
20664
27570
20664
3406
-15559
-26729
-24508
-10010
9503
24255
26856
16002
-2868
-20302
-27565
-21018
-3942
15109
26591
24751
10512
-8993
-23993
-26973
-16440
2329
19932
27549
21365
4477
-14653
-26443
-24985
-11010
8480
23722
27080
16872
-1789
-19554
-27522
-21703
-5011
14192
26284
25209
11505
-7963
-23442
-27176
-17296
1249
19168
27485
22032
5542
-13725
-26116
-25423
-11994
7444
23152
27262
17715
-708
-18776
-27437
-22353
-6071
13253
25937
25628
12479
-6921
-22854
-27338
-18126
167
18376
27379
22666
6598
-12776
-25749
-25822
-12960
6396
22547
27403
18530
375
-17969
-27310
-22970
-7122
12293
25550
26007
13434
-5873
-22242
-27476
-18957
-958
17498
27157
23173
7533
-11939
-25496
-26359
-14106
5112
21657
27226
19019
1134
-17479
-27508
-23940
-8571
10888
24681
25888
13899
-5287
-22063
-28029
-20199
-2497
16206
26540
23328
8178
-11319
-25396
-27001
-15329
3772
20732
27056
19575
2037
-16773
-27429
-24595
-9690
9819
24159
26145
14782
-4236
-21383
-28068
-20942
-3575
15332
26308
23854
9199
-10315
-24912
-27278
-16225
2710
20045
27099
20343
3169
-15813
-27085
-24992
-10571
8962
23833
26604
15897
-2911
-20386
-27761
-21330
-4303
14802
26424
24751
10631
-8853
-23932
-27045
-16626
2111
19782
27539
21496
4683
-14476
-26383
-25072
-11201
8282
23615
27118
17036
-1581
-19406
-27509
-21830
-5215
14013
26221
25293
11693
-7764
-23332
-27211
-17458
1041
19018
27468
22157
5746
-13544
-26048
-25503
-12181
7243
23039
27293
17874
-500
-18623
-27416
-22475
-6274
13070
25866
25704
12665
-6719
-22737
-27364
-18282
-42
18220
27354
22784
6800
-12591
-25674
-25895
-13143
6193
22426
27425
18684
583
-17810
-27281
-23084
-7323
12107
25471
26075
13616
-5664
-22107
-27475
-19078
-1124
17393
27197
23376
7844
-11618
-25259
-26246
-14084
5133
21779
27515
19465
1665
-16970
-27103
-23658
-8361
11125
25038
26407
14547
-4601
-21443
-27544
-19845
-2205
16540
26999
23932
8875
-10627
-24806
-26557
-15004
4066
21099
27562
20217
2744
-16104
-26884
-24196
-9386
10126
24565
26698
15455
-3530
-20747
-27570
-20581
-3282
15662
26759
24451
9893
-9621
-24315
-26828
-15901
2992
20386
27567
20937
3819
-15213
-26623
-24696
-10397
9111
24055
26947
16340
-2454
-20018
-27553
-21285
-4354
14759
26478
24932
10896
-8599
-23786
-27056
-16773
1914
19642
27529
21624
4883
-14309
-26341
-25188
-11433
8026
23434
27064
17088
-1506
-19412
-27672
-22158
-5645
13583
25881
25076
11559
-7909
-23588
-27632
-18027
406
18424
26991
21810
5468
-13851
-26475
-26080
-12868
6542
22424
26821
17532
-791
-18969
-27893
-23095
-6977
12386
25293
25278
12349
-7017
-23118
-27889
-18938
-750
17563
26827
22400
6501
-12905
-26097
-26465
-13826
5490
21805
26945
18337
291
-18151
-27749
-23693
-8013
11438
24920
25684
13354
-5887
-22391
-27880
-19596
-1678
16909
26864
23211
7793
-11654
-25376
-26487
-14417
4797
21540
27436
19539
1816
-16848
-27094
-23784
-8570
10929
24948
26466
14723
-4395
-21312
-27552
-19989
-2412
16373
26956
24034
9072
-10435
-24714
-26613
-15178
3860
20964
27566
20358
2951
-15935
-26837
-24295
-9582
9932
24470
26749
15627
-3323
-20609
-27570
-20719
-3488
15490
26708
24546
10087
-9425
-24216
-26875
-16070
2785
20245
27563
21072
4025
-15039
-26569
-24788
-10589
8915
23952
26990
16507
-2246
-19874
-27545
-21417
-4559
14582
26419
25020
11087
-8401
-23680
-27096
-16937
1706
19495
27517
21754
5092
-14120
-26259
-25243
-11580
7884
23398
27190
17361
-1166
-19108
-27478
-22082
-5623
13653
26089
25455
12069
-7363
-23107
-27275
-17778
625
18715
27429
22402
6152
-13180
-25909
-25658
-12554
6840
22807
27348
18189
-83
-18313
-27369
-22713
-6679
12702
25719
25851
13033
-6315
-22499
-27412
-18592
-458
17905
27298
23016
7203
-12219
-25519
-26035
-13508
5786
22182
27464
18988
999
-17490
-27217
-23309
-7724
11731
25309
26208
13977
-5256
-21856
-27506
-19377
-1540
17068
27126
23594
8242
-11239
-25090
-26371
-14441
4724
21522
27538
19758
2080
-16640
-27024
-23869
-8757
10743
24860
26525
14904
-4179
-21160
-27529
-20090
-2563
16278
27003
24247
9401
-10088
-24444
-26465
-15126
3904
21103
27868
20820
3503
-15396
-26400
-23984
-9350
10181
24831
27269
16279
-2627
-19975
-27070
-20356
-3195
15817
27156
25140
10781
-8729
-23616
-26420
-15739
3078
20603
28057
21706
4731
-14364
-26012
-24378
-10281
9217
24349
27532
17173
-1539
-19229
-27036
-21048
-4265
14905
26859
25607
11777
-7702
-23074
-26638
-16612
1979
19818
27961
22324
5724
-13532
-25806
-24958
-11423
8006
23586
27499
17772
-732
-18757
-27283
-22052
-5695
13582
26112
25608
12313
-7120
-22963
-27285
-17926
421
18562
27407
22523
6355
-12996
-25837
-25734
-12739
6638
22690
27374
18345
125
-18157
-27343
-22831
-6881
12517
25643
25923
13216
-6112
-22378
-27433
-18745
-666
17746
27269
23130
7403
-12032
-25439
-26102
-13689
5583
22057
27482
19138
1207
-17329
-27183
-23420
-7923
11542
25226
26272
14156
-5052
-21728
-27520
-19524
-1748
16904
27088
23701
8440
-11049
-25003
-26431
-14618
4518
21391
27547
19903
2288
-16474
-26982
-23973
-8954
10551
24770
26580
15074
-3984
-21045
-27564
-20274
-2827
16036
26865
24236
9464
-10048
-24527
-26718
-15524
3447
20692
27570
20636
3365
-15593
-26739
-24489
-9971
9542
24275
26847
15969
-2909
-20330
-27565
-20991
-3901
15144
26602
24733
10474
-9033
-24014
-26965
-16407
2371
19960
27550
21338
4436
-14688
-26454
-24967
-10972
8520
23743
27072
16839
-1831
-19583
-27525
-21677
-4970
14227
26297
25192
11467
-8003
-23464
-27169
-17264
1290
19198
27488
22007
5501
-13761
-26129
-25407
-11957
7484
23175
27256
17683
-749
-18806
-27441
-22329
-6030
13289
25951
25612
12442
-6961
-22877
-27332
-18095
208
18407
27383
22637
6547
-12831
-25793
-25850
-12980
6363
22479
27287
18367
179
-18178
-27517
-23172
-7332
12056
25267
25671
13053
-6276
-22644
-27862
-19324
-1318
17129
26767
22761
7115
-12339
-25857
-26669
-14369
4879
21432
26998
18788
915
-17666
-27648
-24029
-8623
10853
24641
25834
13834
-5347
-22100
-28031
-20171
-2455
16239
26548
23307
8138
-11358
-25414
-26989
-15294
3813
20759
27055
19546
1995
-16805
-27434
-24564
-9632
9887
24220
26191
14821
-4186
-21299
-27935
-20760
-3356
15568
26543
24084
9434
-10056
-24609
-26923
-15828
3129
20462
27496
20717
3529
-15450
-26706
-24595
-10169
9346
24176
26893
16138
-2702
-20189
-27561
-21126
-4107
14969
26546
24824
10666
-8836
-23911
-27007
-16574
2163
19816
27542
21470
4642
-14512
-26395
-25055
-11163
8321
23637
27111
17003
-1623
-19436
-27512
-21805
-5174
14049
26233
25276
11656
-7804
-23354
-27204
-17426
1082
19048
27471
22132
5705
-13580
-26062
-25487
-12144
7283
23061
27287
17842
-541
-18653
-27420
-22451
-6233
13106
25880
25689
12628
-6760
-22760
-27359
-18251
0
18251
27359
22760
6760
-12628
-25689
-25880
-13106
6233
22451
27420
18653
541
-17842
-27287
-23061
-7283
12144
25487
26062
13580
-5705
-22132
-27471
-19048
-1082
17426
27204
23354
7804
-11656
-25276
-26233
-14049
5174
21805
27512
19436
1623
-17003
-27111
-23637
-8321
11163
25055
26395
14512
-4642
-21470
-27542
-19816
-2163
16574
27007
23911
8836
-10666
-24824
-26546
-14969
4107
21126
27561
20189
2702
-16138
-26893
-24176
-9347
10165
24584
26687
15421
-3571
-20774
-27569
-20553
-3241
15696
26769
24431
9854
-9660
-24334
-26818
-15867
3034
20414
27567
20910
3777
-15248
-26634
-24677
-10358
9151
24074
26934
16295
-2514
-20076
-27597
-21316
-4386
14702
26378
24782
10703
-8816
-24008
-27274
-16989
1681
19372
27209
21254
4479
-14723
-26743
-25568
-11796
7665
23059
26667
16677
-1910
-19787
-27998
-22432
-5879
13369
25669
24858
11344
-8104
-23742
-27737
-18087
374
18397
26953
21756
5409
-13899
-26493
-26066
-12831
6582
22447
26816
17500
-833
-18999
-27898
-23071
-6936
12423
25308
25264
12312
-7056
-23137
-27873
-18888
-679
17637
26889
22450
6553
-12831
-25980
-26297
-13612
5732
22055
27191
18581
548
-17860
-27410
-23307
-7595
11865
25334
26072
13719
-5531
-22026
-27499
-19203
-1292
17264
27169
23464
8003
-11467
-25192
-26297
-14227
4970
21677
27525
19583
1831
-16839
-27072
-23743
-8520
10972
24967
26454
14688
-4436
-21338
-27550
-19960
-2371
16407
26965
24014
9033
-10474
-24733
-26602
-15144
3901
20991
27565
20330
2909
-15969
-26847
-24275
-9542
9971
24489
26739
15593
-3365
-20636
-27570
-20692
-3447
15524
26718
24527
10048
-9464
-24236
-26865
-16036
2827
20274
27564
21045
3984
-15074
-26580
-24770
-10551
8954
23973
26982
16474
-2288
-19903
-27547
-21391
-4518
14618
26431
25003
11049
-8440
-23701
-27088
-16904
1748
19524
27520
21728
5052
-14156
-26272
-25226
-11542
7923
23420
27183
17329
-1207
-19138
-27482
-22057
-5583
13689
26102
25439
12032
-7403
-23130
-27269
-17746
666
18745
27433
22378
6112
-13216
-25923
-25643
-12517
6881
22831
27343
18157
-125
-18345
-27374
-22690
-6638
12739
25734
25837
12996
-6355
-22523
-27407
-18561
-416
17937
27304
22993
7162
-12256
-25535
-26021
-13471
5827
22206
27461
18958
958
-17522
-27224
-23287
-7684
11769
25326
26195
13941
-5297
-21881
-27503
-19347
-1498
17100
27128
23562
8183
-11307
-25149
-26415
-14479
4673
21437
27404
19575
1861
-16874
-27258
-24099
-8992
10482
24556
26166
14496
-4620
-21614
-27984
-20547
-3036
15768
26440
23626
8734
-10779
-25140
-27156
-15817
3195
20356
27068
19970
2616
-16298
-27298
-24873
-10238
9276
23893
26289
15264
-3658
-20998
-28069
-21329
-4154
14852
26166
24122
9742
-9768
-24636
-27411
-16705
2119
19632
27059
20679
3691
-15394
-27013
-25341
-11213
8299
23426
26597
16231
-2469
-20126
-27883
-21844
-5022
14166
26121
24864
11038
-8419
-23748
-27258
-17180
1449
19304
27450
21814
5227
-13996
-26218
-25314
-11732
7724
23309
27217
17490
-999
-18988
-27464
-22182
-5786
13508
26035
25519
12219
-7203
-23016
-27298
-17905
458
18592
27412
22499
6315
-13033
-25851
-25719
-12702
6679
22713
27369
18313
83
-18189
-27348
-22807
-6840
12554
25658
25909
13180
-6152
-22402
-27429
-18715
-625
17778
27275
23107
7363
-12069
-25455
-26089
-13653
5623
22082
27478
19108
1166
-17361
-27190
-23398
-7884
11580
25243
26259
14120
-5092
-21754
-27517
-19495
-1706
16937
27096
23680
8401
-11087
-25020
-26419
-14582
4559
21417
27545
19874
2246
-16507
-26990
-23952
-8915
10589
24788
26569
15039
-4025
-21072
-27563
-20245
-2785
16070
26875
24216
9425
-10087
-24546
-26708
-15490
3488
20719
27570
20609
3323
-15627
-26749
-24470
-9932
9582
24295
26837
15935
-2951
-20358
-27566
-20964
-3860
15178
26613
24714
10435
-9072
-24034
-26956
-16373
2412
19989
27552
21312
4395
-14723
-26466
-24950
-10934
8559
23764
27064
16806
-1872
-19612
-27527
-21651
-4929
14263
26309
25175
11429
-8043
-23486
-27162
-17231
1332
19228
27491
21982
5460
-13797
-26142
-25391
-11919
7525
23202
27261
17670
-762
-18794
-27389
-22231
-5898
13437
26098
25751
12583
-6800
-22675
-27077
-17789
549
18760
27734
22986
6906
-12441
-25352
-25350
-12428
6947
23076
27883
18964
790
-17532
-26821
-22424
-6542
12868
26081
26479
13862
-5449
-21780
-26949
-18367
-333
18119
27743
23720
8064
-11382
-24875
-25656
-13333
5919
22457
27995
19758
1874
-16699
-26655
-23007
-7583
11891
25658
26822
14797
-4392
-21136
-27048
-19171
-1456
17216
27483
24194
8988
-10528
-24586
-26155
-14460
4629
21535
27779
20219
2631
-16185
-26815
-23944
-9020
10470
24753
26666
15243
-3800
-20927
-27562
-20385
-2992
15901
26828
24315
9621
-9893
-24451
-26759
-15662
3282
20581
27570
20747
3530
-15455
-26698
-24565
-10126
9386
24196
26884
16104
-2744
-20217
-27562
-21099
-4066
15004
26557
24806
10627
-8875
-23932
-26999
-16540
2205
19845
27544
21443
4601
-14547
-26407
-25038
-11125
8361
23658
27103
16970
-1665
-19465
-27515
-21779
-5133
14084
26246
25259
11618
-7844
-23376
-27197
-17393
1124
19078
27475
22107
5664
-13616
-26075
-25471
-12107
7323
23084
27281
17810
-583
-18684
-27425
-22426
-6193
13143
25895
25674
12591
-6800
-22784
-27354
-18220
42
18282
27364
22737
6719
-12665
-25704
-25866
-13070
6274
22475
27416
18623
500
-17874
-27293
-23039
-7243
12181
25503
26048
13544
-5746
-22157
-27468
-19018
-1041
17458
27211
23332
7764
-11693
-25293
-26221
-14013
5215
21830
27509
19406
1581
-17036
-27118
-23615
-8282
11201
25072
26383
14476
-4683
-21496
-27540
-19787
-2122
16607
27016
23890
8796
-10704
-24842
-26535
-14934
4148
21153
27560
20160
2661
-16172
-26902
-24156
-9308
10203
24603
26677
15386
-3612
-20801
-27569
-20526
-3200
15725
26768
24393
9786
-9741
-24410
-26881
-15924
2964
20310
27414
20706
3535
-15508
-26895
-24933
-10618
8867
23750
26562
15884
-2945
-20502
-27999
-21690
-4742
14348
26011
24401
10320
-9178
-24328
-27540
-17206
1497
19200
27034
21074
4306
-14870
-26846
-25624
-11815
7662
23051
26641
16634
-1957
-19817
-28001
-22407
-5838
13405
25682
24842
11307
-8144
-23765
-27731
-18055
416
18428
26957
21732
5373
-13924
-26488
-26021
-12751
6679
22543
26901
17580
-743
-18876
-27725
-22846
-6670
12710
25597
25548
12598
-6752
-22798
-27490
-18467
-240
18069
27296
22824
6902
-12490
-25633
-25938
-13253
6071
22353
27437
18776
708
-17715
-27262
-23152
-7444
11994
25423
26116
13725
-5542
-22032
-27485
-19168
-1249
17296
27176
23442
7963
-11505
-25209
-26284
-14192
5011
21703
27522
19554
1789
-16872
-27080
-23722
-8480
11010
24985
26443
14653
-4477
-21365
-27549
-19932
-2329
16440
26973
23993
8993
-10512
-24751
-26591
-15109
3942
21018
27565
20302
2868
-16002
-26856
-24255
-9503
10010
24508
26729
15559
-3406
-20664
-27570
-20664
-3406
15559
26729
24508
10010
-9503
-24255
-26856
-16002
2868
20302
27565
21018
3942
-15109
-26591
-24751
-10512
8993
23993
26973
16440
-2329
-19932
-27549
-21365
-4477
14653
26443
24985
11010
-8480
-23722
-27080
-16872
1789
19554
27522
21703
5011
-14192
-26284
-25209
-11505
7963
23442
27176
17296
-1249
-19168
-27485
-22032
-5542
13725
26116
25423
11994
-7444
-23152
-27262
-17715
708
18776
27437
22353
6071
-13253
-25937
-25628
-12479
6921
22854
27338
18126
-167
-18376
-27379
-22666
-6598
12776
25749
25822
12960
-6396
-22547
-27403
-18530
-375
17969
27310
22970
7122
-12293
-25550
-26007
-13434
5873
22242
27476
18957
958
-17498
-27157
-23173
-7533
11939
25496
26359
14106
-5112
-21657
-27226
-19019
-1134
17479
27508
23940
8571
-10888
-24681
-25888
-13899
5287
22063
28029
20199
2497
-16206
-26540
-23328
-8178
11319
25396
27001
15329
-3772
-20732
-27056
-19575
-2037
16773
27429
24595
9690
-9819
-24159
-26145
-14782
4236
21383
28068
20942
3575
-15332
-26308
-23854
-9199
10315
24912
27278
16225
-2710
-20045
-27099
-20343
-3169
15813
27085
24992
10571
-8962
-23833
-26604
-15897
2911
20386
27761
21330
4303
-14802
-26424
-24751
-10631
8853
23932
27045
16626
-2111
-19782
-27539
-21496
-4683
14476
26383
25072
11201
-8282
-23615
-27118
-17036
1581
19406
27509
21830
5215
-14013
-26221
-25293
-11693
7764
23332
27211
17458
-1041
-19018
-27468
-22157
-5746
13544
26048
25503
12181
-7243
-23039
-27293
-17874
500
18623
27416
22475
6274
-13070
-25866
-25704
-12665
6719
22737
27364
18282
42
-18220
-27354
-22784
-6800
12591
25674
25895
13143
-6193
-22426
-27425
-18684
-583
17810
27281
23084
7323
-12107
-25471
-26075
-13616
5664
22107
27475
19078
1124
-17393
-27197
-23376
-7844
11618
25259
26246
14084
-5133
-21779
-27515
-19465
-1665
16970
27103
23658
8361
-11125
-25038
-26407
-14547
4601
21443
27544
19845
2205
-16540
-26999
-23932
-8875
10627
24806
26557
15004
-4066
-21099
-27562
-20217
-2744
16104
26884
24196
9386
-10126
-24565
-26698
-15455
3530
20747
27570
20581
3282
-15662
-26759
-24451
-9893
9621
24315
26828
15901
-2992
-20386
-27567
-20937
-3819
15213
26623
24696
10397
-9111
-24055
-26947
-16340
2454
20018
27553
21285
4354
-14759
-26478
-24932
-10896
8599
23786
27056
16773
-1914
-19642
-27529
-21624
-4883
14309
26341
25188
11433
-8026
-23434
-27064
-17088
1506
19412
27672
22158
5645
-13583
-25881
-25076
-11559
7909
23588
27632
18027
-406
-18424
-26991
-21810
-5468
13851
26475
26080
12868
-6542
-22424
-26821
-17532
791
18969
27893
23095
6977
-12386
-25293
-25278
-12349
7017
23118
27889
18938
750
-17563
-26827
-22400
-6501
12905
26097
26465
13826
-5490
-21805
-26945
-18337
-291
18151
27749
23693
8013
-11438
-24920
-25684
-13354
5887
22391
27880
19596
1678
-16909
-26864
-23211
-7793
11654
25376
26487
14417
-4797
-21540
-27436
-19539
-1816
16848
27094
23784
8570
-10929
-24948
-26466
-14723
4395
21312
27552
19989
2412
-16373
-26956
-24034
-9072
10435
24714
26613
15178
-3860
-20964
-27566
-20358
-2951
15935
26837
24295
9582
-9932
-24470
-26749
-15627
3323
20609
27570
20719
3488
-15490
-26708
-24546
-10087
9425
24216
26875
16070
-2785
-20245
-27563
-21072
-4025
15039
26569
24788
10589
-8915
-23952
-26990
-16507
2246
19874
27545
21417
4559
-14582
-26419
-25020
-11087
8401
23680
27096
16937
-1706
-19495
-27517
-21754
-5092
14120
26259
25243
11580
-7884
-23398
-27190
-17361
1166
19108
27478
22082
5623
-13653
-26089
-25455
-12069
7363
23107
27275
17778
-625
-18715
-27429
-22402
-6152
13180
25909
25658
12554
-6840
-22807
-27348
-18189
83
18313
27369
22713
6679
-12702
-25719
-25851
-13033
6315
22499
27412
18592
458
-17905
-27298
-23016
-7203
12219
25519
26035
13508
-5786
-22182
-27464
-18988
-999
17490
27217
23309
7724
-11731
-25309
-26208
-13977
5256
21856
27506
19377
1540
-17068
-27126
-23594
-8242
11239
25090
26371
14441
-4724
-21522
-27538
-19758
-2080
16640
27024
23869
8757
-10743
-24860
-26522
-14894
4200
21198
27588
20174
2676
-16132
-26820
-24025
-9136
10396
24799
26867
15577
-3404
-20554
-27270
-20175
-2812
16132
27178
24801
10203
-9294
-23915
-26328
-15317
3606
20965
28067
21356
4195
-14817
-26156
-24140
-9781
9729
24616
27420
16739
-2078
-19603
-27057
-20706
-3731
15364
27012
25378
11281
-8217
-23349
-26532
-16173
2539
20229
28036
22048
5265
-13905
-25859
-24607
-10777
8702
24071
27628
17590
-1017
-18877
-27046
-21438
-4870
14350
26584
25693
12115
-7361
-22988
-26950
-17272
1183
19159
27638
22361
5959
-13360
-25929
-25461
-12199
7205
23022
27323
17948
-412
-18560
-27407
-22523
-6355
12996
25837
25734
12739
-6638
-22690
-27374
-18345
-125
18157
27343
22831
6881
-12517
-25643
-25923
-13216
6112
22378
27433
18745
666
-17746
-27269
-23130
-7403
12032
25439
26102
13689
-5583
-22057
-27482
-19138
-1207
17329
27183
23420
7923
-11542
-25226
-26272
-14156
5052
21728
27520
19524
1748
-16904
-27088
-23701
-8440
11049
25003
26431
14618
-4518
-21391
-27547
-19903
-2288
16474
26982
23973
8954
-10551
-24770
-26580
-15074
3984
21045
27564
20274
2827
-16036
-26865
-24236
-9464
10048
24527
26718
15524
-3447
-20692
-27570
-20636
-3365
15593
26739
24489
9971
-9542
-24275
-26847
-15969
2909
20330
27565
20991
3901
-15144
-26602
-24733
-10474
9033
24014
26965
16407
-2371
-19960
-27550
-21338
-4436
14688
26454
24967
10972
-8520
-23743
-27072
-16839
1831
19583
27525
21677
4970
-14227
-26297
-25192
-11467
8003
23464
27169
17264
-1290
-19198
-27488
-22007
-5501
13761
26129
25407
11957
-7484
-23175
-27256
-17683
749
18806
27441
22329
6030
-13289
-25951
-25612
-12442
6961
22877
27332
18095
-208
-18407
-27385
-22647
-6568
12793
25734
25766
12866
-6509
-22662
-27509
-18632
-487
17823
27114
22721
6832
-12605
-25865
-26316
-13744
5541
21867
27044
18470
431
-18044
-27708
-23723
-8093
11349
24860
25669
13369
-5879
-22432
-27998
-19788
-1915
16666
26648
23029
7623
-11853
-25641
-26834
-14834
4347
21100
27031
19171
1455
-17239
-27548
-24307
-9138
10358
24414
25989
14294
-4813
-21759
-28055
-20546
-2995
15807
26443
23586
8670
-10828
-25135
-27077
-15675
3369
20521
27200
20068
2711
-16165
-27092
-24584
-9885
9653
24254
26615
15564
-3352
-20645
-27643
-20831
-3613
15391
26668
24573
10160
-9348
-24176
-26893
-16138
2702
20189
27561
21126
4107
-14969
-26546
-24824
-10666
8836
23911
27007
16574
-2163
-19816
-27542
-21470
-4642
14512
26395
25055
11163
-8321
-23637
-27111
-17003
1623
19436
27512
21805
5174
-14049
-26233
-25276
-11656
7804
23354
27204
17426
-1082
-19048
-27471
-22132
-5705
13580
26062
25487
12144
-7283
-23061
-27287
-17842
541
18653
27420
22451
6233
-13106
-25880
-25689
-12628
6760
22760
27359
18251
0
-18251
-27359
-22760
-6760
12628
25689
25880
13106
-6233
-22451
-27420
-18653
-541
17842
27287
23061
7283
-12144
-25487
-26062
-13580
5705
22132
27471
19048
1082
-17426
-27204
-23354
-7804
11656
25276
26233
14049
-5174
-21805
-27512
-19436
-1623
17003
27111
23637
8321
-11163
-25055
-26395
-14512
4642
21470
27542
19816
2163
-16574
-27007
-23911
-8836
10666
24824
26546
14969
-4107
-21126
-27561
-20189
-2702
16138
26893
24176
9347
-10165
-24584
-26687
-15421
3571
20774
27569
20553
3241
-15696
-26769
-24431
-9854
9660
24334
26818
15867
-3034
-20414
-27567
-20910
-3777
15248
26634
24677
10358
-9151
-24074
-26934
-16295
2514
20076
27597
21316
4386
-14702
-26378
-24782
-10703
8816
24008
27274
16989
-1681
-19372
-27209
-21254
-4479
14723
26743
25568
11796
-7665
-23059
-26667
-16677
1910
19787
27998
22432
5879
-13369
-25669
-24858
-11344
8104
23742
27737
18087
-374
-18397
-26953
-21756
-5409
13899
26493
26066
12831
-6582
-22447
-26816
-17500
833
18999
27898
23071
6936
-12423
-25308
-25264
-12312
7056
23137
27873
18888
679
-17637
-26889
-22450
-6553
12831
25980
26297
13612
-5732
-22055
-27191
-18581
-548
17860
27410
23307
7595
-11865
-25334
-26072
-13719
5531
22026
27499
19203
1292
-17264
-27169
-23464
-8003
11467
25192
26297
14227
-4970
-21677
-27525
-19583
-1831
16839
27072
23743
8520
-10972
-24967
-26454
-14688
4436
21338
27550
19960
2371
-16407
-26965
-24014
-9033
10474
24733
26602
15144
-3901
-20991
-27565
-20330
-2909
15969
26847
24275
9542
-9971
-24489
-26739
-15593
3365
20636
27570
20692
3447
-15524
-26718
-24527
-10048
9464
24236
26865
16036
-2827
-20274
-27564
-21045
-3984
15074
26580
24770
10551
-8954
-23973
-26982
-16474
2288
19903
27547
21391
4518
-14618
-26431
-25003
-11049
8440
23701
27088
16904
-1748
-19524
-27520
-21728
-5052
14156
26272
25226
11542
-7923
-23420
-27183
-17329
1207
19138
27482
22057
5583
-13689
-26102
-25439
-12032
7403
23130
27269
17746
-666
-18745
-27433
-22378
-6112
13216
25923
25643
12517
-6881
-22831
-27343
-18157
125
18345
27374
22690
6638
-12739
-25734
-25837
-12996
6355
22523
27407
18561
416
-17937
-27304
-22993
-7162
12256
25535
26021
13471
-5827
-22206
-27461
-18958
-958
17522
27224
23287
7684
-11769
-25326
-26195
-13941
5297
21881
27503
19347
1498
-17100
-27128
-23562
-8183
11307
25149
26415
14479
-4673
-21437
-27404
-19575
-1861
16874
27258
24099
8992
-10482
-24556
-26166
-14496
4620
21614
27984
20547
3036
-15768
-26440
-23626
-8734
10779
25140
27156
15817
-3195
-20356
-27068
-19970
-2616
16298
27298
24873
10238
-9276
-23893
-26289
-15264
3658
20998
28069
21329
4154
-14852
-26166
-24122
-9742
9768
24636
27411
16705
-2119
-19632
-27059
-20679
-3691
15394
27013
25341
11213
-8299
-23426
-26597
-16231
2469
20126
27883
21844
5022
-14166
-26121
-24864
-11038
8419
23748
27258
17180
-1449
-19304
-27450
-21814
-5227
13996
26218
25314
11732
-7724
-23309
-27217
-17490
999
18988
27464
22182
5786
-13508
-26035
-25519
-12219
7203
23016
27298
17905
-458
-18592
-27412
-22499
-6315
13033
25851
25719
12702
-6679
-22713
-27369
-18313
-83
18189
27348
22807
6840
-12554
-25658
-25909
-13180
6152
22402
27429
18715
625
-17778
-27275
-23107
-7363
12069
25455
26089
13653
-5623
-22082
-27478
-19108
-1166
17361
27190
23398
7884
-11580
-25243
-26259
-14120
5092
21754
27517
19495
1706
-16937
-27096
-23680
-8401
11087
25020
26419
14582
-4559
-21417
-27545
-19874
-2246
16507
26990
23952
8915
-10589
-24788
-26569
-15039
4025
21072
27563
20245
2785
-16070
-26875
-24216
-9425
10087
24546
26708
15490
-3488
-20719
-27570
-20609
-3323
15627
26749
24470
9932
-9582
-24295
-26837
-15935
2951
20358
27566
20964
3860
-15178
-26613
-24714
-10435
9072
24034
26956
16373
-2412
-19989
-27552
-21312
-4395
14723
26466
24950
10934
-8559
-23764
-27064
-16806
1872
19612
27527
21651
4929
-14263
-26309
-25175
-11429
8043
23486
27162
17231
-1332
-19228
-27491
-21982
-5460
13797
26142
25391
11919
-7525
-23202
-27261
-17670
762
18794
27389
22231
5898
-13437
-26098
-25751
-12583
6800
22675
27077
17789
-549
-18760
-27734
-22986
-6906
12441
25352
25350
12428
-6947
-23076
-27883
-18964
-790
17532
26821
22424
6542
-12868
-26081
-26479
-13862
5449
21780
26949
18367
333
-18119
-27743
-23720
-8064
11382
24875
25656
13333
-5919
-22457
-27995
-19758
-1874
16699
26655
23007
7583
-11891
-25658
-26822
-14797
4392
21136
27048
19171
1456
-17216
-27483
-24194
-8988
10528
24586
26155
14460
-4629
-21535
-27779
-20219
-2631
16185
26815
23944
9020
-10470
-24753
-26666
-15243
3800
20927
27562
20385
2992
-15901
-26828
-24315
-9621
9893
24451
26759
15662
-3282
-20581
-27570
-20747
-3530
15455
26698
24565
10126
-9386
-24196
-26884
-16104
2744
20217
27562
21099
4066
-15004
-26557
-24806
-10627
8875
23932
26999
16540
-2205
-19845
-27544
-21443
-4601
14547
26407
25038
11125
-8361
-23658
-27103
-16970
1665
19465
27515
21779
5133
-14084
-26246
-25259
-11618
7844
23376
27197
17393
-1124
-19078
-27475
-22107
-5664
13616
26075
25471
12107
-7323
-23084
-27281
-17810
583
18684
27425
22426
6193
-13143
-25895
-25674
-12591
6800
22784
27354
18220
-42
-18282
-27364
-22737
-6719
12665
25704
25866
13070
-6274
-22475
-27416
-18623
-500
17874
27293
23039
7243
-12181
-25503
-26048
-13544
5746
22157
27468
19018
1041
-17458
-27211
-23332
-7764
11693
25293
26221
14013
-5215
-21830
-27509
-19406
-1581
17036
27118
23615
8282
-11201
-25072
-26383
-14476
4683
21496
27540
19787
2122
-16607
-27016
-23890
-8796
10704
24842
26535
14934
-4148
-21153
-27560
-20160
-2661
16172
26902
24156
9308
-10203
-24603
-26677
-15386
3612
20801
27569
20526
3198
-15735
-26790
-24431
-9845
9656
24297
26735
15741
-3186
-20574
-27722
-21060
-3937
15057
26395
24384
10021
-9513
-24441
-27297
-16661
2128
19648
27113
20775
3801
-15310
-26990
-25391
-11318
8178
23328
26540
16206
-2497
-20200
-28034
-22074
-5306
13870
25846
24624
10815
-8662
-24051
-27641
-17634
957
18817
27001
21407
4838
-14405
-26682
-25842
-12307
7144
22765
26731
17055
-1416
-19428
-27957
-22730
-6363
12946
25526
25080
11836
-7565
-23397
-27719
-18357
7
18185
27080
22248
6121
-13210
-26048
-25950
-12953
6444
22534
27268
18284
93
-18183
-27380
-22883
-6940
12469
25623
25936
13253
-6071
-22353
-27437
-18776
-708
17715
27262
23152
7444
-11994
-25423
-26116
-13725
5542
22032
27485
19168
1249
-17296
-27176
-23442
-7963
11505
25209
26284
14192
-5011
-21703
-27522
-19554
-1789
16872
27080
23722
8480
-11010
-24985
-26443
-14653
4477
21365
27549
19932
2329
-16440
-26973
-23993
-8993
10512
24751
26591
15109
-3942
-21018
-27565
-20302
-2868
16002
26856
24255
9503
-10010
-24508
-26729
-15559
3406
20664
27570
20664
3406
-15559
-26729
-24508
-10010
9503
24255
26856
16002
-2868
-20302
-27565
-21018
-3942
15109
26591
24751
10512
-8993
-23993
-26973
-16440
2329
19932
27549
21365
4477
-14653
-26443
-24985
-11010
8480
23722
27080
16872
-1789
-19554
-27522
-21703
-5011
14192
26284
25209
11505
-7963
-23442
-27176
-17296
1249
19168
27485
22032
5542
-13725
-26116
-25423
-11994
7444
23152
27262
17715
-708
-18776
-27437
-22353
-6071
13253
25937
25628
12479
-6921
-22854
-27338
-18126
167
18376
27379
22666
6598
-12776
-25749
-25822
-12960
6396
22547
27403
18530
375
-17969
-27310
-22970
-7122
12293
25550
26007
13436
-5863
-22220
-27438
-18898
-874
17611
27304
23356
7755
-11674
-25188
-26004
-13704
5563
22157
27775
19616
1779
-16788
-26773
-23162
-7754
11742
25567
26804
14840
-4325
-21084
-27038
-19201
-1497
17206
27540
24328
9178
-10319
-24396
-26001
-14329
4772
21732
28056
20575
3037
-15773
-26429
-23595
-8690
10819
25159
27145
15782
-3236
-20383
-27068
-19942
-2575
16332
27308
24854
10199
-9315
-23912
-26280
-15235
3688
21007
28040
21259
4056
-14959
-26268
-24214
-9836
9653
24478
27201
16446
-2411
-19935
-27359
-20975
-3994
15066
26646
24934
10777
-8740
-23848
-26986
-16588
2132
19792
27541
21496
4683
-14476
-26383
-25072
-11201
8282
23615
27118
17036
-1581
-19406
-27509
-21830
-5215
14013
26221
25293
11693
-7764
-23332
-27211
-17458
1041
19018
27468
22157
5746
-13544
-26048
-25503
-12181
7243
23039
27293
17874
-500
-18623
-27416
-22475
-6274
13070
25866
25704
12665
-6719
-22737
-27364
-18282
-42
18220
27354
22784
6800
-12591
-25674
-25895
-13143
6193
22426
27425
18684
583
-17810
-27281
-23084
-7323
12107
25471
26075
13616
-5664
-22107
-27475
-19078
-1124
17393
27197
23376
7844
-11618
-25259
-26246
-14084
5133
21779
27515
19465
1665
-16970
-27103
-23658
-8361
11125
25038
26407
14547
-4601
-21443
-27544
-19845
-2205
16540
26999
23932
8875
-10627
-24806
-26557
-15004
4066
21099
27562
20217
2744
-16104
-26884
-24196
-9386
10126
24565
26698
15455
-3530
-20747
-27570
-20581
-3282
15662
26759
24451
9893
-9621
-24315
-26828
-15901
2992
20386
27567
20937
3819
-15213
-26623
-24696
-10397
9111
24055
26947
16340
-2454
-20018
-27553
-21285
-4354
14759
26478
24932
10896
-8599
-23786
-27056
-16773
1914
19642
27529
21624
4883
-14309
-26341
-25188
-11433
8026
23434
27064
17088
-1506
-19412
-27672
-22158
-5645
13583
25881
25076
11559
-7909
-23588
-27632
-18027
406
18424
26991
21810
5468
-13851
-26475
-26080
-12868
6542
22424
26821
17532
-791
-18969
-27893
-23095
-6977
12386
25293
25278
12349
-7017
-23118
-27889
-18938
-750
17563
26827
22400
6501
-12905
-26097
-26465
-13826
5490
21805
26945
18337
291
-18151
-27749
-23693
-8013
11438
24920
25684
13354
-5887
-22391
-27880
-19596
-1678
16909
26864
23211
7793
-11654
-25376
-26487
-14417
4797
21540
27436
19539
1816
-16848
-27094
-23784
-8570
10929
24948
26466
14723
-4395
-21312
-27552
-19989
-2412
16373
26956
24034
9072
-10435
-24714
-26613
-15178
3860
20964
27566
20358
2951
-15935
-26837
-24295
-9582
9932
24470
26749
15627
-3323
-20609
-27570
-20719
-3488
15490
26708
24546
10087
-9425
-24216
-26875
-16070
2785
20245
27563
21072
4025
-15039
-26569
-24788
-10589
8915
23952
26990
16507
-2246
-19874
-27545
-21417
-4559
14582
26419
25020
11087
-8401
-23680
-27096
-16937
1706
19495
27517
21754
5092
-14120
-26259
-25243
-11580
7884
23398
27190
17361
-1166
-19108
-27478
-22082
-5623
13653
26089
25455
12069
-7363
-23107
-27275
-17778
625
18715
27429
22402
6152
-13180
-25909
-25658
-12554
6840
22807
27348
18189
-83
-18313
-27369
-22713
-6679
12702
25719
25851
13033
-6315
-22499
-27412
-18592
-458
17905
27298
23016
7203
-12219
-25519
-26035
-13508
5786
22182
27464
18988
999
-17490
-27217
-23309
-7724
11731
25309
26208
13977
-5256
-21856
-27506
-19377
-1540
17068
27126
23594
8242
-11239
-25090
-26371
-14441
4724
21522
27538
19758
2080
-16640
-27024
-23869
-8757
10743
24860
26525
14904
-4179
-21160
-27529
-20090
-2563
16278
27003
24247
9401
-10088
-24444
-26465
-15126
3904
21103
27868
20820
3503
-15396
-26400
-23984
-9350
10181
24831
27269
16279
-2627
-19975
-27070
-20356
-3195
15817
27156
25140
10781
-8729
-23616
-26420
-15739
3078
20603
28057
21706
4731
-14364
-26012
-24378
-10281
9217
24349
27532
17173
-1539
-19229
-27036
-21048
-4265
14905
26859
25607
11777
-7702
-23074
-26638
-16612
1979
19818
27961
22324
5724
-13532
-25806
-24958
-11423
8006
23586
27499
17772
-732
-18757
-27283
-22052
-5695
13582
26112
25608
12313
-7120
-22963
-27285
-17926
421
18562
27407
22523
6355
-12996
-25837
-25734
-12739
6638
22690
27374
18345
125
-18157
-27343
-22831
-6881
12517
25643
25923
13216
-6112
-22378
-27433
-18745
-666
17746
27269
23130
7403
-12032
-25439
-26102
-13689
5583
22057
27482
19138
1207
-17329
-27183
-23420
-7923
11542
25226
26272
14156
-5052
-21728
-27520
-19524
-1748
16904
27088
23701
8440
-11049
-25003
-26431
-14618
4518
21391
27547
19903
2288
-16474
-26982
-23973
-8954
10551
24770
26580
15074
-3984
-21045
-27564
-20274
-2827
16036
26865
24236
9464
-10048
-24527
-26718
-15524
3447
20692
27570
20636
3365
-15593
-26739
-24489
-9971
9542
24275
26847
15969
-2909
-20330
-27565
-20991
-3901
15144
26602
24733
10474
-9033
-24014
-26965
-16407
2371
19960
27550
21338
4436
-14688
-26454
-24967
-10972
8520
23743
27072
16839
-1831
-19583
-27525
-21677
-4970
14227
26297
25192
11467
-8003
-23464
-27169
-17264
1290
19198
27488
22007
5501
-13761
-26129
-25407
-11957
7484
23175
27256
17683
-749
-18806
-27441
-22329
-6030
13289
25951
25612
12442
-6961
-22877
-27332
-18095
208
18407
27385
22647
6568
-12793
-25734
-25766
-12866
6509
22662
27509
18632
487
-17823
-27114
-22721
-6832
12605
25865
26316
13744
-5541
-21867
-27044
-18470
-431
18044
27708
23723
8093
-11349
-24860
-25669
-13369
5879
22432
27998
19788
1915
-16666
-26648
-23029
-7623
11853
25641
26834
14834
-4347
-21100
-27031
-19171
-1455
17239
27548
24307
9138
-10358
-24414
-25989
-14294
4813
21759
28055
20546
2995
-15807
-26443
-23586
-8670
10828
25135
27077
15675
-3369
-20521
-27200
-20068
-2711
16165
27092
24584
9885
-9653
-24254
-26615
-15564
3352
20645
27643
20831
3613
-15391
-26668
-24573
-10160
9348
24176
26893
16138
-2702
-20189
-27561
-21126
-4107
14969
26546
24824
10666
-8836
-23911
-27007
-16574
2163
19816
27542
21470
4642
-14512
-26395
-25055
-11163
8321
23637
27111
17003
-1623
-19436
-27512
-21805
-5174
14049
26233
25276
11656
-7804
-23354
-27204
-17426
1082
19048
27471
22132
5705
-13580
-26062
-25487
-12144
7283
23061
27287
17842
-541
-18653
-27420
-22451
-6233
13106
25880
25689
12628
-6760
-22760
-27359
-18251
