0
18251
27359
22760
6760
-12628
-25689
-25880
-13106
6233
22451
27420
18653
541
-17842
-27287
-23061
-7283
12144
25487
26062
13580
-5705
-22132
-27471
-19048
-1082
17426
27204
23354
7804
-11656
-25276
-26233
-14049
5174
21805
27512
19436
1623
-17003
-27111
-23637
-8321
11163
25055
26395
14512
-4642
-21470
-27542
-19816
-2163
16574
27007
23911
8836
-10666
-24824
-26546
-14969
4107
21126
27561
20189
2702
-16138
-26893
-24176
-9347
10165
24584
26687
15421
-3571
-20774
-27569
-20553
-3241
15696
26769
24431
9854
-9660
-24334
-26818
-15867
3034
20414
27567
20910
3777
-15248
-26634
-24677
-10358
9151
24094
27012
16460
-2245
-19701
-27128
-20778
-3813
15294
26989
25414
11358
-8138
-23307
-26548
-16239
2436
20098
27877
21850
5001
-14261
-26315
-25141
-11353
8123
23529
27148
17166
-1415
-19288
-27498
-21932
-5379
13869
26169
25358
11844
-7604
-23242
-27237
-17587
874
18897
27453
22256
5909
-13399
-25993
-25566
-12331
7082
22947
27316
18000
-333
-18499
-27398
-22571
-6436
12923
25808
25764
12812
-6557
-22642
-27384
-18407
-208
18095
27332
22877
6961
-12442
-25612
-25951
-13289
6030
22329
27441
18806
749
-17683
-27256
-23175
-7484
11957
25407
26129
13761
-5501
-22007
-27488
-19198
-1290
17264
27169
23464
8003
-11467
-25192
-26297
-14227
4970
21677
27525
19583
1831
-16839
-27072
-23743
-8520
10972
24967
26454
14688
-4436
-21338
-27550
-19960
-2371
16407
26965
24014
9033
-10474
-24733
-26602
-15144
3901
20991
27565
20330
2909
-15969
-26847
-24275
-9542
9971
24489
26739
15593
-3365
-20636
-27570
-20692
-3447
15524
26718
24527
10048
-9464
-24236
-26865
-16036
2827
20274
27564
21045
3984
-15074
-26580
-24770
-10551
8954
23973
26982
16474
-2288
-19903
-27547
-21391
-4518
14618
26431
25003
11049
-8440
-23701
-27088
-16904
1748
19524
27520
21728
5052
-14156
-26272
-25226
-11542
7923
23420
27183
17329
-1207
-19138
-27482
-22057
-5583
13689
26102
25439
12032
-7403
-23130
-27269
-17746
666
18745
27433
22378
6112
-13216
-25923
-25643
-12517
6881
22831
27343
18157
-125
-18345
-27374
-22690
-6638
12739
25734
25837
12996
-6355
-22523
-27407
-18561
-416
17937
27304
22993
7162
-12256
-25535
-26021
-13471
5827
22206
27461
18958
958
-17522
-27224
-23287
-7684
11769
25326
26195
13941
-5297
-21881
-27503
-19347
-1498
17101
27133
23572
8202
-11277
-25107
-26359
-14405
4765
21548
27536
19729
2039
-16673
-27032
-23849
-8717
10781
24878
26512
14864
-4231
-21206
-27557
-20103
-2578
16239
26920
24116
9229
-10281
-24640
-26656
-15317
3695
20856
27568
20470
3116
-15798
-26798
-24373
-9738
9776
24393
26789
15764
-3158
-20498
-27569
-20829
-3654
15352
26666
24622
10242
-9268
-24136
-26911
-16205
2619
20132
27559
21179
4189
-14899
-26524
-24860
-10743
8757
23869
27024
16640
-2080
-19758
-27538
-21522
-4724
14441
26371
25090
11239
-8242
-23594
-27126
-17068
1540
19377
27506
21856
5256
-13977
-26208
-25309
-11731
7724
23309
27217
17490
-999
-18988
-27464
-22182
-5786
13508
26035
25519
12219
-7203
-23016
-27298
-17905
458
18592
27412
22499
6315
-13033
-25851
-25719
-12702
6679
22713
27369
18313
83
-18189
-27348
-22807
-6840
12554
25658
25909
13180
-6152
-22402
-27429
-18715
-625
17778
27275
23107
7363
-12069
-25455
-26089
-13653
5623
22082
27478
19108
1166
-17361
-27190
-23398
-7884
11580
25243
26259
14120
-5092
-21754
-27517
-19495
-1706
16937
27096
23680
8401
-11087
-25020
-26419
-14582
4559
21417
27545
19874
2246
-16507
-26990
-23952
-8915
10589
24788
26569
15039
-4025
-21072
-27563
-20245
-2785
16070
26875
24216
9425
-10087
-24546
-26708
-15490
3488
20719
27570
20609
3323
-15627
-26749
-24470
-9932
9582
24295
26837
15935
-2951
-20358
-27566
-20964
-3860
15178
26613
24714
10435
-9072
-24034
-26956
-16373
2412
19989
27552
21312
4395
-14723
-26466
-24950
-10934
8559
23764
27064
16806
-1872
-19612
-27527
-21651
-4929
14263
26309
25175
11429
-8043
-23486
-27162
-17231
1332
19228
27491
21982
5460
-13797
-26142
-25391
-11919
7505
23124
27095
17401
-1137
-19263
-27926
-22805
-6490
12826
25465
25097
11905
-7501
-23400
-27827
-18544
-177
18092
27139
22464
6444
-12868
-25778
-25793
-12886
6477
22595
27393
18469
291
-18032
-27321
-22924
-7042
12368
25581
25979
13362
-5949
-22280
-27449
-18867
-833
17619
27243
23220
7564
-11882
-25375
-26156
-13833
5419
21957
27495
19258
1374
-17199
-27155
-23507
-8083
11391
25158
26322
14299
-4888
-21625
-27529
-19642
-1914
16773
27056
23786
8599
-10896
-24932
-26478
-14759
4354
21285
27553
20018
2454
-16340
-26947
-24055
-9111
10397
24696
26623
15213
-3819
-20937
-27567
-20386
-2992
15901
26828
24315
9621
-9893
-24451
-26759
-15662
3282
20581
27570
20747
3530
-15455
-26698
-24565
-10126
9386
24196
26884
16104
-2744
-20217
-27562
-21099
-4066
15004
26557
24806
10627
-8875
-23932
-26999
-16540
2205
19845
27544
21443
4601
-14547
-26407
-25038
-11125
8361
23658
27103
16970
-1665
-19465
-27515
-21779
-5133
14084
26246
25259
11618
-7844
-23376
-27197
-17393
1124
19078
27475
22107
5664
-13616
-26075
-25471
-12107
7323
23084
27281
17810
-583
-18684
-27425
-22426
-6193
13143
25895
25674
12591
-6800
-22784
-27354
-18220
42
18282
27364
22737
6719
-12665
-25704
-25866
-13070
6274
22475
27416
18623
500
-17874
-27293
-23039
-7243
12181
25503
26048
13544
-5746
-22157
-27468
-19018
-1041
17458
27211
23332
7764
-11693
-25293
-26221
-14013
5215
21830
27509
19406
1581
-17036
-27118
-23615
-8282
11201
25072
26383
14476
-4683
-21496
-27540
-19787
-2122
16607
27016
23890
8796
-10704
-24842
-26535
-14934
4148
21153
27560
20160
2661
-16172
-26902
-24156
-9308
10203
24603
26677
15386
-3612
-20801
-27569
-20526
-3199
15730
26779
24412
9815
-9699
-24354
-26808
-15832
3075
20442
27568
20883
3736
-15282
-26645
-24659
-10319
9190
24095
26929
16273
-2537
-20075
-27556
-21232
-4272
14829
26501
24896
10819
-8678
-23828
-27040
-16706
1997
19700
27534
21574
4806
-14370
-26346
-25124
-11315
8162
23551
27141
17134
-1457
-19317
-27501
-21907
-5338
13905
26182
25342
11807
-7644
-23265
-27231
-17555
916
18928
27457
22231
5868
-13435
-26007
-25550
-12293
7122
22970
27310
17969
-375
-18530
-27403
-22547
-6396
12960
25822
25749
12776
-6598
-22666
-27379
-18376
-167
18126
27338
22854
6921
-12479
-25628
-25937
-13253
6071
22353
27437
18776
708
-17715
-27262
-23152
-7444
11994
25423
26116
13725
-5542
-22032
-27485
-19168
-1249
17296
27176
23442
7963
-11505
-25209
-26284
-14192
5011
21703
27522
19554
1789
-16872
-27080
-23722
-8480
11010
24985
26443
14653
-4477
-21365
-27549
-19932
-2329
16440
26973
23993
8993
-10512
-24751
-26591
-15109
3942
21018
27565
20302
2868
-16002
-26856
-24255
-9503
10010
24508
26729
15559
-3406
-20664
-27570
-20664
-3406
15559
26729
24508
10010
-9503
-24255
-26856
-16002
2868
20302
27565
21018
3942
-15109
-26591
-24751
-10512
8993
23993
26973
16440
-2329
-19932
-27549
-21365
-4477
14653
26443
24985
11010
-8480
-23722
-27080
-16872
1789
19554
27522
21703
5011
-14192
-26284
-25209
-11505
7963
23442
27176
17296
-1249
-19168
-27485
-22032
-5542
13725
26116
25423
11994
-7444
-23152
-27262
-17715
708
18776
27437
22353
6071
-13253
-25937
-25628
-12479
6921
22854
27338
18126
-167
-18376
-27379
-22666
-6598
12776
25749
25822
12960
-6396
-22547
-27403
-18530
-375
17969
27310
22970
7122
-12293
-25550
-26007
-13416
5941
22385
27707
19273
1343
-17074
-26731
-22765
-7144
12307
25842
26682
14405
-4838
-21407
-27020
-18891
-1111
17384
27295
23624
8181
-11315
-25124
-26346
-14370
4806
21574
27534
19700
1997
-16706
-27040
-23828
-8678
10819
24896
26501
14829
-4272
-21232
-27556
-20075
-2537
16273
26929
24095
9190
-10319
-24659
-26645
-15282
3736
20883
27568
20442
3075
-15832
-26808
-24354
-9699
9815
24412
26779
15730
-3199
-20526
-27569
-20801
-3612
15386
26677
24603
10203
-9308
-24156
-26902
-16172
2661
20160
27560
21153
4148
-14934
-26535
-24842
-10704
8796
23890
27016
16607
-2122
-19787
-27540
-21496
-4683
14476
26383
25072
11201
-8282
-23615
-27118
-17036
1581
19406
27509
21830
5215
-14013
-26221
-25293
-11693
7764
23332
27211
17458
-1041
-19018
-27468
-22157
-5746
13544
26048
25503
12181
-7243
-23039
-27293
-17874
500
18623
27416
22475
6274
-13070
-25866
-25704
-12665
6719
22737
27364
18282
42
-18220
-27354
-22784
-6800
12591
25674
25895
13143
-6193
-22426
-27425
-18684
-583
17810
27281
23084
7323
-12107
-25471
-26075
-13616
5664
22107
27475
19078
1124
-17393
-27197
-23376
-7844
11618
25259
26246
14084
-5133
-21779
-27515
-19465
-1665
16970
27103
23658
8361
-11125
-25038
-26407
-14547
4601
21443
27544
19845
2205
-16540
-26999
-23932
-8875
10627
24806
26557
15004
-4066
-21099
-27562
-20217
-2744
16104
26884
24196
9386
-10126
-24565
-26698
-15455
3530
20747
27570
20581
3282
-15662
-26759
-24451
-9893
9621
24315
26828
15901
-2992
-20386
-27567
-20937
-3819
15213
26623
24696
10397
-9111
-24055
-26947
-16340
2454
20018
27553
21285
4354
-14759
-26478
-24932
-10896
8599
23786
27056
16773
-1914
-19642
-27529
-21625
-4888
14299
26322
25158
11391
-8083
-23507
-27155
-17199
1374
19258
27495
21957
5419
-13833
-26156
-25375
-11882
7564
23220
27243
17619
-833
-18867
-27449
-22280
-5949
13362
25979
25581
12368
-7042
-22924
-27321
-18032
291
18469
27393
22595
6477
-12886
-25793
-25778
-12849
6517
22618
27389
18438
250
-18063
-27327
-22900
-7001
12405
25597
25965
13326
-5990
-22305
-27445
-18837
-791
17651
27250
23197
7524
-11919
-25391
-26142
-13797
5460
21982
27491
19228
1332
-17231
-27162
-23486
-8043
11429
25175
26309
14263
-4929
-21651
-27527
-19612
-1872
16806
27064
23764
8559
-10934
-24950
-26466
-14723
4395
21312
27552
19989
2412
-16373
-26956
-24034
-9072
10435
24714
26613
15178
-3860
-20964
-27566
-20358
-2951
15935
26837
24295
9582
-9932
-24470
-26749
-15627
3323
20609
27570
20719
3488
-15490
-26708
-24546
-10087
9425
24216
26875
16070
-2785
-20245
-27563
-21072
-4025
15039
26569
24788
10589
-8915
-23952
-26990
-16507
2246
19874
27545
21417
4559
-14582
-26419
-25020
-11087
8401
23680
27096
16937
-1706
-19495
-27517
-21754
-5092
14120
26259
25243
11580
-7884
-23398
-27190
-17361
1166
19108
27478
22082
5623
-13653
-26089
-25455
-12069
7363
23107
27275
17778
-625
-18715
-27429
-22402
-6152
13180
25909
25658
12554
-6840
-22807
-27348
-18189
83
18313
27369
22713
6679
-12702
-25719
-25851
-13033
6315
22499
27412
18592
458
-17905
-27298
-23016
-7203
12219
25519
26035
13508
-5786
-22182
-27464
-18988
-999
17490
27217
23309
7724
-11731
-25309
-26208
-13977
5256
21856
27506
19377
1540
-17068
-27126
-23594
-8242
11239
25090
26371
14441
-4724
-21522
-27538
-19758
-2080
16640
27024
23869
8757
-10743
-24860
-26543
-14972
4035
20929
27213
19705
2138
-16705
-27411
-24636
-9768
9742
24122
26166
14852
-4154
-21310
-27996
-20843
-3408
15610
26715
24374
9776
-9738
-24373
-26798
-15798
3116
20470
27568
20856
3695
-15317
-26656
-24640
-10281
9229
24116
26920
16239
-2578
-20103
-27557
-21206
-4231
14864
26512
24878
10781
-8717
-23849
-27032
-16673
2039
19729
27536
21548
4765
-14405
-26359
-25107
-11277
8202
23572
27133
17101
-1498
-19347
-27503
-21881
-5297
13941
26195
25326
11769
-7684
-23287
-27224
-17522
958
18958
27461
22206
5827
-13471
-26021
-25535
-12256
7162
22993
27304
17937
-416
-18561
-27407
-22523
-6355
12996
25837
25734
12739
-6638
-22690
-27374
-18345
-125
18157
27343
22831
6881
-12517
-25643
-25923
-13216
6112
22378
27433
18745
666
-17746
-27269
-23130
-7403
12032
25439
26102
13689
-5583
-22057
-27482
-19138
-1207
17329
27183
23420
7923
-11542
-25226
-26272
-14156
5052
21728
27520
19524
1748
-16904
-27088
-23701
-8440
11049
25003
26431
14618
-4518
-21391
-27547
-19903
-2288
16474
26982
23973
8954
-10551
-24770
-26580
-15074
3984
21045
27564
20274
2827
-16036
-26865
-24236
-9464
10048
24527
26718
15524
-3447
-20692
-27570
-20636
-3365
15593
26739
24489
9971
-9542
-24275
-26847
-15969
2909
20330
27565
20991
3901
-15144
-26602
-24733
-10474
9033
24014
26965
16407
-2371
-19960
-27550
-21338
-4436
14688
26454
24967
10972
-8520
-23743
-27072
-16839
1831
19583
27525
21677
4970
-14227
-26297
-25192
-11467
8003
23464
27169
17264
-1290
-19198
-27488
-22007
-5501
13761
26129
25407
11957
-7484
-23175
-27256
-17683
749
18806
27441
22329
6030
-13289
-25951
-25612
-12442
6961
22877
27332
18095
-208
-18407
-27384
-22642
-6557
12812
25764
25808
12923
-6436
-22571
-27398
-18499
-333
18000
27316
22947
7082
-12331
-25566
-25993
-13399
5909
22256
27453
18897
874
-17587
-27237
-23242
-7604
11844
25358
26169
13869
-5379
-21932
-27498
-19288
-1415
17166
27148
23529
8123
-11353
-25141
-26334
-14334
4847
21600
27531
19671
1955
-16739
-27048
-23807
-8638
10858
24914
26489
14794
-4313
-21259
-27555
-20046
-2495
16306
26938
24075
9151
-10358
-24677
-26634
-15248
3777
20910
27567
20414
3034
-15867
-26818
-24334
-9660
9854
24431
26769
15696
-3241
-20553
-27569
-20774
-3571
15421
26687
24584
10165
-9347
-24176
-26893
-16138
2702
20189
27561
21126
4107
-14969
-26546
-24824
-10666
8836
23911
27007
16574
-2163
-19816
-27542
-21470
-4642
14512
26395
25055
11163
-8321
-23637
-27111
-17003
1623
19436
27512
21805
5174
-14049
-26233
-25276
-11656
7804
23354
27204
17426
-1082
-19048
-27471
-22132
-5705
13580
26062
25487
12144
-7283
-23061
-27287
-17842
541
18653
27420
22451
6233
-13106
-25880
-25689
-12628
6760
22760
27359
18251
0
-18251
-27359
-22760
-6760
12628
25689
25880
13106
-6233
-22451
-27420
-18653
-541
17842
27287
23061
7283
-12144
-25487
-26062
-13580
5705
22132
27471
19048
1082
-17426
-27204
-23354
-7804
11656
25276
26233
14049
-5174
-21805
-27512
-19436
-1623
17003
27111
23637
8321
-11163
-25055
-26395
-14512
4642
21470
27542
19816
2163
-16574
-27007
-23911
-8836
10666
24824
26546
14969
-4107
-21126
-27561
-20189
-2702
16138
26893
24176
9347
-10165
-24584
-26687
-15421
3571
20774
27569
20553
3241
-15696
-26769
-24431
-9854
9660
24334
26818
15867
-3034
-20414
-27567
-20910
-3777
15248
26634
24677
10358
-9151
-24094
-27012
-16460
2245
19701
27128
20778
3813
-15294
-26989
-25414
-11358
8138
23307
26548
16239
-2436
-20098
-27877
-21850
-5001
14261
26315
25141
11353
-8123
-23529
-27148
-17166
1415
19288
27498
21932
5379
-13869
-26169
-25358
-11844
7604
23242
27237
17587
-874
-18897
-27453
-22256
-5909
13399
25993
25566
12331
-7082
-22947
-27316
-18000
333
18499
27398
22571
6436
-12923
-25808
-25764
-12812
6557
22642
27384
18407
208
-18095
-27332
-22877
-6961
12442
25612
25951
13289
-6030
-22329
-27441
-18806
-749
17683
27256
23175
7484
-11957
-25407
-26129
-13761
5501
22007
27488
19198
1290
-17264
-27169
-23464
-8003
11467
25192
26297
14227
-4970
-21677
-27525
-19583
-1831
16839
27072
23743
8520
-10972
-24967
-26454
-14688
4436
21338
27550
19960
2371
-16407
-26965
-24014
-9033
10474
24733
26602
15144
-3901
-20991
-27565
-20330
-2909
15969
26847
24275
9542
-9971
-24489
-26739
-15593
3365
20636
27570
20692
3447
-15524
-26718
-24527
-10048
9464
24236
26865
16036
-2827
-20274
-27564
-21045
-3984
15074
26580
24770
10551
-8954
-23973
-26982
-16474
2288
19903
27547
21391
4518
-14618
-26431
-25003
-11049
8440
23701
27088
16904
-1748
-19524
-27520
-21728
-5052
14156
26272
25226
11542
-7923
-23420
-27183
-17329
1207
19138
27482
22057
5583
-13689
-26102
-25439
-12032
7403
23130
27269
17746
-666
-18745
-27433
-22378
-6112
13216
25923
25643
12517
-6881
-22831
-27343
-18157
125
18345
27374
22690
6638
-12739
-25734
-25837
-12996
6355
22523
27407
18561
416
-17937
-27304
-22993
-7162
12256
25535
26021
13471
-5827
-22206
-27461
-18958
-958
17522
27224
23287
7684
-11769
-25326
-26195
-13941
5297
21881
27503
19347
1498
-17101
-27133
-23572
-8202
11277
25107
26359
14405
-4765
-21548
-27536
-19729
-2039
16673
27032
23849
8717
-10781
-24878
-26512
-14864
4231
21206
27557
20103
2578
-16239
-26920
-24116
-9229
10281
24640
26656
15317
-3695
-20856
-27568
-20470
-3116
15798
26798
24373
9738
-9776
-24393
-26789
-15764
3158
20498
27569
20829
3654
-15352
-26666
-24622
-10242
9268
24136
26911
16205
-2619
-20132
-27559
-21179
-4189
14899
26524
24860
10743
-8757
-23869
-27024
-16640
2080
19758
27538
21522
4724
-14441
-26371
-25090
-11239
8242
23594
27126
17068
-1540
-19377
-27506
-21856
-5256
13977
26208
25309
11731
-7724
-23309
-27217
-17490
999
18988
27464
22182
5786
-13508
-26035
-25519
-12219
7203
23016
27298
17905
-458
-18592
-27412
-22499
-6315
13033
25851
25719
12702
-6679
-22713
-27369
-18313
-83
18189
27348
22807
6840
-12554
-25658
-25909
-13180
6152
22402
27429
18715
625
-17778
-27275
-23107
-7363
12069
25455
26089
13653
-5623
-22082
-27478
-19108
-1166
17361
27190
23398
7884
-11580
-25243
-26259
-14120
5092
21754
27517
19495
1706
-16937
-27096
-23680
-8401
11087
25020
26419
14582
-4559
-21417
-27545
-19874
-2246
16507
26990
23952
8915
-10589
-24788
-26569
-15039
4025
21072
27563
20245
2785
-16070
-26875
-24216
-9425
10087
24546
26708
15490
-3488
-20719
-27570
-20609
-3323
15627
26749
24470
9932
-9582
-24295
-26837
-15935
2951
20358
27566
20964
3860
-15178
-26613
-24714
-10435
9072
24034
26956
16373
-2412
-19989
-27552
-21312
-4395
14723
26466
24950
10934
-8559
-23764
-27064
-16806
1872
19612
27527
21651
4929
-14263
-26309
-25175
-11429
8043
23486
27162
17231
-1332
-19228
-27491
-21982
-5460
13797
26142
25391
11919
-7543
-23271
-27404
-17901
445
18410
26964
21805
5490
-13826
-26465
-26097
-12905
6501
22400
26827
17582
-677
-18783
-27639
-22773
-6590
12830
25778
25793
12886
-6477
-22595
-27393
-18469
-291
18032
27321
22924
7042
-12368
-25581
-25979
-13362
5949
22280
27449
18867
833
-17619
-27243
-23220
-7564
11882
25375
26156
13833
-5419
-21957
-27495
-19258
-1374
17199
27155
23507
8083
-11391
-25158
-26322
-14299
4888
21625
27529
19642
1914
-16773
-27056
-23786
-8599
10896
24932
26478
14759
-4354
-21285
-27553
-20018
-2454
16340
26947
24055
9111
-10397
-24696
-26623
-15213
3819
20937
27567
20386
2992
-15901
-26828
-24315
-9621
9893
24451
26759
15662
-3282
-20581
-27570
-20747
-3530
15455
26698
24565
10126
-9386
-24196
-26884
-16104
2744
20217
27562
21099
4066
-15004
-26557
-24806
-10627
8875
23932
26999
16540
-2205
-19845
-27544
-21443
-4601
14547
26407
25038
11125
-8361
-23658
-27103
-16970
1665
19465
27515
21779
5133
-14084
-26246
-25259
-11618
7844
23376
27197
17393
-1124
-19078
-27475
-22107
-5664
13616
26075
25471
12107
-7323
-23084
-27281
-17810
583
18684
27425
22426
6193
-13143
-25895
-25674
-12591
6800
22784
27354
18220
-42
-18282
-27364
-22737
-6719
12665
25704
25866
13070
-6274
-22475
-27416
-18623
-500
17874
27293
23039
7243
-12181
-25503
-26048
-13544
5746
22157
27468
19018
1041
-17458
-27211
-23332
-7764
11693
25293
26221
14013
-5215
-21830
-27509
-19406
-1581
17036
27118
23615
8282
-11201
-25072
-26383
-14476
4683
21496
27540
19787
2122
-16607
-27016
-23890
-8796
10704
24842
26535
14934
-4148
-21153
-27560
-20160
-2661
16172
26902
24156
9308
-10203
-24603
-26677
-15386
3612
20801
27569
20526
3199
-15730
-26779
-24412
-9815
9699
24354
26808
15832
-3075
-20442
-27568
-20883
-3736
15282
26645
24659
10319
-9190
-24095
-26929
-16273
2537
20075
27556
21232
4272
-14829
-26501
-24896
-10819
8678
23828
27040
16706
-1997
-19700
-27534
-21574
-4806
14370
26346
25124
11315
-8162
-23551
-27141
-17134
1457
19317
27501
21907
5338
-13905
-26182
-25342
-11807
7644
23265
27231
17555
-916
-18928
-27457
-22231
-5868
13435
26007
25550
12293
-7122
-22970
-27310
-17969
375
18530
27403
22547
6396
-12960
-25822
-25749
-12776
6598
22666
27379
18376
167
-18126
-27338
-22854
-6921
12479
25628
25937
13253
-6071
-22353
-27437
-18776
-708
17715
27262
23152
7444
-11994
-25423
-26116
-13725
5542
22032
27485
19168
1249
-17296
-27176
-23442
-7963
11505
25209
26284
14192
-5011
-21703
-27522
-19554
-1789
16872
27080
23722
8480
-11010
-24985
-26443
-14653
4477
21365
27549
19932
2329
-16440
-26973
-23993
-8993
10512
24751
26591
15109
-3942
-21018
-27565
-20302
-2868
16002
26856
24255
9503
-10010
-24508
-26729
-15559
3406
20664
27570
20664
3406
-15559
-26729
-24508
-10010
9503
24255
26856
16002
-2868
-20302
-27565
-21018
-3942
15109
26591
24751
10512
-8993
-23993
-26973
-16440
2329
19932
27549
21365
4477
-14653
-26443
-24985
-11010
8480
23722
27080
16872
-1789
-19554
-27522
-21703
-5011
14192
26284
25209
11505
-7963
-23442
-27176
-17296
1249
19168
27485
22032
5542
-13725
-26116
-25423
-11994
7444
23152
27262
17715
-708
-18776
-27437
-22353
-6071
13253
25937
25628
12479
-6921
-22854
-27338
-18126
167
18376
27379
22666
6598
-12776
-25749
-25822
-12960
6396
22547
27403
18530
375
-17969
-27310
-22970
-7122
12293
25550
26007
13416
-5941
-22385
-27707
-19273
-1343
17074
26731
22765
7144
-12307
-25842
-26682
-14405
4838
21407
27020
18891
1111
-17384
-27295
-23624
-8181
11315
25124
26346
14370
-4806
-21574
-27534
-19700
-1997
16706
27040
23828
8678
-10819
-24896
-26501
-14829
4272
21232
27556
20075
2537
-16273
-26929
-24095
-9190
10319
24659
26645
15282
-3736
-20883
-27568
-20442
-3075
15832
26808
24354
9699
-9815
-24412
-26779
-15730
3199
20526
27569
20801
3612
-15386
-26677
-24603
-10203
9308
24156
26902
16172
-2661
-20160
-27560
-21153
-4148
14934
26535
24842
10704
-8796
-23890
-27016
-16607
2122
19787
27540
21496
4683
-14476
-26383
-25072
-11201
8282
23615
27118
17036
-1581
-19406
-27509
-21830
-5215
14013
26221
25293
11693
-7764
-23332
-27211
-17458
1041
19018
27468
22157
5746
-13544
-26048
-25503
-12181
7243
23039
27293
17874
-500
-18623
-27416
-22475
-6274
13070
25866
25704
12665
-6719
-22737
-27364
-18282
-42
18220
27354
22784
6800
-12591
-25674
-25895
-13143
6193
22426
27425
18684
583
-17810
-27281
-23084
-7323
12107
25471
26075
13616
-5664
-22107
-27475
-19078
-1124
17393
27197
23376
7844
-11618
-25259
-26246
-14084
5133
21779
27515
19465
1665
-16970
-27103
-23658
-8361
11125
25038
26407
14547
-4601
-21443
-27544
-19845
-2205
16540
26999
23932
8875
-10627
-24806
-26557
-15004
4066
21099
27562
20217
2744
-16104
-26884
-24196
-9386
10126
24565
26698
15455
-3530
-20747
-27570
-20581
-3282
15662
26759
24451
9893
-9621
-24315
-26828
-15901
2992
20386
27567
20937
3819
-15213
-26623
-24696
-10397
9111
24055
26947
16340
-2454
-20018
-27553
-21285
-4354
14759
26478
24932
10896
-8599
-23786
-27056
-16773
1914
19642
27529
21625
4888
-14299
-26322
-25158
-11391
8083
23507
27155
17199
-1374
-19258
-27495
-21957
-5419
13833
26156
25375
11882
-7564
-23220
-27243
-17619
833
18867
27449
22280
5949
-13362
-25979
-25581
-12368
7042
22924
27321
18032
-291
-18469
-27393
-22595
-6477
12886
25793
25778
12849
-6517
-22618
-27389
-18438
-250
18063
27327
22900
7001
-12405
-25597
-25965
-13326
5990
22305
27445
18837
791
-17651
-27250
-23197
-7524
11919
25391
26142
13797
-5460
-21982
-27491
-19228
-1332
17231
27162
23486
8043
-11429
-25175
-26309
-14263
4929
21651
27527
19612
1872
-16806
-27064
-23764
-8559
10934
24950
26466
14723
-4395
-21312
-27552
-19989
-2412
16373
26956
24034
9072
-10435
-24714
-26613
-15178
3860
20964
27566
20358
2951
-15935
-26837
-24295
-9582
9932
24470
26749
15627
-3323
-20609
-27570
-20719
-3488
15490
26708
24546
10087
-9425
-24216
-26875
-16070
2785
20245
27563
21072
4025
-15039
-26569
-24788
-10589
8915
23952
26990
16507
-2246
-19874
-27545
-21417
-4559
14582
26419
25020
11087
-8401
-23680
-27096
-16937
1706
19495
27517
21754
5092
-14120
-26259
-25243
-11580
7884
23398
27190
17361
-1166
-19108
-27478
-22082
-5623
13653
26089
25455
12069
-7363
-23107
-27275
-17778
625
18715
27429
22402
6152
-13180
-25909
-25658
-12554
6840
22807
27348
18189
-83
-18313
-27369
-22713
-6679
12702
25719
25851
13033
-6315
-22499
-27412
-18592
-458
17905
27298
23016
7203
-12219
-25519
-26035
-13508
5786
22182
27464
18988
999
-17490
-27217
-23309
-7724
11731
25309
26208
13977
-5256
-21856
-27506
-19377
-1540
17068
27126
23594
8242
-11239
-25090
-26371
-14441
4724
21522
27538
19758
2080
-16640
-27024
-23869
-8757
10743
24860
26543
14972
-4035
-20929
-27213
-19705
-2138
16705
27411
24636
9768
-9742
-24122
-26166
-14852
4154
21310
27996
20843
3408
-15610
-26715
-24374
-9776
9738
24373
26798
15798
-3116
-20470
-27568
-20856
-3695
15317
26656
24640
10281
-9229
-24116
-26920
-16239
2578
20103
27557
21206
4231
-14864
-26512
-24878
-10781
8717
23849
27032
16673
-2039
-19729
-27536
-21548
-4765
14405
26359
25107
11277
-8202
-23572
-27133
-17101
1498
19347
27503
21881
5297
-13941
-26195
-25326
-11769
7684
23287
27224
17522
-958
-18958
-27461
-22206
-5827
13471
26021
25535
12256
-7162
-22993
-27304
-17937
416
18561
27407
22523
6355
-12996
-25837
-25734
-12739
6638
22690
27374
18345
125
-18157
-27343
-22831
-6881
12517
25643
25923
13216
-6112
-22378
-27433
-18745
-666
17746
27269
23130
7403
-12032
-25439
-26102
-13689
5583
22057
27482
19138
1207
-17329
-27183
-23420
-7923
11542
25226
26272
14156
-5052
-21728
-27520
-19524
-1748
16904
27088
23701
8440
-11049
-25003
-26431
-14618
4518
21391
27547
19903
2288
-16474
-26982
-23973
-8954
10551
24770
26580
15074
-3984
-21045
-27564
-20274
-2827
16036
26865
24236
9464
-10048
-24527
-26718
-15524
3447
20692
27570
20636
3365
-15593
-26739
-24489
-9971
9542
24275
26847
15969
-2909
-20330
-27565
-20991
-3901
15144
26602
24733
10474
-9033
-24014
-26965
-16407
2371
19960
27550
21338
4436
-14688
-26454
-24967
-10972
8520
23743
27072
16839
-1831
-19583
-27525
-21677
-4970
14227
26297
25192
11467
-8003
-23464
-27169
-17264
1290
19198
27488
22007
5501
-13761
-26129
-25407
-11957
7484
23175
27256
17683
-749
-18806
-27441
-22329
-6030
13289
25951
25612
12442
-6961
-22877
-27332
-18095
208
18407
27384
22642
6557
-12812
-25764
-25808
-12923
6436
22571
27398
18499
333
-18000
-27316
-22947
-7082
12331
25566
25993
13399
-5909
-22256
-27453
-18897
-874
17587
27237
23242
7604
-11844
-25358
-26169
-13869
5379
21932
27498
19288
1415
-17166
-27148
-23529
-8123
11353
25141
26334
14334
-4847
-21600
-27531
-19671
-1955
16739
27048
23807
8638
-10858
-24914
-26489
-14794
4313
21259
27555
20046
2495
-16306
-26938
-24075
-9151
10358
24677
26634
15248
-3777
-20910
-27567
-20414
-3034
15867
26818
24334
9660
-9854
-24431
-26769
-15696
3241
20553
27569
20774
3571
-15421
-26687
-24584
-10165
9347
24176
26893
16138
-2702
-20189
-27561
-21126
-4107
14969
26546
24824
10666
-8836
-23911
-27007
-16574
2163
19816
27542
21470
4642
-14512
-26395
-25055
-11163
8321
23637
27111
17003
-1623
-19436
-27512
-21805
-5174
14049
26233
25276
11656
-7804
-23354
-27204
-17426
1082
19048
27471
22132
5705
-13580
-26062
-25487
-12144
7283
23061
27287
17842
-541
-18653
-27420
-22451
-6233
13106
25880
25689
12628
-6760
-22760
-27359
-18251
0
18251
27359
22760
6760
-12628
-25689
-25880
-13106
6233
22451
27420
18653
541
-17842
-27287
-23061
-7283
12144
25487
26062
13580
-5705
-22132
-27471
-19048
-1082
17426
27204
23354
7804
-11656
-25276
-26233
-14049
5174
21805
27512
19436
1623
-17003
-27111
-23637
-8321
11163
25055
26395
14512
-4642
-21470
-27542
-19816
-2163
16574
27007
23911
8836
-10666
-24824
-26546
-14969
4107
21126
27561
20189
2702
-16138
-26893
-24176
-9347
10165
24584
26687
15421
-3571
-20774
-27569
-20553
-3241
15696
26769
24431
9854
-9660
-24334
-26818
-15867
3034
20414
27567
20910
3777
-15248
-26634
-24677
-10358
9151
24094
27012
16460
-2245
-19701
-27128
-20778
-3813
15294
26989
25414
11358
-8138
-23307
-26548
-16239
2436
20098
27877
21850
5001
-14261
-26315
-25141
-11353
8123
23529
27148
17166
-1415
-19288
-27498
-21932
-5379
13869
26169
25358
11844
-7604
-23242
-27237
-17587
874
18897
27453
22256
5909
-13399
-25993
-25566
-12331
7082
22947
27316
18000
-333
-18499
-27398
-22571
-6436
12923
25808
25764
12812
-6557
-22642
-27384
-18407
-208
18095
27332
22877
6961
-12442
-25612
-25951
-13289
6030
22329
27441
18806
749
-17683
-27256
-23175
-7484
11957
25407
26129
13761
-5501
-22007
-27488
-19198
-1290
17264
27169
23464
8003
-11467
-25192
-26297
-14227
4970
21677
27525
19583
1831
-16839
-27072
-23743
-8520
10972
24967
26454
14688
-4436
-21338
-27550
-19960
-2371
16407
26965
24014
9033
-10474
-24733
-26602
-15144
3901
20991
27565
20330
2909
-15969
-26847
-24275
-9542
9971
24489
26739
15593
-3365
-20636
-27570
-20692
-3447
15524
26718
24527
10048
-9464
-24236
-26865
-16036
2827
20274
27564
21045
3984
-15074
-26580
-24770
-10551
8954
23973
26982
16474
-2288
-19903
-27547
-21391
-4518
14618
26431
25003
11049
-8440
-23701
-27088
-16904
1748
19524
27520
21728
5052
-14156
-26272
-25226
-11542
7923
23420
27183
17329
-1207
-19138
-27482
-22057
-5583
13689
26102
25439
12032
-7403
-23130
-27269
-17746
666
18745
27433
22378
6112
-13216
-25923
-25643
-12517
6881
22831
27343
18157
-125
-18345
-27374
-22690
-6638
12739
25734
25837
12996
-6355
-22523
-27407
-18561
-416
17937
27304
22993
7162
-12256
-25535
-26021
-13471
5827
22206
27461
18958
958
-17522
-27224
-23287
-7684
11769
25326
26195
13941
-5297
-21881
-27503
-19347
-1498
17101
27133
23572
8202
-11277
-25107
-26359
-14405
4765
21548
27536
19729
2039
-16673
-27032
-23849
-8717
10781
24878
26512
14864
-4231
-21206
-27557
-20103
-2578
16239
26920
24116
9229
-10281
-24640
-26656
-15317
3695
20856
27568
20470
3116
-15798
-26798
-24373
-9738
9776
24393
26789
15764
-3158
-20498
-27569
-20829
-3654
15352
26666
24622
10242
-9268
-24136
-26911
-16205
2619
20132
27559
21179
4189
-14899
-26524
-24860
-10743
8757
23869
27024
16640
-2080
-19758
-27538
-21522
-4724
14441
26371
25090
11239
-8242
-23594
-27126
-17068
1540
19377
27506
21856
5256
-13977
-26208
-25309
-11731
7724
23309
27217
17490
-999
-18988
-27464
-22182
-5786
13508
26035
25519
12219
-7203
-23016
-27298
-17905
458
18592
27412
22499
6315
-13033
-25851
-25719
-12702
6679
22713
27369
18313
83
-18189
-27348
-22807
-6840
12554
25658
25909
13180
-6152
-22402
-27429
-18715
-625
17778
27275
23107
7363
-12069
-25455
-26089
-13653
5623
22082
27478
19108
1166
-17361
-27190
-23398
-7884
11580
25243
26259
14120
-5092
-21754
-27517
-19495
-1706
16937
27096
23680
8401
-11087
-25020
-26419
-14582
4559
21417
27545
19874
2246
-16507
-26990
-23952
-8915
10589
24788
26569
15039
-4025
-21072
-27563
-20245
-2785
16070
26875
24216
9425
-10087
-24546
-26708
-15490
3488
20719
27570
20609
3323
-15627
-26749
-24470
-9932
9582
24295
26837
15935
-2951
-20358
-27566
-20964
-3860
15178
26613
24714
10435
-9072
-24034
-26956
-16373
2412
19989
27552
21312
4395
-14723
-26466
-24950
-10934
8559
23764
27064
16806
-1872
-19612
-27527
-21651
-4929
14263
26309
25175
11429
-8043
-23486
-27162
-17231
1332
19228
27491
21982
5460
-13797
-26142
-25391
-11919
7543
23271
27404
17901
-445
-18410
-26964
-21805
-5490
13826
26465
26097
12905
-6501
-22400
-26827
-17582
677
18783
27639
22773
6590
-12830
-25778
-25793
-12886
6477
22595
27393
18469
291
-18032
-27321
-22924
-7042
12368
25581
25979
13362
-5949
-22280
-27449
-18867
-833
17619
27243
23220
7564
-11882
-25375
-26156
-13833
5419
21957
27495
19258
1374
-17199
-27155
-23507
-8083
11391
25158
26322
14299
-4888
-21625
-27529
-19642
-1914
16773
27056
23786
8599
-10896
-24932
-26478
-14759
4354
21285
27553
20018
2454
-16340
-26947
-24055
-9111
10397
24696
26623
15213
-3819
-20937
-27567
-20386
-2992
15901
26828
24315
9621
-9893
-24451
-26759
-15662
3282
20581
27570
20747
3530
-15455
-26698
-24565
-10126
9386
24196
26884
16104
-2744
-20217
-27562
-21099
-4066
15004
26557
24806
10627
-8875
-23932
-26999
-16540
2205
19845
27544
21443
4601
-14547
-26407
-25038
-11125
8361
23658
27103
16970
-1665
-19465
-27515
-21779
-5133
14084
26246
25259
11618
-7844
-23376
-27197
-17393
1124
19078
27475
22107
5664
-13616
-26075
-25471
-12107
7323
23084
27281
17810
-583
-18684
-27425
-22426
-6193
13143
25895
25674
12591
-6800
-22784
-27354
-18220
42
18282
27364
22737
6719
-12665
-25704
-25866
-13070
6274
22475
27416
18623
500
-17874
-27293
-23039
-7243
12181
25503
26048
13544
-5746
-22157
-27468
-19018
-1041
17458
27211
23332
7764
-11693
-25293
-26221
-14013
5215
21830
27509
19406
1581
-17036
-27118
-23615
-8282
11201
25072
26383
14476
-4683
-21496
-27540
-19787
-2122
16607
27016
23890
8796
-10704
-24842
-26535
-14934
4148
21153
27560
20160
2661
-16172
-26902
-24156
-9308
10203
24603
26677
15386
-3612
-20801
-27569
-20526
-3199
15730
26779
24412
9815
-9699
-24354
-26808
-15832
3075
20442
27568
20883
3736
-15282
-26645
-24659
-10319
9190
24095
26929
16273
-2537
-20075
-27556
-21232
-4272
14829
26501
24896
10819
-8678
-23828
-27040
-16706
1997
19700
27534
21574
4806
-14370
-26346
-25124
-11315
8162
23551
27141
17134
-1457
-19317
-27501
-21907
-5338
13905
26182
25342
11807
-7644
-23265
-27231
-17555
916
18928
27457
22231
5868
-13435
-26007
-25550
-12293
7122
22970
27310
17969
-375
-18530
-27403
-22547
-6396
12960
25822
25749
12776
-6598
-22666
-27379
-18376
-167
18126
27338
22854
6921
-12479
-25628
-25937
-13253
6071
22353
27437
18776
708
-17715
-27262
-23152
-7444
11994
25423
26116
13725
-5542
-22032
-27485
-19168
-1249
17296
27176
23442
7963
-11505
-25209
-26284
-14192
5011
21703
27522
19554
1789
-16872
-27080
-23722
-8480
11010
24985
26443
14653
-4477
-21365
-27549
-19932
-2329
16440
26973
23993
8993
-10512
-24751
-26591
-15109
3942
21018
27565
20302
2868
-16002
-26856
-24255
-9503
10010
24508
26729
15559
-3406
-20664
-27570
-20664
-3406
15559
26729
24508
10010
-9503
-24255
-26856
-16002
2868
20302
27565
21018
3942
-15109
-26591
-24751
-10512
8993
23993
26973
16440
-2329
-19932
-27549
-21365
-4477
14653
26443
24985
11010
-8480
-23722
-27080
-16872
1789
19554
27522
21703
5011
-14192
-26284
-25209
-11505
7963
23442
27176
17296
-1249
-19168
-27485
-22032
-5542
13725
26116
25423
11994
-7444
-23152
-27262
-17715
708
18776
27437
22353
6071
-13253
-25937
-25628
-12479
6921
22854
27338
18126
-167
-18376
-27379
-22666
-6598
12776
25749
25822
12960
-6396
-22547
-27403
-18530
-375
17969
27310
22970
7122
-12293
-25550
-26007
-13416
5941
22385
27707
19273
1343
-17074
-26731
-22765
-7144
12307
25842
26682
14405
-4838
-21407
-27020
-18891
-1111
17384
27295
23624
8181
-11315
-25124
-26346
-14370
4806
21574
27534
19700
1997
-16706
-27040
-23828
-8678
10819
24896
26501
14829
-4272
-21232
-27556
-20075
-2537
16273
26929
24095
9190
-10319
-24659
-26645
-15282
3736
20883
27568
20442
3075
-15832
-26808
-24354
-9699
9815
24412
26779
15730
-3199
-20526
-27569
-20801
-3612
15386
26677
24603
10203
-9308
-24156
-26902
-16172
2661
20160
27560
21153
4148
-14934
-26535
-24842
-10704
8796
23890
27016
16607
-2122
-19787
-27540
-21496
-4683
14476
26383
25072
11201
-8282
-23615
-27118
-17036
1581
19406
27509
21830
5215
-14013
-26221
-25293
-11693
7764
23332
27211
17458
-1041
-19018
-27468
-22157
-5746
13544
26048
25503
12181
-7243
-23039
-27293
-17874
500
18623
27416
22475
6274
-13070
-25866
-25704
-12665
6719
22737
27364
18282
42
-18220
-27354
-22784
-6800
12591
25674
25895
13143
-6193
-22426
-27425
-18684
-583
17810
27281
23084
7323
-12107
-25471
-26075
-13616
5664
22107
27475
19078
1124
-17393
-27197
-23376
-7844
11618
25259
26246
14084
-5133
-21779
-27515
-19465
-1665
16970
27103
23658
8361
-11125
-25038
-26407
-14547
4601
21443
27544
19845
2205
-16540
-26999
-23932
-8875
10627
24806
26557
15004
-4066
-21099
-27562
-20217
-2744
16104
26884
24196
9386
-10126
-24565
-26698
-15455
3530
20747
27570
20581
3282
-15662
-26759
-24451
-9893
9621
24315
26828
15901
-2992
-20386
-27567
-20937
-3819
15213
26623
24696
10397
-9111
-24055
-26947
-16340
2454
20018
27553
21285
4354
-14759
-26478
-24932
-10896
8599
23786
27056
16773
-1914
-19642
-27529
-21625
-4888
14299
26322
25158
11391
-8083
-23507
-27155
-17199
1374
19258
27495
21957
5419
-13833
-26156
-25375
-11882
7564
23220
27243
17619
-833
-18867
-27449
-22280
-5949
13362
25979
25581
12368
-7042
-22924
-27321
-18032
291
18469
27393
22595
6477
-12886
-25793
-25778
-12849
6517
22618
27389
18438
250
-18063
-27327
-22900
-7001
12405
25597
25965
13326
-5990
-22305
-27445
-18837
-791
17651
27250
23197
7524
-11919
-25391
-26142
-13797
5460
21982
27491
19228
1332
-17231
-27162
-23486
-8043
11429
25175
26309
14263
-4929
-21651
-27527
-19612
-1872
16806
27064
23764
8559
-10934
-24950
-26466
-14723
4395
21312
27552
19989
2412
-16373
-26956
-24034
-9072
10435
24714
26613
15178
-3860
-20964
-27566
-20358
-2951
15935
26837
24295
9582
-9932
-24470
-26749
-15627
3323
20609
27570
20719
3488
-15490
-26708
-24546
-10087
9425
24216
26875
16070
-2785
-20245
-27563
-21072
-4025
15039
26569
24788
10589
-8915
-23952
-26990
-16507
2246
19874
27545
21417
4559
-14582
-26419
-25020
-11087
8401
23680
27096
16937
-1706
-19495
-27517
-21754
-5092
14120
26259
25243
11580
-7884
-23398
-27190
-17361
1166
19108
27478
22082
5623
-13653
-26089
-25455
-12069
7363
23107
27275
17778
-625
-18715
-27429
-22402
-6152
13180
25909
25658
12554
-6840
-22807
-27348
-18189
83
18313
27369
22713
6679
-12702
-25719
-25851
-13033
6315
22499
27412
18592
458
-17905
-27298
-23016
-7203
12219
25519
26035
13508
-5786
-22182
-27464
-18988
-999
17490
27217
23309
7724
-11731
-25309
-26208
-13977
5256
21856
27506
19377
1540
-17068
-27126
-23594
-8242
11239
25090
26371
14441
-4724
-21522
-27538
-19758
-2080
16640
27024
23869
8757
-10743
-24860
-26505
-14826
4344
21429
27904
20559
3100
-15705
-26411
-23636
-8768
10742
25122
27166
15852
-3154
-20348
-27142
-20152
-2908
15919
26862
24412
9776
-9738
-24373
-26798
-15798
3116
20470
27568
20856
3695
-15317
-26656
-24640
-10281
9229
24116
26920
16239
-2578
-20103
-27557
-21206
-4231
14864
26512
24878
10781
-8717
-23849
-27032
-16673
2039
19729
27536
21548
4765
-14405
-26359
-25107
-11277
8202
23572
27133
17101
-1498
-19347
-27503
-21881
-5297
13941
26195
25326
11769
-7684
-23287
-27224
-17522
958
18958
27461
22206
5827
-13471
-26021
-25535
-12256
7162
22993
27304
17937
-416
-18561
-27407
-22523
-6355
12996
25837
25734
12739
-6638
-22690
-27374
-18345
-125
18157
27343
22831
6881
-12517
-25643
-25923
-13216
6112
22378
27433
18745
666
-17746
-27269
-23130
-7403
12032
25439
26102
13689
-5583
-22057
-27482
-19138
-1207
17329
27183
23420
7923
-11542
-25226
-26272
-14156
5052
21728
27520
19524
1748
-16904
-27088
-23701
-8440
11049
25003
26431
14618
-4518
-21391
-27547
-19903
-2288
16474
26982
23973
8954
-10551
-24770
-26580
-15074
3984
21045
27564
20274
2827
-16036
-26865
-24236
-9464
10048
24527
26718
15524
-3447
-20692
-27570
-20636
-3365
15593
26739
24489
9971
-9542
-24275
-26847
-15969
2909
20330
27565
20991
3901
-15144
-26602
-24733
-10474
9033
24014
26965
16407
-2371
-19960
-27550
-21338
-4436
14688
26454
24967
10972
-8520
-23743
-27072
-16839
1831
19583
27525
21677
4970
-14227
-26297
-25192
-11467
8003
23464
27169
17264
-1290
-19198
-27488
-22007
-5501
13761
26129
25407
11957
-7484
-23175
-27256
-17683
749
18806
27441
22329
6030
-13289
-25951
-25612
-12442
6961
22877
27332
18095
-208
-18407
-27384
-22642
-6557
12812
25764
25808
12923
-6436
-22571
-27398
-18499
-333
18000
27316
22947
7082
-12331
-25566
-25993
-13399
5909
22256
27453
18897
874
-17587
-27237
-23242
-7604
11844
25358
26169
13869
-5379
-21932
-27498
-19288
-1415
17166
27148
23529
8123
-11353
-25141
-26334
-14334
4847
21600
27531
19671
1955
-16739
-27048
-23807
-8638
10858
24914
26489
14794
-4313
-21259
-27555
-20046
-2495
16306
26938
24075
9151
-10358
-24677
-26634
-15248
3777
20910
27567
20414
3034
-15867
-26818
-24334
-9660
9854
24431
26769
15696
-3241
-20553
-27569
-20774
-3571
15421
26687
24584
10165
-9347
-24176
-26893
-16138
2702
20189
27561
21126
4107
-14969
-26546
-24824
-10666
8836
23911
27007
16574
-2163
-19816
-27542
-21470
-4642
14512
26395
25055
11163
-8321
-23637
-27111
-17003
1623
19436
27512
21805
5174
-14049
-26233
-25276
-11656
7804
23354
27204
17426
-1082
-19048
-27471
-22132
-5705
13580
26062
25487
12144
-7283
-23061
-27287
-17842
541
18653
27420
22451
6233
-13106
-25880
-25689
-12628
6760
22760
27359
18251
0
-18251
-27359
-22760
-6760
12628
25689
25880
13106
-6233
-22451
-27420
-18653
-541
17842
27287
23061
7283
-12144
-25487
-26062
-13580
5705
22132
27471
19048
1082
-17426
-27204
-23354
-7804
11656
25276
26233
14049
-5174
-21805
-27512
-19436
-1623
17003
27111
23637
8321
-11163
-25055
-26395
-14512
4642
21470
27542
19816
2163
-16574
-27007
-23911
-8836
10666
24824
26546
14969
-4107
-21126
-27561
-20189
-2702
16138
26893
24176
9347
-10165
-24584
-26687
-15421
3571
20774
27569
20553
3241
-15696
-26769
-24431
-9854
9660
24334
26818
15867
-3034
-20414
-27567
-20910
-3777
15248
26634
24677
10358
-9151
-24094
-27012
-16460
2245
19701
27128
20778
3813
-15294
-26989
-25414
-11358
8138
23307
26548
16239
-2436
-20098
-27877
-21850
-5001
14261
26315
25141
11353
-8123
-23529
-27148
-17166
1415
19288
27498
21932
5379
-13869
-26169
-25358
-11844
7604
23242
27237
17587
-874
-18897
-27453
-22256
-5909
13399
25993
25566
12331
-7082
-22947
-27316
-18000
333
18499
27398
22571
6436
-12923
-25808
-25764
-12812
6557
22642
27384
18407
208
-18095
-27332
-22877
-6961
12442
25612
25951
13289
-6030
-22329
-27441
-18806
-749
17683
27256
23175
7484
-11957
-25407
-26129
-13761
5501
22007
27488
19198
1290
-17264
-27169
-23464
-8003
11467
25192
26297
14227
-4970
-21677
-27525
-19583
-1831
16839
27072
23743
8520
-10972
-24967
-26454
-14688
4436
21338
27550
19960
2371
-16407
-26965
-24014
-9033
10474
24733
26602
15144
-3901
-20991
-27565
-20330
-2909
15969
26847
24275
9542
-9971
-24489
-26739
-15593
3365
20636
27570
20692
3447
-15524
-26718
-24527
-10048
9464
24236
26865
16036
-2827
-20274
-27564
-21045
-3984
15074
26580
24770
10551
-8954
-23973
-26982
-16474
2288
19903
27547
21391
4518
-14618
-26431
-25003
-11049
8440
23701
27088
16904
-1748
-19524
-27520
-21728
-5052
14156
26272
25226
11542
-7923
-23420
-27183
-17329
1207
19138
27482
22057
5583
-13689
-26102
-25439
-12032
7403
23130
27269
17746
-666
-18745
-27433
-22378
-6112
13216
25923
25643
12517
-6881
-22831
-27343
-18157
125
18345
27374
22690
6638
-12739
-25734
-25837
-12996
6355
22523
27407
18561
416
-17937
-27304
-22993
-7162
12256
25535
26021
13471
-5827
-22206
-27461
-18958
-958
17522
27224
23287
7684
-11769
-25326
-26195
-13941
5297
21881
27503
19347
1498
-17101
-27133
-23572
-8202
11277
25107
26359
14405
-4765
-21548
-27536
-19729
-2039
16673
27032
23849
8717
-10781
-24878
-26512
-14864
4231
21206
27557
20103
2578
-16239
-26920
-24116
-9229
10281
24640
26656
15317
-3695
-20856
-27568
-20470
-3116
15798
26798
24373
9738
-9776
-24393
-26789
-15764
3158
20498
27569
20829
3654
-15352
-26666
-24622
-10242
9268
24136
26911
16205
-2619
-20132
-27559
-21179
-4189
14899
26524
24860
10743
-8757
-23869
-27024
-16640
2080
19758
27538
21522
4724
-14441
-26371
-25090
-11239
8242
23594
27126
17068
-1540
-19377
-27506
-21856
-5256
13977
26208
25309
11731
-7724
-23309
-27217
-17490
999
18988
27464
22182
5786
-13508
-26035
-25519
-12219
7203
23016
27298
17905
-458
-18592
-27412
-22499
-6315
13033
25851
25719
12702
-6679
-22713
-27369
-18313
-83
18189
27348
22807
6840
-12554
-25658
-25909
-13180
6152
22402
27429
18715
625
-17778
-27275
-23107
-7363
12069
25455
26089
13653
-5623
-22082
-27478
-19108
-1166
17361
27190
23398
7884
-11580
-25243
-26259
-14120
5092
21754
27517
19495
1706
-16937
-27096
-23680
-8401
11087
25020
26419
14582
-4559
-21417
-27545
-19874
-2246
16507
26990
23952
8915
-10589
-24788
-26569
-15039
4025
21072
27563
20245
2785
-16070
-26875
-24216
-9425
10087
24546
26708
15490
-3488
-20719
-27570
-20609
-3323
15627
26749
24470
9932
-9582
-24295
-26837
-15935
2951
20358
27566
20964
3860
-15178
-26613
-24714
-10435
9072
24034
26956
16373
-2412
-19989
-27552
-21312
-4395
14723
26466
24950
10934
-8559
-23764
-27064
-16806
1872
19612
27527
21651
4929
-14263
-26309
-25175
-11429
8043
23486
27162
17231
-1332
-19228
-27491
-21982
-5460
13797
26142
25391
11919
-7505
-23124
-27095
-17401
1137
19263
27926
22805
6490
-12826
-25465
-25097
-11905
7501
23400
27827
18544
177
-18092
-27139
-22464
-6444
12868
25778
25793
12886
-6477
-22595
-27393
-18469
-291
18032
27321
22924
7042
-12368
-25581
-25979
-13362
5949
22280
27449
18867
833
-17619
-27243
-23220
-7564
11882
25375
26156
13833
-5419
-21957
-27495
-19258
-1374
17199
27155
23507
8083
-11391
-25158
-26322
-14299
4888
21625
27529
19642
1914
-16773
-27056
-23786
-8599
10896
24932
26478
14759
-4354
-21285
-27553
-20018
-2454
16340
26947
24055
9111
-10397
-24696
-26623
-15213
3819
20937
27567
20386
2992
-15901
-26828
-24315
-9621
9893
24451
26759
15662
-3282
-20581
-27570
-20747
-3530
15455
26698
24565
10126
-9386
-24196
-26884
-16104
2744
20217
27562
21099
4066
-15004
-26557
-24806
-10627
8875
23932
26999
16540
-2205
-19845
-27544
-21443
-4601
14547
26407
25038
11125
-8361
-23658
-27103
-16970
1665
19465
27515
21779
5133
-14084
-26246
-25259
-11618
7844
23376
27197
17393
-1124
-19078
-27475
-22107
-5664
13616
26075
25471
12107
-7323
-23084
-27281
-17810
583
18684
27425
22426
6193
-13143
-25895
-25674
-12591
6800
22784
27354
18220
-42
-18282
-27364
-22737
-6719
12665
25704
25866
13070
-6274
-22475
-27416
-18623
-500
17874
27293
23039
7243
-12181
-25503
-26048
-13544
5746
22157
27468
19018
1041
-17458
-27211
-23332
-7764
11693
25293
26221
14013
-5215
-21830
-27509
-19406
-1581
17036
27118
23615
8282
-11201
-25072
-26383
-14476
4683
21496
27540
19787
2122
-16607
-27016
-23890
-8796
10704
24842
26535
14934
-4148
-21153
-27560
-20160
-2661
16172
26902
24156
9308
-10203
-24603
-26677
-15386
3612
20801
27569
20526
3199
-15730
-26779
-24412
-9815
9699
24354
26808
15832
-3075
-20442
-27568
-20883
-3736
15282
26645
24659
10319
-9190
-24095
-26929
-16273
2537
20075
27556
21232
4272
-14829
-26501
-24896
-10819
8678
23828
27040
16706
-1997
-19700
-27534
-21574
-4806
14370
26346
25124
11315
-8162
-23551
-27141
-17134
1457
19317
27501
21907
5338
-13905
-26182
-25342
-11807
7644
23265
27231
17555
-916
-18928
-27457
-22231
-5868
13435
26007
25550
12293
-7122
-22970
-27310
-17969
375
18530
27403
22547
6396
-12960
-25822
-25749
-12776
6598
22666
27379
18376
167
-18126
-27338
-22854
-6921
12479
25628
25937
13253
-6071
-22353
-27437
-18776
-708
17715
27262
23152
7444
-11994
-25423
-26116
-13725
5542
22032
27485
19168
1249
-17296
-27176
-23442
-7963
11505
25209
26284
14192
-5011
-21703
-27522
-19554
-1789
16872
27080
23722
8480
-11010
-24985
-26443
-14653
4477
21365
27549
19932
2329
-16440
-26973
-23993
-8993
10512
24751
26591
15109
-3942
-21018
-27565
-20302
-2868
16002
26856
24255
9503
-10010
-24508
-26729
-15559
3406
20664
27570
20664
3406
-15559
-26729
-24508
-10010
9503
24255
26856
16002
-2868
-20302
-27565
-21018
-3942
15109
26591
24751
10512
-8993
-23993
-26973
-16440
2329
19932
27549
21365
4477
-14653
-26443
-24985
-11010
8480
23722
27080
16872
-1789
-19554
-27522
-21703
-5011
14192
26284
25209
11505
-7963
-23442
-27176
-17296
1249
19168
27485
22032
5542
-13725
-26116
-25423
-11994
7444
23152
27262
17715
-708
-18776
-27437
-22353
-6071
13253
25937
25628
12479
-6921
-22854
-27338
-18126
167
18376
27379
22666
6598
-12776
-25749
-25822
-12960
6396
22547
27403
18530
375
-17969
-27310
-22970
-7122
12293
25550
26007
13416
-5941
-22385
-27707
-19273
-1343
17074
26731
22765
7144
-12307
-25842
-26682
-14405
4838
21407
27020
18891
1111
-17384
-27295
-23624
-8181
11315
25124
26346
14370
-4806
-21574
-27534
-19700
-1997
16706
27040
23828
8678
-10819
-24896
-26501
-14829
4272
21232
27556
20075
2537
-16273
-26929
-24095
-9190
10319
24659
26645
15282
-3736
-20883
-27568
-20442
-3075
15832
26808
24354
9699
-9815
-24412
-26779
-15730
3199
20526
27569
20801
3612
-15386
-26677
-24603
-10203
9308
24156
26902
16172
-2661
-20160
-27560
-21153
-4148
14934
26535
24842
10704
-8796
-23890
-27016
-16607
2122
19787
27540
21496
4683
-14476
-26383
-25072
-11201
8282
23615
27118
17036
-1581
-19406
-27509
-21830
-5215
14013
26221
25293
11693
-7764
-23332
-27211
-17458
1041
19018
27468
22157
5746
-13544
-26048
-25503
-12181
7243
23039
27293
17874
-500
-18623
-27416
-22475
-6274
13070
25866
25704
12665
-6719
-22737
-27364
-18282
-42
18220
27354
22784
6800
-12591
-25674
-25895
-13143
6193
22426
27425
18684
583
-17810
-27281
-23084
-7323
12107
25471
26075
13616
-5664
-22107
-27475
-19078
-1124
17393
27197
23376
7844
-11618
-25259
-26246
-14084
5133
21779
27515
19465
1665
-16970
-27103
-23658
-8361
11125
25038
26407
14547
-4601
-21443
-27544
-19845
-2205
16540
26999
23932
8875
-10627
-24806
-26557
-15004
4066
21099
27562
20217
2744
-16104
-26884
-24196
-9386
10126
24565
26698
15455
-3530
-20747
-27570
-20581
-3282
15662
26759
24451
9893
-9621
-24315
-26828
-15901
2992
20386
27567
20937
3819
-15213
-26623
-24696
-10397
9111
24055
26947
16340
-2454
-20018
-27553
-21285
-4354
14759
26478
24932
10896
-8599
-23786
-27056
-16773
1914
19642
27529
21625
4888
-14299
-26322
-25158
-11391
8083
23507
27155
17199
-1374
-19258
-27495
-21957
-5419
13833
26156
25375
11882
-7564
-23220
-27243
-17619
833
18867
27449
22280
5949
-13362
-25979
-25581
-12368
7042
22924
27321
18032
-291
-18469
-27393
-22595
-6477
12886
25793
25778
12849
-6517
-22618
-27389
-18438
-250
18063
27327
22900
7001
-12405
-25597
-25965
-13326
5990
22305
27445
18837
791
-17651
-27250
-23197
-7524
11919
25391
26142
13797
-5460
-21982
-27491
-19228
-1332
17231
27162
23486
8043
-11429
-25175
-26309
-14263
4929
21651
27527
19612
1872
-16806
-27064
-23764
-8559
10934
24950
26466
14723
-4395
-21312
-27552
-19989
-2412
16373
26956
24034
9072
-10435
-24714
-26613
-15178
3860
20964
27566
20358
2951
-15935
-26837
-24295
-9582
9932
24470
26749
15627
-3323
-20609
-27570
-20719
-3488
15490
26708
24546
10087
-9425
-24216
-26875
-16070
2785
20245
27563
21072
4025
-15039
-26569
-24788
-10589
8915
23952
26990
16507
-2246
-19874
-27545
-21417
-4559
14582
26419
25020
11087
-8401
-23680
-27096
-16937
1706
19495
27517
21754
5092
-14120
-26259
-25243
-11580
7884
23398
27190
17361
-1166
-19108
-27478
-22082
-5623
13653
26089
25455
12069
-7363
-23107
-27275
-17778
625
18715
27429
22402
6152
-13180
-25909
-25658
-12554
6840
22807
27348
18189
-83
-18313
-27369
-22713
-6679
12702
25719
25851
13033
-6315
-22499
-27412
-18592
-458
17905
27298
23016
7203
-12219
-25519
-26035
-13508
5786
22182
27464
18988
999
-17490
-27217
-23309
-7724
11731
25309
26208
13977
-5256
-21856
-27506
-19377
-1540
17068
27126
23594
8242
-11239
-25090
-26371
-14441
4724
21522
27538
19758
2080
-16640
-27024
-23869
-8757
10743
24860
26505
14826
-4344
-21429
-27904
-20559
-3100
15705
26411
23636
8768
-10742
-25122
-27166
-15852
3154
20348
27142
20152
2908
-15919
-26862
-24412
-9776
9738
24373
26798
15798
-3116
-20470
-27568
-20856
-3695
15317
26656
24640
10281
-9229
-24116
-26920
-16239
2578
20103
27557
21206
4231
-14864
-26512
-24878
-10781
8717
23849
27032
16673
-2039
-19729
-27536
-21548
-4765
14405
26359
25107
11277
-8202
-23572
-27133
-17101
1498
19347
27503
21881
5297
-13941
-26195
-25326
-11769
7684
23287
27224
17522
-958
-18958
-27461
-22206
-5827
13471
26021
25535
12256
-7162
-22993
-27304
-17937
416
18561
27407
22523
6355
-12996
-25837
-25734
-12739
6638
22690
27374
18345
125
-18157
-27343
-22831
-6881
12517
25643
25923
13216
-6112
-22378
-27433
-18745
-666
17746
27269
23130
7403
-12032
-25439
-26102
-13689
5583
22057
27482
19138
1207
-17329
-27183
-23420
-7923
11542
25226
26272
14156
-5052
-21728
-27520
-19524
-1748
16904
27088
23701
8440
-11049
-25003
-26431
-14618
4518
21391
27547
19903
2288
-16474
-26982
-23973
-8954
10551
24770
26580
15074
-3984
-21045
-27564
-20274
-2827
16036
26865
24236
9464
-10048
-24527
-26718
-15524
3447
20692
27570
20636
3365
-15593
-26739
-24489
-9971
9542
24275
26847
15969
-2909
-20330
-27565
-20991
-3901
15144
26602
24733
10474
-9033
-24014
-26965
-16407
2371
19960
27550
21338
4436
-14688
-26454
-24967
-10972
8520
23743
27072
16839
-1831
-19583
-27525
-21677
-4970
14227
26297
25192
11467
-8003
-23464
-27169
-17264
1290
19198
27488
22007
5501
-13761
-26129
-25407
-11957
7484
23175
27256
17683
-749
-18806
-27441
-22329
-6030
13289
25951
25612
12442
-6961
-22877
-27332
-18095
208
18407
27384
22642
6557
-12812
-25764
-25808
-12923
6436
22571
27398
18499
333
-18000
-27316
-22947
-7082
12331
25566
25993
13399
-5909
-22256
-27453
-18897
-874
17587
27237
23242
7604
-11844
-25358
-26169
-13869
5379
21932
27498
19288
1415
-17166
-27148
-23529
-8123
11353
25141
26334
14334
-4847
-21600
-27531
-19671
-1955
16739
27048
23807
8638
-10858
-24914
-26489
-14794
4313
21259
27555
20046
2495
-16306
-26938
-24075
-9151
10358
24677
26634
15248
-3777
-20910
-27567
-20414
-3034
15867
26818
24334
9660
-9854
-24431
-26769
-15696
3241
20553
27569
20774
3571
-15421
-26687
-24584
-10165
9347
24176
26893
16138
-2702
-20189
-27561
-21126
-4107
14969
26546
24824
10666
-8836
-23911
-27007
-16574
2163
19816
27542
21470
4642
-14512
-26395
-25055
-11163
8321
23637
27111
17003
-1623
-19436
-27512
-21805
-5174
14049
26233
25276
11656
-7804
-23354
-27204
-17426
1082
19048
27471
22132
5705
-13580
-26062
-25487
-12144
7283
23061
27287
17842
-541
-18653
-27420
-22451
-6233
13106
25880
25689
12628
-6760
-22760
-27359
-18251
0
18251
27359
22760
6760
-12628
-25689
-25880
-13106
6233
22451
27420
18653
541
-17842
-27287
-23061
-7283
12144
25487
26062
13580
-5705
-22132
-27471
-19048
-1082
17426
27204
23354
7804
-11656
-25276
-26233
-14049
5174
21805
27512
19436
1623
-17003
-27111
-23637
-8321
11163
25055
26395
14512
-4642
-21470
-27542
-19816
-2163
16574
27007
23911
8836
-10666
-24824
-26546
-14969
4107
21126
27561
20189
2702
-16138
-26893
-24176
-9347
10165
24584
26687
15421
-3571
-20774
-27569
-20553
-3241
15696
26769
24431
9854
-9660
-24334
-26818
-15867
3034
20414
27567
20910
3777
-15248
-26634
-24677
-10358
9151
24056
26865
16152
-2745
-20392
-27982
-21740
-4813
14294
25989
24414
10358
-9138
-24307
-27548
-17239
1475
19244
27186
21350
4692
-14407
-26353
-25141
-11353
8123
23529
27148
17166
-1415
-19288
-27498
-21932
-5379
13869
26169
25358
11844
-7604
-23242
-27237
-17587
874
18897
27453
22256
5909
-13399
-25993
-25566
-12331
7082
22947
27316
18000
-333
-18499
-27398
-22571
-6436
12923
25808
25764
12812
-6557
-22642
-27384
-18407
-208
18095
27332
22877
6961
-12442
-25612
-25951
-13289
6030
22329
27441
18806
749
-17683
-27256
-23175
-7484
11957
25407
26129
13761
-5501
-22007
-27488
-19198
-1290
17264
27169
23464
8003
-11467
-25192
-26297
-14227
4970
21677
27525
19583
1831
-16839
-27072
-23743
-8520
10972
24967
26454
14688
-4436
-21338
-27550
-19960
-2371
16407
26965
24014
9033
-10474
-24733
-26602
-15144
3901
20991
27565
20330
2909
-15969
-26847
-24275
-9542
9971
24489
26739
15593
-3365
-20636
-27570
-20692
-3447
15524
26718
24527
10048
-9464
-24236
-26865
-16036
2827
20274
27564
21045
3984
-15074
-26580
-24770
-10551
8954
23973
26982
16474
-2288
-19903
-27547
-21391
-4518
14618
26431
25003
11049
-8440
-23701
-27088
-16904
1748
19524
27520
21728
5052
-14156
-26272
-25226
-11542
7923
23420
27183
17329
-1207
-19138
-27482
-22057
-5583
13689
26102
25439
12032
-7403
-23130
-27269
-17746
666
18745
27433
22378
6112
-13216
-25923
-25643
-12517
6881
22831
27343
18157
-125
-18345
-27374
-22690
-6638
12739
25734
25837
12996
-6355
-22523
-27407
-18561
-416
17937
27304
22993
7162
-12256
-25535
-26021
-13471
5827
22206
27461
18958
958
-17522
-27224
-23287
-7684
11769
25326
26195
13941
-5297
-21881
-27503
-19347
-1498
17101
27133
23572
8202
-11277
-25107
-26359
-14405
4765
21548
27536
19729
2039
-16673
-27032
-23849
-8717
10781
24878
26512
14864
-4231
-21206
-27557
-20103
-2578
16239
26920
24116
9229
-10281
-24640
-26656
-15317
3695
20856
27568
20470
3116
-15798
-26798
-24373
-9738
9776
24393
26789
15764
-3158
-20498
-27569
-20829
-3654
15352
26666
24622
10242
-9268
-24136
-26911
-16205
2619
20132
27559
21179
4189
-14899
-26524
-24860
-10743
8757
23869
27024
16640
-2080
-19758
-27538
-21522
-4724
14441
26371
25090
11239
-8242
-23594
-27126
-17068
1540
19377
27506
21856
5256
-13977
-26208
-25309
-11731
7724
23309
27217
17490
-999
-18988
-27464
-22182
-5786
13508
26035
25519
12219
-7203
-23016
-27298
-17905
458
18592
27412
22499
6315
-13033
-25851
-25719
-12702
6679
22713
27369
18313
83
-18189
-27348
-22807
-6840
12554
25658
25909
13180
-6152
-22402
-27429
-18715
-625
17778
27275
23107
7363
-12069
-25455
-26089
-13653
5623
22082
27478
19108
1166
-17361
-27190
-23398
-7884
11580
25243
26259
14120
-5092
-21754
-27517
-19495
-1706
16937
27096
23680
8401
-11087
-25020
-26419
-14582
4559
21417
27545
19874
2246
-16507
-26990
-23952
-8915
10589
24788
26569
15039
-4025
-21072
-27563
-20245
-2785
16070
26875
24216
9425
-10087
-24546
-26708
-15490
3488
20719
27570
20609
3323
-15627
-26749
-24470
-9932
9582
24295
26837
15935
-2951
-20358
-27566
-20964
-3860
15178
26613
24714
10435
-9072
-24034
-26956
-16373
2412
19989
27552
21312
4395
-14723
-26466
-24950
-10934
8559
23764
27064
16806
-1872
-19612
-27527
-21651
-4929
14263
26309
25175
11429
-8043
-23486
-27162
-17231
1332
19228
27491
21982
5460
-13797
-26142
-25391
-11919
7505
23124
27095
17401
-1137
-19263
-27926
-22805
-6490
12826
25465
25097
11905
-7501
-23400
-27827
-18544
-177
18092
27139
22464
6444
-12868
-25778
-25793
-12886
6477
22595
27393
18469
291
-18032
-27321
-22924
-7042
12368
25581
25979
13362
-5949
-22280
-27449
-18867
-833
17619
27243
23220
7564
-11882
-25375
-26156
-13833
5419
21957
27495
19258
1374
-17199
-27155
-23507
-8083
11391
25158
26322
14299
-4888
-21625
-27529
-19642
-1914
16773
27056
23786
8599
-10896
-24932
-26478
-14759
4354
21285
27553
20018
2454
-16340
-26947
-24055
-9111
10397
24696
26623
15213
-3819
-20937
-27567
-20386
-2992
15901
26828
24315
9621
-9893
-24451
-26759
-15662
3282
20581
27570
20747
3530
-15455
-26698
-24565
-10126
9386
24196
26884
16104
-2744
-20217
-27562
-21099
-4066
15004
26557
24806
10627
-8875
-23932
-26999
-16540
2205
19845
27544
21443
4601
-14547
-26407
-25038
-11125
8361
23658
27103
16970
-1665
-19465
-27515
-21779
-5133
14084
26246
25259
11618
-7844
-23376
-27197
-17393
1124
19078
27475
22107
5664
-13616
-26075
-25471
-12107
7323
23084
27281
17810
-583
-18684
-27425
-22426
-6193
13143
25895
25674
12591
-6800
-22784
-27354
-18220
42
18282
27364
22737
6719
-12665
-25704
-25866
-13070
6274
22475
27416
18623
500
-17874
-27293
-23039
-7243
12181
25503
26048
13544
-5746
-22157
-27468
-19018
-1041
17458
27211
23332
7764
-11693
-25293
-26221
-14013
5215
21830
27509
19406
1581
-17036
-27118
-23615
-8282
11201
25072
26383
14476
-4683
-21496
-27540
-19787
-2122
16607
27016
23890
8796
-10704
-24842
-26535
-14934
4148
21153
27560
20160
2661
-16172
-26902
-24156
-9308
10203
24603
26677
15386
-3612
-20801
-27569
-20526
-3199
15730
26779
24412
9815
-9699
-24354
-26808
-15832
3075
20442
27568
20883
3736
-15282
-26645
-24659
-10319
9190
24095
26929
16273
-2537
-20075
-27556
-21232
-4272
14829
26501
24896
10819
-8678
-23828
-27040
-16706
1997
19700
27534
21574
4806
-14370
-26346
-25124
-11315
8162
23551
27141
17134
-1457
-19317
-27501
-21907
-5338
13905
26182
25342
11807
-7644
-23265
-27231
-17555
916
18928
27457
22231
5868
-13435
-26007
-25550
-12293
7122
22970
27310
17969
-375
-18530
-27403
-22547
-6396
12960
25822
25749
12776
-6598
-22666
-27379
-18376
-167
18126
27338
22854
6921
-12479
-25628
-25937
-13253
6071
22353
27437
18776
708
-17715
-27262
-23152
-7444
11994
25423
26116
13725
-5542
-22032
-27485
-19168
-1249
17296
27176
23442
7963
-11505
-25209
-26284
-14192
5011
21703
27522
19554
1789
-16872
-27080
-23722
-8480
11010
24985
26443
14653
-4477
-21365
-27549
-19932
-2329
16440
26973
23993
8993
-10512
-24751
-26591
-15109
3942
21018
27565
20302
2868
-16002
-26856
-24255
-9503
10010
24508
26729
15559
-3406
-20664
-27570
-20664
-3406
15559
26729
24508
10010
-9503
-24255
-26856
-16002
2868
20302
27565
21018
3942
-15109
-26591
-24751
-10512
8993
23993
26973
16440
-2329
-19932
-27549
-21365
-4477
14653
26443
24985
11010
-8480
-23722
-27080
-16872
1789
19554
27522
21703
5011
-14192
-26284
-25209
-11505
7963
23442
27176
17296
-1249
-19168
-27485
-22032
-5542
13725
26116
25423
11994
-7444
-23152
-27262
-17715
708
18776
27437
22353
6071
-13253
-25937
-25628
-12479
6921
22854
27338
18126
-167
-18376
-27379
-22666
-6598
12776
25749
25822
12960
-6396
-22547
-27403
-18530
-375
17969
27310
22970
7122
-12293
-25550
-26007
-13454
5795
22077
27207
18582
489
-18035
-27731
-23765
-8144
11307
24842
25682
13405
-5838
-22407
-27982
-19744
-1802
16884
26986
23477
8143
-11315
-25124
-26346
-14370
4806
21574
27534
19700
1997
-16706
-27040
-23828
-8678
10819
24896
26501
14829
-4272
-21232
-27556
-20075
-2537
16273
26929
24095
9190
-10319
-24659
-26645
-15282
3736
20883
27568
20442
3075
-15832
-26808
-24354
-9699
9815
24412
26779
15730
-3199
-20526
-27569
-20801
-3612
15386
26677
24603
10203
-9308
-24156
-26902
-16172
2661
20160
27560
21153
4148
-14934
-26535
-24842
-10704
8796
23890
27016
16607
-2122
-19787
-27540
-21496
-4683
14476
26383
25072
11201
-8282
-23615
-27118
-17036
1581
19406
27509
21830
5215
-14013
-26221
-25293
-11693
7764
23332
27211
17458
-1041
-19018
-27468
-22157
-5746
13544
26048
25503
12181
-7243
-23039
-27293
-17874
500
18623
27416
22475
6274
-13070
-25866
-25704
-12665
6719
22737
27364
18282
42
-18220
-27354
-22784
-6800
12591
25674
25895
13143
-6193
-22426
-27425
-18684
-583
17810
27281
23084
7323
-12107
-25471
-26075
-13616
5664
22107
27475
19078
1124
-17393
-27197
-23376
-7844
11618
25259
26246
14084
-5133
-21779
-27515
-19465
-1665
16970
27103
23658
8361
-11125
-25038
-26407
-14547
4601
21443
27544
19845
2205
-16540
-26999
-23932
-8875
10627
24806
26557
15004
-4066
-21099
-27562
-20217
-2744
16104
26884
24196
9386
-10126
-24565
-26698
-15455
3530
20747
27570
20581
3282
-15662
-26759
-24451
-9893
9621
24315
26828
15901
-2992
-20386
-27567
-20937
-3819
15213
26623
24696
10397
-9111
-24055
-26947
-16340
2454
20018
27553
21285
4354
-14759
-26478
-24932
-10896
8599
23786
27056
16773
-1914
-19642
-27529
-21625
-4888
14299
26322
25158
11391
-8083
-23507
-27155
-17199
1374
19258
27495
21957
5419
-13833
-26156
-25375
-11882
7564
23220
27243
17619
-833
-18867
-27449
-22280
-5949
13362
25979
25581
12368
-7042
-22924
-27321
-18032
291
18469
27393
22595
6477
-12886
-25793
-25778
-12849
6517
22618
27389
18438
250
-18063
-27327
-22900
-7001
12405
25597
25965
13326
-5990
-22305
-27445
-18837
-791
17651
27250
23197
7524
-11919
-25391
-26142
-13797
5460
21982
27491
19228
1332
-17231
-27162
-23486
-8043
11429
25175
26309
14263
-4929
-21651
-27527
-19612
-1872
16806
27064
23764
8559
-10934
-24950
-26466
-14723
4395
21312
27552
19989
2412
-16373
-26956
-24034
-9072
10435
24714
26613
15178
-3860
-20964
-27566
-20358
-2951
15935
26837
24295
9582
-9932
-24470
-26749
-15627
3323
20609
27570
20719
3488
-15490
-26708
-24546
-10087
9425
24216
26875
16070
-2785
-20245
-27563
-21072
-4025
15039
26569
24788
10589
-8915
-23952
-26990
-16507
2246
19874
27545
21417
4559
-14582
-26419
-25020
-11087
8401
23680
27096
16937
-1706
-19495
-27517
-21754
-5092
14120
26259
25243
11580
-7884
-23398
-27190
-17361
1166
19108
27478
22082
5623
-13653
-26089
-25455
-12069
7363
23107
27275
17778
-625
-18715
-27429
-22402
-6152
13180
25909
25658
12554
-6840
-22807
-27348
-18189
83
18313
27369
22713
6679
-12702
-25719
-25851
-13033
6315
22499
27412
18592
458
-17905
-27298
-23016
-7203
12219
25519
26035
13508
-5786
-22182
-27464
-18988
-999
17490
27217
23309
7724
-11731
-25309
-26208
-13977
5256
21856
27506
19377
1540
-17068
-27126
-23594
-8242
11239
25090
26371
14441
-4724
-21522
-27538
-19758
-2080
16640
27024
23869
8757
-10743
-24860
-26543
-14972
4035
20929
27213
19705
2138
-16705
-27411
-24636
-9768
9742
24122
26166
14852
-4154
-21310
-27996
-20843
-3408
15610
26715
24374
9776
-9738
-24373
-26798
-15798
3116
20470
27568
20856
3695
-15317
-26656
-24640
-10281
9229
24116
26920
16239
-2578
-20103
-27557
-21206
-4231
14864
26512
24878
10781
-8717
-23849
-27032
-16673
2039
19729
27536
21548
4765
-14405
-26359
-25107
-11277
8202
23572
27133
17101
-1498
-19347
-27503
-21881
-5297
13941
26195
25326
11769
-7684
-23287
-27224
-17522
958
18958
27461
22206
5827
-13471
-26021
-25535
-12256
7162
22993
27304
17937
-416
-18561
-27407
-22523
-6355
12996
25837
25734
12739
-6638
-22690
-27374
-18345
-125
18157
27343
22831
6881
-12517
-25643
-25923
-13216
6112
22378
27433
18745
666
-17746
-27269
-23130
-7403
12032
25439
26102
13689
-5583
-22057
-27482
-19138
-1207
17329
27183
23420
7923
-11542
-25226
-26272
-14156
5052
21728
27520
19524
1748
-16904
-27088
-23701
-8440
11049
25003
26431
14618
-4518
-21391
-27547
-19903
-2288
16474
26982
23973
8954
-10551
-24770
-26580
-15074
3984
21045
27564
20274
2827
-16036
-26865
-24236
-9464
10048
24527
26718
15524
-3447
-20692
-27570
-20636
-3365
15593
26739
24489
9971
-9542
-24275
-26847
-15969
2909
20330
27565
20991
3901
-15144
-26602
-24733
-10474
9033
24014
26965
16407
-2371
-19960
-27550
-21338
-4436
14688
26454
24967
10972
-8520
-23743
-27072
-16839
1831
19583
27525
21677
4970
-14227
-26297
-25192
-11467
8003
23464
27169
17264
-1290
-19198
-27488
-22007
-5501
13761
26129
25407
11957
-7484
-23175
-27256
-17683
749
18806
27441
22329
6030
-13289
-25951
-25612
-12442
6961
22877
27332
18095
-208
-18407
-27384
-22642
-6557
12812
25764
25808
12923
-6436
-22571
-27398
-18499
-333
18000
27316
22947
7082
-12331
-25566
-25993
-13399
5909
22256
27453
18897
874
-17587
-27237
-23242
-7604
11844
25358
26169
13869
-5379
-21932
-27498
-19288
-1415
17166
27148
23529
8123
-11353
-25141
-26334
-14334
4847
21600
27531
19671
1955
-16739
-27048
-23807
-8638
10858
24914
26489
14794
-4313
-21259
-27555
-20046
-2495
16306
26938
24075
9151
-10358
-24677
-26634
-15248
3777
20910
27567
20414
3034
-15867
-26818
-24334
-9660
9854
24431
26769
15696
-3241
-20553
-27569
-20774
-3571
15421
26687
24584
10165
-9347
-24176
-26893
-16138
2702
20189
27561
21126
4107
-14969
-26546
-24824
-10666
8836
23911
27007
16574
-2163
-19816
-27542
-21470
-4642
14512
26395
25055
11163
-8321
-23637
-27111
-17003
1623
19436
27512
21805
5174
-14049
-26233
-25276
-11656
7804
23354
27204
17426
-1082
-19048
-27471
-22132
-5705
13580
26062
25487
12144
-7283
-23061
-27287
-17842
541
18653
27420
22451
6233
-13106
-25880
-25689
-12628
6760
22760
27359
18251
0
-18251
-27359
-22760
-6760
12628
25689
25880
13106
-6233
-22451
-27420
-18653
-541
17842
27287
23061
7283
-12144
-25487
-26062
-13580
5705
22132
27471
19048
1082
-17426
-27204
-23354
-7804
11656
25276
26233
14049
-5174
-21805
-27512
-19436
-1623
17003
27111
23637
8321
-11163
-25055
-26395
-14512
4642
21470
27542
19816
2163
-16574
-27007
-23911
-8836
10666
24824
26546
14969
-4107
-21126
-27561
-20189
-2702
16138
26893
24176
9347
-10165
-24584
-26687
-15421
3571
20774
27569
20553
3241
-15696
-26769
-24431
-9854
9660
24334
26818
15867
-3034
-20414
-27567
-20910
-3777
15248
26634
24677
10358
-9151
-24056
-26865
-16152
2745
20392
27982
21740
4813
-14294
-25989
-24414
-10358
9138
24307
27548
17239
-1475
-19244
-27186
-21350
-4692
14407
26353
25141
11353
-8123
-23529
-27148
-17166
1415
19288
27498
21932
5379
-13869
-26169
-25358
-11844
7604
23242
27237
17587
-874
-18897
-27453
-22256
-5909
13399
25993
25566
12331
-7082
-22947
-27316
-18000
333
18499
27398
22571
6436
-12923
-25808
-25764
-12812
6557
22642
27384
18407
208
-18095
-27332
-22877
-6961
12442
25612
25951
13289
-6030
-22329
-27441
-18806
-749
17683
27256
23175
7484
-11957
-25407
-26129
-13761
5501
22007
27488
19198
1290
-17264
-27169
-23464
-8003
11467
25192
26297
14227
-4970
-21677
-27525
-19583
-1831
16839
27072
23743
8520
-10972
-24967
-26454
-14688
4436
21338
27550
19960
2371
-16407
-26965
-24014
-9033
10474
24733
26602
15144
-3901
-20991
-27565
-20330
-2909
15969
26847
24275
9542
-9971
-24489
-26739
-15593
3365
20636
27570
20692
3447
-15524
-26718
-24527
-10048
9464
24236
26865
16036
-2827
-20274
-27564
-21045
-3984
15074
26580
24770
10551
-8954
-23973
-26982
-16474
2288
19903
27547
21391
4518
-14618
-26431
-25003
-11049
8440
23701
27088
16904
-1748
-19524
-27520
-21728
-5052
14156
26272
25226
11542
-7923
-23420
-27183
-17329
1207
19138
27482
22057
5583
-13689
-26102
-25439
-12032
7403
23130
27269
17746
-666
-18745
-27433
-22378
-6112
13216
25923
25643
12517
-6881
-22831
-27343
-18157
125
18345
27374
22690
6638
-12739
-25734
-25837
-12996
6355
22523
27407
18561
416
-17937
-27304
-22993
-7162
12256
25535
26021
13471
-5827
-22206
-27461
-18958
-958
17522
27224
23287
7684
-11769
-25326
-26195
-13941
5297
21881
27503
19347
1498
-17101
-27133
-23572
-8202
11277
25107
26359
14405
-4765
-21548
-27536
-19729
-2039
16673
27032
23849
8717
-10781
-24878
-26512
-14864
4231
21206
27557
20103
2578
-16239
-26920
-24116
-9229
10281
24640
26656
15317
-3695
-20856
-27568
-20470
-3116
15798
26798
24373
9738
-9776
-24393
-26789
-15764
3158
20498
27569
20829
3654
-15352
-26666
-24622
-10242
9268
24136
26911
16205
-2619
-20132
-27559
-21179
-4189
14899
26524
24860
10743
-8757
-23869
-27024
-16640
2080
19758
27538
21522
4724
-14441
-26371
-25090
-11239
8242
23594
27126
17068
-1540
-19377
-27506
-21856
-5256
13977
26208
25309
11731
-7724
-23309
-27217
-17490
999
18988
27464
22182
5786
-13508
-26035
-25519
-12219
7203
23016
27298
17905
-458
-18592
-27412
-22499
-6315
13033
25851
25719
12702
-6679
-22713
-27369
-18313
-83
18189
27348
22807
6840
-12554
-25658
-25909
-13180
6152
22402
27429
18715
625
-17778
-27275
-23107
-7363
12069
25455
26089
13653
-5623
-22082
-27478
-19108
-1166
17361
27190
23398
7884
-11580
-25243
-26259
-14120
5092
21754
27517
19495
1706
-16937
-27096
-23680
-8401
11087
25020
26419
14582
-4559
-21417
-27545
-19874
-2246
16507
26990
23952
8915
-10589
-24788
-26569
-15039
4025
21072
27563
20245
2785
-16070
-26875
-24216
-9425
10087
24546
26708
15490
-3488
-20719
-27570
-20609
-3323
15627
26749
24470
9932
-9582
-24295
-26837
-15935
2951
20358
27566
20964
3860
-15178
-26613
-24714
-10435
9072
24034
26956
16373
-2412
-19989
-27552
-21312
-4395
14723
26466
24950
10934
-8559
-23764
-27064
-16806
1872
19612
27527
21651
4929
-14263
-26309
-25175
-11429
8043
23486
27162
17231
-1332
-19228
-27491
-21982
-5460
13797
26142
25391
11919
-7505
-23124
-27095
-17401
1137
19263
27926
22805
6490
-12826
-25465
-25097
-11905
7501
23400
27827
18544
177
-18092
-27139
-22464
-6444
12868
25778
25793
12886
-6477
-22595
-27393
-18469
-291
18032
27321
22924
7042
-12368
-25581
-25979
-13362
5949
22280
27449
18867
833
-17619
-27243
-23220
-7564
11882
25375
26156
13833
-5419
-21957
-27495
-19258
-1374
17199
27155
23507
8083
-11391
-25158
-26322
-14299
4888
21625
27529
19642
1914
-16773
-27056
-23786
-8599
10896
24932
26478
14759
-4354
-21285
-27553
-20018
-2454
16340
26947
24055
9111
-10397
-24696
-26623
-15213
3819
20937
27567
20386
2992
-15901
-26828
-24315
-9621
9893
24451
26759
15662
-3282
-20581
-27570
-20747
-3530
15455
26698
24565
10126
-9386
-24196
-26884
-16104
2744
20217
27562
21099
4066
-15004
-26557
-24806
-10627
8875
23932
26999
16540
-2205
-19845
-27544
-21443
-4601
14547
26407
25038
11125
-8361
-23658
-27103
-16970
1665
19465
27515
21779
5133
-14084
-26246
-25259
-11618
7844
23376
27197
17393
-1124
-19078
-27475
-22107
-5664
13616
26075
25471
12107
-7323
-23084
-27281
-17810
583
18684
27425
22426
6193
-13143
-25895
-25674
-12591
6800
22784
27354
18220
-42
-18282
-27364
-22737
-6719
12665
25704
25866
13070
-6274
-22475
-27416
-18623
-500
17874
27293
23039
7243
-12181
-25503
-26048
-13544
5746
22157
27468
19018
1041
-17458
-27211
-23332
-7764
11693
25293
26221
14013
-5215
-21830
-27509
-19406
-1581
17036
27118
23615
8282
-11201
-25072
-26383
-14476
4683
21496
27540
19787
2122
-16607
-27016
-23890
-8796
10704
24842
26535
14934
-4148
-21153
-27560
-20160
-2661
16172
26902
24156
9308
-10203
-24603
-26677
-15386
3612
20801
27569
20526
3199
-15730
-26779
-24412
-9815
9699
24354
26808
15832
-3075
-20442
-27568
-20883
-3736
15282
26645
24659
10319
-9190
-24095
-26929
-16273
2537
20075
27556
21232
4272
-14829
-26501
-24896
-10819
8678
23828
27040
16706
-1997
-19700
-27534
-21574
-4806
14370
26346
25124
11315
-8162
-23551
-27141
-17134
1457
19317
27501
21907
5338
-13905
-26182
-25342
-11807
7644
23265
27231
17555
-916
-18928
-27457
-22231
-5868
13435
26007
25550
12293
-7122
-22970
-27310
-17969
375
18530
27403
22547
6396
-12960
-25822
-25749
-12776
6598
22666
27379
18376
167
-18126
-27338
-22854
-6921
12479
25628
25937
13253
-6071
-22353
-27437
-18776
-708
17715
27262
23152
7444
-11994
-25423
-26116
-13725
5542
22032
27485
19168
1249
-17296
-27176
-23442
-7963
11505
25209
26284
14192
-5011
-21703
-27522
-19554
-1789
16872
27080
23722
8480
-11010
-24985
-26443
-14653
4477
21365
27549
19932
2329
-16440
-26973
-23993
-8993
10512
24751
26591
15109
-3942
-21018
-27565
-20302
-2868
16002
26856
24255
9503
-10010
-24508
-26729
-15559
3406
20664
27570
20664
3406
-15559
-26729
-24508
-10010
9503
24255
26856
16002
-2868
-20302
-27565
-21018
-3942
15109
26591
24751
10512
-8993
-23993
-26973
-16440
2329
19932
27549
21365
4477
-14653
-26443
-24985
-11010
8480
23722
27080
16872
-1789
-19554
-27522
-21703
-5011
14192
26284
25209
11505
-7963
-23442
-27176
-17296
1249
19168
27485
22032
5542
-13725
-26116
-25423
-11994
7444
23152
27262
17715
-708
-18776
-27437
-22353
-6071
13253
25937
25628
12479
-6921
-22854
-27338
-18126
167
18376
27379
22666
6598
-12776
-25749
-25822
-12960
6396
22547
27403
18530
375
-17969
-27310
-22970
-7122
12293
25550
26007
13454
-5795
-22077
-27207
-18582
-489
18035
27731
23765
8144
-11307
-24842
-25682
-13405
5838
22407
27982
19744
1802
-16884
-26986
-23477
-8143
11315
25124
26346
14370
-4806
-21574
-27534
-19700
-1997
16706
27040
23828
8678
-10819
-24896
-26501
-14829
4272
21232
27556
20075
2537
-16273
-26929
-24095
-9190
10319
24659
26645
15282
-3736
-20883
-27568
-20442
-3075
15832
26808
24354
9699
-9815
-24412
-26779
-15730
3199
20526
27569
20801
3612
-15386
-26677
-24603
-10203
9308
24156
26902
16172
-2661
-20160
-27560
-21153
-4148
14934
26535
24842
10704
-8796
-23890
-27016
-16607
2122
19787
27540
21496
4683
-14476
-26383
-25072
-11201
8282
23615
27118
17036
-1581
-19406
-27509
-21830
-5215
14013
26221
25293
11693
-7764
-23332
-27211
-17458
1041
19018
27468
22157
5746
-13544
-26048
-25503
-12181
7243
23039
27293
17874
-500
-18623
-27416
-22475
-6274
13070
25866
25704
12665
-6719
-22737
-27364
-18282
-42
18220
27354
22784
6800
-12591
-25674
-25895
-13143
6193
22426
27425
18684
583
-17810
-27281
-23084
-7323
12107
25471
26075
13616
-5664
-22107
-27475
-19078
-1124
17393
27197
23376
7844
-11618
-25259
-26246
-14084
5133
21779
27515
19465
1665
-16970
-27103
-23658
-8361
11125
25038
26407
14547
-4601
-21443
-27544
-19845
-2205
16540
26999
23932
8875
-10627
-24806
-26557
-15004
4066
21099
27562
20217
2744
-16104
-26884
-24196
-9386
10126
24565
26698
15455
-3530
-20747
-27570
-20581
-3282
15662
26759
24451
9893
-9621
-24315
-26828
-15901
2992
20386
27567
20937
3819
-15213
-26623
-24696
-10397
9111
24055
26947
16340
-2454
-20018
-27553
-21285
-4354
14759
26478
24932
10896
-8599
-23786
-27056
-16773
1914
19642
27529
21625
4888
-14299
-26322
-25158
-11391
8083
23507
27155
17199
-1374
-19258
-27495
-21957
-5419
13833
26156
25375
11882
-7564
-23220
-27243
-17619
833
18867
27449
22280
5949
-13362
-25979
-25581
-12368
7042
22924
27321
18032
-291
-18469
-27393
-22595
-6477
12886
25793
25778
12849
-6517
-22618
-27389
-18438
-250
18063
27327
22900
7001
-12405
-25597
-25965
-13326
5990
22305
27445
18837
791
-17651
-27250
-23197
-7524
11919
25391
26142
13797
-5460
-21982
-27491
-19228
-1332
17231
27162
23486
8043
-11429
-25175
-26309
-14263
4929
21651
27527
19612
1872
-16806
-27064
-23764
-8559
10934
24950
26466
14723
-4395
-21312
-27552
-19989
-2412
16373
26956
24034
9072
-10435
-24714
-26613
-15178
3860
20964
27566
20358
2951
-15935
-26837
-24295
-9582
9932
24470
26749
15627
-3323
-20609
-27570
-20719
-3488
15490
26708
24546
10087
-9425
-24216
-26875
-16070
2785
20245
27563
21072
4025
-15039
-26569
-24788
-10589
8915
23952
26990
16507
-2246
-19874
-27545
-21417
-4559
14582
26419
25020
11087
-8401
-23680
-27096
-16937
1706
19495
27517
21754
5092
-14120
-26259
-25243
-11580
7884
23398
27190
17361
-1166
-19108
-27478
-22082
-5623
13653
26089
25455
12069
-7363
-23107
-27275
-17778
625
18715
27429
22402
6152
-13180
-25909
-25658
-12554
6840
22807
27348
18189
-83
-18313
-27369
-22713
-6679
12702
25719
25851
13033
-6315
-22499
-27412
-18592
-458
17905
27298
23016
7203
-12219
-25519
-26035
-13508
5786
22182
27464
18988
999
-17490
-27217
-23309
-7724
11731
25309
26208
13977
-5256
-21856
-27506
-19377
-1540
17068
27126
23594
8242
-11239
-25090
-26371
-14441
4724
21522
27538
19758
2080
-16640
-27024
-23869
-8757
10743
24860
26505
14826
-4344
-21429
-27904
-20559
-3100
15705
26411
23636
8768
-10742
-25122
-27166
-15852
3154
20348
27142
20152
2908
-15919
-26862
-24412
-9776
9738
24373
26798
15798
-3116
-20470
-27568
-20856
-3695
15317
26656
24640
10281
-9229
-24116
-26920
-16239
2578
20103
27557
21206
4231
-14864
-26512
-24878
-10781
8717
23849
27032
16673
-2039
-19729
-27536
-21548
-4765
14405
26359
25107
11277
-8202
-23572
-27133
-17101
1498
19347
27503
21881
5297
-13941
-26195
-25326
-11769
7684
23287
27224
17522
-958
-18958
-27461
-22206
-5827
13471
26021
25535
12256
-7162
-22993
-27304
-17937
416
18561
27407
22523
6355
-12996
-25837
-25734
-12739
6638
22690
27374
18345
125
-18157
-27343
-22831
-6881
12517
25643
25923
13216
-6112
-22378
-27433
-18745
-666
17746
27269
23130
7403
-12032
-25439
-26102
-13689
5583
22057
27482
19138
1207
-17329
-27183
-23420
-7923
11542
25226
26272
14156
-5052
-21728
-27520
-19524
-1748
16904
27088
23701
8440
-11049
-25003
-26431
-14618
4518
21391
27547
19903
2288
-16474
-26982
-23973
-8954
10551
24770
26580
15074
-3984
-21045
-27564
-20274
-2827
16036
26865
24236
9464
-10048
-24527
-26718
-15524
3447
20692
27570
20636
3365
-15593
-26739
-24489
-9971
9542
24275
26847
15969
-2909
-20330
-27565
-20991
-3901
15144
26602
24733
10474
-9033
-24014
-26965
-16407
2371
19960
27550
21338
4436
-14688
-26454
-24967
-10972
8520
23743
27072
16839
-1831
-19583
-27525
-21677
-4970
14227
26297
25192
11467
-8003
-23464
-27169
-17264
1290
19198
27488
22007
5501
-13761
-26129
-25407
-11957
7484
23175
27256
17683
-749
-18806
-27441
-22329
-6030
13289
25951
25612
12442
-6961
-22877
-27332
-18095
208
18407
27384
22642
6557
-12812
-25764
-25808
-12923
6436
22571
27398
18499
333
-18000
-27316
-22947
-7082
12331
25566
25993
13399
-5909
-22256
-27453
-18897
-874
17587
27237
23242
7604
-11844
-25358
-26169
-13869
5379
21932
27498
19288
1415
-17166
-27148
-23529
-8123
11353
25141
26334
14334
-4847
-21600
-27531
-19671
-1955
16739
27048
23807
8638
-10858
-24914
-26489
-14794
4313
21259
27555
20046
2495
-16306
-26938
-24075
-9151
10358
24677
26634
15248
-3777
-20910
-27567
-20414
-3034
15867
26818
24334
9660
-9854
-24431
-26769
-15696
3241
20553
27569
20774
3571
-15421
-26687
-24584
-10165
9347
24176
26893
16138
-2702
-20189
-27561
-21126
-4107
14969
26546
24824
10666
-8836
-23911
-27007
-16574
2163
19816
27542
21470
4642
-14512
-26395
-25055
-11163
8321
23637
27111
17003
-1623
-19436
-27512
-21805
-5174
14049
26233
25276
11656
-7804
-23354
-27204
-17426
1082
19048
27471
22132
5705
-13580
-26062
-25487
-12144
7283
23061
27287
17842
-541
-18653
-27420
-22451
-6233
13106
25880
25689
12628
-6760
-22760
-27359
-18251
0
18251
27359
22760
6760
-12628
-25689
-25880
-13106
6233
22451
27420
18653
541
-17842
-27287
-23061
-7283
12144
25487
26062
13580
-5705
-22132
-27471
-19048
-1082
17426
27204
23354
7804
-11656
-25276
-26233
-14049
5174
21805
27512
19436
1623
-17003
-27111
-23637
-8321
11163
25055
26395
14512
-4642
-21470
-27542
-19816
-2163
16574
27007
23911
8836
-10666
-24824
-26546
-14969
4107
21126
27561
20189
2702
-16138
-26893
-24176
-9347
10165
24584
26687
15421
-3571
-20774
-27569
-20553
-3241
15696
26769
24431
9854
-9660
-24334
-26818
-15867
3034
20414
27567
20910
3777
-15248
-26634
-24677
-10358
9151
24056
26865
16152
-2745
-20392
-27982
-21740
-4813
14294
25989
24414
10358
-9138
-24307
-27548
-17239
1475
19244
27186
21350
4692
-14407
-26353
-25141
-11353
8123
23529
27148
17166
-1415
-19288
-27498
-21932
-5379
13869
26169
25358
11844
-7604
-23242
-27237
-17587
874
18897
27453
22256
5909
-13399
-25993
-25566
-12331
7082
22947
27316
18000
-333
-18499
-27398
-22571
-6436
12923
25808
25764
12812
-6557
-22642
-27384
-18407
-208
18095
27332
22877
6961
-12442
-25612
-25951
-13289
6030
22329
27441
18806
749
-17683
-27256
-23175
-7484
11957
25407
26129
13761
-5501
-22007
-27488
-19198
-1290
17264
27169
23464
8003
-11467
-25192
-26297
-14227
4970
21677
27525
19583
1831
-16839
-27072
-23743
-8520
10972
24967
26454
14688
-4436
-21338
-27550
-19960
-2371
16407
26965
24014
9033
-10474
-24733
-26602
-15144
3901
20991
27565
20330
2909
-15969
-26847
-24275
-9542
9971
24489
26739
15593
-3365
-20636
-27570
-20692
-3447
15524
26718
24527
10048
-9464
-24236
-26865
-16036
2827
20274
27564
21045
3984
-15074
-26580
-24770
-10551
8954
23973
26982
16474
-2288
-19903
-27547
-21391
-4518
14618
26431
25003
11049
-8440
-23701
-27088
-16904
1748
19524
27520
21728
5052
-14156
-26272
-25226
-11542
7923
23420
27183
17329
-1207
-19138
-27482
-22057
-5583
13689
26102
25439
12032
-7403
-23130
-27269
-17746
666
18745
27433
22378
6112
-13216
-25923
-25643
-12517
6881
22831
27343
18157
-125
-18345
-27374
-22690
-6638
12739
25734
25837
12996
-6355
-22523
-27407
-18561
-416
17937
27304
22993
7162
-12256
-25535
-26021
-13471
5827
22206
27461
18958
958
-17522
-27224
-23287
-7684
11769
25326
26195
13941
-5297
-21881
-27503
-19347
-1498
17101
27133
23572
8202
-11277
-25107
-26359
-14405
4765
21548
27536
19729
2039
-16673
-27032
-23849
-8717
10781
24878
26512
14864
-4231
-21206
-27557
-20103
-2578
16239
26920
24116
9229
-10281
-24640
-26656
-15317
3695
20856
27568
20470
3116
-15798
-26798
-24373
-9738
9776
24393
26789
15764
-3158
-20498
-27569
-20829
-3654
15352
26666
24622
10242
-9268
-24136
-26911
-16205
2619
20132
27559
21179
4189
-14899
-26524
-24860
-10743
8757
23869
27024
16640
-2080
-19758
-27538
-21522
-4724
14441
26371
25090
11239
-8242
-23594
-27126
-17068
1540
19377
27506
21856
5256
-13977
-26208
-25309
-11731
7724
23309
27217
17490
-999
-18988
-27464
-22182
-5786
13508
26035
25519
12219
-7203
-23016
-27298
-17905
458
18592
27412
22499
6315
-13033
-25851
-25719
-12702
6679
22713
27369
18313
83
-18189
-27348
-22807
-6840
12554
25658
25909
13180
-6152
-22402
-27429
-18715
-625
17778
27275
23107
7363
-12069
-25455
-26089
-13653
5623
22082
27478
19108
1166
-17361
-27190
-23398
-7884
11580
25243
26259
14120
-5092
-21754
-27517
-19495
-1706
16937
27096
23680
8401
-11087
-25020
-26419
-14582
4559
21417
27545
19874
2246
-16507
-26990
-23952
-8915
10589
24788
26569
15039
-4025
-21072
-27563
-20245
-2785
16070
26875
24216
9425
-10087
-24546
-26708
-15490
3488
20719
27570
20609
3323
-15627
-26749
-24470
-9932
9582
24295
26837
15935
-2951
-20358
-27566
-20964
-3860
15178
26613
24714
10435
-9072
-24034
-26956
-16373
2412
19989
27552
21312
4395
-14723
-26466
-24950
-10934
8559
23764
27064
16806
-1872
-19612
-27527
-21651
-4929
14263
26309
25175
11429
-8043
-23486
-27162
-17231
1332
19228
27491
21982
5460
-13797
-26142
-25391
-11919
7543
23271
27404
17901
-445
-18410
-26964
-21805
-5490
13826
26465
26097
12905
-6501
-22400
-26827
-17582
677
18783
27639
22773
6590
-12830
-25778
-25793
-12886
6477
22595
27393
18469
291
-18032
-27321
-22924
-7042
12368
25581
25979
13362
-5949
-22280
-27449
-18867
-833
17619
27243
23220
7564
-11882
-25375
-26156
-13833
5419
21957
27495
19258
1374
-17199
-27155
-23507
-8083
11391
25158
26322
14299
-4888
-21625
-27529
-19642
-1914
16773
27056
23786
8599
-10896
-24932
-26478
-14759
4354
21285
27553
20018
2454
-16340
-26947
-24055
-9111
10397
24696
26623
15213
-3819
-20937
-27567
-20386
-2992
15901
26828
24315
9621
-9893
-24451
-26759
-15662
3282
20581
27570
20747
3530
-15455
-26698
-24565
-10126
9386
24196
26884
16104
-2744
-20217
-27562
-21099
-4066
15004
26557
24806
10627
-8875
-23932
-26999
-16540
2205
19845
27544
21443
4601
-14547
-26407
-25038
-11125
8361
23658
27103
16970
-1665
-19465
-27515
-21779
-5133
14084
26246
25259
11618
-7844
-23376
-27197
-17393
1124
19078
27475
22107
5664
-13616
-26075
-25471
-12107
7323
23084
27281
17810
-583
-18684
-27425
-22426
-6193
13143
25895
25674
12591
-6800
-22784
-27354
-18220
42
18282
27364
22737
6719
-12665
-25704
-25866
-13070
6274
22475
27416
18623
500
-17874
-27293
-23039
-7243
12181
25503
26048
13544
-5746
-22157
-27468
-19018
-1041
17458
27211
23332
7764
-11693
-25293
-26221
-14013
5215
21830
27509
19406
1581
-17036
-27118
-23615
-8282
11201
25072
26383
14476
-4683
-21496
-27540
-19787
-2122
16607
27016
23890
8796
-10704
-24842
-26535
-14934
4148
21153
27560
20160
2661
-16172
-26902
-24156
-9308
10203
24603
26677
15386
-3612
-20801
-27569
-20526
-3199
15730
26779
24412
9815
-9699
-24354
-26808
-15832
3075
20442
27568
20883
3736
-15282
-26645
-24659
-10319
9190
24095
26929
16273
-2537
-20075
-27556
-21232
-4272
14829
26501
24896
10819
-8678
-23828
-27040
-16706
1997
19700
27534
21574
4806
-14370
-26346
-25124
-11315
8162
23551
27141
17134
-1457
-19317
-27501
-21907
-5338
13905
26182
25342
11807
-7644
-23265
-27231
-17555
916
18928
27457
22231
5868
-13435
-26007
-25550
-12293
7122
22970
27310
17969
-375
-18530
-27403
-22547
-6396
12960
25822
25749
12776
-6598
-22666
-27379
-18376
-167
18126
27338
22854
6921
-12479
-25628
-25937
-13253
6071
22353
27437
18776
708
-17715
-27262
-23152
-7444
11994
25423
26116
13725
-5542
-22032
-27485
-19168
-1249
17296
27176
23442
7963
-11505
-25209
-26284
-14192
5011
21703
27522
19554
1789
-16872
-27080
-23722
-8480
11010
24985
26443
14653
-4477
-21365
-27549
-19932
-2329
16440
26973
23993
8993
-10512
-24751
-26591
-15109
3942
21018
27565
20302
2868
-16002
-26856
-24255
-9503
10010
24508
26729
15559
-3406
-20664
-27570
-20664
-3406
15559
26729
24508
10010
-9503
-24255
-26856
-16002
2868
20302
27565
21018
3942
-15109
-26591
-24751
-10512
8993
23993
26973
16440
-2329
-19932
-27549
-21365
-4477
14653
26443
24985
11010
-8480
-23722
-27080
-16872
1789
19554
27522
21703
5011
-14192
-26284
-25209
-11505
7963
23442
27176
17296
-1249
-19168
-27485
-22032
-5542
13725
26116
25423
11994
-7444
-23152
-27262
-17715
708
18776
27437
22353
6071
-13253
-25937
-25628
-12479
6921
22854
27338
18126
-167
-18376
-27379
-22666
-6598
12776
25749
25822
12960
-6396
-22547
-27403
-18530
-375
17969
27310
22970
7122
-12293
-25550
-26007
-13454
5795
22077
27207
18582
489
-18035
-27731
-23765
-8144
11307
24842
25682
13405
-5838
-22407
-27982
-19744
-1802
16884
26986
23477
8143
-11315
-25124
-26346
-14370
4806
21574
27534
19700
1997
-16706
-27040
-23828
-8678
10819
24896
26501
14829
-4272
-21232
-27556
-20075
-2537
16273
26929
24095
9190
-10319
-24659
-26645
-15282
3736
20883
27568
20442
3075
-15832
-26808
-24354
-9699
9815
24412
26779
15730
-3199
-20526
-27569
-20801
-3612
15386
26677
24603
10203
-9308
-24156
-26902
-16172
2661
20160
27560
21153
4148
-14934
-26535
-24842
-10704
8796
23890
27016
16607
-2122
-19787
-27540
-21496
-4683
14476
26383
25072
11201
-8282
-23615
-27118
-17036
1581
19406
27509
21830
5215
-14013
-26221
-25293
-11693
7764
23332
27211
17458
-1041
-19018
-27468
-22157
-5746
13544
26048
25503
12181
-7243
-23039
-27293
-17874
500
18623
27416
22475
6274
-13070
-25866
-25704
-12665
6719
22737
27364
18282
42
-18220
-27354
-22784
-6800
12591
25674
25895
13143
-6193
-22426
-27425
-18684
-583
17810
27281
23084
7323
-12107
-25471
-26075
-13616
5664
22107
27475
19078
1124
-17393
-27197
-23376
-7844
11618
25259
26246
14084
-5133
-21779
-27515
-19465
-1665
16970
27103
23658
8361
-11125
-25038
-26407
-14547
4601
21443
27544
19845
2205
-16540
-26999
-23932
-8875
10627
24806
26557
15004
-4066
-21099
-27562
-20217
-2744
16104
26884
24196
9386
-10126
-24565
-26698
-15455
3530
20747
27570
20581
3282
-15662
-26759
-24451
-9893
9621
24315
26828
15901
-2992
-20386
-27567
-20937
-3819
15213
26623
24696
10397
-9111
-24055
-26947
-16340
2454
20018
27553
21285
4354
-14759
-26478
-24932
-10896
8599
23786
27056
16773
-1914
-19642
-27529
-21625
-4888
14299
26322
25158
11391
-8083
-23507
-27155
-17199
1374
19258
27495
21957
5419
-13833
-26156
-25375
-11882
7564
23220
27243
17619
-833
-18867
-27449
-22280
-5949
13362
25979
25581
12368
-7042
-22924
-27321
-18032
291
18469
27393
22595
6477
-12886
-25793
-25778
-12849
6517
22618
27389
18438
250
-18063
-27327
-22900
-7001
12405
25597
25965
13326
-5990
-22305
-27445
-18837
-791
17651
27250
23197
7524
-11919
-25391
-26142
-13797
5460
21982
27491
19228
1332
-17231
-27162
-23486
-8043
11429
25175
26309
14263
-4929
-21651
-27527
-19612
-1872
16806
27064
23764
8559
-10934
-24950
-26466
-14723
4395
21312
27552
19989
2412
-16373
-26956
-24034
-9072
10435
24714
26613
15178
-3860
-20964
-27566
-20358
-2951
15935
26837
24295
9582
-9932
-24470
-26749
-15627
3323
20609
27570
20719
3488
-15490
-26708
-24546
-10087
9425
24216
26875
16070
-2785
-20245
-27563
-21072
-4025
15039
26569
24788
10589
-8915
-23952
-26990
-16507
2246
19874
27545
21417
4559
-14582
-26419
-25020
-11087
8401
23680
27096
16937
-1706
-19495
-27517
-21754
-5092
14120
26259
25243
11580
-7884
-23398
-27190
-17361
1166
19108
27478
22082
5623
-13653
-26089
-25455
-12069
7363
23107
27275
17778
-625
-18715
-27429
-22402
-6152
13180
25909
25658
12554
-6840
-22807
-27348
-18189
83
18313
27369
22713
6679
-12702
-25719
-25851
-13033
6315
22499
27412
18592
458
-17905
-27298
-23016
-7203
12219
25519
26035
13508
-5786
-22182
-27464
-18988
-999
17490
27217
23309
7724
-11731
-25309
-26208
-13977
5256
21856
27506
19377
1540
-17068
-27126
-23594
-8242
11239
25090
26371
14441
-4724
-21522
-27538
-19758
-2080
16640
27024
23869
8757
-10743
-24860
-26505
-14826
4344
21429
27904
20559
3100
-15705
-26411
-23636
-8768
10742
25122
27166
15852
-3154
-20348
-27142
-20152
-2908
15919
26862
24412
9776
-9738
-24373
-26798
-15798
3116
20470
27568
20856
3695
-15317
-26656
-24640
-10281
9229
24116
26920
16239
-2578
-20103
-27557
-21206
-4231
14864
26512
24878
10781
-8717
-23849
-27032
-16673
2039
19729
27536
21548
4765
-14405
-26359
-25107
-11277
8202
23572
27133
17101
-1498
-19347
-27503
-21881
-5297
13941
26195
25326
11769
-7684
-23287
-27224
-17522
958
18958
27461
22206
5827
-13471
-26021
-25535
-12256
7162
22993
27304
17937
-416
-18561
-27407
-22523
-6355
12996
25837
25734
12739
-6638
-22690
-27374
-18345
-125
18157
27343
22831
6881
-12517
-25643
-25923
-13216
6112
22378
27433
18745
666
-17746
-27269
-23130
-7403
12032
25439
26102
13689
-5583
-22057
-27482
-19138
-1207
17329
27183
23420
7923
-11542
-25226
-26272
-14156
5052
21728
27520
19524
1748
-16904
-27088
-23701
-8440
11049
25003
26431
14618
-4518
-21391
-27547
-19903
-2288
16474
26982
23973
8954
-10551
-24770
-26580
-15074
3984
21045
27564
20274
2827
-16036
-26865
-24236
-9464
10048
24527
26718
15524
-3447
-20692
-27570
-20636
-3365
15593
26739
24489
9971
-9542
-24275
-26847
-15969
2909
20330
27565
20991
3901
-15144
-26602
-24733
-10474
9033
24014
26965
16407
-2371
-19960
-27550
-21338
-4436
14688
26454
24967
10972
-8520
-23743
-27072
-16839
1831
19583
27525
21677
4970
-14227
-26297
-25192
-11467
8003
23464
27169
17264
-1290
-19198
-27488
-22007
-5501
13761
26129
25407
11957
-7484
-23175
-27256
-17683
749
18806
27441
22329
6030
-13289
-25951
-25612
-12442
6961
22877
27332
18095
-208
-18407
-27384
-22642
-6557
12812
25764
25808
12923
-6436
-22571
-27398
-18499
-333
18000
27316
22947
7082
-12331
-25566
-25993
-13399
5909
22256
27453
18897
874
-17587
-27237
-23242
-7604
11844
25358
26169
13869
-5379
-21932
-27498
-19288
-1415
17166
27148
23529
8123
-11353
-25141
-26334
-14334
4847
21600
27531
19671
1955
-16739
-27048
-23807
-8638
10858
24914
26489
14794
-4313
-21259
-27555
-20046
-2495
16306
26938
24075
9151
-10358
-24677
-26634
-15248
3777
20910
27567
20414
3034
-15867
-26818
-24334
-9660
9854
24431
26769
15696
-3241
-20553
-27569
-20774
-3571
15421
26687
24584
10165
-9347
-24176
-26893
-16138
2702
20189
27561
21126
4107
-14969
-26546
-24824
-10666
8836
23911
27007
16574
-2163
-19816
-27542
-21470
-4642
14512
26395
25055
11163
-8321
-23637
-27111
-17003
1623
19436
27512
21805
5174
-14049
-26233
-25276
-11656
7804
23354
27204
17426
-1082
-19048
-27471
-22132
-5705
13580
26062
25487
12144
-7283
-23061
-27287
-17842
541
18653
27420
22451
6233
-13106
-25880
-25689
-12628
6760
22760
27359
18251
0
-18251
-27359
-22760
-6760
12628
25689
25880
13106
-6233
-22451
-27420
-18653
-541
17842
27287
23061
7283
-12144
-25487
-26062
-13580
5705
22132
27471
19048
1082
-17426
-27204
-23354
-7804
11656
25276
26233
14049
-5174
-21805
-27512
-19436
-1623
17003
27111
23637
8321
-11163
-25055
-26395
-14512
4642
21470
27542
19816
2163
-16574
-27007
-23911
-8836
10666
24824
26546
14969
-4107
-21126
-27561
-20189
-2702
16138
26893
24176
9347
-10165
-24584
-26687
-15421
3571
20774
27569
20553
3241
-15696
-26769
-24431
-9854
9660
24334
26818
15867
-3034
-20414
-27567
-20910
-3777
15248
26634
24677
10358
-9151
-24056
-26865
-16152
2745
20392
27982
21740
4813
-14294
-25989
-24414
-10358
9138
24307
27548
17239
-1475
-19244
-27186
-21350
-4692
14407
26353
25141
11353
-8123
-23529
-27148
-17166
1415
19288
27498
21932
5379
-13869
-26169
-25358
-11844
7604
23242
27237
17587
-874
-18897
-27453
-22256
-5909
13399
25993
25566
12331
-7082
-22947
-27316
-18000
333
18499
27398
22571
6436
-12923
-25808
-25764
-12812
6557
22642
27384
18407
208
-18095
-27332
-22877
-6961
12442
25612
25951
13289
-6030
-22329
-27441
-18806
-749
17683
27256
23175
7484
-11957
-25407
-26129
-13761
5501
22007
27488
19198
1290
-17264
-27169
-23464
-8003
11467
25192
26297
14227
-4970
-21677
-27525
-19583
-1831
16839
27072
23743
8520
-10972
-24967
-26454
-14688
4436
21338
27550
19960
2371
-16407
-26965
-24014
-9033
10474
24733
26602
15144
-3901
-20991
-27565
-20330
-2909
15969
26847
24275
9542
-9971
-24489
-26739
-15593
3365
20636
27570
20692
3447
-15524
-26718
-24527
-10048
9464
24236
26865
16036
-2827
-20274
-27564
-21045
-3984
15074
26580
24770
10551
-8954
-23973
-26982
-16474
2288
19903
27547
21391
4518
-14618
-26431
-25003
-11049
8440
23701
27088
16904
-1748
-19524
-27520
-21728
-5052
14156
26272
25226
11542
-7923
-23420
-27183
-17329
1207
19138
27482
22057
5583
-13689
-26102
-25439
-12032
7403
23130
27269
17746
-666
-18745
-27433
-22378
-6112
13216
25923
25643
12517
-6881
-22831
-27343
-18157
125
18345
27374
22690
6638
-12739
-25734
-25837
-12996
6355
22523
27407
18561
416
-17937
-27304
-22993
-7162
12256
25535
26021
13471
-5827
-22206
-27461
-18958
-958
17522
27224
23287
7684
-11769
-25326
-26195
-13941
5297
21881
27503
19347
1498
-17101
-27133
-23572
-8202
11277
25107
26359
14405
-4765
-21548
-27536
-19729
-2039
16673
27032
23849
8717
-10781
-24878
-26512
-14864
4231
21206
27557
20103
2578
-16239
-26920
-24116
-9229
10281
24640
26656
15317
-3695
-20856
-27568
-20470
-3116
15798
26798
24373
9738
-9776
-24393
-26789
-15764
3158
20498
27569
20829
3654
-15352
-26666
-24622
-10242
9268
24136
26911
16205
-2619
-20132
-27559
-21179
-4189
14899
26524
24860
10743
-8757
-23869
-27024
-16640
2080
19758
27538
21522
4724
-14441
-26371
-25090
-11239
8242
23594
27126
17068
-1540
-19377
-27506
-21856
-5256
13977
26208
25309
11731
-7724
-23309
-27217
-17490
999
18988
27464
22182
5786
-13508
-26035
-25519
-12219
7203
23016
27298
17905
-458
-18592
-27412
-22499
-6315
13033
25851
25719
12702
-6679
-22713
-27369
-18313
-83
18189
27348
22807
6840
-12554
-25658
-25909
-13180
6152
22402
27429
18715
625
-17778
-27275
-23107
-7363
12069
25455
26089
13653
-5623
-22082
-27478
-19108
-1166
17361
27190
23398
7884
-11580
-25243
-26259
-14120
5092
21754
27517
19495
1706
-16937
-27096
-23680
-8401
11087
25020
26419
14582
-4559
-21417
-27545
-19874
-2246
16507
26990
23952
8915
-10589
-24788
-26569
-15039
4025
21072
27563
20245
2785
-16070
-26875
-24216
-9425
10087
24546
26708
15490
-3488
-20719
-27570
-20609
-3323
15627
26749
24470
9932
-9582
-24295
-26837
-15935
2951
20358
27566
20964
3860
-15178
-26613
-24714
-10435
9072
24034
26956
16373
-2412
-19989
-27552
-21312
-4395
14723
26466
24950
10934
-8559
-23764
-27064
-16806
1872
19612
27527
21651
4929
-14263
-26309
-25175
-11429
8043
23486
27162
17231
-1332
-19228
-27491
-21982
-5460
13797
26142
25391
11919
-7505
-23124
-27095
-17401
1137
19263
27926
22805
6490
-12826
-25465
-25097
-11905
7501
23400
27827
18544
177
-18092
-27139
-22464
-6444
12868
25778
25793
12886
-6477
-22595
-27393
-18469
-291
18032
27321
22924
7042
-12368
-25581
-25979
-13362
5949
22280
27449
18867
833
-17619
-27243
-23220
-7564
11882
25375
26156
13833
-5419
-21957
-27495
-19258
-1374
17199
27155
23507
8083
-11391
-25158
-26322
-14299
4888
21625
27529
19642
1914
-16773
-27056
-23786
-8599
10896
24932
26478
14759
-4354
-21285
-27553
-20018
-2454
16340
26947
24055
9111
-10397
-24696
-26623
-15213
3819
20937
27567
20386
2992
-15901
-26828
-24315
-9621
9893
24451
26759
15662
-3282
-20581
-27570
-20747
-3530
15455
26698
24565
10126
-9386
-24196
-26884
-16104
2744
20217
27562
21099
4066
-15004
-26557
-24806
-10627
8875
23932
26999
16540
-2205
-19845
-27544
-21443
-4601
14547
26407
25038
11125
-8361
-23658
-27103
-16970
1665
19465
27515
21779
5133
-14084
-26246
-25259
-11618
7844
23376
27197
17393
-1124
-19078
-27475
-22107
-5664
13616
26075
25471
12107
-7323
-23084
-27281
-17810
583
18684
27425
22426
6193
-13143
-25895
-25674
-12591
6800
22784
27354
18220
-42
-18282
-27364
-22737
-6719
12665
25704
25866
13070
-6274
-22475
-27416
-18623
-500
17874
27293
23039
7243
-12181
-25503
-26048
-13544
5746
22157
27468
19018
1041
-17458
-27211
-23332
-7764
11693
25293
26221
14013
-5215
-21830
-27509
-19406
-1581
17036
27118
23615
8282
-11201
-25072
-26383
-14476
4683
21496
27540
19787
2122
-16607
-27016
-23890
-8796
10704
24842
26535
14934
-4148
-21153
-27560
-20160
-2661
16172
26902
24156
9308
-10203
-24603
-26677
-15386
3612
20801
27569
20526
3199
-15730
-26779
-24412
-9815
9699
24354
26808
15832
-3075
-20442
-27568
-20883
-3736
15282
26645
24659
10319
-9190
-24095
-26929
-16273
2537
20075
27556
21232
4272
-14829
-26501
-24896
-10819
8678
23828
27040
16706
-1997
-19700
-27534
-21574
-4806
14370
26346
25124
11315
-8162
-23551
-27141
-17134
1457
19317
27501
21907
5338
-13905
-26182
-25342
-11807
7644
23265
27231
17555
-916
-18928
-27457
-22231
-5868
13435
26007
25550
12293
-7122
-22970
-27310
-17969
375
18530
27403
22547
6396
-12960
-25822
-25749
-12776
6598
22666
27379
18376
167
-18126
-27338
-22854
-6921
12479
25628
25937
13253
-6071
-22353
-27437
-18776
-708
17715
27262
23152
7444
-11994
-25423
-26116
-13725
5542
22032
27485
19168
1249
-17296
-27176
-23442
-7963
11505
25209
26284
14192
-5011
-21703
-27522
-19554
-1789
16872
27080
23722
8480
-11010
-24985
-26443
-14653
4477
21365
27549
19932
2329
-16440
-26973
-23993
-8993
10512
24751
26591
15109
-3942
-21018
-27565
-20302
-2868
16002
26856
24255
9503
-10010
-24508
-26729
-15559
3406
20664
27570
20664
3406
-15559
-26729
-24508
-10010
9503
24255
26856
16002
-2868
-20302
-27565
-21018
-3942
15109
26591
24751
10512
-8993
-23993
-26973
-16440
2329
19932
27549
21365
4477
-14653
-26443
-24985
-11010
8480
23722
27080
16872
-1789
-19554
-27522
-21703
-5011
14192
26284
25209
11505
-7963
-23442
-27176
-17296
1249
19168
27485
22032
5542
-13725
-26116
-25423
-11994
7444
23152
27262
17715
-708
-18776
-27437
-22353
-6071
13253
25937
25628
12479
-6921
-22854
-27338
-18126
167
18376
27379
22666
6598
-12776
-25749
-25822
-12960
6396
22547
27403
18530
375
-17969
-27310
-22970
-7122
12293
25550
26007
13416
-5941
-22385
-27707
-19273
-1343
17074
26731
22765
7144
-12307
-25842
-26682
-14405
4838
21407
27020
18891
1111
-17384
-27295
-23624
-8181
11315
25124
26346
14370
-4806
-21574
-27534
-19700
-1997
16706
27040
23828
8678
-10819
-24896
-26501
-14829
4272
21232
27556
20075
2537
-16273
-26929
-24095
-9190
10319
24659
26645
15282
-3736
-20883
-27568
-20442
-3075
15832
26808
24354
9699
-9815
-24412
-26779
-15730
3199
20526
27569
20801
3612
-15386
-26677
-24603
-10203
9308
24156
26902
16172
-2661
-20160
-27560
-21153
-4148
14934
26535
24842
10704
-8796
-23890
-27016
-16607
2122
19787
27540
21496
4683
-14476
-26383
-25072
-11201
8282
23615
27118
17036
-1581
-19406
-27509
-21830
-5215
14013
26221
25293
11693
-7764
-23332
-27211
-17458
1041
19018
27468
22157
5746
-13544
-26048
-25503
-12181
7243
23039
27293
17874
-500
-18623
-27416
-22475
-6274
13070
25866
25704
12665
-6719
-22737
-27364
-18282
-42
18220
27354
22784
6800
-12591
-25674
-25895
-13143
6193
22426
27425
18684
583
-17810
-27281
-23084
-7323
12107
25471
26075
13616
-5664
-22107
-27475
-19078
-1124
17393
27197
23376
7844
-11618
-25259
-26246
-14084
5133
21779
27515
19465
1665
-16970
-27103
-23658
-8361
11125
25038
26407
14547
-4601
-21443
-27544
-19845
-2205
16540
26999
23932
8875
-10627
-24806
-26557
-15004
4066
21099
27562
20217
2744
-16104
-26884
-24196
-9386
10126
24565
26698
15455
-3530
-20747
-27570
-20581
-3282
15662
26759
24451
9893
-9621
-24315
-26828
-15901
2992
20386
27567
20937
3819
-15213
-26623
-24696
-10397
9111
24055
26947
16340
-2454
-20018
-27553
-21285
-4354
14759
26478
24932
10896
-8599
-23786
-27056
-16773
1914
19642
27529
21625
4888
-14299
-26322
-25158
-11391
8083
23507
27155
17199
-1374
-19258
-27495
-21957
-5419
13833
26156
25375
11882
-7564
-23220
-27243
-17619
833
18867
27449
22280
5949
-13362
-25979
-25581
-12368
7042
22924
27321
18032
-291
-18469
-27393
-22595
-6477
12886
25793
25778
12849
-6517
-22618
-27389
-18438
-250
18063
27327
22900
7001
-12405
-25597
-25965
-13326
5990
22305
27445
18837
791
-17651
-27250
-23197
-7524
11919
25391
26142
13797
-5460
-21982
-27491
-19228
-1332
17231
27162
23486
8043
-11429
-25175
-26309
-14263
4929
21651
27527
19612
1872
-16806
-27064
-23764
-8559
10934
24950
26466
14723
-4395
-21312
-27552
-19989
-2412
16373
26956
24034
9072
-10435
-24714
-26613
-15178
3860
20964
27566
20358
2951
-15935
-26837
-24295
-9582
9932
24470
26749
15627
-3323
-20609
-27570
-20719
-3488
15490
26708
24546
10087
-9425
-24216
-26875
-16070
2785
20245
27563
21072
4025
-15039
-26569
-24788
-10589
8915
23952
26990
16507
-2246
-19874
-27545
-21417
-4559
14582
26419
25020
11087
-8401
-23680
-27096
-16937
1706
19495
27517
21754
5092
-14120
-26259
-25243
-11580
7884
23398
27190
17361
-1166
-19108
-27478
-22082
-5623
13653
26089
25455
12069
-7363
-23107
-27275
-17778
625
18715
27429
22402
6152
-13180
-25909
-25658
-12554
6840
22807
27348
18189
-83
-18313
-27369
-22713
-6679
12702
25719
25851
13033
-6315
-22499
-27412
-18592
-458
17905
27298
23016
7203
-12219
-25519
-26035
-13508
5786
22182
27464
18988
999
-17490
-27217
-23309
-7724
11731
25309
26208
13977
-5256
-21856
-27506
-19377
-1540
17068
27126
23594
8242
-11239
-25090
-26371
-14441
4724
21522
27538
19758
2080
-16640
-27024
-23869
-8757
10743
24860
26543
14972
-4035
-20929
-27213
-19705
-2138
16705
27411
24636
9768
-9742
-24122
-26166
-14852
4154
21310
27996
20843
3408
-15610
-26715
-24374
-9776
9738
24373
26798
15798
-3116
-20470
-27568
-20856
-3695
15317
26656
24640
10281
-9229
-24116
-26920
-16239
2578
20103
27557
21206
4231
-14864
-26512
-24878
-10781
8717
23849
27032
16673
-2039
-19729
-27536
-21548
-4765
14405
26359
25107
11277
-8202
-23572
-27133
-17101
1498
19347
27503
21881
5297
-13941
-26195
-25326
-11769
7684
23287
27224
17522
-958
-18958
-27461
-22206
-5827
13471
26021
25535
12256
-7162
-22993
-27304
-17937
416
18561
27407
22523
6355
-12996
-25837
-25734
-12739
6638
22690
27374
18345
125
-18157
-27343
-22831
-6881
12517
25643
25923
13216
-6112
-22378
-27433
-18745
-666
17746
27269
23130
7403
-12032
-25439
-26102
-13689
5583
22057
27482
19138
1207
-17329
-27183
-23420
-7923
11542
25226
26272
14156
-5052
-21728
-27520
-19524
-1748
16904
27088
23701
8440
-11049
-25003
-26431
-14618
4518
21391
27547
19903
2288
-16474
-26982
-23973
-8954
10551
24770
26580
15074
-3984
-21045
-27564
-20274
-2827
16036
26865
24236
9464
-10048
-24527
-26718
-15524
3447
20692
27570
20636
3365
-15593
-26739
-24489
-9971
9542
24275
26847
15969
-2909
-20330
-27565
-20991
-3901
15144
26602
24733
10474
-9033
-24014
-26965
-16407
2371
19960
27550
21338
4436
-14688
-26454
-24967
-10972
8520
23743
27072
16839
-1831
-19583
-27525
-21677
-4970
14227
26297
25192
11467
-8003
-23464
-27169
-17264
1290
19198
27488
22007
5501
-13761
-26129
-25407
-11957
7484
23175
27256
17683
-749
-18806
-27441
-22329
-6030
13289
25951
25612
12442
-6961
-22877
-27332
-18095
208
18407
27384
22642
6557
-12812
-25764
-25808
-12923
6436
22571
27398
18499
333
-18000
-27316
-22947
-7082
12331
25566
25993
13399
-5909
-22256
-27453
-18897
-874
17587
27237
23242
7604
-11844
-25358
-26169
-13869
5379
21932
27498
19288
1415
-17166
-27148
-23529
-8123
11353
25141
26334
14334
-4847
-21600
-27531
-19671
-1955
16739
27048
23807
8638
-10858
-24914
-26489
-14794
4313
21259
27555
20046
2495
-16306
-26938
-24075
-9151
10358
24677
26634
15248
-3777
-20910
-27567
-20414
-3034
15867
26818
24334
9660
-9854
-24431
-26769
-15696
3241
20553
27569
20774
3571
-15421
-26687
-24584
-10165
9347
24176
26893
16138
-2702
-20189
-27561
-21126
-4107
14969
26546
24824
10666
-8836
-23911
-27007
-16574
2163
19816
27542
21470
4642
-14512
-26395
-25055
-11163
8321
23637
27111
17003
-1623
-19436
-27512
-21805
-5174
14049
26233
25276
11656
-7804
-23354
-27204
-17426
1082
19048
27471
22132
5705
-13580
-26062
-25487
-12144
7283
23061
27287
17842
-541
-18653
-27420
-22451
-6233
13106
25880
25689
12628
-6760
-22760
-27359
-18251
