0
18251
27359
22760
6760
-12628
-25689
-25880
-13106
6233
22451
27420
18653
541
-17842
-27287
-23061
-7283
12144
25487
26062
13580
-5705
-22132
-27471
-19048
-1082
17426
27204
23354
7804
-11656
-25276
-26233
-14049
5174
21805
27512
19436
1623
-17003
-27111
-23637
-8321
11163
25055
26395
14512
-4642
-21470
-27542
-19816
-2163
16574
27007
23911
8836
-10666
-24824
-26546
-14969
4107
21126
27561
20189
2702
-16138
-26893
-24176
-9347
10165
24584
26687
15421
-3571
-20774
-27569
-20553
-3241
15696
26769
24431
9854
-9660
-24334
-26818
-15867
3034
20414
27567
20910
3777
-15248
-26634
-24677
-10358
9151
24080
26957
16348
-2422
-19935
-27400
-21058
-4063
15093
26835
25303
11284
-8180
-23326
-26553
-16239
2455
20171
28031
22100
5347
-13834
-25834
-24641
-10853
8623
24029
27648
17666
-915
-18788
-26998
-21432
-4879
14369
26669
25858
12344
-7104
-22742
-26737
-17087
1374
19397
27953
22756
6409
-12899
-25498
-25085
-11873
7509
23336
27661
18299
-83
-18298
-27244
-22460
-6363
12965
25827
25768
12812
-6557
-22642
-27384
-18407
-208
18095
27332
22877
6961
-12442
-25612
-25951
-13289
6030
22329
27441
18806
749
-17683
-27256
-23175
-7484
11957
25407
26129
13761
-5501
-22007
-27488
-19198
-1290
17264
27169
23464
8003
-11467
-25192
-26297
-14227
4970
21677
27525
19583
1831
-16839
-27072
-23743
-8520
10972
24967
26454
14688
-4436
-21338
-27550
-19960
-2371
16407
26965
24014
9033
-10474
-24733
-26602
-15144
3901
20991
27565
20330
2909
-15969
-26847
-24275
-9542
9971
24489
26739
15593
-3365
-20636
-27570
-20692
-3447
15524
26718
24527
10048
-9464
-24236
-26865
-16036
2827
20274
27564
21045
3984
-15074
-26580
-24770
-10551
8954
23973
26982
16474
-2288
-19903
-27547
-21391
-4518
14618
26431
25003
11049
-8440
-23701
-27088
-16904
1748
19524
27520
21728
5052
-14156
-26272
-25226
-11542
7923
23420
27183
17329
-1207
-19138
-27482
-22057
-5583
13689
26102
25439
12032
-7403
-23130
-27269
-17746
666
18745
27433
22378
6112
-13216
-25923
-25643
-12517
6881
22831
27343
18157
-125
-18345
-27374
-22690
-6638
12739
25734
25837
12996
-6355
-22523
-27407
-18561
-416
17937
27304
22993
7162
-12256
-25535
-26021
-13471
5827
22206
27461
18958
958
-17522
-27224
-23287
-7684
11769
25326
26195
13941
-5297
-21881
-27503
-19347
-1498
17096
27114
23530
8129
-11388
-25261
-26560
-14655
4466
21202
27147
19302
1581
-17154
-27527
-24349
-9217
10281
24378
26012
14364
-4731
-21706
-28057
-20603
-3078
15739
26420
23616
8729
-10781
-25140
-27156
-15817
3195
20356
27068
19970
2616
-16298
-27298
-24873
-10238
9276
23893
26289
15264
-3658
-20993
-28050
-21286
-4080
14963
26320
24323
9992
-9470
-24290
-27023
-16278
2577
20113
27554
21179
4189
-14899
-26524
-24860
-10743
8757
23869
27024
16640
-2080
-19758
-27538
-21522
-4724
14441
26371
25090
11239
-8242
-23594
-27126
-17068
1540
19377
27506
21856
5256
-13977
-26208
-25309
-11731
7724
23309
27217
17490
-999
-18988
-27464
-22182
-5786
13508
26035
25519
12219
-7203
-23016
-27298
-17905
458
18592
27412
22499
6315
-13033
-25851
-25719
-12702
6679
22713
27369
18313
83
-18189
-27348
-22807
-6840
12554
25658
25909
13180
-6152
-22402
-27429
-18715
-625
17778
27275
23107
7363
-12069
-25455
-26089
-13653
5623
22082
27478
19108
1166
-17361
-27190
-23398
-7884
11580
25243
26259
14120
-5092
-21754
-27517
-19495
-1706
16937
27096
23680
8401
-11087
-25020
-26419
-14582
4559
21417
27545
19874
2246
-16507
-26990
-23952
-8915
10589
24788
26569
15039
-4025
-21072
-27563
-20245
-2785
16070
26875
24216
9425
-10087
-24546
-26708
-15490
3488
20719
27570
20609
3323
-15627
-26749
-24470
-9932
9582
24295
26837
15935
-2951
-20358
-27566
-20964
-3860
15178
26613
24714
10435
-9072
-24034
-26956
-16373
2412
19989
27552
21312
4395
-14723
-26466
-24950
-10934
8559
23764
27064
16806
-1872
-19612
-27527
-21651
-4929
14263
26309
25175
11429
-8043
-23486
-27162
-17231
1332
19228
27491
21982
5460
-13797
-26142
-25391
-11919
7519
23178
27208
17577
-902
-18991
-27647
-22555
-6289
12980
25576
25170
11947
-7482
-23396
-27827
-18563
-250
17938
26889
22118
6017
-13349
-26278
-26293
-13386
5977
22095
26893
17969
-209
-18532
-27821
-23424
-7542
11868
25081
25479
12862
-6449
-22780
-27949
-19367
-1333
17119
26743
22720
7064
-12377
-25856
-26613
-14260
5031
21611
27196
19008
1172
-17353
-27266
-23581
-8125
11372
25153
26322
14299
-4888
-21625
-27529
-19642
-1914
16773
27056
23786
8599
-10896
-24932
-26478
-14759
4354
21285
27553
20018
2454
-16340
-26947
-24055
-9111
10397
24696
26623
15213
-3819
-20937
-27567
-20386
-2992
15901
26828
24315
9621
-9893
-24451
-26759
-15662
3282
20581
27570
20747
3530
-15455
-26698
-24565
-10126
9386
24196
26884
16104
-2744
-20217
-27562
-21099
-4066
15004
26557
24806
10627
-8875
-23932
-26999
-16540
2205
19845
27544
21443
4601
-14547
-26407
-25038
-11125
8361
23658
27103
16970
-1665
-19465
-27515
-21779
-5133
14084
26246
25259
11618
-7844
-23376
-27197
-17393
1124
19078
27475
22107
5664
-13616
-26075
-25471
-12107
7323
23084
27281
17810
-583
-18684
-27425
-22426
-6193
13143
25895
25674
12591
-6800
-22784
-27354
-18220
42
18282
27364
22737
6719
-12665
-25704
-25866
-13070
6274
22475
27416
18623
500
-17874
-27293
-23039
-7243
12181
25503
26048
13544
-5746
-22157
-27468
-19018
-1041
17458
27211
23332
7764
-11693
-25293
-26221
-14013
5215
21830
27509
19406
1581
-17036
-27118
-23615
-8282
11201
25072
26383
14476
-4683
-21496
-27540
-19787
-2122
16607
27016
23890
8796
-10704
-24842
-26535
-14934
4148
21153
27560
20160
2661
-16172
-26902
-24156
-9308
10203
24603
26677
15386
-3612
-20801
-27569
-20526
-3194
15749
26821
24485
9926
-9544
-24152
-26558
-15534
3421
20831
27995
21341
4217
-14787
-26145
-24159
-9819
9690
24595
27429
16773
-2037
-19575
-27056
-20732
-3772
15329
27001
25396
11319
-8178
-23328
-26540
-16206
2497
20200
28034
22074
5306
-13870
-25846
-24624
-10815
8662
24051
27641
17634
-962
-18836
-27043
-21480
-4949
14251
26481
25592
12008
-7489
-23154
-27157
-17512
935
18932
27457
22231
5868
-13435
-26007
-25550
-12293
7122
22970
27310
17969
-375
-18530
-27403
-22547
-6396
12960
25822
25749
12776
-6598
-22666
-27379
-18376
-167
18126
27338
22854
6921
-12479
-25628
-25937
-13253
6071
22353
27437
18776
708
-17715
-27262
-23152
-7444
11994
25423
26116
13725
-5542
-22032
-27485
-19168
-1249
17296
27176
23442
7963
-11505
-25209
-26284
-14192
5011
21703
27522
19554
1789
-16872
-27080
-23722
-8480
11010
24985
26443
14653
-4477
-21365
-27549
-19932
-2329
16440
26973
23993
8993
-10512
-24751
-26591
-15109
3942
21018
27565
20302
2868
-16002
-26856
-24255
-9503
10010
24508
26729
15559
-3406
-20664
-27570
-20664
-3406
15559
26729
24508
10010
-9503
-24255
-26856
-16002
2868
20302
27565
21018
3942
-15109
-26591
-24751
-10512
8993
23993
26973
16440
-2329
-19932
-27549
-21365
-4477
14653
26443
24985
11010
-8480
-23722
-27080
-16872
1789
19554
27522
21703
5011
-14192
-26284
-25209
-11505
7963
23442
27176
17296
-1249
-19168
-27485
-22032
-5542
13725
26116
25423
11994
-7444
-23152
-27262
-17715
708
18776
27437
22353
6071
-13253
-25937
-25628
-12479
6921
22854
27338
18126
-167
-18376
-27379
-22666
-6598
12776
25749
25822
12960
-6396
-22547
-27403
-18530
-375
17969
27310
22970
7122
-12293
-25550
-26007
-13430
5887
22273
27530
19039
1070
-17353
-26981
-22966
-7298
12195
25769
26640
14386
-4843
-21407
-27001
-18817
-957
17634
27641
24051
8662
-10815
-24624
-25846
-13870
5306
22074
28034
20200
2497
-16206
-26540
-23328
-8178
11319
25396
27001
15329
-3772
-20732
-27056
-19575
-2037
16773
27429
24595
9685
-9838
-24201
-26218
-14894
4082
21182
27818
20643
3229
-15721
-26735
-24312
-9680
9820
24412
26779
15730
-3199
-20526
-27569
-20801
-3612
15386
26677
24603
10203
-9308
-24156
-26902
-16172
2661
20160
27560
21153
4148
-14934
-26535
-24842
-10704
8796
23890
27016
16607
-2122
-19787
-27540
-21496
-4683
14476
26383
25072
11201
-8282
-23615
-27118
-17036
1581
19406
27509
21830
5215
-14013
-26221
-25293
-11693
7764
23332
27211
17458
-1041
-19018
-27468
-22157
-5746
13544
26048
25503
12181
-7243
-23039
-27293
-17874
500
18623
27416
22475
6274
-13070
-25866
-25704
-12665
6719
22737
27364
18282
42
-18220
-27354
-22784
-6800
12591
25674
25895
13143
-6193
-22426
-27425
-18684
-583
17810
27281
23084
7323
-12107
-25471
-26075
-13616
5664
22107
27475
19078
1124
-17393
-27197
-23376
-7844
11618
25259
26246
14084
-5133
-21779
-27515
-19465
-1665
16970
27103
23658
8361
-11125
-25038
-26407
-14547
4601
21443
27544
19845
2205
-16540
-26999
-23932
-8875
10627
24806
26557
15004
-4066
-21099
-27562
-20217
-2744
16104
26884
24196
9386
-10126
-24565
-26698
-15455
3530
20747
27570
20581
3282
-15662
-26759
-24451
-9893
9621
24315
26828
15901
-2992
-20386
-27567
-20937
-3819
15213
26623
24696
10397
-9111
-24055
-26947
-16340
2454
20018
27553
21285
4354
-14759
-26478
-24932
-10896
8599
23786
27056
16773
-1914
-19642
-27529
-21630
-4907
14256
26248
25047
11237
-8284
-23757
-27454
-17545
985
18831
27037
21476
4924
-14333
-26656
-25875
-12382
7064
22720
26743
17119
-1333
-19367
-27949
-22780
-6449
12862
25479
25081
11868
-7542
-23424
-27821
-18532
-209
17969
26893
22095
5977
-13386
-26293
-26278
-13349
6017
22118
26889
17942
-231
-18521
-27754
-23289
-7347
12106
25347
25764
13171
-6101
-22378
-27487
-18856
-796
17651
27250
23197
7524
-11919
-25391
-26142
-13797
5460
21982
27491
19228
1332
-17231
-27162
-23486
-8043
11429
25175
26309
14263
-4929
-21651
-27527
-19612
-1872
16806
27064
23764
8559
-10934
-24950
-26466
-14723
4395
21312
27552
19989
2412
-16373
-26956
-24034
-9072
10435
24714
26613
15178
-3860
-20964
-27566
-20358
-2951
15935
26837
24295
9582
-9932
-24470
-26749
-15627
3323
20609
27570
20719
3488
-15490
-26708
-24546
-10087
9425
24216
26875
16070
-2785
-20245
-27563
-21072
-4025
15039
26569
24788
10589
-8915
-23952
-26990
-16507
2246
19874
27545
21417
4559
-14582
-26419
-25020
-11087
8401
23680
27096
16937
-1706
-19495
-27517
-21754
-5092
14120
26259
25243
11580
-7884
-23398
-27190
-17361
1166
19108
27478
22082
5623
-13653
-26089
-25455
-12069
7363
23107
27275
17778
-625
-18715
-27429
-22402
-6152
13180
25909
25658
12554
-6840
-22807
-27348
-18189
83
18313
27369
22713
6679
-12702
-25719
-25851
-13033
6315
22499
27412
18592
458
-17905
-27298
-23016
-7203
12219
25519
26035
13508
-5786
-22182
-27464
-18988
-999
17490
27217
23309
7724
-11731
-25309
-26208
-13977
5256
21856
27506
19377
1540
-17068
-27126
-23594
-8242
11239
25090
26371
14441
-4724
-21522
-27538
-19758
-2080
16640
27024
23869
8757
-10743
-24860
-26519
-14880
4232
21252
27670
20286
2821
-15955
-26613
-23790
-8880
10669
25079
27147
15847
-3154
-20329
-27069
-19998
-2658
16264
27289
24893
10276
-9238
-23873
-26298
-15298
3616
20970
28068
21356
4195
-14817
-26156
-24140
-9781
9729
24616
27420
16739
-2078
-19603
-27057
-20706
-3731
15364
27012
25373
11262
-8260
-23422
-26643
-16328
2337
19979
27737
21702
4876
-14332
-26316
-25088
-11272
8202
23572
27133
17101
-1498
-19347
-27503
-21881
-5297
13941
26195
25326
11769
-7684
-23287
-27224
-17522
958
18958
27461
22206
5827
-13471
-26021
-25535
-12256
7162
22993
27304
17937
-416
-18561
-27407
-22523
-6355
12996
25837
25734
12739
-6638
-22690
-27374
-18345
-125
18157
27343
22831
6881
-12517
-25643
-25923
-13216
6112
22378
27433
18745
666
-17746
-27269
-23130
-7403
12032
25439
26102
13689
-5583
-22057
-27482
-19138
-1207
17329
27183
23420
7923
-11542
-25226
-26272
-14156
5052
21728
27520
19524
1748
-16904
-27088
-23701
-8440
11049
25003
26431
14618
-4518
-21391
-27547
-19903
-2288
16474
26982
23973
8954
-10551
-24770
-26580
-15074
3984
21045
27564
20274
2827
-16036
-26865
-24236
-9464
10048
24527
26718
15524
-3447
-20692
-27570
-20636
-3365
15593
26739
24489
9971
-9542
-24275
-26847
-15969
2909
20330
27565
20991
3901
-15144
-26602
-24733
-10474
9033
24014
26965
16407
-2371
-19960
-27550
-21338
-4436
14688
26454
24967
10972
-8520
-23743
-27072
-16839
1831
19583
27525
21677
4970
-14227
-26297
-25192
-11467
8003
23464
27169
17264
-1290
-19198
-27488
-22007
-5501
13761
26129
25407
11957
-7484
-23175
-27256
-17683
749
18806
27441
22329
6030
-13289
-25951
-25612
-12442
6961
22877
27332
18095
-208
-18407
-27379
-22623
-6515
12886
25875
25962
13124
-6186
-22272
-27052
-18111
94
18458
27797
23442
7582
-11831
-25066
-25493
-12899
6409
22756
27953
19397
1374
-17087
-26737
-22742
-7104
12344
25858
26669
14369
-4879
-21432
-26998
-18788
-915
17666
27648
24029
8623
-10853
-24641
-25834
-13834
5347
22100
28027
20152
2413
-16313
-26659
-23461
-8340
11108
25115
26644
14905
-4240
-21217
-27536
-20041
-2495
16306
26938
24075
9151
-10358
-24677
-26634
-15248
3777
20910
27567
20414
3034
-15867
-26818
-24334
-9660
9854
24431
26769
15696
-3241
-20553
-27569
-20774
-3571
15421
26687
24584
10165
-9347
-24176
-26893
-16138
2702
20189
27561
21126
4107
-14969
-26546
-24824
-10666
8836
23911
27007
16574
-2163
-19816
-27542
-21470
-4642
14512
26395
25055
11163
-8321
-23637
-27111
-17003
1623
19436
27512
21805
5174
-14049
-26233
-25276
-11656
7804
23354
27204
17426
-1082
-19048
-27471
-22132
-5705
13580
26062
25487
12144
-7283
-23061
-27287
-17842
541
18653
27420
22451
6233
-13106
-25880
-25689
-12628
6760
22760
27359
18251
0
-18251
-27359
-22760
-6760
12628
25689
25880
13106
-6233
-22451
-27420
-18653
-541
17842
27287
23061
7283
-12144
-25487
-26062
-13580
5705
22132
27471
19048
1082
-17426
-27204
-23354
-7804
11656
25276
26233
14049
-5174
-21805
-27512
-19436
-1623
17003
27111
23637
8321
-11163
-25055
-26395
-14512
4642
21470
27542
19816
2163
-16574
-27007
-23911
-8836
10666
24824
26546
14969
-4107
-21126
-27561
-20189
-2702
16138
26893
24176
9347
-10165
-24584
-26687
-15421
3571
20774
27569
20553
3241
-15696
-26769
-24431
-9854
9660
24334
26818
15867
-3034
-20414
-27567
-20910
-3777
15248
26634
24677
10358
-9151
-24080
-26957
-16348
2422
19935
27400
21058
4063
-15093
-26835
-25303
-11284
8180
23326
26553
16239
-2455
-20171
-28031
-22100
-5347
13834
25834
24641
10853
-8623
-24029
-27648
-17666
915
18788
26998
21432
4879
-14369
-26669
-25858
-12344
7104
22742
26737
17087
-1374
-19397
-27953
-22756
-6409
12899
25498
25085
11873
-7509
-23336
-27661
-18299
83
18298
27244
22460
6363
-12965
-25827
-25768
-12812
6557
22642
27384
18407
208
-18095
-27332
-22877
-6961
12442
25612
25951
13289
-6030
-22329
-27441
-18806
-749
17683
27256
23175
7484
-11957
-25407
-26129
-13761
5501
22007
27488
19198
1290
-17264
-27169
-23464
-8003
11467
25192
26297
14227
-4970
-21677
-27525
-19583
-1831
16839
27072
23743
8520
-10972
-24967
-26454
-14688
4436
21338
27550
19960
2371
-16407
-26965
-24014
-9033
10474
24733
26602
15144
-3901
-20991
-27565
-20330
-2909
15969
26847
24275
9542
-9971
-24489
-26739
-15593
3365
20636
27570
20692
3447
-15524
-26718
-24527
-10048
9464
24236
26865
16036
-2827
-20274
-27564
-21045
-3984
15074
26580
24770
10551
-8954
-23973
-26982
-16474
2288
19903
27547
21391
4518
-14618
-26431
-25003
-11049
8440
23701
27088
16904
-1748
-19524
-27520
-21728
-5052
14156
26272
25226
11542
-7923
-23420
-27183
-17329
1207
19138
27482
22057
5583
-13689
-26102
-25439
-12032
7403
23130
27269
17746
-666
-18745
-27433
-22378
-6112
13216
25923
25643
12517
-6881
-22831
-27343
-18157
125
18345
27374
22690
6638
-12739
-25734
-25837
-12996
6355
22523
27407
18561
416
-17937
-27304
-22993
-7162
12256
25535
26021
13471
-5827
-22206
-27461
-18958
-958
17522
27224
23287
7684
-11769
-25326
-26195
-13941
5297
21881
27503
19347
1498
-17096
-27114
-23530
-8129
11388
25261
26560
14655
-4466
-21202
-27147
-19302
-1581
17154
27527
24349
9217
-10281
-24378
-26012
-14364
4731
21706
28057
20603
3078
-15739
-26420
-23616
-8729
10781
25140
27156
15817
-3195
-20356
-27068
-19970
-2616
16298
27298
24873
10238
-9276
-23893
-26289
-15264
3658
20993
28050
21286
4080
-14963
-26320
-24323
-9992
9470
24290
27023
16278
-2577
-20113
-27554
-21179
-4189
14899
26524
24860
10743
-8757
-23869
-27024
-16640
2080
19758
27538
21522
4724
-14441
-26371
-25090
-11239
8242
23594
27126
17068
-1540
-19377
-27506
-21856
-5256
13977
26208
25309
11731
-7724
-23309
-27217
-17490
999
18988
27464
22182
5786
-13508
-26035
-25519
-12219
7203
23016
27298
17905
-458
-18592
-27412
-22499
-6315
13033
25851
25719
12702
-6679
-22713
-27369
-18313
-83
18189
27348
22807
6840
-12554
-25658
-25909
-13180
6152
22402
27429
18715
625
-17778
-27275
-23107
-7363
12069
25455
26089
13653
-5623
-22082
-27478
-19108
-1166
17361
27190
23398
7884
-11580
-25243
-26259
-14120
5092
21754
27517
19495
1706
-16937
-27096
-23680
-8401
11087
25020
26419
14582
-4559
-21417
-27545
-19874
-2246
16507
26990
23952
8915
-10589
-24788
-26569
-15039
4025
21072
27563
20245
2785
-16070
-26875
-24216
-9425
10087
24546
26708
15490
-3488
-20719
-27570
-20609
-3323
15627
26749
24470
9932
-9582
-24295
-26837
-15935
2951
20358
27566
20964
3860
-15178
-26613
-24714
-10435
9072
24034
26956
16373
-2412
-19989
-27552
-21312
-4395
14723
26466
24950
10934
-8559
-23764
-27064
-16806
1872
19612
27527
21651
4929
-14263
-26309
-25175
-11429
8043
23486
27162
17231
-1332
-19228
-27491
-21982
-5460
13797
26142
25391
11919
-7519
-23178
-27208
-17577
902
18991
27647
22555
6289
-12980
-25576
-25170
-11947
7482
23396
27827
18563
250
-17938
-26889
-22118
-6017
13349
26278
26293
13386
-5977
-22095
-26893
-17969
209
18532
27821
23424
7542
-11868
-25081
-25479
-12862
6449
22780
27949
19367
1333
-17119
-26743
-22720
-7064
12377
25856
26613
14260
-5031
-21611
-27196
-19008
-1172
17353
27266
23581
8125
-11372
-25153
-26322
-14299
4888
21625
27529
19642
1914
-16773
-27056
-23786
-8599
10896
24932
26478
14759
-4354
-21285
-27553
-20018
-2454
16340
26947
24055
9111
-10397
-24696
-26623
-15213
3819
20937
27567
20386
2992
-15901
-26828
-24315
-9621
9893
24451
26759
15662
-3282
-20581
-27570
-20747
-3530
15455
26698
24565
10126
-9386
-24196
-26884
-16104
2744
20217
27562
21099
4066
-15004
-26557
-24806
-10627
8875
23932
26999
16540
-2205
-19845
-27544
-21443
-4601
14547
26407
25038
11125
-8361
-23658
-27103
-16970
1665
19465
27515
21779
5133
-14084
-26246
-25259
-11618
7844
23376
27197
17393
-1124
-19078
-27475
-22107
-5664
13616
26075
25471
12107
-7323
-23084
-27281
-17810
583
18684
27425
22426
6193
-13143
-25895
-25674
-12591
6800
22784
27354
18220
-42
-18282
-27364
-22737
-6719
12665
25704
25866
13070
-6274
-22475
-27416
-18623
-500
17874
27293
23039
7243
-12181
-25503
-26048
-13544
5746
22157
27468
19018
1041
-17458
-27211
-23332
-7764
11693
25293
26221
14013
-5215
-21830
-27509
-19406
-1581
17036
27118
23615
8282
-11201
-25072
-26383
-14476
4683
21496
27540
19787
2122
-16607
-27016
-23890
-8796
10704
24842
26535
14934
-4148
-21153
-27560
-20160
-2661
16172
26902
24156
9308
-10203
-24603
-26677
-15386
3612
20801
27569
20526
3204
-15711
-26737
-24339
-9704
9853
24555
27058
16131
-2729
-20053
-27141
-20425
-3255
15778
27145
25159
10819
-8690
-23595
-26429
-15773
3037
20575
28056
21732
4772
-14329
-26001
-24396
-10319
9178
24328
27540
17206
-1497
-19200
-27034
-21074
-4306
14870
26846
25624
11815
-7662
-23051
-26641
-16634
1952
19798
27958
22333
5727
-13559
-25883
-25092
-11605
7798
23376
27304
17597
-897
-18923
-27457
-22231
-5868
13435
26007
25550
12293
-7122
-22970
-27310
-17969
375
18530
27403
22547
6396
-12960
-25822
-25749
-12776
6598
22666
27379
18376
167
-18126
-27338
-22854
-6921
12479
25628
25937
13253
-6071
-22353
-27437
-18776
-708
17715
27262
23152
7444
-11994
-25423
-26116
-13725
5542
22032
27485
19168
1249
-17296
-27176
-23442
-7963
11505
25209
26284
14192
-5011
-21703
-27522
-19554
-1789
16872
27080
23722
8480
-11010
-24985
-26443
-14653
4477
21365
27549
19932
2329
-16440
-26973
-23993
-8993
10512
24751
26591
15109
-3942
-21018
-27565
-20302
-2868
16002
26856
24255
9503
-10010
-24508
-26729
-15559
3406
20664
27570
20664
3406
-15559
-26729
-24508
-10010
9503
24255
26856
16002
-2868
-20302
-27565
-21018
-3942
15109
26591
24751
10512
-8993
-23993
-26973
-16440
2329
19932
27549
21365
4477
-14653
-26443
-24985
-11010
8480
23722
27080
16872
-1789
-19554
-27522
-21703
-5011
14192
26284
25209
11505
-7963
-23442
-27176
-17296
1249
19168
27485
22032
5542
-13725
-26116
-25423
-11994
7444
23152
27262
17715
-708
-18776
-27437
-22353
-6071
13253
25937
25628
12479
-6921
-22854
-27338
-18126
167
18376
27379
22666
6598
-12776
-25749
-25822
-12960
6396
22547
27403
18530
375
-17969
-27310
-22970
-7122
12293
25550
26007
13430
-5887
-22273
-27530
-19039
-1070
17353
26981
22966
7298
-12195
-25769
-26640
-14386
4843
21407
27001
18817
957
-17634
-27641
-24051
-8662
10815
24624
25846
13870
-5306
-22074
-28034
-20200
-2497
16206
26540
23328
8178
-11319
-25396
-27001
-15329
3772
20732
27056
19575
2037
-16773
-27429
-24595
-9685
9838
24201
26218
14894
-4082
-21182
-27818
-20643
-3229
15721
26735
24312
9680
-9820
-24412
-26779
-15730
3199
20526
27569
20801
3612
-15386
-26677
-24603
-10203
9308
24156
26902
16172
-2661
-20160
-27560
-21153
-4148
14934
26535
24842
10704
-8796
-23890
-27016
-16607
2122
19787
27540
21496
4683
-14476
-26383
-25072
-11201
8282
23615
27118
17036
-1581
-19406
-27509
-21830
-5215
14013
26221
25293
11693
-7764
-23332
-27211
-17458
1041
19018
27468
22157
5746
-13544
-26048
-25503
-12181
7243
23039
27293
17874
-500
-18623
-27416
-22475
-6274
13070
25866
25704
12665
-6719
-22737
-27364
-18282
-42
18220
27354
22784
6800
-12591
-25674
-25895
-13143
6193
22426
27425
18684
583
-17810
-27281
-23084
-7323
12107
25471
26075
13616
-5664
-22107
-27475
-19078
-1124
17393
27197
23376
7844
-11618
-25259
-26246
-14084
5133
21779
27515
19465
1665
-16970
-27103
-23658
-8361
11125
25038
26407
14547
-4601
-21443
-27544
-19845
-2205
16540
26999
23932
8875
-10627
-24806
-26557
-15004
4066
21099
27562
20217
2744
-16104
-26884
-24196
-9386
10126
24565
26698
15455
-3530
-20747
-27570
-20581
-3282
15662
26759
24451
9893
-9621
-24315
-26828
-15901
2992
20386
27567
20937
3819
-15213
-26623
-24696
-10397
9111
24055
26947
16340
-2454
-20018
-27553
-21285
-4354
14759
26478
24932
10896
-8599
-23786
-27056
-16773
1914
19642
27529
21621
4869
-14341
-26395
-25269
-11545
7882
23257
26856
16853
-1762
-19685
-27952
-22438
-5915
13333
25656
24875
11382
-8064
-23720
-27743
-18119
333
18367
26949
21780
5449
-13862
-26479
-26081
-12868
6542
22424
26821
17532
-791
-18969
-27893
-23095
-6977
12386
25293
25278
12349
-7017
-23118
-27889
-18933
-731
17605
26900
22512
6656
-12704
-25847
-26167
-13480
5879
22231
27403
18817
786
-17651
-27250
-23197
-7524
11919
25391
26142
13797
-5460
-21982
-27491
-19228
-1332
17231
27162
23486
8043
-11429
-25175
-26309
-14263
4929
21651
27527
19612
1872
-16806
-27064
-23764
-8559
10934
24950
26466
14723
-4395
-21312
-27552
-19989
-2412
16373
26956
24034
9072
-10435
-24714
-26613
-15178
3860
20964
27566
20358
2951
-15935
-26837
-24295
-9582
9932
24470
26749
15627
-3323
-20609
-27570
-20719
-3488
15490
26708
24546
10087
-9425
-24216
-26875
-16070
2785
20245
27563
21072
4025
-15039
-26569
-24788
-10589
8915
23952
26990
16507
-2246
-19874
-27545
-21417
-4559
14582
26419
25020
11087
-8401
-23680
-27096
-16937
1706
19495
27517
21754
5092
-14120
-26259
-25243
-11580
7884
23398
27190
17361
-1166
-19108
-27478
-22082
-5623
13653
26089
25455
12069
-7363
-23107
-27275
-17778
625
18715
27429
22402
6152
-13180
-25909
-25658
-12554
6840
22807
27348
18189
-83
-18313
-27369
-22713
-6679
12702
25719
25851
13033
-6315
-22499
-27412
-18592
-458
17905
27298
23016
7203
-12219
-25519
-26035
-13508
5786
22182
27464
18988
999
-17490
-27217
-23309
-7724
11731
25309
26208
13977
-5256
-21856
-27506
-19377
-1540
17068
27126
23594
8242
-11239
-25090
-26371
-14441
4724
21522
27538
19758
2080
-16640
-27024
-23869
-8757
10743
24860
26519
14880
-4232
-21252
-27670
-20286
-2821
15955
26613
23790
8880
-10669
-25079
-27147
-15847
3154
20329
27069
19998
2658
-16264
-27289
-24893
-10276
9238
23873
26298
15298
-3616
-20970
-28068
-21356
-4195
14817
26156
24140
9781
-9729
-24616
-27420
-16739
2078
19603
27057
20706
3731
-15364
-27012
-25373
-11262
8260
23422
26643
16328
-2337
-19979
-27737
-21702
-4876
14332
26316
25088
11272
-8202
-23572
-27133
-17101
1498
19347
27503
21881
5297
-13941
-26195
-25326
-11769
7684
23287
27224
17522
-958
-18958
-27461
-22206
-5827
13471
26021
25535
12256
-7162
-22993
-27304
-17937
416
18561
27407
22523
6355
-12996
-25837
-25734
-12739
6638
22690
27374
18345
125
-18157
-27343
-22831
-6881
12517
25643
25923
13216
-6112
-22378
-27433
-18745
-666
17746
27269
23130
7403
-12032
-25439
-26102
-13689
5583
22057
27482
19138
1207
-17329
-27183
-23420
-7923
11542
25226
26272
14156
-5052
-21728
-27520
-19524
-1748
16904
27088
23701
8440
-11049
-25003
-26431
-14618
4518
21391
27547
19903
2288
-16474
-26982
-23973
-8954
10551
24770
26580
15074
-3984
-21045
-27564
-20274
-2827
16036
26865
24236
9464
-10048
-24527
-26718
-15524
3447
20692
27570
20636
3365
-15593
-26739
-24489
-9971
9542
24275
26847
15969
-2909
-20330
-27565
-20991
-3901
15144
26602
24733
10474
-9033
-24014
-26965
-16407
2371
19960
27550
21338
4436
-14688
-26454
-24967
-10972
8520
23743
27072
16839
-1831
-19583
-27525
-21677
-4970
14227
26297
25192
11467
-8003
-23464
-27169
-17264
1290
19198
27488
22007
5501
-13761
-26129
-25407
-11957
7484
23175
27256
17683
-749
-18806
-27441
-22329
-6030
13289
25951
25612
12442
-6961
-22877
-27332
-18095
208
18407
27379
22623
6515
-12886
-25875
-25962
-13124
6186
22272
27052
18111
-94
-18458
-27797
-23442
-7582
11831
25066
25493
12899
-6409
-22756
-27953
-19397
-1374
17087
26737
22742
7104
-12344
-25858
-26669
-14369
4879
21432
26998
18788
915
-17666
-27648
-24029
-8623
10853
24641
25834
13834
-5347
-22100
-28027
-20152
-2413
16313
26659
23461
8340
-11108
-25115
-26644
-14905
4240
21217
27536
20041
2495
-16306
-26938
-24075
-9151
10358
24677
26634
15248
-3777
-20910
-27567
-20414
-3034
15867
26818
24334
9660
-9854
-24431
-26769
-15696
3241
20553
27569
20774
3571
-15421
-26687
-24584
-10165
9347
24176
26893
16138
-2702
-20189
-27561
-21126
-4107
14969
26546
24824
10666
-8836
-23911
-27007
-16574
2163
19816
27542
21470
4642
-14512
-26395
-25055
-11163
8321
23637
27111
17003
-1623
-19436
-27512
-21805
-5174
14049
26233
25276
11656
-7804
-23354
-27204
-17426
1082
19048
27471
22132
5705
-13580
-26062
-25487
-12144
7283
23061
27287
17842
-541
-18653
-27420
-22451
-6233
13106
25880
25689
12628
-6760
-22760
-27359
-18251
0
18251
27359
22760
6760
-12628
-25689
-25880
-13106
6233
22451
27420
18653
541
-17842
-27287
-23061
-7283
12144
25487
26062
13580
-5705
-22132
-27471
-19048
-1082
17426
27204
23354
7804
-11656
-25276
-26233
-14049
5174
21805
27512
19436
1623
-17003
-27111
-23637
-8321
11163
25055
26395
14512
-4642
-21470
-27542
-19816
-2163
16574
27007
23911
8836
-10666
-24824
-26546
-14969
4107
21126
27561
20189
2702
-16138
-26893
-24176
-9347
10165
24584
26687
15421
-3571
-20774
-27569
-20553
-3241
15696
26769
24431
9854
-9660
-24334
-26818
-15867
3034
20414
27567
20910
3777
-15248
-26634
-24677
-10358
9151
24070
26919
16264
-2568
-20157
-27709
-21460
-4563
14495
26144
24525
10431
-9096
-24288
-27544
-17239
1455
19171
27031
21100
4347
-14834
-26834
-25641
-11853
7623
23029
26648
16666
-1915
-19788
-27998
-22432
-5879
13369
25669
24858
11344
-8104
-23742
-27737
-18087
374
18397
26953
21756
5409
-13899
-26488
-26047
-12789
6655
22558
26970
17701
-583
-18701
-27552
-22682
-6509
12881
25789
25759
12812
-6557
-22642
-27384
-18407
-208
18095
27332
22877
6961
-12442
-25612
-25951
-13289
6030
22329
27441
18806
749
-17683
-27256
-23175
-7484
11957
25407
26129
13761
-5501
-22007
-27488
-19198
-1290
17264
27169
23464
8003
-11467
-25192
-26297
-14227
4970
21677
27525
19583
1831
-16839
-27072
-23743
-8520
10972
24967
26454
14688
-4436
-21338
-27550
-19960
-2371
16407
26965
24014
9033
-10474
-24733
-26602
-15144
3901
20991
27565
20330
2909
-15969
-26847
-24275
-9542
9971
24489
26739
15593
-3365
-20636
-27570
-20692
-3447
15524
26718
24527
10048
-9464
-24236
-26865
-16036
2827
20274
27564
21045
3984
-15074
-26580
-24770
-10551
8954
23973
26982
16474
-2288
-19903
-27547
-21391
-4518
14618
26431
25003
11049
-8440
-23701
-27088
-16904
1748
19524
27520
21728
5052
-14156
-26272
-25226
-11542
7923
23420
27183
17329
-1207
-19138
-27482
-22057
-5583
13689
26102
25439
12032
-7403
-23130
-27269
-17746
666
18745
27433
22378
6112
-13216
-25923
-25643
-12517
6881
22831
27343
18157
-125
-18345
-27374
-22690
-6638
12739
25734
25837
12996
-6355
-22523
-27407
-18561
-416
17937
27304
22993
7162
-12256
-25535
-26021
-13471
5827
22206
27461
18958
958
-17522
-27224
-23287
-7684
11769
25326
26195
13941
-5297
-21881
-27503
-19347
-1498
17106
27152
23614
8275
-11166
-24952
-26157
-14155
5063
21893
27925
20156
2496
-16192
-26537
-23349
-8217
11281
25378
27012
15364
-3731
-20706
-27057
-19603
-2078
16739
27420
24616
9729
-9781
-24140
-26156
-14817
4195
21356
28068
20970
3616
-15298
-26298
-23873
-9238
10276
24893
27289
16264
-2658
-20003
-27088
-20371
-3227
15741
27012
24920
10492
-9067
-23981
-26800
-16132
2662
20151
27563
21179
4189
-14899
-26524
-24860
-10743
8757
23869
27024
16640
-2080
-19758
-27538
-21522
-4724
14441
26371
25090
11239
-8242
-23594
-27126
-17068
1540
19377
27506
21856
5256
-13977
-26208
-25309
-11731
7724
23309
27217
17490
-999
-18988
-27464
-22182
-5786
13508
26035
25519
12219
-7203
-23016
-27298
-17905
458
18592
27412
22499
6315
-13033
-25851
-25719
-12702
6679
22713
27369
18313
83
-18189
-27348
-22807
-6840
12554
25658
25909
13180
-6152
-22402
-27429
-18715
-625
17778
27275
23107
7363
-12069
-25455
-26089
-13653
5623
22082
27478
19108
1166
-17361
-27190
-23398
-7884
11580
25243
26259
14120
-5092
-21754
-27517
-19495
-1706
16937
27096
23680
8401
-11087
-25020
-26419
-14582
4559
21417
27545
19874
2246
-16507
-26990
-23952
-8915
10589
24788
26569
15039
-4025
-21072
-27563
-20245
-2785
16070
26875
24216
9425
-10087
-24546
-26708
-15490
3488
20719
27570
20609
3323
-15627
-26749
-24470
-9932
9582
24295
26837
15935
-2951
-20358
-27566
-20964
-3860
15178
26613
24714
10435
-9072
-24034
-26956
-16373
2412
19989
27552
21312
4395
-14723
-26466
-24950
-10934
8559
23764
27064
16806
-1872
-19612
-27527
-21651
-4929
14263
26309
25175
11429
-8043
-23486
-27162
-17231
1332
19228
27491
21982
5460
-13797
-26142
-25391
-11919
7519
23178
27208
17577
-902
-18991
-27647
-22555
-6289
12980
25576
25170
11947
-7482
-23396
-27827
-18563
-250
17938
26889
22118
6017
-13349
-26278
-26293
-13386
5977
22095
26893
17969
-209
-18532
-27821
-23424
-7542
11868
25081
25479
12862
-6449
-22780
-27949
-19367
-1333
17119
26743
22720
7064
-12377
-25856
-26613
-14260
5031
21611
27196
19008
1172
-17353
-27266
-23581
-8125
11372
25153
26322
14299
-4888
-21625
-27529
-19642
-1914
16773
27056
23786
8599
-10896
-24932
-26478
-14759
4354
21285
27553
20018
2454
-16340
-26947
-24055
-9111
10397
24696
26623
15213
-3819
-20937
-27567
-20386
-2992
15901
26828
24315
9621
-9893
-24451
-26759
-15662
3282
20581
27570
20747
3530
-15455
-26698
-24565
-10126
9386
24196
26884
16104
-2744
-20217
-27562
-21099
-4066
15004
26557
24806
10627
-8875
-23932
-26999
-16540
2205
19845
27544
21443
4601
-14547
-26407
-25038
-11125
8361
23658
27103
16970
-1665
-19465
-27515
-21779
-5133
14084
26246
25259
11618
-7844
-23376
-27197
-17393
1124
19078
27475
22107
5664
-13616
-26075
-25471
-12107
7323
23084
27281
17810
-583
-18684
-27425
-22426
-6193
13143
25895
25674
12591
-6800
-22784
-27354
-18220
42
18282
27364
22737
6719
-12665
-25704
-25866
-13070
6274
22475
27416
18623
500
-17874
-27293
-23039
-7243
12181
25503
26048
13544
-5746
-22157
-27468
-19018
-1041
17458
27211
23332
7764
-11693
-25293
-26221
-14013
5215
21830
27509
19406
1581
-17036
-27118
-23615
-8282
11201
25072
26383
14476
-4683
-21496
-27540
-19787
-2122
16607
27016
23890
8796
-10704
-24842
-26535
-14934
4148
21153
27560
20160
2661
-16172
-26902
-24156
-9308
10203
24603
26677
15386
-3612
-20801
-27569
-20526
-3194
15749
26821
24485
9926
-9544
-24152
-26558
-15534
3421
20831
27995
21341
4217
-14787
-26145
-24159
-9819
9690
24595
27429
16773
-2037
-19575
-27056
-20732
-3772
15329
27001
25396
11319
-8178
-23328
-26540
-16206
2497
20200
28034
22074
5306
-13870
-25846
-24624
-10815
8662
24051
27641
17634
-962
-18836
-27043
-21480
-4949
14251
26481
25592
12008
-7489
-23154
-27157
-17512
935
18932
27457
22231
5868
-13435
-26007
-25550
-12293
7122
22970
27310
17969
-375
-18530
-27403
-22547
-6396
12960
25822
25749
12776
-6598
-22666
-27379
-18376
-167
18126
27338
22854
6921
-12479
-25628
-25937
-13253
6071
22353
27437
18776
708
-17715
-27262
-23152
-7444
11994
25423
26116
13725
-5542
-22032
-27485
-19168
-1249
17296
27176
23442
7963
-11505
-25209
-26284
-14192
5011
21703
27522
19554
1789
-16872
-27080
-23722
-8480
11010
24985
26443
14653
-4477
-21365
-27549
-19932
-2329
16440
26973
23993
8993
-10512
-24751
-26591
-15109
3942
21018
27565
20302
2868
-16002
-26856
-24255
-9503
10010
24508
26729
15559
-3406
-20664
-27570
-20664
-3406
15559
26729
24508
10010
-9503
-24255
-26856
-16002
2868
20302
27565
21018
3942
-15109
-26591
-24751
-10512
8993
23993
26973
16440
-2329
-19932
-27549
-21365
-4477
14653
26443
24985
11010
-8480
-23722
-27080
-16872
1789
19554
27522
21703
5011
-14192
-26284
-25209
-11505
7963
23442
27176
17296
-1249
-19168
-27485
-22032
-5542
13725
26116
25423
11994
-7444
-23152
-27262
-17715
708
18776
27437
22353
6071
-13253
-25937
-25628
-12479
6921
22854
27338
18126
-167
-18376
-27379
-22666
-6598
12776
25749
25822
12960
-6396
-22547
-27403
-18530
-375
17969
27310
22970
7122
-12293
-25550
-26007
-13440
5849
22189
27384
18816
762
-17756
-27481
-23563
-7989
11418
24915
25724
13424
-5833
-22407
-28001
-19817
-1957
16634
26641
23051
7662
-11815
-25624
-26846
-14870
4306
21074
27034
19200
1497
-17206
-27540
-24328
-9178
10319
24396
26001
14329
-4772
-21732
-28056
-20575
-3037
15773
26429
23595
8695
-10800
-25117
-27072
-15671
3391
20584
27318
20241
2921
-15944
-26881
-24396
-9718
9811
24412
26779
15730
-3199
-20526
-27569
-20801
-3612
15386
26677
24603
10203
-9308
-24156
-26902
-16172
2661
20160
27560
21153
4148
-14934
-26535
-24842
-10704
8796
23890
27016
16607
-2122
-19787
-27540
-21496
-4683
14476
26383
25072
11201
-8282
-23615
-27118
-17036
1581
19406
27509
21830
5215
-14013
-26221
-25293
-11693
7764
23332
27211
17458
-1041
-19018
-27468
-22157
-5746
13544
26048
25503
12181
-7243
-23039
-27293
-17874
500
18623
27416
22475
6274
-13070
-25866
-25704
-12665
6719
22737
27364
18282
42
-18220
-27354
-22784
-6800
12591
25674
25895
13143
-6193
-22426
-27425
-18684
-583
17810
27281
23084
7323
-12107
-25471
-26075
-13616
5664
22107
27475
19078
1124
-17393
-27197
-23376
-7844
11618
25259
26246
14084
-5133
-21779
-27515
-19465
-1665
16970
27103
23658
8361
-11125
-25038
-26407
-14547
4601
21443
27544
19845
2205
-16540
-26999
-23932
-8875
10627
24806
26557
15004
-4066
-21099
-27562
-20217
-2744
16104
26884
24196
9386
-10126
-24565
-26698
-15455
3530
20747
27570
20581
3282
-15662
-26759
-24451
-9893
9621
24315
26828
15901
-2992
-20386
-27567
-20937
-3819
15213
26623
24696
10397
-9111
-24055
-26947
-16340
2454
20018
27553
21285
4354
-14759
-26478
-24932
-10896
8599
23786
27056
16773
-1914
-19642
-27529
-21630
-4907
14256
26248
25047
11237
-8284
-23757
-27454
-17545
985
18831
27037
21476
4924
-14333
-26656
-25875
-12382
7064
22720
26743
17119
-1333
-19367
-27949
-22780
-6449
12862
25479
25081
11868
-7542
-23424
-27821
-18532
-209
17969
26893
22095
5977
-13386
-26293
-26278
-13349
6017
22118
26889
17942
-231
-18521
-27754
-23289
-7347
12106
25347
25764
13171
-6101
-22378
-27487
-18856
-796
17651
27250
23197
7524
-11919
-25391
-26142
-13797
5460
21982
27491
19228
1332
-17231
-27162
-23486
-8043
11429
25175
26309
14263
-4929
-21651
-27527
-19612
-1872
16806
27064
23764
8559
-10934
-24950
-26466
-14723
4395
21312
27552
19989
2412
-16373
-26956
-24034
-9072
10435
24714
26613
15178
-3860
-20964
-27566
-20358
-2951
15935
26837
24295
9582
-9932
-24470
-26749
-15627
3323
20609
27570
20719
3488
-15490
-26708
-24546
-10087
9425
24216
26875
16070
-2785
-20245
-27563
-21072
-4025
15039
26569
24788
10589
-8915
-23952
-26990
-16507
2246
19874
27545
21417
4559
-14582
-26419
-25020
-11087
8401
23680
27096
16937
-1706
-19495
-27517
-21754
-5092
14120
26259
25243
11580
-7884
-23398
-27190
-17361
1166
19108
27478
22082
5623
-13653
-26089
-25455
-12069
7363
23107
27275
17778
-625
-18715
-27429
-22402
-6152
13180
25909
25658
12554
-6840
-22807
-27348
-18189
83
18313
27369
22713
6679
-12702
-25719
-25851
-13033
6315
22499
27412
18592
458
-17905
-27298
-23016
-7203
12219
25519
26035
13508
-5786
-22182
-27464
-18988
-999
17490
27217
23309
7724
-11731
-25309
-26208
-13977
5256
21856
27506
19377
1540
-17068
-27126
-23594
-8242
11239
25090
26371
14441
-4724
-21522
-27538
-19758
-2080
16640
27024
23869
8757
-10743
-24860
-26519
-14880
4232
21252
27670
20286
2821
-15955
-26613
-23790
-8880
10669
25079
27147
15847
-3154
-20329
-27069
-19998
-2658
16264
27289
24893
10276
-9238
-23873
-26298
-15298
3616
20970
28068
21356
4195
-14817
-26156
-24140
-9781
9729
24616
27420
16739
-2078
-19603
-27057
-20706
-3731
15364
27012
25373
11262
-8260
-23422
-26643
-16328
2337
19979
27737
21702
4876
-14332
-26316
-25088
-11272
8202
23572
27133
17101
-1498
-19347
-27503
-21881
-5297
13941
26195
25326
11769
-7684
-23287
-27224
-17522
958
18958
27461
22206
5827
-13471
-26021
-25535
-12256
7162
22993
27304
17937
-416
-18561
-27407
-22523
-6355
12996
25837
25734
12739
-6638
-22690
-27374
-18345
-125
18157
27343
22831
6881
-12517
-25643
-25923
-13216
6112
22378
27433
18745
666
-17746
-27269
-23130
-7403
12032
25439
26102
13689
-5583
-22057
-27482
-19138
-1207
17329
27183
23420
7923
-11542
-25226
-26272
-14156
5052
21728
27520
19524
1748
-16904
-27088
-23701
-8440
11049
25003
26431
14618
-4518
-21391
-27547
-19903
-2288
16474
26982
23973
8954
-10551
-24770
-26580
-15074
3984
21045
27564
20274
2827
-16036
-26865
-24236
-9464
10048
24527
26718
15524
-3447
-20692
-27570
-20636
-3365
15593
26739
24489
9971
-9542
-24275
-26847
-15969
2909
20330
27565
20991
3901
-15144
-26602
-24733
-10474
9033
24014
26965
16407
-2371
-19960
-27550
-21338
-4436
14688
26454
24967
10972
-8520
-23743
-27072
-16839
1831
19583
27525
21677
4970
-14227
-26297
-25192
-11467
8003
23464
27169
17264
-1290
-19198
-27488
-22007
-5501
13761
26129
25407
11957
-7484
-23175
-27256
-17683
749
18806
27441
22329
6030
-13289
-25951
-25612
-12442
6961
22877
27332
18095
-208
-18407
-27389
-22661
-6600
12739
25652
25653
12722
-6686
-22870
-27744
-18888
-760
17542
26835
22452
6582
-12831
-26066
-26493
-13899
5409
21756
26953
18397
374
-18087
-27737
-23742
-8104
11344
24858
25669
13369
-5879
-22432
-27998
-19788
-1915
16666
26648
23029
7623
-11853
-25641
-26834
-14834
4347
21100
27036
19190
1498
-17166
-27437
-24152
-8937
10608
24713
26335
14683
-4386
-21301
-27574
-20051
-2495
16306
26938
24075
9151
-10358
-24677
-26634
-15248
3777
20910
27567
20414
3034
-15867
-26818
-24334
-9660
9854
24431
26769
15696
-3241
-20553
-27569
-20774
-3571
15421
26687
24584
10165
-9347
-24176
-26893
-16138
2702
20189
27561
21126
4107
-14969
-26546
-24824
-10666
8836
23911
27007
16574
-2163
-19816
-27542
-21470
-4642
14512
26395
25055
11163
-8321
-23637
-27111
-17003
1623
19436
27512
21805
5174
-14049
-26233
-25276
-11656
7804
23354
27204
17426
-1082
-19048
-27471
-22132
-5705
13580
26062
25487
12144
-7283
-23061
-27287
-17842
541
18653
27420
22451
6233
-13106
-25880
-25689
-12628
6760
22760
27359
18251
0
-18251
-27359
-22760
-6760
12628
25689
25880
13106
-6233
-22451
-27420
-18653
-541
17842
27287
23061
7283
-12144
-25487
-26062
-13580
5705
22132
27471
19048
1082
-17426
-27204
-23354
-7804
11656
25276
26233
14049
-5174
-21805
-27512
-19436
-1623
17003
27111
23637
8321
-11163
-25055
-26395
-14512
4642
21470
27542
19816
2163
-16574
-27007
-23911
-8836
10666
24824
26546
14969
-4107
-21126
-27561
-20189
-2702
16138
26893
24176
9347
-10165
-24584
-26687
-15421
3571
20774
27569
20553
3241
-15696
-26769
-24431
-9854
9660
24334
26818
15867
-3034
-20414
-27567
-20910
-3777
15248
26634
24677
10358
-9151
-24070
-26919
-16264
2568
20157
27709
21460
4563
-14495
-26144
-24525
-10431
9096
24288
27544
17239
-1455
-19171
-27031
-21100
-4347
14834
26834
25641
11853
-7623
-23029
-26648
-16666
1915
19788
27998
22432
5879
-13369
-25669
-24858
-11344
8104
23742
27737
18087
-374
-18397
-26953
-21756
-5409
13899
26488
26047
12789
-6655
-22558
-26970
-17701
583
18701
27552
22682
6509
-12881
-25789
-25759
-12812
6557
22642
27384
18407
208
-18095
-27332
-22877
-6961
12442
25612
25951
13289
-6030
-22329
-27441
-18806
-749
17683
27256
23175
7484
-11957
-25407
-26129
-13761
5501
22007
27488
19198
1290
-17264
-27169
-23464
-8003
11467
25192
26297
14227
-4970
-21677
-27525
-19583
-1831
16839
27072
23743
8520
-10972
-24967
-26454
-14688
4436
21338
27550
19960
2371
-16407
-26965
-24014
-9033
10474
24733
26602
15144
-3901
-20991
-27565
-20330
-2909
15969
26847
24275
9542
-9971
-24489
-26739
-15593
3365
20636
27570
20692
3447
-15524
-26718
-24527
-10048
9464
24236
26865
16036
-2827
-20274
-27564
-21045
-3984
15074
26580
24770
10551
-8954
-23973
-26982
-16474
2288
19903
27547
21391
4518
-14618
-26431
-25003
-11049
8440
23701
27088
16904
-1748
-19524
-27520
-21728
-5052
14156
26272
25226
11542
-7923
-23420
-27183
-17329
1207
19138
27482
22057
5583
-13689
-26102
-25439
-12032
7403
23130
27269
17746
-666
-18745
-27433
-22378
-6112
13216
25923
25643
12517
-6881
-22831
-27343
-18157
125
18345
27374
22690
6638
-12739
-25734
-25837
-12996
6355
22523
27407
18561
416
-17937
-27304
-22993
-7162
12256
25535
26021
13471
-5827
-22206
-27461
-18958
-958
17522
27224
23287
7684
-11769
-25326
-26195
-13941
5297
21881
27503
19347
1498
-17096
-27114
-23530
-8129
11388
25261
26560
14655
-4466
-21202
-27147
-19302
-1581
17154
27527
24349
9217
-10281
-24378
-26012
-14364
4731
21706
28057
20603
3078
-15739
-26420
-23616
-8729
10781
25140
27156
15817
-3195
-20356
-27068
-19970
-2616
16298
27298
24873
10238
-9276
-23893
-26289
-15264
3658
20993
28050
21286
4080
-14963
-26320
-24323
-9992
9470
24290
27023
16278
-2577
-20113
-27554
-21179
-4189
14899
26524
24860
10743
-8757
-23869
-27024
-16640
2080
19758
27538
21522
4724
-14441
-26371
-25090
-11239
8242
23594
27126
17068
-1540
-19377
-27506
-21856
-5256
13977
26208
25309
11731
-7724
-23309
-27217
-17490
999
18988
27464
22182
5786
-13508
-26035
-25519
-12219
7203
23016
27298
17905
-458
-18592
-27412
-22499
-6315
13033
25851
25719
12702
-6679
-22713
-27369
-18313
-83
18189
27348
22807
6840
-12554
-25658
-25909
-13180
6152
22402
27429
18715
625
-17778
-27275
-23107
-7363
12069
25455
26089
13653
-5623
-22082
-27478
-19108
-1166
17361
27190
23398
7884
-11580
-25243
-26259
-14120
5092
21754
27517
19495
1706
-16937
-27096
-23680
-8401
11087
25020
26419
14582
-4559
-21417
-27545
-19874
-2246
16507
26990
23952
8915
-10589
-24788
-26569
-15039
4025
21072
27563
20245
2785
-16070
-26875
-24216
-9425
10087
24546
26708
15490
-3488
-20719
-27570
-20609
-3323
15627
26749
24470
9932
-9582
-24295
-26837
-15935
2951
20358
27566
20964
3860
-15178
-26613
-24714
-10435
9072
24034
26956
16373
-2412
-19989
-27552
-21312
-4395
14723
26466
24950
10934
-8559
-23764
-27064
-16806
1872
19612
27527
21651
4929
-14263
-26309
-25175
-11429
8043
23486
27162
17231
-1332
-19228
-27491
-21982
-5460
13797
26142
25391
11919
-7528
-23216
-27292
-17724
680
18682
27244
22055
5691
-13671
-26354
-26024
-12863
6521
22405
26827
17563
-750
-18938
-27889
-23118
-7017
12349
25278
25293
12386
-6977
-23095
-27893
-18969
-791
17532
26821
22424
6542
-12868
-26081
-26479
-13862
5449
21780
26949
18367
333
-18119
-27743
-23720
-8064
11387
24894
25698
13406
-5808
-22303
-27793
-19508
-1575
17045
27044
23434
8041
-11410
-25163
-26322
-14299
4888
21625
27529
19642
1914
-16773
-27056
-23786
-8599
10896
24932
26478
14759
-4354
-21285
-27553
-20018
-2454
16340
26947
24055
9111
-10397
-24696
-26623
-15213
3819
20937
27567
20386
2992
-15901
-26828
-24315
-9621
9893
24451
26759
15662
-3282
-20581
-27570
-20747
-3530
15455
26698
24565
10126
-9386
-24196
-26884
-16104
2744
20217
27562
21099
4066
-15004
-26557
-24806
-10627
8875
23932
26999
16540
-2205
-19845
-27544
-21443
-4601
14547
26407
25038
11125
-8361
-23658
-27103
-16970
1665
19465
27515
21779
5133
-14084
-26246
-25259
-11618
7844
23376
27197
17393
-1124
-19078
-27475
-22107
-5664
13616
26075
25471
12107
-7323
-23084
-27281
-17810
583
18684
27425
22426
6193
-13143
-25895
-25674
-12591
6800
22784
27354
18220
-42
-18282
-27364
-22737
-6719
12665
25704
25866
13070
-6274
-22475
-27416
-18623
-500
17874
27293
23039
7243
-12181
-25503
-26048
-13544
5746
22157
27468
19018
1041
-17458
-27211
-23332
-7764
11693
25293
26221
14013
-5215
-21830
-27509
-19406
-1581
17036
27118
23615
8282
-11201
-25072
-26383
-14476
4683
21496
27540
19787
2122
-16607
-27016
-23890
-8796
10704
24842
26535
14934
-4148
-21153
-27560
-20160
-2661
16172
26902
24156
9308
-10203
-24603
-26677
-15386
3612
20801
27569
20526
3194
-15749
-26821
-24485
-9926
9544
24152
26558
15534
-3421
-20831
-27995
-21341
-4217
14787
26145
24159
9819
-9690
-24595
-27429
-16773
2037
19575
27056
20732
3772
-15329
-27001
-25396
-11319
8178
23328
26540
16206
-2497
-20200
-28034
-22074
-5306
13870
25846
24624
10815
-8662
-24051
-27641
-17634
962
18836
27043
21480
4949
-14251
-26481
-25592
-12008
7489
23154
27157
17512
-935
-18932
-27457
-22231
-5868
13435
26007
25550
12293
-7122
-22970
-27310
-17969
375
18530
27403
22547
6396
-12960
-25822
-25749
-12776
6598
22666
27379
18376
167
-18126
-27338
-22854
-6921
12479
25628
25937
13253
-6071
-22353
-27437
-18776
-708
17715
27262
23152
7444
-11994
-25423
-26116
-13725
5542
22032
27485
19168
1249
-17296
-27176
-23442
-7963
11505
25209
26284
14192
-5011
-21703
-27522
-19554
-1789
16872
27080
23722
8480
-11010
-24985
-26443
-14653
4477
21365
27549
19932
2329
-16440
-26973
-23993
-8993
10512
24751
26591
15109
-3942
-21018
-27565
-20302
-2868
16002
26856
24255
9503
-10010
-24508
-26729
-15559
3406
20664
27570
20664
3406
-15559
-26729
-24508
-10010
9503
24255
26856
16002
-2868
-20302
-27565
-21018
-3942
15109
26591
24751
10512
-8993
-23993
-26973
-16440
2329
19932
27549
21365
4477
-14653
-26443
-24985
-11010
8480
23722
27080
16872
-1789
-19554
-27522
-21703
-5011
14192
26284
25209
11505
-7963
-23442
-27176
-17296
1249
19168
27485
22032
5542
-13725
-26116
-25423
-11994
7444
23152
27262
17715
-708
-18776
-27437
-22353
-6071
13253
25937
25628
12479
-6921
-22854
-27338
-18126
167
18376
27379
22666
6598
-12776
-25749
-25822
-12960
6396
22547
27403
18530
375
-17969
-27310
-22970
-7122
12293
25550
26007
13440
-5849
-22189
-27384
-18816
-762
17756
27481
23563
7989
-11418
-24915
-25724
-13424
5833
22407
28001
19817
1957
-16634
-26641
-23051
-7662
11815
25624
26846
14870
-4306
-21074
-27034
-19200
-1497
17206
27540
24328
9178
-10319
-24396
-26001
-14329
4772
21732
28056
20575
3037
-15773
-26429
-23595
-8695
10800
25117
27072
15671
-3391
-20584
-27318
-20241
-2921
15944
26881
24396
9718
-9811
-24412
-26779
-15730
3199
20526
27569
20801
3612
-15386
-26677
-24603
-10203
9308
24156
26902
16172
-2661
-20160
-27560
-21153
-4148
14934
26535
24842
10704
-8796
-23890
-27016
-16607
2122
19787
27540
21496
4683
-14476
-26383
-25072
-11201
8282
23615
27118
17036
-1581
-19406
-27509
-21830
-5215
14013
26221
25293
11693
-7764
-23332
-27211
-17458
1041
19018
27468
22157
5746
-13544
-26048
-25503
-12181
7243
23039
27293
17874
-500
-18623
-27416
-22475
-6274
13070
25866
25704
12665
-6719
-22737
-27364
-18282
-42
18220
27354
22784
6800
-12591
-25674
-25895
-13143
6193
22426
27425
18684
583
-17810
-27281
-23084
-7323
12107
25471
26075
13616
-5664
-22107
-27475
-19078
-1124
17393
27197
23376
7844
-11618
-25259
-26246
-14084
5133
21779
27515
19465
1665
-16970
-27103
-23658
-8361
11125
25038
26407
14547
-4601
-21443
-27544
-19845
-2205
16540
26999
23932
8875
-10627
-24806
-26557
-15004
4066
21099
27562
20217
2744
-16104
-26884
-24196
-9386
10126
24565
26698
15455
-3530
-20747
-27570
-20581
-3282
15662
26759
24451
9893
-9621
-24315
-26828
-15901
2992
20386
27567
20937
3819
-15213
-26623
-24696
-10397
9111
24055
26947
16340
-2454
-20018
-27553
-21285
-4354
14759
26478
24932
10896
-8599
-23786
-27056
-16773
1914
19642
27529
21630
4907
-14256
-26248
-25047
-11237
8284
23757
27454
17545
-985
-18831
-27037
-21476
-4924
14333
26656
25875
12382
-7064
-22720
-26743
-17119
1333
19367
27949
22780
6449
-12862
-25479
-25081
-11868
7542
23424
27821
18532
209
-17969
-26893
-22095
-5977
13386
26293
26278
13349
-6017
-22118
-26889
-17942
231
18521
27754
23289
7347
-12106
-25347
-25764
-13171
6101
22378
27487
18856
796
-17651
-27250
-23197
-7524
11919
25391
26142
13797
-5460
-21982
-27491
-19228
-1332
17231
27162
23486
8043
-11429
-25175
-26309
-14263
4929
21651
27527
19612
1872
-16806
-27064
-23764
-8559
10934
24950
26466
14723
-4395
-21312
-27552
-19989
-2412
16373
26956
24034
9072
-10435
-24714
-26613
-15178
3860
20964
27566
20358
2951
-15935
-26837
-24295
-9582
9932
24470
26749
15627
-3323
-20609
-27570
-20719
-3488
15490
26708
24546
10087
-9425
-24216
-26875
-16070
2785
20245
27563
21072
4025
-15039
-26569
-24788
-10589
8915
23952
26990
16507
-2246
-19874
-27545
-21417
-4559
14582
26419
25020
11087
-8401
-23680
-27096
-16937
1706
19495
27517
21754
5092
-14120
-26259
-25243
-11580
7884
23398
27190
17361
-1166
-19108
-27478
-22082
-5623
13653
26089
25455
12069
-7363
-23107
-27275
-17778
625
18715
27429
22402
6152
-13180
-25909
-25658
-12554
6840
22807
27348
18189
-83
-18313
-27369
-22713
-6679
12702
25719
25851
13033
-6315
-22499
-27412
-18592
-458
17905
27298
23016
7203
-12219
-25519
-26035
-13508
5786
22182
27464
18988
999
-17490
-27217
-23309
-7724
11731
25309
26208
13977
-5256
-21856
-27506
-19377
-1540
17068
27126
23594
8242
-11239
-25090
-26371
-14441
4724
21522
27538
19758
2080
-16640
-27024
-23869
-8757
10743
24860
26519
14880
-4232
-21252
-27670
-20286
-2821
15955
26613
23790
8880
-10669
-25079
-27147
-15847
3154
20329
27069
19998
2658
-16264
-27289
-24893
-10276
9238
23873
26298
15298
-3616
-20970
-28068
-21356
-4195
14817
26156
24140
9781
-9729
-24616
-27420
-16739
2078
19603
27057
20706
3731
-15364
-27012
-25373
-11262
8260
23422
26643
16328
-2337
-19979
-27737
-21702
-4876
14332
26316
25088
11272
-8202
-23572
-27133
-17101
1498
19347
27503
21881
5297
-13941
-26195
-25326
-11769
7684
23287
27224
17522
-958
-18958
-27461
-22206
-5827
13471
26021
25535
12256
-7162
-22993
-27304
-17937
416
18561
27407
22523
6355
-12996
-25837
-25734
-12739
6638
22690
27374
18345
125
-18157
-27343
-22831
-6881
12517
25643
25923
13216
-6112
-22378
-27433
-18745
-666
17746
27269
23130
7403
-12032
-25439
-26102
-13689
5583
22057
27482
19138
1207
-17329
-27183
-23420
-7923
11542
25226
26272
14156
-5052
-21728
-27520
-19524
-1748
16904
27088
23701
8440
-11049
-25003
-26431
-14618
4518
21391
27547
19903
2288
-16474
-26982
-23973
-8954
10551
24770
26580
15074
-3984
-21045
-27564
-20274
-2827
16036
26865
24236
9464
-10048
-24527
-26718
-15524
3447
20692
27570
20636
3365
-15593
-26739
-24489
-9971
9542
24275
26847
15969
-2909
-20330
-27565
-20991
-3901
15144
26602
24733
10474
-9033
-24014
-26965
-16407
2371
19960
27550
21338
4436
-14688
-26454
-24967
-10972
8520
23743
27072
16839
-1831
-19583
-27525
-21677
-4970
14227
26297
25192
11467
-8003
-23464
-27169
-17264
1290
19198
27488
22007
5501
-13761
-26129
-25407
-11957
7484
23175
27256
17683
-749
-18806
-27441
-22329
-6030
13289
25951
25612
12442
-6961
-22877
-27332
-18095
208
18407
27389
22661
6600
-12739
-25652
-25653
-12722
6686
22870
27744
18888
760
-17542
-26835
-22452
-6582
12831
26066
26493
13899
-5409
-21756
-26953
-18397
-374
18087
27737
23742
8104
-11344
-24858
-25669
-13369
5879
22432
27998
19788
1915
-16666
-26648
-23029
-7623
11853
25641
26834
14834
-4347
-21100
-27036
-19190
-1498
17166
27437
24152
8937
-10608
-24713
-26335
-14683
4386
21301
27574
20051
2495
-16306
-26938
-24075
-9151
10358
24677
26634
15248
-3777
-20910
-27567
-20414
-3034
15867
26818
24334
9660
-9854
-24431
-26769
-15696
3241
20553
27569
20774
3571
-15421
-26687
-24584
-10165
9347
24176
26893
16138
-2702
-20189
-27561
-21126
-4107
14969
26546
24824
10666
-8836
-23911
-27007
-16574
2163
19816
27542
21470
4642
-14512
-26395
-25055
-11163
8321
23637
27111
17003
-1623
-19436
-27512
-21805
-5174
14049
26233
25276
11656
-7804
-23354
-27204
-17426
1082
19048
27471
22132
5705
-13580
-26062
-25487
-12144
7283
23061
27287
17842
-541
-18653
-27420
-22451
-6233
13106
25880
25689
12628
-6760
-22760
-27359
-18251
0
18251
27359
22760
6760
-12628
-25689
-25880
-13106
6233
22451
27420
18653
541
-17842
-27287
-23061
-7283
12144
25487
26062
13580
-5705
-22132
-27471
-19048
-1082
17426
27204
23354
7804
-11656
-25276
-26233
-14049
5174
21805
27512
19436
1623
-17003
-27111
-23637
-8321
11163
25055
26395
14512
-4642
-21470
-27542
-19816
-2163
16574
27007
23911
8836
-10666
-24824
-26546
-14969
4107
21126
27561
20189
2702
-16138
-26893
-24176
-9347
10165
24584
26687
15421
-3571
-20774
-27569
-20553
-3241
15696
26769
24431
9854
-9660
-24334
-26818
-15867
3034
20414
27567
20910
3777
-15248
-26634
-24677
-10358
9151
24080
26957
16348
-2422
-19935
-27400
-21058
-4063
15093
26835
25303
11284
-8180
-23326
-26553
-16239
2455
20171
28031
22100
5347
-13834
-25834
-24641
-10853
8623
24029
27648
17666
-915
-18788
-26998
-21432
-4879
14369
26669
25858
12344
-7104
-22742
-26737
-17087
1374
19397
27953
22756
6409
-12899
-25498
-25085
-11873
7509
23336
27661
18299
-83
-18298
-27244
-22460
-6363
12965
25827
25768
12812
-6557
-22642
-27384
-18407
-208
18095
27332
22877
6961
-12442
-25612
-25951
-13289
6030
22329
27441
18806
749
-17683
-27256
-23175
-7484
11957
25407
26129
13761
-5501
-22007
-27488
-19198
-1290
17264
27169
23464
8003
-11467
-25192
-26297
-14227
4970
21677
27525
19583
1831
-16839
-27072
-23743
-8520
10972
24967
26454
14688
-4436
-21338
-27550
-19960
-2371
16407
26965
24014
9033
-10474
-24733
-26602
-15144
3901
20991
27565
20330
2909
-15969
-26847
-24275
-9542
9971
24489
26739
15593
-3365
-20636
-27570
-20692
-3447
15524
26718
24527
10048
-9464
-24236
-26865
-16036
2827
20274
27564
21045
3984
-15074
-26580
-24770
-10551
8954
23973
26982
16474
-2288
-19903
-27547
-21391
-4518
14618
26431
25003
11049
-8440
-23701
-27088
-16904
1748
19524
27520
21728
5052
-14156
-26272
-25226
-11542
7923
23420
27183
17329
-1207
-19138
-27482
-22057
-5583
13689
26102
25439
12032
-7403
-23130
-27269
-17746
666
18745
27433
22378
6112
-13216
-25923
-25643
-12517
6881
22831
27343
18157
-125
-18345
-27374
-22690
-6638
12739
25734
25837
12996
-6355
-22523
-27407
-18561
-416
17937
27304
22993
7162
-12256
-25535
-26021
-13471
5827
22206
27461
18958
958
-17522
-27224
-23287
-7684
11769
25326
26195
13941
-5297
-21881
-27503
-19347
-1498
17106
27152
23614
8275
-11166
-24952
-26157
-14155
5063
21893
27925
20156
2496
-16192
-26537
-23349
-8217
11281
25378
27012
15364
-3731
-20706
-27057
-19603
-2078
16739
27420
24616
9729
-9781
-24140
-26156
-14817
4195
21356
28068
20970
3616
-15298
-26298
-23873
-9238
10276
24893
27289
16264
-2658
-20003
-27088
-20371
-3227
15741
27012
24920
10492
-9067
-23981
-26800
-16132
2662
20151
27563
21179
4189
-14899
-26524
-24860
-10743
8757
23869
27024
16640
-2080
-19758
-27538
-21522
-4724
14441
26371
25090
11239
-8242
-23594
-27126
-17068
1540
19377
27506
21856
5256
-13977
-26208
-25309
-11731
7724
23309
27217
17490
-999
-18988
-27464
-22182
-5786
13508
26035
25519
12219
-7203
-23016
-27298
-17905
458
18592
27412
22499
6315
-13033
-25851
-25719
-12702
6679
22713
27369
18313
83
-18189
-27348
-22807
-6840
12554
25658
25909
13180
-6152
-22402
-27429
-18715
-625
17778
27275
23107
7363
-12069
-25455
-26089
-13653
5623
22082
27478
19108
1166
-17361
-27190
-23398
-7884
11580
25243
26259
14120
-5092
-21754
-27517
-19495
-1706
16937
27096
23680
8401
-11087
-25020
-26419
-14582
4559
21417
27545
19874
2246
-16507
-26990
-23952
-8915
10589
24788
26569
15039
-4025
-21072
-27563
-20245
-2785
16070
26875
24216
9425
-10087
-24546
-26708
-15490
3488
20719
27570
20609
3323
-15627
-26749
-24470
-9932
9582
24295
26837
15935
-2951
-20358
-27566
-20964
-3860
15178
26613
24714
10435
-9072
-24034
-26956
-16373
2412
19989
27552
21312
4395
-14723
-26466
-24950
-10934
8559
23764
27064
16806
-1872
-19612
-27527
-21651
-4929
14263
26309
25175
11429
-8043
-23486
-27162
-17231
1332
19228
27491
21982
5460
-13797
-26142
-25391
-11919
7519
23178
27208
17577
-902
-18991
-27647
-22555
-6289
12980
25576
25170
11947
-7482
-23396
-27827
-18563
-250
17938
26889
22118
6017
-13349
-26278
-26293
-13386
5977
22095
26893
17969
-209
-18532
-27821
-23424
-7542
11868
25081
25479
12862
-6449
-22780
-27949
-19367
-1333
17119
26743
22720
7064
-12377
-25856
-26613
-14260
5031
21611
27196
19008
1172
-17353
-27266
-23581
-8125
11372
25153
26322
14299
-4888
-21625
-27529
-19642
-1914
16773
27056
23786
8599
-10896
-24932
-26478
-14759
4354
21285
27553
20018
2454
-16340
-26947
-24055
-9111
10397
24696
26623
15213
-3819
-20937
-27567
-20386
-2992
15901
26828
24315
9621
-9893
-24451
-26759
-15662
3282
20581
27570
20747
3530
-15455
-26698
-24565
-10126
9386
24196
26884
16104
-2744
-20217
-27562
-21099
-4066
15004
26557
24806
10627
-8875
-23932
-26999
-16540
2205
19845
27544
21443
4601
-14547
-26407
-25038
-11125
8361
23658
27103
16970
-1665
-19465
-27515
-21779
-5133
14084
26246
25259
11618
-7844
-23376
-27197
-17393
1124
19078
27475
22107
5664
-13616
-26075
-25471
-12107
7323
23084
27281
17810
-583
-18684
-27425
-22426
-6193
13143
25895
25674
12591
-6800
-22784
-27354
-18220
42
18282
27364
22737
6719
-12665
-25704
-25866
-13070
6274
22475
27416
18623
500
-17874
-27293
-23039
-7243
12181
25503
26048
13544
-5746
-22157
-27468
-19018
-1041
17458
27211
23332
7764
-11693
-25293
-26221
-14013
5215
21830
27509
19406
1581
-17036
-27118
-23615
-8282
11201
25072
26383
14476
-4683
-21496
-27540
-19787
-2122
16607
27016
23890
8796
-10704
-24842
-26535
-14934
4148
21153
27560
20160
2661
-16172
-26902
-24156
-9308
10203
24603
26677
15386
-3612
-20801
-27569
-20526
-3204
15711
26737
24339
9704
-9853
-24555
-27058
-16131
2729
20053
27141
20425
3255
-15778
-27145
-25159
-10819
8690
23595
26429
15773
-3037
-20575
-28056
-21732
-4772
14329
26001
24396
10319
-9178
-24328
-27540
-17206
1497
19200
27034
21074
4306
-14870
-26846
-25624
-11815
7662
23051
26641
16634
-1952
-19798
-27958
-22333
-5727
13559
25883
25092
11605
-7798
-23376
-27304
-17597
897
18923
27457
22231
5868
-13435
-26007
-25550
-12293
7122
22970
27310
17969
-375
-18530
-27403
-22547
-6396
12960
25822
25749
12776
-6598
-22666
-27379
-18376
-167
18126
27338
22854
6921
-12479
-25628
-25937
-13253
6071
22353
27437
18776
708
-17715
-27262
-23152
-7444
11994
25423
26116
13725
-5542
-22032
-27485
-19168
-1249
17296
27176
23442
7963
-11505
-25209
-26284
-14192
5011
21703
27522
19554
1789
-16872
-27080
-23722
-8480
11010
24985
26443
14653
-4477
-21365
-27549
-19932
-2329
16440
26973
23993
8993
-10512
-24751
-26591
-15109
3942
21018
27565
20302
2868
-16002
-26856
-24255
-9503
10010
24508
26729
15559
-3406
-20664
-27570
-20664
-3406
15559
26729
24508
10010
-9503
-24255
-26856
-16002
2868
20302
27565
21018
3942
-15109
-26591
-24751
-10512
8993
23993
26973
16440
-2329
-19932
-27549
-21365
-4477
14653
26443
24985
11010
-8480
-23722
-27080
-16872
1789
19554
27522
21703
5011
-14192
-26284
-25209
-11505
7963
23442
27176
17296
-1249
-19168
-27485
-22032
-5542
13725
26116
25423
11994
-7444
-23152
-27262
-17715
708
18776
27437
22353
6071
-13253
-25937
-25628
-12479
6921
22854
27338
18126
-167
-18376
-27379
-22666
-6598
12776
25749
25822
12960
-6396
-22547
-27403
-18530
-375
17969
27310
22970
7122
-12293
-25550
-26007
-13430
5887
22273
27530
19039
1070
-17353
-26981
-22966
-7298
12195
25769
26640
14386
-4843
-21407
-27001
-18817
-957
17634
27641
24051
8662
-10815
-24624
-25846
-13870
5306
22074
28034
20200
2497
-16206
-26540
-23328
-8178
11319
25396
27001
15329
-3772
-20732
-27056
-19575
-2037
16773
27429
24595
9685
-9838
-24201
-26218
-14894
4082
21182
27818
20643
3229
-15721
-26735
-24312
-9680
9820
24412
26779
15730
-3199
-20526
-27569
-20801
-3612
15386
26677
24603
10203
-9308
-24156
-26902
-16172
2661
20160
27560
21153
4148
-14934
-26535
-24842
-10704
8796
23890
27016
16607
-2122
-19787
-27540
-21496
-4683
14476
26383
25072
11201
-8282
-23615
-27118
-17036
1581
19406
27509
21830
5215
-14013
-26221
-25293
-11693
7764
23332
27211
17458
-1041
-19018
-27468
-22157
-5746
13544
26048
25503
12181
-7243
-23039
-27293
-17874
500
18623
27416
22475
6274
-13070
-25866
-25704
-12665
6719
22737
27364
18282
42
-18220
-27354
-22784
-6800
12591
25674
25895
13143
-6193
-22426
-27425
-18684
-583
17810
27281
23084
7323
-12107
-25471
-26075
-13616
5664
22107
27475
19078
1124
-17393
-27197
-23376
-7844
11618
25259
26246
14084
-5133
-21779
-27515
-19465
-1665
16970
27103
23658
8361
-11125
-25038
-26407
-14547
4601
21443
27544
19845
2205
-16540
-26999
-23932
-8875
10627
24806
26557
15004
-4066
-21099
-27562
-20217
-2744
16104
26884
24196
9386
-10126
-24565
-26698
-15455
3530
20747
27570
20581
3282
-15662
-26759
-24451
-9893
9621
24315
26828
15901
-2992
-20386
-27567
-20937
-3819
15213
26623
24696
10397
-9111
-24055
-26947
-16340
2454
20018
27553
21285
4354
-14759
-26478
-24932
-10896
8599
23786
27056
16773
-1914
-19642
-27529
-21621
-4869
14341
26395
25269
11545
-7882
-23257
-26856
-16853
1762
19685
27952
22438
5915
-13333
-25656
-24875
-11382
8064
23720
27743
18119
-333
-18367
-26949
-21780
-5449
13862
26479
26081
12868
-6542
-22424
-26821
-17532
791
18969
27893
23095
6977
-12386
-25293
-25278
-12349
7017
23118
27889
18933
731
-17605
-26900
-22512
-6656
12704
25847
26167
13480
-5879
-22231
-27403
-18817
-786
17651
27250
23197
7524
-11919
-25391
-26142
-13797
5460
21982
27491
19228
1332
-17231
-27162
-23486
-8043
11429
25175
26309
14263
-4929
-21651
-27527
-19612
-1872
16806
27064
23764
8559
-10934
-24950
-26466
-14723
4395
21312
27552
19989
2412
-16373
-26956
-24034
-9072
10435
24714
26613
15178
-3860
-20964
-27566
-20358
-2951
15935
26837
24295
9582
-9932
-24470
-26749
-15627
3323
20609
27570
20719
3488
-15490
-26708
-24546
-10087
9425
24216
26875
16070
-2785
-20245
-27563
-21072
-4025
15039
26569
24788
10589
-8915
-23952
-26990
-16507
2246
19874
27545
21417
4559
-14582
-26419
-25020
-11087
8401
23680
27096
16937
-1706
-19495
-27517
-21754
-5092
14120
26259
25243
11580
-7884
-23398
-27190
-17361
1166
19108
27478
22082
5623
-13653
-26089
-25455
-12069
7363
23107
27275
17778
-625
-18715
-27429
-22402
-6152
13180
25909
25658
12554
-6840
-22807
-27348
-18189
83
18313
27369
22713
6679
-12702
-25719
-25851
-13033
6315
22499
27412
18592
458
-17905
-27298
-23016
-7203
12219
25519
26035
13508
-5786
-22182
-27464
-18988
-999
17490
27217
23309
7724
-11731
-25309
-26208
-13977
5256
21856
27506
19377
1540
-17068
-27126
-23594
-8242
11239
25090
26371
14441
-4724
-21522
-27538
-19758
-2080
16640
27024
23869
8757
-10743
-24860
-26519
-14880
4232
21252
27670
20286
2821
-15955
-26613
-23790
-8880
10669
25079
27147
15847
-3154
-20329
-27069
-19998
-2658
16264
27289
24893
10276
-9238
-23873
-26298
-15298
3616
20970
28068
21356
4195
-14817
-26156
-24140
-9781
9729
24616
27420
16739
-2078
-19603
-27057
-20706
-3731
15364
27012
25373
11262
-8260
-23422
-26643
-16328
2337
19979
27737
21702
4876
-14332
-26316
-25088
-11272
8202
23572
27133
17101
-1498
-19347
-27503
-21881
-5297
13941
26195
25326
11769
-7684
-23287
-27224
-17522
958
18958
27461
22206
5827
-13471
-26021
-25535
-12256
7162
22993
27304
17937
-416
-18561
-27407
-22523
-6355
12996
25837
25734
12739
-6638
-22690
-27374
-18345
-125
18157
27343
22831
6881
-12517
-25643
-25923
-13216
6112
22378
27433
18745
666
-17746
-27269
-23130
-7403
12032
25439
26102
13689
-5583
-22057
-27482
-19138
-1207
17329
27183
23420
7923
-11542
-25226
-26272
-14156
5052
21728
27520
19524
1748
-16904
-27088
-23701
-8440
11049
25003
26431
14618
-4518
-21391
-27547
-19903
-2288
16474
26982
23973
8954
-10551
-24770
-26580
-15074
3984
21045
27564
20274
2827
-16036
-26865
-24236
-9464
10048
24527
26718
15524
-3447
-20692
-27570
-20636
-3365
15593
26739
24489
9971
-9542
-24275
-26847
-15969
2909
20330
27565
20991
3901
-15144
-26602
-24733
-10474
9033
24014
26965
16407
-2371
-19960
-27550
-21338
-4436
14688
26454
24967
10972
-8520
-23743
-27072
-16839
1831
19583
27525
21677
4970
-14227
-26297
-25192
-11467
8003
23464
27169
17264
-1290
-19198
-27488
-22007
-5501
13761
26129
25407
11957
-7484
-23175
-27256
-17683
749
18806
27441
22329
6030
-13289
-25951
-25612
-12442
6961
22877
27332
18095
-208
-18407
-27389
-22661
-6600
12739
25652
25653
12722
-6686
-22870
-27744
-18888
-760
17542
26835
22452
6582
-12831
-26066
-26493
-13899
5409
21756
26953
18397
374
-18087
-27737
-23742
-8104
11344
24858
25669
13369
-5879
-22432
-27998
-19788
-1915
16666
26648
23029
7623
-11853
-25641
-26834
-14834
4347
21100
27036
19190
1498
-17166
-27437
-24152
-8937
10608
24713
26335
14683
-4386
-21301
-27574
-20051
-2495
16306
26938
24075
9151
-10358
-24677
-26634
-15248
3777
20910
27567
20414
3034
-15867
-26818
-24334
-9660
9854
24431
26769
15696
-3241
-20553
-27569
-20774
-3571
15421
26687
24584
10165
-9347
-24176
-26893
-16138
2702
20189
27561
21126
4107
-14969
-26546
-24824
-10666
8836
23911
27007
16574
-2163
-19816
-27542
-21470
-4642
14512
26395
25055
11163
-8321
-23637
-27111
-17003
1623
19436
27512
21805
5174
-14049
-26233
-25276
-11656
7804
23354
27204
17426
-1082
-19048
-27471
-22132
-5705
13580
26062
25487
12144
-7283
-23061
-27287
-17842
541
18653
27420
22451
6233
-13106
-25880
-25689
-12628
6760
22760
27359
18251
0
-18251
-27359
-22760
-6760
12628
25689
25880
13106
-6233
-22451
-27420
-18653
-541
17842
27287
23061
7283
-12144
-25487
-26062
-13580
5705
22132
27471
19048
1082
-17426
-27204
-23354
-7804
11656
25276
26233
14049
-5174
-21805
-27512
-19436
-1623
17003
27111
23637
8321
-11163
-25055
-26395
-14512
4642
21470
27542
19816
2163
-16574
-27007
-23911
-8836
10666
24824
26546
14969
-4107
-21126
-27561
-20189
-2702
16138
26893
24176
9347
-10165
-24584
-26687
-15421
3571
20774
27569
20553
3241
-15696
-26769
-24431
-9854
9660
24334
26818
15867
-3034
-20414
-27567
-20910
-3777
15248
26634
24677
10358
-9151
-24080
-26957
-16348
2422
19935
27400
21058
4063
-15093
-26835
-25303
-11284
8180
23326
26553
16239
-2455
-20171
-28031
-22100
-5347
13834
25834
24641
10853
-8623
-24029
-27648
-17666
915
18788
26998
21432
4879
-14369
-26669
-25858
-12344
7104
22742
26737
17087
-1374
-19397
-27953
-22756
-6409
12899
25498
25085
11873
-7509
-23336
-27661
-18299
83
18298
27244
22460
6363
-12965
-25827
-25768
-12812
6557
22642
27384
18407
208
-18095
-27332
-22877
-6961
12442
25612
25951
13289
-6030
-22329
-27441
-18806
-749
17683
27256
23175
7484
-11957
-25407
-26129
-13761
5501
22007
27488
19198
1290
-17264
-27169
-23464
-8003
11467
25192
26297
14227
-4970
-21677
-27525
-19583
-1831
16839
27072
23743
8520
-10972
-24967
-26454
-14688
4436
21338
27550
19960
2371
-16407
-26965
-24014
-9033
10474
24733
26602
15144
-3901
-20991
-27565
-20330
-2909
15969
26847
24275
9542
-9971
-24489
-26739
-15593
3365
20636
27570
20692
3447
-15524
-26718
-24527
-10048
9464
24236
26865
16036
-2827
-20274
-27564
-21045
-3984
15074
26580
24770
10551
-8954
-23973
-26982
-16474
2288
19903
27547
21391
4518
-14618
-26431
-25003
-11049
8440
23701
27088
16904
-1748
-19524
-27520
-21728
-5052
14156
26272
25226
11542
-7923
-23420
-27183
-17329
1207
19138
27482
22057
5583
-13689
-26102
-25439
-12032
7403
23130
27269
17746
-666
-18745
-27433
-22378
-6112
13216
25923
25643
12517
-6881
-22831
-27343
-18157
125
18345
27374
22690
6638
-12739
-25734
-25837
-12996
6355
22523
27407
18561
416
-17937
-27304
-22993
-7162
12256
25535
26021
13471
-5827
-22206
-27461
-18958
-958
17522
27224
23287
7684
-11769
-25326
-26195
-13941
5297
21881
27503
19347
1498
-17106
-27152
-23614
-8275
11166
24952
26157
14155
-5063
-21893
-27925
-20156
-2496
16192
26537
23349
8217
-11281
-25378
-27012
-15364
3731
20706
27057
19603
2078
-16739
-27420
-24616
-9729
9781
24140
26156
14817
-4195
-21356
-28068
-20970
-3616
15298
26298
23873
9238
-10276
-24893
-27289
-16264
2658
20003
27088
20371
3227
-15741
-27012
-24920
-10492
9067
23981
26800
16132
-2662
-20151
-27563
-21179
-4189
14899
26524
24860
10743
-8757
-23869
-27024
-16640
2080
19758
27538
21522
4724
-14441
-26371
-25090
-11239
8242
23594
27126
17068
-1540
-19377
-27506
-21856
-5256
13977
26208
25309
11731
-7724
-23309
-27217
-17490
999
18988
27464
22182
5786
-13508
-26035
-25519
-12219
7203
23016
27298
17905
-458
-18592
-27412
-22499
-6315
13033
25851
25719
12702
-6679
-22713
-27369
-18313
-83
18189
27348
22807
6840
-12554
-25658
-25909
-13180
6152
22402
27429
18715
625
-17778
-27275
-23107
-7363
12069
25455
26089
13653
-5623
-22082
-27478
-19108
-1166
17361
27190
23398
7884
-11580
-25243
-26259
-14120
5092
21754
27517
19495
1706
-16937
-27096
-23680
-8401
11087
25020
26419
14582
-4559
-21417
-27545
-19874
-2246
16507
26990
23952
8915
-10589
-24788
-26569
-15039
4025
21072
27563
20245
2785
-16070
-26875
-24216
-9425
10087
24546
26708
15490
-3488
-20719
-27570
-20609
-3323
15627
26749
24470
9932
-9582
-24295
-26837
-15935
2951
20358
27566
20964
3860
-15178
-26613
-24714
-10435
9072
24034
26956
16373
-2412
-19989
-27552
-21312
-4395
14723
26466
24950
10934
-8559
-23764
-27064
-16806
1872
19612
27527
21651
4929
-14263
-26309
-25175
-11429
8043
23486
27162
17231
-1332
-19228
-27491
-21982
-5460
13797
26142
25391
11919
-7519
-23178
-27208
-17577
902
18991
27647
22555
6289
-12980
-25576
-25170
-11947
7482
23396
27827
18563
250
-17938
-26889
-22118
-6017
13349
26278
26293
13386
-5977
-22095
-26893
-17969
209
18532
27821
23424
7542
-11868
-25081
-25479
-12862
6449
22780
27949
19367
1333
-17119
-26743
-22720
-7064
12377
25856
26613
14260
-5031
-21611
-27196
-19008
-1172
17353
27266
23581
8125
-11372
-25153
-26322
-14299
4888
21625
27529
19642
1914
-16773
-27056
-23786
-8599
10896
24932
26478
14759
-4354
-21285
-27553
-20018
-2454
16340
26947
24055
9111
-10397
-24696
-26623
-15213
3819
20937
27567
20386
2992
-15901
-26828
-24315
-9621
9893
24451
26759
15662
-3282
-20581
-27570
-20747
-3530
15455
26698
24565
10126
-9386
-24196
-26884
-16104
2744
20217
27562
21099
4066
-15004
-26557
-24806
-10627
8875
23932
26999
16540
-2205
-19845
-27544
-21443
-4601
14547
26407
25038
11125
-8361
-23658
-27103
-16970
1665
19465
27515
21779
5133
-14084
-26246
-25259
-11618
7844
23376
27197
17393
-1124
-19078
-27475
-22107
-5664
13616
26075
25471
12107
-7323
-23084
-27281
-17810
583
18684
27425
22426
6193
-13143
-25895
-25674
-12591
6800
22784
27354
18220
-42
-18282
-27364
-22737
-6719
12665
25704
25866
13070
-6274
-22475
-27416
-18623
-500
17874
27293
23039
7243
-12181
-25503
-26048
-13544
5746
22157
27468
19018
1041
-17458
-27211
-23332
-7764
11693
25293
26221
14013
-5215
-21830
-27509
-19406
-1581
17036
27118
23615
8282
-11201
-25072
-26383
-14476
4683
21496
27540
19787
2122
-16607
-27016
-23890
-8796
10704
24842
26535
14934
-4148
-21153
-27560
-20160
-2661
16172
26902
24156
9308
-10203
-24603
-26677
-15386
3612
20801
27569
20526
3194
-15749
-26821
-24485
-9926
9544
24152
26558
15534
-3421
-20831
-27995
-21341
-4217
14787
26145
24159
9819
-9690
-24595
-27429
-16773
2037
19575
27056
20732
3772
-15329
-27001
-25396
-11319
8178
23328
26540
16206
-2497
-20200
-28034
-22074
-5306
13870
25846
24624
10815
-8662
-24051
-27641
-17634
962
18836
27043
21480
4949
-14251
-26481
-25592
-12008
7489
23154
27157
17512
-935
-18932
-27457
-22231
-5868
13435
26007
25550
12293
-7122
-22970
-27310
-17969
375
18530
27403
22547
6396
-12960
-25822
-25749
-12776
6598
22666
27379
18376
167
-18126
-27338
-22854
-6921
12479
25628
25937
13253
-6071
-22353
-27437
-18776
-708
17715
27262
23152
7444
-11994
-25423
-26116
-13725
5542
22032
27485
19168
1249
-17296
-27176
-23442
-7963
11505
25209
26284
14192
-5011
-21703
-27522
-19554
-1789
16872
27080
23722
8480
-11010
-24985
-26443
-14653
4477
21365
27549
19932
2329
-16440
-26973
-23993
-8993
10512
24751
26591
15109
-3942
-21018
-27565
-20302
-2868
16002
26856
24255
9503
-10010
-24508
-26729
-15559
3406
20664
27570
20664
3406
-15559
-26729
-24508
-10010
9503
24255
26856
16002
-2868
-20302
-27565
-21018
-3942
15109
26591
24751
10512
-8993
-23993
-26973
-16440
2329
19932
27549
21365
4477
-14653
-26443
-24985
-11010
8480
23722
27080
16872
-1789
-19554
-27522
-21703
-5011
14192
26284
25209
11505
-7963
-23442
-27176
-17296
1249
19168
27485
22032
5542
-13725
-26116
-25423
-11994
7444
23152
27262
17715
-708
-18776
-27437
-22353
-6071
13253
25937
25628
12479
-6921
-22854
-27338
-18126
167
18376
27379
22666
6598
-12776
-25749
-25822
-12960
6396
22547
27403
18530
375
-17969
-27310
-22970
-7122
12293
25550
26007
13430
-5887
-22273
-27530
-19039
-1070
17353
26981
22966
7298
-12195
-25769
-26640
-14386
4843
21407
27001
18817
957
-17634
-27641
-24051
-8662
10815
24624
25846
13870
-5306
-22074
-28034
-20200
-2497
16206
26540
23328
8178
-11319
-25396
-27001
-15329
3772
20732
27056
19575
2037
-16773
-27429
-24595
-9685
9838
24201
26218
14894
-4082
-21182
-27818
-20643
-3229
15721
26735
24312
9680
-9820
-24412
-26779
-15730
3199
20526
27569
20801
3612
-15386
-26677
-24603
-10203
9308
24156
26902
16172
-2661
-20160
-27560
-21153
-4148
14934
26535
24842
10704
-8796
-23890
-27016
-16607
2122
19787
27540
21496
4683
-14476
-26383
-25072
-11201
8282
23615
27118
17036
-1581
-19406
-27509
-21830
-5215
14013
26221
25293
11693
-7764
-23332
-27211
-17458
1041
19018
27468
22157
5746
-13544
-26048
-25503
-12181
7243
23039
27293
17874
-500
-18623
-27416
-22475
-6274
13070
25866
25704
12665
-6719
-22737
-27364
-18282
-42
18220
27354
22784
6800
-12591
-25674
-25895
-13143
6193
22426
27425
18684
583
-17810
-27281
-23084
-7323
12107
25471
26075
13616
-5664
-22107
-27475
-19078
-1124
17393
27197
23376
7844
-11618
-25259
-26246
-14084
5133
21779
27515
19465
1665
-16970
-27103
-23658
-8361
11125
25038
26407
14547
-4601
-21443
-27544
-19845
-2205
16540
26999
23932
8875
-10627
-24806
-26557
-15004
4066
21099
27562
20217
2744
-16104
-26884
-24196
-9386
10126
24565
26698
15455
-3530
-20747
-27570
-20581
-3282
15662
26759
24451
9893
-9621
-24315
-26828
-15901
2992
20386
27567
20937
3819
-15213
-26623
-24696
-10397
9111
24055
26947
16340
-2454
-20018
-27553
-21285
-4354
14759
26478
24932
10896
-8599
-23786
-27056
-16773
1914
19642
27529
21621
4869
-14341
-26395
-25269
-11545
7882
23257
26856
16853
-1762
-19685
-27952
-22438
-5915
13333
25656
24875
11382
-8064
-23720
-27743
-18119
333
18367
26949
21780
5449
-13862
-26479
-26081
-12868
6542
22424
26821
17532
-791
-18969
-27893
-23095
-6977
12386
25293
25278
12349
-7017
-23118
-27889
-18933
-731
17605
26900
22512
6656
-12704
-25847
-26167
-13480
5879
22231
27403
18817
786
-17651
-27250
-23197
-7524
11919
25391
26142
13797
-5460
-21982
-27491
-19228
-1332
17231
27162
23486
8043
-11429
-25175
-26309
-14263
4929
21651
27527
19612
1872
-16806
-27064
-23764
-8559
10934
24950
26466
14723
-4395
-21312
-27552
-19989
-2412
16373
26956
24034
9072
-10435
-24714
-26613
-15178
3860
20964
27566
20358
2951
-15935
-26837
-24295
-9582
9932
24470
26749
15627
-3323
-20609
-27570
-20719
-3488
15490
26708
24546
10087
-9425
-24216
-26875
-16070
2785
20245
27563
21072
4025
-15039
-26569
-24788
-10589
8915
23952
26990
16507
-2246
-19874
-27545
-21417
-4559
14582
26419
25020
11087
-8401
-23680
-27096
-16937
1706
19495
27517
21754
5092
-14120
-26259
-25243
-11580
7884
23398
27190
17361
-1166
-19108
-27478
-22082
-5623
13653
26089
25455
12069
-7363
-23107
-27275
-17778
625
18715
27429
22402
6152
-13180
-25909
-25658
-12554
6840
22807
27348
18189
-83
-18313
-27369
-22713
-6679
12702
25719
25851
13033
-6315
-22499
-27412
-18592
-458
17905
27298
23016
7203
-12219
-25519
-26035
-13508
5786
22182
27464
18988
999
-17490
-27217
-23309
-7724
11731
25309
26208
13977
-5256
-21856
-27506
-19377
-1540
17068
27126
23594
8242
-11239
-25090
-26371
-14441
4724
21522
27538
19758
2080
-16640
-27024
-23869
-8757
10743
24860
26528
14918
-4147
-21106
-27448
-19978
-2418
16455
27210
24481
9657
-9815
-24164
-26185
-14856
4154
21329
28069
20998
3658
-15264
-26289
-23893
-9276
10238
24873
27298
16298
-2616
-19970
-27068
-20356
-3195
15817
27156
25140
10781
-8729
-23616
-26420
-15739
3078
20603
28057
21706
4731
-14364
-26012
-24383
-10300
9175
24275
27421
17019
-1740
-19479
-27335
-21393
-4654
14479
26401
25126
11282
-8202
-23572
-27133
-17101
1498
19347
27503
21881
5297
-13941
-26195
-25326
-11769
7684
23287
27224
17522
-958
-18958
-27461
-22206
-5827
13471
26021
25535
12256
-7162
-22993
-27304
-17937
416
18561
27407
22523
6355
-12996
-25837
-25734
-12739
6638
22690
27374
18345
125
-18157
-27343
-22831
-6881
12517
25643
25923
13216
-6112
-22378
-27433
-18745
-666
17746
27269
23130
7403
-12032
-25439
-26102
-13689
5583
22057
27482
19138
1207
-17329
-27183
-23420
-7923
11542
25226
26272
14156
-5052
-21728
-27520
-19524
-1748
16904
27088
23701
8440
-11049
-25003
-26431
-14618
4518
21391
27547
19903
2288
-16474
-26982
-23973
-8954
10551
24770
26580
15074
-3984
-21045
-27564
-20274
-2827
16036
26865
24236
9464
-10048
-24527
-26718
-15524
3447
20692
27570
20636
3365
-15593
-26739
-24489
-9971
9542
24275
26847
15969
-2909
-20330
-27565
-20991
-3901
15144
26602
24733
10474
-9033
-24014
-26965
-16407
2371
19960
27550
21338
4436
-14688
-26454
-24967
-10972
8520
23743
27072
16839
-1831
-19583
-27525
-21677
-4970
14227
26297
25192
11467
-8003
-23464
-27169
-17264
1290
19198
27488
22007
5501
-13761
-26129
-25407
-11957
7484
23175
27256
17683
-749
-18806
-27441
-22329
-6030
13289
25951
25612
12442
-6961
-22877
-27332
-18095
208
18407
27379
22623
6515
-12886
-25875
-25962
-13124
6186
22272
27052
18111
-94
-18458
-27797
-23442
-7582
11831
25066
25493
12899
-6409
-22756
-27953
-19397
-1374
17087
26737
22742
7104
-12344
-25858
-26669
-14369
4879
21432
26998
18788
915
-17666
-27648
-24029
-8623
10853
24641
25834
13834
-5347
-22100
-28027
-20152
-2413
16313
26659
23461
8340
-11108
-25115
-26644
-14905
4240
21217
27536
20041
2495
-16306
-26938
-24075
-9151
10358
24677
26634
15248
-3777
-20910
-27567
-20414
-3034
15867
26818
24334
9660
-9854
-24431
-26769
-15696
3241
20553
27569
20774
3571
-15421
-26687
-24584
-10165
9347
24176
26893
16138
-2702
-20189
-27561
-21126
-4107
14969
26546
24824
10666
-8836
-23911
-27007
-16574
2163
19816
27542
21470
4642
-14512
-26395
-25055
-11163
8321
23637
27111
17003
-1623
-19436
-27512
-21805
-5174
14049
26233
25276
11656
-7804
-23354
-27204
-17426
1082
19048
27471
22132
5705
-13580
-26062
-25487
-12144
7283
23061
27287
17842
-541
-18653
-27420
-22451
-6233
13106
25880
25689
12628
-6760
-22760
-27359
-18251
0
18251
27359
22760
6760
-12628
-25689
-25880
-13106
6233
22451
27420
18653
541
-17842
-27287
-23061
-7283
12144
25487
26062
13580
-5705
-22132
-27471
-19048
-1082
17426
27204
23354
7804
-11656
-25276
-26233
-14049
5174
21805
27512
19436
1623
-17003
-27111
-23637
-8321
11163
25055
26395
14512
-4642
-21470
-27542
-19816
-2163
16574
27007
23911
8836
-10666
-24824
-26546
-14969
4107
21126
27561
20189
2702
-16138
-26893
-24176
-9347
10165
24584
26687
15421
-3571
-20774
-27569
-20553
-3241
15696
26769
24431
9854
-9660
-24334
-26818
-15867
3034
20414
27567
20910
3777
-15248
-26634
-24677
-10358
9151
24070
26919
16264
-2568
-20157
-27709
-21460
-4563
14495
26144
24525
10431
-9096
-24288
-27544
-17239
1455
19171
27031
21100
4347
-14834
-26834
-25641
-11853
7623
23029
26648
16666
-1915
-19788
-27998
-22432
-5879
13369
25669
24858
11344
-8104
-23742
-27737
-18087
374
18397
26953
21756
5409
-13899
-26488
-26047
-12789
6655
22558
26970
17701
-583
-18701
-27552
-22682
-6509
12881
25789
25759
12812
-6557
-22642
-27384
-18407
-208
18095
27332
22877
6961
-12442
-25612
-25951
-13289
6030
22329
27441
18806
749
-17683
-27256
-23175
-7484
11957
25407
26129
13761
-5501
-22007
-27488
-19198
-1290
17264
27169
23464
8003
-11467
-25192
-26297
-14227
4970
21677
27525
19583
1831
-16839
-27072
-23743
-8520
10972
24967
26454
14688
-4436
-21338
-27550
-19960
-2371
16407
26965
24014
9033
-10474
-24733
-26602
-15144
3901
20991
27565
20330
2909
-15969
-26847
-24275
-9542
9971
24489
26739
15593
-3365
-20636
-27570
-20692
-3447
15524
26718
24527
10048
-9464
-24236
-26865
-16036
2827
20274
27564
21045
3984
-15074
-26580
-24770
-10551
8954
23973
26982
16474
-2288
-19903
-27547
-21391
-4518
14618
26431
25003
11049
-8440
-23701
-27088
-16904
1748
19524
27520
21728
5052
-14156
-26272
-25226
-11542
7923
23420
27183
17329
-1207
-19138
-27482
-22057
-5583
13689
26102
25439
12032
-7403
-23130
-27269
-17746
666
18745
27433
22378
6112
-13216
-25923
-25643
-12517
6881
22831
27343
18157
-125
-18345
-27374
-22690
-6638
12739
25734
25837
12996
-6355
-22523
-27407
-18561
-416
17937
27304
22993
7162
-12256
-25535
-26021
-13471
5827
22206
27461
18958
958
-17522
-27224
-23287
-7684
11769
25326
26195
13941
-5297
-21881
-27503
-19347
-1498
17096
27114
23530
8129
-11388
-25261
-26560
-14655
4466
21202
27147
19302
1581
-17154
-27527
-24349
-9217
10281
24378
26012
14364
-4731
-21706
-28057
-20603
-3078
15739
26420
23616
8729
-10781
-25140
-27156
-15817
3195
20356
27068
19970
2616
-16298
-27298
-24873
-10238
9276
23893
26289
15264
-3658
-20993
-28050
-21286
-4080
14963
26320
24323
9992
-9470
-24290
-27023
-16278
2577
20113
27554
21179
4189
-14899
-26524
-24860
-10743
8757
23869
27024
16640
-2080
-19758
-27538
-21522
-4724
14441
26371
25090
11239
-8242
-23594
-27126
-17068
1540
19377
27506
21856
5256
-13977
-26208
-25309
-11731
7724
23309
27217
17490
-999
-18988
-27464
-22182
-5786
13508
26035
25519
12219
-7203
-23016
-27298
-17905
458
18592
27412
22499
6315
-13033
-25851
-25719
-12702
6679
22713
27369
18313
83
-18189
-27348
-22807
-6840
12554
25658
25909
13180
-6152
-22402
-27429
-18715
-625
17778
27275
23107
7363
-12069
-25455
-26089
-13653
5623
22082
27478
19108
1166
-17361
-27190
-23398
-7884
11580
25243
26259
14120
-5092
-21754
-27517
-19495
-1706
16937
27096
23680
8401
-11087
-25020
-26419
-14582
4559
21417
27545
19874
2246
-16507
-26990
-23952
-8915
10589
24788
26569
15039
-4025
-21072
-27563
-20245
-2785
16070
26875
24216
9425
-10087
-24546
-26708
-15490
3488
20719
27570
20609
3323
-15627
-26749
-24470
-9932
9582
24295
26837
15935
-2951
-20358
-27566
-20964
-3860
15178
26613
24714
10435
-9072
-24034
-26956
-16373
2412
19989
27552
21312
4395
-14723
-26466
-24950
-10934
8559
23764
27064
16806
-1872
-19612
-27527
-21651
-4929
14263
26309
25175
11429
-8043
-23486
-27162
-17231
1332
19228
27491
21982
5460
-13797
-26142
-25391
-11919
7528
23216
27292
17724
-680
-18682
-27244
-22055
-5691
13671
26354
26024
12863
-6521
-22405
-26827
-17563
750
18938
27889
23118
7017
-12349
-25278
-25293
-12386
6977
23095
27893
18969
791
-17532
-26821
-22424
-6542
12868
26081
26479
13862
-5449
-21780
-26949
-18367
-333
18119
27743
23720
8064
-11387
-24894
-25698
-13406
5808
22303
27793
19508
1575
-17045
-27044
-23434
-8041
11410
25163
26322
14299
-4888
-21625
-27529
-19642
-1914
16773
27056
23786
8599
-10896
-24932
-26478
-14759
4354
21285
27553
20018
2454
-16340
-26947
-24055
-9111
10397
24696
26623
15213
-3819
-20937
-27567
-20386
-2992
15901
26828
24315
9621
-9893
-24451
-26759
-15662
3282
20581
27570
20747
3530
-15455
-26698
-24565
-10126
9386
24196
26884
16104
-2744
-20217
-27562
-21099
-4066
15004
26557
24806
10627
-8875
-23932
-26999
-16540
2205
19845
27544
21443
4601
-14547
-26407
-25038
-11125
8361
23658
27103
16970
-1665
-19465
-27515
-21779
-5133
14084
26246
25259
11618
-7844
-23376
-27197
-17393
1124
19078
27475
22107
5664
-13616
-26075
-25471
-12107
7323
23084
27281
17810
-583
-18684
-27425
-22426
-6193
13143
25895
25674
12591
-6800
-22784
-27354
-18220
42
18282
27364
22737
6719
-12665
-25704
-25866
-13070
6274
22475
27416
18623
500
-17874
-27293
-23039
-7243
12181
25503
26048
13544
-5746
-22157
-27468
-19018
-1041
17458
27211
23332
7764
-11693
-25293
-26221
-14013
5215
21830
27509
19406
1581
-17036
-27118
-23615
-8282
11201
25072
26383
14476
-4683
-21496
-27540
-19787
-2122
16607
27016
23890
8796
-10704
-24842
-26535
-14934
4148
21153
27560
20160
2661
-16172
-26902
-24156
-9308
10203
24603
26677
15386
-3612
-20801
-27569
-20526
-3204
15711
26737
24339
9704
-9853
-24555
-27058
-16131
2729
20053
27141
20425
3255
-15778
-27145
-25159
-10819
8690
23595
26429
15773
-3037
-20575
-28056
-21732
-4772
14329
26001
24396
10319
-9178
-24328
-27540
-17206
1497
19200
27034
21074
4306
-14870
-26846
-25624
-11815
7662
23051
26641
16634
-1952
-19798
-27958
-22333
-5727
13559
25883
25092
11605
-7798
-23376
-27304
-17597
897
18923
27457
22231
5868
-13435
-26007
-25550
-12293
7122
22970
27310
17969
-375
-18530
-27403
-22547
-6396
12960
25822
25749
12776
-6598
-22666
-27379
-18376
-167
18126
27338
22854
6921
-12479
-25628
-25937
-13253
6071
22353
27437
18776
708
-17715
-27262
-23152
-7444
11994
25423
26116
13725
-5542
-22032
-27485
-19168
-1249
17296
27176
23442
7963
-11505
-25209
-26284
-14192
5011
21703
27522
19554
1789
-16872
-27080
-23722
-8480
11010
24985
26443
14653
-4477
-21365
-27549
-19932
-2329
16440
26973
23993
8993
-10512
-24751
-26591
-15109
3942
21018
27565
20302
2868
-16002
-26856
-24255
-9503
10010
24508
26729
15559
-3406
-20664
-27570
-20664
-3406
15559
26729
24508
10010
-9503
-24255
-26856
-16002
2868
20302
27565
21018
3942
-15109
-26591
-24751
-10512
8993
23993
26973
16440
-2329
-19932
-27549
-21365
-4477
14653
26443
24985
11010
-8480
-23722
-27080
-16872
1789
19554
27522
21703
5011
-14192
-26284
-25209
-11505
7963
23442
27176
17296
-1249
-19168
-27485
-22032
-5542
13725
26116
25423
11994
-7444
-23152
-27262
-17715
708
18776
27437
22353
6071
-13253
-25937
-25628
-12479
6921
22854
27338
18126
-167
-18376
-27379
-22666
-6598
12776
25749
25822
12960
-6396
-22547
-27403
-18530
-375
17969
27310
22970
7122
-12293
-25550
-26007
-13430
5887
22273
27530
19039
1070
-17353
-26981
-22966
-7298
12195
25769
26640
14386
-4843
-21407
-27001
-18817
-957
17634
27641
24051
8662
-10815
-24624
-25846
-13870
5306
22074
28034
20200
2497
-16206
-26540
-23328
-8178
11319
25396
27001
15329
-3772
-20732
-27056
-19575
-2037
16773
27429
24595
9685
-9838
-24201
-26218
-14894
4082
21182
27818
20643
3229
-15721
-26735
-24312
-9680
9820
24412
26779
15730
-3199
-20526
-27569
-20801
-3612
15386
26677
24603
10203
-9308
-24156
-26902
-16172
2661
20160
27560
21153
4148
-14934
-26535
-24842
-10704
8796
23890
27016
16607
-2122
-19787
-27540
-21496
-4683
14476
26383
25072
11201
-8282
-23615
-27118
-17036
1581
19406
27509
21830
5215
-14013
-26221
-25293
-11693
7764
23332
27211
17458
-1041
-19018
-27468
-22157
-5746
13544
26048
25503
12181
-7243
-23039
-27293
-17874
500
18623
27416
22475
6274
-13070
-25866
-25704
-12665
6719
22737
27364
18282
42
-18220
-27354
-22784
-6800
12591
25674
25895
13143
-6193
-22426
-27425
-18684
-583
17810
27281
23084
7323
-12107
-25471
-26075
-13616
5664
22107
27475
19078
1124
-17393
-27197
-23376
-7844
11618
25259
26246
14084
-5133
-21779
-27515
-19465
-1665
16970
27103
23658
8361
-11125
-25038
-26407
-14547
4601
21443
27544
19845
2205
-16540
-26999
-23932
-8875
10627
24806
26557
15004
-4066
-21099
-27562
-20217
-2744
16104
26884
24196
9386
-10126
-24565
-26698
-15455
3530
20747
27570
20581
3282
-15662
-26759
-24451
-9893
9621
24315
26828
15901
-2992
-20386
-27567
-20937
-3819
15213
26623
24696
10397
-9111
-24055
-26947
-16340
2454
20018
27553
21285
4354
-14759
-26478
-24932
-10896
8599
23786
27056
16773
-1914
-19642
-27529
-21621
-4869
14341
26395
25269
11545
-7882
-23257
-26856
-16853
1762
19685
27952
22438
5915
-13333
-25656
-24875
-11382
8064
23720
27743
18119
-333
-18367
-26949
-21780
-5449
13862
26479
26081
12868
-6542
-22424
-26821
-17532
791
18969
27893
23095
6977
-12386
-25293
-25278
-12349
7017
23118
27889
18933
731
-17605
-26900
-22512
-6656
12704
25847
26167
13480
-5879
-22231
-27403
-18817
-786
17651
27250
23197
7524
-11919
-25391
-26142
-13797
5460
21982
27491
19228
1332
-17231
-27162
-23486
-8043
11429
25175
26309
14263
-4929
-21651
-27527
-19612
-1872
16806
27064
23764
8559
-10934
-24950
-26466
-14723
4395
21312
27552
19989
2412
-16373
-26956
-24034
-9072
10435
24714
26613
15178
-3860
-20964
-27566
-20358
-2951
15935
26837
24295
9582
-9932
-24470
-26749
-15627
3323
20609
27570
20719
3488
-15490
-26708
-24546
-10087
9425
24216
26875
16070
-2785
-20245
-27563
-21072
-4025
15039
26569
24788
10589
-8915
-23952
-26990
-16507
2246
19874
27545
21417
4559
-14582
-26419
-25020
-11087
8401
23680
27096
16937
-1706
-19495
-27517
-21754
-5092
14120
26259
25243
11580
-7884
-23398
-27190
-17361
1166
19108
27478
22082
5623
-13653
-26089
-25455
-12069
7363
23107
27275
17778
-625
-18715
-27429
-22402
-6152
13180
25909
25658
12554
-6840
-22807
-27348
-18189
83
18313
27369
22713
6679
-12702
-25719
-25851
-13033
6315
22499
27412
18592
458
-17905
-27298
-23016
-7203
12219
25519
26035
13508
-5786
-22182
-27464
-18988
-999
17490
27217
23309
7724
-11731
-25309
-26208
-13977
5256
21856
27506
19377
1540
-17068
-27126
-23594
-8242
11239
25090
26371
14441
-4724
-21522
-27538
-19758
-2080
16640
27024
23869
8757
-10743
-24860
-26519
-14880
4232
21252
27670
20286
2821
-15955
-26613
-23790
-8880
10669
25079
27147
15847
-3154
-20329
-27069
-19998
-2658
16264
27289
24893
10276
-9238
-23873
-26298
-15298
3616
20970
28068
21356
4195
-14817
-26156
-24140
-9781
9729
24616
27420
16739
-2078
-19603
-27057
-20706
-3731
15364
27012
25373
11262
-8260
-23422
-26643
-16328
2337
19979
27737
21702
4876
-14332
-26316
-25088
-11272
8202
23572
27133
17101
-1498
-19347
-27503
-21881
-5297
13941
26195
25326
11769
-7684
-23287
-27224
-17522
958
18958
27461
22206
5827
-13471
-26021
-25535
-12256
7162
22993
27304
17937
-416
-18561
-27407
-22523
-6355
12996
25837
25734
12739
-6638
-22690
-27374
-18345
-125
18157
27343
22831
6881
-12517
-25643
-25923
-13216
6112
22378
27433
18745
666
-17746
-27269
-23130
-7403
12032
25439
26102
13689
-5583
-22057
-27482
-19138
-1207
17329
27183
23420
7923
-11542
-25226
-26272
-14156
5052
21728
27520
19524
1748
-16904
-27088
-23701
-8440
11049
25003
26431
14618
-4518
-21391
-27547
-19903
-2288
16474
26982
23973
8954
-10551
-24770
-26580
-15074
3984
21045
27564
20274
2827
-16036
-26865
-24236
-9464
10048
24527
26718
15524
-3447
-20692
-27570
-20636
-3365
15593
26739
24489
9971
-9542
-24275
-26847
-15969
2909
20330
27565
20991
3901
-15144
-26602
-24733
-10474
9033
24014
26965
16407
-2371
-19960
-27550
-21338
-4436
14688
26454
24967
10972
-8520
-23743
-27072
-16839
1831
19583
27525
21677
4970
-14227
-26297
-25192
-11467
8003
23464
27169
17264
-1290
-19198
-27488
-22007
-5501
13761
26129
25407
11957
-7484
-23175
-27256
-17683
749
18806
27441
22329
6030
-13289
-25951
-25612
-12442
6961
22877
27332
18095
-208
-18407
-27389
-22661
-6600
12739
25652
25653
12722
-6686
-22870
-27744
-18888
-760
17542
26835
22452
6582
-12831
-26066
-26493
-13899
5409
21756
26953
18397
374
-18087
-27737
-23742
-8104
11344
24858
25669
13369
-5879
-22432
-27998
-19788
-1915
16666
26648
23029
7623
-11853
-25641
-26834
-14834
4347
21100
27036
19190
1498
-17166
-27437
-24152
-8937
10608
24713
26335
14683
-4386
-21301
-27574
-20051
-2495
16306
26938
24075
9151
-10358
-24677
-26634
-15248
3777
20910
27567
20414
3034
-15867
-26818
-24334
-9660
9854
24431
26769
15696
-3241
-20553
-27569
-20774
-3571
15421
26687
24584
10165
-9347
-24176
-26893
-16138
2702
20189
27561
21126
4107
-14969
-26546
-24824
-10666
8836
23911
27007
16574
-2163
-19816
-27542
-21470
-4642
14512
26395
25055
11163
-8321
-23637
-27111
-17003
1623
19436
27512
21805
5174
-14049
-26233
-25276
-11656
7804
23354
27204
17426
-1082
-19048
-27471
-22132
-5705
13580
26062
25487
12144
-7283
-23061
-27287
-17842
541
18653
27420
22451
6233
-13106
-25880
-25689
-12628
6760
22760
27359
18251
0
-18251
-27359
-22760
-6760
12628
25689
25880
13106
-6233
-22451
-27420
-18653
-541
17842
27287
23061
7283
-12144
-25487
-26062
-13580
5705
22132
27471
19048
1082
-17426
-27204
-23354
-7804
11656
25276
26233
14049
-5174
-21805
-27512
-19436
-1623
17003
27111
23637
8321
-11163
-25055
-26395
-14512
4642
21470
27542
19816
2163
-16574
-27007
-23911
-8836
10666
24824
26546
14969
-4107
-21126
-27561
-20189
-2702
16138
26893
24176
9347
-10165
-24584
-26687
-15421
3571
20774
27569
20553
3241
-15696
-26769
-24431
-9854
9660
24334
26818
15867
-3034
-20414
-27567
-20910
-3777
15248
26634
24677
10358
-9151
-24070
-26919
-16264
2568
20157
27709
21460
4563
-14495
-26144
-24525
-10431
9096
24288
27544
17239
-1455
-19171
-27031
-21100
-4347
14834
26834
25641
11853
-7623
-23029
-26648
-16666
1915
19788
27998
22432
5879
-13369
-25669
-24858
-11344
8104
23742
27737
18087
-374
-18397
-26953
-21756
-5409
13899
26488
26047
12789
-6655
-22558
-26970
-17701
583
18701
27552
22682
6509
-12881
-25789
-25759
-12812
6557
22642
27384
18407
208
-18095
-27332
-22877
-6961
12442
25612
25951
13289
-6030
-22329
-27441
-18806
-749
17683
27256
23175
7484
-11957
-25407
-26129
-13761
5501
22007
27488
19198
1290
-17264
-27169
-23464
-8003
11467
25192
26297
14227
-4970
-21677
-27525
-19583
-1831
16839
27072
23743
8520
-10972
-24967
-26454
-14688
4436
21338
27550
19960
2371
-16407
-26965
-24014
-9033
10474
24733
26602
15144
-3901
-20991
-27565
-20330
-2909
15969
26847
24275
9542
-9971
-24489
-26739
-15593
3365
20636
27570
20692
3447
-15524
-26718
-24527
-10048
9464
24236
26865
16036
-2827
-20274
-27564
-21045
-3984
15074
26580
24770
10551
-8954
-23973
-26982
-16474
2288
19903
27547
21391
4518
-14618
-26431
-25003
-11049
8440
23701
27088
16904
-1748
-19524
-27520
-21728
-5052
14156
26272
25226
11542
-7923
-23420
-27183
-17329
1207
19138
27482
22057
5583
-13689
-26102
-25439
-12032
7403
23130
27269
17746
-666
-18745
-27433
-22378
-6112
13216
25923
25643
12517
-6881
-22831
-27343
-18157
125
18345
27374
22690
6638
-12739
-25734
-25837
-12996
6355
22523
27407
18561
416
-17937
-27304
-22993
-7162
12256
25535
26021
13471
-5827
-22206
-27461
-18958
-958
17522
27224
23287
7684
-11769
-25326
-26195
-13941
5297
21881
27503
19347
1498
-17096
-27114
-23530
-8129
11388
25261
26560
14655
-4466
-21202
-27147
-19302
-1581
17154
27527
24349
9217
-10281
-24378
-26012
-14364
4731
21706
28057
20603
3078
-15739
-26420
-23616
-8729
10781
25140
27156
15817
-3195
-20356
-27068
-19970
-2616
16298
27298
24873
10238
-9276
-23893
-26289
-15264
3658
20993
28050
21286
4080
-14963
-26320
-24323
-9992
9470
24290
27023
16278
-2577
-20113
-27554
-21179
-4189
14899
26524
24860
10743
-8757
-23869
-27024
-16640
2080
19758
27538
21522
4724
-14441
-26371
-25090
-11239
8242
23594
27126
17068
-1540
-19377
-27506
-21856
-5256
13977
26208
25309
11731
-7724
-23309
-27217
-17490
999
18988
27464
22182
5786
-13508
-26035
-25519
-12219
7203
23016
27298
17905
-458
-18592
-27412
-22499
-6315
13033
25851
25719
12702
-6679
-22713
-27369
-18313
-83
18189
27348
22807
6840
-12554
-25658
-25909
-13180
6152
22402
27429
18715
625
-17778
-27275
-23107
-7363
12069
25455
26089
13653
-5623
-22082
-27478
-19108
-1166
17361
27190
23398
7884
-11580
-25243
-26259
-14120
5092
21754
27517
19495
1706
-16937
-27096
-23680
-8401
11087
25020
26419
14582
-4559
-21417
-27545
-19874
-2246
16507
26990
23952
8915
-10589
-24788
-26569
-15039
4025
21072
27563
20245
2785
-16070
-26875
-24216
-9425
10087
24546
26708
15490
-3488
-20719
-27570
-20609
-3323
15627
26749
24470
9932
-9582
-24295
-26837
-15935
2951
20358
27566
20964
3860
-15178
-26613
-24714
-10435
9072
24034
26956
16373
-2412
-19989
-27552
-21312
-4395
14723
26466
24950
10934
-8559
-23764
-27064
-16806
1872
19612
27527
21651
4929
-14263
-26309
-25175
-11429
8043
23486
27162
17231
-1332
-19228
-27491
-21982
-5460
13797
26142
25391
11919
-7528
-23216
-27292
-17724
680
18682
27244
22055
5691
-13671
-26354
-26024
-12863
6521
22405
26827
17563
-750
-18938
-27889
-23118
-7017
12349
25278
25293
12386
-6977
-23095
-27893
-18969
-791
17532
26821
22424
6542
-12868
-26081
-26479
-13862
5449
21780
26949
18367
333
-18119
-27743
-23720
-8064
11387
24894
25698
13406
-5808
-22303
-27793
-19508
-1575
17045
27044
23434
8041
-11410
-25163
-26322
-14299
4888
21625
27529
19642
1914
-16773
-27056
-23786
-8599
10896
24932
26478
14759
-4354
-21285
-27553
-20018
-2454
16340
26947
24055
9111
-10397
-24696
-26623
-15213
3819
20937
27567
20386
2992
-15901
-26828
-24315
-9621
9893
24451
26759
15662
-3282
-20581
-27570
-20747
-3530
15455
26698
24565
10126
-9386
-24196
-26884
-16104
2744
20217
27562
21099
4066
-15004
-26557
-24806
-10627
8875
23932
26999
16540
-2205
-19845
-27544
-21443
-4601
14547
26407
25038
11125
-8361
-23658
-27103
-16970
1665
19465
27515
21779
5133
-14084
-26246
-25259
-11618
7844
23376
27197
17393
-1124
-19078
-27475
-22107
-5664
13616
26075
25471
12107
-7323
-23084
-27281
-17810
583
18684
27425
22426
6193
-13143
-25895
-25674
-12591
6800
22784
27354
18220
-42
-18282
-27364
-22737
-6719
12665
25704
25866
13070
-6274
-22475
-27416
-18623
-500
17874
27293
23039
7243
-12181
-25503
-26048
-13544
5746
22157
27468
19018
1041
-17458
-27211
-23332
-7764
11693
25293
26221
14013
-5215
-21830
-27509
-19406
-1581
17036
27118
23615
8282
-11201
-25072
-26383
-14476
4683
21496
27540
19787
2122
-16607
-27016
-23890
-8796
10704
24842
26535
14934
-4148
-21153
-27560
-20160
-2661
16172
26902
24156
9308
-10203
-24603
-26677
-15386
3612
20801
27569
20526
3194
-15749
-26821
-24485
-9926
9544
24152
26558
15534
-3421
-20831
-27995
-21341
-4217
14787
26145
24159
9819
-9690
-24595
-27429
-16773
2037
19575
27056
20732
3772
-15329
-27001
-25396
-11319
8178
23328
26540
16206
-2497
-20200
-28034
-22074
-5306
13870
25846
24624
10815
-8662
-24051
-27641
-17634
962
18836
27043
21480
4949
-14251
-26481
-25592
-12008
7489
23154
27157
17512
-935
-18932
-27457
-22231
-5868
13435
26007
25550
12293
-7122
-22970
-27310
-17969
375
18530
27403
22547
6396
-12960
-25822
-25749
-12776
6598
22666
27379
18376
167
-18126
-27338
-22854
-6921
12479
25628
25937
13253
-6071
-22353
-27437
-18776
-708
17715
27262
23152
7444
-11994
-25423
-26116
-13725
5542
22032
27485
19168
1249
-17296
-27176
-23442
-7963
11505
25209
26284
14192
-5011
-21703
-27522
-19554
-1789
16872
27080
23722
8480
-11010
-24985
-26443
-14653
4477
21365
27549
19932
2329
-16440
-26973
-23993
-8993
10512
24751
26591
15109
-3942
-21018
-27565
-20302
-2868
16002
26856
24255
9503
-10010
-24508
-26729
-15559
3406
20664
27570
20664
3406
-15559
-26729
-24508
-10010
9503
24255
26856
16002
-2868
-20302
-27565
-21018
-3942
15109
26591
24751
10512
-8993
-23993
-26973
-16440
2329
19932
27549
21365
4477
-14653
-26443
-24985
-11010
8480
23722
27080
16872
-1789
-19554
-27522
-21703
-5011
14192
26284
25209
11505
-7963
-23442
-27176
-17296
1249
19168
27485
22032
5542
-13725
-26116
-25423
-11994
7444
23152
27262
17715
-708
-18776
-27437
-22353
-6071
13253
25937
25628
12479
-6921
-22854
-27338
-18126
167
18376
27379
22666
6598
-12776
-25749
-25822
-12960
6396
22547
27403
18530
375
-17969
-27310
-22970
-7122
12293
25550
26007
13440
-5849
-22189
-27384
-18816
-762
17756
27481
23563
7989
-11418
-24915
-25724
-13424
5833
22407
28001
19817
1957
-16634
-26641
-23051
-7662
11815
25624
26846
14870
-4306
-21074
-27034
-19200
-1497
17206
27540
24328
9178
-10319
-24396
-26001
-14329
4772
21732
28056
20575
3037
-15773
-26429
-23595
-8695
10800
25117
27072
15671
-3391
-20584
-27318
-20241
-2921
15944
26881
24396
9718
-9811
-24412
-26779
-15730
3199
20526
27569
20801
3612
-15386
-26677
-24603
-10203
9308
24156
26902
16172
-2661
-20160
-27560
-21153
-4148
14934
26535
24842
10704
-8796
-23890
-27016
-16607
2122
19787
27540
21496
4683
-14476
-26383
-25072
-11201
8282
23615
27118
17036
-1581
-19406
-27509
-21830
-5215
14013
26221
25293
11693
-7764
-23332
-27211
-17458
1041
19018
27468
22157
5746
-13544
-26048
-25503
-12181
7243
23039
27293
17874
-500
-18623
-27416
-22475
-6274
13070
25866
25704
12665
-6719
-22737
-27364
-18282
-42
18220
27354
22784
6800
-12591
-25674
-25895
-13143
6193
22426
27425
18684
583
-17810
-27281
-23084
-7323
12107
25471
26075
13616
-5664
-22107
-27475
-19078
-1124
17393
27197
23376
7844
-11618
-25259
-26246
-14084
5133
21779
27515
19465
1665
-16970
-27103
-23658
-8361
11125
25038
26407
14547
-4601
-21443
-27544
-19845
-2205
16540
26999
23932
8875
-10627
-24806
-26557
-15004
4066
21099
27562
20217
2744
-16104
-26884
-24196
-9386
10126
24565
26698
15455
-3530
-20747
-27570
-20581
-3282
15662
26759
24451
9893
-9621
-24315
-26828
-15901
2992
20386
27567
20937
3819
-15213
-26623
-24696
-10397
9111
24055
26947
16340
-2454
-20018
-27553
-21285
-4354
14759
26478
24932
10896
-8599
-23786
-27056
-16773
1914
19642
27529
21621
4869
-14341
-26395
-25269
-11545
7882
23257
26856
16853
-1762
-19685
-27952
-22438
-5915
13333
25656
24875
11382
-8064
-23720
-27743
-18119
333
18367
26949
21780
5449
-13862
-26479
-26081
-12868
6542
22424
26821
17532
-791
-18969
-27893
-23095
-6977
12386
25293
25278
12349
-7017
-23118
-27889
-18933
-731
17605
26900
22512
6656
-12704
-25847
-26167
-13480
5879
22231
27403
18817
786
-17651
-27250
-23197
-7524
11919
25391
26142
13797
-5460
-21982
-27491
-19228
-1332
17231
27162
23486
8043
-11429
-25175
-26309
-14263
4929
21651
27527
19612
1872
-16806
-27064
-23764
-8559
10934
24950
26466
14723
-4395
-21312
-27552
-19989
-2412
16373
26956
24034
9072
-10435
-24714
-26613
-15178
3860
20964
27566
20358
2951
-15935
-26837
-24295
-9582
9932
24470
26749
15627
-3323
-20609
-27570
-20719
-3488
15490
26708
24546
10087
-9425
-24216
-26875
-16070
2785
20245
27563
21072
4025
-15039
-26569
-24788
-10589
8915
23952
26990
16507
-2246
-19874
-27545
-21417
-4559
14582
26419
25020
11087
-8401
-23680
-27096
-16937
1706
19495
27517
21754
5092
-14120
-26259
-25243
-11580
7884
23398
27190
17361
-1166
-19108
-27478
-22082
-5623
13653
26089
25455
12069
-7363
-23107
-27275
-17778
625
18715
27429
22402
6152
-13180
-25909
-25658
-12554
6840
22807
27348
18189
-83
-18313
-27369
-22713
-6679
12702
25719
25851
13033
-6315
-22499
-27412
-18592
-458
17905
27298
23016
7203
-12219
-25519
-26035
-13508
5786
22182
27464
18988
999
-17490
-27217
-23309
-7724
11731
25309
26208
13977
-5256
-21856
-27506
-19377
-1540
17068
27126
23594
8242
-11239
-25090
-26371
-14441
4724
21522
27538
19758
2080
-16640
-27024
-23869
-8757
10743
24860
26528
14918
-4147
-21106
-27448
-19978
-2418
16455
27210
24481
9657
-9815
-24164
-26185
-14856
4154
21329
28069
20998
3658
-15264
-26289
-23893
-9276
10238
24873
27298
16298
-2616
-19970
-27068
-20356
-3195
15817
27156
25140
10781
-8729
-23616
-26420
-15739
3078
20603
28057
21706
4731
-14364
-26012
-24383
-10300
9175
24275
27421
17019
-1740
-19479
-27335
-21393
-4654
14479
26401
25126
11282
-8202
-23572
-27133
-17101
1498
19347
27503
21881
5297
-13941
-26195
-25326
-11769
7684
23287
27224
17522
-958
-18958
-27461
-22206
-5827
13471
26021
25535
12256
-7162
-22993
-27304
-17937
416
18561
27407
22523
6355
-12996
-25837
-25734
-12739
6638
22690
27374
18345
125
-18157
-27343
-22831
-6881
12517
25643
25923
13216
-6112
-22378
-27433
-18745
-666
17746
27269
23130
7403
-12032
-25439
-26102
-13689
5583
22057
27482
19138
1207
-17329
-27183
-23420
-7923
11542
25226
26272
14156
-5052
-21728
-27520
-19524
-1748
16904
27088
23701
8440
-11049
-25003
-26431
-14618
4518
21391
27547
19903
2288
-16474
-26982
-23973
-8954
10551
24770
26580
15074
-3984
-21045
-27564
-20274
-2827
16036
26865
24236
9464
-10048
-24527
-26718
-15524
3447
20692
27570
20636
3365
-15593
-26739
-24489
-9971
9542
24275
26847
15969
-2909
-20330
-27565
-20991
-3901
15144
26602
24733
10474
-9033
-24014
-26965
-16407
2371
19960
27550
21338
4436
-14688
-26454
-24967
-10972
8520
23743
27072
16839
-1831
-19583
-27525
-21677
-4970
14227
26297
25192
11467
-8003
-23464
-27169
-17264
1290
19198
27488
22007
5501
-13761
-26129
-25407
-11957
7484
23175
27256
17683
-749
-18806
-27441
-22329
-6030
13289
25951
25612
12442
-6961
-22877
-27332
-18095
208
18407
27389
22661
6600
-12739
-25652
-25653
-12722
6686
22870
27744
18888
760
-17542
-26835
-22452
-6582
12831
26066
26493
13899
-5409
-21756
-26953
-18397
-374
18087
27737
23742
8104
-11344
-24858
-25669
-13369
5879
22432
27998
19788
1915
-16666
-26648
-23029
-7623
11853
25641
26834
14834
-4347
-21100
-27036
-19190
-1498
17166
27437
24152
8937
-10608
-24713
-26335
-14683
4386
21301
27574
20051
2495
-16306
-26938
-24075
-9151
10358
24677
26634
15248
-3777
-20910
-27567
-20414
-3034
15867
26818
24334
9660
-9854
-24431
-26769
-15696
3241
20553
27569
20774
3571
-15421
-26687
-24584
-10165
9347
24176
26893
16138
-2702
-20189
-27561
-21126
-4107
14969
26546
24824
10666
-8836
-23911
-27007
-16574
2163
19816
27542
21470
4642
-14512
-26395
-25055
-11163
8321
23637
27111
17003
-1623
-19436
-27512
-21805
-5174
14049
26233
25276
11656
-7804
-23354
-27204
-17426
1082
19048
27471
22132
5705
-13580
-26062
-25487
-12144
7283
23061
27287
17842
-541
-18653
-27420
-22451
-6233
13106
25880
25689
12628
-6760
-22760
-27359
-18251
