0
9122
15171
16108
11617
3212
-6276
-13649
-16422
-13663
-6299
3187
11599
16103
15181
9143
25
-9102
-15161
-16113
-11635
-3236
6253
13635
16422
13677
6322
-3162
-11581
-16098
-15190
-9164
-50
9081
15152
16118
11652
3261
-6229
-13621
-16422
-13690
-6346
3137
11563
16093
15200
9185
76
-9060
-15142
-16122
-11670
-3286
6206
13606
16422
13704
6369
-3113
-11545
-16088
-15209
-9206
-101
9039
15132
16127
11688
3310
-6183
-13592
-16422
-13718
-6392
3088
11527
16083
15219
9227
126
-9017
-15122
-16132
-11706
-3335
6159
13578
16422
13732
6415
-3063
-11510
-16078
-15228
-9248
-151
8977
15036
15968
11430
2915
-6753
-14369
-17422
-14941
-7821
1483
9784
14241
13314
7288
-1824
-10975
-17103
-18141
-13741
-5384
4113
11550
14421
11760
4462
-5014
-13474
-18067
-17247
-11289
-2202
6954
13093
14146
9758
1409
-8089
-15535
-18421
-15773
-8485
989
9455
14062
13256
7310
-1773
-10914
-17007
-17982
-13483
-4989
4683
12326
15421
12982
5891
-3409
-11730
-16225
-15342
-9350
-252
8912
15073
16155
11794
3458
-6042
-13507
-16420
-13801
-6531
2939
11419
16051
15275
9352
277
-8891
-15063
-16159
-11811
-3483
6019
13493
16420
13814
6554
-2915
-11401
-16046
-15284
-9372
-302
8870
15053
16164
11829
3507
-5995
-13478
-16419
-13828
-6577
2890
11383
16041
15293
9393
327
-8848
-15043
-16168
-11846
-3532
5972
13464
16419
13842
6600
-2865
-11365
-16035
-15303
-9414
-353
8827
15033
16173
11863
3557
-5949
-13449
-16418
-13855
-6623
2840
11347
16030
15312
9434
378
-8806
-15022
-16177
-11881
-3581
5925
13435
16418
13869
6646
-2815
-11328
-16024
-15321
-9455
-403
8785
15012
16181
11898
3606
-5902
-13420
-16417
-13882
-6669
2791
11310
16019
15330
9475
428
-8763
-15002
-16186
-11916
-3630
5878
13406
16416
13896
6692
-2766
-11292
-16013
-15339
-9496
-453
8742
14992
16190
11933
3655
-5854
-13391
-16416
-13909
-6715
2741
11274
16008
15348
9517
479
-8721
-14981
-16194
-11950
-3680
5831
13377
16415
13922
6738
-2716
-11255
-16002
-15357
-9537
-504
8699
14971
16198
11967
3704
-5807
-13362
-16414
-13936
-6761
2691
11237
15996
15366
9558
529
-8678
-14961
-16202
-11985
-3729
5784
13347
16413
13949
6784
-2666
-11219
-15991
-15375
-9578
-554
8637
14874
16038
11709
3309
-6378
-14138
-17413
-15157
-8190
1086
9493
14153
13460
7618
-1421
-10635
-16940
-18211
-14019
-5778
3737
11318
14412
11976
4830
-4617
-13182
-17979
-17392
-11619
-2604
6614
12929
14215
10036
1802
-7713
-15303
-18411
-15989
-8853
592
9163
13973
13401
7639
-1370
-10573
-16843
-18050
-13760
-5382
4307
12093
15410
13197
6259
-3011
-11438
-16136
-15486
-9679
-655
8571
14908
16223
12070
3851
-5666
-13274
-16409
-14015
-6899
2542
11126
15961
15418
9680
680
-8549
-14898
-16226
-12088
-3876
5642
13259
16408
14028
6922
-2517
-11108
-15956
-15427
-9700
-705
8528
14887
16230
12105
3900
-5618
-13244
-16407
-14041
-6945
2492
11089
15950
15436
9721
730
-8506
-14876
-16234
-12122
-3925
5595
13229
16406
14054
6967
-2467
-11071
-15944
-15444
-9741
-755
8485
14866
16238
12139
3949
-5571
-13214
-16404
-14067
-6990
2442
11052
15937
15453
9761
781
-8463
-14855
-16242
-12156
-3974
5547
13199
16403
14080
7013
-2417
-11033
-15931
-15461
-9782
-806
8441
14844
16245
12172
3998
-5524
-13184
-16402
-14093
-7036
2393
11015
15925
15470
9802
831
-8420
-14834
-16249
-12189
-4022
5500
13169
16401
14106
7058
-2368
-10996
-15919
-15478
-9822
-856
8398
14823
16253
12206
4047
-5476
-13154
-16399
-14119
-7081
2343
10977
15913
15487
9842
881
-8377
-14812
-16256
-12223
-4071
5452
13139
16398
14132
7104
-2318
-10958
-15907
-15495
-9862
-906
8355
14801
16260
12240
4096
-5429
-13124
-16397
-14145
-7127
2293
10940
15900
15503
9882
932
-8333
-14790
-16263
-12257
-4120
5405
13109
16395
14157
7149
-2268
-10921
-15894
-15512
-9903
-957
8331
14855
16435
12566
4589
-4764
-12288
-15394
-12975
-5789
3798
12609
17719
17444
11903
2982
-6290
-12768
-14270
-10290
-2169
7357
15078
18392
16183
9195
-218
-8883
-13881
-13528
-7943
993
10268
16757
18274
14307
6193
-3333
-11063
-14391
-12196
-5217
4193
12864
17875
17536
11963
3032
-6265
-12822
-14446
-10616
-2662
6692
14243
17389
15013
7857
-1724
-10552
-15700
-15468
-9964
-1057
8224
14735
16280
12340
4242
-5286
-13032
-16388
-14221
-7263
2143
10826
15862
15553
10003
1082
-8203
-14724
-16284
-12357
-4266
5262
13017
16386
14233
7285
-2118
-10808
-15855
-15561
-10023
-1108
8181
14713
16287
12373
4290
-5238
-13002
-16384
-14246
-7308
2093
10789
15849
15569
10043
1133
-8159
-14701
-16290
-12390
-4315
5214
12986
16382
14259
7330
-2068
-10770
-15842
-15577
-10063
-1158
8137
14690
16293
12406
4339
-5190
-12971
-16381
-14271
-7353
2043
10750
15835
15585
10082
1183
-8115
-14679
-16296
-12423
-4363
5166
12955
16379
14283
7375
-2018
-10731
-15829
-15593
-10102
-1208
8093
14667
16299
12439
4388
-5142
-12940
-16377
-14296
-7398
1993
10712
15822
15600
10122
1233
-8071
-14656
-16303
-12456
-4412
5119
12924
16375
14308
7420
-1968
-10693
-15815
-15608
-10142
-1258
8049
14645
16306
12472
4436
-5095
-12909
-16373
-14321
-7443
1943
10674
15808
15616
10162
1283
-8027
-14633
-16309
-12489
-4460
5071
12893
16371
14333
7465
-1918
-10655
-15802
-15624
-10182
-1309
8005
14622
16311
12505
4485
-5047
-12877
-16369
-14345
-7488
1893
10636
15795
15632
10201
1334
-7983
-14610
-16314
-12521
-4509
5023
12862
16367
14357
7510
-1868
-10617
-15788
-15639
-10221
-1359
7942
14523
16149
12245
4089
-5616
-13651
-17365
-15565
-8915
287
8890
13949
13723
8260
-616
-9939
-16587
-18320
-14554
-6557
2975
10830
14363
12382
5555
-3818
-12578
-17774
-17655
-12260
-3409
5917
12576
14323
10570
2582
-6951
-14815
-18361
-16394
-9577
-207
8559
13767
13662
8280
-566
-9876
-16488
-18157
-14293
-6161
3544
11604
15359
13601
6982
-2212
-10832
-15928
-15746
-10319
-1459
7873
14552
16328
12602
4630
-4903
-12783
-16356
-14418
-7622
1743
10520
15753
15677
10319
1484
-7851
-14541
-16331
-12618
-4654
4879
12767
16354
14430
7644
-1718
-10501
-15746
-15685
-10339
-1509
7829
14529
16334
12635
4678
-4854
-12751
-16352
-14442
-7666
1693
10481
15738
15692
10359
1534
-7807
-14517
-16336
-12651
-4702
4830
12736
16349
14454
7689
-1668
-10462
-15731
-15700
-10378
-1560
7784
14505
16339
12667
4726
-4806
-12720
-16347
-14466
-7711
1643
10443
15724
15707
10398
1585
-7762
-14494
-16341
-12683
-4751
4782
12704
16345
14478
7733
-1618
-10423
-15717
-15714
-10417
-1610
7740
14482
16344
12699
4775
-4758
-12688
-16342
-14490
-7755
1592
10404
15709
15722
10437
1635
-7718
-14470
-16346
-12715
-4799
4734
12672
16340
14502
7778
-1567
-10384
-15702
-15729
-10456
-1660
7696
14458
16349
12731
4823
-4710
-12656
-16337
-14514
-7800
1542
10365
15695
15736
10475
1685
-7673
-14446
-16351
-12746
-4847
4686
12640
16334
14525
7822
-1517
-10345
-15687
-15743
-10495
-1710
7651
14434
16353
12762
4871
-4662
-12623
-16332
-14537
-7844
1492
10325
15680
15750
10514
1735
-7629
-14422
-16356
-12778
-4895
4637
12607
16329
14549
7866
-1467
-10306
-15672
-15758
-10533
-1760
7626
14486
16526
13087
5364
-3996
-11786
-15326
-13365
-6506
2998
11993
17496
17689
12534
3785
-5584
-12398
-14360
-10810
-2943
6589
14575
18324
16572
9910
583
-8267
-13657
-13772
-8572
190
9562
16386
18362
14826
6967
-2565
-10559
-14321
-12584
-5932
3392
12247
17649
17779
12591
3835
-5559
-12450
-14533
-11134
-3436
5923
13738
17318
15400
8572
-922
-9934
-15473
-15710
-10591
-1860
7517
14361
16366
12857
5015
-4516
-12526
-16315
-14607
-7976
1342
10208
15634
15793
10630
1885
-7495
-14349
-16369
-12873
-5039
4492
12510
16312
14618
7998
-1316
-10188
-15626
-15799
-10649
-1910
7472
14337
16371
12888
5063
-4468
-12494
-16309
-14630
-8020
1291
10168
15619
15806
10668
1935
-7450
-14324
-16373
-12904
-5087
4444
12477
16306
14641
8042
-1266
-10148
-15611
-15813
-10687
-1960
7427
14312
16374
12919
5111
-4420
-12461
-16303
-14653
-8064
1241
10128
15603
15820
10706
1985
-7405
-14300
-16376
-12935
-5135
4395
12444
16300
14664
8086
-1216
-10109
-15595
-15827
-10725
-2010
7382
14287
16378
12950
5159
-4371
-12428
-16297
-14675
-8108
1191
10089
15587
15833
10745
2035
-7360
-14275
-16380
-12966
-5183
4347
12412
16294
14687
8130
-1166
-10069
-15579
-15840
-10764
-2060
7337
14262
16382
12981
5207
-4322
-12395
-16291
-14698
-8152
1141
10049
15571
15847
10783
2085
-7315
-14250
-16384
-12997
-5231
4298
12378
16288
14709
8174
-1115
-10029
-15563
-15853
-10802
-2110
7292
14237
16385
13012
5254
-4274
-12362
-16285
-14720
-8196
1090
10009
15555
15860
10821
2135
-7270
-14225
-16387
-13027
-5278
4249
12345
16281
14731
8218
-1065
-9989
-15547
-15866
-10839
-2160
7266
14288
16557
13336
5747
-3608
-11524
-15278
-13547
-6857
2596
11676
17370
17797
12839
4185
-5224
-12200
-14390
-11058
-3326
6201
14312
18275
16754
10261
985
-7949
-13531
-13879
-8877
-210
9202
16187
18392
15073
7350
-2176
-10295
-14271
-12765
-6283
2990
11929
17522
17886
12896
4235
-5198
-12250
-14562
-11381
-3818
5535
13474
17268
15581
8922
-520
-9616
-15346
-15816
-10896
-2260
7156
14161
16395
13104
5397
-4128
-12262
-16264
-14787
-8326
939
9889
15506
15898
10934
2285
-7134
-14149
-16396
-13119
-5421
4103
12245
16261
14798
8348
-914
-9869
-15498
-15905
-10953
-2310
7111
14136
16398
13134
5445
-4079
-12228
-16257
-14808
-8370
889
9848
15489
15911
10971
2335
-7088
-14123
-16399
-13149
-5469
4054
12211
16254
14819
8391
-864
-9828
-15481
-15917
-10990
-2360
7066
14110
16400
13164
5492
-4030
-12195
-16250
-14830
-8413
839
9808
15472
15923
11009
2385
-7043
-14097
-16402
-13179
-5516
4006
12178
16246
14841
8435
-814
-9788
-15464
-15929
-11027
-2410
7020
14084
16403
13194
5540
-3981
-12161
-16243
-14852
-8456
789
9768
15456
15936
11046
2435
-6997
-14071
-16404
-13209
-5564
3957
12144
16239
14862
8478
-763
-9747
-15447
-15942
-11065
-2459
6974
14058
16405
13224
5587
-3932
-12127
-16235
-14873
-8499
738
9727
15438
15948
11083
2484
-6952
-14045
-16406
-13239
-5611
3908
12110
16231
14884
8521
-713
-9707
-15430
-15954
-11102
-2509
6929
14032
16407
13254
5635
-3883
-12093
-16228
-14894
-8543
688
9686
15421
15960
11120
2534
-6906
-14019
-16409
-13269
-5658
3859
12076
16224
14905
8564
-663
-9666
-15412
-15966
-11139
-2559
6864
13930
16241
12991
5238
-4452
-12864
-17220
-16111
-9968
-918
7939
13572
14048
9177
584
-8860
-15993
-18411
-15299
-7706
1810
10042
14216
12926
6607
-2612
-11625
-17395
-17977
-13176
-4609
4837
11980
14411
11313
3729
-5785
-14024
-18212
-16937
-10628
-1413
7605
13386
13983
9194
634
-8795
-15890
-18244
-15035
-7308
2378
10812
15208
14142
8033
-1006
-9877
-15546
-16065
-11232
-2659
6792
13953
16413
13343
5776
-3736
-11990
-16204
-14957
-8671
537
9564
15369
15995
11231
2683
-6769
-13940
-16414
-13357
-5800
3712
11973
16200
14968
8693
-512
-9543
-15360
-16000
-11250
-2708
6746
13927
16415
13372
5824
-3687
-11956
-16195
-14978
-8714
486
9523
15351
16006
11268
2733
-6723
-13913
-16416
-13387
-5847
3663
11938
16191
14989
8735
-461
-9502
-15342
-16012
-11286
-2758
6700
13900
16416
13401
5871
-3638
-11921
-16187
-14999
-8757
436
9482
15333
16017
11305
2783
-6677
-13886
-16417
-13416
-5894
3614
11904
16183
15009
8778
-411
-9461
-15324
-16023
-11323
-2808
6654
13873
16418
13430
5918
-3589
-11886
-16178
-15019
-8799
386
9441
15315
16028
11341
2832
-6631
-13859
-16418
-13445
-5941
3564
11869
16174
15029
8821
-361
-9420
-15305
-16034
-11359
-2857
6608
13846
16419
13459
5965
-3540
-11851
-16170
-15040
-8842
335
9399
15296
16039
11377
2882
-6584
-13832
-16419
-13474
-5988
3515
11834
16165
15050
8863
-310
-9379
-15287
-16044
-11396
-2907
6561
13819
16420
13488
6012
-3491
-11817
-16161
-15060
-8884
285
9358
15278
16050
11414
2932
-6538
-13805
-16420
-13502
-6035
3466
11799
16156
15070
8905
-260
-9337
-15269
-16055
-11432
-2956
6534
13867
16589
13810
6503
-2824
-10977
-15152
-13885
-7544
1790
11024
17091
17984
13431
4981
-4492
-11778
-14421
-11531
-4082
5417
13764
18147
17090
10948
1791
-7296
-13250
-14066
-9468
-1006
8469
15764
18421
15545
8105
-1392
-9746
-14143
-13100
-6969
2184
11275
17241
18071
13486
5031
-4465
-11826
-14590
-11852
-4573
4750
12924
17138
15914
9607
285
-8961
-15063
-16000
-11485
-3055
6423
13736
16422
13574
6152
-3343
-11711
-16133
-15119
-9011
134
9233
15222
16081
11522
3080
-6399
-13723
-16422
-13588
-6175
3318
11693
16129
15129
9032
-109
-9213
-15212
-16086
-11540
-3105
6376
13709
16422
13602
6199
-3293
-11676
-16124
-15139
-9053
83
9192
15203
16091
11558
3130
-6353
-13695
-16422
-13616
-6222
3269
11658
16119
15149
9074
-58
-9171
-15193
-16096
-11576
-3154
6330
13681
16422
13630
6245
-3244
-11640
-16114
-15158
-9095
33
9150
15184
16101
11593
3179
-6306
-13667
-16422
-13644
-6269
3219
11622
16109
15168
9116
-8
-9129
-15174
-16106
-11611
-3204
6283
13653
16422
13658
6292
-3195
-11605
-16104
-15178
-9137
-17
9108
15164
16111
11629
3229
-6260
-13639
-16422
-13672
-6315
3170
11587
16099
15187
9158
43
-9087
-15155
-16116
-11647
-3253
6237
13625
16422
13686
6338
-3145
-11569
-16094
-15197
-9179
-68
9066
15145
16121
11665
3278
-6213
-13611
-16422
-13700
-6362
3120
11551
16089
15206
9200
93
-9045
-15135
-16126
-11682
-3303
6190
13597
16422
13714
6385
-3096
-11533
-16084
-15216
-9220
-118
9024
15126
16130
11700
3327
-6167
-13583
-16422
-13728
-6408
3071
11515
16079
15225
9241
143
-9003
-15116
-16135
-11718
-3352
6162
13645
16590
14034
6876
-2429
-10692
-15074
-14040
-7879
1387
10689
16937
18064
13716
5377
-4120
-11554
-14421
-11755
-4454
5021
13479
18069
17244
11283
2194
-6961
-13096
-14144
-9753
-1401
8096
15540
18421
15769
8478
-997
-9461
-14064
-13254
-7304
1781
10940
17086
18149
13771
5426
-4092
-11602
-14589
-12076
-4945
4355
12638
17058
16068
9942
688
-8626
-14907
-16077
-11769
-3451
6050
13511
16420
13796
6524
-2947
-11425
-16053
-15272
-9345
-269
8897
15066
16158
11806
3475
-6026
-13497
-16420
-13810
-6547
2922
11407
16048
15281
9366
294
-8876
-15056
-16163
-11823
-3500
6003
13483
16420
13824
6570
-2898
-11389
-16042
-15291
-9387
-320
8855
15046
16167
11841
3524
-5979
-13468
-16419
-13837
-6593
2873
11371
16037
15300
9407
345
-8834
-15036
-16171
-11858
-3549
5956
13454
16419
13851
6616
-2848
-11352
-16032
-15309
-9428
-370
8813
15026
16176
11875
3574
-5932
-13439
-16418
-13864
-6639
2823
11334
16026
15318
9448
395
-8791
-15015
-16180
-11893
-3598
5909
13425
16417
13878
6662
-2798
-11316
-16021
-15327
-9469
-420
8770
15005
16184
11910
3623
-5885
-13410
-16417
-13891
-6685
2773
11298
16015
15336
9490
446
-8749
-14995
-16189
-11927
-3647
5862
13396
16416
13905
6708
-2749
-11279
-16009
-15345
-9510
-471
8727
14985
16193
11945
3672
-5838
-13381
-16415
-13918
-6731
2724
11261
16004
15354
9531
496
-8706
-14974
-16197
-11962
-3696
5815
13367
16415
13932
6754
-2699
-11243
-15998
-15363
-9551
-521
8685
14964
16201
11979
3721
-5791
-13352
-16414
-13945
-6777
2674
11224
15992
15372
9572
546
-8663
-14954
-16205
-11997
-3745
5787
13413
16581
14251
7245
-2032
-10401
-14987
-14186
-8209
984
10349
16775
18133
13994
5770
-3744
-11323
-14412
-11971
-4823
4624
13187
17981
17390
11613
2597
-6620
-12933
-14213
-10031
-1795
7720
15308
18411
15985
8846
-600
-9169
-13975
-13398
-7633
1378
10599
16922
18217
14048
5819
-3716
-11369
-14579
-12291
-5313
3957
12346
16969
16212
10271
1091
-8285
-14743
-16145
-12046
-3844
5673
13278
16409
14011
6892
-2550
-11132
-15963
-15416
-9674
-672
8556
14901
16225
12082
3868
-5649
-13263
-16408
-14024
-6915
2525
11114
15957
15424
9694
697
-8534
-14890
-16229
-12099
-3892
5626
13249
16407
14037
6937
-2500
-11095
-15951
-15433
-9714
-722
8513
14880
16233
12116
3917
-5602
-13234
-16406
-14050
-6960
2475
11076
15945
15442
9735
748
-8491
-14869
-16237
-12133
-3941
5578
13219
16405
14063
6983
-2450
-11058
-15939
-15450
-9755
-773
8470
14858
16240
12150
3966
-5555
-13204
-16404
-14076
-7006
2425
11039
15933
15459
9775
798
-8448
-14848
-16244
-12167
-3990
5531
13189
16402
14089
7029
-2400
-11020
-15927
-15467
-9795
-823
8427
14837
16248
12184
4015
-5507
-13174
-16401
-14102
-7051
2375
11002
15921
15476
9816
848
-8405
-14826
-16252
-12201
-4039
5484
13159
16400
14115
7074
-2350
-10983
-15915
-15484
-9836
-873
8383
14815
16255
12218
4064
-5460
-13144
-16398
-14128
-7097
2326
10964
15909
15492
9856
899
-8362
-14804
-16259
-12235
-4088
5436
13128
16397
14141
7120
-2301
-10946
-15902
-15501
-9876
-924
8340
14793
16262
12251
4112
-5412
-13113
-16396
-14153
-7142
2276
10927
15896
15509
9896
949
-8318
-14782
-16266
-12268
-4137
5408
13174
16563
14459
7609
-1633
-10103
-14890
-14322
-8534
582
10004
16603
18193
14266
6161
-3365
-11083
-14393
-12179
-5188
4226
12889
17883
17526
11936
2999
-6275
-12760
-14273
-10302
-2186
7341
15068
18391
16192
9210
-201
-8870
-13877
-13534
-7956
976
10253
16749
18276
14318
6210
-3336
-11128
-14558
-12497
-5677
3558
12046
16870
16347
10594
1494
-7938
-14570
-16203
-12316
-4234
5293
13037
16388
14217
7255
-2151
-10832
-15864
-15550
-9996
-1075
8209
14727
16283
12352
4259
-5269
-13022
-16386
-14230
-7278
2126
10813
15857
15558
10016
1100
-8188
-14716
-16286
-12368
-4283
5245
13006
16385
14242
7301
-2101
-10794
-15851
-15566
-10036
-1125
8166
14705
16289
12385
4307
-5222
-12991
-16383
-14255
-7323
2076
10775
15844
15574
10056
1150
-8144
-14694
-16292
-12401
-4331
5198
12976
16381
14267
7346
-2051
-10756
-15838
-15582
-10076
-1175
8122
14682
16295
12418
4356
-5174
-12960
-16379
-14280
-7368
2026
10737
15831
15590
10096
1200
-8100
-14671
-16299
-12434
-4380
5150
12945
16378
14292
7391
-2001
-10718
-15824
-15598
-10116
-1225
8078
14660
16302
12451
4404
-5126
-12929
-16376
-14304
-7413
1976
10699
15817
15606
10136
1250
-8056
-14648
-16305
-12467
-4429
5102
12914
16374
14317
7436
-1951
-10680
-15811
-15614
-10156
-1276
8034
14637
16308
12483
4453
-5078
-12898
-16372
-14329
-7458
1926
10661
15804
15621
10175
1301
-8012
-14625
-16311
-12500
-4477
5054
12882
16370
14341
7481
-1901
-10642
-15797
-15629
-10195
-1326
7990
14614
16313
12516
4501
-5030
-12867
-16368
-14354
-7503
1876
10623
15790
15637
10215
1351
-7968
-14602
-16316
-12532
-4526
5025
12927
16534
14659
7970
-1233
-9798
-14783
-14450
-8852
180
9653
16422
18243
14529
6550
-2982
-10835
-14364
-12378
-5548
3826
12584
17776
17652
12254
3401
-5924
-12579
-14322
-10565
-2574
6958
14820
18361
16390
9570
199
-8565
-13769
-13660
-8274
574
9902
16568
18325
14581
6598
-2953
-10880
-14528
-12695
-6037
3158
11741
16762
16472
10911
1896
-7587
-14388
-16251
-12578
-4622
4910
12788
16357
14414
7615
-1751
-10526
-15755
-15675
-10313
-1476
7858
14544
16330
12613
4646
-4886
-12772
-16355
-14426
-7637
1726
10507
15748
15682
10333
1502
-7836
-14533
-16333
-12630
-4671
4862
12756
16352
14438
7659
-1701
-10487
-15741
-15690
-10352
-1527
7814
14521
16335
12646
4695
-4838
-12741
-16350
-14450
-7682
1675
10468
15733
15697
10372
1552
-7791
-14509
-16338
-12662
-4719
4814
12725
16348
14462
7704
-1650
-10449
-15726
-15705
-10391
-1577
7769
14497
16341
12678
4743
-4790
-12709
-16345
-14474
-7726
1625
10429
15719
15712
10411
1602
-7747
-14485
-16343
-12694
-4767
4766
12693
16343
14486
7748
-1600
-10410
-15712
-15719
-10430
-1627
7725
14474
16345
12710
4791
-4742
-12677
-16340
-14498
-7771
1575
10390
15704
15727
10450
1652
-7703
-14462
-16348
-12726
-4815
4717
12661
16338
14510
7793
-1550
-10371
-15697
-15734
-10469
-1677
7680
14450
16350
12742
4839
-4693
-12645
-16335
-14522
-7815
1525
10351
15689
15741
10489
1702
-7658
-14438
-16353
-12757
-4864
4669
12629
16333
14533
7837
-1500
-10332
-15682
-15748
-10508
-1727
7636
14426
16355
12773
4888
-4645
-12612
-16330
-14545
-7859
1475
10312
15674
15755
10527
1752
-7613
-14414
-16357
-12789
-4912
4640
12672
16496
14850
8326
-832
-9487
-14667
-14567
-9164
-222
9298
16233
18283
14786
6936
-2597
-10580
-14325
-12568
-5903
3425
12273
17659
17770
12566
3802
-5569
-12389
-14362
-10821
-2960
6572
14564
18322
16580
9926
600
-8253
-13652
-13777
-8585
173
9546
16377
18364
14836
6984
-2567
-10624
-14488
-12885
-6392
2757
11428
16644
16588
11222
2297
-7231
-14197
-16290
-12833
-5008
4524
12531
16316
14603
7970
-1349
-10214
-15636
-15790
-10624
-1877
7502
14353
16368
12868
5032
-4500
-12515
-16313
-14615
-7992
1324
10194
15629
15797
10643
1902
-7479
-14341
-16370
-12883
-5056
4476
12499
16310
14626
8014
-1299
-10174
-15621
-15804
-10662
-1927
7457
14328
16372
12899
5080
-4451
-12482
-16307
-14638
-8036
1274
10154
15613
15811
10681
1952
-7434
-14316
-16374
-12915
-5104
4427
12466
16304
14649
8058
-1249
-10135
-15605
-15818
-10700
-1977
7412
14304
16376
12930
5127
-4403
-12450
-16301
-14660
-8079
1224
10115
15597
15825
10720
2002
-7389
-14291
-16378
-12946
-5151
4379
12433
16298
14672
8101
-1199
-10095
-15590
-15831
-10739
-2027
7367
14279
16380
12961
5175
-4354
-12417
-16295
-14683
-8123
1174
10075
15582
15838
10758
2052
-7344
-14266
-16381
-12977
-5199
4330
12400
16292
14694
8145
-1148
-10055
-15574
-15845
-10777
-2077
7322
14254
16383
12992
5223
-4306
-12384
-16289
-14706
-8167
1123
10035
15566
15851
10796
2102
-7299
-14241
-16385
-13007
-5247
4281
12367
16286
14717
8189
-1098
-10015
-15558
-15858
-10815
-2127
7277
14229
16386
13023
5271
-4257
-12350
-16282
-14728
-8211
1073
9995
15550
15864
10834
2152
-7254
-14216
-16388
-13038
-5295
4213
12258
16111
14446
7788
-1665
-10780
-16541
-17066
-12235
-3733
5524
12372
14466
11073
3319
-6208
-14317
-18276
-16750
-10254
-977
7955
13533
13877
8871
202
-9209
-16191
-18391
-15069
-7342
2184
10301
14272
12761
6276
-2998
-11935
-17525
-17884
-12890
-4227
5186
12178
14393
11084
3366
-6140
-14208
-18100
-16479
-9853
-410
8720
14517
15085
10292
1808
-7456
-14334
-16470
-13118
-5390
4135
12267
16265
14783
8320
-947
-9895
-15509
-15896
-10928
-2277
7141
14153
16396
13114
5414
-4111
-12250
-16262
-14794
-8341
922
9875
15500
15903
10947
2302
-7118
-14140
-16397
-13129
-5438
4086
12234
16258
14805
8363
-897
-9855
-15492
-15909
-10965
-2327
7095
14127
16399
13144
5461
-4062
-12217
-16255
-14816
-8385
872
9835
15484
15915
10984
2352
-7073
-14114
-16400
-13160
-5485
4038
12200
16251
14827
8406
-847
-9814
-15475
-15921
-11003
-2377
7050
14101
16401
13175
5509
-4013
-12183
-16248
-14838
-8428
822
9794
15467
15928
11022
2402
-7027
-14088
-16402
-13190
-5533
3989
12166
16244
14848
8450
-796
-9774
-15458
-15934
-11040
-2427
7004
14075
16404
13205
5556
-3964
-12149
-16240
-14859
-8471
771
9754
15450
15940
11059
2452
-6982
-14062
-16405
-13220
-5580
3940
12132
16236
14870
8493
-746
-9733
-15441
-15946
-11078
-2477
6959
14049
16406
13235
5604
-3915
-12115
-16233
-14880
-8514
721
9713
15432
15952
11096
2502
-6936
-14036
-16407
-13249
-5627
3891
12098
16229
14891
8536
-696
-9693
-15424
-15958
-11115
-2526
6913
14023
16408
13264
5651
-3866
-12081
-16225
-14902
-8557
671
9672
15415
15964
11133
2551
-6890
-14010
-16409
-13279
-5675
3823
11988
16053
14619
8134
-1263
-10457
-16406
-17165
-12534
-4132
5160
12165
14486
11313
3698
-5818
-14047
-18217
-16923
-10600
-1380
7632
13398
13975
9170
601
-8844
-15984
-18411
-15309
-7722
1793
10030
14213
12933
6622
-2595
-11611
-17389
-17981
-13189
-4626
4822
11971
14412
11323
3745
-5749
-13937
-18041
-16651
-10199
-813
8396
14380
15182
10590
2206
-7092
-14126
-16489
-13357
-5769
3744
11995
16205
14954
8665
-545
-9570
-15371
-15993
-11225
-2676
6776
13944
16414
13353
5793
-3719
-11978
-16201
-14965
-8686
519
9550
15362
15999
11244
2701
-6753
-13931
-16415
-13368
-5816
3695
11961
16197
14975
8707
-494
-9529
-15353
-16004
-11262
-2725
6730
13917
16415
13382
5840
-3670
-11944
-16193
-14985
-8729
469
9509
15345
16010
11281
2750
-6707
-13904
-16416
-13397
-5863
3646
11926
16188
14996
8750
-444
-9488
-15336
-16015
-11299
-2775
6684
13891
16417
13411
5887
-3621
-11909
-16184
-15006
-8771
419
9468
15327
16021
11317
2800
-6661
-13877
-16417
-13426
-5910
3597
11892
16180
15016
8793
-394
-9447
-15317
-16026
-11335
-2825
6638
13864
16418
13440
5934
-3572
-11874
-16175
-15026
-8814
368
9427
15308
16032
11354
2849
-6615
-13850
-16419
-13455
-5957
3547
11857
16171
15036
8835
-343
-9406
-15299
-16037
-11372
-2874
6592
13836
16419
13469
5981
-3523
-11839
-16167
-15047
-8856
318
9385
15290
16043
11390
2899
-6569
-13823
-16420
-13484
-6004
3498
11822
16162
15057
8878
-293
-9365
-15281
-16048
-11408
-2924
6545
13809
16420
13498
6028
-3474
-11804
-16158
-15067
-8899
268
9344
15272
16053
11426
2949
-6522
-13796
-16420
-13512
-6051
3468
11863
16322
15370
9364
375
-8518
-14262
-14864
-10062
-1418
8206
15613
18345
15507
8075
-1424
-9769
-14149
-13087
-6941
2217
11302
17253
18064
13462
4998
-4476
-11768
-14421
-11541
-4098
5400
13752
18144
17097
10962
1808
-7282
-13244
-14069
-9480
-1023
8453
15754
18421
15555
8121
-1394
-9810
-14308
-13399
-7428
1550
10456
16234
16879
12116
3492
-6137
-13572
-16346
-13550
-6145
3350
11717
16135
15116
9004
-142
-9240
-15225
-16080
-11516
-3072
6407
13727
16422
13583
6168
-3326
-11699
-16130
-15126
-9025
117
9219
15215
16085
11534
3097
-6383
-13713
-16422
-13598
-6191
3301
11681
16125
15136
9046
-91
-9198
-15206
-16090
-11552
-3122
6360
13699
16422
13612
6215
-3276
-11663
-16121
-15146
-9067
66
9177
15196
16095
11570
3147
-6337
-13685
-16422
-13626
-6238
3252
11646
16116
15155
9088
-41
-9156
-15187
-16100
-11588
-3171
6314
13671
16422
13640
6261
-3227
-11628
-16111
-15165
-9109
16
9136
15177
16105
11606
3196
-6290
-13657
-16422
-13654
-6285
3202
11610
16106
15175
9130
9
-9115
-15167
-16110
-11624
-3221
6267
13643
16422
13668
6308
-3178
-11592
-16101
-15184
-9151
-35
9094
15158
16114
11641
3246
-6244
-13629
-16422
-13682
-6331
3153
11574
16096
15194
9172
60
-9073
-15148
-16119
-11659
-3270
6221
13615
16422
13696
6354
-3128
-11557
-16091
-15203
-9193
-85
9052
15138
16124
11677
3295
-6197
-13601
-16422
-13710
-6378
3103
11539
16086
15213
9214
110
-9031
-15129
-16129
-11694
-3320
6174
13587
16422
13723
6401
-3079
-11521
-16081
-15222
-9235
-135
9010
15119
16134
11712
3344
-6151
-13573
-16422
-13737
-6424
3073
11579
16244
15525
9700
778
-8184
-14109
-14943
-10347
-1813
7834
15390
18345
15732
8447
-1029
-9485
-14071
-13241
-7276
1814
10967
17099
18143
13747
5394
-4104
-11544
-14421
-11765
-4470
5004
13467
18065
17251
11297
2211
-6946
-13089
-14148
-9765
-1418
8080
15530
18421
15779
8493
-999
-9525
-14229
-13553
-7762
1147
10120
16079
16957
12400
3887
-5764
-13347
-16344
-13773
-6517
2955
11431
16055
15269
9339
261
-8904
-15069
-16157
-11800
-3467
6034
13502
16420
13806
6540
-2930
-11413
-16049
-15279
-9359
-287
8883
15059
16161
11818
3492
-6010
-13487
-16420
-13820
-6563
2905
11394
16044
15288
9380
312
-8862
-15049
-16166
-11835
-3517
5987
13473
16419
13833
6586
-2880
-11376
-16039
-15297
-9401
-337
8840
15039
16170
11853
3541
-5963
-13458
-16419
-13847
-6609
2856
11358
16033
15306
9421
362
-8819
-15029
-16174
-11870
-3566
5940
13444
16418
13860
6632
-2831
-11340
-16028
-15315
-9442
-387
8798
15019
16179
11887
3590
-5916
-13429
-16418
-13874
-6655
2806
11322
16022
15324
9463
412
-8777
-15008
-16183
-11905
-3615
5893
13415
16417
13887
6678
-2781
-11303
-16017
-15333
-9483
-438
8755
14998
16187
11922
3640
-5869
-13400
-16416
-13901
-6701
2756
11285
16011
15342
9504
463
-8734
-14988
-16192
-11939
-3664
5846
13386
16416
13914
6724
-2732
-11267
-16006
-15351
-9524
-488
8713
14978
16196
11957
3689
-5822
-13371
-16415
-13927
-6747
2707
11248
16000
15360
9545
513
-8691
-14967
-16200
-11974
-3713
5799
13357
16414
13941
6770
-2682
-11230
-15994
-15369
-9565
-538
8670
14957
16204
11991
3738
-5775
-13342
-16413
-13954
-6793
2676
11288
16157
15671
10030
1181
-7844
-13946
-15013
-10626
-2207
7458
15159
18336
15948
8816
-632
-9193
-13983
-13387
-7606
1411
10627
16936
18212
14026
5787
-3728
-11312
-14411
-11980
-4839
4607
13175
17977
17396
11627
2614
-6606
-12925
-14216
-10043
-1811
7704
15298
18410
15994
8862
-602
-9232
-14140
-13697
-8091
744
9779
15915
17025
12677
4280
-5388
-13114
-16333
-13988
-6885
2558
11138
15965
15413
9667
664
-8563
-14904
-16224
-12077
-3860
5657
13268
16408
14020
6907
-2533
-11119
-15959
-15422
-9688
-689
8541
14894
16228
12094
3885
-5633
-13253
-16407
-14033
-6930
2508
11101
15953
15430
9708
715
-8520
-14883
-16232
-12111
-3909
5610
13238
16406
14046
6953
-2483
-11082
-15947
-15439
-9728
-740
8498
14872
16236
12128
3934
-5586
-13223
-16405
-14059
-6976
2458
11064
15941
15448
9749
765
-8477
-14862
-16239
-12145
-3958
5562
13208
16404
14072
6999
-2433
-11045
-15935
-15456
-9769
-790
8455
14851
16243
12162
3983
-5538
-13193
-16403
-14085
-7021
2408
11026
15929
15465
9789
815
-8433
-14840
-16247
-12179
-4007
5515
13178
16402
14098
7044
-2383
-11008
-15923
-15473
-9809
-840
8412
14829
16250
12196
4032
-5491
-13163
-16400
-14111
-7067
2358
10989
15917
15481
9830
866
-8390
-14819
-16254
-12213
-4056
5467
13148
16399
14124
7090
-2333
-10970
-15911
-15490
-9850
-891
8368
14808
16258
12229
4080
-5444
-13133
-16398
-14137
-7112
2308
10951
15904
15498
9870
916
-8347
-14797
-16261
-12246
-4105
5420
13118
16396
14150
7135
-2283
-10933
-15898
-15506
-9890
-941
8325
14786
16265
12263
4129
-5396
-13103
-16395
-14162
-7158
2239
10838
15723
15222
9466
349
-9108
-15775
-17463
-13662
-5709
3665
11256
14469
12194
5180
-4234
-12895
-17885
-17523
-11930
-2991
6282
12764
14272
10296
2178
-7348
-15072
-18392
-16188
-9203
209
8876
13879
13531
7950
-984
-10260
-16753
-18275
-14313
-6202
3325
11057
14390
12200
5226
-4164
-12781
-17704
-17246
-11526
-2424
7043
13742
15473
11712
3782
-5594
-13210
-16465
-14232
-7248
2159
10838
15866
15547
9990
1067
-8216
-14731
-16282
-12346
-4251
5277
13027
16387
14226
7271
-2134
-10819
-15859
-15556
-10010
-1092
8194
14720
16285
12363
4275
-5253
-13011
-16385
-14238
-7294
2109
10800
15853
15564
10030
1117
-8173
-14708
-16288
-12379
-4300
5229
12996
16384
14251
7316
-2084
-10781
-15846
-15572
-10050
-1142
8151
14697
16291
12396
4324
-5205
-12980
-16382
-14263
-7339
2059
10762
15840
15580
10070
1167
-8129
-14686
-16294
-12413
-4348
5181
12965
16380
14276
7361
-2034
-10743
-15833
-15588
-10090
-1192
8107
14675
16298
12429
4372
-5157
-12949
-16378
-14288
-7384
2009
10724
15826
15596
10110
1218
-8085
-14663
-16301
-12445
-4397
5133
12934
16376
14301
7406
-1984
-10705
-15820
-15603
-10130
-1243
8063
14652
16304
12462
4421
-5110
-12918
-16374
-14313
-7429
1959
10686
15813
15611
10149
1268
-8041
-14640
-16307
-12478
-4445
5086
12903
16372
14325
7451
-1934
-10667
-15806
-15619
-10169
-1293
8019
14629
16310
12495
4470
-5062
-12887
-16370
-14338
-7474
1909
10648
15799
15627
10189
1318
-7997
-14618
-16313
-12511
-4494
5038
12872
16368
14350
7496
-1884
-10629
-15792
-15635
-10209
-1343
7975
14606
16315
12527
4518
-5014
-12856
-16366
-14362
-7518
1839
10533
15617
15349
9784
751
-8758
-15595
-17513
-13926
-6098
3283
11009
14440
12393
5541
-3834
-12590
-17778
-17650
-12248
-3393
5931
12583
14321
10560
2566
-6966
-14825
-18362
-16386
-9563
-191
8571
13771
13657
8268
-582
-9909
-16571
-18324
-14576
-6591
2942
10809
14360
12399
5586
-3764
-12475
-17596
-17372
-11843
-2826
6692
13560
15522
11975
4170
-5211
-12962
-16434
-14430
-7608
1758
10532
15757
15673
10307
1469
-7865
-14548
-16329
-12608
-4639
4894
12777
16355
14423
7630
-1733
-10513
-15750
-15680
-10327
-1494
7843
14536
16332
12624
4663
-4870
-12761
-16353
-14435
-7652
1708
10494
15743
15688
10346
1519
-7820
-14525
-16335
-12641
-4687
4845
12745
16351
14447
7675
-1683
-10474
-15736
-15695
-10366
-1544
7798
14513
16337
12657
4711
-4821
-12730
-16348
-14459
-7697
1658
10455
15728
15702
10385
1569
-7776
-14501
-16340
-12673
-4736
4797
12714
16346
14471
7719
-1633
-10435
-15721
-15710
-10405
-1594
7754
14489
16342
12689
4760
-4773
-12698
-16344
-14483
-7741
1608
10416
15714
15717
10424
1619
-7732
-14477
-16345
-12705
-4784
4749
12682
16341
14494
7764
-1583
-10396
-15707
-15724
-10444
-1644
7710
14465
16347
12721
4808
-4725
-12666
-16339
-14506
-7786
1558
10377
15699
15732
10463
1669
-7687
-14453
-16350
-12737
-4832
4701
12650
16336
14518
7808
-1533
-10357
-15692
-15739
-10483
-1694
7665
14441
16352
12752
4856
-4677
-12634
-16333
-14530
-7830
1508
10338
15684
15746
10502
1719
-7643
-14429
-16354
-12768
-4880
4653
12617
16331
14541
7852
-1483
-10318
-15677
-15753
-10521
-1744
7620
14417
16356
12784
4904
-4628
-12601
-16328
-14553
-7874
1477
10375
15838
16053
10985
2387
-6793
-13405
-15164
-11417
-3373
6311
14417
18249
16546
9897
567
-8279
-13662
-13767
-8560
206
9576
16393
18361
14816
6952
-2580
-10569
-14323
-12576
-5919
3407
12259
17654
17774
12579
3820
-5553
-12381
-14363
-10831
-2976
6556
14553
18320
16588
9941
598
-8316
-13815
-14074
-9043
-462
8726
15369
17170
13464
5445
-4239
-12368
-16241
-14580
-7963
1357
10220
15639
15788
10618
1870
-7509
-14357
-16367
-12863
-5024
4507
12520
16314
14611
7985
-1332
-10200
-15631
-15795
-10637
-1895
7486
14344
16369
12878
5048
-4483
-12504
-16311
-14623
-8007
1307
10180
15623
15802
10656
1920
-7464
-14332
-16371
-12894
-5072
4459
12487
16308
14634
8029
-1282
-10161
-15616
-15809
-10675
-1945
7441
14320
16373
12910
5096
-4435
-12471
-16305
-14645
-8051
1257
10141
15608
15816
10694
1970
-7419
-14308
-16375
-12925
-5120
4410
12455
16302
14657
8073
-1232
-10121
-15600
-15822
-10714
-1995
7396
14295
16377
12941
5144
-4386
-12438
-16299
-14668
-8095
1207
10101
15592
15829
10733
2020
-7374
-14283
-16379
-12956
-5168
4362
12422
16296
14679
8116
-1181
-10081
-15584
-15836
-10752
-2045
7351
14270
16381
12972
5192
-4338
-12405
-16293
-14691
-8138
1156
10061
15576
15843
10771
2070
-7329
-14258
-16383
-12987
-5216
4313
12389
16290
14702
8160
-1131
-10041
-15568
-15849
-10790
-2095
7306
14245
16384
13003
5240
-4289
-12372
-16287
-14713
-8182
1106
10021
15560
15856
10809
2120
-7284
-14233
-16386
-13018
-5263
4265
12356
16283
14724
8204
-1081
-10001
-15552
-15862
-10828
-2145
7261
14220
16388
13033
5287
-4240
-12339
-16280
-14736
-8226
1037
9905
15375
15576
10402
1552
-8043
-15207
-17584
-14431
-6867
2509
10491
14353
12766
6248
-3031
-11961
-17536
-17875
-12865
-4195
5216
12195
14391
11064
3335
-6192
-14306
-18273
-16758
-10269
-995
7941
13528
13882
8884
219
-9193
-16182
-18392
-15079
-7359
2167
10289
14270
12769
6291
-2961
-11845
-17351
-17595
-12459
-3627
5975
13169
15589
12477
4938
-4436
-12441
-16343
-14799
-8313
955
9901
15511
15894
10922
2269
-7148
-14157
-16395
-13109
-5406
4118
12256
16263
14791
8335
-930
-9881
-15503
-15901
-10941
-2294
7125
14144
16397
13125
5430
-4094
-12239
-16260
-14802
-8356
905
9861
15495
15907
10960
2319
-7103
-14131
-16398
-13140
-5454
4070
12222
16256
14813
8378
-880
-9841
-15486
-15913
-10978
-2344
7080
14118
16399
13155
5478
-4045
-12205
-16252
-14823
-8400
855
9821
15478
15919
10997
2369
-7057
-14105
-16401
-13170
-5501
4021
12188
16249
14834
8421
-829
-9801
-15469
-15926
-11016
-2394
7034
14092
16402
13185
5525
-3996
-12171
-16245
-14845
-8443
804
9780
15461
15932
11034
2419
-7012
-14079
-16403
-13200
-5549
3972
12154
16241
14856
8464
-779
-9760
-15452
-15938
-11053
-2444
6989
14067
16405
13215
5573
-3948
-12137
-16238
-14866
-8486
754
9740
15444
15944
11072
2469
-6966
-14053
-16406
-13230
-5596
3923
12121
16234
14877
8508
-729
-9719
-15435
-15950
-11090
-2494
6943
14040
16407
13245
5620
-3899
-12103
-16230
-14888
-8529
704
9699
15427
15956
11109
2519
-6920
-14027
-16408
-13260
-5644
3874
12086
16226
14898
8551
-678
-9679
-15418
-15962
-11127
-2544
6897
14014
16409
13275
5667
-3850
-12069
-16222
-14909
-8572
634
9582
15241
15675
10701
1951
-7679
-15001
-17605
-14672
-7246
2118
10221
14294
12939
6594
-2628
-11638
-17400
-17974
-13164
-4593
4852
11988
14411
11304
3714
-5801
-14035
-18214
-16930
-10615
-1397
7618
13392
13979
9183
618
-8829
-15975
-18412
-15319
-7738
1776
10018
14210
12941
6636
-2558
-11521
-17214
-17692
-12757
-4026
5611
12961
15608
12716
5317
-4045
-12169
-16282
-14970
-8658
553
9577
15374
15991
11220
2668
-6783
-13948
-16414
-13348
-5785
3727
11984
16202
14961
8679
-527
-9556
-15365
-15997
-11238
-2693
6760
13935
16414
13363
5809
-3703
-11966
-16198
-14972
-8701
502
9536
15356
16002
11256
2718
-6737
-13921
-16415
-13378
-5832
3678
11949
16194
14982
8722
-477
-9515
-15347
-16008
-11275
-2742
6714
13908
16416
13392
5856
-3653
-11932
-16190
-14992
-8743
452
9495
15338
16014
11293
2767
-6691
-13895
-16417
-13407
-5879
3629
11914
16185
15003
8765
-427
-9474
-15329
-16019
-11311
-2792
6668
13881
16417
13421
5903
-3604
-11897
-16181
-15013
-8786
401
9454
15320
16025
11330
2817
-6645
-13868
-16418
-13436
-5926
3580
11880
16177
15023
8807
-376
-9433
-15311
-16030
-11348
-2842
6622
13854
16418
13450
5950
-3555
-11862
-16172
-15033
-8828
351
9412
15302
16036
11366
2867
-6599
-13841
-16419
-13465
-5973
3531
11845
16168
15043
8850
-326
-9392
-15293
-16041
-11384
-2891
6576
13827
16419
13479
5997
-3506
-11827
-16164
-15053
-8871
301
9371
15284
16046
11402
2916
-6553
-13814
-16420
-13493
-6020
3481
11810
16159
15063
8892
-276
-9350
-15274
-16052
-11420
-2941
6530
13800
16420
13508
6044
-3457
-11792
-16155
-15074
-8913
270
9406
15434
16350
11883
3583
-5702
-12786
-15226
-12139
-4512
5139
13606
18074
17064
10934
1775
-7309
-13256
-14062
-9457
-990
8483
15773
18421
15536
8091
-1407
-9757
-14146
-13093
-6956
2200
11288
17247
18068
13475
5015
-4460
-11759
-14421
-11551
-4114
5383
13740
18141
17103
10977
1806
-7343
-13406
-14366
-9937
-1657
7632
14745
17227
14182
6582
-3065
-11554
-16060
-15094
-8998
150
9246
15228
16078
11511
3065
-6414
-13731
-16422
-13579
-6161
3333
11704
16132
15123
9019
-124
-9226
-15218
-16083
-11529
-3089
6391
13717
16422
13593
6184
-3309
-11687
-16127
-15133
-9040
99
9205
15209
16088
11547
3114
-6367
-13704
-16422
-13607
-6207
3284
11669
16122
15143
9061
-74
-9184
-15199
-16093
-11564
-3139
6344
13690
16422
13621
6231
-3259
-11651
-16117
-15152
-9082
49
9163
15190
16098
11582
3164
-6321
-13676
-16422
-13635
-6254
3235
11634
16112
15162
9103
-24
-9142
-15180
-16103
-11600
-3188
6298
13662
16422
13649
6277
-3210
-11616
-16107
-15172
-9124
-2
9121
15171
16108
11618
3213
-6274
-13648
-16422
-13663
-6301
3185
11598
16103
15181
9145
27
-9100
-15161
-16113
-11636
-3238
6251
13634
16422
13677
6324
-3161
-11580
-16098
-15191
-9166
-52
9079
15151
16118
11654
3263
-6228
-13620
-16422
-13691
-6347
3136
11562
16093
15200
9187
77
-9058
-15141
-16123
-11671
-3287
6204
13606
16422
13705
6370
-3111
-11544
-16088
-15210
-9207
-102
9037
15132
16127
11689
3312
-6181
-13591
-16422
-13719
-6394
3086
11526
16082
15219
9228
128
-9016
-15122
-16132
-11707
-3337
6158
13577
16422
13733
6417
-3062
-11508
-16077
-15229
-9249
-172
8919
14943
15844
11280
2744
-6939
-14563
-17617
-15129
-7995
1330
9659
14148
13258
7270
-1822
-10974
-17102
-18141
-13742
-5386
4111
11549
14421
11761
4463
-5012
-13472
-18067
-17248
-11291
-2203
6953
13092
14146
9760
1411
-8088
-15535
-18421
-15774
-8486
987
9454
14062
13257
7311
-1752
-10856
-16914
-17858
-13333
-4818
4869
12520
15616
13171
6065
-3255
-11605
-16133
-15286
-9332
-253
8911
15072
16155
11795
3460
-6041
-13506
-16420
-13802
-6532
2938
11418
16051
15276
9353
279
-8889
-15062
-16160
-11812
-3484
6017
13492
16420
13815
6556
-2913
-11400
-16046
-15285
-9374
-304
8868
15052
16164
11830
3509
-5994
-13477
-16419
-13829
-6579
2888
11382
16040
15294
9394
329
-8847
-15042
-16169
-11847
-3534
5971
13463
16419
13842
6602
-2863
-11364
-16035
-15303
-9415
-354
8826
15032
16173
11865
3558
-5947
-13448
-16418
-13856
-6625
2839
11346
16030
15312
9436
379
-8805
-15022
-16177
-11882
-3583
5924
13434
16418
13869
6648
-2814
-11327
-16024
-15321
-9456
-405
8783
15012
16182
11899
3607
-5900
-13419
-16417
-13883
-6671
2789
11309
16019
15330
9477
430
-8762
-15001
-16186
-11917
-3632
5877
13405
16416
13896
6694
-2764
-11291
-16013
-15339
-9497
-455
8741
14991
16190
11934
3657
-5853
-13390
-16416
-13910
-6717
2739
11272
16007
15348
9518
480
-8719
-14981
-16194
-11951
-3681
5829
13376
16415
13923
6740
-2714
-11254
-16002
-15357
-9538
-505
8698
14970
16199
11969
3706
-5806
-13361
-16414
-13937
-6763
2690
11236
15996
15366
9559
531
-8677
-14960
-16203
-11986
-3730
5782
13346
16413
13950
6786
-2665
-11217
-15990
-15375
-9579
-536
8731
15118
16500
12447
4372
-4954
-12332
-15217
-12580
-5253
4347
13030
17908
17365
11600
2581
-6634
-12939
-14211
-10020
-1779
7735
15317
18412
15976
8832
-615
-9181
-13979
-13393
-7620
1394
10612
16929
18215
14037
5804
-3712
-11302
-14411
-11990
-4855
4590
13162
17973
17402
11641
2612
-6667
-13087
-14512
-10499
-2446
6883
14287
17215
14620
7322
-2272
-10975
-15891
-15391
-9661
-656
8569
14908
16223
12072
3853
-5664
-13273
-16409
-14016
-6900
2540
11125
15961
15419
9681
682
-8548
-14897
-16227
-12089
-3877
5641
13258
16408
14029
6923
-2516
-11107
-15955
-15428
-9702
-707
8526
14886
16231
12106
3902
-5617
-13243
-16407
-14042
-6946
2491
11088
15949
15436
9722
732
-8505
-14876
-16234
-12123
-3926
5593
13228
16406
14055
6969
-2466
-11069
-15943
-15445
-9742
-757
8483
14865
16238
12140
3951
-5570
-13213
-16404
-14068
-6992
2441
11051
15937
15453
9763
782
-8462
-14854
-16242
-12157
-3975
5546
13198
16403
14081
7014
-2416
-11032
-15931
-15462
-9783
-807
8440
14844
16246
12173
3999
-5522
-13183
-16402
-14094
-7037
2391
11013
15925
15470
9803
833
-8418
-14833
-16249
-12190
-4024
5498
13168
16401
14107
7060
-2366
-10995
-15919
-15479
-9823
-858
8397
14822
16253
12207
4048
-5475
-13153
-16399
-14120
-7083
2341
10976
15912
15487
9843
883
-8375
-14811
-16256
-12224
-4073
5451
13138
16398
14133
7105
-2316
-10957
-15906
-15496
-9864
-908
8354
14800
16260
12241
4097
-5427
-13123
-16397
-14146
-7128
2291
10938
15900
15504
9884
933
-8332
-14789
-16264
-12258
-4122
5403
13108
16395
14158
7151
-2266
-10920
-15894
-15512
-9904
-978
8234
14610
15974
11830
3529
-6184
-14092
-17589
-15554
-8729
534
9069
13963
13540
7924
-1017
-10288
-16767
-18270
-14291
-6170
3356
11077
14392
12184
5196
-4216
-12882
-17881
-17529
-11944
-3009
6267
12756
14274
10308
2195
-7332
-15062
-18391
-16196
-9219
191
8863
13874
13537
7964
-947
-10169
-16577
-17984
-13880
-5602
4113
12047
15584
13592
6797
-2459
-11013
-15944
-15564
-9984
-1059
8223
14734
16281
12341
4243
-5284
-13031
-16387
-14222
-7264
2141
10825
15861
15553
10004
1084
-8201
-14723
-16284
-12358
-4268
5260
13016
16386
14234
7286
-2116
-10806
-15855
-15561
-10024
-1109
8179
14712
16287
12374
4292
-5237
-13001
-16384
-14247
-7309
2092
10787
15848
15569
10044
1134
-8158
-14701
-16290
-12391
-4316
5213
12985
16382
14259
7332
-2067
-10768
-15842
-15577
-10064
-1159
8136
14689
16293
12407
4341
-5189
-12970
-16381
-14272
-7354
2042
10749
15835
15585
10084
1185
-8114
-14678
-16297
-12424
-4365
5165
12954
16379
14284
7377
-2017
-10730
-15828
-15593
-10104
-1210
8092
14667
16300
12440
4389
-5141
-12939
-16377
-14297
-7399
1992
10711
15822
15601
10123
1235
-8070
-14655
-16303
-12457
-4413
5117
12923
16375
14309
7422
-1967
-10692
-15815
-15609
-10143
-1260
8048
14644
16306
12473
4438
-5093
-12908
-16373
-14321
-7444
1942
10673
15808
15617
10163
1285
-8026
-14633
-16309
-12490
-4462
5069
12892
16371
14334
7467
-1916
-10654
-15801
-15624
-10183
-1310
8004
14621
16312
12506
4486
-5045
-12876
-16369
-14346
-7489
1891
10635
15794
15632
10203
1335
-7982
-14610
-16315
-12522
-4510
5021
12861
16367
14358
7511
-1866
-10615
-15787
-15640
-10222
-1341
8036
14767
16610
12983
5152
-4192
-11845
-15170
-12988
-5978
3549
12428
17704
17628
12242
3385
-5938
-12587
-14320
-10555
-2559
6973
14829
18363
16383
9556
184
-8577
-13773
-13655
-8262
589
9916
16575
18323
14571
6583
-2949
-10814
-14361
-12395
-5579
3791
12558
17766
17663
12281
3416
-5970
-12732
-14619
-11032
-3225
6120
13798
17163
15024
8045
-1473
-10370
-15683
-15651
-10301
-1461
7872
14552
16328
12603
4631
-4901
-12782
-16356
-14419
-7623
1741
10519
15752
15678
10321
1486
-7850
-14540
-16331
-12619
-4656
4877
12766
16354
14431
7645
-1716
-10500
-15745
-15685
-10340
-1511
7827
14528
16334
12636
4680
-4853
-12750
-16352
-14443
-7668
1691
10480
15738
15693
10360
1536
-7805
-14517
-16336
-12652
-4704
4829
12735
16349
14455
7690
-1666
-10461
-15731
-15700
-10379
-1561
7783
14505
16339
12668
4728
-4805
-12719
-16347
-14467
-7712
1641
10441
15723
15707
10399
1586
-7761
-14493
-16341
-12684
-4752
4781
12703
16344
14479
7735
-1616
-10422
-15716
-15715
-10418
-1611
7739
14481
16344
12700
4776
-4757
-12687
-16342
-14491
-7757
1591
10402
15709
15722
10438
1636
-7716
-14469
-16346
-12716
-4800
4733
12671
16339
14503
7779
-1566
-10383
-15701
-15729
-10457
-1661
7694
14457
16349
12732
4824
-4708
-12655
-16337
-14514
-7801
1541
10363
15694
15737
10477
1686
-7672
-14445
-16351
-12747
-4848
4684
12639
16334
14526
7823
-1516
-10344
-15687
-15744
-10496
-1711
7650
14433
16353
12763
4873
-4660
-12622
-16332
-14538
-7845
1491
10324
15679
15751
10515
1737
-7627
-14421
-16356
-12779
-4897
4636
12606
16329
14550
7868
-1465
-10305
-15672
-15758
-10535
-1742
7681
14578
16651
13239
5538
-3807
-11590
-15131
-13179
-6334
3147
12117
17588
17746
12554
3787
-5583
-12397
-14360
-10811
-2945
6588
14574
18324
16573
9912
585
-8265
-13657
-13772
-8573
188
9560
16385
18362
14826
6969
-2563
-10558
-14321
-12584
-5934
3390
12246
17649
17779
12593
3817
-5614
-12541
-14657
-11287
-3610
5734
13542
17123
15213
8400
-1072
-10057
-15565
-15767
-10612
-1862
7516
14361
16367
12858
5017
-4515
-12525
-16315
-14608
-7978
1340
10206
15634
15793
10631
1887
-7493
-14348
-16369
-12874
-5041
4491
12509
16312
14619
8000
-1315
-10187
-15626
-15800
-10650
-1912
7471
14336
16371
12889
5065
-4466
-12493
-16309
-14630
-8022
1290
10167
15618
15807
10669
1937
-7448
-14324
-16373
-12905
-5089
4442
12476
16306
14642
8044
-1265
-10147
-15610
-15814
-10688
-1962
7426
14311
16375
12920
5113
-4418
-12460
-16303
-14653
-8066
1240
10127
15602
15820
10708
1987
-7403
-14299
-16377
-12936
-5136
4394
12443
16300
14665
8088
-1214
-10107
-15595
-15827
-10727
-2012
7381
14287
16378
12951
5160
-4369
-12427
-16297
-14676
-8110
1189
10087
15587
15834
10746
2037
-7358
-14274
-16380
-12967
-5184
4345
12410
16294
14687
8132
-1164
-10068
-15579
-15840
-10765
-2062
7336
14262
16382
12982
5208
-4321
-12394
-16291
-14699
-8153
1139
10048
15571
15847
10784
2087
-7313
-14249
-16384
-12998
-5232
4297
12377
16288
14710
8175
-1114
-10028
-15563
-15854
-10803
-2112
7291
14237
16385
13013
5256
-4272
-12361
-16284
-14721
-8197
1089
10008
15555
15860
10822
2137
-7268
-14224
-16387
-13028
-5280
4248
12344
16281
14732
8219
-1064
-9988
-15546
-15867
-10841
-2143
7322
14380
16682
13488
5921
-3419
-11328
-15083
-13360
-6685
2746
11799
17462
17854
12860
4187
-5223
-12199
-14390
-11059
-3327
6199
14311
18274
16754
10263
987
-7948
-13530
-13880
-8878
-212
9200
16186
18392
15074
7351
-2175
-10294
-14271
-12765
-6284
2988
11928
17522
17886
12897
4217
-5254
-12342
-14686
-11534
-3992
5346
13278
17073
15394
8750
-670
-9739
-15438
-15873
-10916
-2262
7155
14161
16395
13105
5399
-4126
-12261
-16264
-14787
-8328
938
9887
15505
15899
10935
2287
-7132
-14148
-16396
-13120
-5423
4102
12244
16261
14798
8349
-913
-9867
-15497
-15905
-10954
-2312
7110
14135
16398
13135
5446
-4077
-12227
-16257
-14809
-8371
888
9847
15489
15911
10972
2336
-7087
-14122
-16399
-13150
-5470
4053
12210
16254
14820
8393
-862
-9827
-15480
-15918
-10991
-2361
7064
14109
16400
13165
5494
-4028
-12194
-16250
-14831
-8414
837
9807
15472
15924
11010
2386
-7041
-14096
-16402
-13180
-5518
4004
12177
16246
14842
8436
-812
-9787
-15463
-15930
-11029
-2411
7019
14084
16403
13195
5541
-3980
-12160
-16243
-14852
-8458
787
9766
15455
15936
11047
2436
-6996
-14071
-16404
-13210
-5565
3955
12143
16239
14863
8479
-762
-9746
-15446
-15942
-11066
-2461
6973
14058
16405
13225
5589
-3931
-12126
-16235
-14874
-8501
737
9726
15438
15948
11084
2486
-6950
-14045
-16406
-13240
-5613
3906
12109
16231
14884
8522
-711
-9706
-15429
-15954
-11103
-2511
6927
14031
16408
13255
5636
-3882
-12092
-16227
-14895
-8544
686
9685
15421
15960
11122
2536
-6905
-14018
-16409
-13270
-5660
3857
12075
16224
14906
8565
-661
-9665
-15412
-15966
-11140
-2580
6806
13837
16117
12840
5066
-4638
-13058
-17415
-16299
-10142
-1071
7813
13479
13991
9159
586
-8859
-15992
-18411
-15300
-7707
1808
10041
14216
12927
6608
-2611
-11624
-17394
-17978
-13177
-4610
4836
11979
14412
11314
3731
-5784
-14023
-18212
-16937
-10630
-1414
7604
13386
13983
9196
654
-8737
-15797
-18120
-14885
-7137
2564
11006
15403
14330
8207
-853
-9752
-15453
-16008
-11214
-2660
6790
13952
16413
13344
5778
-3735
-11989
-16203
-14958
-8673
535
9563
15368
15995
11232
2685
-6767
-13939
-16414
-13358
-5801
3710
11972
16199
14969
8694
-510
-9542
-15359
-16001
-11251
-2710
6744
13926
16415
13373
5825
-3686
-11955
-16195
-14979
-8715
485
9522
15350
16006
11269
2735
-6721
-13912
-16416
-13388
-5849
3661
11937
16191
14989
8737
-460
-9501
-15341
-16012
-11287
-2760
6698
13899
16416
13402
5872
-3637
-11920
-16187
-14999
-8758
435
9481
15332
16017
11306
2784
-6675
-13885
-16417
-13417
-5896
3612
11903
16183
15010
8779
-409
-9460
-15323
-16023
-11324
-2809
6652
13872
16418
13431
5919
-3587
-11885
-16178
-15020
-8801
384
9439
15314
16029
11342
2834
-6629
-13858
-16418
-13446
-5943
3563
11868
16174
15030
8822
-359
-9419
-15305
-16034
-11360
-2859
6606
13845
16419
13460
5966
-3538
-11850
-16169
-15040
-8843
334
9398
15296
16039
11379
2884
-6583
-13831
-16419
-13475
-5990
3514
11833
16165
15050
8864
-309
-9377
-15287
-16045
-11397
-2908
6560
13818
16420
13489
6013
-3489
-11815
-16161
-15060
-8885
283
9357
15277
16050
11415
2933
-6537
-13804
-16420
-13503
-6036
3464
11798
16156
15070
8907
-258
-9336
-15268
-16055
-11433
-2977
6438
13622
16128
13073
5443
-4245
-12780
-17347
-16463
-10483
-1474
7484
13335
14080
9451
983
-8491
-15777
-18421
-15532
-8083
1415
9763
14147
13090
6949
-2208
-11295
-17249
-18066
-13469
-5008
4467
11763
14421
11546
4107
-5390
-13745
-18142
-17100
-10970
-1817
7274
13240
14071
9487
1051
-8368
-15581
-18129
-15116
-7513
2171
10728
15333
14493
8547
-450
-9422
-15307
-16096
-11505
-3057
6421
13736
16422
13575
6153
-3341
-11710
-16133
-15120
-9012
132
9232
15221
16081
11523
3082
-6398
-13722
-16422
-13589
-6177
3317
11692
16128
15130
9033
-107
-9211
-15212
-16087
-11541
-3107
6375
13708
16422
13603
6200
-3292
-11675
-16124
-15140
-9054
82
9190
15202
16092
11559
3131
-6351
-13694
-16422
-13617
-6223
3267
11657
16119
15149
9075
-57
-9170
-15193
-16097
-11577
-3156
6328
13680
16422
13631
6247
-3242
-11639
-16114
-15159
-9096
31
9149
15183
16102
11595
3181
-6305
-13666
-16422
-13645
-6270
3218
11621
16109
15169
9117
-6
-9128
-15174
-16107
-11612
-3205
6282
13652
16422
13659
6293
-3193
-11603
-16104
-15178
-9138
-19
9107
15164
16111
11630
3230
-6258
-13638
-16422
-13673
-6317
3168
11586
16099
15188
9159
44
-9086
-15154
-16116
-11648
-3255
6235
13624
16422
13687
6340
-3144
-11568
-16094
-15198
-9180
-69
9065
15144
16121
11666
3279
-6212
-13610
-16422
-13701
-6363
3119
11550
16089
15207
9201
94
-9044
-15135
-16126
-11683
-3304
6188
13596
16422
13715
6386
-3094
-11532
-16084
-15217
-9222
-120
9023
15125
16131
11701
3329
-6165
-13582
-16422
-13729
-6409
3069
11514
16079
15226
9243
145
-9002
-15115
-16135
-11719
-3373
6066
13399
16129
13298
5815
-3850
-12496
-17269
-16618
-10819
-1877
7149
13181
14159
9736
1378
-8118
-15553
-18421
-15756
-8456
1020
9478
14069
13245
7284
-1805
-10960
-17095
-18145
-13754
-5403
4095
11539
14421
11770
4479
-4995
-13460
-18063
-17254
-11305
-2220
6938
13085
14149
9772
1447
-7995
-15356
-18128
-15339
-7885
1775
10442
15253
14646
8881
-47
-9086
-15152
-16173
-11789
-3452
6048
13510
16420
13797
6525
-2946
-11424
-16053
-15273
-9346
-271
8896
15065
16158
11807
3477
-6025
-13496
-16420
-13811
-6548
2921
11406
16047
15282
9367
296
-8875
-15055
-16163
-11824
-3501
6001
13482
16420
13825
6571
-2896
-11388
-16042
-15291
-9388
-321
8854
15045
16167
11842
3526
-5978
-13467
-16419
-13838
-6595
2871
11369
16037
15300
9408
346
-8832
-15035
-16172
-11859
-3551
5954
13453
16418
13852
6618
-2846
-11351
-16031
-15309
-9429
-372
8811
15025
16176
11876
3575
-5931
-13438
-16418
-13865
-6641
2822
11333
16026
15319
9450
397
-8790
-15015
-16180
-11894
-3600
5907
13424
16417
13879
6664
-2797
-11315
-16020
-15328
-9470
-422
8769
15005
16185
11911
3624
-5884
-13409
-16417
-13892
-6687
2772
11297
16015
15337
9491
447
-8747
-14994
-16189
-11929
-3649
5860
13395
16416
13906
6710
-2747
-11278
-16009
-15346
-9511
-472
8726
14984
16193
11946
3673
-5837
-13380
-16415
-13919
-6733
2722
11260
16003
15355
9532
497
-8705
-14974
-16197
-11963
-3698
5813
13366
16414
13932
6756
-2697
-11242
-15998
-15364
-9552
-523
8683
14963
16201
11980
3722
-5790
-13351
-16414
-13946
-6779
2673
11223
15992
15372
9573
548
-8662
-14953
-16206
-11998
-3766
5690
13168
16120
13515
6184
-3453
-12205
-17181
-16764
-11149
-2280
6809
13019
14229
10015
1772
-7743
-15322
-18412
-15972
-8824
623
9186
13981
13390
7614
-1402
-10619
-16932
-18214
-14032
-5796
3719
11307
14411
11985
4847
-4598
-13168
-17975
-17399
-11634
-2623
6598
12922
14218
10049
1840
-7619
-15124
-18117
-15554
-8253
1378
10149
15164
14790
9210
356
-8745
-14987
-16241
-12066
-3845
5672
13277
16409
14012
6893
-2548
-11131
-15963
-15416
-9675
-674
8555
14900
16225
12083
3870
-5648
-13262
-16408
-14025
-6916
2523
11112
15957
15425
9695
699
-8533
-14890
-16229
-12100
-3894
5624
13248
16407
14038
6939
-2498
-11094
-15951
-15434
-9716
-724
8512
14879
16233
12117
3918
-5601
-13233
-16406
-14051
-6962
2474
11075
15945
15442
9736
749
-8490
-14868
-16237
-12134
-3943
5577
13218
16405
14064
6984
-2449
-11057
-15939
-15451
-9756
-774
8468
14858
16241
12151
3967
-5553
-13203
-16404
-14077
-7007
2424
11038
15933
15459
9776
800
-8447
-14847
-16244
-12168
-3992
5530
13188
16402
14090
7030
-2399
-11019
-15927
-15468
-9797
-825
8425
14836
16248
12185
4016
-5506
-13173
-16401
-14103
-7053
2374
11001
15921
15476
9817
850
-8404
-14825
-16252
-12202
-4041
5482
13158
16400
14116
7076
-2349
-10982
-15914
-15485
-9837
-875
8382
14815
16255
12219
4065
-5458
-13143
-16398
-14129
-7098
2324
10963
15908
15493
9857
900
-8360
-14804
-16259
-12236
-4090
5435
13127
16397
14142
7121
-2299
-10944
-15902
-15501
-9877
-925
8339
14793
16262
12252
4114
-5411
-13112
-16396
-14154
-7144
2274
10926
15896
15510
9898
950
-8317
-14782
-16266
-12269
-4119
5463
13266
16687
14611
7784
-1444
-9907
-14694
-14135
-8362
732
10127
16695
18250
14286
6163
-3363
-11082
-14393
-12180
-5189
4224
12888
17883
17526
11938
3001
-6273
-12760
-14273
-10303
-2187
7339
15067
18391
16192
9212
-199
-8869
-13876
-13534
-7958
974
10252
16749
18276
14319
6192
-3392
-11220
-14682
-12650
-5852
3369
11850
16675
16160
10422
1344
-8061
-14661
-16260
-12336
-4236
5292
13036
16388
14218
7257
-2149
-10831
-15864
-15551
-9998
-1076
8208
14726
16283
12353
4260
-5268
-13021
-16386
-14230
-7279
2124
10812
15857
15559
10018
1101
-8186
-14715
-16286
-12369
-4284
5244
13005
16385
14243
7302
-2099
-10793
-15850
-15567
-10038
-1126
8164
14704
16289
12386
4309
-5220
-12990
-16383
-14255
-7325
2074
10774
15844
15575
10058
1152
-8142
-14693
-16292
-12402
-4333
5196
12975
16381
14268
7347
-2049
-10755
-15837
-15583
-10077
-1177
8121
14682
16296
12419
4357
-5172
-12959
-16379
-14280
-7370
2024
10736
15830
15591
10097
1202
-8099
-14670
-16299
-12435
-4382
5148
12944
16377
14293
7392
-1999
-10717
-15824
-15598
-10117
-1227
8077
14659
16302
12452
4406
-5124
-12928
-16376
-14305
-7415
1974
10698
15817
15606
10137
1252
-8055
-14648
-16305
-12468
-4430
5101
12913
16374
14318
7437
-1949
-10679
-15810
-15614
-10157
-1277
8033
14636
16308
12484
4454
-5077
-12897
-16372
-14330
-7460
1924
10660
15803
15622
10177
1302
-8011
-14625
-16311
-12501
-4479
5053
12881
16370
14342
7482
-1899
-10641
-15796
-15630
-10196
-1327
7989
14613
16314
12517
4503
-5029
-12866
-16368
-14354
-7504
1874
10621
15790
15637
10216
1353
-7967
-14602
-16317
-12533
-4546
4929
12682
16073
13922
6909
-2654
-11602
-16978
-17028
-11791
-3085
6113
12666
14339
10550
2551
-6981
-14834
-18363
-16379
-9549
-176
8583
13776
13653
8256
-597
-9923
-16579
-18322
-14566
-6575
2957
10819
14361
12391
5572
-3799
-12564
-17769
-17660
-12275
-3428
5901
12567
14325
10582
2619
-6857
-14634
-18066
-15959
-8977
579
9544
14957
15051
9850
1160
-8047
-14631
-16347
-12598
-4624
4909
12787
16357
14415
7616
-1749
-10525
-15754
-15675
-10314
-1478
7856
14544
16330
12614
4648
-4885
-12771
-16355
-14427
-7639
1724
10506
15747
15683
10334
1503
-7834
-14532
-16333
-12631
-4672
4861
12755
16352
14439
7661
-1699
-10486
-15740
-15690
-10354
-1528
7812
14520
16336
12647
4696
-4836
-12740
-16350
-14451
-7683
1674
10467
15733
15698
10373
1553
-7790
-14508
-16338
-12663
-4720
4812
12724
16348
14463
7705
-1649
-10447
-15726
-15705
-10393
-1578
7768
14497
16341
12679
4745
-4788
-12708
-16345
-14475
-7728
1624
10428
15718
15713
10412
1603
-7746
-14485
-16343
-12695
-4769
4764
12692
16343
14487
7750
-1599
-10409
-15711
-15720
-10432
-1628
7723
14473
16346
12711
4793
-4740
-12676
-16340
-14499
-7772
1574
10389
15704
15727
10451
1654
-7701
-14461
-16348
-12727
-4817
4716
12660
16338
14511
7794
-1549
-10370
-15696
-15734
-10471
-1679
7679
14449
16350
12742
4841
-4692
-12644
-16335
-14522
-7816
1523
10350
15689
15742
10490
1704
-7657
-14437
-16353
-12758
-4865
4668
12628
16332
14534
7838
-1498
-10330
-15682
-15749
-10509
-1729
7634
14425
16355
12774
4889
-4643
-12611
-16330
-14546
-7861
1473
10311
15674
15756
10529
1754
-7612
-14413
-16357
-12790
-4894
4695
12764
16620
15002
8500
-643
-9291
-14471
-14380
-8992
-72
9421
16325
18340
14806
6937
-2595
-10579
-14324
-12569
-5905
3423
12272
17659
17770
12567
3804
-5567
-12389
-14362
-10822
-2961
6571
14563
18322
16581
9927
602
-8252
-13651
-13777
-8587
171
9545
16377
18364
14837
6966
-2623
-10715
-14612
-13037
-6566
2568
11232
16449
16401
11050
2147
-7354
-14288
-16347
-12853
-5009
4523
12530
16316
14604
7971
-1348
-10212
-15636
-15791
-10625
-1879
7500
14352
16368
12869
5033
-4498
-12514
-16313
-14615
-7993
1323
10193
15628
15798
10644
1904
-7478
-14340
-16370
-12884
-5057
4474
12498
16310
14627
8015
-1298
-10173
-15620
-15805
-10663
-1929
7455
14328
16372
12900
5081
-4450
-12481
-16307
-14638
-8037
1272
10153
15613
15811
10682
1954
-7433
-14315
-16374
-12915
-5105
4426
12465
16304
14650
8059
-1247
-10133
-15605
-15818
-10702
-1979
7410
14303
16376
12931
5129
-4401
-12449
-16301
-14661
-8081
1222
10114
15597
15825
10721
2004
-7388
-14290
-16378
-12947
-5153
4377
12432
16298
14672
8103
-1197
-10094
-15589
-15832
-10740
-2029
7365
14278
16380
12962
5177
-4353
-12416
-16295
-14684
-8125
1172
10074
15581
15838
10759
2054
-7343
-14266
-16381
-12977
-5201
4328
12399
16292
14695
8147
-1147
-10054
-15573
-15845
-10778
-2079
7320
14253
16383
12993
5225
-4304
-12383
-16289
-14706
-8168
1122
10034
15565
15852
10797
2104
-7298
-14241
-16385
-13008
-5248
4280
12366
16285
14717
8190
-1097
-10014
-15557
-15858
-10816
-2129
7275
14228
16387
13024
5272
-4255
-12349
-16282
-14729
-8212
1071
9994
15549
15865
10835
2154
-7253
-14215
-16388
-13039
-5315
4155
12164
15986
14295
7617
-1851
-10974
-16736
-17254
-12409
-3886
5399
12279
14409
11054
3320
-6207
-14316
-18276
-16751
-10256
-979
7954
13533
13878
8873
204
-9207
-16190
-18391
-15070
-7344
2182
10299
14272
12762
6277
-2996
-11934
-17525
-17884
-12891
-4229
5185
12177
14393
11085
3387
-6082
-14114
-17976
-16328
-9682
-224
8914
14711
15273
10466
1961
-7331
-14241
-16414
-13100
-5391
4134
12266
16265
14784
8321
-946
-9894
-15508
-15897
-10929
-2279
7139
14152
16396
13115
5415
-4109
-12249
-16262
-14795
-8343
921
9874
15500
15903
10948
2304
-7117
-14139
-16397
-13130
-5439
4085
12232
16258
14806
8364
-895
-9853
-15491
-15909
-10967
-2329
7094
14126
16399
13145
5463
-4061
-12216
-16255
-14817
-8386
870
9833
15483
15916
10985
2354
-7071
-14113
-16400
-13161
-5487
4036
12199
16251
14827
8408
-845
-9813
-15475
-15922
-11004
-2379
7049
14101
16401
13176
5510
-4012
-12182
-16247
-14838
-8429
820
9793
15466
15928
11023
2403
-7026
-14088
-16403
-13191
-5534
3987
12165
16244
14849
8451
-795
-9773
-15458
-15934
-11041
-2428
7003
14075
16404
13206
5558
-3963
-12148
-16240
-14860
-8472
770
9752
15449
15940
11060
2453
-6980
-14062
-16405
-13221
-5581
3938
12131
16236
14870
8494
-744
-9732
-15441
-15946
-11079
-2478
6957
14049
16406
13235
5605
-3914
-12114
-16232
-14881
-8516
719
9712
15432
15952
11097
2503
-6935
-14036
-16407
-13250
-5629
3889
12097
16229
14892
8537
-694
-9692
-15423
-15958
-11116
-2528
6912
14022
16408
13265
5652
-3865
-12080
-16225
-14902
-8559
669
9671
15415
15964
11134
2553
-6889
-14009
-16409
-13280
-5695
3764
11894
15928
14469
7963
-1449
-10651
-16601
-17353
-12708
-4285
5034
12072
14429
11295
3700
-5816
-14046
-18217
-16924
-10602
-1381
7630
13397
13976
9171
603
-8843
-15983
-18411
-15310
-7723
1791
10029
14213
12934
6623
-2593
-11610
-17388
-17982
-13190
-4627
4820
11970
14412
11324
3766
-5691
-13843
-17916
-16500
-10027
-627
8590
14575
15370
10764
2359
-6966
-14033
-16432
-13339
-5771
3742
11994
16205
14955
8666
-543
-9569
-15371
-15993
-11227
-2677
6774
13943
16414
13354
5794
-3718
-11977
-16201
-14965
-8687
518
9549
15362
15999
11245
2702
-6751
-13930
-16415
-13368
-5818
3693
11960
16197
14976
8709
-493
-9528
-15353
-16005
-11263
-2727
6728
13916
16415
13383
5841
-3669
-11943
-16192
-14986
-8730
468
9508
15344
16010
11282
2752
-6705
-13903
-16416
-13398
-5865
3644
11925
16188
14996
8751
-442
-9487
-15335
-16016
-11300
-2777
6682
13890
16417
13412
5888
-3620
-11908
-16184
-15006
-8773
417
9466
15326
16021
11318
2801
-6659
-13876
-16417
-13427
-5912
3595
11891
16180
15017
8794
-392
-9446
-15317
-16027
-11336
-2826
6636
13863
16418
13441
5935
-3571
-11873
-16175
-15027
-8815
367
9425
15308
16032
11355
2851
-6613
-13849
-16419
-13456
-5959
3546
11856
16171
15037
8836
-342
-9405
-15299
-16038
-11373
-2876
6590
13836
16419
13470
5982
-3521
-11838
-16166
-15047
-8858
316
9384
15289
16043
11391
2901
-6567
-13822
-16420
-13484
-6006
3497
11821
16162
15057
8879
-291
-9363
-15280
-16048
-11409
-2925
6544
13808
16420
13499
6029
-3472
-11803
-16157
-15067
-8900
266
9343
15271
16054
11427
2950
-6521
-13795
-16420
-13513
-6072
3371
11617
15860
14633
8304
-1046
-10322
-16457
-17442
-13001
-4682
4666
11857
14440
11527
4076
-5423
-13768
-18148
-17087
-10942
-1784
7301
13252
14064
9463
1000
-8475
-15767
-18421
-15542
-8099
1398
9751
14144
13097
6963
-2191
-11280
-17243
-18070
-13481
-5025
4451
11754
14421
11556
4142
-5297
-13565
-17846
-16663
-10367
-1030
8259
14429
15457
11055
2756
-6597
-13816
-16441
-13570
-6146
3349
11715
16134
15117
9006
-140
-9239
-15224
-16080
-11517
-3074
6405
13726
16422
13584
6169
-3324
-11698
-16130
-15127
-9027
115
9218
15215
16085
11535
3099
-6382
-13712
-16422
-13598
-6193
3300
11680
16125
15137
9048
-90
-9197
-15205
-16090
-11553
-3124
6359
13698
16422
13613
6216
-3275
-11662
-16120
-15146
-9069
65
9176
15196
16095
11571
3148
-6335
-13684
-16422
-13627
-6239
3250
11645
16115
15156
9090
-39
-9155
-15186
-16100
-11589
-3173
6312
13670
16422
13641
6263
-3225
-11627
-16111
-15166
-9111
14
9134
15177
16105
11607
3198
-6289
-13656
-16422
-13655
-6286
3201
11609
16106
15175
9132
11
-9113
-15167
-16110
-11625
-3222
6266
13642
16422
13669
6309
-3176
-11591
-16101
-15185
-9153
-36
9092
15157
16115
11642
3247
-6242
-13628
-16422
-13683
-6333
3151
11573
16096
15195
9173
61
-9071
-15148
-16120
-11660
-3272
6219
13614
16422
13697
6356
-3127
-11555
-16091
-15204
-9194
-87
9050
15138
16124
11678
3296
-6196
-13600
-16422
-13710
-6379
3102
11538
16086
15214
9215
112
-9029
-15128
-16129
-11696
-3321
6172
13586
16422
13724
6402
-3077
-11520
-16081
-15223
-9236
-137
9008
15118
16134
11713
3346
-6149
-13572
-16422
-13738
-6406
3128
11670
16368
15677
9874
967
-7987
-13913
-14756
-10175
-1663
7957
15482
18402
15752
8449
-1028
-9484
-14070
-13242
-7278
1813
10966
17098
18143
13749
5395
-4102
-11544
-14421
-11766
-4472
5003
13466
18065
17251
11298
2213
-6945
-13088
-14148
-9766
-1420
8079
15529
18421
15779
8476
-1054
-9616
-14353
-13705
-7937
957
9924
15883
16770
12228
3737
-5887
-13439
-16401
-13793
-6518
2953
11430
16054
15270
9340
263
-8903
-15069
-16157
-11801
-3469
6032
13501
16420
13807
6541
-2929
-11411
-16049
-15279
-9361
-288
8882
15058
16161
11819
3494
-6009
-13486
-16420
-13820
-6564
2904
11393
16044
15288
9381
313
-8860
-15048
-16166
-11836
-3518
5985
13472
16419
13834
6587
-2879
-11375
-16038
-15297
-9402
-338
8839
15038
16170
11854
3543
-5962
-13457
-16419
-13848
-6610
2854
11357
16033
15307
9423
364
-8818
-15028
-16175
-11871
-3567
5938
13443
16418
13861
6633
-2829
-11339
-16028
-15316
-9443
-389
8797
15018
16179
11888
3592
-5915
-13429
-16417
-13875
-6656
2805
11320
16022
15325
9464
414
-8775
-15008
-16183
-11906
-3617
5891
13414
16417
13888
6679
-2780
-11302
-16016
-15334
-9484
-439
8754
14998
16188
11923
3641
-5868
-13399
-16416
-13901
-6703
2755
11284
16011
15343
9505
464
-8733
-14987
-16192
-11940
-3666
5844
13385
16415
13915
6725
-2730
-11266
-16005
-15352
-9526
-490
8711
14977
16196
11958
3690
-5821
-13370
-16415
-13928
-6748
2705
11247
16000
15361
9546
515
-8690
-14967
-16200
-11975
-3715
5797
13356
16414
13942
6771
-2680
-11229
-15994
-15370
-9567
-540
8669
14956
16204
11992
3739
-5773
-13341
-16413
-13955
-6775
2732
11379
16281
15823
10204
1370
-7647
-13751
-14826
-10454
-2057
7581
15250
18393
15968
8817
-631
-9192
-13982
-13387
-7607
1410
10626
16935
18212
14027
5788
-3726
-11311
-14411
-11981
-4840
4606
13174
17977
17396
11628
2615
-6604
-12925
-14216
-10044
-1813
7703
15297
18410
15994
8844
-657
-9324
-14264
-13849
-8266
554
9583
15719
16838
12505
4130
-5511
-13206
-16390
-14008
-6886
2556
11137
15965
15414
9669
666
-8561
-14904
-16224
-12078
-3862
5655
13267
16408
14021
6909
-2531
-11118
-15959
-15422
-9689
-691
8540
14893
16228
12095
3886
-5632
-13252
-16407
-14034
-6932
2506
11100
15953
15431
9709
716
-8518
-14882
-16232
-12112
-3911
5608
13237
16406
14047
6955
-2481
-11081
-15947
-15439
-9730
-741
8497
14872
16236
12129
3935
-5584
-13222
-16405
-14060
-6977
2456
11062
15941
15448
9750
766
-8475
-14861
-16240
-12146
-3960
5561
13207
16404
14073
7000
-2431
-11044
-15935
-15457
-9770
-792
8454
14850
16243
12163
3984
-5537
-13192
-16403
-14086
-7023
2407
11025
15929
15465
9790
817
-8432
-14840
-16247
-12180
-4009
5513
13177
16401
14099
7046
-2382
-11006
-15923
-15474
-9811
-842
8410
14829
16251
12197
4033
-5490
-13162
-16400
-14112
-7068
2357
10988
15916
15482
9831
867
-8389
-14818
-16254
-12214
-4057
5466
13147
16399
14125
7091
-2332
-10969
-15910
-15490
-9851
-892
8367
14807
16258
12230
4082
-5442
-13132
-16397
-14138
-7114
2307
10950
15904
15499
9871
917
-8345
-14796
-16261
-12247
-4106
5418
13117
16396
14150
7137
-2282
-10931
-15898
-15507
-9891
-943
8324
14785
16265
12264
4131
-5394
-13102
-16395
-14163
-7178
2181
10744
15598
15071
9294
163
-9302
-15969
-17651
-13836
-5862
3539
11163
14412
12176
5182
-4232
-12894
-17885
-17524
-11931
-2993
6280
12763
14272
10297
2179
-7347
-15071
-18392
-16189
-9205
207
8875
13878
13532
7951
-982
-10258
-16752
-18275
-14314
-6204
3323
11056
14390
12201
5246
-4106
-12687
-17579
-17095
-11354
-2238
7237
13936
15661
11886
3935
-5468
-13117
-16408
-14214
-7250
2157
10837
15866
15548
9991
1068
-8215
-14730
-16282
-12347
-4252
5275
13026
16387
14226
7272
-2132
-10818
-15859
-15556
-10011
-1093
8193
14719
16285
12364
4277
-5251
-13010
-16385
-14239
-7295
2107
10799
15852
15564
10031
1119
-8171
-14708
-16288
-12381
-4301
5228
12995
16383
14252
7318
-2082
-10780
-15846
-15572
-10051
-1144
8149
14696
16291
12397
4325
-5204
-12979
-16382
-14264
-7340
2057
10761
15839
15580
10071
1169
-8127
-14685
-16295
-12414
-4350
5180
12964
16380
14276
7363
-2032
-10742
-15833
-15588
-10091
-1194
8106
14674
16298
12430
4374
-5156
-12948
-16378
-14289
-7385
2007
10723
15826
15596
10111
1219
-8084
-14663
-16301
-12446
-4398
5132
12933
16376
14301
7408
-1982
-10704
-15819
-15604
-10131
-1244
8062
14651
16304
12463
4423
-5108
-12917
-16374
-14314
-7430
1957
10685
15812
15612
10151
1269
-8040
-14640
-16307
-12479
-4447
5084
12902
16372
14326
7453
-1932
-10666
-15805
-15620
-10170
-1294
8018
14628
16310
12496
4471
-5060
-12886
-16370
-14338
-7475
1907
10647
15799
15627
10190
1320
-7996
-14617
-16313
-12512
-4495
5036
12871
16368
14351
7497
-1882
-10627
-15792
-15635
-10210
-1345
7974
14605
16316
12528
4519
-5012
-12855
-16366
-14363
-7501
1933
10777
16078
16087
10847
2175
-6952
-13399
-14936
-10989
-2837
6820
14763
18345
16375
9542
168
-8589
-13778
-13650
-8249
605
9930
16582
18321
14561
6568
-2964
-10824
-14362
-12387
-5565
3807
12570
17771
17658
12269
3420
-5908
-12571
-14324
-10577
-2592
6940
14808
18360
16399
9568
142
-8719
-14057
-14110
-8906
-250
8885
15364
16944
13038
4909
-4748
-12716
-16338
-14411
-7609
1757
10531
15757
15673
10308
1470
-7863
-14547
-16329
-12609
-4640
4892
12776
16355
14423
7632
-1732
-10512
-15750
-15681
-10328
-1495
7841
14536
16332
12625
4665
-4868
-12760
-16353
-14435
-7654
1707
10492
15742
15688
10348
1520
-7819
-14524
-16335
-12642
-4689
4844
12744
16351
14447
7676
-1682
-10473
-15735
-15695
-10367
-1545
7797
14512
16337
12658
4713
-4820
-12729
-16348
-14459
-7698
1657
10454
15728
15703
10387
1570
-7775
-14500
-16340
-12674
-4737
4796
12713
16346
14471
7721
-1632
-10434
-15721
-15710
-10406
-1596
7753
14488
16342
12690
4761
-4772
-12697
-16343
-14483
-7743
1607
10415
15713
15718
10426
1621
-7730
-14477
-16345
-12706
-4785
4748
12681
16341
14495
7765
-1581
-10395
-15706
-15725
-10445
-1646
7708
14465
16347
12722
4809
-4723
-12665
-16338
-14507
-7787
1556
10376
15699
15732
10464
1671
-7686
-14453
-16350
-12738
-4833
4699
12649
16336
14519
7809
-1531
-10356
-15691
-15739
-10484
-1696
7664
14441
16352
12753
4857
-4675
-12633
-16333
-14530
-7832
1506
10337
15684
15746
10503
1721
-7641
-14429
-16354
-12769
-4882
4651
12616
16331
14542
7854
-1481
-10317
-15676
-15754
-10523
-1746
7619
14417
16357
12785
4906
-4627
-12600
-16328
-14554
-7895
1380
10129
15376
15316
9925
966
-8597
-15600
-17742
-14356
-6637
2771
10660
14344
12566
5898
-3431
-12278
-17661
-17768
-12561
-3796
5574
12392
14361
10817
2954
-6578
-14568
-18323
-16577
-9920
-594
8258
13654
13775
8580
-179
-9552
-16380
-18363
-14832
-6978
2554
10552
14320
12589
5961
-3305
-12070
-17353
-17337
-11982
-3041
6530
13563
15748
12404
4709
-4699
-12612
-16336
-14600
-7964
1356
10219
15638
15789
10619
1871
-7507
-14356
-16367
-12864
-5026
4506
12519
16314
14612
7986
-1331
-10199
-15631
-15796
-10638
-1896
7485
14344
16369
12879
5050
-4482
-12503
-16311
-14623
-8008
1305
10179
15623
15802
10657
1921
-7462
-14331
-16371
-12895
-5074
4457
12486
16308
14635
8030
-1280
-10159
-15615
-15809
-10677
-1946
7440
14319
16373
12911
5098
-4433
-12470
-16305
-14646
-8052
1255
10140
15607
15816
10696
1971
-7417
-14307
-16375
-12926
-5121
4409
12454
16302
14658
8074
-1230
-10120
-15599
-15823
-10715
-1996
7395
14294
16377
12942
5145
-4385
-12437
-16299
-14669
-8096
1205
10100
15592
15830
10734
2021
-7372
-14282
-16379
-12957
-5169
4360
12421
16296
14680
8118
-1180
-10080
-15584
-15836
-10753
-2046
7350
14269
16381
12973
5193
-4336
-12404
-16293
-14691
-8140
1155
10060
15576
15843
10772
2071
-7327
-14257
-16383
-12988
-5217
4312
12388
16290
14703
8162
-1130
-10040
-15568
-15850
-10791
-2096
7305
14244
16384
13003
5241
-4287
-12371
-16286
-14714
-8183
1104
10020
15560
15856
10810
2121
-7282
-14232
-16386
-13019
-5265
4263
12355
16283
14725
8205
-1079
-10000
-15552
-15863
-10829
-2146
7260
14219
16388
13034
5289
-4239
-12338
-16280
-14736
-8208
1130
10149
15836
16314
11465
2976
-6237
-13012
-15007
-11494
-3605
6046
14245
18257
16747
10249
971
-7960
-13535
-13876
-8867
-196
9214
16194
18391
15065
7336
-2190
-10305
-14273
-12758
-6271
3004
11940
17527
17882
12886
4221
-5192
-12181
-14392
-11080
-3360
6166
14288
18270
16769
10273
945
-8089
-13812
-14333
-9522
-1051
8169
14974
17011
13540
5677
-3973
-12195
-16247
-14780
-8314
954
9900
15511
15895
10923
2271
-7146
-14156
-16395
-13110
-5408
4117
12255
16263
14791
8336
-928
-9880
-15502
-15901
-10942
-2296
7124
14143
16397
13126
5432
-4093
-12238
-16259
-14802
-8358
903
9860
15494
15907
10961
2321
-7101
-14130
-16398
-13141
-5455
4068
12221
16256
14813
8379
-878
-9840
-15486
-15914
-10980
-2346
7078
14117
16400
13156
5479
-4044
-12204
-16252
-14824
-8401
853
9819
15477
15920
10998
2371
-7056
-14105
-16401
-13171
-5503
4019
12187
16249
14835
8423
-828
-9799
-15469
-15926
-11017
-2396
7033
14092
16402
13186
5527
-3995
-12170
-16245
-14846
-8444
803
9779
15460
15932
11036
2421
-7010
-14079
-16403
-13201
-5550
3970
12153
16241
14856
8466
-778
-9759
-15452
-15938
-11054
-2445
6987
14066
16405
13216
5574
-3946
-12136
-16237
-14867
-8487
752
9738
15443
15944
11073
2470
-6964
-14053
-16406
-13231
-5598
3922
12119
16234
14878
8509
-727
-9718
-15435
-15950
-11091
-2495
6942
14040
16407
13246
5621
-3897
-12102
-16230
-14888
-8530
702
9698
15426
15956
11110
2520
-6919
-14027
-16408
-13261
-5645
3873
12085
16226
14899
8552
-677
-9678
-15417
-15962
-11129
-2545
6896
14013
16409
13275
5669
-3848
-12068
-16222
-14910
-8593
576
9489
15116
15524
10530
1765
-7873
-15195
-17793
-14846
-7399
1992
10127
14237
12920
6595
-2626
-11637
-17400
-17974
-13166
-4595
4850
11987
14411
11305
3716
-5799
-14034
-18214
-16931
-10616
-1399
7616
13391
13980
9184
620
-8827
-15974
-18412
-15320
-7740
1775
10017
14210
12941
6657
-2500
-11427
-17089
-17541
-12585
-3840
5804
13156
15795
12890
5470
-3919
-12076
-16225
-14952
-8659
551
9575
15374
15991
11221
2669
-6781
-13947
-16414
-13349
-5787
3726
11983
16202
14962
8681
-526
-9555
-15365
-15997
-11239
-2694
6759
13934
16414
13364
5810
-3701
-11965
-16198
-14972
-8702
501
9535
15356
16003
11258
2719
-6736
-13921
-16415
-13378
-5834
3676
11948
16194
14983
8723
-475
-9514
-15347
-16008
-11276
-2744
6713
13907
16416
13393
5857
-3652
-11931
-16189
-14993
-8745
450
9493
15338
16014
11294
2769
-6690
-13894
-16417
-13408
-5881
3627
11913
16185
15003
8766
-425
-9473
-15329
-16020
-11313
-2794
6667
13880
16417
13422
5904
-3603
-11896
-16181
-15014
-8787
400
9452
15320
16025
11331
2818
-6644
-13867
-16418
-13437
-5928
3578
11879
16177
15024
8809
-375
-9432
-15311
-16031
-11349
-2843
6620
13853
16418
13451
5951
-3554
-11861
-16172
-15034
-8830
350
9411
15301
16036
11367
2868
-6597
-13840
-16419
-13466
-5975
3529
11844
16168
15044
8851
-324
-9390
-15292
-16041
-11385
-2893
6574
13826
16419
13480
5998
-3504
-11826
-16163
-15054
-8872
299
9370
15283
16047
11403
2918
-6551
-13813
-16420
-13494
-6022
3480
11809
16159
15064
8893
-274
-9349
-15274
-16052
-11422
-2942
6528
13799
16420
13509
6045
-3455
-11791
-16154
-15074
-8895
325
9497
15558
16502
12057
3772
-5505
-12590
-15038
-11967
-4362
5262
13698
18131
17084
10936
1776
-7308
-13255
-14063
-9458
-992
8482
15772
18421
15537
8092
-1406
-9756
-14145
-13094
-6957
2198
11287
17246
18068
13476
5017
-4459
-11758
-14421
-11552
-4115
5381
13739
18141
17104
10959
1751
-7435
-13529
-14518
-10111
-1846
7436
14549
17039
14010
6432
-3188
-11645
-16117
-15114
-8999
148
9245
15227
16078
11512
3066
-6412
-13730
-16422
-13580
-6162
3332
11703
16131
15124
9020
-123
-9224
-15218
-16083
-11530
-3091
6389
13717
16422
13594
6186
-3307
-11686
-16127
-15133
-9041
98
9203
15208
16088
11548
3116
-6366
-13703
-16422
-13608
-6209
3283
11668
16122
15143
9062
-72
-9183
-15199
-16094
-11566
-3141
6343
13689
16422
13622
6232
-3258
-11650
-16117
-15153
-9083
47
9162
15189
16099
11583
3165
-6319
-13675
-16422
-13636
-6255
3233
11632
16112
15163
9104
-22
-9141
-15180
-16103
-11601
-3190
6296
13661
16422
13650
6279
-3208
-11615
-16107
-15172
-9125
-3
9120
15170
16108
11619
3215
-6273
-13647
-16422
-13664
-6302
3184
11597
16102
15182
9146
28
-9099
-15160
-16113
-11637
-3239
6250
13633
16422
13678
6325
-3159
-11579
-16097
-15192
-9167
-54
9078
15151
16118
11655
3264
-6226
-13619
-16422
-13692
-6349
3134
11561
16092
15201
9188
79
-9057
-15141
-16123
-11672
-3289
6203
13605
16422
13706
6372
-3110
-11543
-16087
-15211
-9209
-104
9036
15131
16128
11690
3313
-6180
-13591
-16422
-13720
-6395
3085
11525
16082
15220
9230
129
-9015
-15121
-16132
-11708
-3338
6156
13576
16422
13734
6418
-3060
-11507
-16077
-15230
-9270
-230
8825
14818
15693
11108
2558
-7133
-14757
-17804
-15303
-8148
1204
9565
14091
13239
7271
-1821
-10973
-17101
-18142
-13743
-5387
4110
11548
14421
11761
4465
-5011
-13471
-18067
-17248
-11292
-2205
6952
13092
14146
9761
1412
-8086
-15534
-18421
-15775
-8488
986
9453
14061
13258
7332
-1694
-10762
-16789
-17707
-13161
-4632
5063
12715
15803
13344
6218
-3130
-11511
-16075
-15267
-9333
-255
8909
15072
16156
11796
3461
-6039
-13505
-16420
-13802
-6534
2936
11417
16051
15276
9354
280
-8888
-15062
-16160
-11813
-3486
6016
13491
16420
13816
6557
-2911
-11399
-16045
-15285
-9375
-305
8867
15052
16164
11831
3511
-5993
-13476
-16419
-13830
-6580
2887
11381
16040
15295
9396
331
-8846
-15041
-16169
-11848
-3535
5969
13462
16419
13843
6603
-2862
-11363
-16035
-15304
-9416
-356
8824
15031
16173
11866
3560
-5946
-13448
-16418
-13857
-6626
2837
11344
16029
15313
9437
381
-8803
-15021
-16178
-11883
-3584
5922
13433
16418
13870
6649
-2812
-11326
-16024
-15322
-9457
-406
8782
15011
16182
11900
3609
-5899
-13419
-16417
-13884
-6672
2787
11308
16018
15331
9478
431
-8761
-15001
-16186
-11918
-3633
5875
13404
16416
13897
6695
-2763
-11290
-16013
-15340
-9499
-457
8739
14990
16190
11935
3658
-5852
-13389
-16416
-13911
-6718
2738
11271
16007
15349
9519
482
-8718
-14980
-16195
-11952
-3683
5828
13375
16415
13924
6741
-2713
-11253
-16001
-15358
-9540
-507
8697
14970
16199
11970
3707
-5804
-13360
-16414
-13937
-6764
2688
11235
15996
15367
9560
532
-8675
-14959
-16203
-11987
-3732
5781
13346
16413
13951
6787
-2663
-11216
-15990
-15376
-9561
-481
8822
15242
16651
12621
4561
-4757
-12136
-15030
-12408
-5103
4470
13122
17965
17385
11601
2582
-6632
-12939
-14211
-10021
-1781
7734
15316
18412
15977
8833
-613
-9179
-13978
-13393
-7621
1392
10611
16928
18215
14038
5805
-3710
-11301
-14411
-11990
-4856
4589
13161
17973
17402
11623
2557
-6758
-13210
-14664
-10673
-2635
6686
14091
17027
14448
7172
-2395
-11066
-15947
-15411
-9662
-658
8568
14907
16223
12073
3854
-5663
-13272
-16409
-14017
-6902
2539
11124
15961
15420
9683
683
-8547
-14896
-16227
-12090
-3879
5639
13257
16408
14030
6925
-2514
-11105
-15955
-15428
-9703
-708
8525
14886
16231
12107
3903
-5615
-13242
-16407
-14043
-6947
2489
11087
15949
15437
9723
733
-8503
-14875
-16235
-12124
-3928
5592
13227
16405
14056
6970
-2464
-11068
-15943
-15445
-9744
-759
8482
14864
16238
12141
3952
-5568
-13212
-16404
-14069
-6993
2439
11050
15937
15454
9764
784
-8460
-14854
-16242
-12158
-3977
5544
13197
16403
14082
7016
-2414
-11031
-15931
-15462
-9784
-809
8439
14843
16246
12175
4001
-5521
-13182
-16402
-14095
-7039
2389
11012
15924
15471
9804
834
-8417
-14832
-16249
-12191
-4025
5497
13167
16401
14108
7061
-2364
-10994
-15918
-15479
-9824
-859
8395
14821
16253
12208
4050
-5473
-13152
-16399
-14121
-7084
2340
10975
15912
15488
9845
884
-8374
-14810
-16257
-12225
-4074
5449
13137
16398
14133
7107
-2315
-10956
-15906
-15496
-9865
-910
8352
14800
16260
12242
4099
-5426
-13122
-16396
-14146
-7129
2290
10937
15900
15504
9885
935
-8330
-14789
-16264
-12259
-4123
5402
13107
16395
14159
7152
-2265
-10919
-15893
-15513
-9886
-884
8477
15071
16712
12893
4952
-4378
-11896
-15011
-12616
-5468
4071
12824
17868
17521
11925
2985
-6287
-12767
-14271
-10292
-2172
7354
15076
18392
16185
9197
-215
-8881
-13880
-13529
-7945
990
10265
16756
18274
14309
6196
-3330
-11061
-14391
-12197
-5220
4190
12862
17874
17537
11946
2959
-6412
-13037
-14722
-10943
-3025
6307
13851
17006
14654
7536
-1996
-10767
-15848
-15545
-9985
-1060
8222
14733
16281
12342
4245
-5283
-13030
-16387
-14222
-7265
2140
10824
15861
15554
10005
1086
-8200
-14722
-16284
-12359
-4269
5259
13015
16386
14235
7288
-2115
-10805
-15855
-15562
-10025
-1111
8178
14711
16287
12375
4294
-5235
-13000
-16384
-14248
-7310
2090
10786
15848
15570
10045
1136
-8156
-14700
-16290
-12392
-4318
5211
12984
16382
14260
7333
-2065
-10767
-15841
-15578
-10065
-1161
8134
14689
16294
12408
4342
-5187
-12969
-16380
-14273
-7356
2040
10748
15835
15586
10085
1186
-8112
-14677
-16297
-12425
-4366
5163
12953
16379
14285
7378
-2015
-10729
-15828
-15594
-10105
-1211
8090
14666
16300
12441
4391
-5139
-12938
-16377
-14297
-7401
1990
10710
15821
15601
10125
1236
-8069
-14655
-16303
-12458
-4415
5116
12922
16375
14310
7423
-1965
-10691
-15814
-15609
-10144
-1261
8047
14643
16306
12474
4439
-5092
-12907
-16373
-14322
-7446
1940
10672
15808
15617
10164
1287
-8025
-14632
-16309
-12491
-4463
5068
12891
16371
14334
7468
-1915
-10653
-15801
-15625
-10184
-1312
8003
14620
16312
12507
4488
-5044
-12876
-16369
-14347
-7490
1890
10633
15794
15633
10204
1337
-7981
-14609
-16315
-12523
-4512
5020
12860
16367
14359
7513
-1865
-10614
-15787
-15640
-10243
-1438
7790
14305
15873
11922
3731
-5996
-14039
-17747
-15927
-9242
8
8671
13799
13648
8243
-613
-9937
-16586
-18320
-14556
-6560
2972
10828
14363
12383
5558
-3815
-12576
-17773
-17656
-12263
-3412
5914
12574
14323
10572
2585
-6948
-14813
-18360
-16396
-9580
-210
8556
13766
13663
8302
-487
-9724
-16270
-17882
-13971
-5804
3924
11992
15741
13963
7309
-1933
-10613
-15778
-15671
-10302
-1462
7870
14551
16329
12604
4633
-4900
-12781
-16356
-14420
-7625
1740
10518
15752
15678
10322
1487
-7848
-14539
-16331
-12620
-4657
4876
12765
16354
14432
7647
-1715
-10498
-15745
-15686
-10341
-1513
7826
14528
16334
12637
4681
-4851
-12749
-16351
-14444
-7669
1690
10479
15737
15693
10361
1538
-7804
-14516
-16337
-12653
-4705
4827
12734
16349
14456
7691
-1665
-10460
-15730
-15701
-10380
-1563
7782
14504
16339
12669
4729
-4803
-12718
-16347
-14468
-7714
1639
10440
15723
15708
10400
1588
-7760
-14492
-16342
-12685
-4754
4779
12702
16344
14480
7736
-1614
-10421
-15716
-15715
-10419
-1613
7737
14480
16344
12701
4778
-4755
-12686
-16342
-14491
-7758
1589
10401
15708
15723
10439
1638
-7715
-14468
-16347
-12717
-4802
4731
12670
16339
14503
7780
-1564
-10382
-15701
-15730
-10458
-1663
7693
14456
16349
12733
4826
-4707
-12654
-16337
-14515
-7802
1539
10362
15694
15737
10478
1688
-7671
-14444
-16351
-12748
-4850
4683
12638
16334
14527
7825
-1514
-10343
-15686
-15744
-10497
-1713
7648
14432
16354
12764
4874
-4659
-12621
-16331
-14539
-7847
1489
10323
15679
15751
10517
1738
-7626
-14420
-16356
-12780
-4898
4634
12605
16329
14550
7869
-1464
-10303
-15671
-15758
-10517
-1687
7772
14701
16803
13413
5727
-3610
-11394
-14943
-13006
-6184
3270
12208
17644
17766
12555
3788
-5581
-12396
-14360
-10812
-2946
6586
14573
18323
16574
9913
586
-8264
-13656
-13773
-8574
187
9559
16384
18363
14827
6970
-2562
-10557
-14321
-12585
-5935
3389
12244
17648
17780
12575
3762
-5705
-12665
-14809
-11461
-3799
5538
13345
16935
15041
8250
-1195
-10149
-15622
-15787
-10613
-1863
7514
14360
16367
12859
5018
-4513
-12524
-16315
-14608
-7979
1338
10205
15633
15793
10632
1888
-7492
-14348
-16369
-12875
-5042
4489
12508
16312
14620
8001
-1313
-10185
-15625
-15800
-10651
-1913
7469
14335
16371
12890
5066
-4465
-12492
-16309
-14631
-8023
1288
10166
15618
15807
10671
1938
-7447
-14323
-16373
-12906
-5090
4441
12475
16306
14643
8045
-1263
-10146
-15610
-15814
-10690
-1963
7424
14311
16375
12921
5114
-4416
-12459
-16303
-14654
-8067
1238
10126
15602
15821
10709
1988
-7402
-14298
-16377
-12937
-5138
4392
12442
16300
14665
8089
-1213
-10106
-15594
-15828
-10728
-2013
7379
14286
16378
12952
5162
-4368
-12426
-16297
-14677
-8111
1188
10086
15586
15834
10747
2038
-7357
-14273
-16380
-12968
-5186
4344
12409
16294
14688
8133
-1163
-10066
-15578
-15841
-10766
-2063
7334
14261
16382
12983
5210
-4319
-12393
-16291
-14699
-8155
1137
10046
15570
15848
10785
2088
-7312
-14248
-16384
-12999
-5234
4295
12376
16287
14710
8177
-1112
-10026
-15562
-15854
-10804
-2113
7289
14236
16386
13014
5257
-4271
-12360
-16284
-14722
-8198
1087
10006
15554
15861
10823
2138
-7267
-14223
-16387
-13029
-5281
4246
12343
16281
14733
8220
-1062
-9986
-15546
-15867
-10823
-2087
7413
14504
16833
13662
6110
-3222
-11131
-14895
-13188
-6535
2868
11890
17519
17874
12861
4188
-5222
-12198
-14390
-11060
-3329
6198
14310
18274
16755
10264
988
-7946
-13530
-13880
-8880
-213
9199
16185
18392
15075
7353
-2173
-10293
-14271
-12766
-6286
2987
11926
17521
17886
12879
4162
-5345
-12466
-14838
-11708
-4182
5149
13081
16885
15221
8600
-793
-9830
-15494
-15893
-10917
-2263
7154
14160
16395
13106
5400
-4125
-12260
-16264
-14788
-8329
936
9886
15505
15899
10936
2288
-7131
-14147
-16396
-13121
-5424
4100
12243
16260
14799
8351
-911
-9866
-15497
-15905
-10955
-2313
7108
14134
16398
13136
5448
-4076
-12226
-16257
-14810
-8372
886
9846
15488
15912
10974
2338
-7085
-14121
-16399
-13151
-5472
4051
12209
16253
14821
8394
-861
-9826
-15480
-15918
-10992
-2363
7063
14109
16400
13166
5495
-4027
-12192
-16250
-14832
-8416
836
9806
15471
15924
11011
2388
-7040
-14096
-16402
-13181
-5519
4003
12176
16246
14842
8437
-811
-9785
-15463
-15930
-11030
-2413
7017
14083
16403
13196
5543
-3978
-12159
-16242
-14853
-8459
785
9765
15454
15936
11048
2438
-6994
-14070
-16404
-13211
-5567
3954
12142
16239
14864
8481
-760
-9745
-15446
-15942
-11067
-2463
6972
14057
16405
13226
5590
-3929
-12125
-16235
-14874
-8502
735
9725
15437
15948
11086
2488
-6949
-14044
-16407
-13241
-5614
3905
12108
16231
14885
8524
-710
-9704
-15429
-15954
-11104
-2512
6926
14031
16408
13256
5638
-3880
-12091
-16227
-14896
-8545
685
9684
15420
15960
11123
2537
-6903
-14018
-16409
-13271
-5661
3856
12074
16223
14906
8567
-660
-9664
-15411
-15966
-11122
-2486
7049
14297
16854
13903
6490
-2831
-10861
-14837
-13361
-6881
2466
11567
17383
17972
13160
4587
-4857
-11991
-14411
-11300
-3709
5807
14039
18215
16927
10610
1391
-7623
-13394
-13978
-9178
-612
8834
15978
18412
15315
7732
-1782
-10022
-14211
-12938
-6631
2584
11602
17385
17984
13177
4561
-4980
-12258
-14857
-11947
-4561
4758
12810
16825
15393
8945
-390
-9506
-15357
-15990
-11215
-2662
6789
13951
16413
13345
5779
-3733
-11988
-16203
-14959
-8674
534
9561
15367
15995
11234
2687
-6766
-13938
-16414
-13359
-5803
3709
11971
16199
14969
8695
-508
-9541
-15359
-16001
-11252
-2711
6743
13925
16415
13374
5827
-3684
-11953
-16195
-14980
-8717
483
9520
15350
16007
11270
2736
-6720
-13911
-16416
-13389
-5850
3660
11936
16191
14990
8738
-458
-9500
-15341
-16012
-11289
-2761
6697
13898
16416
13403
5874
-3635
-11919
-16187
-15000
-8759
433
9479
15332
16018
11307
2786
-6674
-13885
-16417
-13418
-5897
3610
11901
16182
15010
8781
-408
-9459
-15323
-16023
-11325
-2811
6651
13871
16418
13432
5921
-3586
-11884
-16178
-15021
-8802
383
9438
15313
16029
11343
2836
-6628
-13858
-16418
-13447
-5944
3561
11867
16174
15031
8823
-357
-9417
-15304
-16034
-11361
-2860
6605
13844
16419
13461
5968
-3537
-11849
-16169
-15041
-8844
332
9397
15295
16040
11380
2885
-6582
-13831
-16419
-13475
-5991
3512
11832
16165
15051
8866
-307
-9376
-15286
-16045
-11398
-2910
6558
13817
16420
13490
6015
-3487
-11814
-16160
-15061
-8887
282
9355
15277
16050
11416
2935
-6535
-13803
-16420
-13504
-6038
3463
11797
16156
15071
8908
-257
-9335
-15268
-16056
-11453
-3036
6344
13497
15976
12901
5256
-4438
-12974
-17534
-16637
-10636
-1600
7390
13277
14061
9452
984
-8489
-15776
-18421
-15533
-8085
1414
9762
14147
13091
6950
-2206
-11293
-17249
-18066
-13470
-5009
4466
11762
14421
11547
4108
-5389
-13744
-18142
-17101
-10971
-1819
7272
13240
14072
9507
1110
-8274
-15456
-17977
-14944
-7327
2364
10922
15520
14666
8700
-324
-9328
-15249
-16077
-11506
-3059
6420
13735
16422
13575
6155
-3340
-11709
-16133
-15121
-9014
131
9231
15221
16082
11524
3083
-6396
-13721
-16422
-13590
-6178
3315
11691
16128
15130
9035
-105
-9210
-15211
-16087
-11542
-3108
6373
13707
16422
13604
6202
-3290
-11673
-16123
-15140
-9056
80
9189
15202
16092
11560
3133
-6350
-13693
-16422
-13618
-6225
3266
11656
16118
15150
9077
-55
-9168
-15192
-16097
-11578
-3158
6327
13679
16422
13632
6248
-3241
-11638
-16114
-15160
-9098
30
9147
15183
16102
11596
3182
-6303
-13665
-16422
-13646
-6271
3216
11620
16109
15169
9119
-5
-9126
-15173
-16107
-11614
-3207
6280
13651
16422
13660
6295
-3191
-11602
-16104
-15179
-9140
-20
9105
15163
16112
11631
3232
-6257
-13637
-16422
-13674
-6318
3167
11585
16099
15189
9160
46
-9084
-15154
-16117
-11649
-3256
6234
13623
16422
13688
6341
-3142
-11567
-16094
-15198
-9181
-71
9063
15144
16121
11667
3281
-6210
-13609
-16422
-13702
-6364
3117
11549
16089
15208
9202
96
-9042
-15134
-16126
-11685
-3306
6187
13595
16422
13716
6388
-3093
-11531
-16084
-15217
-9223
-121
9021
15124
16131
11702
3330
-6164
-13581
-16422
-13729
-6411
3068
11513
16079
15227
9244
146
-9000
-15114
-16136
-11739
-3431
5972
13274
15977
13126
5629
-4043
-12690
-17456
-16792
-10972
-2003
7055
13124
14140
9738
1380
-8117
-15552
-18421
-15757
-8457
1018
9477
14068
13245
7285
-1803
-10958
-17095
-18145
-13755
-5404
4094
11538
14421
11771
4480
-4994
-13459
-18063
-17255
-11306
-2222
6937
13085
14150
9792
1505
-7902
-15231
-17976
-15167
-7699
1969
10636
15440
14820
9034
79
-8992
-15094
-16154
-11790
-3454
6047
13510
16420
13798
6527
-2944
-11423
-16052
-15273
-9348
-272
8895
15065
16159
11808
3478
-6023
-13495
-16420
-13812
-6550
2919
11405
16047
15283
9368
298
-8874
-15055
-16163
-11825
-3503
6000
13481
16419
13825
6573
-2894
-11386
-16042
-15292
-9389
-323
8852
15045
16168
11843
3527
-5976
-13466
-16419
-13839
-6596
2870
11368
16036
15301
9410
348
-8831
-15035
-16172
-11860
-3552
5953
13452
16418
13853
6619
-2845
-11350
-16031
-15310
-9430
-373
8810
15024
16176
11878
3577
-5929
-13438
-16418
-13866
-6642
2820
11332
16025
15319
9451
398
-8789
-15014
-16181
-11895
-3601
5906
13423
16417
13880
6665
-2795
-11314
-16020
-15328
-9472
-423
8767
15004
16185
11912
3626
-5882
-13409
-16417
-13893
-6688
2770
11295
16014
15337
9492
449
-8746
-14994
-16189
-11930
-3650
5859
13394
16416
13906
6711
-2746
-11277
-16009
-15346
-9513
-474
8725
14983
16193
11947
3675
-5835
-13379
-16415
-13920
-6734
2721
11259
16003
15355
9533
499
-8703
-14973
-16198
-11964
-3699
5812
13365
16414
13933
6757
-2696
-11240
-15997
-15364
-9554
-524
8682
14963
16202
11981
3724
-5788
-13350
-16414
-13946
-6780
2671
11222
15992
15373
9574
549
-8661
-14952
-16206
-12018
-3825
5596
13043
15968
13342
5998
-3646
-12399
-17369
-16937
-11302
-2406
6715
12961
14210
10016
1773
-7741
-15321
-18412
-15973
-8826
621
9185
13980
13391
7615
-1400
-10618
-16931
-18214
-14033
-5798
3717
11306
14411
11986
4849
-4596
-13167
-17974
-17399
-11636
-2625
6596
12921
14218
10069
1898
-7525
-14998
-17966
-15382
-8067
1572
10343
15351
14964
9363
482
-8651
-14930
-16222
-12067
-3847
5670
13276
16409
14013
6895
-2547
-11130
-15963
-15417
-9676
-675
8553
14900
16226
12084
3871
-5647
-13262
-16408
-14026
-6917
2522
11111
15957
15425
9697
700
-8532
-14889
-16230
-12101
-3896
5623
13247
16407
14039
6940
-2497
-11093
-15951
-15434
-9717
-726
8510
14878
16233
12118
3920
-5599
-13232
-16406
-14052
-6963
2472
11074
15945
15443
9737
751
-8489
-14868
-16237
-12135
-3944
5576
13217
16405
14065
6986
-2447
-11055
-15939
-15451
-9758
-776
8467
14857
16241
12152
3969
-5552
-13202
-16403
-14078
-7009
2422
11037
15933
15460
9778
801
-8446
-14846
-16245
-12169
-3993
5528
13187
16402
14091
7031
-2397
-11018
-15926
-15468
-9798
-826
8424
14836
16248
12186
4018
-5504
-13172
-16401
-14104
-7054
2372
10999
15920
15477
9818
851
-8402
-14825
-16252
-12203
-4042
5481
13157
16400
14117
7077
-2347
-10981
-15914
-15485
-9838
-877
8381
14814
16256
12220
4067
-5457
-13142
-16398
-14129
-7100
2322
10962
15908
15493
9859
902
-8359
-14803
-16259
-12237
-4091
5433
13127
16397
14142
7122
-2297
-10943
-15902
-15502
-9879
-927
8337
14792
16263
12253
4115
-5409
-13111
-16396
-14155
-7145
2273
10924
15895
15510
9899
952
-8316
-14781
-16266
-12251
-4064
5554
13389
16838
14785
7973
-1248
-9710
-14506
-13963
-8212
854
10218
16751
18270
14287
6164
-3362
-11081
-14393
-12181
-5190
4223
12887
17882
17527
11939
3002
-6272
-12759
-14273
-10304
-2189
7338
15066
18391
16193
9213
-198
-8868
-13876
-13535
-7959
973
10250
16748
18276
14301
6137
-3483
-11343
-14834
-12823
-6041
3173
11654
16487
15987
10272
1221
-8152
-14718
-16280
-12337
-4237
5290
13035
16388
14219
7258
-2148
-10830
-15863
-15551
-9999
-1078
8207
14726
16283
12354
4262
-5266
-13020
-16386
-14231
-7281
2123
10811
15857
15559
10019
1103
-8185
-14715
-16286
-12370
-4286
5243
13004
16384
14244
7303
-2098
-10792
-15850
-15567
-10039
-1128
8163
14703
16289
12387
4310
-5219
-12989
-16383
-14256
-7326
2073
10773
15843
15575
10059
1153
-8141
-14692
-16293
-12403
-4335
5195
12974
16381
14269
7349
-2048
-10754
-15837
-15583
-10079
-1178
8119
14681
16296
12420
4359
-5171
-12958
-16379
-14281
-7371
2023
10735
15830
15591
10099
1203
-8097
-14670
-16299
-12436
-4383
5147
12943
16377
14294
7394
-1998
-10716
-15823
-15599
-10118
-1229
8075
14658
16302
12453
4407
-5123
-12927
-16375
-14306
-7416
1973
10697
15817
15607
10138
1254
-8053
-14647
-16305
-12469
-4432
5099
12912
16374
14318
7438
-1948
-10678
-15810
-15615
-10158
-1279
8031
14635
16308
12485
4456
-5075
-12896
-16372
-14331
-7461
1923
10659
15803
15622
10178
1304
-8009
-14624
-16311
-12502
-4480
5051
12880
16370
14343
7483
-1898
-10639
-15796
-15630
-10198
-1329
7987
14613
16314
12518
4504
-5027
-12865
-16368
-14355
-7506
1873
10620
15789
15638
10217
1354
-7965
-14601
-16317
-12554
-4605
4835
12556
15921
13750
6723
-2848
-11796
-17165
-17201
-11944
-3211
6020
12609
14320
10551
2553
-6979
-14833
-18363
-16380
-9551
-177
8582
13775
13653
8257
-596
-9921
-16578
-18322
-14567
-6577
2955
10818
14361
12392
5573
-3798
-12562
-17768
-17661
-12276
-3429
5899
12566
14325
10602
2677
-6763
-14509
-17915
-15787
-8790
773
9738
15144
15224
10003
1286
-7953
-14574
-16328
-12599
-4625
4907
12786
16357
14416
7618
-1748
-10524
-15754
-15676
-10316
-1480
7855
14543
16330
12615
4650
-4883
-12770
-16354
-14428
-7640
1722
10504
15747
15683
10335
1505
-7833
-14531
-16333
-12632
-4674
4859
12754
16352
14440
7662
-1697
-10485
-15740
-15691
-10355
-1530
7811
14519
16336
12648
4698
-4835
-12739
-16350
-14452
-7684
1672
10466
15733
15698
10374
1555
-7789
-14508
-16338
-12664
-4722
4811
12723
16347
14464
7707
-1647
-10446
-15725
-15706
-10394
-1580
7766
14496
16341
12680
4746
-4787
-12707
-16345
-14476
-7729
1622
10427
15718
15713
10413
1605
-7744
-14484
-16343
-12696
-4770
4763
12691
16343
14488
7751
-1597
-10407
-15711
-15720
-10433
-1630
7722
14472
16346
12712
4794
-4739
-12675
-16340
-14500
-7773
1572
10388
15703
15728
10452
1655
-7700
-14460
-16348
-12728
-4818
4714
12659
16338
14511
7796
-1547
-10368
-15696
-15735
-10472
-1680
7678
14448
16351
12743
4842
-4690
-12643
-16335
-14523
-7818
1522
10349
15689
15742
10491
1705
-7655
-14436
-16353
-12759
-4867
4666
12626
16332
14535
7840
-1497
-10329
-15681
-15749
-10510
-1730
7633
14424
16355
12775
4891
-4642
-12610
-16330
-14547
-7862
1472
10310
15674
15756
10530
1755
-7611
-14412
-16357
-12772
-4838
4786
12887
16771
15176
8689
-447
-9095
-14283
-14208
-8842
51
9512
16381
18360
14807
6939
-2594
-10578
-14324
-12570
-5906
3422
12270
17658
17770
12568
3805
-5566
-12388
-14362
-10823
-2963
6569
14562
18321
16582
9928
604
-8251
-13651
-13777
-8588
170
9544
16376
18364
14819
6911
-2714
-10838
-14763
-13210
-6755
2371
11036
16260
16229
10900
2024
-7445
-14344
-16366
-12854
-5011
4521
12529
16316
14605
7972
-1346
-10211
-15635
-15791
-10626
-1881
7499
14351
16368
12870
5035
-4497
-12513
-16313
-14616
-7994
1321
10191
15628
15798
10645
1906
-7476
-14339
-16370
-12885
-5059
4473
12497
16310
14628
8016
-1296
-10172
-15620
-15805
-10665
-1931
7454
14327
16372
12901
5083
-4448
-12480
-16307
-14639
-8038
1271
10152
15612
15812
10684
1956
-7431
-14314
-16374
-12916
-5107
4424
12464
16304
14650
8060
-1246
-10132
-15604
-15819
-10703
-1981
7409
14302
16376
12932
5130
-4400
-12448
-16301
-14662
-8082
1221
10112
15596
15825
10722
2006
-7387
-14290
-16378
-12948
-5154
4376
12431
16298
14673
8104
-1196
-10092
-15589
-15832
-10741
-2031
7364
14277
16380
12963
5178
-4351
-12415
-16295
-14684
-8126
1170
10073
15581
15839
10760
2056
-7341
-14265
-16382
-12978
-5202
4327
12398
16292
14696
8148
-1145
-10053
-15573
-15845
-10779
-2081
7319
14252
16383
12994
5226
-4303
-12382
-16288
-14707
-8170
1120
10033
15565
15852
10798
2106
-7296
-14240
-16385
-13009
-5250
4278
12365
16285
14718
8192
-1095
-10013
-15557
-15859
-10817
-2131
7274
14227
16387
13025
5274
-4254
-12348
-16282
-14729
-8213
1070
9993
15549
15865
10836
2156
-7251
-14215
-16388
-13059
-5374
4061
12039
15834
14123
7430
-2045
-11168
-16923
-17427
-12562
-4012
5305
12221
14390
11055
3322
-6205
-14315
-18275
-16751
-10257
-980
7953
13532
13878
8874
205
-9206
-16189
-18391
-15071
-7345
2181
10298
14272
12763
6279
-2994
-11933
-17524
-17884
-12893
-4230
5183
12177
14393
11105
3445
-5988
-13989
-17824
-16156
-9496
-31
9108
14898
15446
10619
2087
-7237
-14183
-16395
-13101
-5393
4132
12265
16265
14785
8322
-944
-9892
-15508
-15897
-10930
-2280
7138
14151
16396
13116
5417
-4108
-12248
-16262
-14795
-8344
919
9872
15499
15903
10949
2305
-7115
-14138
-16397
-13131
-5441
4083
12231
16258
14806
8366
-894
-9852
-15491
-15910
-10968
-2330
7093
14125
16399
13146
5464
-4059
-12215
-16254
-14817
-8387
869
9832
15482
15916
10987
2355
-7070
-14113
-16400
-13161
-5488
4035
12198
16251
14828
8409
-844
-9812
-15474
-15922
-11005
-2380
7047
14100
16401
13177
5512
-4010
-12181
-16247
-14839
-8431
818
9792
15466
15928
11024
2405
-7024
-14087
-16403
-13192
-5536
3986
12164
16243
14850
8452
-793
-9771
-15457
-15934
-11043
-2430
7002
14074
16404
13207
5559
-3961
-12147
-16240
-14860
-8474
768
9751
15449
15941
11061
2455
-6979
-14061
-16405
-13221
-5583
3937
12130
16236
14871
8495
-743
-9731
-15440
-15947
-11080
-2480
6956
14048
16406
13236
5607
-3912
-12113
-16232
-14882
-8517
718
9711
15431
15953
11098
2505
-6933
-14035
-16407
-13251
-5630
3888
12096
16228
14892
8538
-693
-9690
-15423
-15959
-11117
-2530
6910
14022
16408
13266
5654
-3863
-12079
-16224
-14903
-8560
667
9670
15414
15964
11136
2554
-6887
-14008
-16409
-13300
-5754
3670
11769
15776
14296
7777
-1642
-10845
-16788
-17526
-12861
-4411
4941
12015
14410
11296
3701
-5814
-14045
-18217
-16924
-10603
-1383
7629
13397
13976
9172
604
-8842
-15982
-18411
-15311
-7725
1790
10028
14213
12935
6624
-2592
-11609
-17388
-17982
-13191
-4629
4819
11969
14412
11345
3825
-5597
-13718
-17764
-16328
-9841
-433
8783
14762
15543
10916
2485
-6872
-13975
-16413
-13340
-5772
3741
11993
16205
14956
8667
-542
-9568
-15370
-15994
-11228
-2679
6773
13942
16414
13355
5796
-3716
-11976
-16200
-14966
-8689
516
9547
15361
15999
11246
2704
-6750
-13929
-16415
-13369
-5819
3692
11959
16196
14976
8710
-491
-9527
-15352
-16005
-11264
-2728
6727
13916
16415
13384
5843
-3667
-11942
-16192
-14987
-8731
466
9506
15343
16011
11283
2753
-6704
-13902
-16416
-13399
-5866
3643
11924
16188
14997
8753
-441
-9486
-15334
-16016
-11301
-2778
6681
13889
16417
13413
5890
-3618
-11907
-16184
-15007
-8774
416
9465
15325
16022
11319
2803
-6658
-13875
-16417
-13428
-5913
3594
11890
16179
15017
8795
-390
-9445
-15316
-16027
-11338
-2828
6635
13862
16418
13442
5937
-3569
-11872
-16175
-15028
-8817
365
9424
15307
16033
11356
2853
-6612
-13848
-16419
-13457
-5960
3544
11855
16171
15038
8838
-340
-9403
-15298
-16038
-11374
-2877
6589
13835
16419
13471
5984
-3520
-11837
-16166
-15048
-8859
315
9383
15289
16043
11392
2902
-6566
-13821
-16420
-13485
-6007
3495
11820
16162
15058
8880
-290
-9362
-15280
-16049
-11410
-2927
6543
13808
16420
13500
6031
-3471
-11802
-16157
-15068
-8901
265
9341
15270
16054
11428
2952
-6519
-13794
-16420
-13495
-5978
3614
12078
16597
15695
9727
761
-8125
-13878
-14504
-9739
-1145
8420
15761
18421
15528
8077
-1421
-9767
-14148
-13088
-6944
2214
11300
17252
18065
13465
5001
-4473
-11767
-14421
-11543
-4101
5397
13750
18144
17098
10965
1811
-7279
-13242
-14070
-9483
-1026
8450
15753
18421
15538
8048
-1541
-10025
-14583
-13725
-7791
1164
10063
15850
16520
11793
3219
-6351
-13720
-16422
-13571
-6148
3347
11714
16134
15118
9007
-139
-9237
-15224
-16080
-11518
-3076
6404
13725
16422
13585
6171
-3323
-11697
-16129
-15127
-9028
113
9217
15214
16085
11536
3100
-6380
-13711
-16422
-13599
-6194
3298
11679
16125
15137
9049
-88
-9196
-15205
-16090
-11554
-3125
6357
13697
16422
13613
6218
-3273
-11661
-16120
-15147
-9070
63
9175
15195
16095
11572
3150
-6334
-13684
-16422
-13628
-6241
3249
11644
16115
15157
9091
-38
-9154
-15186
-16100
-11590
-3175
6311
13670
16422
13642
6264
-3224
-11626
-16110
-15166
-9112
13
9133
15176
16105
11608
3199
-6287
-13656
-16422
-13656
-6287
3199
11608
16105
15176
9133
13
-9112
-15166
-16110
-11626
-3224
6264
13642
16422
13670
6311
-3175
-11590
-16100
-15186
-9154
-38
9091
15157
16115
11644
3249
-6241
-13628
-16422
-13684
-6334
3150
11572
16095
15195
9175
63
-9070
-15147
-16120
-11661
-3273
6218
13613
16422
13697
6357
-3125
-11554
-16090
-15205
-9196
-88
9049
15137
16125
11679
3298
-6194
-13599
-16422
-13711
-6380
3100
11536
16085
15214
9217
113
-9028
-15127
-16129
-11697
-3323
6171
13585
16422
13725
6404
-3076
-11518
-16080
-15224
-9237
-139
9007
15118
16134
11714
3347
-6148
-13571
-16422
-13758
-6503
2882
11208
15631
14616
8453
-836
-10181
-16490
-17694
-13439
-5203
4200
11576
14421
11753
4450
-5026
-13483
-18070
-17242
-11279
-2189
6965
13098
14144
9750
1397
-8101
-15543
-18421
-15767
-8473
1001
9465
14065
13252
7300
-1786
-10944
-17088
-18148
-13767
-5421
4077
11528
14421
11799
4572
-4808
-13154
-17615
-16644
-10516
-1239
8118
14461
15708
11492
3277
-6130
-13533
-16420
-13794
-6519
2952
11428
16054
15270
9341
265
-8901
-15068
-16157
-11802
-3471
6031
13500
16420
13808
6543
-2927
-11410
-16049
-15280
-9362
-290
8880
15058
16162
11820
3495
-6007
-13485
-16420
-13821
-6566
2902
11392
16043
15289
9383
315
-8859
-15048
-16166
-11837
-3520
5984
13471
16419
13835
6589
-2877
-11374
-16038
-15298
-9403
-340
8838
15038
16171
11855
3544
-5960
-13457
-16419
-13848
-6612
2853
11356
16033
15307
9424
365
-8817
-15028
-16175
-11872
-3569
5937
13442
16418
13862
6635
-2828
-11338
-16027
-15316
-9445
-390
8795
15017
16179
11890
3594
-5913
-13428
-16417
-13875
-6658
2803
11319
16022
15325
9465
416
-8774
-15007
-16184
-11907
-3618
5890
13413
16417
13889
6681
-2778
-11301
-16016
-15334
-9486
-441
8753
14997
16188
11924
3643
-5866
-13399
-16416
-13902
-6704
2753
11283
16011
15343
9506
466
-8731
-14987
-16192
-11942
-3667
5843
13384
16415
13916
6727
-2728
-11264
-16005
-15352
-9527
-491
8710
14976
16196
11959
3692
-5819
-13369
-16415
-13929
-6750
2704
11246
15999
15361
9547
516
-8689
-14966
-16200
-11976
-3716
5796
13355
16414
13942
6773
-2679
-11228
-15994
-15370
-9568
-542
8667
14956
16205
11993
3741
-5772
-13340
-16413
-13975
-6872
2485
10916
15543
14762
8783
-433
-9841
-16328
-17764
-13718
-5597
3825
11345
14412
11969
4819
-4629
-13191
-17982
-17388
-11609
-2592
6624
12935
14213
10028
1790
-7725
-15311
-18411
-15982
-8842
604
9172
13976
13397
7629
-1383
-10603
-16924
-18217
-14045
-5814
3701
11296
14410
12015
4941
-4411
-12861
-17526
-16788
-10845
-1642
7777
14296
15776
11769
3670
-5754
-13300
-16409
-14008
-6887
2554
11136
15964
15414
9670
667
-8560
-14903
-16224
-12079
-3863
5654
13266
16408
14022
6910
-2530
-11117
-15959
-15423
-9690
-693
8538
14892
16228
12096
3888
-5630
-13251
-16407
-14035
-6933
2505
11098
15953
15431
9711
718
-8517
-14882
-16232
-12113
-3912
5607
13236
16406
14048
6956
-2480
-11080
-15947
-15440
-9731
-743
8495
14871
16236
12130
3937
-5583
-13221
-16405
-14061
-6979
2455
11061
15941
15449
9751
768
-8474
-14860
-16240
-12147
-3961
5559
13207
16404
14074
7002
-2430
-11043
-15934
-15457
-9771
-793
8452
14850
16243
12164
3986
-5536
-13192
-16403
-14087
-7024
2405
11024
15928
15466
9792
818
-8431
-14839
-16247
-12181
-4010
5512
13177
16401
14100
7047
-2380
-11005
-15922
-15474
-9812
-844
8409
14828
16251
12198
4035
-5488
-13161
-16400
-14113
-7070
2355
10987
15916
15482
9832
869
-8387
-14817
-16254
-12215
-4059
5464
13146
16399
14125
7093
-2330
-10968
-15910
-15491
-9852
-894
8366
14806
16258
12231
4083
-5441
-13131
-16397
-14138
-7115
2305
10949
15903
15499
9872
919
-8344
-14795
-16262
-12248
-4108
5417
13116
16396
14151
7138
-2280
-10930
-15897
-15508
-9892
-944
8322
14785
16265
12265
4132
-5393
-13101
-16395
-14183
-7237
2087
10619
15446
14898
9108
-31
-9496
-16156
-17824
-13989
-5988
3445
11105
14393
12177
5183
-4230
-12893
-17884
-17524
-11933
-2994
6279
12763
14272
10298
2181
-7345
-15071
-18391
-16189
-9206
205
8874
13878
13532
7953
-980
-10257
-16751
-18275
-14315
-6205
3322
11055
14390
12221
5305
-4012
-12562
-17427
-16923
-11168
-2045
7430
14123
15834
12039
4061
-5374
-13059
-16388
-14215
-7251
2156
10836
15865
15549
9993
1070
-8213
-14729
-16282
-12348
-4254
5274
13025
16387
14227
7274
-2131
-10817
-15859
-15557
-10013
-1095
8192
14718
16285
12365
4278
-5250
-13009
-16385
-14240
-7296
2106
10798
15852
15565
10033
1120
-8170
-14707
-16288
-12382
-4303
5226
12994
16383
14252
7319
-2081
-10779
-15845
-15573
-10053
-1145
8148
14696
16292
12398
4327
-5202
-12978
-16382
-14265
-7341
2056
10760
15839
15581
10073
1170
-8126
-14684
-16295
-12415
-4351
5178
12963
16380
14277
7364
-2031
-10741
-15832
-15589
-10092
-1196
8104
14673
16298
12431
4376
-5154
-12948
-16378
-14290
-7387
2006
10722
15825
15596
10112
1221
-8082
-14662
-16301
-12448
-4400
5130
12932
16376
14302
7409
-1981
-10703
-15819
-15604
-10132
-1246
8060
14650
16304
12464
4424
-5107
-12916
-16374
-14314
-7431
1956
10684
15812
15612
10152
1271
-8038
-14639
-16307
-12480
-4448
5083
12901
16372
14327
7454
-1931
-10665
-15805
-15620
-10172
-1296
8016
14628
16310
12497
4473
-5059
-12885
-16370
-14339
-7476
1906
10645
15798
15628
10191
1321
-7994
-14616
-16313
-12513
-4497
5035
12870
16368
14351
7499
-1881
-10626
-15791
-15635
-10211
-1346
7972
14605
16316
12529
4521
-5011
-12854
-16366
-14383
-7597
1687
10314
15340
15026
9426
371
-9145
-15976
-17874
-14253
-6377
3063
10858
14364
12376
5544
-3830
-12588
-17777
-17651
-12251
-3396
5928
12582
14321
10562
2569
-6963
-14823
-18362
-16388
-9566
-195
8568
13770
13658
8270
-578
-9906
-16570
-18324
-14578
-6594
2939
10807
14360
12419
5664
-3612
-12256
-17319
-17049
-11485
-2447
7079
13941
15883
12301
4449
-4991
-12810
-16357
-14412
-7611
1755
10530
15756
15674
10310
1472
-7862
-14547
-16330
-12610
-4642
4891
12775
16355
14424
7633
-1730
-10510
-15749
-15681
-10329
-1497
7840
14535
16332
12626
4666
-4867
-12759
-16353
-14436
-7655
1705
10491
15742
15689
10349
1522
-7818
-14523
-16335
-12643
-4690
4842
12743
16351
14448
7678
-1680
-10472
-15735
-15696
-10368
-1547
7796
14511
16338
12659
4714
-4818
-12728
-16348
-14460
-7700
1655
10452
15728
15703
10388
1572
-7773
-14500
-16340
-12675
-4739
4794
12712
16346
14472
7722
-1630
-10433
-15720
-15711
-10407
-1597
7751
14488
16343
12691
4763
-4770
-12696
-16343
-14484
-7744
1605
10413
15713
15718
10427
1622
-7729
-14476
-16345
-12707
-4787
4746
12680
16341
14496
7766
-1580
-10394
-15706
-15725
-10446
-1647
7707
14464
16347
12723
4811
-4722
-12664
-16338
-14508
-7789
1555
10374
15698
15733
10466
1672
-7684
-14452
-16350
-12739
-4835
4698
12648
16336
14519
7811
-1530
-10355
-15691
-15740
-10485
-1697
7662
14440
16352
12754
4859
-4674
-12632
-16333
-14531
-7833
1505
10335
15683
15747
10504
1722
-7640
-14428
-16354
-12770
-4883
4650
12615
16330
14543
7855
-1480
-10316
-15676
-15754
-10524
-1748
7618
14416
16357
12786
4907
-4625
-12599
-16328
-14574
-7953
1286
10003
15224
15144
9738
773
-8790
-15787
-17915
-14509
-6763
2677
10602
14325
12566
5899
-3429
-12276
-17661
-17768
-12562
-3798
5573
12392
14361
10818
2955
-6577
-14567
-18322
-16578
-9921
-596
8257
13653
13775
8582
-177
-9551
-16380
-18363
-14833
-6979
2553
10551
14320
12609
6020
-3211
-11944
-17201
-17165
-11796
-2848
6723
13750
15921
12556
4835
-4605
-12554
-16317
-14601
-7965
1354
10217
15638
15789
10620
1873
-7506
-14355
-16368
-12865
-5027
4504
12518
16314
14613
7987
-1329
-10198
-15630
-15796
-10639
-1898
7483
14343
16370
12880
5051
-4480
-12502
-16311
-14624
-8009
1304
10178
15622
15803
10659
1923
-7461
-14331
-16372
-12896
-5075
4456
12485
16308
14635
8031
-1279
-10158
-15615
-15810
-10678
-1948
7438
14318
16374
12912
5099
-4432
-12469
-16305
-14647
-8053
1254
10138
15607
15817
10697
1973
-7416
-14306
-16375
-12927
-5123
4407
12453
16302
14658
8075
-1229
-10118
-15599
-15823
-10716
-1998
7394
14294
16377
12943
5147
-4383
-12436
-16299
-14670
-8097
1203
10099
15591
15830
10735
2023
-7371
-14281
-16379
-12958
-5171
4359
12420
16296
14681
8119
-1178
-10079
-15583
-15837
-10754
-2048
7349
14269
16381
12974
5195
-4335
-12403
-16293
-14692
-8141
1153
10059
15575
15843
10773
2073
-7326
-14256
-16383
-12989
-5219
4310
12387
16289
14703
8163
-1128
-10039
-15567
-15850
-10792
-2098
7303
14244
16384
13004
5243
-4286
-12370
-16286
-14715
-8185
1103
10019
15559
15857
10811
2123
-7281
-14231
-16386
-13020
-5266
4262
12354
16283
14726
8207
-1078
-9999
-15551
-15863
-10830
-2148
7258
14219
16388
13035
5290
-4237
-12337
-16280
-14756
-8305
884
9686
15098
15252
10044
1173
-8431
-15589
-17945
-14758
-7146
2289
10340
14276
12748
6250
-3027
-11959
-17535
-17876
-12868
-4198
5213
12193
14391
11066
3338
-6189
-14304
-18273
-16759
-10272
-998
7939
13527
13882
8887
223
-9190
-16181
-18393
-15081
-7362
2164
10287
14270
12789
6370
-2809
-11626
-17074
-17272
-12101
-3248
6363
13551
15950
12803
5217
-4216
-12289
-16266
-14781
-8316
952
9899
15510
15895
10924
2273
-7145
-14155
-16396
-13111
-5409
4115
12253
16263
14792
8337
-927
-9879
-15502
-15902
-10943
-2297
7122
14142
16397
13127
5433
-4091
-12237
-16259
-14803
-8359
902
9859
15493
15908
10962
2322
-7100
-14129
-16398
-13142
-5457
4067
12220
16256
14814
8381
-877
-9838
-15485
-15914
-10981
-2347
7077
14117
16400
13157
5481
-4042
-12203
-16252
-14825
-8402
851
9818
15477
15920
10999
2372
-7054
-14104
-16401
-13172
-5504
4018
12186
16248
14836
8424
-826
-9798
-15468
-15926
-11018
-2397
7031
14091
16402
13187
5528
-3993
-12169
-16245
-14846
-8446
801
9778
15460
15933
11037
2422
-7009
-14078
-16403
-13202
-5552
3969
12152
16241
14857
8467
-776
-9758
-15451
-15939
-11055
-2447
6986
14065
16405
13217
5576
-3944
-12135
-16237
-14868
-8489
751
9737
15443
15945
11074
2472
-6963
-14052
-16406
-13232
-5599
3920
12118
16233
14878
8510
-726
-9717
-15434
-15951
-11093
-2497
6940
14039
16407
13247
5623
-3896
-12101
-16230
-14889
-8532
700
9697
15425
15957
11111
2522
-6917
-14026
-16408
-13262
-5647
3871
12084
16226
14900
8553
-675
-9676
-15417
-15963
-11130
-2547
6895
14013
16409
13276
5670
-3847
-12067
-16222
-14891
-8499
819
9949
15853
16586
11953
3572
-5677
-12617
-14854
-11584
-3862
5746
14031
18218
16921
10596
1375
-7636
-13399
-13974
-9167
-596
8849
15986
18411
15306
7717
-1798
-10033
-14214
-12931
-6618
2600
11615
17391
17980
13185
4621
-4826
-11973
-14412
-11321
-3741
5773
14016
18210
16923
10563
1257
-7888
-13826
-14603
-10009
-1646
7608
14577
16857
13628
5933
-3672
-11979
-16206
-14952
-8661
549
9574
15373
15992
11222
2671
-6780
-13946
-16414
-13350
-5788
3724
11981
16202
14963
8682
-524
-9554
-15364
-15997
-11240
-2696
6757
13933
16414
13365
5812
-3699
-11964
-16198
-14973
-8703
499
9533
15355
16003
11259
2721
-6734
-13920
-16415
-13379
-5835
3675
11947
16193
14983
8725
-474
-9513
-15346
-16009
-11277
-2746
6711
13906
16416
13394
5859
-3650
-11930
-16189
-14994
-8746
449
9492
15337
16014
11295
2770
-6688
-13893
-16417
-13409
-5882
3626
11912
16185
15004
8767
-423
-9472
-15328
-16020
-11314
-2795
6665
13880
16417
13423
5906
-3601
-11895
-16181
-15014
-8789
398
9451
15319
16025
11332
2820
-6642
-13866
-16418
-13438
-5929
3577
11878
16176
15024
8810
-373
-9430
-15310
-16031
-11350
-2845
6619
13853
16418
13452
5953
-3552
-11860
-16172
-15035
-8831
348
9410
15301
16036
11368
2870
-6596
-13839
-16419
-13466
-5976
3527
11843
16168
15045
8852
-323
-9389
-15292
-16042
-11386
-2894
6573
13825
16419
13481
6000
-3503
-11825
-16163
-15055
-8874
298
9368
15283
16047
11405
2919
-6550
-13812
-16420
-13495
-6023
3478
11808
16159
15065
8895
-272
-9348
-15273
-16052
-11423
-2944
6527
13798
16420
13510
6047
-3454
-11790
-16154
-15094
-8992
79
9034
14820
15440
10636
1969
-7699
-15167
-17976
-15231
-7902
1505
9792
14150
13085
6937
-2222
-11306
-17255
-18063
-13459
-4994
4480
11771
14421
11538
4094
-5404
-13755
-18145
-17095
-10958
-1803
7285
13245
14068
9477
1018
-8457
-15757
-18421
-15552
-8117
1380
9738
14140
13124
7055
-2003
-10972
-16792
-17456
-12690
-4043
5629
13126
15977
13274
5972
-3431
-11739
-16136
-15114
-9000
146
9244
15227
16079
11513
3068
-6411
-13729
-16422
-13581
-6164
3330
11702
16131
15124
9021
-121
-9223
-15217
-16084
-11531
-3093
6388
13716
16422
13595
6187
-3306
-11685
-16126
-15134
-9042
96
9202
15208
16089
11549
3117
-6364
-13702
-16422
-13609
-6210
3281
11667
16121
15144
9063
-71
-9181
-15198
-16094
-11567
-3142
6341
13688
16422
13623
6234
-3256
-11649
-16117
-15154
-9084
46
9160
15189
16099
11585
3167
-6318
-13674
-16422
-13637
-6257
3232
11631
16112
15163
9105
-20
-9140
-15179
-16104
-11602
-3191
6295
13660
16422
13651
6280
-3207
-11614
-16107
-15173
-9126
-5
9119
15169
16109
11620
3216
-6271
-13646
-16422
-13665
-6303
3182
11596
16102
15183
9147
30
-9098
-15160
-16114
-11638
-3241
6248
13632
16422
13679
6327
-3158
-11578
-16097
-15192
-9168
-55
9077
15150
16118
11656
3266
-6225
-13618
-16422
-13693
-6350
3133
11560
16092
15202
9189
80
-9056
-15140
-16123
-11673
-3290
6202
13604
16422
13707
6373
-3108
-11542
-16087
-15211
-9210
-105
9035
15130
16128
11691
3315
-6178
-13590
-16422
-13721
-6396
3083
11524
16082
15221
9231
131
-9014
-15121
-16133
-11709
-3340
6155
13575
16422
13735
6420
-3059
-11506
-16077
-15249
-9328
-324
8700
14666
15520
10922
2364
-7327
-14944
-17977
-15456
-8274
1110
9507
14072
13240
7272
-1819
-10971
-17101
-18142
-13744
-5389
4108
11547
14421
11762
4466
-5009
-13470
-18066
-17249
-11293
-2206
6950
13091
14147
9762
1414
-8085
-15533
-18421
-15776
-8489
984
9452
14061
13277
7390
-1600
-10636
-16637
-17534
-12974
-4438
5256
12901
15976
13497
6344
-3036
-11453
-16056
-15268
-9335
-257
8908
15071
16156
11797
3463
-6038
-13504
-16420
-13803
-6535
2935
11416
16050
15277
9355
282
-8887
-15061
-16160
-11814
-3487
6015
13490
16420
13817
6558
-2910
-11398
-16045
-15286
-9376
-307
8866
15051
16165
11832
3512
-5991
-13475
-16419
-13831
-6582
2885
11380
16040
15295
9397
332
-8844
-15041
-16169
-11849
-3537
5968
13461
16419
13844
6605
-2860
-11361
-16034
-15304
-9417
-357
8823
15031
16174
11867
3561
-5944
-13447
-16418
-13858
-6628
2836
11343
16029
15313
9438
383
-8802
-15021
-16178
-11884
-3586
5921
13432
16418
13871
6651
-2811
-11325
-16023
-15323
-9459
-408
8781
15010
16182
11901
3610
-5897
-13418
-16417
-13885
-6674
2786
11307
16018
15332
9479
433
-8759
-15000
-16187
-11919
-3635
5874
13403
16416
13898
6697
-2761
-11289
-16012
-15341
-9500
-458
8738
14990
16191
11936
3660
-5850
-13389
-16416
-13911
-6720
2736
11270
16007
15350
9520
483
-8717
-14980
-16195
-11953
-3684
5827
13374
16415
13925
6743
-2711
-11252
-16001
-15359
-9541
-508
8695
14969
16199
11971
3709
-5803
-13359
-16414
-13938
-6766
2687
11234
15995
15367
9561
534
-8674
-14959
-16203
-11988
-3733
5779
13345
16413
13951
6789
-2662
-11215
-15990
-15357
-9506
-390
8945
15393
16825
12810
4758
-4561
-11947
-14857
-12258
-4980
4561
13177
17984
17385
11602
2584
-6631
-12938
-14211
-10022
-1782
7732
15315
18412
15978
8834
-612
-9178
-13978
-13394
-7623
1391
10610
16927
18215
14039
5807
-3709
-11300
-14411
-11991
-4857
4587
13160
17972
17383
11567
2466
-6881
-13361
-14837
-10861
-2831
6490
13903
16854
14297
7049
-2486
-11122
-15966
-15411
-9664
-660
8567
14906
16223
12074
3856
-5661
-13271
-16409
-14018
-6903
2537
11123
15960
15420
9684
685
-8545
-14896
-16227
-12091
-3880
5638
13256
16408
14031
6926
-2512
-11104
-15954
-15429
-9704
-710
8524
14885
16231
12108
3905
-5614
-13241
-16407
-14044
-6949
2488
11086
15948
15437
9725
735
-8502
-14874
-16235
-12125
-3929
5590
13226
16405
14057
6972
-2463
-11067
-15942
-15446
-9745
-760
8481
14864
16239
12142
3954
-5567
-13211
-16404
-14070
-6994
2438
11048
15936
15454
9765
785
-8459
-14853
-16242
-12159
-3978
5543
13196
16403
14083
7017
-2413
-11030
-15930
-15463
-9785
-811
8437
14842
16246
12176
4003
-5519
-13181
-16402
-14096
-7040
2388
11011
15924
15471
9806
836
-8416
-14832
-16250
-12192
-4027
5495
13166
16400
14109
7063
-2363
-10992
-15918
-15480
-9826
-861
8394
14821
16253
12209
4051
-5472
-13151
-16399
-14121
-7085
2338
10974
15912
15488
9846
886
-8372
-14810
-16257
-12226
-4076
5448
13136
16398
14134
7108
-2313
-10955
-15905
-15497
-9866
-911
8351
14799
16260
12243
4100
-5424
-13121
-16396
-14147
-7131
2288
10936
15899
15505
9886
936
-8329
-14788
-16264
-12260
-4125
5400
13106
16395
14160
7154
-2263
-10917
-15893
-15532
-9982
-1130
8014
14333
15650
11472
3149
-6572
-14473
-17949
-15880
-9008
314
8918
13886
13521
7926
-1013
-10286
-16766
-18271
-14293
-6173
3353
11075
14392
12185
5199
-4213
-12880
-17880
-17530
-11946
-3012
6264
12755
14274
10310
2198
-7329
-15060
-18390
-16198
-9222
188
8861
13874
13557
8043
-795
-9949
-16299
-17660
-13522
-5222
4500
12427
15944
13918
7076
-2239
-10861
-15867
-15546
-9986
-1062
8220
14733
16281
12343
4246
-5281
-13029
-16387
-14223
-7267
2138
10823
15861
15554
10006
1087
-8198
-14722
-16284
-12360
-4271
5257
13014
16386
14236
7289
-2113
-10804
-15854
-15562
-10026
-1112
8177
14710
16287
12376
4295
-5234
-12999
-16384
-14248
-7312
2088
10785
15848
15570
10046
1137
-8155
-14699
-16291
-12393
-4319
5210
12983
16382
14261
7334
-2063
-10766
-15841
-15578
-10066
-1163
8133
14688
16294
12409
4344
-5186
-12968
-16380
-14273
-7357
2038
10747
15834
15586
10086
1188
-8111
-14677
-16297
-12426
-4368
5162
12952
16378
14286
7379
-2013
-10728
-15828
-15594
-10106
-1213
8089
14665
16300
12442
4392
-5138
-12937
-16377
-14298
-7402
1988
10709
15821
15602
10126
1238
-8067
-14654
-16303
-12459
-4416
5114
12921
16375
14311
7424
-1963
-10690
-15814
-15610
-10146
-1263
8045
14643
16306
12475
4441
-5090
-12906
-16373
-14323
-7447
1938
10671
15807
15618
10166
1288
-8023
-14631
-16309
-12492
-4465
5066
12890
16371
14335
7469
-1913
-10651
-15800
-15625
-10185
-1313
8001
14620
16312
12508
4489
-5042
-12875
-16369
-14348
-7492
1888
10632
15793
15633
10205
1338
-7979
-14608
-16315
-12524
-4513
5018
12859
16367
14360
7514
-1863
-10613
-15787
-15660
-10301
-1532
7664
14152
15700
11736
3538
-6189
-14226
-17920
-16079
-9368
-86
8613
13780
13648
8244
-611
-9935
-16585
-18321
-14557
-6562
2970
10827
14363
12384
5559
-3813
-12574
-17773
-17656
-12264
-3414
5913
12574
14323
10573
2586
-6946
-14812
-18360
-16396
-9581
-212
8555
13766
13683
8360
-393
-9598
-16117
-17709
-13784
-5610
4117
12179
15914
14115
7435
-1839
-10555
-15758
-15671
-10303
-1464
7869
14550
16329
12605
4634
-4898
-12780
-16356
-14420
-7626
1738
10517
15751
15679
10323
1489
-7847
-14539
-16331
-12621
-4659
4874
12764
16354
14432
7648
-1713
-10497
-15744
-15686
-10343
-1514
7825
14527
16334
12638
4683
-4850
-12748
-16351
-14444
-7671
1688
10478
15737
15694
10362
1539
-7802
-14515
-16337
-12654
-4707
4826
12733
16349
14456
7693
-1663
-10458
-15730
-15701
-10382
-1564
7780
14503
16339
12670
4731
-4802
-12717
-16347
-14468
-7715
1638
10439
15723
15708
10401
1589
-7758
-14491
-16342
-12686
-4755
4778
12701
16344
14480
7737
-1613
-10419
-15715
-15716
-10421
-1614
7736
14480
16344
12702
4779
-4754
-12685
-16342
-14492
-7760
1588
10400
15708
15723
10440
1639
-7714
-14468
-16347
-12718
-4803
4729
12669
16339
14504
7782
-1563
-10380
-15701
-15730
-10460
-1665
7691
14456
16349
12734
4827
-4705
-12653
-16337
-14516
-7804
1538
10361
15693
15737
10479
1690
-7669
-14444
-16351
-12749
-4851
4681
12637
16334
14528
7826
-1513
-10341
-15686
-15745
-10498
-1715
7647
14432
16354
12765
4876
-4657
-12620
-16331
-14539
-7848
1487
10322
15678
15752
10518
1740
-7625
-14420
-16356
-12781
-4900
4633
12604
16329
14551
7870
-1462
-10302
-15671
-15740
-10461
-1596
7895
14852
16976
13602
5924
-3414
-11205
-14770
-12856
-6061
3361
12263
17663
17766
12556
3790
-5580
-12396
-14360
-10813
-2948
6585
14572
18323
16574
9914
588
-8263
-13656
-13773
-8576
185
9558
16383
18363
14828
6972
-2560
-10556
-14320
-12586
-5937
3387
12243
17648
17761
12519
3671
-5828
-12816
-14982
-11649
-3996
5341
13157
16762
14890
8127
-1286
-10204
-15640
-15787
-10614
-1865
7513
14359
16367
12860
5020
-4512
-12523
-16315
-14609
-7981
1337
10204
15633
15794
10633
1890
-7490
-14347
-16369
-12876
-5044
4488
12507
16312
14620
8003
-1312
-10184
-15625
-15801
-10653
-1915
7468
14334
16371
12891
5068
-4463
-12491
-16309
-14632
-8025
1287
10164
15617
15808
10672
1940
-7446
-14322
-16373
-12907
-5092
4439
12474
16306
14643
8047
-1261
-10144
-15609
-15814
-10691
-1965
7423
14310
16375
12922
5116
-4415
-12458
-16303
-14655
-8069
1236
10125
15601
15821
10710
1990
-7401
-14297
-16377
-12938
-5139
4391
12441
16300
14666
8090
-1211
-10105
-15594
-15828
-10729
-2015
7378
14285
16379
12953
5163
-4366
-12425
-16297
-14677
-8112
1186
10085
15586
15835
10748
2040
-7356
-14273
-16380
-12969
-5187
4342
12408
16294
14689
8134
-1161
-10065
-15578
-15841
-10767
-2065
7333
14260
16382
12984
5211
-4318
-12392
-16290
-14700
-8156
1136
10045
15570
15848
10786
2090
-7310
-14248
-16384
-13000
-5235
4294
12375
16287
14711
8178
-1111
-10025
-15562
-15855
-10805
-2115
7288
14235
16386
13015
5259
-4269
-12359
-16284
-14722
-8200
1086
10005
15554
15861
10824
2140
-7265
-14222
-16387
-13030
-5283
4245
12342
16281
14733
8222
-1060
-9985
-15545
-15848
-10767
-1996
7536
14654
17006
13851
6307
-3025
-10943
-14722
-13037
-6412
2959
11946
17537
17874
12862
4190
-5220
-12197
-14391
-11061
-3330
6196
14309
18274
16756
10265
990
-7945
-13529
-13880
-8881
-215
9197
16185
18392
15076
7354
-2172
-10292
-14271
-12767
-6287
2985
11925
17521
17868
12824
4071
-5468
-12616
-15011
-11896
-4378
4952
12893
16712
15071
8477
-884
-9886
-15513
-15893
-10919
-2265
7152
14159
16395
13107
5402
-4123
-12259
-16264
-14789
-8330
935
9885
15504
15900
10937
2290
-7129
-14146
-16396
-13122
-5426
4099
12242
16260
14800
8352
-910
-9865
-15496
-15906
-10956
-2315
7107
14133
16398
13137
5449
-4074
-12225
-16257
-14810
-8374
884
9845
15488
15912
10975
2340
-7084
-14121
-16399
-13152
-5473
4050
12208
16253
14821
8395
-859
-9824
-15479
-15918
-10994
-2364
7061
14108
16401
13167
5497
-4025
-12191
-16249
-14832
-8417
834
9804
15471
15924
11012
2389
-7039
-14095
-16402
-13182
-5521
4001
12175
16246
14843
8439
-809
-9784
-15462
-15931
-11031
-2414
7016
14082
16403
13197
5544
-3977
-12158
-16242
-14854
-8460
784
9764
15454
15937
11050
2439
-6993
-14069
-16404
-13212
-5568
3952
12141
16238
14864
8482
-759
-9744
-15445
-15943
-11068
-2464
6970
14056
16405
13227
5592
-3928
-12124
-16235
-14875
-8503
733
9723
15437
15949
11087
2489
-6947
-14043
-16407
-13242
-5615
3903
12107
16231
14886
8525
-708
-9703
-15428
-15955
-11105
-2514
6925
14030
16408
13257
5639
-3879
-12090
-16227
-14896
-8547
683
9683
15420
15961
11124
2539
-6902
-14017
-16409
-13272
-5663
3854
12073
16223
14907
8568
-658
-9662
-15411
-15947
-11066
-2395
7172
14448
17027
14091
6686
-2635
-10673
-14664
-13210
-6758
2557
11623
17402
17973
13161
4589
-4856
-11990
-14411
-11301
-3710
5805
14038
18215
16928
10611
1392
-7621
-13393
-13978
-9179
-613
8833
15977
18412
15316
7734
-1781
-10021
-14211
-12939
-6632
2582
11601
17385
17965
13122
4470
-5103
-12408
-15030
-12136
-4757
4561
12621
16651
15242
8822
-481
-9561
-15376
-15990
-11216
-2663
6787
13951
16413
13346
5781
-3732
-11987
-16203
-14959
-8675
532
9560
15367
15996
11235
2688
-6764
-13937
-16414
-13360
-5804
3707
11970
16199
14970
8697
-507
-9540
-15358
-16001
-11253
-2713
6741
13924
16415
13375
5828
-3683
-11952
-16195
-14980
-8718
482
9519
15349
16007
11271
2738
-6718
-13911
-16416
-13389
-5852
3658
11935
16190
14990
8739
-457
-9499
-15340
-16013
-11290
-2763
6695
13897
16416
13404
5875
-3633
-11918
-16186
-15001
-8761
431
9478
15331
16018
11308
2787
-6672
-13884
-16417
-13419
-5899
3609
11900
16182
15011
8782
-406
-9457
-15322
-16024
-11326
-2812
6649
13870
16418
13433
5922
-3584
-11883
-16178
-15021
-8803
381
9437
15313
16029
11344
2837
-6626
-13857
-16418
-13448
-5946
3560
11866
16173
15031
8824
-356
-9416
-15304
-16035
-11363
-2862
6603
13843
16419
13462
5969
-3535
-11848
-16169
-15041
-8846
331
9396
15295
16040
11381
2887
-6580
-13830
-16419
-13476
-5993
3511
11831
16164
15052
8867
-305
-9375
-15285
-16045
-11399
-2911
6557
13816
16420
13491
6016
-3486
-11813
-16160
-15062
-8888
280
9354
15276
16051
11417
2936
-6534
-13802
-16420
-13505
-6039
3461
11796
16156
15072
8909
-255
-9333
-15267
-16037
-11359
-2793
6804
14233
17038
14324
7063
-2242
-10396
-14595
-13375
-7099
2154
11294
17258
18061
13453
4986
-4488
-11775
-14421
-11534
-4086
5412
13761
18146
17092
10952
1795
-7292
-13248
-14067
-9471
-1011
8465
15761
18421
15548
8110
-1387
-9743
-14142
-13101
-6973
2179
11271
17239
18053
13413
4867
-4734
-12192
-15039
-12367
-5133
4168
12343
16582
15404
9162
-78
-9231
-15230
-16077
-11507
-3060
6418
13734
16422
13576
6156
-3338
-11708
-16132
-15121
-9015
129
9230
15220
16082
11525
3085
-6395
-13720
-16422
-13591
-6180
3313
11690
16128
15131
9036
-104
-9209
-15211
-16087
-11543
-3110
6372
13706
16422
13605
6203
-3289
-11672
-16123
-15141
-9057
79
9188
15201
16092
11561
3134
-6349
-13692
-16422
-13619
-6226
3264
11655
16118
15151
9078
-54
-9167
-15192
-16097
-11579
-3159
6325
13678
16422
13633
6250
-3239
-11637
-16113
-15160
-9099
28
9146
15182
16102
11597
3184
-6302
-13664
-16422
-13647
-6273
3215
11619
16108
15170
9120
-3
-9125
-15172
-16107
-11615
-3208
6279
13650
16422
13661
6296
-3190
-11601
-16103
-15180
-9141
-22
9104
15163
16112
11632
3233
-6255
-13636
-16422
-13675
-6319
3165
11583
16099
15189
9162
47
-9083
-15153
-16117
-11650
-3258
6232
13622
16422
13689
6343
-3141
-11566
-16094
-15199
-9183
-72
9062
15143
16122
11668
3283
-6209
-13608
-16422
-13703
-6366
3116
11548
16088
15208
9203
98
-9041
-15133
-16127
-11686
-3307
6186
13594
16422
13717
6389
-3091
-11530
-16083
-15218
-9224
-123
9020
15124
16131
11703
3332
-6162
-13580
-16422
-13730
-6412
3066
11512
16078
15227
9245
148
-8999
-15114
-16117
-11645
-3188
6432
14010
17039
14549
7436
-1846
-10111
-14518
-13529
-7435
1751
10959
17104
18141
13739
5381
-4115
-11552
-14421
-11758
-4459
5017
13476
18068
17246
11287
2198
-6957
-13094
-14145
-9756
-1406
8092
15537
18421
15772
8482
-992
-9458
-14063
-13255
-7308
1776
10936
17084
18131
13698
5262
-4362
-11967
-15038
-12590
-5505
3772
12057
16502
15558
9497
325
-8895
-15074
-16154
-11791
-3455
6045
13509
16420
13799
6528
-2942
-11422
-16052
-15274
-9349
-274
8893
15064
16159
11809
3480
-6022
-13494
-16420
-13813
-6551
2918
11403
16047
15283
9370
299
-8872
-15054
-16163
-11826
-3504
5998
13480
16419
13826
6574
-2893
-11385
-16041
-15292
-9390
-324
8851
15044
16168
11844
3529
-5975
-13466
-16419
-13840
-6597
2868
11367
16036
15301
9411
350
-8830
-15034
-16172
-11861
-3554
5951
13451
16418
13853
6620
-2843
-11349
-16031
-15311
-9432
-375
8809
15024
16177
11879
3578
-5928
-13437
-16418
-13867
-6644
2818
11331
16025
15320
9452
400
-8787
-15014
-16181
-11896
-3603
5904
13422
16417
13880
6667
-2794
-11313
-16020
-15329
-9473
-425
8766
15003
16185
11913
3627
-5881
-13408
-16417
-13894
-6690
2769
11294
16014
15338
9493
450
-8745
-14993
-16189
-11931
-3652
5857
13393
16416
13907
6713
-2744
-11276
-16008
-15347
-9514
-475
8723
14983
16194
11948
3676
-5834
-13378
-16415
-13921
-6736
2719
11258
16003
15356
9535
501
-8702
-14972
-16198
-11965
-3701
5810
13364
16414
13934
6759
-2694
-11239
-15997
-15365
-9555
-526
8681
14962
16202
11983
3726
-5787
-13349
-16414
-13947
-6781
2669
11221
15991
15374
9575
551
-8659
-14952
-16225
-12076
-3919
5470
12890
15795
13156
5804
-3840
-12585
-17541
-17089
-11427
-2500
6657
12941
14210
10017
1775
-7740
-15320
-18412
-15974
-8827
620
9184
13980
13391
7616
-1399
-10616
-16931
-18214
-14034
-5799
3716
11305
14411
11987
4850
-4595
-13166
-17974
-17400
-11637
-2626
6595
12920
14237
10127
1992
-7399
-14846
-17793
-15195
-7873
1765
10530
15524
15116
9489
576
-8593
-14910
-16222
-12068
-3848
5669
13275
16409
14013
6896
-2545
-11129
-15962
-15417
-9678
-677
8552
14899
16226
12085
3873
-5645
-13261
-16408
-14027
-6919
2520
11110
15956
15426
9698
702
-8530
-14888
-16230
-12102
-3897
5621
13246
16407
14040
6942
-2495
-11091
-15950
-15435
-9718
-727
8509
14878
16234
12119
3922
-5598
-13231
-16406
-14053
-6964
2470
11073
15944
15443
9738
752
-8487
-14867
-16237
-12136
-3946
5574
13216
16405
14066
6987
-2445
-11054
-15938
-15452
-9759
-778
8466
14856
16241
12153
3970
-5550
-13201
-16403
-14079
-7010
2421
11036
15932
15460
9779
803
-8444
-14846
-16245
-12170
-3995
5527
13186
16402
14092
7033
-2396
-11017
-15926
-15469
-9799
-828
8423
14835
16249
12187
4019
-5503
-13171
-16401
-14105
-7056
2371
10998
15920
15477
9819
853
-8401
-14824
-16252
-12204
-4044
5479
13156
16400
14117
7078
-2346
-10980
-15914
-15486
-9840
-878
8379
14813
16256
12221
4068
-5455
-13141
-16398
-14130
-7101
2321
10961
15907
15494
9860
903
-8358
-14802
-16259
-12238
-4093
5432
13126
16397
14143
7124
-2296
-10942
-15901
-15502
-9880
-928
8336
14791
16263
12255
4117
-5408
-13110
-16395
-14156
-7146
2271
10923
15895
15511
9900
954
-8314
-14780
-16247
-12195
-3973
5677
13540
17011
14974
8169
-1051
-9522
-14333
-13812
-8089
945
10273
16769
18270
14288
6166
-3360
-11080
-14392
-12181
-5192
4221
12886
17882
17527
11940
3004
-6271
-12758
-14273
-10305
-2190
7336
15065
18391
16194
9214
-196
-8867
-13876
-13535
-7960
971
10249
16747
18257
14245
6046
-3605
-11494
-15007
-13012
-6237
2976
11465
16314
15836
10149
1130
-8208
-14736
-16280
-12338
-4239
5289
13034
16388
14219
7260
-2146
-10829
-15863
-15552
-10000
-1079
8205
14725
16283
12355
4263
-5265
-13019
-16386
-14232
-7282
2121
10810
15856
15560
10020
1104
-8183
-14714
-16286
-12371
-4287
5241
13003
16384
14244
7305
-2096
-10791
-15850
-15568
-10040
-1130
8162
14703
16290
12388
4312
-5217
-12988
-16383
-14257
-7327
2071
10772
15843
15576
10060
1155
-8140
-14691
-16293
-12404
-4336
5193
12973
16381
14269
7350
-2046
-10753
-15836
-15584
-10080
-1180
8118
14680
16296
12421
4360
-5169
-12957
-16379
-14282
-7372
2021
10734
15830
15592
10100
1205
-8096
-14669
-16299
-12437
-4385
5145
12942
16377
14294
7395
-1996
-10715
-15823
-15599
-10120
-1230
8074
14658
16302
12454
4409
-5121
-12926
-16375
-14307
-7417
1971
10696
15816
15607
10140
1255
-8052
-14646
-16305
-12470
-4433
5098
12911
16373
14319
7440
-1946
-10677
-15809
-15615
-10159
-1280
8030
14635
16308
12486
4457
-5074
-12895
-16371
-14331
-7462
1921
10657
15802
15623
10179
1305
-8008
-14623
-16311
-12503
-4482
5050
12879
16369
14344
7485
-1896
-10638
-15796
-15631
-10199
-1331
7986
14612
16314
12519
4506
-5026
-12864
-16367
-14356
-7507
1871
10619
15789
15638
10219
1356
-7964
-14600
-16336
-12612
-4699
4709
12404
15748
13563
6530
-3041
-11982
-17337
-17353
-12070
-3305
5961
12589
14320
10552
2554
-6978
-14832
-18363
-16380
-9552
-179
8580
13775
13654
8258
-594
-9920
-16577
-18323
-14568
-6578
2954
10817
14361
12392
5574
-3796
-12561
-17768
-17661
-12278
-3431
5898
12566
14344
10660
2771
-6637
-14356
-17742
-15600
-8597
966
9925
15316
15376
10129
1380
-7895
-14554
-16328
-12600
-4627
4906
12785
16357
14417
7619
-1746
-10523
-15754
-15676
-10317
-1481
7854
14542
16331
12616
4651
-4882
-12769
-16354
-14429
-7641
1721
10503
15746
15684
10337
1506
-7832
-14530
-16333
-12633
-4675
4857
12753
16352
14441
7664
-1696
-10484
-15739
-15691
-10356
-1531
7809
14519
16336
12649
4699
-4833
-12738
-16350
-14453
-7686
1671
10464
15732
15699
10376
1556
-7787
-14507
-16338
-12665
-4723
4809
12722
16347
14465
7708
-1646
-10445
-15725
-15706
-10395
-1581
7765
14495
16341
12681
4748
-4785
-12706
-16345
-14477
-7730
1621
10426
15718
15713
10415
1607
-7743
-14483
-16343
-12697
-4772
4761
12690
16342
14488
7753
-1596
-10406
-15710
-15721
-10434
-1632
7721
14471
16346
12713
4796
-4737
-12674
-16340
-14500
-7775
1570
10387
15703
15728
10454
1657
-7698
-14459
-16348
-12729
-4820
4713
12658
16337
14512
7797
-1545
-10367
-15695
-15735
-10473
-1682
7676
14447
16351
12744
4844
-4689
-12642
-16335
-14524
-7819
1520
10348
15688
15742
10492
1707
-7654
-14435
-16353
-12760
-4868
4665
12625
16332
14536
7841
-1495
-10328
-15681
-15750
-10512
-1732
7632
14423
16355
12776
4892
-4640
-12609
-16329
-14547
-7863
1470
10308
15673
15757
10531
1757
-7609
-14411
-16338
-12716
-4748
4909
13038
16944
15364
8885
-250
-8906
-14110
-14057
-8719
142
9568
16399
18360
14808
6940
-2592
-10577
-14324
-12571
-5908
3420
12269
17658
17771
12570
3807
-5565
-12387
-14362
-10824
-2964
6568
14561
18321
16582
9930
605
-8249
-13650
-13778
-8589
168
9542
16375
18345
14763
6820
-2837
-10989
-14936
-13399
-6952
2175
10847
16087
16078
10777
1933
-7501
-14363
-16366
-12855
-5012
4519
12528
16316
14605
7974
-1345
-10210
-15635
-15792
-10627
-1882
7497
14351
16368
12871
5036
-4495
-12512
-16313
-14617
-7996
1320
10190
15627
15799
10647
1907
-7475
-14338
-16370
-12886
-5060
4471
12496
16310
14628
8018
-1294
-10170
-15620
-15805
-10666
-1932
7453
14326
16372
12902
5084
-4447
-12479
-16307
-14640
-8040
1269
10151
15612
15812
10685
1957
-7430
-14314
-16374
-12917
-5108
4423
12463
16304
14651
8062
-1244
-10131
-15604
-15819
-10704
-1982
7408
14301
16376
12933
5132
-4398
-12446
-16301
-14663
-8084
1219
10111
15596
15826
10723
2007
-7385
-14289
-16378
-12948
-5156
4374
12430
16298
14674
8106
-1194
-10091
-15588
-15833
-10742
-2032
7363
14276
16380
12964
5180
-4350
-12414
-16295
-14685
-8127
1169
10071
15580
15839
10761
2057
-7340
-14264
-16382
-12979
-5204
4325
12397
16291
14696
8149
-1144
-10051
-15572
-15846
-10780
-2082
7318
14252
16383
12995
5228
-4301
-12381
-16288
-14708
-8171
1119
10031
15564
15852
10799
2107
-7295
-14239
-16385
-13010
-5251
4277
12364
16285
14719
8193
-1093
-10011
-15556
-15859
-10818
-2132
7272
14226
16387
13026
5275
-4252
-12347
-16282
-14730
-8215
1068
9991
15548
15866
10837
2157
-7250
-14214
-16408
-13117
-5468
3935
11886
15661
13936
7237
-2238
-11354
-17095
-17579
-12687
-4106
5246
12201
14390
11056
3323
-6204
-14314
-18275
-16752
-10258
-982
7951
13532
13878
8875
207
-9205
-16189
-18392
-15071
-7347
2179
10297
14272
12763
6280
-2993
-11931
-17524
-17885
-12894
-4232
5182
12176
14412
11163
3539
-5862
-13836
-17651
-15969
-9302
163
9294
15071
15598
10744
2181
-7178
-14163
-16395
-13102
-5394
4131
12264
16265
14785
8324
-943
-9891
-15507
-15898
-10931
-2282
7137
14150
16396
13117
5418
-4106
-12247
-16261
-14796
-8345
917
9871
15499
15904
10950
2307
-7114
-14138
-16397
-13132
-5442
4082
12230
16258
14807
8367
-892
-9851
-15490
-15910
-10969
-2332
7091
14125
16399
13147
5466
-4057
-12214
-16254
-14818
-8389
867
9831
15482
15916
10988
2357
-7068
-14112
-16400
-13162
-5490
4033
12197
16251
14829
8410
-842
-9811
-15474
-15923
-11006
-2382
7046
14099
16401
13177
5513
-4009
-12180
-16247
-14840
-8432
817
9790
15465
15929
11025
2407
-7023
-14086
-16403
-13192
-5537
3984
12163
16243
14850
8454
-792
-9770
-15457
-15935
-11044
-2431
7000
14073
16404
13207
5561
-3960
-12146
-16240
-14861
-8475
766
9750
15448
15941
11062
2456
-6977
-14060
-16405
-13222
-5584
3935
12129
16236
14872
8497
-741
-9730
-15439
-15947
-11081
-2481
6955
14047
16406
13237
5608
-3911
-12112
-16232
-14882
-8518
716
9709
15431
15953
11100
2506
-6932
-14034
-16407
-13252
-5632
3886
12095
16228
14893
8540
-691
-9689
-15422
-15959
-11118
-2531
6909
14021
16408
13267
5655
-3862
-12078
-16224
-14904
-8561
666
9669
15414
15965
11137
2556
-6886
-14008
-16429
-13358
-5848
3545
11616
15603
14109
7583
-1836
-11031
-16960
-17678
-12987
-4505
4882
11994
14410
11297
3703
-5813
-14044
-18216
-16925
-10604
-1385
7628
13396
13977
9174
606
-8840
-15981
-18411
-15311
-7726
1788
10027
14212
12935
6626
-2590
-11607
-17387
-17982
-13192
-4631
4817
11968
14431
11402
3918
-5471
-13565
-17591
-16141
-9647
-240
8970
14934
15695
11042
2579
-6814
-13955
-16413
-13341
-5773
3739
11992
16204
14956
8669
-540
-9567
-15370
-15994
-11229
-2680
6771
13942
16414
13356
5797
-3715
-11975
-16200
-14967
-8690
515
9546
15361
16000
11247
2705
-6748
-13928
-16415
-13370
-5821
3690
11958
16196
14977
8711
-490
-9526
-15352
-16005
-11266
-2730
6725
13915
16415
13385
5844
-3666
-11940
-16192
-14987
-8733
464
9505
15343
16011
11284
2755
-6703
-13901
-16416
-13399
-5868
3641
11923
16188
14998
8754
-439
-9484
-15334
-16016
-11302
-2780
6679
13888
16417
13414
5891
-3617
-11906
-16183
-15008
-8775
414
9464
15325
16022
11320
2805
-6656
-13875
-16417
-13429
-5915
3592
11888
16179
15018
8797
-389
-9443
-15316
-16028
-11339
-2829
6633
13861
16418
13443
5938
-3567
-11871
-16175
-15028
-8818
364
9423
15307
16033
11357
2854
-6610
-13848
-16419
-13457
-5962
3543
11854
16170
15038
8839
-338
-9402
-15297
-16038
-11375
-2879
6587
13834
16419
13472
5985
-3518
-11836
-16166
-15048
-8860
313
9381
15288
16044
11393
2904
-6564
-13820
-16420
-13486
-6009
3494
11819
16161
15058
8882
-288
-9361
-15279
-16049
-11411
-2929
6541
13807
16420
13501
6032
-3469
-11801
-16157
-15069
-8903
263
9340
15270
16054
11430
2953
-6518
-13793
-16440
-13591
-6224
3151
11339
15535
14274
7924
-1433
-10702
-16816
-17767
-13279
-4902
4514
11779
14421
11529
4079
-5420
-13766
-18148
-17088
-10945
-1787
7298
13251
14065
9466
1003
-8472
-15766
-18421
-15544
-8102
1395
9749
14143
13098
6966
-2187
-11278
-17242
-18070
-13484
-5028
4449
11752
14441
11634
4294
-5078
-13286
-17521
-16303
-9987
-643
8640
14788
15783
11333
2976
-6445
-13738
-16422
-13572
-6149
3346
11713
16134
15118
9008
-137
-9236
-15223
-16081
-11520
-3077
6402
13724
16422
13586
6172
-3321
-11696
-16129
-15128
-9029
112
9215
15214
16086
11538
3102
-6379
-13710
-16422
-13600
-6196
3296
11678
16124
15138
9050
-87
-9194
-15204
-16091
-11555
-3127
6356
13697
16422
13614
6219
-3272
-11660
-16120
-15148
-9071
61
9173
15195
16096
11573
3151
-6333
-13683
-16422
-13628
-6242
3247
11642
16115
15157
9092
-36
-9153
-15185
-16101
-11591
-3176
6309
13669
16422
13642
6266
-3222
-11625
-16110
-15167
-9113
11
9132
15175
16106
11609
3201
-6286
-13655
-16422
-13656
-6289
3198
11607
16105
15177
9134
14
-9111
-15166
-16111
-11627
-3225
6263
13641
16422
13670
6312
-3173
-11589
-16100
-15186
-9155
-39
9090
15156
16115
11645
3250
-6239
-13627
-16422
-13684
-6335
3148
11571
16095
15196
9176
65
-9069
-15146
-16120
-11662
-3275
6216
13613
16422
13698
6359
-3124
-11553
-16090
-15205
-9197
-90
9048
15137
16125
11680
3300
-6193
-13598
-16422
-13712
-6382
3099
11535
16085
15215
9218
115
-9027
-15127
-16130
-11698
-3324
6169
13584
16422
13726
6405
-3074
-11517
-16080
-15224
-9239
-140
9006
15117
16134
11715
3349
-6146
-13570
-16441
-13816
-6597
2756
11055
15457
14429
8259
-1030
-10367
-16663
-17846
-13565
-5297
4142
11556
14421
11754
4451
-5025
-13481
-18070
-17243
-11280
-2191
6963
13097
14144
9751
1398
-8099
-15542
-18421
-15767
-8475
1000
9463
14064
13252
7301
-1784
-10942
-17087
-18148
-13768
-5423
4076
11527
14440
11857
4666
-4682
-13001
-17442
-16457
-10322
-1046
8304
14633
15860
11617
3371
-6072
-13513
-16420
-13795
-6521
2950
11427
16054
15271
9343
266
-8900
-15067
-16157
-11803
-3472
6029
13499
16420
13808
6544
-2925
-11409
-16048
-15280
-9363
-291
8879
15057
16162
11821
3497
-6006
-13484
-16420
-13822
-6567
2901
11391
16043
15289
9384
316
-8858
-15047
-16166
-11838
-3521
5982
13470
16419
13836
6590
-2876
-11373
-16038
-15299
-9405
-342
8836
15037
16171
11856
3546
-5959
-13456
-16419
-13849
-6613
2851
11355
16032
15308
9425
367
-8815
-15027
-16175
-11873
-3571
5935
13441
16418
13863
6636
-2826
-11336
-16027
-15317
-9446
-392
8794
15017
16180
11891
3595
-5912
-13427
-16417
-13876
-6659
2801
11318
16021
15326
9466
417
-8773
-15006
-16184
-11908
-3620
5888
13412
16417
13890
6682
-2777
-11300
-16016
-15335
-9487
-442
8751
14996
16188
11925
3644
-5865
-13398
-16416
-13903
-6705
2752
11282
16010
15344
9508
468
-8730
-14986
-16192
-11943
-3669
5841
13383
16415
13916
6728
-2727
-11263
-16005
-15353
-9528
-493
8709
14976
16197
11960
3693
-5818
-13368
-16415
-13930
-6751
2702
11245
15999
15362
9549
518
-8687
-14965
-16201
-11977
-3718
5794
13354
16414
13943
6774
-2677
-11227
-15993
-15371
-9569
-543
8666
14955
16205
11994
3742
-5771
-13339
-16432
-14033
-6966
2359
10764
15370
14575
8590
-627
-10027
-16500
-17916
-13843
-5691
3766
11324
14412
11970
4820
-4627
-13190
-17982
-17388
-11610
-2593
6623
12934
14213
10029
1791
-7723
-15310
-18411
-15983
-8843
603
9171
13976
13397
7630
-1381
-10602
-16924
-18217
-14046
-5816
3700
11295
14429
12072
5034
-4285
-12708
-17353
-16601
-10651
-1449
7963
14469
15928
11894
3764
-5695
-13280
-16409
-14009
-6889
2553
11134
15964
15415
9671
669
-8559
-14902
-16225
-12080
-3865
5652
13265
16408
14022
6912
-2528
-11116
-15958
-15423
-9692
-694
8537
14892
16229
12097
3889
-5629
-13250
-16407
-14036
-6935
2503
11097
15952
15432
9712
719
-8516
-14881
-16232
-12114
-3914
5605
13235
16406
14049
6957
-2478
-11079
-15946
-15441
-9732
-744
8494
14870
16236
12131
3938
-5581
-13221
-16405
-14062
-6980
2453
11060
15940
15449
9752
770
-8472
-14860
-16240
-12148
-3963
5558
13206
16404
14075
7003
-2428
-11041
-15934
-15458
-9773
-795
8451
14849
16244
12165
3987
-5534
-13191
-16403
-14088
-7026
2403
11023
15928
15466
9793
820
-8429
-14838
-16247
-12182
-4012
5510
13176
16401
14101
7049
-2379
-11004
-15922
-15475
-9813
-845
8408
14827
16251
12199
4036
-5487
-13161
-16400
-14113
-7071
2354
10985
15916
15483
9833
870
-8386
-14817
-16255
-12216
-4061
5463
13145
16399
14126
7094
-2329
-10967
-15909
-15491
-9853
-895
8364
14806
16258
12232
4085
-5439
-13130
-16397
-14139
-7117
2304
10948
15903
15500
9874
921
-8343
-14795
-16262
-12249
-4109
5415
13115
16396
14152
7139
-2279
-10929
-15897
-15508
-9894
-946
8321
14784
16265
12266
4134
-5391
-13100
-16375
-14089
-6994
2547
11355
16508
16321
10914
2166
-6917
-13217
-14562
-10451
-2234
7348
15085
18393
16177
9185
-229
-8891
-13884
-13525
-7934
1004
10277
16762
18272
14299
6182
-3344
-11070
-14391
-12190
-5207
4204
12873
17878
17533
11954
3021
-6256
-12751
-14276
-10316
-2207
7320
15054
18371
16127
9061
-472
-9298
-14489
-14346
-8974
-241
8851
15184
16572
12501
4307
-5277
-13039
-16388
-14215
-7253
2154
10835
15865
15549
9994
1071
-8212
-14729
-16282
-12349
-4255
5272
13024
16387
14228
7275
-2129
-10816
-15858
-15557
-10014
-1097
8190
14717
16285
12366
4280
-5248
-13008
-16385
-14241
-7298
2104
10797
15852
15565
10034
1122
-8168
-14706
-16289
-12383
-4304
5225
12993
16383
14253
7320
-2079
-10778
-15845
-15573
-10054
-1147
8147
14695
16292
12399
4328
-5201
-12977
-16381
-14266
-7343
2054
10759
15838
15581
10074
1172
-8125
-14684
-16295
-12416
-4353
5177
12962
16380
14278
7365
-2029
-10740
-15832
-15589
-10094
-1197
8103
14672
16298
12432
4377
-5153
-12947
-16378
-14290
-7388
2004
10721
15825
15597
10114
1222
-8081
-14661
-16301
-12449
-4401
5129
12931
16376
14303
7410
-1979
-10702
-15818
-15605
-10133
-1247
8059
14650
16304
12465
4426
-5105
-12915
-16374
-14315
-7433
1954
10682
15811
15613
10153
1272
-8037
-14638
-16307
-12481
-4450
5081
12900
16372
14328
7455
-1929
-10663
-15805
-15620
-10173
-1298
8015
14627
16310
12498
4474
-5057
-12884
-16370
-14340
-7478
1904
10644
15798
15628
10193
1323
-7993
-14615
-16313
-12514
-4498
5033
12869
16368
14352
7500
-1879
-10625
-15791
-15636
-10212
-1348
7971
14604
16316
12530
4523
-5009
-12853
-16385
-14440
-7691
1561
10161
15167
14839
9232
178
-9332
-16148
-18026
-14378
-6471
3004
10837
14364
12377
5545
-3829
-12587
-17777
-17651
-12252
-3398
5927
12581
14322
10563
2571
-6961
-14822
-18362
-16389
-9567
-196
8567
13770
13659
8272
-577
-9905
-16569
-18324
-14579
-6595
2937
10806
14379
12477
5758
-3486
-12104
-17146
-16862
-11291
-2253
7265
14113
16034
12427
4543
-4932
-12790
-16357
-14413
-7612
1754
10529
15756
15674
10311
1473
-7861
-14546
-16330
-12611
-4643
4889
12774
16355
14425
7634
-1729
-10509
-15749
-15682
-10330
-1498
7838
14534
16332
12628
4668
-4865
-12758
-16353
-14437
-7657
1704
10490
15742
15689
10350
1523
-7816
-14522
-16335
-12644
-4692
4841
12742
16350
14449
7679
-1679
-10471
-15734
-15696
-10370
-1549
7794
14511
16338
12660
4716
-4817
-12727
-16348
-14461
-7701
1654
10451
15727
15704
10389
1574
-7772
-14499
-16340
-12676
-4740
4793
12711
16346
14473
7723
-1628
-10432
-15720
-15711
-10409
-1599
7750
14487
16343
12692
4764
-4769
-12695
-16343
-14485
-7746
1603
10412
15713
15718
10428
1624
-7728
-14475
-16345
-12708
-4788
4745
12679
16341
14497
7768
-1578
-10393
-15705
-15726
-10447
-1649
7705
14463
16348
12724
4812
-4720
-12663
-16338
-14508
-7790
1553
10373
15698
15733
10467
1674
-7683
-14451
-16350
-12740
-4836
4696
12647
16336
14520
7812
-1528
-10354
-15690
-15740
-10486
-1699
7661
14439
16352
12755
4861
-4672
-12631
-16333
-14532
-7834
1503
10334
15683
15747
10506
1724
-7639
-14427
-16355
-12771
-4885
4648
12614
16330
14544
7856
-1478
-10314
-15675
-15754
-10525
-1749
7616
14415
16357
12787
4909
-4624
-12598
-16347
-14631
-8047
1160
9850
15051
14957
9544
579
-8977
-15959
-18066
-14634
-6857
2619
10582
14325
12567
5901
-3428
-12275
-17660
-17769
-12564
-3799
5572
12391
14361
10819
2957
-6575
-14566
-18322
-16579
-9923
-597
8256
13653
13776
8583
-176
-9549
-16379
-18363
-14834
-6981
2551
10550
14339
12666
6113
-3085
-11791
-17028
-16978
-11602
-2654
6909
13922
16073
12682
4929
-4546
-12533
-16317
-14602
-7967
1353
10216
15637
15790
10621
1874
-7504
-14354
-16368
-12866
-5029
4503
12517
16314
14613
7989
-1327
-10196
-15630
-15796
-10641
-1899
7482
14342
16370
12881
5053
-4479
-12501
-16311
-14625
-8011
1302
10177
15622
15803
10660
1924
-7460
-14330
-16372
-12897
-5077
4454
12484
16308
14636
8033
-1277
-10157
-15614
-15810
-10679
-1949
7437
14318
16374
12913
5101
-4430
-12468
-16305
-14648
-8055
1252
10137
15606
15817
10698
1974
-7415
-14305
-16376
-12928
-5124
4406
12452
16302
14659
8077
-1227
-10117
-15598
-15824
-10717
-1999
7392
14293
16377
12944
5148
-4382
-12435
-16299
-14670
-8099
1202
10097
15591
15830
10736
2024
-7370
-14280
-16379
-12959
-5172
4357
12419
16296
14682
8121
-1177
-10077
-15583
-15837
-10755
-2049
7347
14268
16381
12975
5196
-4333
-12402
-16292
-14693
-8142
1152
10058
15575
15844
10774
2074
-7325
-14255
-16383
-12990
-5220
4309
12386
16289
14704
8164
-1126
-10038
-15567
-15850
-10793
-2099
7302
14243
16385
13005
5244
-4284
-12369
-16286
-14715
-8186
1101
10018
15559
15857
10812
2124
-7279
-14230
-16386
-13021
-5268
4260
12353
16283
14726
8208
-1076
-9998
-15551
-15864
-10831
-2149
7257
14218
16388
13036
5292
-4236
-12336
-16299
-14814
-8398
758
9533
14925
15065
9850
979
-8617
-15761
-18097
-14883
-7239
2231
10319
14276
12749
6252
-3026
-11958
-17534
-17876
-12869
-4199
5212
12192
14391
11067
3339
-6187
-14303
-18273
-16760
-10273
-999
7938
13526
13883
8888
224
-9189
-16180
-18393
-15082
-7363
2163
10286
14289
12847
6464
-2683
-11473
-16901
-17084
-11907
-3054
6549
13723
16101
12929
5311
-4158
-12269
-16266
-14782
-8317
950
9898
15510
15896
10926
2274
-7144
-14154
-16396
-13112
-5411
4114
12252
16262
14793
8339
-925
-9877
-15501
-15902
-10944
-2299
7121
14142
16397
13127
5435
-4090
-12236
-16259
-14804
-8360
900
9857
15493
15908
10963
2324
-7098
-14129
-16398
-13143
-5458
4065
12219
16255
14815
8382
-875
-9837
-15485
-15914
-10982
-2349
7076
14116
16400
13158
5482
-4041
-12202
-16252
-14825
-8404
850
9817
15476
15921
11001
2374
-7053
-14103
-16401
-13173
-5506
4016
12185
16248
14836
8425
-825
-9797
-15468
-15927
-11019
-2399
7030
14090
16402
13188
5530
-3992
-12168
-16244
-14847
-8447
800
9776
15459
15933
11038
2424
-7007
-14077
-16404
-13203
-5553
3967
12151
16241
14858
8468
-774
-9756
-15451
-15939
-11057
-2449
6984
14064
16405
13218
5577
-3943
-12134
-16237
-14868
-8490
749
9736
15442
15945
11075
2474
-6962
-14051
-16406
-13233
-5601
3918
12117
16233
14879
8512
-724
-9716
-15434
-15951
-11094
-2498
6939
14038
16407
13248
5624
-3894
-12100
-16229
-14890
-8533
699
9695
15425
15957
11112
2523
-6916
-14025
-16408
-13262
-5648
3870
12083
16225
14900
8555
-674
-9675
-15416
-15963
-11131
-2548
6893
14012
16409
13277
5672
-3845
-12066
-16202
-14835
-8408
941
10099
16025
16774
12149
3768
-5488
-12443
-14703
-11461
-3771
5801
14049
18218
16922
10598
1377
-7634
-13399
-13975
-9168
-598
8847
15985
18411
15307
7719
-1796
-10032
-14214
-12932
-6619
2598
11614
17390
17981
13186
4623
-4824
-11972
-14412
-11322
-3743
5772
14015
18190
16866
10472
1134
-8038
-13999
-14791
-10205
-1843
7419
14403
16706
13505
5842
-3728
-11998
-16206
-14953
-8662
548
9573
15372
15992
11223
2673
-6779
-13946
-16414
-13351
-5790
3722
11980
16201
14963
8683
-523
-9552
-15364
-15998
-11242
-2697
6756
13932
16414
13366
5813
-3698
-11963
-16197
-14974
-8705
497
9532
15355
16003
11260
2722
-6733
-13919
-16415
-13380
-5837
3673
11946
16193
14984
8726
-472
-9511
-15346
-16009
-11278
-2747
6710
13906
16416
13395
5860
-3649
-11929
-16189
-14994
-8747
447
9491
15337
16015
11297
2772
-6687
-13892
-16417
-13409
-5884
3624
11911
16185
15005
8769
-422
-9470
-15328
-16020
-11315
-2797
6664
13879
16417
13424
5907
-3600
-11894
-16180
-15015
-8790
397
9450
15319
16026
11333
2822
-6641
-13865
-16418
-13438
-5931
3575
11876
16176
15025
8811
-372
-9429
-15309
-16031
-11351
-2846
6618
13852
16418
13453
5954
-3551
-11859
-16172
-15035
-8832
346
9408
15300
16037
11369
2871
-6595
-13838
-16419
-13467
-5978
3526
11842
16167
15045
8854
-321
-9388
-15291
-16042
-11388
-2896
6571
13825
16420
13482
6001
-3501
-11824
-16163
-15055
-8875
296
9367
15282
16047
11406
2921
-6548
-13811
-16420
-13496
-6025
3477
11807
16158
15065
8896
-271
-9346
-15273
-16053
-11424
-2946
6525
13797
16420
13510
6048
-3452
-11789
-16135
-14999
-8749
539
9770
15881
16863
12442
4165
-5119
-12228
-14714
-11693
-4148
5408
13772
18149
17085
10938
1780
-7305
-13254
-14063
-9460
-995
8479
15770
18421
15539
8095
-1403
-9754
-14145
-13095
-6960
2195
11284
17245
18069
13478
5020
-4456
-11756
-14421
-11553
-4118
5378
13736
18121
17029
10812
1537
-7708
-13853
-14879
-10496
-2240
7050
14187
16715
13736
6218
-3334
-11719
-16135
-15115
-9002
145
9243
15226
16079
11514
3069
-6409
-13729
-16422
-13582
-6165
3329
11701
16131
15125
9023
-120
-9222
-15217
-16084
-11532
-3094
6386
13715
16422
13596
6188
-3304
-11683
-16126
-15135
-9044
94
9201
15207
16089
11550
3119
-6363
-13701
-16422
-13610
-6212
3279
11666
16121
15144
9065
-69
-9180
-15198
-16094
-11568
-3144
6340
13687
16422
13624
6235
-3255
-11648
-16116
-15154
-9086
44
9159
15188
16099
11586
3168
-6317
-13673
-16422
-13638
-6258
3230
11630
16111
15164
9107
-19
-9138
-15178
-16104
-11603
-3193
6293
13659
16422
13652
6282
-3205
-11612
-16107
-15174
-9128
-6
9117
15169
16109
11621
3218
-6270
-13645
-16422
-13666
-6305
3181
11595
16102
15183
9149
31
-9096
-15159
-16114
-11639
-3242
6247
13631
16422
13680
6328
-3156
-11577
-16097
-15193
-9170
-57
9075
15149
16119
11657
3267
-6223
-13617
-16422
-13694
-6351
3131
11559
16092
15202
9190
82
-9054
-15140
-16124
-11675
-3292
6200
13603
16422
13708
6375
-3107
-11541
-16087
-15212
-9211
-107
9033
15130
16128
11692
3317
-6177
-13589
-16422
-13722
-6398
3082
11523
16081
15221
9232
132
-9012
-15120
-16133
-11710
-3341
6153
13575
16422
13736
6421
-3057
-11505
-16096
-15307
-9422
-450
8547
14493
15333
10728
2171
-7513
-15116
-18129
-15581
-8368
1051
9487
14071
13240
7274
-1817
-10970
-17100
-18142
-13745
-5390
4107
11546
14421
11763
4467
-5008
-13469
-18066
-17249
-11295
-2208
6949
13090
14147
9763
1415
-8083
-15532
-18421
-15777
-8491
983
9451
14080
13335
7484
-1474
-10483
-16463
-17347
-12780
-4245
5443
13073
16128
13622
6438
-2977
-11433
-16055
-15268
-9336
-258
8907
15070
16156
11798
3464
-6036
-13503
-16420
-13804
-6537
2933
11415
16050
15277
9357
283
-8885
-15060
-16161
-11815
-3489
6013
13489
16420
13818
6560
-2908
-11397
-16045
-15287
-9377
-309
8864
15050
16165
11833
3514
-5990
-13475
-16419
-13831
-6583
2884
11379
16039
15296
9398
334
-8843
-15040
-16169
-11850
-3538
5966
13460
16419
13845
6606
-2859
-11360
-16034
-15305
-9419
-359
8822
15030
16174
11868
3563
-5943
-13446
-16418
-13858
-6629
2834
11342
16029
15314
9439
384
-8801
-15020
-16178
-11885
-3587
5919
13431
16418
13872
6652
-2809
-11324
-16023
-15323
-9460
-409
8779
15010
16183
11903
3612
-5896
-13417
-16417
-13885
-6675
2784
11306
16017
15332
9481
435
-8758
-14999
-16187
-11920
-3637
5872
13402
16416
13899
6698
-2760
-11287
-16012
-15341
-9501
-460
8737
14989
16191
11937
3661
-5849
-13388
-16416
-13912
-6721
2735
11269
16006
15350
9522
485
-8715
-14979
-16195
-11955
-3686
5825
13373
16415
13926
6744
-2710
-11251
-16001
-15359
-9542
-510
8694
14969
16199
11972
3710
-5801
-13358
-16414
-13939
-6767
2685
11232
15995
15368
9563
535
-8673
-14958
-16203
-11989
-3735
5778
13344
16413
13952
6790
-2660
-11214
-15970
-15301
-9415
-268
9096
15565
17012
13006
4954
-4372
-11773
-14705
-12134
-4889
4616
13196
17983
17386
11604
2586
-6630
-12937
-14212
-10023
-1784
7731
15314
18412
15979
8836
-610
-9177
-13978
-13394
-7624
1389
10608
16927
18216
14041
5808
-3707
-11300
-14411
-11992
-4859
4586
13159
17953
17327
11476
2343
-7031
-13534
-15024
-11058
-3028
6301
13729
16702
14174
6958
-2541
-11140
-15966
-15412
-9665
-661
8565
14906
16224
12075
3857
-5660
-13270
-16409
-14018
-6905
2536
11122
15960
15421
9685
686
-8544
-14895
-16227
-12092
-3882
5636
13255
16408
14031
6927
-2511
-11103
-15954
-15429
-9706
-711
8522
14884
16231
12109
3906
-5613
-13240
-16406
-14045
-6950
2486
11084
15948
15438
9726
737
-8501
-14874
-16235
-12126
-3931
5589
13225
16405
14058
6973
-2461
-11066
-15942
-15446
-9746
-762
8479
14863
16239
12143
3955
-5565
-13210
-16404
-14071
-6996
2436
11047
15936
15455
9766
787
-8458
-14852
-16243
-12160
-3980
5541
13195
16403
14084
7019
-2411
-11029
-15930
-15463
-9787
-812
8436
14842
16246
12177
4004
-5518
-13180
-16402
-14096
-7041
2386
11010
15924
15472
9807
837
-8414
-14831
-16250
-12194
-4028
5494
13165
16400
14109
7064
-2361
-10991
-15918
-15480
-9827
-862
8393
14820
16254
12210
4053
-5470
-13150
-16399
-14122
-7087
2336
10972
15911
15489
9847
888
-8371
-14809
-16257
-12227
-4077
5446
13135
16398
14135
7110
-2312
-10954
-15905
-15497
-9867
-913
8349
14798
16261
12244
4102
-5423
-13120
-16396
-14148
-7132
2287
10935
15899
15505
9887
938
-8328
-14787
-16264
-12261
-4126
5399
13105
16395
14161
7155
-2262
-10916
-15873
-15438
-9739
-670
8750
15394
17073
13278
5346
-3992
-11534
-14686
-12342
-5254
4217
12897
17886
17522
11928
2988
-6284
-12765
-14271
-10294
-2175
7351
15074
18392
16186
9200
-212
-8878
-13880
-13530
-7948
987
10263
16754
18274
14311
6199
-3327
-11059
-14390
-12199
-5223
4187
12860
17854
17462
11799
2746
-6685
-13360
-15083
-11328
-3419
5921
13488
16682
14380
7322
-2143
-10841
-15867
-15546
-9988
-1064
8219
14732
16281
12344
4248
-5280
-13028
-16387
-14224
-7268
2137
10822
15860
15555
10008
1089
-8197
-14721
-16284
-12361
-4272
5256
13013
16385
14237
7291
-2112
-10803
-15854
-15563
-10028
-1114
8175
14710
16288
12377
4297
-5232
-12998
-16384
-14249
-7313
2087
10784
15847
15571
10048
1139
-8153
-14699
-16291
-12394
-4321
5208
12982
16382
14262
7336
-2062
-10765
-15840
-15579
-10068
-1164
8132
14687
16294
12410
4345
-5184
-12967
-16380
-14274
-7358
2037
10746
15834
15587
10087
1189
-8110
-14676
-16297
-12427
-4369
5160
12951
16378
14287
7381
-2012
-10727
-15827
-15595
-10107
-1214
8088
14665
16300
12443
4394
-5136
-12936
-16377
-14299
-7403
1987
10708
15820
15602
10127
1240
-8066
-14653
-16303
-12460
-4418
5113
12920
16375
14311
7426
-1962
-10688
-15814
-15610
-10147
-1265
8044
14642
16306
12476
4442
-5089
-12905
-16373
-14324
-7448
1937
10669
15807
15618
10167
1290
-8022
-14630
-16309
-12493
-4466
5065
12889
16371
14336
7471
-1912
-10650
-15800
-15626
-10187
-1315
8000
14619
16312
12509
4491
-5041
-12874
-16369
-14348
-7493
1887
10631
15793
15634
10206
1340
-7978
-14608
-16315
-12525
-4515
5017
12858
16367
14361
7516
-1862
-10612
-15767
-15565
-10057
-1072
8400
15213
17123
13542
5734
-3610
-11287
-14657
-12541
-5614
3817
12593
17779
17649
12246
3390
-5934
-12584
-14321
-10558
-2563
6969
14826
18362
16385
9560
188
-8573
-13772
-13657
-8265
585
9912
16573
18324
14574
6588
-2945
-10811
-14360
-12397
-5583
3787
12554
17746
17588
12117
3147
-6334
-13179
-15131
-11590
-3807
5538
13239
16651
14578
7681
-1742
-10535
-15758
-15672
-10305
-1465
7868
14550
16329
12606
4636
-4897
-12779
-16356
-14421
-7627
1737
10515
15751
15679
10324
1491
-7845
-14538
-16332
-12622
-4660
4873
12763
16353
14433
7650
-1711
-10496
-15744
-15687
-10344
-1516
7823
14526
16334
12639
4684
-4848
-12747
-16351
-14445
-7672
1686
10477
15737
15694
10363
1541
-7801
-14514
-16337
-12655
-4708
4824
12732
16349
14457
7694
-1661
-10457
-15729
-15701
-10383
-1566
7779
14503
16339
12671
4733
-4800
-12716
-16346
-14469
-7716
1636
10438
15722
15709
10402
1591
-7757
-14491
-16342
-12687
-4757
4776
12700
16344
14481
7739
-1611
-10418
-15715
-15716
-10422
-1616
7735
14479
16344
12703
4781
-4752
-12684
-16341
-14493
-7761
1586
10399
15707
15723
10441
1641
-7712
-14467
-16347
-12719
-4805
4728
12668
16339
14505
7783
-1561
-10379
-15700
-15731
-10461
-1666
7690
14455
16349
12735
4829
-4704
-12652
-16336
-14517
-7805
1536
10360
15693
15738
10480
1691
-7668
-14443
-16352
-12750
-4853
4680
12636
16334
14528
7827
-1511
-10340
-15685
-15745
-10500
-1716
7645
14431
16354
12766
4877
-4656
-12619
-16331
-14540
-7850
1486
10321
15678
15752
10519
1741
-7623
-14419
-16356
-12782
-4901
4631
12603
16328
14552
7872
-1461
-10301
-15651
-15683
-10370
-1473
8045
15024
17163
13798
6120
-3225
-11032
-14619
-12732
-5970
3416
12281
17663
17766
12558
3791
-5579
-12395
-14361
-10814
-2949
6583
14571
18323
16575
9916
589
-8262
-13655
-13773
-8577
184
9556
16383
18363
14829
6973
-2559
-10555
-14320
-12587
-5938
3385
12242
17628
17704
12428
3549
-5978
-12988
-15170
-11845
-4192
5152
12983
16610
14767
8036
-1341
-10222
-15640
-15787
-10615
-1866
7511
14358
16367
12861
5021
-4510
-12522
-16315
-14610
-7982
1335
10203
15632
15794
10635
1891
-7489
-14346
-16369
-12876
-5045
4486
12506
16312
14621
8004
-1310
-10183
-15624
-15801
-10654
-1916
7467
14334
16371
12892
5069
-4462
-12490
-16309
-14633
-8026
1285
10163
15617
15808
10673
1942
-7444
-14321
-16373
-12908
-5093
4438
12473
16306
14644
8048
-1260
-10143
-15609
-15815
-10692
-1967
7422
14309
16375
12923
5117
-4413
-12457
-16303
-14655
-8070
1235
10123
15601
15822
10711
1992
-7399
-14297
-16377
-12939
-5141
4389
12440
16300
14667
8092
-1210
-10104
-15593
-15828
-10730
-2017
7377
14284
16379
12954
5165
-4365
-12424
-16297
-14678
-8114
1185
10084
15585
15835
10749
2042
-7354
-14272
-16381
-12970
-5189
4341
12407
16293
14689
8136
-1159
-10064
-15577
-15842
-10768
-2067
7332
14259
16382
12985
5213
-4316
-12391
-16290
-14701
-8158
1134
10044
15569
15848
10787
2092
-7309
-14247
-16384
-13001
-5237
4292
12374
16287
14712
8179
-1109
-10024
-15561
-15855
-10806
-2116
7286
14234
16386
13016
5260
-4268
-12358
-16284
-14723
-8201
1084
10004
15553
15861
10825
2141
-7264
-14222
-16387
-13031
-5284
4243
12341
16281
14734
8223
-1059
-9984
-15526
-15792
-10676
-1874
7686
14826
17194
14047
6503
-2836
-10769
-14570
-12914
-6321
3015
11964
17537
17874
12863
4191
-5219
-12196
-14391
-11062
-3332
6195
14308
18274
16756
10267
991
-7944
-13529
-13881
-8882
-216
9196
16184
18392
15077
7356
-2170
-10291
-14270
-12767
-6288
2983
11924
17501
17811
12732
3948
-5618
-12788
-15199
-12092
-4575
4763
12719
16560
14947
8386
-939
-9904
-15512
-15894
-10920
-2266
7151
14158
16395
13108
5403
-4122
-12258
-16264
-14789
-8332
933
9884
15504
15900
10938
2291
-7128
-14146
-16397
-13123
-5427
4097
12241
16260
14800
8354
-908
-9864
-15496
-15906
-10957
-2316
7105
14133
16398
13138
5451
-4073
-12224
-16256
-14811
-8375
883
9843
15487
15912
10976
2341
-7083
-14120
-16399
-13153
-5475
4048
12207
16253
14822
8397
-858
-9823
-15479
-15919
-10995
-2366
7060
14107
16401
13168
5498
-4024
-12190
-16249
-14833
-8418
833
9803
15470
15925
11013
2391
-7037
-14094
-16402
-13183
-5522
3999
12173
16246
14844
8440
-807
-9783
-15462
-15931
-11032
-2416
7014
14081
16403
13198
5546
-3975
-12157
-16242
-14854
-8462
782
9763
15453
15937
11051
2441
-6992
-14068
-16404
-13213
-5570
3951
12140
16238
14865
8483
-757
-9742
-15445
-15943
-11069
-2466
6969
14055
16406
13228
5593
-3926
-12123
-16234
-14876
-8505
732
9722
15436
15949
11088
2491
-6946
-14042
-16407
-13243
-5617
3902
12106
16231
14886
8526
-707
-9702
-15428
-15955
-11107
-2516
6923
14029
16408
13258
5641
-3877
-12089
-16227
-14897
-8548
682
9681
15419
15961
11125
2540
-6900
-14016
-16409
-13273
-5664
3853
12072
16223
14908
8569
-656
-9661
-15430
-16043
-11312
-2858
6433
13385
15605
12287
4493
-5211
-13610
-17926
-16750
-10515
-1350
7641
13402
13973
9162
590
-8855
-15990
-18411
-15302
-7712
1804
10037
14215
12929
6612
-2606
-11620
-17393
-17979
-13181
-4615
4832
11976
14412
11317
3735
-5779
-14020
-18211
-16939
-10634
-1419
7600
13403
14061
9368
933
-8364
-15346
-17608
-14332
-6564
3137
11559
15914
14781
8579
-575
-9579
-15375
-15990
-11217
-2665
6786
13950
16413
13346
5782
-3730
-11986
-16203
-14960
-8677
531
9559
15366
15996
11236
2690
-6763
-13937
-16414
-13361
-5806
3706
11969
16199
14970
8698
-505
-9538
-15357
-16002
-11254
-2714
6740
13923
16415
13376
5829
-3681
-11951
-16194
-14981
-8719
480
9518
15348
16007
11272
2739
-6717
-13910
-16416
-13390
-5853
3657
11934
16190
14991
8741
-455
-9497
-15339
-16013
-11291
-2764
6694
13896
16416
13405
5877
-3632
-11917
-16186
-15001
-8762
430
9477
15330
16019
11309
2789
-6671
-13883
-16417
-13419
-5900
3607
11899
16182
15012
8783
-405
-9456
-15321
-16024
-11327
-2814
6648
13869
16418
13434
5924
-3583
-11882
-16177
-15022
-8805
379
9436
15312
16030
11346
2839
-6625
-13856
-16418
-13448
-5947
3558
11865
16173
15032
8826
-354
-9415
-15303
-16035
-11364
-2863
6602
13842
16419
13463
5971
-3534
-11847
-16169
-15042
-8847
329
9394
15294
16040
11382
2888
-6579
-13829
-16419
-13477
-5994
3509
11830
16164
15052
8868
-304
-9374
-15285
-16046
-11400
-2913
6556
13815
16420
13492
6017
-3484
-11812
-16160
-15062
-8889
279
9353
15276
16051
11418
2938
-6532
-13802
-16420
-13506
-6041
3460
11795
16155
15072
8911
-253
-9332
-15247
-15980
-11268
-2670
6954
14405
17226
14520
7259
-2052
-10222
-14444
-13251
-7008
2209
11311
17257
18062
13454
4987
-4486
-11774
-14421
-11535
-4088
5411
13760
18146
17092
10953
1797
-7291
-13248
-14067
-9472
-1012
8463
15761
18421
15549
8111
-1386
-9742
-14141
-13102
-6974
2178
11270
17219
17996
13322
4744
-4884
-12364
-15226
-12563
-5330
3979
12169
16430
15281
9071
-134
-9249
-15229
-16077
-11508
-3062
6417
13733
16422
13577
6158
-3337
-11707
-16132
-15122
-9016
128
9228
15219
16082
11526
3086
-6394
-13719
-16422
-13591
-6181
3312
11689
16127
15132
9037
-102
-9207
-15210
-16088
-11544
-3111
6370
13705
16422
13606
6204
-3287
-11671
-16123
-15141
-9058
77
9187
15200
16093
11562
3136
-6347
-13691
-16422
-13620
-6228
3263
11654
16118
15151
9079
-52
-9166
-15191
-16098
-11580
-3161
6324
13677
16422
13634
6251
-3238
-11636
-16113
-15161
-9100
27
9145
15181
16103
11598
3185
-6301
-13663
-16422
-13648
-6274
3213
11618
16108
15171
9121
-2
-9124
-15172
-16107
-11616
-3210
6277
13649
16422
13662
6298
-3188
-11600
-16103
-15180
-9142
-24
9103
15162
16112
11634
3235
-6254
-13635
-16422
-13676
-6321
3164
11582
16098
15190
9163
49
-9082
-15152
-16117
-11651
-3259
6231
13621
16422
13690
6344
-3139
-11564
-16093
-15199
-9184
-74
9061
15143
16122
11669
3284
-6207
-13607
-16422
-13704
-6367
3114
11547
16088
15209
9205
99
-9040
-15133
-16127
-11687
-3309
6184
13593
16422
13717
6391
-3089
-11529
-16083
-15218
-9226
-124
9019
15123
16132
11704
3333
-6161
-13579
-16422
-13731
-6414
3065
11511
16078
15228
9246
150
-8998
-15094
-16060
-11554
-3065
6582
14182
17227
14745
7632
-1657
-9937
-14366
-13406
-7343
1806
10977
17103
18141
13740
5383
-4114
-11551
-14421
-11759
-4460
5015
13475
18068
17247
11288
2200
-6956
-13093
-14146
-9757
-1407
8091
15536
18421
15773
8483
-990
-9457
-14062
-13256
-7309
1775
10934
17064
18074
13606
5139
-4512
-12139
-15226
-12786
-5702
3583
11883
16350
15434
9406
270
-8913
-15074
-16155
-11792
-3457
6044
13508
16420
13800
6530
-2941
-11420
-16052
-15274
-9350
-276
8892
15063
16159
11810
3481
-6020
-13493
-16420
-13814
-6553
2916
11402
16046
15284
9371
301
-8871
-15053
-16164
-11827
-3506
5997
13479
16419
13827
6576
-2891
-11384
-16041
-15293
-9392
-326
8850
15043
16168
11845
3531
-5973
-13465
-16419
-13841
-6599
2867
11366
16036
15302
9412
351
-8828
-15033
-16172
-11862
-3555
5950
13450
16418
13854
6622
-2842
-11348
-16030
-15311
-9433
-376
8807
15023
16177
11880
3580
-5926
-13436
-16418
-13868
-6645
2817
11330
16025
15320
9454
401
-8786
-15013
-16181
-11897
-3604
5903
13421
16417
13881
6668
-2792
-11311
-16019
-15329
-9474
-427
8765
15003
16185
11914
3629
-5879
-13407
-16417
-13895
-6691
2767
11293
16014
15338
9495
452
-8743
-14992
-16190
-11932
-3653
5856
13392
16416
13908
6714
-2742
-11275
-16008
-15347
-9515
-477
8722
14982
16194
11949
3678
-5832
-13378
-16415
-13921
-6737
2718
11256
16002
15356
9536
502
-8701
-14972
-16198
-11966
-3703
5809
13363
16414
13935
6760
-2693
-11238
-15997
-15365
-9556
-527
8679
14961
16202
11984
3727
-5785
-13348
-16414
-13948
-6783
2668
11220
15991
15374
9577
553
-8658
-14932
-16130
-11832
-3459
6206
13951
17218
14961
8001
-1260
-9646
-14278
-13551
-7673
1403
10636
16941
18210
14018
5776
-3738
-11319
-14412
-11975
-4829
4618
13183
17979
17392
11618
2603
-6615
-12930
-14214
-10035
-1801
7714
15304
18411
15988
8852
-593
-9164
-13974
-13400
-7638
1372
10594
16900
18142
13884
5532
-4135
-11907
-15215
-13001
-6070
3186
11590
16261
15578
9735
672
-8572
-14909
-16222
-12069
-3850
5667
13275
16409
14014
6897
-2544
-11127
-15962
-15418
-9679
-678
8551
14898
16226
12086
3874
-5644
-13260
-16408
-14027
-6920
2519
11109
15956
15427
9699
704
-8529
-14888
-16230
-12103
-3899
5620
13245
16407
14040
6943
-2494
-11090
-15950
-15435
-9719
-729
8508
14877
16234
12121
3923
-5596
-13230
-16406
-14053
-6966
2469
11072
15944
15444
9740
754
-8486
-14866
-16238
-12137
-3948
5573
13215
16405
14067
6989
-2444
-11053
-15938
-15452
-9760
-779
8464
14856
16241
12154
3972
-5549
-13200
-16403
-14079
-7012
2419
11034
15932
15461
9780
804
-8443
-14845
-16245
-12171
-3996
5525
13185
16402
14092
7034
-2394
-11016
-15926
-15469
-9801
-829
8421
14834
16249
12188
4021
-5501
-13170
-16401
-14105
-7057
2369
10997
15919
15478
9821
855
-8400
-14823
-16252
-12205
-4045
5478
13155
16399
14118
7080
-2344
-10978
-15913
-15486
-9841
-880
8378
14813
16256
12222
4070
-5454
-13140
-16398
-14131
-7103
2319
10960
15907
15495
9861
905
-8356
-14802
-16260
-12239
-4094
5430
13125
16397
14144
7125
-2294
-10941
-15901
-15503
-9881
-930
8335
14791
16263
12256
4118
-5406
-13109
-16395
-14157
-7148
2269
10922
15894
15511
9901
955
-8313
-14799
-16343
-12441
-4436
4938
12477
15589
13169
5975
-3627
-12459
-17595
-17351
-11845
-2961
6291
12769
14270
10289
2167
-7359
-15079
-18392
-16182
-9193
219
8884
13882
13528
7941
-995
-10269
-16758
-18273
-14306
-6192
3335
11064
14391
12195
5216
-4195
-12865
-17875
-17536
-11961
-3031
6248
12766
14353
10491
2509
-6867
-14431
-17584
-15207
-8043
1552
10402
15576
15375
9905
1037
-8226
-14736
-16280
-12339
-4240
5287
13033
16388
14220
7261
-2145
-10828
-15862
-15552
-10001
-1081
8204
14724
16283
12356
4265
-5263
-13018
-16386
-14233
-7284
2120
10809
15856
15560
10021
1106
-8182
-14713
-16287
-12372
-4289
5240
13003
16384
14245
7306
-2095
-10790
-15849
-15568
-10041
-1131
8160
14702
16290
12389
4313
-5216
-12987
-16383
-14258
-7329
2070
10771
15843
15576
10061
1156
-8138
-14691
-16293
-12405
-4338
5192
12972
16381
14270
7351
-2045
-10752
-15836
-15584
-10081
-1181
8116
14679
16296
12422
4362
-5168
-12956
-16379
-14283
-7374
2020
10733
15829
15592
10101
1207
-8095
-14668
-16299
-12438
-4386
5144
12941
16377
14295
7396
-1995
-10714
-15822
-15600
-10121
-1232
8073
14657
16302
12455
4410
-5120
-12925
-16375
-14308
-7419
1970
10694
15816
15608
10141
1257
-8051
-14645
-16305
-12471
-4435
5096
12910
16373
14320
7441
-1945
-10675
-15809
-15616
-10161
-1282
8029
14634
16308
12487
4459
-5072
-12894
-16371
-14332
-7464
1920
10656
15802
15623
10180
1307
-8007
-14623
-16311
-12504
-4483
5048
12878
16369
14344
7486
-1895
-10637
-15795
-15631
-10200
-1332
7985
14611
16314
12520
4507
-5024
-12863
-16367
-14357
-7509
1870
10618
15788
15639
10220
1357
-7963
-14619
-16393
-12705
-4824
4556
12230
15560
13369
6336
-3227
-12154
-17488
-17478
-12163
-3363
5941
12588
14320
10553
2556
-6976
-14831
-18363
-16381
-9553
-180
8579
13774
13654
8259
-593
-9919
-16576
-18323
-14569
-6580
2952
10816
14361
12393
5576
-3794
-12560
-17767
-17662
-12279
-3433
5897
12584
14402
10754
2897
-6484
-14183
-17554
-15405
-8403
1152
10096
15467
15501
10222
1438
-7874
-14553
-16328
-12601
-4628
4904
12784
16356
14417
7620
-1744
-10521
-15753
-15677
-10318
-1483
7852
14541
16331
12617
4653
-4880
-12768
-16354
-14429
-7643
1719
10502
15746
15684
10338
1508
-7830
-14530
-16333
-12634
-4677
4856
12752
16352
14441
7665
-1694
-10483
-15739
-15692
-10357
-1533
7808
14518
16336
12650
4701
-4832
-12737
-16350
-14453
-7687
1669
10463
15732
15699
10377
1558
-7786
-14506
-16339
-12666
-4725
4808
12721
16347
14465
7710
-1644
-10444
-15724
-15707
-10396
-1583
7764
14494
16341
12682
4749
-4784
-12705
-16345
-14477
-7732
1619
10424
15717
15714
10416
1608
-7741
-14483
-16344
-12698
-4773
4760
12689
16342
14489
7754
-1594
-10405
-15710
-15721
-10435
-1633
7719
14471
16346
12714
4797
-4736
-12673
-16340
-14501
-7776
1569
10385
15702
15728
10455
1658
-7697
-14459
-16348
-12730
-4821
4711
12657
16337
14513
7798
-1544
-10366
-15695
-15736
-10474
-1683
7675
14447
16351
12745
4845
-4687
-12641
-16335
-14525
-7820
1519
10346
15688
15743
10494
1708
-7652
-14435
-16353
-12761
-4870
4663
12624
16332
14536
7843
-1494
-10327
-15680
-15750
-10513
-1733
7630
14423
16355
12777
4894
-4639
-12608
-16329
-14548
-7865
1469
10307
15673
15757
10532
1758
-7608
-14430
-16434
-12962
-5211
4170
11975
15522
13560
6692
-2826
-11843
-17372
-17596
-12475
-3764
5586
12399
14360
10809
2942
-6591
-14576
-18324
-16571
-9909
-582
8268
13657
13771
8571
-191
-9563
-16386
-18362
-14825
-6966
2566
10560
14321
12583
5931
-3393
-12248
-17650
-17778
-12590
-3834
5541
12393
14440
11009
3283
-6098
-13926
-17513
-15595
-8758
751
9784
15349
15617
10533
1839
-7518
-14362
-16366
-12856
-5014
4518
12527
16315
14606
7975
-1343
-10209
-15635
-15792
-10629
-1884
7496
14350
16368
12872
5038
-4494
-12511
-16313
-14618
-7997
1318
10189
15627
15799
10648
1909
-7474
-14338
-16370
-12887
-5062
4470
12495
16310
14629
8019
-1293
-10169
-15619
-15806
-10667
-1934
7451
14325
16372
12903
5086
-4445
-12478
-16307
-14640
-8041
1268
10149
15611
15813
10686
1959
-7429
-14313
-16374
-12918
-5110
4421
12462
16304
14652
8063
-1243
-10130
-15603
-15820
-10705
-1984
7406
14301
16376
12934
5133
-4397
-12445
-16301
-14663
-8085
1218
10110
15596
15826
10724
2009
-7384
-14288
-16378
-12949
-5157
4372
12429
16298
14675
8107
-1192
-10090
-15588
-15833
-10743
-2034
7361
14276
16380
12965
5181
-4348
-12413
-16294
-14686
-8129
1167
10070
15580
15840
10762
2059
-7339
-14263
-16382
-12980
-5205
4324
12396
16291
14697
8151
-1142
-10050
-15572
-15846
-10781
-2084
7316
14251
16384
12996
5229
-4300
-12379
-16288
-14708
-8173
1117
10030
15564
15853
10800
2109
-7294
-14238
-16385
-13011
-5253
4275
12363
16285
14720
8194
-1092
-10010
-15556
-15859
-10819
-2134
7271
14226
16387
13027
5277
-4251
-12346
-16282
-14731
-8216
1067
9990
15547
15866
10838
2159
-7248
-14232
-16465
-13210
-5594
3782
11712
15473
13742
7043
-2424
-11526
-17246
-17704
-12781
-4164
5226
12200
14390
11057
3325
-6202
-14313
-18275
-16753
-10260
-984
7950
13531
13879
8876
209
-9203
-16188
-18392
-15072
-7348
2178
10296
14272
12764
6282
-2991
-11930
-17523
-17885
-12895
-4234
5180
12194
14469
11256
3665
-5709
-13662
-17463
-15775
-9108
349
9466
15222
15723
10838
2239
-7158
-14162
-16395
-13103
-5396
4129
12263
16265
14786
8325
-941
-9890
-15506
-15898
-10933
-2283
7135
14150
16396
13118
5420
-4105
-12246
-16261
-14797
-8347
916
9870
15498
15904
10951
2308
-7112
-14137
-16398
-13133
-5444
4080
12229
16258
14808
8368
-891
-9850
-15490
-15911
-10970
-2333
7090
14124
16399
13148
5467
-4056
-12213
-16254
-14819
-8390
866
9830
15481
15917
10989
2358
-7067
-14111
-16400
-13163
-5491
4032
12196
16250
14829
8412
-840
-9809
-15473
-15923
-11008
-2383
7044
14098
16402
13178
5515
-4007
-12179
-16247
-14840
-8433
815
9789
15465
15929
11026
2408
-7021
-14085
-16403
-13193
-5538
3983
12162
16243
14851
8455
-790
-9769
-15456
-15935
-11045
-2433
6999
14072
16404
13208
5562
-3958
-12145
-16239
-14862
-8477
765
9749
15448
15941
11064
2458
-6976
-14059
-16405
-13223
-5586
3934
12128
16236
14872
8498
-740
-9728
-15439
-15947
-11082
-2483
6953
14046
16406
13238
5610
-3909
-12111
-16232
-14883
-8520
715
9708
15430
15953
11101
2508
-6930
-14033
-16407
-13253
-5633
3885
12094
16228
14894
8541
-689
-9688
-15422
-15959
-11119
-2533
6907
14020
16408
13268
5657
-3860
-12077
-16224
-14904
-8563
664
9667
15413
15965
11138
2558
-6885
-13988
-16333
-13114
-5388
4280
12677
17025
15915
9779
744
-8091
-13697
-14140
-9232
-602
8862
15994
18410
15298
7704
-1811
-10043
-14216
-12925
-6606
2614
11627
17396
17977
13175
4607
-4839
-11980
-14411
-11312
-3728
5787
14026
18212
16936
10627
1411
-7606
-13387
-13983
-9193
-632
8816
15948
18336
15159
7458
-2207
-10626
-15013
-13946
-7844
1181
10030
15671
16157
11288
2676
-6793
-13954
-16413
-13342
-5775
3738
11991
16204
14957
8670
-538
-9565
-15369
-15994
-11230
-2682
6770
13941
16414
13357
5799
-3713
-11974
-16200
-14967
-8691
513
9545
15360
16000
11248
2707
-6747
-13927
-16415
-13371
-5822
3689
11957
16196
14978
8713
-488
-9524
-15351
-16006
-11267
-2732
6724
13914
16416
13386
5846
-3664
-11939
-16192
-14988
-8734
463
9504
15342
16011
11285
2756
-6701
-13901
-16416
-13400
-5869
3640
11922
16187
14998
8755
-438
-9483
-15333
-16017
-11303
-2781
6678
13887
16417
13415
5893
-3615
-11905
-16183
-15008
-8777
412
9463
15324
16022
11322
2806
-6655
-13874
-16418
-13429
-5916
3590
11887
16179
15019
8798
-387
-9442
-15315
-16028
-11340
-2831
6632
13860
16418
13444
5940
-3566
-11870
-16174
-15029
-8819
362
9421
15306
16033
11358
2856
-6609
-13847
-16419
-13458
-5963
3541
11853
16170
15039
8840
-337
-9401
-15297
-16039
-11376
-2880
6586
13833
16419
13473
5987
-3517
-11835
-16166
-15049
-8862
312
9380
15288
16044
11394
2905
-6563
-13820
-16420
-13487
-6010
3492
11818
16161
15059
8883
-287
-9359
-15279
-16049
-11413
-2930
6540
13806
16420
13502
6034
-3467
-11800
-16157
-15069
-8904
261
9339
15269
16055
11431
2955
-6517
-13773
-16344
-13347
-5764
3887
12400
16957
16079
10120
1147
-7762
-13553
-14229
-9525
-999
8493
15779
18421
15530
8080
-1418
-9765
-14148
-13089
-6946
2211
11297
17251
18065
13467
5004
-4470
-11765
-14421
-11544
-4104
5394
13747
18143
17099
10967
1814
-7276
-13241
-14071
-9485
-1029
8447
15732
18345
15390
7834
-1813
-10347
-14943
-14109
-8184
778
9700
15525
16244
11579
3073
-6424
-13737
-16422
-13573
-6151
3344
11712
16134
15119
9010
-135
-9235
-15222
-16081
-11521
-3079
6401
13723
16422
13587
6174
-3320
-11694
-16129
-15129
-9031
110
9214
15213
16086
11539
3103
-6378
-13710
-16422
-13601
-6197
3295
11677
16124
15138
9052
-85
-9193
-15203
-16091
-11557
-3128
6354
13696
16422
13615
6221
-3270
-11659
-16119
-15148
-9073
60
9172
15194
16096
11574
3153
-6331
-13682
-16422
-13629
-6244
3246
11641
16114
15158
9094
-35
-9151
-15184
-16101
-11592
-3178
6308
13668
16422
13643
6267
-3221
-11624
-16110
-15167
-9115
9
9130
15175
16106
11610
3202
-6285
-13654
-16422
-13657
-6290
3196
11606
16105
15177
9136
16
-9109
-15165
-16111
-11628
-3227
6261
13640
16422
13671
6314
-3171
-11588
-16100
-15187
-9156
-41
9088
15155
16116
11646
3252
-6238
-13626
-16422
-13685
-6337
3147
11570
16095
15196
9177
66
-9067
-15146
-16121
-11663
-3276
6215
13612
16422
13699
6360
-3122
-11552
-16090
-15206
-9198
-91
9046
15136
16125
11681
3301
-6191
-13598
-16422
-13713
-6383
3097
11534
16085
15215
9219
117
-9025
-15126
-16130
-11699
-3326
6168
13583
16422
13727
6407
-3072
-11516
-16080
-15225
-9240
-142
9004
15116
16135
11717
3350
-6145
-13589
-16498
-13909
-6723
2603
10881
15270
14234
8066
-1216
-10539
-16814
-17971
-13658
-5356
4121
11555
14421
11754
4453
-5023
-13480
-18069
-17244
-11282
-2192
6962
13097
14144
9752
1400
-8098
-15541
-18421
-15768
-8476
998
9462
14064
13253
7302
-1783
-10941
-17087
-18149
-13769
-5424
4075
11546
14497
11950
4792
-4529
-12827
-17254
-16262
-10128
-860
8475
14784
15985
11711
3430
-6051
-13512
-16420
-13796
-6522
2949
11426
16053
15272
9344
268
-8899
-15067
-16158
-11804
-3474
6028
13498
16420
13809
6545
-2924
-11408
-16048
-15281
-9365
-293
8878
15057
16162
11822
3498
-6004
-13484
-16420
-13823
-6569
2899
11390
16043
15290
9385
318
-8856
-15047
-16167
-11839
-3523
5981
13469
16419
13836
6592
-2874
-11372
-16037
-15299
-9406
-343
8835
15036
16171
11857
3547
-5957
-13455
-16419
-13850
-6615
2849
11354
16032
15308
9427
368
-8814
-15026
-16175
-11874
-3572
5934
13440
16418
13864
6638
-2825
-11335
-16026
-15317
-9447
-394
8793
15016
16180
11892
3597
-5910
-13426
-16417
-13877
-6661
2800
11317
16021
15327
9468
419
-8771
-15006
-16184
-11909
-3621
5887
13411
16417
13891
6684
-2775
-11299
-16015
-15336
-9488
-444
8750
14996
16188
11926
3646
-5863
-13397
-16416
-13904
-6707
2750
11281
16010
15345
9509
469
-8729
-14985
-16193
-11944
-3670
5840
13382
16415
13917
6730
-2725
-11262
-16004
-15353
-9529
-494
8707
14975
16197
11961
3695
-5816
-13368
-16415
-13931
-6753
2701
11244
15999
15362
9550
519
-8686
-14965
-16201
-11978
-3719
5793
13353
16414
13944
6776
-2676
-11225
-15993
-15371
-9570
-545
8665
14954
16205
11995
3744
-5769
-13319
-16337
-13789
-6506
3095
11824
16792
16380
10786
1953
-7088
-13237
-14378
-10089
-1788
7745
15323
18412
15971
8822
-626
-9189
-13981
-13389
-7611
1405
10622
16933
18213
14030
5793
-3722
-11309
-14411
-11984
-4844
4601
13170
17975
17398
11632
2620
-6600
-12923
-14217
-10047
-1818
7698
15275
18334
15828
8574
-1021
-9769
-14775
-14406
-8847
-28
9023
15205
16390
12140
3861
-5675
-13279
-16409
-14010
-6890
2551
11133
15964
15415
9672
671
-8557
-14902
-16225
-12081
-3866
5651
13264
16408
14023
6913
-2526
-11115
-15958
-15424
-9693
-696
8536
14891
16229
12098
3891
-5627
-13249
-16407
-14036
-6936
2502
11096
15952
15432
9713
721
-8514
-14880
-16233
-12115
-3915
5604
13235
16406
14049
6959
-2477
-11078
-15946
-15441
-9733
-746
8493
14870
16236
12132
3940
-5580
-13220
-16405
-14062
-6982
2452
11059
15940
15450
9754
771
-8471
-14859
-16240
-12149
-3964
5556
13205
16404
14075
7004
-2427
-11040
-15934
-15458
-9774
-796
8450
14848
16244
12166
3989
-5533
-13190
-16402
-14088
-7027
2402
11022
15928
15467
9794
822
-8428
-14838
-16248
-12183
-4013
5509
13175
16401
14101
7050
-2377
-11003
-15921
-15475
-9814
-847
8406
14827
16251
12200
4038
-5485
-13160
-16400
-14114
-7073
2352
10984
15915
15484
9835
872
-8385
-14816
-16255
-12217
-4062
5461
13144
16399
14127
7095
-2327
-10965
-15909
-15492
-9855
-897
8363
14805
16258
12234
4086
-5438
-13129
-16397
-14140
-7118
2302
10947
15903
15500
9875
922
-8341
-14794
-16262
-12250
-4111
5414
13114
16396
14153
7141
-2277
-10928
-15896
-15509
-9895
-947
8320
14783
16265
12267
4135
-5390
-13080
-16318
-13997
-6871
2697
11526
16695
16517
11110
2355
-6742
-13065
-14437
-10360
-2179
7366
15084
18393
16178
9186
-227
-8890
-13884
-13525
-7935
1002
10276
16761
18272
14301
6184
-3342
-11069
-14391
-12191
-5209
4202
12871
17877
17533
11955
3023
-6254
-12750
-14276
-10317
-2208
7319
15034
18314
16035
8939
-622
-9470
-14676
-14541
-9170
-431
8677
15032
16448
12410
4252
-5295
-13038
-16388
-14216
-7254
2152
10834
15864
15550
9995
1073
-8211
-14728
-16282
-12350
-4257
5271
13023
16386
14229
7277
-2127
-10815
-15858
-15558
-10015
-1098
8189
14717
16286
12367
4281
-5247
-13007
-16385
-14241
-7299
2102
10796
15851
15566
10035
1123
-8167
-14706
-16289
-12384
-4306
5223
12992
16383
14254
7322
-2077
-10777
-15845
-15574
-10055
-1148
8145
14694
16292
12400
4330
-5199
-12977
-16381
-14266
-7344
2052
10758
15838
15582
10075
1174
-8123
-14683
-16295
-12417
-4354
5175
12961
16380
14279
7367
-2027
-10739
-15831
-15590
-10095
-1199
8101
14672
16298
12433
4379
-5151
-12946
-16378
-14291
-7389
2002
10720
15825
15597
10115
1224
-8079
-14660
-16301
-12450
-4403
5127
12930
16376
14304
7412
-1977
-10700
-15818
-15605
-10135
-1249
8058
14649
16304
12466
4427
-5104
-12915
-16374
-14316
-7434
1952
10681
15811
15613
10154
1274
-8036
-14638
-16307
-12482
-4451
5080
12899
16372
14328
7457
-1927
-10662
-15804
-15621
-10174
-1299
8014
14626
16310
12499
4476
-5056
-12883
-16370
-14341
-7479
1902
10643
15797
15629
10194
1324
-7992
-14615
-16313
-12515
-4500
5032
12868
16368
14353
7502
-1877
-10624
-15790
-15636
-10214
-1349
7970
14603
16316
12531
4524
-5008
-12833
-16290
-14197
-7231
2297
11222
16588
16644
11428
2757
-6392
-12885
-14488
-10624
-2567
6984
14836
18364
16377
9546
173
-8585
-13777
-13652
-8253
600
9926
16580
18322
14564
6572
-2960
-10821
-14362
-12389
-5569
3802
12566
17770
17659
12273
3425
-5903
-12568
-14325
-10580
-2597
6936
14786
18283
16233
9298
-222
-9164
-14567
-14667
-9487
-832
8326
14850
16496
12672
4640
-4912
-12789
-16357
-14414
-7613
1752
10527
15755
15674
10312
1475
-7859
-14545
-16330
-12612
-4645
4888
12773
16355
14426
7636
-1727
-10508
-15748
-15682
-10332
-1500
7837
14533
16333
12629
4669
-4864
-12757
-16353
-14438
-7658
1702
10489
15741
15689
10351
1525
-7815
-14522
-16335
-12645
-4693
4839
12742
16350
14450
7680
-1677
-10469
-15734
-15697
-10371
-1550
7793
14510
16338
12661
4717
-4815
-12726
-16348
-14462
-7703
1652
10450
15727
15704
10390
1575
-7771
-14498
-16340
-12677
-4742
4791
12710
16345
14474
7725
-1627
-10430
-15719
-15712
-10410
-1600
7748
14486
16343
12693
4766
-4767
-12694
-16343
-14485
-7747
1602
10411
15712
15719
10429
1625
-7726
-14474
-16345
-12709
-4790
4743
12678
16341
14497
7769
-1577
-10391
-15705
-15726
-10449
-1650
7704
14462
16348
12725
4814
-4719
-12662
-16338
-14509
-7791
1552
10372
15697
15733
10468
1675
-7682
-14450
-16350
-12741
-4838
4695
12646
16335
14521
7814
-1527
-10352
-15690
-15741
-10487
-1701
7659
14438
16352
12756
4862
-4671
-12630
-16333
-14533
-7836
1502
10333
15682
15748
10507
1726
-7637
-14426
-16355
-12772
-4886
4646
12613
16330
14544
7858
-1476
-10313
-15675
-15755
-10526
-1751
7615
14414
16357
12788
4910
-4622
-12578
-16251
-14388
-7587
1896
10911
16472
16762
11741
3158
-6037
-12695
-14528
-10880
-2953
6598
14581
18325
16568
9902
574
-8274
-13660
-13769
-8565
199
9570
16390
18361
14820
6958
-2574
-10565
-14322
-12579
-5924
3401
12254
17652
17776
12584
3826
-5548
-12378
-14364
-10835
-2982
6550
14529
18243
16422
9653
180
-8852
-14450
-14783
-9798
-1233
7970
14659
16534
12927
5025
-4526
-12532
-16316
-14602
-7968
1351
10215
15637
15790
10623
1876
-7503
-14354
-16368
-12867
-5030
4501
12516
16313
14614
7990
-1326
-10195
-15629
-15797
-10642
-1901
7481
14341
16370
12882
5054
-4477
-12500
-16311
-14625
-8012
1301
10175
15621
15804
10661
1926
-7458
-14329
-16372
-12898
-5078
4453
12483
16308
14637
8034
-1276
-10156
-15614
-15811
-10680
-1951
7436
14317
16374
12914
5102
-4429
-12467
-16305
-14648
-8056
1250
10136
15606
15817
10699
1976
-7413
-14304
-16376
-12929
-5126
4404
12451
16302
14660
8078
-1225
-10116
-15598
-15824
-10718
-2001
7391
14292
16378
12945
5150
-4380
-12434
-16299
-14671
-8100
1200
10096
15590
15831
10737
2026
-7368
-14280
-16379
-12960
-5174
4356
12418
16295
14682
8122
-1175
-10076
-15582
-15838
-10756
-2051
7346
14267
16381
12976
5198
-4331
-12401
-16292
-14694
-8144
1150
10056
15574
15844
10775
2076
-7323
-14255
-16383
-12991
-5222
4307
12385
16289
14705
8166
-1125
-10036
-15566
-15851
-10794
-2101
7301
14242
16385
13006
5245
-4283
-12368
-16286
-14716
-8188
1100
10016
15558
15857
10813
2126
-7278
-14230
-16386
-13022
-5269
4259
12352
16283
14727
8209
-1075
-9996
-15550
-15864
-10832
-2151
7255
14217
16388
13037
5293
-4234
-12316
-16203
-14570
-7938
1494
10594
16347
16870
12046
3558
-5677
-12497
-14558
-11128
-3336
6210
14318
18276
16749
10253
976
-7956
-13534
-13877
-8870
-201
9210
16192
18391
15068
7341
-2186
-10302
-14273
-12760
-6275
2999
11936
17526
17883
12889
4226
-5188
-12179
-14393
-11083
-3365
6161
14266
18193
16603
10004
582
-8534
-14322
-14890
-10103
-1633
7609
14459
16563
13174
5408
-4137
-12268
-16266
-14782
-8318
949
9896
15509
15896
10927
2276
-7142
-14153
-16396
-13113
-5412
4112
12251
16262
14793
8340
-924
-9876
-15501
-15902
-10946
-2301
7120
14141
16397
13128
5436
-4088
-12235
-16259
-14804
-8362
899
9856
15492
15909
10964
2326
-7097
-14128
-16398
-13144
-5460
4064
12218
16255
14815
8383
-873
-9836
-15484
-15915
-10983
-2350
7074
14115
16400
13159
5484
-4039
-12201
-16252
-14826
-8405
848
9816
15476
15921
11002
2375
-7051
-14102
-16401
-13174
-5507
4015
12184
16248
14837
8427
-823
-9795
-15467
-15927
-11020
-2400
7029
14089
16402
13189
5531
-3990
-12167
-16244
-14848
-8448
798
9775
15459
15933
11039
2425
-7006
-14076
-16404
-13204
-5555
3966
12150
16240
14858
8470
-773
-9755
-15450
-15939
-11058
-2450
6983
14063
16405
13219
5578
-3941
-12133
-16237
-14869
-8491
748
9735
15442
15945
11076
2475
-6960
-14050
-16406
-13234
-5602
3917
12116
16233
14880
8513
-722
-9714
-15433
-15951
-11095
-2500
6937
14037
16407
13249
5626
-3892
-12099
-16229
-14890
-8534
697
9694
15424
15957
11114
2525
-6915
-14024
-16408
-13263
-5649
3868
12082
16225
14901
8556
-672
-9674
-15416
-15963
-11132
-2550
6892
14011
16409
13278
5673
-3844
-12084
-16297
-15080
-8870
203
9036
14602
14969
9955
1192
-8424
-15705
-18242
-15217
-7678
1819
10048
14217
12922
6599
-2622
-11633
-17398
-17975
-13169
-4600
4846
11985
14411
11308
3720
-5795
-14031
-18213
-16933
-10620
-1403
7613
13390
13981
9187
624
-8823
-15971
-18412
-15323
-7744
1770
10033
14285
13112
6935
-2127
-10975
-16576
-16987
-12011
-3267
6356
13665
16244
13261
5748
-3745
-11997
-16205
-14954
-8663
546
9572
15372
15992
11224
2674
-6777
-13945
-16414
-13352
-5791
3721
11979
16201
14964
8685
-521
-9551
-15363
-15998
-11243
-2699
6754
13932
16415
13367
5815
-3696
-11962
-16197
-14974
-8706
496
9531
15354
16004
11261
2724
-6731
-13918
-16415
-13381
-5838
3672
11945
16193
14985
8727
-471
-9510
-15345
-16009
-11279
-2749
6708
13905
16416
13396
5862
-3647
-11927
-16189
-14995
-8749
446
9490
15336
16015
11298
2773
-6685
-13891
-16417
-13410
-5885
3623
11910
16184
15005
8770
-420
-9469
-15327
-16021
-11316
-2798
6662
13878
16417
13425
5909
-3598
-11893
-16180
-15015
-8791
395
9448
15318
16026
11334
2823
-6639
-13864
-16418
-13439
-5932
3574
11875
16176
15026
8813
-370
-9428
-15309
-16032
-11352
-2848
6616
13851
16419
13454
5956
-3549
-11858
-16171
-15036
-8834
345
9407
15300
16037
11371
2873
-6593
-13837
-16419
-13468
-5979
3524
11841
16167
15046
8855
-320
-9387
-15291
-16042
-11389
-2898
6570
13824
16420
13483
6003
-3500
-11823
-16163
-15056
-8876
294
9366
15281
16048
11407
2922
-6547
-13810
-16420
-13497
-6026
3475
11806
16158
15066
8897
-269
-9345
-15272
-16053
-11425
-2947
6524
13796
16420
13511
6050
-3451
-11769
-16077
-14907
-8626
688
9942
16068
17058
12638
4355
-4945
-12076
-14589
-11602
-4092
5426
13771
18149
17086
10940
1781
-7304
-13254
-14064
-9461
-997
8478
15769
18421
15540
8096
-1401
-9753
-14144
-13096
-6961
2194
11283
17244
18069
13479
5021
-4454
-11755
-14421
-11554
-4120
5377
13716
18064
16937
10689
1387
-7879
-14040
-15074
-10692
-2429
6876
14034
16590
13645
6162
-3352
-11718
-16135
-15116
-9003
143
9241
15225
16079
11515
3071
-6408
-13728
-16422
-13583
-6167
3327
11700
16130
15126
9024
-118
-9220
-15216
-16084
-11533
-3096
6385
13714
16422
13597
6190
-3303
-11682
-16126
-15135
-9045
93
9200
15206
16089
11551
3120
-6362
-13700
-16422
-13611
-6213
3278
11665
16121
15145
9066
-68
-9179
-15197
-16094
-11569
-3145
6338
13686
16422
13625
6237
-3253
-11647
-16116
-15155
-9087
43
9158
15187
16099
11587
3170
-6315
-13672
-16422
-13639
-6260
3229
11629
16111
15164
9108
-17
-9137
-15178
-16104
-11605
-3195
6292
13658
16422
13653
6283
-3204
-11611
-16106
-15174
-9129
-8
9116
15168
16109
11622
3219
-6269
-13644
-16422
-13667
-6306
3179
11593
16101
15184
9150
33
-9095
-15158
-16114
-11640
-3244
6245
13630
16422
13681
6330
-3154
-11576
-16096
-15193
-9171
-58
9074
15149
16119
11658
3269
-6222
-13616
-16422
-13695
-6353
3130
11558
16091
15203
9192
83
-9053
-15139
-16124
-11676
-3293
6199
13602
16422
13709
6376
-3105
-11540
-16086
-15212
-9213
-109
9032
15129
16129
11693
3318
-6175
-13588
-16422
-13723
-6399
3080
11522
16081
15222
9233
134
-9011
-15119
-16133
-11711
-3343
6152
13574
16422
13736
6423
-3055
-11485
-16000
-15063
-8961
285
9607
15914
17138
12924
4750
-4573
-11852
-14590
-11826
-4465
5031
13486
18071
17241
11275
2184
-6969
-13100
-14143
-9746
-1392
8105
15545
18421
15764
8469
-1006
-9468
-14066
-13250
-7296
1791
10948
17090
18147
13764
5417
-4082
-11531
-14421
-11778
-4492
4981
13431
17984
17091
11024
1790
-7544
-13885
-15152
-10977
-2824
6503
13810
16589
13867
6534
-2956
-11432
-16055
-15269
-9337
-260
8905
15070
16156
11799
3466
-6035
-13502
-16420
-13805
-6538
2932
11414
16050
15278
9358
285
-8884
-15060
-16161
-11817
-3491
6012
13488
16420
13819
6561
-2907
-11396
-16044
-15287
-9379
-310
8863
15050
16165
11834
3515
-5988
-13474
-16419
-13832
-6584
2882
11377
16039
15296
9399
335
-8842
-15040
-16170
-11851
-3540
5965
13459
16419
13846
6608
-2857
-11359
-16034
-15305
-9420
-361
8821
15029
16174
11869
3564
-5941
-13445
-16418
-13859
-6631
2832
11341
16028
15315
9441
386
-8799
-15019
-16178
-11886
-3589
5918
13430
16418
13873
6654
-2808
-11323
-16023
-15324
-9461
-411
8778
15009
16183
11904
3614
-5894
-13416
-16417
-13886
-6677
2783
11305
16017
15333
9482
436
-8757
-14999
-16187
-11921
-3638
5871
13401
16416
13900
6700
-2758
-11286
-16012
-15342
-9502
-461
8735
14989
16191
11938
3663
-5847
-13387
-16416
-13913
-6723
2733
11268
16006
15351
9523
486
-8714
-14978
-16195
-11956
-3687
5824
13372
16415
13927
6746
-2708
-11250
-16000
-15360
-9543
-512
8693
14968
16200
11973
3712
-5800
-13357
-16414
-13940
-6769
2683
11231
15995
15369
9564
537
-8671
-14957
-16204
-11990
-3736
5776
13343
16413
13953
6792
-2659
-11232
-16065
-15546
-9877
-1006
8033
14142
15208
10812
2378
-7308
-15035
-18244
-15890
-8795
634
9194
13983
13386
7605
-1413
-10628
-16937
-18212
-14024
-5785
3729
11313
14411
11980
4837
-4609
-13176
-17977
-17395
-11625
-2612
6607
12926
14216
10042
1810
-7706
-15299
-18411
-15993
-8860
584
9177
14048
13572
7939
-918
-9968
-16111
-17220
-12864
-4452
5238
12991
16241
13930
6864
-2559
-11139
-15966
-15412
-9666
-663
8564
14905
16224
12076
3859
-5658
-13269
-16409
-14019
-6906
2534
11120
15960
15421
9686
688
-8543
-14894
-16228
-12093
-3883
5635
13254
16407
14032
6929
-2509
-11102
-15954
-15430
-9707
-713
8521
14884
16231
12110
3908
-5611
-13239
-16406
-14045
-6952
2484
11083
15948
15438
9727
738
-8499
-14873
-16235
-12127
-3932
5587
13224
16405
14058
6974
-2459
-11065
-15942
-15447
-9747
-763
8478
14862
16239
12144
3957
-5564
-13209
-16404
-14071
-6997
2435
11046
15936
15456
9768
789
-8456
-14852
-16243
-12161
-3981
5540
13194
16403
14084
7020
-2410
-11027
-15929
-15464
-9788
-814
8435
14841
16246
12178
4006
-5516
-13179
-16402
-14097
-7043
2385
11009
15923
15472
9808
839
-8413
-14830
-16250
-12195
-4030
5492
13164
16400
14110
7066
-2360
-10990
-15917
-15481
-9828
-864
8391
14819
16254
12211
4054
-5469
-13149
-16399
-14123
-7088
2335
10971
15911
15489
9848
889
-8370
-14808
-16257
-12228
-4079
5445
13134
16398
14136
7111
-2310
-10953
-15905
-15498
-9869
-914
8348
14798
16261
12245
4103
-5421
-13119
-16396
-14149
-7134
2285
10934
15898
15506
9889
939
-8326
-14787
-16264
-12262
-4128
5397
13104
16395
14161
7156
-2260
-10896
-15816
-15346
-9616
-520
8922
15581
17268
13474
5535
-3818
-11381
-14562
-12250
-5198
4235
12896
17886
17522
11929
2990
-6283
-12765
-14271
-10295
-2176
7350
15073
18392
16187
9202
-210
-8877
-13879
-13531
-7949
985
10261
16754
18275
14312
6201
-3326
-11058
-14390
-12200
-5224
4185
12839
17797
17370
11676
2596
-6857
-13547
-15278
-11524
-3608
5747
13336
16557
14288
7266
-2160
-10839
-15866
-15547
-9989
-1065
8218
14731
16281
12345
4249
-5278
-13027
-16387
-14225
-7270
2135
10821
15860
15555
10009
1090
-8196
-14720
-16285
-12362
-4274
5254
13012
16385
14237
7292
-2110
-10802
-15853
-15563
-10029
-1115
8174
14709
16288
12378
4298
-5231
-12997
-16384
-14250
-7315
2085
10783
15847
15571
10049
1141
-8152
-14698
-16291
-12395
-4322
5207
12981
16382
14262
7337
-2060
-10764
-15840
-15579
-10069
-1166
8130
14687
16294
12412
4347
-5183
-12966
-16380
-14275
-7360
2035
10745
15833
15587
10089
1191
-8108
-14675
-16297
-12428
-4371
5159
12950
16378
14287
7382
-2010
-10725
-15827
-15595
-10109
-1216
8086
14664
16300
12444
4395
-5135
-12935
-16376
-14300
-7405
1985
10706
15820
15603
10128
1241
-8064
-14653
-16303
-12461
-4420
5111
12919
16374
14312
7427
-1960
-10687
-15813
-15611
-10148
-1266
8042
14641
16306
12477
4444
-5087
-12904
-16373
-14324
-7450
1935
10668
15806
15619
10168
1291
-8020
-14630
-16309
-12494
-4468
5063
12888
16371
14337
7472
-1910
-10649
-15799
-15626
-10188
-1316
7998
14618
16312
12510
4492
-5039
-12873
-16369
-14349
-7495
1885
10630
15793
15634
10208
1342
-7976
-14607
-16315
-12526
-4516
5015
12857
16366
14361
7517
-1860
-10630
-15862
-15810
-10520
-1811
7337
13790
15318
11347
3158
-6547
-14548
-18196
-16297
-9520
-165
8591
13779
13649
8247
-608
-9932
-16584
-18321
-14559
-6565
2967
10826
14362
12386
5562
-3810
-12572
-17772
-17657
-12267
-3417
5910
12572
14324
10575
2589
-6943
-14810
-18360
-16398
-9584
-215
8572
13841
13833
8579
-114
-9271
-15756
-17326
-13396
-5231
4475
12501
16189
14334
7587
-1760
-10533
-15758
-15672
-10306
-1467
7866
14549
16329
12607
4637
-4895
-12778
-16356
-14422
-7629
1735
10514
15750
15680
10325
1492
-7844
-14537
-16332
-12623
-4662
4871
12762
16353
14434
7651
-1710
-10495
-15743
-15687
-10345
-1517
7822
14525
16334
12640
4686
-4847
-12746
-16351
-14446
-7673
1685
10475
15736
15695
10365
1542
-7800
-14514
-16337
-12656
-4710
4823
12731
16349
14458
7696
-1660
-10456
-15729
-15702
-10384
-1567
7778
14502
16340
12672
4734
-4799
-12715
-16346
-14470
-7718
1635
10437
15722
15709
10404
1592
-7755
-14490
-16342
-12688
-4758
4775
12699
16344
14482
7740
-1610
-10417
-15714
-15717
-10423
-1618
7733
14478
16345
12704
4782
-4751
-12683
-16341
-14494
-7762
1585
10398
15707
15724
10443
1643
-7711
-14466
-16347
-12720
-4806
4726
12667
16339
14505
7784
-1560
-10378
-15700
-15731
-10462
-1668
7689
14454
16349
12736
4830
-4702
-12651
-16336
-14517
-7807
1534
10359
15692
15738
10481
1693
-7666
-14442
-16352
-12751
-4854
4678
12635
16334
14529
7829
-1509
-10339
-15685
-15746
-10501
-1718
7644
14430
16354
12767
4879
-4654
-12618
-16331
-14541
-7851
1484
10319
15677
15753
10520
1743
-7622
-14418
-16356
-12783
-4903
4630
12602
16328
14552
7873
-1459
-10281
-15594
-15591
-10247
-1323
8217
15211
17359
13994
6309
-3050
-10879
-14494
-12640
-5914
3434
12280
17662
17767
12559
3793
-5577
-12394
-14361
-10815
-2951
6582
14570
18323
16576
9917
591
-8260
-13655
-13774
-8578
182
9555
16382
18363
14830
6975
-2557
-10554
-14320
-12587
-5939
3384
12222
17571
17612
12304
3399
-6150
-13175
-15365
-12041
-4381
4978
12830
16486
14675
7981
-1359
-10221
-15639
-15788
-10617
-1868
7510
14357
16367
12862
5023
-4509
-12521
-16314
-14610
-7983
1334
10201
15632
15795
10636
1893
-7488
-14345
-16369
-12877
-5047
4485
12505
16311
14622
8005
-1309
-10182
-15624
-15802
-10655
-1918
7465
14333
16371
12893
5071
-4460
-12489
-16309
-14633
-8027
1283
10162
15616
15808
10674
1943
-7443
-14321
-16373
-12909
-5095
4436
12472
16306
14645
8049
-1258
-10142
-15608
-15815
-10693
-1968
7420
14308
16375
12924
5119
-4412
-12456
-16303
-14656
-8071
1233
10122
15600
15822
10712
1993
-7398
-14296
-16377
-12940
-5142
4388
12439
16299
14667
8093
-1208
-10102
-15593
-15829
-10731
-2018
7375
14283
16379
12955
5166
-4363
-12423
-16296
-14679
-8115
1183
10082
15585
15835
10750
2043
-7353
-14271
-16381
-12971
-5190
4339
12406
16293
14690
8137
-1158
-10063
-15577
-15842
-10770
-2068
7330
14259
16382
12986
5214
-4315
-12390
-16290
-14701
-8159
1133
10043
15569
15849
10789
2093
-7308
-14246
-16384
-13002
-5238
4290
12373
16287
14713
8181
-1108
-10023
-15561
-15855
-10808
-2118
7285
14233
16386
13017
5262
-4266
-12357
-16284
-14724
-8203
1082
10003
15553
15862
10826
2143
-7263
-14221
-16388
-13032
-5286
4242
12340
16280
14735
8224
-1057
-9964
-15468
-15700
-10552
-1724
7857
15013
17389
14243
6692
-2662
-10616
-14446
-12822
-6265
3032
11963
17536
17875
12864
4193
-5217
-12196
-14391
-11063
-3333
6193
14307
18274
16757
10268
993
-7943
-13528
-13881
-8883
-218
9195
16183
18392
15078
7357
-2169
-10290
-14270
-12768
-6290
2982
11903
17444
17719
12609
3798
-5789
-12975
-15394
-12288
-4764
4589
12566
16435
14855
8331
-957
-9903
-15512
-15894
-10921
-2268
7149
14157
16395
13109
5405
-4120
-12257
-16263
-14790
-8333
932
9882
15503
15900
10940
2293
-7127
-14145
-16397
-13124
-5429
4096
12240
16260
14801
8355
-906
-9862
-15495
-15907
-10958
-2318
7104
14132
16398
13139
5452
-4071
-12223
-16256
-14812
-8377
881
9842
15487
15913
10977
2343
-7081
-14119
-16399
-13154
-5476
4047
12206
16253
14823
8398
-856
-9822
-15478
-15919
-10996
-2368
7058
14106
16401
13169
5500
-4022
-12189
-16249
-14834
-8420
831
9802
15470
15925
11015
2393
-7036
-14093
-16402
-13184
-5524
3998
12172
16245
14844
8441
-806
-9782
-15461
-15931
-11033
-2417
7013
14080
16403
13199
5547
-3974
-12156
-16242
-14855
-8463
781
9761
15453
15937
11052
2442
-6990
-14067
-16404
-13214
-5571
3949
12139
16238
14866
8485
-755
-9741
-15444
-15944
-11071
-2467
6967
14054
16406
13229
5595
-3925
-12122
-16234
-14876
-8506
730
9721
15436
15950
11089
2492
-6945
-14041
-16407
-13244
-5618
3900
12105
16230
14887
8528
-705
-9700
-15427
-15956
-11108
-2517
6922
14028
16408
13259
5642
-3876
-12088
-16226
-14898
-8549
680
9680
15418
15961
11126
2542
-6899
-14015
-16409
-13274
-5666
3851
12070
16223
14908
8571
-655
-9679
-15486
-16136
-11438
-3011
6259
13197
15410
12093
4307
-5382
-13760
-18050
-16843
-10573
-1370
7639
13401
13973
9163
592
-8853
-15989
-18411
-15303
-7713
1802
10036
14215
12929
6614
-2604
-11619
-17392
-17979
-13182
-4617
4830
11976
14412
11318
3737
-5778
-14019
-18211
-16940
-10635
-1421
7618
13460
14153
9493
1086
-8190
-15157
-17413
-14138
-6378
3309
11709
16038
14874
8637
-554
-9578
-15375
-15991
-11219
-2666
6784
13949
16413
13347
5784
-3729
-11985
-16202
-14961
-8678
529
9558
15366
15996
11237
2691
-6761
-13936
-16414
-13362
-5807
3704
11967
16198
14971
8699
-504
-9537
-15357
-16002
-11255
-2716
6738
13922
16415
13377
5831
-3680
-11950
-16194
-14981
-8721
479
9517
15348
16008
11274
2741
-6715
-13909
-16416
-13391
-5854
3655
11933
16190
14992
8742
-453
-9496
-15339
-16013
-11292
-2766
6692
13896
16416
13406
5878
-3630
-11916
-16186
-15002
-8763
428
9475
15330
16019
11310
2791
-6669
-13882
-16417
-13420
-5902
3606
11898
16181
15012
8785
-403
-9455
-15321
-16024
-11328
-2815
6646
13869
16418
13435
5925
-3581
-11881
-16177
-15022
-8806
378
9434
15312
16030
11347
2840
-6623
-13855
-16418
-13449
-5949
3557
11863
16173
15033
8827
-353
-9414
-15303
-16035
-11365
-2865
6600
13842
16419
13464
5972
-3532
-11846
-16168
-15043
-8848
327
9393
15293
16041
11383
2890
-6577
-13828
-16419
-13478
-5995
3507
11829
16164
15053
8870
-302
-9372
-15284
-16046
-11401
-2915
6554
13814
16420
13493
6019
-3483
-11811
-16159
-15063
-8891
277
9352
15275
16051
11419
2939
-6531
-13801
-16420
-13507
-6042
3458
11794
16155
15073
8912
-252
-9350
-15342
-16225
-11730
-3409
5891
12982
15421
12326
4683
-4989
-13483
-17982
-17007
-10914
-1773
7310
13256
14062
9455
989
-8485
-15773
-18421
-15535
-8089
1409
9758
14146
13093
6954
-2202
-11289
-17247
-18067
-13474
-5014
4462
11760
14421
11550
4113
-5384
-13741
-18141
-17103
-10975
-1824
7288
13314
14241
9784
1483
-7821
-14941
-17422
-14369
-6753
2915
11430
15968
15036
8977
-151
-9248
-15228
-16078
-11510
-3063
6415
13732
16422
13578
6159
-3335
-11706
-16132
-15122
-9017
126
9227
15219
16083
11527
3088
-6392
-13718
-16422
-13592
-6183
3310
11688
16127
15132
9039
-101
-9206
-15209
-16088
-11545
-3113
6369
13704
16422
13606
6206
-3286
-11670
-16122
-15142
-9060
76
9185
15200
16093
11563
3137
-6346
-13690
-16422
-13621
-6229
3261
11652
16118
15152
9081
-50
-9164
-15190
-16098
-11581
-3162
6322
13677
16422
13635
6253
-3236
-11635
-16113
-15161
-9102
25
9143
15181
16103
11599
3187
-6299
-13663
-16422
-13649
-6276
3212
11617
16108
15171
9122
0
-9122
-15171
-16108
-11617
-3212
6276
13649
16422
13663
6299
-3187
-11599
-16103
-15181
-9143
-25
9102
15161
16113
11635
3236
-6253
-13635
-16422
-13677
-6322
3162
11581
16098
15190
9164
50
-9081
-15152
-16118
-11652
-3261
6229
13621
16422
13690
6346
-3137
-11563
-16093
-15200
-9185
-76
9060
15142
16122
11670
3286
-6206
-13606
-16422
-13704
-6369
3113
11545
16088
15209
9206
101
-9039
-15132
-16127
-11688
-3310
6183
13592
16422
13718
6392
-3088
-11527
-16083
-15219
-9227
-126
9017
15122
16132
11706
3335
-6159
-13578
-16422
-13732
-6415
3063
11510
16078
15228
9248
151
-9016
-15189
-16305
-12016
-3804
5519
12759
15422
12551
5056
-4594
-13199
-17904
-17162
-11249
-2176
6975
13103
14141
9741
1384
-8113
-15550
-18421
-15760
-8462
1014
9474
14067
13247
7289
-1798
-10954
-17093
-18146
-13758
-5409
4089
11535
14421
11773
4485
-4989
-13455
-18062
-17256
-11310
-2227
6952
13159
14319
10069
1878
-7448
-14716
-17421
-14592
-7125
2520
11145
15888
15190
9312
252
-8912
-15073
-16155
-11794
-3458
6042
13507
16420
13801
6531
-2939
-11419
-16051
-15275
-9352
-277
8891
15063
16159
11811
3483
-6019
-13493
-16420
-13814
-6554
2915
11401
16046
15284
9372
302
-8870
-15053
-16164
-11829
-3507
5995
13478
16419
13828
6577
-2890
-11383
-16041
-15293
-9393
-327
8848
15043
16168
11846
3532
-5972
-13464
-16419
-13842
-6600
2865
11365
16035
15303
9414
353
-8827
-15033
-16173
-11863
-3557
5949
13449
16418
13855
6623
-2840
-11347
-16030
-15312
-9434
-378
8806
15022
16177
11881
3581
-5925
-13435
-16418
-13869
-6646
2815
11328
16024
15321
9455
403
-8785
-15012
-16181
-11898
-3606
5902
13420
16417
13882
6669
-2791
-11310
-16019
-15330
-9475
-428
8763
15002
16186
11916
3630
-5878
-13406
-16416
-13896
-6692
2766
11292
16013
15339
9496
453
-8742
-14992
-16190
-11933
-3655
5854
13391
16416
13909
6715
-2741
-11274
-16008
-15348
-9517
-479
8721
14981
16194
11950
3680
-5831
-13377
-16415
-13922
-6738
2716
11255
16002
15357
9537
504
-8699
-14971
-16198
-11967
-3704
5807
13362
16414
13936
6761
-2691
-11237
-15996
-15366
-9558
-529
8678
14961
16202
11985
3729
-5784
-13347
-16413
-13949
-6784
2666
11219
15991
15375
9578
554
-8676
-15026
-16375
-12295
-4198
5143
12528
15413
12767
5425
-4197
-12907
-17816
-17307
-11579
-2579
6635
12940
14211
10019
1778
-7737
-15318
-18412
-15976
-8830
617
9182
13979
13392
7619
-1396
-10614
-16929
-18215
-14036
-5802
3713
11303
14411
11989
4853
-4592
-13163
-17973
-17401
-11639
-2630
6611
12995
14387
10346
2271
-7072
-14483
-17410
-14807
-7493
2122
10852
15799
15334
9641
655
-8571
-14908
-16223
-12070
-3851
5666
13274
16409
14015
6899
-2542
-11126
-15961
-15418
-9680
-680
8549
14898
16226
12088
3876
-5642
-13259
-16408
-14028
-6922
2517
11108
15956
15427
9700
705
-8528
-14887
-16230
-12105
-3900
5618
13244
16407
14041
6945
-2492
-11089
-15950
-15436
-9721
-730
8506
14876
16234
12122
3925
-5595
-13229
-16406
-14054
-6967
2467
11071
15944
15444
9741
755
-8485
-14866
-16238
-12139
-3949
5571
13214
16404
14067
6990
-2442
-11052
-15937
-15453
-9761
-781
8463
14855
16242
12156
3974
-5547
-13199
-16403
-14080
-7013
2417
11033
15931
15461
9782
806
-8441
-14844
-16245
-12172
-3998
5524
13184
16402
14093
7036
-2393
-11015
-15925
-15470
-9802
-831
8420
14834
16249
12189
4022
-5500
-13169
-16401
-14106
-7058
2368
10996
15919
15478
9822
856
-8398
-14823
-16253
-12206
-4047
5476
13154
16399
14119
7081
-2343
-10977
-15913
-15487
-9842
-881
8377
14812
16256
12223
4071
-5452
-13139
-16398
-14132
-7104
2318
10958
15907
15495
9862
906
-8355
-14801
-16260
-12240
-4096
5429
13124
16397
14145
7127
-2293
-10940
-15900
-15503
-9882
-932
8333
14790
16263
12257
4120
-5405
-13109
-16395
-14157
-7149
2268
10921
15894
15512
9903
957
-8331
-14855
-16435
-12566
-4589
4764
12288
15394
12975
5789
-3798
-12609
-17719
-17444
-11903
-2982
6290
12768
14270
10290
2169
-7357
-15078
-18392
-16183
-9195
218
8883
13881
13528
7943
-993
-10268
-16757
-18274
-14307
-6193
3333
11063
14391
12196
5217
-4193
-12864
-17875
-17536
-11963
-3032
6265
12822
14446
10616
2662
-6692
-14243
-17389
-15013
-7857
1724
10552
15700
15468
9964
1057
-8224
-14735
-16280
-12340
-4242
5286
13032
16388
14221
7263
-2143
-10826
-15862
-15553
-10003
-1082
8203
14724
16284
12357
4266
-5262
-13017
-16386
-14233
-7285
2118
10808
15855
15561
10023
1108
-8181
-14713
-16287
-12373
-4290
5238
13002
16384
14246
7308
-2093
-10789
-15849
-15569
-10043
-1133
8159
14701
16290
12390
4315
-5214
-12986
-16382
-14259
-7330
2068
10770
15842
15577
10063
1158
-8137
-14690
-16293
-12406
-4339
5190
12971
16381
14271
7353
-2043
-10750
-15835
-15585
-10082
-1183
8115
14679
16296
12423
4363
-5166
-12955
-16379
-14283
-7375
2018
10731
15829
15593
10102
1208
-8093
-14667
-16299
-12439
-4388
5142
12940
16377
14296
7398
-1993
-10712
-15822
-15600
-10122
-1233
8071
14656
16303
12456
4412
-5119
-12924
-16375
-14308
-7420
1968
10693
15815
15608
10142
1258
-8049
-14645
-16306
-12472
-4436
5095
12909
16373
14321
7443
-1943
-10674
-15808
-15616
-10162
-1283
8027
14633
16309
12489
4460
-5071
-12893
-16371
-14333
-7465
1918
10655
15802
15624
10182
1309
-8005
-14622
-16311
-12505
-4485
5047
12877
16369
14345
7488
-1893
-10636
-15795
-15632
-10201
-1334
7983
14610
16314
12521
4509
-5023
-12862
-16367
-14357
-7510
1868
10617
15788
15639
10221
1359
-7942
-14523
-16149
-12245
-4089
5616
13651
17365
15565
8915
-287
-8890
-13949
-13723
-8260
616
9939
16587
18320
14554
6557
-2975
-10830
-14363
-12382
-5555
3818
12578
17774
17655
12260
3409
-5917
-12576
-14323
-10570
-2582
6951
14815
18361
16394
9577
207
-8559
-13767
-13662
-8280
566
9876
16488
18157
14293
6161
-3544
-11604
-15359
-13601
-6982
2212
10832
15928
15746
10319
1459
-7873
-14552
-16328
-12602
-4630
4903
12783
16356
14418
7622
-1743
-10520
-15753
-15677
-10319
-1484
7851
14541
16331
12618
4654
-4879
-12767
-16354
-14430
-7644
1718
10501
15746
15685
10339
1509
-7829
-14529
-16334
-12635
-4678
4854
12751
16352
14442
7666
-1693
-10481
-15738
-15692
-10359
-1534
7807
14517
16336
12651
4702
-4830
-12736
-16349
-14454
-7689
1668
10462
15731
15700
10378
1560
-7784
-14505
-16339
-12667
-4726
4806
12720
16347
14466
7711
-1643
-10443
-15724
-15707
-10398
-1585
7762
14494
16341
12683
4751
-4782
-12704
-16345
-14478
-7733
1618
10423
15717
15714
10417
1610
-7740
-14482
-16344
-12699
-4775
4758
12688
16342
14490
7755
-1592
-10404
-15709
-15722
-10437
-1635
7718
14470
16346
12715
4799
-4734
-12672
-16340
-14502
-7778
1567
10384
15702
15729
10456
1660
-7696
-14458
-16349
-12731
-4823
4710
12656
16337
14514
7800
-1542
-10365
-15695
-15736
-10475
-1685
7673
14446
16351
12746
4847
-4686
-12640
-16334
-14525
-7822
1517
10345
15687
15743
10495
1710
-7651
-14434
-16353
-12762
-4871
4662
12623
16332
14537
7844
-1492
-10325
-15680
-15750
-10514
-1735
7629
14422
16356
12778
4895
-4637
-12607
-16329
-14549
-7866
1467
10306
15672
15758
10533
1760
-7626
-14486
-16526
-13087
-5364
3996
11786
15326
13365
6506
-2998
-11993
-17496
-17689
-12534
-3785
5584
12398
14360
10810
2943
-6589
-14575
-18324
-16572
-9910
-583
8267
13657
13772
8572
-190
-9562
-16386
-18362
-14826
-6967
2565
10559
14321
12584
5932
-3392
-12247
-17649
-17779
-12591
-3835
5559
12450
14533
11134
3436
-5923
-13738
-17318
-15400
-8572
922
9934
15473
15710
10591
1860
-7517
-14361
-16366
-12857
-5015
4516
12526
16315
14607
7976
-1342
-10208
-15634
-15793
-10630
-1885
7495
14349
16369
12873
5039
-4492
-12510
-16312
-14618
-7998
1316
10188
15626
15799
10649
1910
-7472
-14337
-16371
-12888
-5063
4468
12494
16309
14630
8020
-1291
-10168
-15619
-15806
-10668
-1935
7450
14324
16373
12904
5087
-4444
-12477
-16306
-14641
-8042
1266
10148
15611
15813
10687
1960
-7427
-14312
-16374
-12919
-5111
4420
12461
16303
14653
8064
-1241
-10128
-15603
-15820
-10706
-1985
7405
14300
16376
12935
5135
-4395
-12444
-16300
-14664
-8086
1216
10109
15595
15827
10725
2010
-7382
-14287
-16378
-12950
-5159
4371
12428
16297
14675
8108
-1191
-10089
-15587
-15833
-10745
-2035
7360
14275
16380
12966
5183
-4347
-12412
-16294
-14687
-8130
1166
10069
15579
15840
10764
2060
-7337
-14262
-16382
-12981
-5207
4322
12395
16291
14698
8152
-1141
-10049
-15571
-15847
-10783
-2085
7315
14250
16384
12997
5231
-4298
-12378
-16288
-14709
-8174
1115
10029
15563
15853
10802
2110
-7292
-14237
-16385
-13012
-5254
4274
12362
16285
14720
8196
-1090
-10009
-15555
-15860
-10821
-2135
7270
14225
16387
13027
5278
-4249
-12345
-16281
-14731
-8218
1065
9989
15547
15866
10839
2160
-7266
-14288
-16557
-13336
-5747
3608
11524
15278
13547
6857
-2596
-11676
-17370
-17797
-12839
-4185
5224
12200
14390
11058
3326
-6201
-14312
-18275
-16754
-10261
-985
7949
13531
13879
8877
210
-9202
-16187
-18392
-15073
-7350
2176
10295
14271
12765
6283
-2990
-11929
-17522
-17886
-12896
-4235
5198
12250
14562
11381
3818
-5535
-13474
-17268
-15581
-8922
520
9616
15346
15816
10896
2260
-7156
-14161
-16395
-13104
-5397
4128
12262
16264
14787
8326
-939
-9889
-15506
-15898
-10934
-2285
7134
14149
16396
13119
5421
-4103
-12245
-16261
-14798
-8348
914
9869
15498
15905
10953
2310
-7111
-14136
-16398
-13134
-5445
4079
12228
16257
14808
8370
-889
-9848
-15489
-15911
-10971
-2335
7088
14123
16399
13149
5469
-4054
-12211
-16254
-14819
-8391
864
9828
15481
15917
10990
2360
-7066
-14110
-16400
-13164
-5492
4030
12195
16250
14830
8413
-839
-9808
-15472
-15923
-11009
-2385
7043
14097
16402
13179
5516
-4006
-12178
-16246
-14841
-8435
814
9788
15464
15929
11027
2410
-7020
-14084
-16403
-13194
-5540
3981
12161
16243
14852
8456
-789
-9768
-15456
-15936
-11046
-2435
6997
14071
16404
13209
5564
-3957
-12144
-16239
-14862
-8478
763
9747
15447
15942
11065
2459
-6974
-14058
-16405
-13224
-5587
3932
12127
16235
14873
8499
-738
-9727
-15438
-15948
-11083
-2484
6952
14045
16406
13239
5611
-3908
-12110
-16231
-14884
-8521
713
9707
15430
15954
11102
2509
-6929
-14032
-16407
-13254
-5635
3883
12093
16228
14894
8543
-688
-9686
-15421
-15960
-11120
-2534
6906
14019
16409
13269
5658
-3859
-12076
-16224
-14905
-8564
663
9666
15412
15966
11139
2559
-6864
-13930
-16241
-12991
-5238
4452
12864
17220
16111
9968
918
-7939
-13572
-14048
-9177
-584
8860
15993
18411
15299
7706
-1810
-10042
-14216
-12926
-6607
2612
11625
17395
17977
13176
4609
-4837
-11980
-14411
-11313
-3729
5785
14024
18212
16937
10628
1413
-7605
-13386
-13983
-9194
-634
8795
15890
18244
15035
7308
-2378
-10812
-15208
-14142
-8033
1006
9877
15546
16065
11232
2659
-6792
-13953
-16413
-13343
-5776
3736
11990
16204
14957
8671
-537
-9564
-15369
-15995
-11231
-2683
6769
13940
16414
13357
5800
-3712
-11973
-16200
-14968
-8693
512
9543
15360
16000
11250
2708
-6746
-13927
-16415
-13372
-5824
3687
11956
16195
14978
8714
-486
-9523
-15351
-16006
-11268
-2733
6723
13913
16416
13387
5847
-3663
-11938
-16191
-14989
-8735
461
9502
15342
16012
11286
2758
-6700
-13900
-16416
-13401
-5871
3638
11921
16187
14999
8757
-436
-9482
-15333
-16017
-11305
-2783
6677
13886
16417
13416
5894
-3614
-11904
-16183
-15009
-8778
411
9461
15324
16023
11323
2808
-6654
-13873
-16418
-13430
-5918
3589
11886
16178
15019
8799
-386
-9441
-15315
-16028
-11341
-2832
6631
13859
16418
13445
5941
-3564
-11869
-16174
-15029
-8821
361
9420
15305
16034
11359
2857
-6608
-13846
-16419
-13459
-5965
3540
11851
16170
15040
8842
-335
-9399
-15296
-16039
-11377
-2882
6584
13832
16419
13474
5988
-3515
-11834
-16165
-15050
-8863
310
9379
15287
16044
11396
2907
-6561
-13819
-16420
-13488
-6012
3491
11817
16161
15060
8884
-285
-9358
-15278
-16050
-11414
-2932
6538
13805
16420
13502
6035
-3466
-11799
-16156
-15070
-8905
260
9337
15269
16055
11432
2956
-6534
-13867
-16589
-13810
-6503
2824
10977
15152
13885
7544
-1790
-11024
-17091
-17984
-13431
-4981
4492
11778
14421
11531
4082
-5417
-13764
-18147
-17090
-10948
-1791
7296
13250
14066
9468
1006
-8469
-15764
-18421
-15545
-8105
1392
9746
14143
13100
6969
-2184
-11275
-17241
-18071
-13486
-5031
4465
11826
14590
11852
4573
-4750
-12924
-17138
-15914
-9607
-285
8961
15063
16000
11485
3055
-6423
-13736
-16422
-13574
-6152
3343
11711
16133
15119
9011
-134
-9233
-15222
-16081
-11522
-3080
6399
13723
16422
13588
6175
-3318
-11693
-16129
-15129
-9032
109
9213
15212
16086
11540
3105
-6376
-13709
-16422
-13602
-6199
3293
11676
16124
15139
9053
-83
-9192
-15203
-16091
-11558
-3130
6353
13695
16422
13616
6222
-3269
-11658
-16119
-15149
-9074
58
9171
15193
16096
11576
3154
-6330
-13681
-16422
-13630
-6245
3244
11640
16114
15158
9095
-33
-9150
-15184
-16101
-11593
-3179
6306
13667
16422
13644
6269
-3219
-11622
-16109
-15168
-9116
8
9129
15174
16106
11611
3204
-6283
-13653
-16422
-13658
-6292
3195
11605
16104
15178
9137
17
-9108
-15164
-16111
-11629
-3229
6260
13639
16422
13672
6315
-3170
-11587
-16099
-15187
-9158
-43
9087
15155
16116
11647
3253
-6237
-13625
-16422
-13686
-6338
3145
11569
16094
15197
9179
68
-9066
-15145
-16121
-11665
-3278
6213
13611
16422
13700
6362
-3120
-11551
-16089
-15206
-9200
-93
9045
15135
16126
11682
3303
-6190
-13597
-16422
-13714
-6385
3096
11533
16084
15216
9220
118
-9024
-15126
-16130
-11700
-3327
6167
13583
16422
13728
6408
-3071
-11515
-16079
-15225
-9241
-143
9003
15116
16135
11718
3352
-6124
-13492
-16253
-13449
-5987
3664
12302
17074
16430
10645
1724
-7275
-13274
-14216
-9755
-1377
8120
15554
18421
15755
8454
-1021
-9479
-14069
-13244
-7283
1806
10961
17096
18144
13753
5401
-4096
-11540
-14421
-11769
-4478
4997
13461
18064
17254
11304
2219
-6940
-13086
-14149
-9771
-1426
8054
15450
18252
15490
8056
-1589
-10248
-15058
-14458
-8707
200
9211
15245
16230
11807
3451
-6050
-13511
-16420
-13796
-6524
2947
11425
16053
15272
9345
269
-8897
-15066
-16158
-11806
-3475
6026
13497
16420
13810
6547
-2922
-11407
-16048
-15281
-9366
-294
8876
15056
16163
11823
3500
-6003
-13483
-16420
-13824
-6570
2898
11389
16042
15291
9387
320
-8855
-15046
-16167
-11841
-3524
5979
13468
16419
13837
6593
-2873
-11371
-16037
-15300
-9407
-345
8834
15036
16171
11858
3549
-5956
-13454
-16419
-13851
-6616
2848
11352
16032
15309
9428
370
-8813
-15026
-16176
-11875
-3574
5932
13439
16418
13864
6639
-2823
-11334
-16026
-15318
-9448
-395
8791
15015
16180
11893
3598
-5909
-13425
-16417
-13878
-6662
2798
11316
16021
15327
9469
420
-8770
-15005
-16184
-11910
-3623
5885
13410
16417
13891
6685
-2773
-11298
-16015
-15336
-9490
-446
8749
14995
16189
11927
3647
-5862
-13396
-16416
-13905
-6708
2749
11279
16009
15345
9510
471
-8727
-14985
-16193
-11945
-3672
5838
13381
16415
13918
6731
-2724
-11261
-16004
-15354
-9531
-496
8706
14974
16197
11962
3696
-5815
-13367
-16415
-13932
-6754
2699
11243
15998
15363
9551
521
-8685
-14964
-16201
-11979
-3721
5791
13352
16414
13945
6777
-2674
-11224
-15992
-15372
-9572
-546
8663
14954
16205
11997
3745
-5787
-13413
-16581
-14251
-7245
2032
10401
14987
14186
8209
-984
-10349
-16775
-18133
-13994
-5770
3744
11323
14412
11971
4823
-4624
-13187
-17981
-17390
-11613
-2597
6620
12933
14213
10031
1795
-7720
-15308
-18411
-15985
-8846
600
9169
13975
13398
7633
-1378
-10599
-16922
-18217
-14048
-5819
3716
11369
14579
12291
5313
-3957
-12346
-16969
-16212
-10271
-1091
8285
14743
16145
12046
3844
-5673
-13278
-16409
-14011
-6892
2550
11132
15963
15416
9674
672
-8556
-14901
-16225
-12082
-3868
5649
13263
16408
14024
6915
-2525
-11114
-15957
-15424
-9694
-697
8534
14890
16229
12099
3892
-5626
-13249
-16407
-14037
-6937
2500
11095
15951
15433
9714
722
-8513
-14880
-16233
-12116
-3917
5602
13234
16406
14050
6960
-2475
-11076
-15945
-15442
-9735
-748
8491
14869
16237
12133
3941
-5578
-13219
-16405
-14063
-6983
2450
11058
15939
15450
9755
773
-8470
-14858
-16240
-12150
-3966
5555
13204
16404
14076
7006
-2425
-11039
-15933
-15459
-9775
-798
8448
14848
16244
12167
3990
-5531
-13189
-16402
-14089
-7029
2400
11020
15927
15467
9795
823
-8427
-14837
-16248
-12184
-4015
5507
13174
16401
14102
7051
-2375
-11002
-15921
-15476
-9816
-848
8405
14826
16252
12201
4039
-5484
-13159
-16400
-14115
-7074
2350
10983
15915
15484
9836
873
-8383
-14815
-16255
-12218
-4064
5460
13144
16398
14128
7097
-2326
-10964
-15909
-15492
-9856
-899
8362
14804
16259
12235
4088
-5436
-13128
-16397
-14141
-7120
2301
10946
15902
15501
9876
924
-8340
-14793
-16262
-12251
-4112
5412
13113
16396
14153
7142
-2276
-10927
-15896
-15509
-9896
-949
8318
14782
16266
12268
4137
-5408
-13174
-16563
-14459
-7609
1633
10103
14890
14322
8534
-582
-10004
-16603
-18193
-14266
-6161
3365
11083
14393
12179
5188
-4226
-12889
-17883
-17526
-11936
-2999
6275
12760
14273
10302
2186
-7341
-15068
-18391
-16192
-9210
201
8870
13877
13534
7956
-976
-10253
-16749
-18276
-14318
-6210
3336
11128
14558
12497
5677
-3558
-12046
-16870
-16347
-10594
-1494
7938
14570
16203
12316
4234
-5293
-13037
-16388
-14217
-7255
2151
10832
15864
15550
9996
1075
-8209
-14727
-16283
-12352
-4259
5269
13022
16386
14230
7278
-2126
-10813
-15857
-15558
-10016
-1100
8188
14716
16286
12368
4283
-5245
-13006
-16385
-14242
-7301
2101
10794
15851
15566
10036
1125
-8166
-14705
-16289
-12385
-4307
5222
12991
16383
14255
7323
-2076
-10775
-15844
-15574
-10056
-1150
8144
14694
16292
12401
4331
-5198
-12976
-16381
-14267
-7346
2051
10756
15838
15582
10076
1175
-8122
-14682
-16295
-12418
-4356
5174
12960
16379
14280
7368
-2026
-10737
-15831
-15590
-10096
-1200
8100
14671
16299
12434
4380
-5150
-12945
-16378
-14292
-7391
2001
10718
15824
15598
10116
1225
-8078
-14660
-16302
-12451
-4404
5126
12929
16376
14304
7413
-1976
-10699
-15817
-15606
-10136
-1250
8056
14648
16305
12467
4429
-5102
-12914
-16374
-14317
-7436
1951
10680
15811
15614
10156
1276
-8034
-14637
-16308
-12483
-4453
5078
12898
16372
14329
7458
-1926
-10661
-15804
-15621
-10175
-1301
8012
14625
16311
12500
4477
-5054
-12882
-16370
-14341
-7481
1901
10642
15797
15629
10195
1326
-7990
-14614
-16313
-12516
-4501
5030
12867
16368
14354
7503
-1876
-10623
-15790
-15637
-10215
-1351
7968
14602
16316
12532
4526
-4987
-12775
-16197
-14073
-7081
2468
11408
16783
16840
11617
2932
-6239
-12759
-14395
-10568
-2550
6982
14835
18364
16378
9548
174
-8584
-13776
-13652
-8254
599
9924
16579
18322
14565
6574
-2958
-10820
-14361
-12390
-5570
3801
12565
17769
17660
12274
3426
-5902
-12568
-14325
-10581
-2598
6915
14728
18191
16109
9148
-393
-9350
-14762
-14863
-9676
-1007
8173
14725
16404
12616
4622
-4910
-12788
-16357
-14414
-7615
1751
10526
15755
15675
10313
1476
-7858
-14544
-16330
-12613
-4646
4886
12772
16355
14426
7637
-1726
-10507
-15748
-15682
-10333
-1502
7836
14533
16333
12630
4671
-4862
-12756
-16352
-14438
-7659
1701
10487
15741
15690
10352
1527
-7814
-14521
-16335
-12646
-4695
4838
12741
16350
14450
7682
-1675
-10468
-15733
-15697
-10372
-1552
7791
14509
16338
12662
4719
-4814
-12725
-16348
-14462
-7704
1650
10449
15726
15705
10391
1577
-7769
-14497
-16341
-12678
-4743
4790
12709
16345
14474
7726
-1625
-10429
-15719
-15712
-10411
-1602
7747
14485
16343
12694
4767
-4766
-12693
-16343
-14486
-7748
1600
10410
15712
15719
10430
1627
-7725
-14474
-16345
-12710
-4791
4742
12677
16340
14498
7771
-1575
-10390
-15704
-15727
-10450
-1652
7703
14462
16348
12726
4815
-4717
-12661
-16338
-14510
-7793
1550
10371
15697
15734
10469
1677
-7680
-14450
-16350
-12742
-4839
4693
12645
16335
14522
7815
-1525
-10351
-15689
-15741
-10489
-1702
7658
14438
16353
12757
4864
-4669
-12629
-16333
-14533
-7837
1500
10332
15682
15748
10508
1727
-7636
-14426
-16355
-12773
-4888
4645
12612
16330
14545
7859
-1475
-10312
-15674
-15755
-10527
-1752
7613
14414
16357
12789
4912
-4640
-12672
-16496
-14850
-8326
832
9487
14667
14567
9164
222
-9298
-16233
-18283
-14786
-6936
2597
10580
14325
12568
5903
-3425
-12273
-17659
-17770
-12566
-3802
5569
12389
14362
10821
2960
-6572
-14564
-18322
-16580
-9926
-600
8253
13652
13777
8585
-173
-9546
-16377
-18364
-14836
-6984
2567
10624
14488
12885
6392
-2757
-11428
-16644
-16588
-11222
-2297
7231
14197
16290
12833
5008
-4524
-12531
-16316
-14603
-7970
1349
10214
15636
15790
10624
1877
-7502
-14353
-16368
-12868
-5032
4500
12515
16313
14615
7992
-1324
-10194
-15629
-15797
-10643
-1902
7479
14341
16370
12883
5056
-4476
-12499
-16310
-14626
-8014
1299
10174
15621
15804
10662
1927
-7457
-14328
-16372
-12899
-5080
4451
12482
16307
14638
8036
-1274
-10154
-15613
-15811
-10681
-1952
7434
14316
16374
12915
5104
-4427
-12466
-16304
-14649
-8058
1249
10135
15605
15818
10700
1977
-7412
-14304
-16376
-12930
-5127
4403
12450
16301
14660
8079
-1224
-10115
-15597
-15825
-10720
-2002
7389
14291
16378
12946
5151
-4379
-12433
-16298
-14672
-8101
1199
10095
15590
15831
10739
2027
-7367
-14279
-16380
-12961
-5175
4354
12417
16295
14683
8123
-1174
-10075
-15582
-15838
-10758
-2052
7344
14266
16381
12977
5199
-4330
-12400
-16292
-14694
-8145
1148
10055
15574
15845
10777
2077
-7322
-14254
-16383
-12992
-5223
4306
12384
16289
14706
8167
-1123
-10035
-15566
-15851
-10796
-2102
7299
14241
16385
13007
5247
-4281
-12367
-16286
-14717
-8189
1098
10015
15558
15858
10815
2127
-7277
-14229
-16386
-13023
-5271
4257
12350
16282
14728
8211
-1073
-9995
-15550
-15864
-10834
-2152
7254
14216
16388
13038
5295
-4252
-12410
-16448
-15032
-8677
431
9170
14541
14676
9470
622
-8939
-16035
-18314
-15034
-7319
2208
10317
14276
12750
6254
-3023
-11955
-17533
-17877
-12871
-4202
5209
12191
14391
11069
3342
-6184
-14301
-18272
-16761
-10276
-1002
7935
13525
13884
8890
227
-9186
-16178
-18393
-15084
-7366
2179
10360
14437
13065
6742
-2355
-11110
-16517
-16695
-11526
-2697
6871
13997
16318
13080
5390
-4135
-12267
-16265
-14783
-8320
947
9895
15509
15896
10928
2277
-7141
-14153
-16396
-13114
-5414
4111
12250
16262
14794
8341
-922
-9875
-15500
-15903
-10947
-2302
7118
14140
16397
13129
5438
-4086
-12234
-16258
-14805
-8363
897
9855
15492
15909
10965
2327
-7095
-14127
-16399
-13144
-5461
4062
12217
16255
14816
8385
-872
-9835
-15484
-15915
-10984
-2352
7073
14114
16400
13160
5485
-4038
-12200
-16251
-14827
-8406
847
9814
15475
15921
11003
2377
-7050
-14101
-16401
-13175
-5509
4013
12183
16248
14838
8428
-822
-9794
-15467
-15928
-11022
-2402
7027
14088
16402
13190
5533
-3989
-12166
-16244
-14848
-8450
796
9774
15458
15934
11040
2427
-7004
-14075
-16404
-13205
-5556
3964
12149
16240
14859
8471
-771
-9754
-15450
-15940
-11059
-2452
6982
14062
16405
13220
5580
-3940
-12132
-16236
-14870
-8493
746
9733
15441
15946
11078
2477
-6959
-14049
-16406
-13235
-5604
3915
12115
16233
14880
8514
-721
-9713
-15432
-15952
-11096
-2502
6936
14036
16407
13249
5627
-3891
-12098
-16229
-14891
-8536
696
9693
15424
15958
11115
2526
-6913
-14023
-16408
-13264
-5651
3866
12081
16225
14902
8557
-671
-9672
-15415
-15964
-11133
-2551
6890
14010
16409
13279
5675
-3861
-12140
-16390
-15205
-9023
28
8847
14406
14775
9769
1021
-8574
-15828
-18334
-15275
-7698
1818
10047
14217
12923
6600
-2620
-11632
-17398
-17975
-13170
-4601
4844
11984
14411
11309
3722
-5793
-14030
-18213
-16933
-10622
-1405
7611
13389
13981
9189
626
-8822
-15971
-18412
-15323
-7745
1788
10089
14378
13237
7088
-1953
-10786
-16380
-16792
-11824
-3095
6506
13789
16337
13319
5769
-3744
-11995
-16205
-14954
-8665
545
9570
15371
15993
11225
2676
-6776
-13944
-16414
-13353
-5793
3719
11978
16201
14965
8686
-519
-9550
-15362
-15999
-11244
-2701
6753
13931
16415
13368
5816
-3695
-11961
-16197
-14975
-8707
494
9529
15353
16004
11262
2725
-6730
-13917
-16415
-13382
-5840
3670
11944
16193
14985
8729
-469
-9509
-15345
-16010
-11281
-2750
6707
13904
16416
13397
5863
-3646
-11926
-16188
-14996
-8750
444
9488
15336
16015
11299
2775
-6684
-13891
-16417
-13411
-5887
3621
11909
16184
15006
8771
-419
-9468
-15327
-16021
-11317
-2800
6661
13877
16417
13426
5910
-3597
-11892
-16180
-15016
-8793
394
9447
15317
16026
11335
2825
-6638
-13864
-16418
-13440
-5934
3572
11874
16175
15026
8814
-368
-9427
-15308
-16032
-11354
-2849
6615
13850
16419
13455
5957
-3547
-11857
-16171
-15036
-8835
343
9406
15299
16037
11372
2874
-6592
-13836
-16419
-13469
-5981
3523
11839
16167
15047
8856
-318
-9385
-15290
-16043
-11390
-2899
6569
13823
16420
13484
6004
-3498
-11822
-16162
-15057
-8878
293
9365
15281
16048
11408
2924
-6545
-13809
-16420
-13498
-6028
3474
11804
16158
15067
8899
-268
-9344
-15272
-16053
-11426
-2949
6522
13796
16420
13512
6051
-3430
-11711
-15985
-14784
-8475
860
10128
16262
17254
12827
4529
-4792
-11950
-14497
-11546
-4075
5424
13769
18149
17087
10941
1783
-7302
-13253
-14064
-9462
-998
8476
15768
18421
15541
8098
-1400
-9752
-14144
-13097
-6962
2192
11282
17244
18069
13480
5023
-4453
-11754
-14421
-11555
-4121
5356
13658
17971
16814
10539
1216
-8066
-14234
-15270
-10881
-2603
6723
13909
16498
13589
6145
-3350
-11717
-16135
-15116
-9004
142
9240
15225
16080
11516
3072
-6407
-13727
-16422
-13583
-6168
3326
11699
16130
15126
9025
-117
-9219
-15215
-16085
-11534
-3097
6383
13713
16422
13598
6191
-3301
-11681
-16125
-15136
-9046
91
9198
15206
16090
11552
3122
-6360
-13699
-16422
-13612
-6215
3276
11663
16121
15146
9067
-66
-9177
-15196
-16095
-11570
-3147
6337
13685
16422
13626
6238
-3252
-11646
-16116
-15155
-9088
41
9156
15187
16100
11588
3171
-6314
-13671
-16422
-13640
-6261
3227
11628
16111
15165
9109
-16
-9136
-15177
-16105
-11606
-3196
6290
13657
16422
13654
6285
-3202
-11610
-16106
-15175
-9130
-9
9115
15167
16110
11624
3221
-6267
-13643
-16422
-13668
-6308
3178
11592
16101
15184
9151
35
-9094
-15158
-16114
-11641
-3246
6244
13629
16422
13682
6331
-3153
-11574
-16096
-15194
-9172
-60
9073
15148
16119
11659
3270
-6221
-13615
-16422
-13696
-6354
3128
11557
16091
15203
9193
85
-9052
-15138
-16124
-11677
-3295
6197
13601
16422
13710
6378
-3103
-11539
-16086
-15213
-9214
-110
9031
15129
16129
11694
3320
-6174
-13587
-16422
-13723
-6401
3079
11521
16081
15222
9235
135
-9010
-15119
-16134
-11712
-3344
6151
13573
16422
13737
6424
-3035
-11427
-15907
-14939
-8811
457
9793
16109
17333
13112
4924
-4420
-11727
-14498
-11770
-4447
5029
13485
18071
17241
11276
2186
-6967
-13099
-14143
-9747
-1394
8104
15544
18421
15765
8470
-1004
-9467
-14065
-13251
-7297
1789
10946
17089
18148
13765
5418
-4080
-11530
-14421
-11779
-4493
4960
13373
17892
16967
10873
1619
-7730
-14079
-15347
-11165
-2998
6350
13684
16497
13811
6517
-2955
-11431
-16055
-15269
-9339
-261
8904
15069
16157
11800
3467
-6034
-13502
-16420
-13806
-6540
2930
11413
16049
15279
9359
287
-8883
-15059
-16161
-11818
-3492
6010
13487
16420
13820
6563
-2905
-11394
-16044
-15288
-9380
-312
8862
15049
16166
11835
3517
-5987
-13473
-16419
-13833
-6586
2880
11376
16039
15297
9401
337
-8840
-15039
-16170
-11853
-3541
5963
13458
16419
13847
6609
-2856
-11358
-16033
-15306
-9421
-362
8819
15029
16174
11870
3566
-5940
-13444
-16418
-13860
-6632
2831
11340
16028
15315
9442
387
-8798
-15019
-16179
-11887
-3590
5916
13429
16418
13874
6655
-2806
-11322
-16022
-15324
-9463
-412
8777
15008
16183
11905
3615
-5893
-13415
-16417
-13887
-6678
2781
11303
16017
15333
9483
438
-8755
-14998
-16187
-11922
-3640
5869
13400
16416
13901
6701
-2756
-11285
-16011
-15342
-9504
-463
8734
14988
16192
11939
3664
-5846
-13386
-16416
-13914
-6724
2732
11267
16006
15351
9524
488
-8713
-14978
-16196
-11957
-3689
5822
13371
16415
13927
6747
-2707
-11248
-16000
-15360
-9545
-513
8691
14967
16200
11974
3713
-5799
-13357
-16414
-13941
-6770
2682
11230
15994
15369
9565
538
-8670
-14957
-16204
-11991
-3738
5775
13342
16413
13954
6793
-2676
-11288
-16157
-15671
-10030
-1181
7844
13946
15013
10626
2207
-7458
-15159
-18336
-15948
-8816
632
9193
13983
13387
7606
-1411
-10627
-16936
-18212
-14026
-5787
3728
11312
14411
11980
4839
-4607
-13175
-17977
-17396
-11627
-2614
6606
12925
14216
10043
1811
-7704
-15298
-18410
-15994
-8862
602
9232
14140
13697
8091
-744
-9779
-15915
-17025
-12677
-4280
5388
13114
16333
13988
6885
-2558
-11138
-15965
-15413
-9667
-664
8563
14904
16224
12077
3860
-5657
-13268
-16408
-14020
-6907
2533
11119
15959
15422
9688
689
-8541
-14894
-16228
-12094
-3885
5633
13253
16407
14033
6930
-2508
-11101
-15953
-15430
-9708
-715
8520
14883
16232
12111
3909
-5610
-13238
-16406
-14046
-6953
2483
11082
15947
15439
9728
740
-8498
-14872
-16236
-12128
-3934
5586
13223
16405
14059
6976
-2458
-11064
-15941
-15448
-9749
-765
8477
14862
16239
12145
3958
-5562
-13208
-16404
-14072
-6999
2433
11045
15935
15456
9769
790
-8455
-14851
-16243
-12162
-3983
5538
13193
16403
14085
7021
-2408
-11026
-15929
-15465
-9789
-815
8433
14840
16247
12179
4007
-5515
-13178
-16402
-14098
-7044
2383
11008
15923
15473
9809
840
-8412
-14829
-16250
-12196
-4032
5491
13163
16400
14111
7067
-2358
-10989
-15917
-15481
-9830
-866
8390
14819
16254
12213
4056
-5467
-13148
-16399
-14124
-7090
2333
10970
15911
15490
9850
891
-8368
-14808
-16258
-12229
-4080
5444
13133
16398
14137
7112
-2308
-10951
-15904
-15498
-9870
-916
8347
14797
16261
12246
4105
-5420
-13118
-16396
-14150
-7135
2283
10933
15898
15506
9890
941
-8325
-14786
-16265
-12263
-4129
5396
13103
16395
14162
7158
-2278
-10990
-16060
-15808
-10355
-1583
7498
13775
15073
10897
2598
-7079
-14919
-18317
-16156
-9180
234
8895
13885
13523
7930
-1009
-10282
-16764
-18272
-14296
-6178
3348
11072
14392
12188
5203
-4209
-12876
-17879
-17531
-11950
-3016
6260
12753
14275
10313
2202
-7325
-15057
-18390
-16200
-9226
203
8933
14041
13832
8415
-341
-9433
-15742
-17083
-12947
-4671
5008
12873
16312
14194
7248
-2159
-10838
-15866
-15547
-9990
-1067
8216
14731
16282
12346
4251
-5277
-13027
-16387
-14226
-7271
2134
10819
15859
15556
10010
1092
-8194
-14720
-16285
-12363
-4275
5253
13011
16385
14238
7294
-2109
-10800
-15853
-15564
-10030
-1117
8173
14708
16288
12379
4300
-5229
-12996
-16384
-14251
-7316
2084
10781
15846
15572
10050
1142
-8151
-14697
-16291
-12396
-4324
5205
12980
16382
14263
7339
-2059
-10762
-15840
-15580
-10070
-1167
8129
14686
16294
12413
4348
-5181
-12965
-16380
-14276
-7361
2034
10743
15833
15588
10090
1192
-8107
-14675
-16298
-12429
-4372
5157
12949
16378
14288
7384
-2009
-10724
-15826
-15596
-10110
-1218
8085
14663
16301
12445
4397
-5133
-12934
-16376
-14301
-7406
1984
10705
15820
15603
10130
1243
-8063
-14652
-16304
-12462
-4421
5110
12918
16374
14313
7429
-1959
-10686
-15813
-15611
-10149
-1268
8041
14640
16307
12478
4445
-5086
-12903
-16372
-14325
-7451
1934
10667
15806
15619
10169
1293
-8019
-14629
-16310
-12495
-4470
5062
12887
16370
14338
7474
-1909
-10648
-15799
-15627
-10189
-1318
7997
14618
16313
12511
4494
-5038
-12872
-16368
-14350
-7496
1884
10629
15792
15635
10209
1343
-7975
-14606
-16315
-12527
-4518
5014
12856
16366
14362
7518
-1878
-10685
-15954
-15935
-10673
-1986
7148
13595
15123
11161
2987
-6697
-14672
-18288
-16355
-9541
-166
8590
13778
13650
8248
-607
-9931
-16583
-18321
-14560
-6566
2966
10825
14362
12386
5563
-3809
-12571
-17771
-17657
-12268
-3418
5909
12571
14324
10576
2591
-6942
-14809
-18360
-16399
-9586
-197
8628
13933
13958
8732
61
-9082
-15560
-17132
-13210
-5059
4625
12624
16282
14391
7608
-1758
-10532
-15757
-15673
-10307
-1469
7865
14548
16329
12608
4639
-4894
-12777
-16355
-14423
-7630
1733
10513
15750
15680
10327
1494
-7843
-14536
-16332
-12624
-4663
4870
12761
16353
14435
7652
-1708
-10494
-15743
-15688
-10346
-1519
7820
14525
16335
12641
4687
-4845
-12745
-16351
-14447
-7675
1683
10474
15736
15695
10366
1544
-7798
-14513
-16337
-12657
-4711
4821
12730
16348
14459
7697
-1658
-10455
-15728
-15702
-10385
-1569
7776
14501
16340
12673
4736
-4797
-12714
-16346
-14471
-7719
1633
10435
15721
15710
10405
1594
-7754
-14489
-16342
-12689
-4760
4773
12698
16344
14483
7741
-1608
-10416
-15714
-15717
-10424
-1619
7732
14477
16345
12705
4784
-4749
-12682
-16341
-14494
-7764
1583
10396
15707
15724
10444
1644
-7710
-14465
-16347
-12721
-4808
4725
12666
16339
14506
7786
-1558
-10377
-15699
-15732
-10463
-1669
7687
14453
16350
12737
4832
-4701
-12650
-16336
-14518
-7808
1533
10357
15692
15739
10483
1694
-7665
-14441
-16352
-12752
-4856
4677
12634
16333
14530
7830
-1508
-10338
-15684
-15746
-10502
-1719
7643
14429
16354
12768
4880
-4653
-12617
-16331
-14541
-7852
1483
10318
15677
15753
10521
1744
-7620
-14417
-16356
-12784
-4904
4628
12601
16328
14553
7874
-1438
-10222
-15501
-15467
-10096
-1152
8403
15405
17554
14183
6484
-2897
-10754
-14402
-12584
-5897
3433
12279
17662
17767
12560
3794
-5576
-12393
-14361
-10816
-2952
6580
14569
18323
16576
9919
593
-8259
-13654
-13774
-8579
180
9553
16381
18363
14831
6976
-2556
-10553
-14320
-12588
-5941
3363
12163
17478
17488
12154
3227
-6336
-13369
-15560
-12230
-4556
4824
12705
16393
14619
7963
-1357
-10220
-15639
-15788
-10618
-1870
7509
14357
16367
12863
5024
-4507
-12520
-16314
-14611
-7985
1332
10200
15631
15795
10637
1895
-7486
-14344
-16369
-12878
-5048
4483
12504
16311
14623
8007
-1307
-10180
-15623
-15802
-10656
-1920
7464
14332
16371
12894
5072
-4459
-12487
-16308
-14634
-8029
1282
10161
15616
15809
10675
1945
-7441
-14320
-16373
-12910
-5096
4435
12471
16305
14645
8051
-1257
-10141
-15608
-15816
-10694
-1970
7419
14308
16375
12925
5120
-4410
-12455
-16302
-14657
-8073
1232
10121
15600
15822
10714
1995
-7396
-14295
-16377
-12941
-5144
4386
12438
16299
14668
8095
-1207
-10101
-15592
-15829
-10733
-2020
7374
14283
16379
12956
5168
-4362
-12422
-16296
-14679
-8116
1181
10081
15584
15836
10752
2045
-7351
-14270
-16381
-12972
-5192
4338
12405
16293
14691
8138
-1156
-10061
-15576
-15843
-10771
-2070
7329
14258
16383
12987
5216
-4313
-12389
-16290
-14702
-8160
1131
10041
15568
15849
10790
2095
-7306
-14245
-16384
-13003
-5240
4289
12372
16287
14713
8182
-1106
-10021
-15560
-15856
-10809
-2120
7284
14233
16386
13018
5263
-4265
-12356
-16283
-14724
-8204
1081
10001
15552
15862
10828
2145
-7261
-14220
-16388
-13033
-5287
4240
12339
16280
14736
8226
-1075
-10058
-15712
-16162
-11291
-2787
6434
13207
15194
11666
3756
-5923
-14154
-18201
-16727
-10248
-969
7961
13536
13875
8865
195
-9216
-16195
-18391
-15064
-7335
2192
10306
14273
12758
6269
-3005
-11941
-17528
-17882
-12884
-4219
5193
12182
14392
11079
3359
-6167
-14289
-18270
-16769
-10291
-1000
7997
13688
14181
9348
862
-8366
-15169
-17199
-13712
-5827
3850
12104
16190
14761
8313
-955
-9901
-15511
-15894
-10922
-2269
7148
14157
16395
13109
5406
-4118
-12256
-16263
-14791
-8335
930
9881
15503
15901
10941
2294
-7125
-14144
-16397
-13125
-5430
4094
12239
16260
14802
8356
-905
-9861
-15495
-15907
-10960
-2319
7103
14131
16398
13140
5454
-4070
-12222
-16256
-14813
-8378
880
9841
15486
15913
10978
2344
-7080
-14118
-16399
-13155
-5478
4045
12205
16252
14823
8400
-855
-9821
-15478
-15919
-10997
-2369
7057
14105
16401
13170
5501
-4021
-12188
-16249
-14834
-8421
829
9801
15469
15926
11016
2394
-7034
-14092
-16402
-13185
-5525
3996
12171
16245
14845
8443
-804
-9780
-15461
-15932
-11034
-2419
7012
14079
16403
13200
5549
-3972
-12154
-16241
-14856
-8464
779
9760
15452
15938
11053
2444
-6989
-14067
-16405
-13215
-5573
3948
12137
16238
14866
8486
-754
-9740
-15444
-15944
-11072
-2469
6966
14053
16406
13230
5596
-3923
-12121
-16234
-14877
-8508
729
9719
15435
15950
11090
2494
-6943
-14040
-16407
-13245
-5620
3899
12103
16230
14888
8529
-704
-9699
-15427
-15956
-11109
-2519
6920
14027
16408
13260
5644
-3874
-12086
-16226
-14898
-8551
678
9679
15418
15962
11127
2544
-6897
-14014
-16409
-13275
-5667
3850
12069
16222
14909
8572
-672
-9735
-15578
-16261
-11590
-3186
6070
13001
15215
11907
4135
-5532
-13884
-18142
-16900
-10594
-1372
7638
13400
13974
9164
593
-8852
-15988
-18411
-15304
-7714
1801
10035
14214
12930
6615
-2603
-11618
-17392
-17979
-13183
-4618
4829
11975
14412
11319
3738
-5776
-14018
-18210
-16941
-10636
-1403
7673
13551
14278
9646
1260
-8001
-14961
-17218
-13951
-6206
3459
11832
16130
14932
8658
-553
-9577
-15374
-15991
-11220
-2668
6783
13948
16414
13348
5785
-3727
-11984
-16202
-14961
-8679
527
9556
15365
15997
11238
2693
-6760
-13935
-16414
-13363
-5809
3703
11966
16198
14972
8701
-502
-9536
-15356
-16002
-11256
-2718
6737
13921
16415
13378
5832
-3678
-11949
-16194
-14982
-8722
477
9515
15347
16008
11275
2742
-6714
-13908
-16416
-13392
-5856
3653
11932
16190
14992
8743
-452
-9495
-15338
-16014
-11293
-2767
6691
13895
16417
13407
5879
-3629
-11914
-16185
-15003
-8765
427
9474
15329
16019
11311
2792
-6668
-13881
-16417
-13421
-5903
3604
11897
16181
15013
8786
-401
-9454
-15320
-16025
-11330
-2817
6645
13868
16418
13436
5926
-3580
-11880
-16177
-15023
-8807
376
9433
15311
16030
11348
2842
-6622
-13854
-16418
-13450
-5950
3555
11862
16172
15033
8828
-351
-9412
-15302
-16036
-11366
-2867
6599
13841
16419
13465
5973
-3531
-11845
-16168
-15043
-8850
326
9392
15293
16041
11384
2891
-6576
-13827
-16419
-13479
-5997
3506
11827
16164
15053
8871
-301
-9371
-15284
-16046
-11402
-2916
6553
13814
16420
13493
6020
-3481
-11810
-16159
-15063
-8892
276
9350
15274
16052
11420
2941
-6530
-13800
-16420
-13508
-6044
3457
11792
16155
15074
8913
-270
-9406
-15434
-16350
-11883
-3583
5702
12786
15226
12139
4512
-5139
-13606
-18074
-17064
-10934
-1775
7309
13256
14062
9457
990
-8483
-15773
-18421
-15536
-8091
1407
9757
14146
13093
6956
-2200
-11288
-17247
-18068
-13475
-5015
4460
11759
14421
11551
4114
-5383
-13740
-18141
-17103
-10977
-1806
7343
13406
14366
9937
1657
-7632
-14745
-17227
-14182
-6582
3065
11554
16060
15094
8998
-150
-9246
-15228
-16078
-11511
-3065
6414
13731
16422
13579
6161
-3333
-11704
-16132
-15123
-9019
124
9226
15218
16083
11529
3089
-6391
-13717
-16422
-13593
-6184
3309
11687
16127
15133
9040
-99
-9205
-15209
-16088
-11547
-3114
6367
13704
16422
13607
6207
-3284
-11669
-16122
-15143
-9061
74
9184
15199
16093
11564
3139
-6344
-13690
-16422
-13621
-6231
3259
11651
16117
15152
9082
-49
-9163
-15190
-16098
-11582
-3164
6321
13676
16422
13635
6254
-3235
-11634
-16112
-15162
-9103
24
9142
15180
16103
11600
3188
-6298
-13662
-16422
-13649
-6277
3210
11616
16107
15172
9124
2
-9121
-15171
-16108
-11618
-3213
6274
13648
16422
13663
6301
-3185
-11598
-16103
-15181
-9145
-27
9100
15161
16113
11636
3238
-6251
-13634
-16422
-13677
-6324
3161
11580
16098
15191
9166
52
-9079
-15151
-16118
-11654
-3263
6228
13620
16422
13691
6347
-3136
-11562
-16093
-15200
-9187
-77
9058
15141
16123
11671
3287
-6204
-13606
-16422
-13705
-6370
3111
11544
16088
15210
9207
102
-9037
-15132
-16127
-11689
-3312
6181
13591
16422
13719
6394
-3086
-11526
-16082
-15219
-9228
-128
9016
15122
16132
11707
3337
-6158
-13577
-16422
-13733
-6417
3062
11508
16077
15229
9249
172
-8919
-14943
-15844
-11280
-2744
6939
14563
17617
15129
7995
-1330
-9659
-14148
-13258
-7270
1822
10974
17102
18141
13742
5386
-4111
-11549
-14421
-11761
-4463
5012
13472
18067
17248
11291
2203
-6953
-13092
-14146
-9760
-1411
8088
15535
18421
15774
8486
-987
-9454
-14062
-13257
-7311
1752
10856
16914
17858
13333
4818
-4869
-12520
-15616
-13171
-6065
3255
11605
16133
15286
9332
253
-8911
-15072
-16155
-11795
-3460
6041
13506
16420
13802
6532
-2938
-11418
-16051
-15276
-9353
-279
8889
15062
16160
11812
3484
-6017
-13492
-16420
-13815
-6556
2913
11400
16046
15285
9374
304
-8868
-15052
-16164
-11830
-3509
5994
13477
16419
13829
6579
-2888
-11382
-16040
-15294
-9394
-329
8847
15042
16169
11847
3534
-5971
-13463
-16419
-13842
-6602
2863
11364
16035
15303
9415
354
-8826
-15032
-16173
-11865
-3558
5947
13448
16418
13856
6625
-2839
-11346
-16030
-15312
-9436
-379
8805
15022
16177
11882
3583
-5924
-13434
-16418
-13869
-6648
2814
11327
16024
15321
9456
405
-8783
-15012
-16182
-11899
-3607
5900
13419
16417
13883
6671
-2789
-11309
-16019
-15330
-9477
-430
8762
15001
16186
11917
3632
-5877
-13405
-16416
-13896
-6694
2764
11291
16013
15339
9497
455
-8741
-14991
-16190
-11934
-3657
5853
13390
16416
13910
6717
-2739
-11272
-16007
-15348
-9518
-480
8719
14981
16194
11951
3681
-5829
-13376
-16415
-13923
-6740
2714
11254
16002
15357
9538
505
-8698
-14970
-16199
-11969
-3706
5806
13361
16414
13937
6763
-2690
-11236
-15996
-15366
-9559
-531
8677
14960
16203
11986
3730
-5782
-13346
-16413
-13950
-6786
2665
11217
15990
15375
9579
575
-8579
-14781
-15914
-11559
-3137
6564
14332
17608
15346
8364
-933
-9368
-14061
-13403
-7600
1419
10634
16939
18211
14020
5779
-3735
-11317
-14412
-11976
-4832
4615
13181
17979
17393
11620
2606
-6612
-12929
-14215
-10037
-1804
7712
15302
18411
15990
8855
-590
-9162
-13973
-13402
-7641
1350
10515
16750
17926
13610
5211
-4493
-12287
-15605
-13385
-6433
2858
11312
16043
15430
9661
656
-8569
-14908
-16223
-12072
-3853
5664
13273
16409
14016
6900
-2540
-11125
-15961
-15419
-9681
-682
8548
14897
16227
12089
3877
-5641
-13258
-16408
-14029
-6923
2516
11107
15955
15428
9702
707
-8526
-14886
-16231
-12106
-3902
5617
13243
16407
14042
6946
-2491
-11088
-15949
-15436
-9722
-732
8505
14876
16234
12123
3926
-5593
-13228
-16406
-14055
-6969
2466
11069
15943
15445
9742
757
-8483
-14865
-16238
-12140
-3951
5570
13213
16404
14068
6992
-2441
-11051
-15937
-15453
-9763
-782
8462
14854
16242
12157
3975
-5546
-13198
-16403
-14081
-7014
2416
11032
15931
15462
9783
807
-8440
-14844
-16246
-12173
-3999
5522
13183
16402
14094
7037
-2391
-11013
-15925
-15470
-9803
-833
8418
14833
16249
12190
4024
-5498
-13168
-16401
-14107
-7060
2366
10995
15919
15479
9823
858
-8397
-14822
-16253
-12207
-4048
5475
13153
16399
14120
7083
-2341
-10976
-15912
-15487
-9843
-883
8375
14811
16256
12224
4073
-5451
-13138
-16398
-14133
-7105
2316
10957
15906
15496
9864
908
-8354
-14800
-16260
-12241
-4097
5427
13123
16397
14146
7128
-2291
-10938
-15900
-15504
-9884
-933
8332
14789
16264
12258
4122
-5403
-13108
-16395
-14158
-7151
2266
10920
15894
15512
9904
978
-8234
-14610
-15974
-11830
-3529
6184
14092
17589
15554
8729
-534
-9069
-13963
-13540
-7924
1017
10288
16767
18270
14291
6170
-3356
-11077
-14392
-12184
-5196
4216
12882
17881
17529
11944
3009
-6267
-12756
-14274
-10308
-2195
7332
15062
18391
16196
9219
-191
-8863
-13874
-13537
-7964
947
10169
16577
17984
13880
5602
-4113
-12047
-15584
-13592
-6797
2459
11013
15944
15564
9984
1059
-8223
-14734
-16281
-12341
-4243
5284
13031
16387
14222
7264
-2141
-10825
-15861
-15553
-10004
-1084
8201
14723
16284
12358
4268
-5260
-13016
-16386
-14234
-7286
2116
10806
15855
15561
10024
1109
-8179
-14712
-16287
-12374
-4292
5237
13001
16384
14247
7309
-2092
-10787
-15848
-15569
-10044
-1134
8158
14701
16290
12391
4316
-5213
-12985
-16382
-14259
-7332
2067
10768
15842
15577
10064
1159
-8136
-14689
-16293
-12407
-4341
5189
12970
16381
14272
7354
-2042
-10749
-15835
-15585
-10084
-1185
8114
14678
16297
12424
4365
-5165
-12954
-16379
-14284
-7377
2017
10730
15828
15593
10104
1210
-8092
-14667
-16300
-12440
-4389
5141
12939
16377
14297
7399
-1992
-10711
-15822
-15601
-10123
-1235
8070
14655
16303
12457
4413
-5117
-12923
-16375
-14309
-7422
1967
10692
15815
15609
10143
1260
-8048
-14644
-16306
-12473
-4438
5093
12908
16373
14321
7444
-1942
-10673
-15808
-15617
-10163
-1285
8026
14633
16309
12490
4462
-5069
-12892
-16371
-14334
-7467
1916
10654
15801
15624
10183
1310
-8004
-14621
-16312
-12506
-4486
5045
12876
16369
14346
7489
-1891
-10635
-15794
-15632
-10203
-1335
7982
14610
16315
12522
4510
-5021
-12861
-16367
-14358
-7511
1866
10615
15787
15640
10222
1341
-8036
-14767
-16610
-12983
-5152
4192
11845
15170
12988
5978
-3549
-12428
-17704
-17628
-12242
-3385
5938
12587
14320
10555
2559
-6973
-14829
-18363
-16383
-9556
-184
8577
13773
13655
8262
-589
-9916
-16575
-18323
-14571
-6583
2949
10814
14361
12395
5579
-3791
-12558
-17766
-17663
-12281
-3416
5970
12732
14619
11032
3225
-6120
-13798
-17163
-15024
-8045
1473
10370
15683
15651
10301
1461
-7872
-14552
-16328
-12603
-4631
4901
12782
16356
14419
7623
-1741
-10519
-15752
-15678
-10321
-1486
7850
14540
16331
12619
4656
-4877
-12766
-16354
-14431
-7645
1716
10500
15745
15685
10340
1511
-7827
-14528
-16334
-12636
-4680
4853
12750
16352
14443
7668
-1691
-10480
-15738
-15693
-10360
-1536
7805
14517
16336
12652
4704
-4829
-12735
-16349
-14455
-7690
1666
10461
15731
15700
10379
1561
-7783
-14505
-16339
-12668
-4728
4805
12719
16347
14467
7712
-1641
-10441
-15723
-15707
-10399
-1586
7761
14493
16341
12684
4752
-4781
-12703
-16344
-14479
-7735
1616
10422
15716
15715
10418
1611
-7739
-14481
-16344
-12700
-4776
4757
12687
16342
14491
7757
-1591
-10402
-15709
-15722
-10438
-1636
7716
14469
16346
12716
4800
-4733
-12671
-16339
-14503
-7779
1566
10383
15701
15729
10457
1661
-7694
-14457
-16349
-12732
-4824
4708
12655
16337
14514
7801
-1541
-10363
-15694
-15737
-10477
-1686
7672
14445
16351
12747
4848
-4684
-12639
-16334
-14526
-7823
1516
10344
15687
15744
10496
1711
-7650
-14433
-16353
-12763
-4873
4660
12622
16332
14538
7845
-1491
-10324
-15679
-15751
-10515
-1737
7627
14421
16356
12779
4897
-4636
-12606
-16329
-14550
-7868
1465
10305
15672
15758
10535
1781
-7529
-14241
-16065
-12351
-4303
5417
13590
17521
15944
9445
267
-8454
-13740
-13784
-8554
213
9583
16397
18360
14811
6945
-2588
-10574
-14324
-12573
-5912
3415
12265
17657
17772
12573
3812
-5560
-12385
-14362
-10826
-2969
6563
14558
18321
16584
9934
610
-8246
-13649
-13779
-8593
144
9462
16204
18072
14398
6375
-3344
-11542
-15513
-13979
-7511
1658
10395
15717
15805
10612
1862
-7516
-14361
-16367
-12858
-5017
4515
12525
16315
14608
7978
-1340
-10206
-15634
-15793
-10631
-1887
7493
14348
16369
12874
5041
-4491
-12509
-16312
-14619
-8000
1315
10187
15626
15800
10650
1912
-7471
-14336
-16371
-12889
-5065
4466
12493
16309
14630
8022
-1290
-10167
-15618
-15807
-10669
-1937
7448
14324
16373
12905
5089
-4442
-12476
-16306
-14642
-8044
1265
10147
15610
15814
10688
1962
-7426
-14311
-16375
-12920
-5113
4418
12460
16303
14653
8066
-1240
-10127
-15602
-15820
-10708
-1987
7403
14299
16377
12936
5136
-4394
-12443
-16300
-14665
-8088
1214
10107
15595
15827
10727
2012
-7381
-14287
-16378
-12951
-5160
4369
12427
16297
14676
8110
-1189
-10087
-15587
-15834
-10746
-2037
7358
14274
16380
12967
5184
-4345
-12410
-16294
-14687
-8132
1164
10068
15579
15840
10765
2062
-7336
-14262
-16382
-12982
-5208
4321
12394
16291
14699
8153
-1139
-10048
-15571
-15847
-10784
-2087
7313
14249
16384
12998
5232
-4297
-12377
-16288
-14710
-8175
1114
10028
15563
15854
10803
2112
-7291
-14237
-16385
-13013
-5256
4272
12361
16284
14721
8197
-1089
-10008
-15555
-15860
-10822
-2137
7268
14224
16387
13028
5280
-4248
-12344
-16281
-14732
-8219
1064
9988
15546
15867
10841
2181
-7169
-14043
-16096
-12599
-4686
5028
13328
17473
16126
9796
669
-8136
-13614
-13892
-8860
-187
9223
16199
18390
15059
7327
-2199
-10311
-14274
-12754
-6263
3013
11948
17530
17880
12878
4212
-5200
-12186
-14392
-11074
-3351
6175
14294
18271
16765
10284
1012
-7928
-13522
-13886
-8897
-256
9102
16005
18101
14645
6758
-2955
-11278
-15463
-14159
-7862
1256
10076
15590
15912
10916
2262
-7155
-14161
-16395
-13105
-5399
4126
12261
16264
14787
8328
-938
-9887
-15505
-15899
-10935
-2287
7132
14148
16396
13120
5423
-4102
-12244
-16261
-14798
-8349
913
9867
15497
15905
10954
2312
-7110
-14135
-16398
-13135
-5446
4077
12227
16257
14809
8371
-888
-9847
-15489
-15911
-10972
-2336
7087
14122
16399
13150
5470
-4053
-12210
-16254
-14820
-8393
862
9827
15480
15918
10991
2361
-7064
-14109
-16400
-13165
-5494
4028
12194
16250
14831
8414
-837
-9807
-15472
-15924
-11010
-2386
7041
14096
16402
13180
5518
-4004
-12177
-16246
-14842
-8436
812
9787
15463
15930
11029
2411
-7019
-14084
-16403
-13195
-5541
3980
12160
16243
14852
8458
-787
-9766
-15455
-15936
-11047
-2436
6996
14071
16404
13210
5565
-3955
-12143
-16239
-14863
-8479
762
9746
15446
15942
11066
2461
-6973
-14058
-16405
-13225
-5589
3931
12126
16235
14874
8501
-737
-9726
-15438
-15948
-11084
-2486
6950
14045
16406
13240
5613
-3906
-12109
-16231
-14884
-8522
711
9706
15429
15954
11103
2511
-6927
-14031
-16408
-13255
-5636
3882
12092
16227
14895
8544
-686
-9685
-15421
-15960
-11122
-2536
6905
14018
16409
13270
5660
-3857
-12075
-16224
-14906
-8565
661
9665
15412
15966
11140
2541
-6958
-14174
-16702
-13729
-6301
3028
11058
15024
13534
7031
-2343
-11476
-17327
-17953
-13159
-4586
4859
11992
14411
11300
3707
-5808
-14041
-18216
-16927
-10608
-1389
7624
13394
13978
9177
610
-8836
-15979
-18412
-15314
-7731
1784
10023
14212
12937
6630
-2586
-11604
-17386
-17983
-13196
-4616
4889
12134
14705
11773
4372
-4954
-13006
-17012
-15565
-9096
268
9415
15301
15970
11214
2660
-6790
-13952
-16413
-13344
-5778
3735
11989
16203
14958
8673
-535
-9563
-15368
-15995
-11232
-2685
6767
13939
16414
13358
5801
-3710
-11972
-16199
-14969
-8694
510
9542
15359
16001
11251
2710
-6744
-13926
-16415
-13373
-5825
3686
11955
16195
14979
8715
-485
-9522
-15350
-16006
-11269
-2735
6721
13912
16416
13388
5849
-3661
-11937
-16191
-14989
-8737
460
9501
15341
16012
11287
2760
-6698
-13899
-16416
-13402
-5872
3637
11920
16187
14999
8758
-435
-9481
-15332
-16017
-11306
-2784
6675
13885
16417
13417
5896
-3612
-11903
-16183
-15010
-8779
409
9460
15323
16023
11324
2809
-6652
-13872
-16418
-13431
-5919
3587
11885
16178
15020
8801
-384
-9439
-15314
-16029
-11342
-2834
6629
13858
16418
13446
5943
-3563
-11868
-16174
-15030
-8822
359
9419
15305
16034
11360
2859
-6606
-13845
-16419
-13460
-5966
3538
11850
16169
15040
8843
-334
-9398
-15296
-16039
-11379
-2884
6583
13831
16419
13475
5990
-3514
-11833
-16165
-15050
-8864
309
9377
15287
16045
11397
2908
-6560
-13818
-16420
-13489
-6013
3489
11815
16161
15060
8885
-283
-9357
-15277
-16050
-11415
-2933
6537
13804
16420
13503
6036
-3464
-11798
-16156
-15070
-8907
258
9336
15268
16055
11433
2939
-6590
-13959
-16713
-13962
-6677
2635
10780
14956
13698
7372
-1940
-11147
-17183
-18042
-13451
-4983
4491
11777
14421
11532
4083
-5415
-13763
-18147
-17090
-10949
-1792
7295
13249
14066
9469
1008
-8467
-15763
-18421
-15546
-8107
1390
9745
14142
13100
6970
-2183
-11274
-17240
-18071
-13487
-5013
4520
11918
14714
12005
4747
-4561
-12728
-16943
-15727
-9436
-135
9084
15155
16057
11505
3057
-6421
-13736
-16422
-13575
-6153
3341
11710
16133
15120
9012
-132
-9232
-15221
-16081
-11523
-3082
6398
13722
16422
13589
6177
-3317
-11692
-16128
-15130
-9033
107
9211
15212
16087
11541
3107
-6375
-13708
-16422
-13603
-6200
3292
11675
16124
15140
9054
-82
-9190
-15202
-16092
-11559
-3131
6351
13694
16422
13617
6223
-3267
-11657
-16119
-15149
-9075
57
9170
15193
16097
11577
3156
-6328
-13680
-16422
-13631
-6247
3242
11639
16114
15159
9096
-31
-9149
-15183
-16102
-11595
-3181
6305
13666
16422
13645
6270
-3218
-11621
-16109
-15169
-9117
6
9128
15174
16107
11612
3205
-6282
-13652
-16422
-13659
-6293
3193
11603
16104
15178
9138
19
-9107
-15164
-16111
-11630
-3230
6258
13638
16422
13673
6317
-3168
-11586
-16099
-15188
-9159
-44
9086
15154
16116
11648
3255
-6235
-13624
-16422
-13687
-6340
3144
11568
16094
15198
9180
69
-9065
-15144
-16121
-11666
-3279
6212
13610
16422
13701
6363
-3119
-11550
-16089
-15207
-9201
-94
9044
15135
16126
11683
3304
-6188
-13596
-16422
-13715
-6386
3094
11532
16084
15217
9222
120
-9023
-15125
-16131
-11701
-3329
6165
13582
16422
13729
6409
-3069
-11514
-16079
-15226
-9243
-145
9002
15115
16135
11719
3334
-6218
-13736
-16715
-14187
-7050
2240
10496
14879
13853
7708
-1537
-10812
-17029
-18121
-13736
-5378
4118
11553
14421
11756
4456
-5020
-13478
-18069
-17245
-11284
-2195
6960
13095
14145
9754
1403
-8095
-15539
-18421
-15770
-8479
995
9460
14063
13254
7305
-1780
-10938
-17085
-18149
-13772
-5408
4148
11693
14714
12228
5119
-4165
-12442
-16863
-15881
-9770
-539
8749
14999
16135
11789
3452
-6048
-13510
-16420
-13797
-6525
2946
11424
16053
15273
9346
271
-8896
-15065
-16158
-11807
-3477
6025
13496
16420
13811
6548
-2921
-11406
-16047
-15282
-9367
-296
8875
15055
16163
11824
3501
-6001
-13482
-16420
-13825
-6571
2896
11388
16042
15291
9388
321
-8854
-15045
-16167
-11842
-3526
5978
13467
16419
13838
6595
-2871
-11369
-16037
-15300
-9408
-346
8832
15035
16172
11859
3551
-5954
-13453
-16418
-13852
-6618
2846
11351
16031
15309
9429
372
-8811
-15025
-16176
-11876
-3575
5931
13438
16418
13865
6641
-2822
-11333
-16026
-15319
-9450
-397
8790
15015
16180
11894
3600
-5907
-13424
-16417
-13879
-6664
2797
11315
16020
15328
9470
422
-8769
-15005
-16185
-11911
-3624
5884
13409
16417
13892
6687
-2772
-11297
-16015
-15337
-9491
-447
8747
14994
16189
11929
3649
-5860
-13395
-16416
-13906
-6710
2747
11278
16009
15346
9511
472
-8726
-14984
-16193
-11946
-3673
5837
13380
16415
13919
6733
-2722
-11260
-16003
-15355
-9532
-497
8705
14974
16197
11963
3698
-5813
-13366
-16414
-13932
-6756
2697
11242
15998
15364
9552
523
-8683
-14963
-16201
-11980
-3722
5790
13351
16414
13946
6779
-2673
-11223
-15992
-15372
-9573
-548
8662
14953
16206
11998
3766
-5690
-13168
-16120
-13515
-6184
3453
12205
17181
16764
11149
2280
-6809
-13019
-14229
-10015
-1772
7743
15322
18412
15972
8824
-623
-9186
-13981
-13390
-7614
1402
10619
16932
18214
14032
5796
-3719
-11307
-14411
-11985
-4847
4598
13168
17975
17399
11634
2623
-6598
-12922
-14218
-10049
-1840
7619
15124
18117
15554
8253
-1378
-10149
-15164
-14790
-9210
-356
8745
14987
16241
12066
3845
-5672
-13277
-16409
-14012
-6893
2548
11131
15963
15416
9675
674
-8555
-14900
-16225
-12083
-3870
5648
13262
16408
14025
6916
-2523
-11112
-15957
-15425
-9695
-699
8533
14890
16229
12100
3894
-5624
-13248
-16407
-14038
-6939
2498
11094
15951
15434
9716
724
-8512
-14879
-16233
-12117
-3918
5601
13233
16406
14051
6962
-2474
-11075
-15945
-15442
-9736
-749
8490
14868
16237
12134
3943
-5577
-13218
-16405
-14064
-6984
2449
11057
15939
15451
9756
774
-8468
-14858
-16241
-12151
-3967
5553
13203
16404
14077
7007
-2424
-11038
-15933
-15459
-9776
-800
8447
14847
16244
12168
3992
-5530
-13188
-16402
-14090
-7030
2399
11019
15927
15468
9797
825
-8425
-14836
-16248
-12185
-4016
5506
13173
16401
14103
7053
-2374
-11001
-15921
-15476
-9817
-850
8404
14825
16252
12202
4041
-5482
-13158
-16400
-14116
-7076
2349
10982
15914
15485
9837
875
-8382
-14815
-16255
-12219
-4065
5458
13143
16398
14129
7098
-2324
-10963
-15908
-15493
-9857
-900
8360
14804
16259
12236
4090
-5435
-13127
-16397
-14142
-7121
2299
10944
15902
15501
9877
925
-8339
-14793
-16262
-12252
-4114
5411
13112
16396
14154
7144
-2274
-10926
-15896
-15510
-9898
-950
8317
14782
16266
12269
4119
-5463
-13266
-16687
-14611
-7784
1444
9907
14694
14135
8362
-732
-10127
-16695
-18250
-14286
-6163
3363
11082
14393
12180
5189
-4224
-12888
-17883
-17526
-11938
-3001
6273
12760
14273
10303
2187
-7339
-15067
-18391
-16192
-9212
199
8869
13876
13534
7958
-974
-10252
-16749
-18276
-14319
-6192
3392
11220
14682
12650
5852
-3369
-11850
-16675
-16160
-10422
-1344
8061
14661
16260
12336
4236
-5292
-13036
-16388
-14218
-7257
2149
10831
15864
15551
9998
1076
-8208
-14726
-16283
-12353
-4260
5268
13021
16386
14230
7279
-2124
-10812
-15857
-15559
-10018
-1101
8186
14715
16286
12369
4284
-5244
-13005
-16385
-14243
-7302
2099
10793
15850
15567
10038
1126
-8164
-14704
-16289
-12386
-4309
5220
12990
16383
14255
7325
-2074
-10774
-15844
-15575
-10058
-1152
8142
14693
16292
12402
4333
-5196
-12975
-16381
-14268
-7347
2049
10755
15837
15583
10077
1177
-8121
-14682
-16296
-12419
-4357
5172
12959
16379
14280
7370
-2024
-10736
-15830
-15591
-10097
-1202
8099
14670
16299
12435
4382
-5148
-12944
-16377
-14293
-7392
1999
10717
15824
15598
10117
1227
-8077
-14659
-16302
-12452
-4406
5124
12928
16376
14305
7415
-1974
-10698
-15817
-15606
-10137
-1252
8055
14648
16305
12468
4430
-5101
-12913
-16374
-14318
-7437
1949
10679
15810
15614
10157
1277
-8033
-14636
-16308
-12484
-4454
5077
12897
16372
14330
7460
-1924
-10660
-15803
-15622
-10177
-1302
8011
14625
16311
12501
4479
-5053
-12881
-16370
-14342
-7482
1899
10641
15796
15630
10196
1327
-7989
-14613
-16314
-12517
-4503
5029
12866
16368
14354
7504
-1874
-10621
-15790
-15637
-10216
-1353
7967
14602
16317
12533
4508
-5081
-13019
-16658
-14811
-8144
1044
9602
14588
14262
8680
-329
-9776
-16514
-18300
-14550
-6551
2981
10834
14363
12379
5549
-3824
-12583
-17776
-17653
-12256
-3403
5923
12579
14322
10566
2575
-6957
-14819
-18361
-16391
-9572
-201
8564
13769
13660
8275
-572
-9901
-16567
-18325
-14582
-6580
3009
10971
14652
12848
6211
-2969
-11544
-16566
-16285
-10739
-1746
7710
14479
16308
12598
4624
-4909
-12787
-16357
-14415
-7616
1749
10525
15754
15675
10314
1478
-7856
-14544
-16330
-12614
-4648
4885
12771
16355
14427
7639
-1724
-10506
-15747
-15683
-10334
-1503
7834
14532
16333
12631
4672
-4861
-12755
-16352
-14439
-7661
1699
10486
15740
15690
10354
1528
-7812
-14520
-16336
-12647
-4696
4836
12740
16350
14451
7683
-1674
-10467
-15733
-15698
-10373
-1553
7790
14508
16338
12663
4720
-4812
-12724
-16348
-14463
-7705
1649
10447
15726
15705
10393
1578
-7768
-14497
-16341
-12679
-4745
4788
12708
16345
14475
7728
-1624
-10428
-15718
-15713
-10412
-1603
7746
14485
16343
12695
4769
-4764
-12692
-16343
-14487
-7750
1599
10409
15711
15720
10432
1628
-7723
-14473
-16346
-12711
-4793
4740
12676
16340
14499
7772
-1574
-10389
-15704
-15727
-10451
-1654
7701
14461
16348
12727
4817
-4716
-12660
-16338
-14511
-7794
1549
10370
15696
15734
10471
1679
-7679
-14449
-16350
-12742
-4841
4692
12644
16335
14522
7816
-1523
-10350
-15689
-15742
-10490
-1704
7657
14437
16353
12758
4865
-4668
-12628
-16332
-14534
-7838
1498
10330
15682
15749
10509
1729
-7634
-14425
-16355
-12774
-4889
4643
12611
16330
14546
7861
-1473
-10311
-15674
-15756
-10529
-1754
7612
14413
16357
12790
4932
-4543
-12427
-16034
-14113
-7265
2253
11291
16862
17146
12104
3486
-5758
-12477
-14379
-10806
-2937
6595
14579
18324
16569
9905
577
-8272
-13659
-13770
-8567
196
9567
16389
18362
14822
6961
-2571
-10563
-14322
-12581
-5927
3398
12252
17651
17777
12587
3829
-5545
-12377
-14364
-10837
-3004
6471
14378
18026
16148
9332
-178
-9232
-14839
-15167
-10161
-1561
7691
14440
16385
12853
5009
-4523
-12530
-16316
-14604
-7971
1348
10212
15636
15791
10625
1879
-7500
-14352
-16368
-12869
-5033
4498
12514
16313
14615
7993
-1323
-10193
-15628
-15798
-10644
-1904
7478
14340
16370
12884
5057
-4474
-12498
-16310
-14627
-8015
1298
10173
15620
15805
10663
1929
-7455
-14328
-16372
-12900
-5081
4450
12481
16307
14638
8037
-1272
-10153
-15613
-15811
-10682
-1954
7433
14315
16374
12915
5105
-4426
-12465
-16304
-14650
-8059
1247
10133
15605
15818
10702
1979
-7410
-14303
-16376
-12931
-5129
4401
12449
16301
14661
8081
-1222
-10114
-15597
-15825
-10721
-2004
7388
14290
16378
12947
5153
-4377
-12432
-16298
-14672
-8103
1197
10094
15589
15832
10740
2029
-7365
-14278
-16380
-12962
-5177
4353
12416
16295
14684
8125
-1172
-10074
-15581
-15838
-10759
-2054
7343
14266
16381
12977
5201
-4328
-12399
-16292
-14695
-8147
1147
10054
15573
15845
10778
2079
-7320
-14253
-16383
-12993
-5225
4304
12383
16289
14706
8168
-1122
-10034
-15565
-15852
-10797
-2104
7298
14241
16385
13008
5248
-4280
-12366
-16285
-14717
-8190
1097
10014
15557
15858
10816
2129
-7275
-14228
-16387
-13024
-5272
4255
12349
16282
14729
8212
-1071
-9994
-15549
-15865
-10835
-2154
7253
14215
16388
13039
5277
-4307
-12501
-16572
-15184
-8851
241
8974
14346
14489
9298
472
-9061
-16127
-18371
-15054
-7320
2207
10316
14276
12751
6256
-3021
-11954
-17533
-17878
-12873
-4204
5207
12190
14391
11070
3344
-6182
-14299
-18272
-16762
-10277
-1004
7934
13525
13884
8891
229
-9185
-16177
-18393
-15085
-7348
2234
10451
14562
13217
6917
-2166
-10914
-16321
-16508
-11355
-2547
6994
14089
16375
13100
5391
-4134
-12266
-16265
-14784
-8321
946
9894
15508
15897
10929
2279
-7139
-14152
-16396
-13115
-5415
4109
12249
16262
14795
8343
-921
-9874
-15500
-15903
-10948
-2304
7117
14139
16397
13130
5439
-4085
-12232
-16258
-14806
-8364
895
9853
15491
15909
10967
2329
-7094
-14126
-16399
-13145
-5463
4061
12216
16255
14817
8386
-870
-9833
-15483
-15916
-10985
-2354
7071
14113
16400
13161
5487
-4036
-12199
-16251
-14827
-8408
845
9813
15475
15922
11004
2379
-7049
-14101
-16401
-13176
-5510
4012
12182
16247
14838
8429
-820
-9793
-15466
-15928
-11023
-2403
7026
14088
16403
13191
5534
-3987
-12165
-16244
-14849
-8451
795
9773
15458
15934
11041
2428
-7003
-14075
-16404
-13206
-5558
3963
12148
16240
14860
8472
-770
-9752
-15449
-15940
-11060
-2453
6980
14062
16405
13221
5581
-3938
-12131
-16236
-14870
-8494
744
9732
15441
15946
11079
2478
-6957
-14049
-16406
-13235
-5605
3914
12114
16232
14881
8516
-719
-9712
-15432
-15952
-11097
-2503
6935
14036
16407
13250
5629
-3889
-12097
-16229
-14892
-8537
694
9692
15423
15958
11116
2528
-6912
-14022
-16408
-13265
-5652
3865
12080
16225
14902
8559
-669
-9671
-15415
-15964
-11134
-2553
6889
14009
16409
13280
5695
-3764
-11894
-15928
-14469
-7963
1449
10651
16601
17353
12708
4285
-5034
-12072
-14429
-11295
-3700
5816
14046
18217
16924
10602
1381
-7630
-13397
-13976
-9171
-603
8843
15983
18411
15310
7723
-1791
-10029
-14213
-12934
-6623
2593
11610
17388
17982
13190
4627
-4820
-11970
-14412
-11324
-3766
5691
13843
17916
16500
10027
627
-8590
-14575
-15370
-10764
-2359
6966
14033
16432
13339
5771
-3742
-11994
-16205
-14955
-8666
543
9569
15371
15993
11227
2677
-6774
-13943
-16414
-13354
-5794
3718
11977
16201
14965
8687
-518
-9549
-15362
-15999
-11245
-2702
6751
13930
16415
13368
5818
-3693
-11960
-16197
-14976
-8709
493
9528
15353
16005
11263
2727
-6728
-13916
-16415
-13383
-5841
3669
11943
16192
14986
8730
-468
-9508
-15344
-16010
-11282
-2752
6705
13903
16416
13398
5865
-3644
-11925
-16188
-14996
-8751
442
9487
15335
16016
11300
2777
-6682
-13890
-16417
-13412
-5888
3620
11908
16184
15006
8773
-417
-9466
-15326
-16021
-11318
-2801
6659
13876
16417
13427
5912
-3595
-11891
-16180
-15017
-8794
392
9446
15317
16027
11336
2826
-6636
-13863
-16418
-13441
-5935
3571
11873
16175
15027
8815
-367
-9425
-15308
-16032
-11355
-2851
6613
13849
16419
13456
5959
-3546
-11856
-16171
-15037
-8836
342
9405
15299
16038
11373
2876
-6590
-13836
-16419
-13470
-5982
3521
11838
16166
15047
8858
-316
-9384
-15289
-16043
-11391
-2901
6567
13822
16420
13484
6006
-3497
-11821
-16162
-15057
-8879
291
9363
15280
16048
11409
2925
-6544
-13808
-16420
-13499
-6029
3472
11803
16157
15067
8900
-266
-9343
-15271
-16054
-11427
-2950
6521
13795
16420
13513
6033
-3524
-11954
-16446
-15522
-9539
-564
8322
14067
14676
9890
1268
-8329
-15705
-18402
-15527
-8076
1423
9768
14148
13087
6942
-2216
-11301
-17252
-18064
-13463
-5000
4475
11767
14421
11542
4099
-5398
-13751
-18144
-17097
-10963
-1809
7280
13243
14070
9481
1025
-8451
-15754
-18421
-15556
-8104
1450
9902
14432
13551
7602
-1360
-10259
-16039
-16692
-11944
-3342
6260
13664
16402
13570
6146
-3349
-11715
-16134
-15117
-9006
140
9239
15224
16080
11517
3074
-6405
-13726
-16422
-13584
-6169
3324
11698
16130
15127
9027
-115
-9218
-15215
-16085
-11535
-3099
6382
13712
16422
13598
6193
-3300
-11680
-16125
-15137
-9048
90
9197
15205
16090
11553
3124
-6359
-13698
-16422
-13613
-6216
3275
11662
16120
15146
9069
-65
-9176
-15196
-16095
-11571
-3148
6335
13684
16422
13627
6239
-3250
-11645
-16115
-15156
-9090
39
9155
15186
16100
11589
3173
-6312
-13670
-16422
-13641
-6263
3225
11627
16111
15166
9111
-14
-9134
-15177
-16105
-11607
-3198
6289
13656
16422
13655
6286
-3201
-11609
-16106
-15175
-9132
-11
9113
15167
16110
11625
3222
-6266
-13642
-16422
-13669
-6309
3176
11591
16101
15185
9153
36
-9092
-15157
-16115
-11642
-3247
6242
13628
16422
13683
6333
-3151
-11573
-16096
-15195
-9173
-61
9071
15148
16120
11660
3272
-6219
-13614
-16422
-13697
-6356
3127
11555
16091
15204
9194
87
-9050
-15138
-16124
-11678
-3296
6196
13600
16422
13710
6379
-3102
-11538
-16086
-15214
-9215
-112
9029
15128
16129
11696
3321
-6172
-13586
-16422
-13724
-6402
3077
11520
16081
15223
9236
137
-9008
-15118
-16134
-11713
-3346
6149
13572
16422
13738
6445
-2976
-11333
-15783
-14788
-8640
643
9987
16303
17521
13286
5078
-4294
-11634
-14441
-11752
-4449
5028
13484
18070
17242
11278
2187
-6966
-13098
-14143
-9749
-1395
8102
15544
18421
15766
8472
-1003
-9466
-14065
-13251
-7298
1787
10945
17088
18148
13766
5420
-4079
-11529
-14421
-11779
-4514
4902
13279
17767
16816
10702
1433
-7924
-14274
-15535
-11339
-3151
6224
13591
16440
13793
6518
-2953
-11430
-16054
-15270
-9340
-263
8903
15069
16157
11801
3469
-6032
-13501
-16420
-13807
-6541
2929
11411
16049
15279
9361
288
-8882
-15058
-16161
-11819
-3494
6009
13486
16420
13820
6564
-2904
-11393
-16044
-15288
-9381
-313
8860
15048
16166
11836
3518
-5985
-13472
-16419
-13834
-6587
2879
11375
16038
15297
9402
338
-8839
-15038
-16170
-11854
-3543
5962
13457
16419
13848
6610
-2854
-11357
-16033
-15307
-9423
-364
8818
15028
16175
11871
3567
-5938
-13443
-16418
-13861
-6633
2829
11339
16028
15316
9443
389
-8797
-15018
-16179
-11888
-3592
5915
13429
16417
13875
6656
-2805
-11320
-16022
-15325
-9464
-414
8775
15008
16183
11906
3617
-5891
-13414
-16417
-13888
-6679
2780
11302
16016
15334
9484
439
-8754
-14998
-16188
-11923
-3641
5868
13399
16416
13901
6703
-2755
-11284
-16011
-15343
-9505
-464
8733
14987
16192
11940
3666
-5844
-13385
-16415
-13915
-6725
2730
11266
16005
15352
9526
490
-8711
-14977
-16196
-11958
-3690
5821
13370
16415
13928
6748
-2705
-11247
-16000
-15361
-9546
-515
8690
14967
16200
11975
3715
-5797
-13356
-16414
-13942
-6771
2680
11229
15994
15370
9567
540
-8669
-14956
-16204
-11992
-3739
5773
13341
16413
13955
6775
-2732
-11379
-16281
-15823
-10204
-1370
7647
13751
14826
10454
2057
-7581
-15250
-18393
-15968
-8817
631
9192
13982
13387
7607
-1410
-10626
-16935
-18212
-14027
-5788
3726
11311
14411
11981
4840
-4606
-13174
-17977
-17396
-11628
-2615
6604
12925
14216
10044
1813
-7703
-15297
-18410
-15994
-8844
657
9324
14264
13849
8266
-554
-9583
-15719
-16838
-12505
-4130
5511
13206
16390
14008
6886
-2556
-11137
-15965
-15414
-9669
-666
8561
14904
16224
12078
3862
-5655
-13267
-16408
-14021
-6909
2531
11118
15959
15422
9689
691
-8540
-14893
-16228
-12095
-3886
5632
13252
16407
14034
6932
-2506
-11100
-15953
-15431
-9709
-716
8518
14882
16232
12112
3911
-5608
-13237
-16406
-14047
-6955
2481
11081
15947
15439
9730
741
-8497
-14872
-16236
-12129
-3935
5584
13222
16405
14060
6977
-2456
-11062
-15941
-15448
-9750
-766
8475
14861
16240
12146
3960
-5561
-13207
-16404
-14073
-7000
2431
11044
15935
15457
9770
792
-8454
-14850
-16243
-12163
-3984
5537
13192
16403
14086
7023
-2407
-11025
-15929
-15465
-9790
-817
8432
14840
16247
12180
4009
-5513
-13177
-16401
-14099
-7046
2382
11006
15923
15474
9811
842
-8410
-14829
-16251
-12197
-4033
5490
13162
16400
14112
7068
-2357
-10988
-15916
-15482
-9831
-867
8389
14818
16254
12214
4057
-5466
-13147
-16399
-14125
-7091
2332
10969
15910
15490
9851
892
-8367
-14807
-16258
-12230
-4082
5442
13132
16397
14138
7114
-2307
-10950
-15904
-15499
-9871
-917
8345
14796
16261
12247
4106
-5418
-13117
-16396
-14150
-7137
2282
10931
15898
15507
9891
943
-8324
-14785
-16265
-12264
-4131
5394
13102
16395
14163
7140
-2333
-11081
-16184
-15960
-10529
-1773
7302
13579
14886
10725
2448
-7202
-15011
-18374
-16176
-9182
232
8894
13885
13524
7931
-1007
-10280
-16763
-18272
-14297
-6179
3347
11071
14392
12189
5205
-4207
-12875
-17878
-17532
-11951
-3018
6258
12752
14275
10314
2204
-7323
-15056
-18390
-16201
-9208
258
9025
14165
13984
8589
-152
-9237
-15546
-16896
-12775
-4521
5131
12965
16369
14214
7250
-2157
-10837
-15866
-15548
-9991
-1068
8215
14730
16282
12347
4252
-5275
-13026
-16387
-14226
-7272
2132
10818
15859
15556
10011
1093
-8193
-14719
-16285
-12364
-4277
5251
13010
16385
14239
7295
-2107
-10799
-15852
-15564
-10031
-1119
8171
14708
16288
12381
4301
-5228
-12995
-16383
-14252
-7318
2082
10780
15846
15572
10051
1144
-8149
-14696
-16291
-12397
-4325
5204
12979
16382
14264
7340
-2057
-10761
-15839
-15580
-10071
-1169
8127
14685
16295
12414
4350
-5180
-12964
-16380
-14276
-7363
2032
10742
15833
15588
10091
1194
-8106
-14674
-16298
-12430
-4374
5156
12948
16378
14289
7385
-2007
-10723
-15826
-15596
-10111
-1219
8084
14663
16301
12446
4398
-5132
-12933
-16376
-14301
-7408
1982
10704
15819
15604
10131
1244
-8062
-14651
-16304
-12463
-4423
5108
12917
16374
14314
7430
-1957
-10685
-15812
-15612
-10151
-1269
8040
14640
16307
12479
4447
-5084
-12902
-16372
-14326
-7453
1932
10666
15805
15620
10170
1294
-8018
-14628
-16310
-12496
-4471
5060
12886
16370
14338
7475
-1907
-10647
-15799
-15627
-10190
-1320
7996
14617
16313
12512
4495
-5036
-12871
-16368
-14351
-7497
1882
10627
15792
15635
10210
1345
-7974
-14605
-16316
-12528
-4519
5012
12855
16366
14363
7501
-1933
-10777
-16078
-16087
-10847
-2175
6952
13399
14936
10989
2837
-6820
-14763
-18345
-16375
-9542
-168
8589
13778
13650
8249
-605
-9930
-16582
-18321
-14561
-6568
2964
10824
14362
12387
5565
-3807
-12570
-17771
-17658
-12269
-3420
5908
12571
14324
10577
2592
-6940
-14808
-18360
-16399
-9568
-142
8719
14057
14110
8906
250
-8885
-15364
-16944
-13038
-4909
4748
12716
16338
14411
7609
-1757
-10531
-15757
-15673
-10308
-1470
7863
14547
16329
12609
4640
-4892
-12776
-16355
-14423
-7632
1732
10512
15750
15681
10328
1495
-7841
-14536
-16332
-12625
-4665
4868
12760
16353
14435
7654
-1707
-10492
-15742
-15688
-10348
-1520
7819
14524
16335
12642
4689
-4844
-12744
-16351
-14447
-7676
1682
10473
15735
15695
10367
1545
-7797
-14512
-16337
-12658
-4713
4820
12729
16348
14459
7698
-1657
-10454
-15728
-15703
-10387
-1570
7775
14500
16340
12674
4737
-4796
-12713
-16346
-14471
-7721
1632
10434
15721
15710
10406
1596
-7753
-14488
-16342
-12690
-4761
4772
12697
16343
14483
7743
-1607
-10415
-15713
-15718
-10426
-1621
7730
14477
16345
12706
4785
-4748
-12681
-16341
-14495
-7765
1581
10395
15706
15725
10445
1646
-7708
-14465
-16347
-12722
-4809
4723
12665
16338
14507
7787
-1556
-10376
-15699
-15732
-10464
-1671
7686
14453
16350
12738
4833
-4699
-12649
-16336
-14519
-7809
1531
10356
15691
15739
10484
1696
-7664
-14441
-16352
-12753
-4857
4675
12633
16333
14530
7832
-1506
-10337
-15684
-15746
-10503
-1721
7641
14429
16354
12769
4882
-4651
-12616
-16331
-14542
-7854
1481
10317
15676
15754
10523
1746
-7619
-14417
-16357
-12785
-4906
4627
12600
16328
14554
7895
-1380
-10129
-15376
-15316
-9925
-966
8597
15600
17742
14356
6637
-2771
-10660
-14344
-12566
-5898
3431
12278
17661
17768
12561
3796
-5574
-12392
-14361
-10817
-2954
6578
14568
18323
16577
9920
594
-8258
-13654
-13775
-8580
179
9552
16380
18363
14832
6978
-2554
-10552
-14320
-12589
-5961
3305
12070
17353
17337
11982
3041
-6530
-13563
-15748
-12404
-4709
4699
12612
16336
14600
7964
-1356
-10219
-15638
-15789
-10619
-1871
7507
14356
16367
12864
5026
-4506
-12519
-16314
-14612
-7986
1331
10199
15631
15796
10638
1896
-7485
-14344
-16369
-12879
-5050
4482
12503
16311
14623
8008
-1305
-10179
-15623
-15802
-10657
-1921
7462
14331
16371
12895
5074
-4457
-12486
-16308
-14635
-8030
1280
10159
15615
15809
10677
1946
-7440
-14319
-16373
-12911
-5098
4433
12470
16305
14646
8052
-1255
-10140
-15607
-15816
-10696
-1971
7417
14307
16375
12926
5121
-4409
-12454
-16302
-14658
-8074
1230
10120
15599
15823
10715
1996
-7395
-14294
-16377
-12942
-5145
4385
12437
16299
14669
8096
-1205
-10100
-15592
-15830
-10734
-2021
7372
14282
16379
12957
5169
-4360
-12421
-16296
-14680
-8118
1180
10080
15584
15836
10753
2046
-7350
-14269
-16381
-12973
-5193
4336
12404
16293
14691
8140
-1155
-10060
-15576
-15843
-10772
-2071
7327
14257
16383
12988
5217
-4312
-12388
-16290
-14703
-8162
1130
10040
15568
15850
10791
2096
-7305
-14244
-16384
-13003
-5241
4287
12371
16286
14714
8183
-1104
-10020
-15560
-15856
-10810
-2121
7282
14232
16386
13019
5265
-4263
-12355
-16283
-14725
-8205
1079
10000
15552
15863
10829
2146
-7260
-14219
-16388
-13034
-5289
4239
12338
16280
14736
8246
-978
-9812
-15251
-15425
-10230
-1366
8237
15402
17772
14605
7020
-2383
-10397
-14296
-12747
-6249
3029
11960
17535
17876
12867
4196
-5214
-12194
-14391
-11065
-3336
6190
14305
18273
16758
10271
996
-7940
-13527
-13882
-8886
-221
9192
16181
18392
15080
7360
-2166
-10288
-14270
-12769
-6312
2903
11752
17226
17444
12287
3441
-6169
-13364
-15777
-12651
-5091
4310
12347
16286
14780
8314
-954
-9900
-15511
-15895
-10923
-2271
7146
14156
16395
13110
5408
-4117
-12255
-16263
-14791
-8336
928
9880
15502
15901
10942
2296
-7124
-14143
-16397
-13126
-5432
4093
12238
16259
14802
8358
-903
-9860
-15494
-15907
-10961
-2321
7101
14130
16398
13141
5455
-4068
-12221
-16256
-14813
-8379
878
9840
15486
15914
10980
2346
-7078
-14117
-16400
-13156
-5479
4044
12204
16252
14824
8401
-853
-9819
-15477
-15920
-10998
-2371
7056
14105
16401
13171
5503
-4019
-12187
-16249
-14835
-8423
828
9799
15469
15926
11017
2396
-7033
-14092
-16402
-13186
-5527
3995
12170
16245
14846
8444
-803
-9779
-15460
-15932
-11036
-2421
7010
14079
16403
13201
5550
-3970
-12153
-16241
-14856
-8466
778
9759
15452
15938
11054
2445
-6987
-14066
-16405
-13216
-5574
3946
12136
16237
14867
8487
-752
-9738
-15443
-15944
-11073
-2470
6964
14053
16406
13231
5598
-3922
-12119
-16234
-14878
-8509
727
9718
15435
15950
11091
2495
-6942
-14040
-16407
-13246
-5621
3897
12102
16230
14888
8530
-702
-9698
-15426
-15956
-11110
-2520
6919
14027
16408
13261
5645
-3873
-12085
-16226
-14899
-8552
677
9678
15417
15962
11129
2545
-6896
-14013
-16409
-13275
-5669
3848
12068
16222
14910
8593
-576
-9489
-15116
-15524
-10530
-1765
7873
15195
17793
14846
7399
-1992
-10127
-14237
-12920
-6595
2626
11637
17400
17974
13166
4595
-4850
-11987
-14411
-11305
-3716
5799
14034
18214
16931
10616
1399
-7616
-13391
-13980
-9184
-620
8827
15974
18412
15320
7740
-1775
-10017
-14210
-12941
-6657
2500
11427
17089
17541
12585
3840
-5804
-13156
-15795
-12890
-5470
3919
12076
16225
14952
8659
-551
-9575
-15374
-15991
-11221
-2669
6781
13947
16414
13349
5787
-3726
-11983
-16202
-14962
-8681
526
9555
15365
15997
11239
2694
-6759
-13934
-16414
-13364
-5810
3701
11965
16198
14972
8702
-501
-9535
-15356
-16003
-11258
-2719
6736
13921
16415
13378
5834
-3676
-11948
-16194
-14983
-8723
475
9514
15347
16008
11276
2744
-6713
-13907
-16416
-13393
-5857
3652
11931
16189
14993
8745
-450
-9493
-15338
-16014
-11294
-2769
6690
13894
16417
13408
5881
-3627
-11913
-16185
-15003
-8766
425
9473
15329
16020
11313
2794
-6667
-13880
-16417
-13422
-5904
3603
11896
16181
15014
8787
-400
-9452
-15320
-16025
-11331
-2818
6644
13867
16418
13437
5928
-3578
-11879
-16177
-15024
-8809
375
9432
15311
16031
11349
2843
-6620
-13853
-16418
-13451
-5951
3554
11861
16172
15034
8830
-350
-9411
-15301
-16036
-11367
-2868
6597
13840
16419
13466
5975
-3529
-11844
-16168
-15044
-8851
324
9390
15292
16041
11385
2893
-6574
-13826
-16419
-13480
-5998
3504
11826
16163
15054
8872
-299
-9370
-15283
-16047
-11403
-2918
6551
13813
16420
13494
6022
-3480
-11809
-16159
-15064
-8893
274
9349
15274
16052
11422
2942
-6528
-13799
-16420
-13509
-6045
3455
11791
16154
15074
8934
-173
-9160
-14972
-15613
-10822
-2162
7505
14980
17803
15079
7776
-1599
-9850
-14169
-13084
-6936
2224
11308
17255
18063
13458
4992
-4482
-11772
-14421
-11537
-4092
5406
13756
18145
17094
10957
1802
-7287
-13246
-14068
-9476
-1017
8459
15758
18421
15552
8115
-1381
-9739
-14141
-13104
-6997
2097
11097
16944
17629
12876
4237
-5436
-12939
-15804
-13121
-5846
3525
11797
16155
15114
8999
-148
-9245
-15227
-16078
-11512
-3066
6412
13730
16422
13580
6162
-3332
-11703
-16131
-15124
-9020
123
9224
15218
16083
11530
3091
-6389
-13717
-16422
-13594
-6186
3307
11686
16127
15133
9041
-98
-9203
-15208
-16088
-11548
-3116
6366
13703
16422
13608
6209
-3283
-11668
-16122
-15143
-9062
72
9183
15199
16094
11566
3141
-6343
-13689
-16422
-13622
-6232
3258
11650
16117
15153
9083
-47
-9162
-15189
-16099
-11583
-3165
6319
13675
16422
13636
6255
-3233
-11632
-16112
-15163
-9104
22
9141
15180
16103
11601
3190
-6296
-13661
-16422
-13650
-6279
3208
11615
16107
15172
9125
3
-9120
-15170
-16108
-11619
-3215
6273
13647
16422
13664
6302
-3184
-11597
-16102
-15182
-9146
-28
9099
15160
16113
11637
3239
-6250
-13633
-16422
-13678
-6325
3159
11579
16097
15192
9167
54
-9078
-15151
-16118
-11655
-3264
6226
13619
16422
13692
6349
-3134
-11561
-16092
-15201
-9188
-79
9057
15141
16123
11672
3289
-6203
-13605
-16422
-13706
-6372
3110
11543
16087
15211
9209
104
-9036
-15131
-16128
-11690
-3313
6180
13591
16422
13720
6395
-3085
-11525
-16082
-15220
-9230
-129
9015
15121
16132
11708
3338
-6156
-13576
-16422
-13734
-6418
3060
11507
16077
15230
9231
78
-9162
-15404
-16582
-12343
-4168
5133
12367
15039
12192
4734
-4867
-13413
-18053
-17239
-11271
-2179
6973
13101
14142
9743
1387
-8110
-15548
-18421
-15761
-8465
1011
9471
14067
13248
7292
-1795
-10952
-17092
-18146
-13761
-5412
4086
11534
14421
11775
4488
-4986
-13453
-18061
-17258
-11294
-2154
7099
13375
14595
10396
2242
-7063
-14324
-17038
-14233
-6804
2793
11359
16037
15267
9333
255
-8909
-15072
-16156
-11796
-3461
6039
13505
16420
13802
6534
-2936
-11417
-16051
-15276
-9354
-280
8888
15062
16160
11813
3486
-6016
-13491
-16420
-13816
-6557
2911
11399
16045
15285
9375
305
-8867
-15052
-16164
-11831
-3511
5993
13476
16419
13830
6580
-2887
-11381
-16040
-15295
-9396
-331
8846
15041
16169
11848
3535
-5969
-13462
-16419
-13843
-6603
2862
11363
16035
15304
9416
356
-8824
-15031
-16173
-11866
-3560
5946
13448
16418
13857
6626
-2837
-11344
-16029
-15313
-9437
-381
8803
15021
16178
11883
3584
-5922
-13433
-16418
-13870
-6649
2812
11326
16024
15322
9457
406
-8782
-15011
-16182
-11900
-3609
5899
13419
16417
13884
6672
-2787
-11308
-16018
-15331
-9478
-431
8761
15001
16186
11918
3633
-5875
-13404
-16416
-13897
-6695
2763
11290
16013
15340
9499
457
-8739
-14990
-16190
-11935
-3658
5852
13389
16416
13911
6718
-2738
-11271
-16007
-15349
-9519
-482
8718
14980
16195
11952
3683
-5828
-13375
-16415
-13924
-6741
2713
11253
16001
15358
9540
507
-8697
-14970
-16199
-11970
-3707
5804
13360
16414
13937
6764
-2688
-11235
-15996
-15367
-9560
-532
8675
14959
16203
11987
3732
-5781
-13346
-16413
-13951
-6787
2663
11216
15990
15376
9561
481
-8822
-15242
-16651
-12621
-4561
4757
12136
15030
12408
5103
-4470
-13122
-17965
-17385
-11601
-2582
6632
12939
14211
10021
1781
-7734
-15316
-18412
-15977
-8833
613
9179
13978
13393
7621
-1392
-10611
-16928
-18215
-14038
-5805
3710
11301
14411
11990
4856
-4589
-13161
-17973
-17402
-11623
-2557
6758
13210
14664
10673
2635
-6686
-14091
-17027
-14448
-7172
2395
11066
15947
15411
9662
658
-8568
-14907
-16223
-12073
-3854
5663
13272
16409
14017
6902
-2539
-11124
-15961
-15420
-9683
-683
8547
14896
16227
12090
3879
-5639
-13257
-16408
-14030
-6925
2514
11105
15955
15428
9703
708
-8525
-14886
-16231
-12107
-3903
5615
13242
16407
14043
6947
-2489
-11087
-15949
-15437
-9723
-733
8503
14875
16235
12124
3928
-5592
-13227
-16405
-14056
-6970
2464
11068
15943
15445
9744
759
-8482
-14864
-16238
-12141
-3952
5568
13212
16404
14069
6993
-2439
-11050
-15937
-15454
-9764
-784
8460
14854
16242
12158
3977
-5544
-13197
-16403
-14082
-7016
2414
11031
15931
15462
9784
809
-8439
-14843
-16246
-12175
-4001
5521
13182
16402
14095
7039
-2389
-11012
-15924
-15471
-9804
-834
8417
14832
16249
12191
4025
-5497
-13167
-16401
-14108
-7061
2364
10994
15918
15479
9824
859
-8395
-14821
-16253
-12208
-4050
5473
13152
16399
14121
7084
-2340
-10975
-15912
-15488
-9845
-884
8374
14810
16257
12225
4074
-5449
-13137
-16398
-14133
-7107
2315
10956
15906
15496
9865
910
-8352
-14800
-16260
-12242
-4099
5426
13122
16396
14146
7129
-2290
-10937
-15900
-15504
-9885
-935
8330
14789
16264
12259
4123
-5402
-13107
-16395
-14159
-7152
2265
10919
15893
15513
9924
1036
-8140
-14485
-15823
-11658
-3343
6378
14287
17776
15727
8882
-408
-8976
-13906
-13521
-7925
1015
10287
16767
18271
14292
6172
-3354
-11076
-14392
-12185
-5197
4215
12881
17880
17529
11945
3010
-6265
-12756
-14274
-10309
-2196
7330
15061
18391
16197
9220
-190
-8862
-13874
-13537
-7984
889
10075
16452
17833
13708
5416
-4307
-12241
-15772
-13765
-6950
2333
10919
15887
15545
9985
1060
-8222
-14733
-16281
-12342
-4245
5283
13030
16387
14222
7265
-2140
-10824
-15861
-15554
-10005
-1086
8200
14722
16284
12359
4269
-5259
-13015
-16386
-14235
-7288
2115
10805
15855
15562
10025
1111
-8178
-14711
-16287
-12375
-4294
5235
13000
16384
14248
7310
-2090
-10786
-15848
-15570
-10045
-1136
8156
14700
16290
12392
4318
-5211
-12984
-16382
-14260
-7333
2065
10767
15841
15578
10065
1161
-8134
-14689
-16294
-12408
-4342
5187
12969
16380
14273
7356
-2040
-10748
-15835
-15586
-10085
-1186
8112
14677
16297
12425
4366
-5163
-12953
-16379
-14285
-7378
2015
10729
15828
15594
10105
1211
-8090
-14666
-16300
-12441
-4391
5139
12938
16377
14297
7401
-1990
-10710
-15821
-15601
-10125
-1236
8069
14655
16303
12458
4415
-5116
-12922
-16375
-14310
-7423
1965
10691
15814
15609
10144
1261
-8047
-14643
-16306
-12474
-4439
5092
12907
16373
14322
7446
-1940
-10672
-15808
-15617
-10164
-1287
8025
14632
16309
12491
4463
-5068
-12891
-16371
-14334
-7468
1915
10653
15801
15625
10184
1312
-8003
-14620
-16312
-12507
-4488
5044
12876
16369
14347
7490
-1890
-10633
-15794
-15633
-10204
-1337
7981
14609
16315
12523
4512
-5020
-12860
-16367
-14359
-7513
1865
10614
15787
15640
10204
1286
-8127
-14890
-16762
-13157
-5341
3996
11649
14982
12816
5828
-3671
-12519
-17761
-17648
-12243
-3387
5937
12586
14320
10556
2560
-6972
-14828
-18363
-16383
-9558
-185
8576
13773
13656
8263
-588
-9914
-16574
-18323
-14572
-6585
2948
10813
14360
12396
5580
-3790
-12556
-17766
-17663
-12263
-3361
6061
12856
14770
11205
3414
-5924
-13602
-16976
-14852
-7895
1596
10461
15740
15671
10302
1462
-7870
-14551
-16329
-12604
-4633
4900
12781
16356
14420
7625
-1740
-10518
-15752
-15678
-10322
-1487
7848
14539
16331
12620
4657
-4876
-12765
-16354
-14432
-7647
1715
10498
15745
15686
10341
1513
-7826
-14528
-16334
-12637
-4681
4851
12749
16351
14444
7669
-1690
-10479
-15737
-15693
-10361
-1538
7804
14516
16337
12653
4705
-4827
-12734
-16349
-14456
-7691
1665
10460
15730
15701
10380
1563
-7782
-14504
-16339
-12669
-4729
4803
12718
16347
14468
7714
-1639
-10440
-15723
-15708
-10400
-1588
7760
14492
16342
12685
4754
-4779
-12702
-16344
-14480
-7736
1614
10421
15716
15715
10419
1613
-7737
-14480
-16344
-12701
-4778
4755
12686
16342
14491
7758
-1589
-10401
-15708
-15723
-10439
-1638
7715
14468
16347
12717
4802
-4731
-12670
-16339
-14503
-7780
1564
10382
15701
15730
10458
1663
-7693
-14456
-16349
-12733
-4826
4707
12654
16337
14515
7802
-1539
-10362
-15694
-15737
-10478
-1688
7671
14444
16351
12748
4850
-4683
-12638
-16334
-14527
-7825
1514
10343
15686
15744
10497
1713
-7648
-14432
-16354
-12764
-4874
4659
12621
16331
14539
7847
-1489
-10323
-15679
-15751
-10517
-1738
7626
14420
16356
12780
4898
-4634
-12605
-16329
-14550
-7869
1464
10303
15671
15758
10555
1839
-7435
-14115
-15914
-12179
-4117
5610
13784
17709
16117
9598
393
-8360
-13683
-13766
-8555
212
9581
16396
18360
14812
6946
-2586
-10573
-14323
-12574
-5913
3414
12264
17656
17773
12574
3813
-5559
-12384
-14363
-10827
-2970
6562
14557
18321
16585
9935
611
-8244
-13648
-13780
-8613
86
9368
16079
17920
14226
6189
-3538
-11736
-15700
-14152
-7664
1532
10301
15660
15787
10613
1863
-7514
-14360
-16367
-12859
-5018
4513
12524
16315
14608
7979
-1338
-10205
-15633
-15793
-10632
-1888
7492
14348
16369
12875
5042
-4489
-12508
-16312
-14620
-8001
1313
10185
15625
15800
10651
1913
-7469
-14335
-16371
-12890
-5066
4465
12492
16309
14631
8023
-1288
-10166
-15618
-15807
-10671
-1938
7447
14323
16373
12906
5090
-4441
-12475
-16306
-14643
-8045
1263
10146
15610
15814
10690
1963
-7424
-14311
-16375
-12921
-5114
4416
12459
16303
14654
8067
-1238
-10126
-15602
-15821
-10709
-1988
7402
14298
16377
12937
5138
-4392
-12442
-16300
-14665
-8089
1213
10106
15594
15828
10728
2013
-7379
-14286
-16378
-12952
-5162
4368
12426
16297
14677
8111
-1188
-10086
-15586
-15834
-10747
-2038
7357
14273
16380
12968
5186
-4344
-12409
-16294
-14688
-8133
1163
10066
15578
15841
10766
2063
-7334
-14261
-16382
-12983
-5210
4319
12393
16291
14699
8155
-1137
-10046
-15570
-15848
-10785
-2088
7312
14248
16384
12999
5234
-4295
-12376
-16287
-14710
-8177
1112
10026
15562
15854
10804
2113
-7289
-14236
-16386
-13014
-5257
4271
12360
16284
14722
8198
-1087
-10006
-15554
-15861
-10823
-2138
7267
14223
16387
13029
5281
-4246
-12343
-16281
-14733
-8220
1062
9986
15546
15867
10823
2087
-7413
-14504
-16833
-13662
-6110
3222
11131
14895
13188
6535
-2868
-11890
-17519
-17874
-12861
-4188
5222
12198
14390
11060
3329
-6198
-14310
-18274
-16755
-10264
-988
7946
13530
13880
8880
213
-9199
-16185
-18392
-15075
-7353
2173
10293
14271
12766
6286
-2987
-11926
-17521
-17886
-12879
-4162
5345
12466
14838
11708
4182
-5149
-13081
-16885
-15221
-8600
793
9830
15494
15893
10917
2263
-7154
-14160
-16395
-13106
-5400
4125
12260
16264
14788
8329
-936
-9886
-15505
-15899
-10936
-2288
7131
14147
16396
13121
5424
-4100
-12243
-16260
-14799
-8351
911
9866
15497
15905
10955
2313
-7108
-14134
-16398
-13136
-5448
4076
12226
16257
14810
8372
-886
-9846
-15488
-15912
-10974
-2338
7085
14121
16399
13151
5472
-4051
-12209
-16253
-14821
-8394
861
9826
15480
15918
10992
2363
-7063
-14109
-16400
-13166
-5495
4027
12192
16250
14832
8416
-836
-9806
-15471
-15924
-11011
-2388
7040
14096
16402
13181
5519
-4003
-12176
-16246
-14842
-8437
811
9785
15463
15930
11030
2413
-7017
-14083
-16403
-13196
-5543
3978
12159
16242
14853
8459
-785
-9765
-15454
-15936
-11048
-2438
6994
14070
16404
13211
5567
-3954
-12142
-16239
-14864
-8481
760
9745
15446
15942
11067
2463
-6972
-14057
-16405
-13226
-5590
3929
12125
16235
14874
8502
-735
-9725
-15437
-15948
-11086
-2488
6949
14044
16407
13241
5614
-3905
-12108
-16231
-14885
-8524
710
9704
15429
15954
11104
2512
-6926
-14031
-16408
-13256
-5638
3880
12091
16227
14896
8545
-685
-9684
-15420
-15960
-11123
-2537
6903
14018
16409
13271
5661
-3856
-12074
-16223
-14906
-8567
660
9664
15411
15966
11161
2638
-6712
-13711
-15965
-12668
-4880
4831
13252
17602
16472
10295
1197
-7719
-13422
-13972
-9160
-587
8857
15991
18411
15300
7709
-1807
-10039
-14215
-12927
-6610
2609
11623
17394
17978
13178
4612
-4834
-11978
-14412
-11315
-3732
5782
14022
18211
16938
10631
1416
-7602
-13385
-13984
-9216
-713
8643
15672
17968
14713
6951
-2758
-11200
-15590
-14504
-8360
727
9658
15395
15990
11215
2662
-6789
-13951
-16413
-13345
-5779
3733
11988
16203
14959
8674
-534
-9561
-15367
-15995
-11234
-2687
6766
13938
16414
13359
5803
-3709
-11971
-16199
-14969
-8695
508
9541
15359
16001
11252
2711
-6743
-13925
-16415
-13374
-5827
3684
11953
16195
14980
8717
-483
-9520
-15350
-16007
-11270
-2736
6720
13911
16416
13389
5850
-3660
-11936
-16191
-14990
-8738
458
9500
15341
16012
11289
2761
-6697
-13898
-16416
-13403
-5874
3635
11919
16187
15000
8759
-433
-9479
-15332
-16018
-11307
-2786
6674
13885
16417
13418
5897
-3610
-11901
-16182
-15010
-8781
408
9459
15323
16023
11325
2811
-6651
-13871
-16418
-13432
-5921
3586
11884
16178
15021
8802
-383
-9438
-15313
-16029
-11343
-2836
6628
13858
16418
13447
5944
-3561
-11867
-16174
-15031
-8823
357
9417
15304
16034
11361
2860
-6605
-13844
-16419
-13461
-5968
3537
11849
16169
15041
8844
-332
-9397
-15295
-16040
-11380
-2885
6582
13831
16419
13475
5991
-3512
-11832
-16165
-15051
-8866
307
9376
15286
16045
11398
2910
-6558
-13817
-16420
-13490
-6015
3487
11814
16160
15061
8887
-282
-9355
-15277
-16050
-11416
-2935
6535
13803
16420
13504
6038
-3463
-11797
-16156
-15071
-8908
257
9335
15268
16056
11453
3036
-6344
-13497
-15976
-12901
-5256
4438
12974
17534
16637
10636
1600
-7390
-13277
-14061
-9452
-984
8489
15776
18421
15533
8085
-1414
-9762
-14147
-13091
-6950
2206
11293
17249
18066
13470
5009
-4466
-11762
-14421
-11547
-4108
5389
13744
18142
17101
10971
1819
-7272
-13240
-14072
-9507
-1110
8274
15456
17977
14944
7327
-2364
-10922
-15520
-14666
-8700
324
9328
15249
16077
11506
3059
-6420
-13735
-16422
-13575
-6155
3340
11709
16133
15121
9014
-131
-9231
-15221
-16082
-11524
-3083
6396
13721
16422
13590
6178
-3315
-11691
-16128
-15130
-9035
105
9210
15211
16087
11542
3108
-6373
-13707
-16422
-13604
-6202
3290
11673
16123
15140
9056
-80
-9189
-15202
-16092
-11560
-3133
6350
13693
16422
13618
6225
-3266
-11656
-16118
-15150
-9077
55
9168
15192
16097
11578
3158
-6327
-13679
-16422
-13632
-6248
3241
11638
16114
15160
9098
-30
-9147
-15183
-16102
-11596
-3182
6303
13665
16422
13646
6271
-3216
-11620
-16109
-15169
-9119
5
9126
15173
16107
11614
3207
-6280
-13651
-16422
-13660
-6295
3191
11602
16104
15179
9140
20
-9105
-15163
-16112
-11631
-3232
6257
13637
16422
13674
6318
-3167
-11585
-16099
-15189
-9160
-46
9084
15154
16117
11649
3256
-6234
-13623
-16422
-13688
-6341
3142
11567
16094
15198
9181
71
-9063
-15144
-16121
-11667
-3281
6210
13609
16422
13702
6364
-3117
-11549
-16089
-15208
-9202
-96
9042
15134
16126
11685
3306
-6187
-13595
-16422
-13716
-6388
3093
11531
16084
15217
9223
121
-9021
-15124
-16131
-11702
-3330
6164
13581
16422
13729
6411
-3068
-11513
-16079
-15227
-9244
-146
9000
15114
16136
11701
3279
-6309
-13860
-16866
-14361
-7239
2043
10300
14691
13680
7558
-1660
-10903
-17085
-18140
-13738
-5380
4117
11552
14421
11757
4457
-5018
-13477
-18068
-17245
-11285
-2197
6958
13095
14145
9755
1404
-8094
-15538
-18421
-15771
-8480
994
9459
14063
13255
7306
-1778
-10937
-17085
-18150
-13753
-5353
4239
11817
14865
12402
5308
-3969
-12246
-16675
-15708
-9620
-416
8840
15056
16154
11790
3454
-6047
-13510
-16420
-13798
-6527
2944
11423
16052
15273
9348
272
-8895
-15065
-16159
-11808
-3478
6023
13495
16420
13812
6550
-2919
-11405
-16047
-15283
-9368
-298
8874
15055
16163
11825
3503
-6000
-13481
-16419
-13825
-6573
2894
11386
16042
15292
9389
323
-8852
-15045
-16168
-11843
-3527
5976
13466
16419
13839
6596
-2870
-11368
-16036
-15301
-9410
-348
8831
15035
16172
11860
3552
-5953
-13452
-16418
-13853
-6619
2845
11350
16031
15310
9430
373
-8810
-15024
-16176
-11878
-3577
5929
13438
16418
13866
6642
-2820
-11332
-16025
-15319
-9451
-398
8789
15014
16181
11895
3601
-5906
-13423
-16417
-13880
-6665
2795
11314
16020
15328
9472
423
-8767
-15004
-16185
-11912
-3626
5882
13409
16417
13893
6688
-2770
-11295
-16014
-15337
-9492
-449
8746
14994
16189
11930
3650
-5859
-13394
-16416
-13906
-6711
2746
11277
16009
15346
9513
474
-8725
-14983
-16193
-11947
-3675
5835
13379
16415
13920
6734
-2721
-11259
-16003
-15355
-9533
-499
8703
14973
16198
11964
3699
-5812
-13365
-16414
-13933
-6757
2696
11240
15997
15364
9554
524
-8682
-14963
-16202
-11981
-3724
5788
13350
16414
13946
6780
-2671
-11222
-15992
-15373
-9574
-549
8661
14952
16206
12018
3825
-5596
-13043
-15968
-13342
-5998
3646
12399
17369
16937
11302
2406
-6715
-12961
-14210
-10016
-1773
7741
15321
18412
15973
8826
-621
-9185
-13980
-13391
-7615
1400
10618
16931
18214
14033
5798
-3717
-11306
-14411
-11986
-4849
4596
13167
17974
17399
11636
2625
-6596
-12921
-14218
-10069
-1898
7525
14998
17966
15382
8067
-1572
-10343
-15351
-14964
-9363
-482
8651
14930
16222
12067
3847
-5670
-13276
-16409
-14013
-6895
2547
11130
15963
15417
9676
675
-8553
-14900
-16226
-12084
-3871
5647
13262
16408
14026
6917
-2522
-11111
-15957
-15425
-9697
-700
8532
14889
16230
12101
3896
-5623
-13247
-16407
-14039
-6940
2497
11093
15951
15434
9717
726
-8510
-14878
-16233
-12118
-3920
5599
13232
16406
14052
6963
-2472
-11074
-15945
-15443
-9737
-751
8489
14868
16237
12135
3944
-5576
-13217
-16405
-14065
-6986
2447
11055
15939
15451
9758
776
-8467
-14857
-16241
-12152
-3969
5552
13202
16403
14078
7009
-2422
-11037
-15933
-15460
-9778
-801
8446
14846
16245
12169
3993
-5528
-13187
-16402
-14091
-7031
2397
11018
15926
15468
9798
826
-8424
-14836
-16248
-12186
-4018
5504
13172
16401
14104
7054
-2372
-10999
-15920
-15477
-9818
-851
8402
14825
16252
12203
4042
-5481
-13157
-16400
-14117
-7077
2347
10981
15914
15485
9838
877
-8381
-14814
-16256
-12220
-4067
5457
13142
16398
14129
7100
-2322
-10962
-15908
-15493
-9859
-902
8359
14803
16259
12237
4091
-5433
-13127
-16397
-14142
-7122
2297
10943
15902
15502
9879
927
-8337
-14792
-16263
-12253
-4115
5409
13111
16396
14155
7145
-2273
-10924
-15895
-15510
-9899
-952
8316
14781
16266
12251
4064
-5554
-13389
-16838
-14785
-7973
1248
9710
14506
13963
8212
-854
-10218
-16751
-18270
-14287
-6164
3362
11081
14393
12181
5190
-4223
-12887
-17882
-17527
-11939
-3002
6272
12759
14273
10304
2189
-7338
-15066
-18391
-16193
-9213
198
8868
13876
13535
7959
-973
-10250
-16748
-18276
-14301
-6137
3483
11343
14834
12823
6041
-3173
-11654
-16487
-15987
-10272
-1221
8152
14718
16280
12337
4237
-5290
-13035
-16388
-14219
-7258
2148
10830
15863
15551
9999
1078
-8207
-14726
-16283
-12354
-4262
5266
13020
16386
14231
7281
-2123
-10811
-15857
-15559
-10019
-1103
8185
14715
16286
12370
4286
-5243
-13004
-16384
-14244
-7303
2098
10792
15850
15567
10039
1128
-8163
-14703
-16289
-12387
-4310
5219
12989
16383
14256
7326
-2073
-10773
-15843
-15575
-10059
-1153
8141
14692
16293
12403
4335
-5195
-12974
-16381
-14269
-7349
2048
10754
15837
15583
10079
1178
-8119
-14681
-16296
-12420
-4359
5171
12958
16379
14281
7371
-2023
-10735
-15830
-15591
-10099
-1203
8097
14670
16299
12436
4383
-5147
-12943
-16377
-14294
-7394
1998
10716
15823
15599
10118
1229
-8075
-14658
-16302
-12453
-4407
5123
12927
16375
14306
7416
-1973
-10697
-15817
-15607
-10138
-1254
8053
14647
16305
12469
4432
-5099
-12912
-16374
-14318
-7438
1948
10678
15810
15615
10158
1279
-8031
-14635
-16308
-12485
-4456
5075
12896
16372
14331
7461
-1923
-10659
-15803
-15622
-10178
-1304
8009
14624
16311
12502
4480
-5051
-12880
-16370
-14343
-7483
1898
10639
15796
15630
10198
1329
-7987
-14613
-16314
-12518
-4504
5027
12865
16368
14355
7506
-1873
-10620
-15789
-15638
-10217
-1354
7965
14601
16317
12515
4452
-5172
-13142
-16810
-14985
-8333
848
9406
14400
14090
8530
-452
-9867
-16570
-18320
-14551
-6553
2979
10833
14363
12380
5551
-3823
-12582
-17775
-17653
-12257
-3404
5921
12578
14322
10567
2577
-6955
-14818
-18361
-16392
-9573
-202
8562
13768
13661
8276
-571
-9899
-16566
-18325
-14564
-6525
3100
11095
14803
13021
6400
-2773
-11348
-16378
-16113
-10589
-1623
7801
14535
16328
12599
4625
-4907
-12786
-16357
-14416
-7618
1748
10524
15754
15676
10316
1480
-7855
-14543
-16330
-12615
-4650
4883
12770
16354
14428
7640
-1722
-10504
-15747
-15683
-10335
-1505
7833
14531
16333
12632
4674
-4859
-12754
-16352
-14440
-7662
1697
10485
15740
15691
10355
1530
-7811
-14519
-16336
-12648
-4698
4835
12739
16350
14452
7684
-1672
-10466
-15733
-15698
-10374
-1555
7789
14508
16338
12664
4722
-4811
-12723
-16347
-14464
-7707
1647
10446
15725
15706
10394
1580
-7766
-14496
-16341
-12680
-4746
4787
12707
16345
14476
7729
-1622
-10427
-15718
-15713
-10413
-1605
7744
14484
16343
12696
4770
-4763
-12691
-16343
-14488
-7751
1597
10407
15711
15720
10433
1630
-7722
-14472
-16346
-12712
-4794
4739
12675
16340
14500
7773
-1572
-10388
-15703
-15728
-10452
-1655
7700
14460
16348
12728
4818
-4714
-12659
-16338
-14511
-7796
1547
10368
15696
15735
10472
1680
-7678
-14448
-16351
-12743
-4842
4690
12643
16335
14523
7818
-1522
-10349
-15689
-15742
-10491
-1705
7655
14436
16353
12759
4867
-4666
-12626
-16332
-14535
-7840
1497
10329
15681
15749
10510
1730
-7633
-14424
-16355
-12775
-4891
4642
12610
16330
14547
7862
-1472
-10310
-15674
-15756
-10530
-1755
7611
14412
16357
12772
4838
-4786
-12887
-16771
-15176
-8689
447
9095
14283
14208
8842
-51
-9512
-16381
-18360
-14807
-6939
2594
10578
14324
12570
5906
-3422
-12270
-17658
-17770
-12568
-3805
5566
12388
14362
10823
2963
-6569
-14562
-18321
-16582
-9928
-604
8251
13651
13777
8588
-170
-9544
-16376
-18364
-14819
-6911
2714
10838
14763
13210
6755
-2371
-11036
-16260
-16229
-10900
-2024
7445
14344
16366
12854
5011
-4521
-12529
-16316
-14605
-7972
1346
10211
15635
15791
10626
1881
-7499
-14351
-16368
-12870
-5035
4497
12513
16313
14616
7994
-1321
-10191
-15628
-15798
-10645
-1906
7476
14339
16370
12885
5059
-4473
-12497
-16310
-14628
-8016
1296
10172
15620
15805
10665
1931
-7454
-14327
-16372
-12901
-5083
4448
12480
16307
14639
8038
-1271
-10152
-15612
-15812
-10684
-1956
7431
14314
16374
12916
5107
-4424
-12464
-16304
-14650
-8060
1246
10132
15604
15819
10703
1981
-7409
-14302
-16376
-12932
-5130
4400
12448
16301
14662
8082
-1221
-10112
-15596
-15825
-10722
-2006
7387
14290
16378
12948
5154
-4376
-12431
-16298
-14673
-8104
1196
10092
15589
15832
10741
2031
-7364
-14277
-16380
-12963
-5178
4351
12415
16295
14684
8126
-1170
-10073
-15581
-15839
-10760
-2056
7341
14265
16382
12978
5202
-4327
-12398
-16292
-14696
-8148
1145
10053
15573
15845
10779
2081
-7319
-14252
-16383
-12994
-5226
4303
12382
16288
14707
8170
-1120
-10033
-15565
-15852
-10798
-2106
7296
14240
16385
13009
5250
-4278
-12365
-16285
-14718
-8192
1095
10013
15557
15859
10817
2131
-7274
-14227
-16387
-13025
-5274
4254
12348
16282
14729
8213
-1070
-9993
-15549
-15865
-10836
-2156
7251
14215
16388
13021
5222
-4398
-12625
-16723
-15358
-9040
45
8778
14158
14316
9148
349
-9152
-16183
-18390
-15055
-7322
2205
10315
14275
12751
6257
-3020
-11953
-17532
-17878
-12874
-4205
5206
12189
14391
11071
3345
-6181
-14298
-18272
-16763
-10279
-1006
7933
13524
13884
8893
230
-9183
-16177
-18393
-15067
-7293
2325
10575
14713
13391
7105
-1969
-10718
-16133
-16335
-11204
-2424
7085
14145
16395
13101
5393
-4132
-12265
-16265
-14785
-8322
944
9892
15508
15897
10930
2280
-7138
-14151
-16396
-13116
-5417
4108
12248
16262
14795
8344
-919
-9872
-15499
-15903
-10949
-2305
7115
14138
16397
13131
5441
-4083
-12231
-16258
-14806
-8366
894
9852
15491
15910
10968
2330
-7093
-14125
-16399
-13146
-5464
4059
12215
16254
14817
8387
-869
-9832
-15482
-15916
-10987
-2355
7070
14113
16400
13161
5488
-4035
-12198
-16251
-14828
-8409
844
9812
15474
15922
11005
2380
-7047
-14100
-16401
-13177
-5512
4010
12181
16247
14839
8431
-818
-9792
-15466
-15928
-11024
-2405
7024
14087
16403
13192
5536
-3986
-12164
-16243
-14850
-8452
793
9771
15457
15934
11043
2430
-7002
-14074
-16404
-13207
-5559
3961
12147
16240
14860
8474
-768
-9751
-15449
-15941
-11061
-2455
6979
14061
16405
13221
5583
-3937
-12130
-16236
-14871
-8495
743
9731
15440
15947
11080
2480
-6956
-14048
-16406
-13236
-5607
3912
12113
16232
14882
8517
-718
-9711
-15431
-15953
-11098
-2505
6933
14035
16407
13251
5630
-3888
-12096
-16228
-14892
-8538
693
9690
15423
15959
11117
2530
-6910
-14022
-16408
-13266
-5654
3863
12079
16224
14903
8560
-667
-9670
-15414
-15964
-11136
-2554
6887
14008
16409
13262
5601
-4007
-12355
-16665
-15531
-9386
-358
8454
14023
14415
9447
748
-8788
-15976
-18410
-15296
-7701
1814
10045
14217
12924
6603
-2617
-11629
-17397
-17976
-13172
-4604
4842
11982
14411
11311
3725
-5790
-14028
-18213
-16935
-10624
-1408
7609
13388
13982
9191
629
-8819
-15969
-18412
-15306
-7672
1934
10303
14653
13562
7451
-1567
-10393
-15996
-16432
-11502
-2822
6720
13936
16413
13340
5772
-3741
-11993
-16205
-14956
-8667
542
9568
15370
15994
11228
2679
-6773
-13942
-16414
-13355
-5796
3716
11976
16200
14966
8689
-516
-9547
-15361
-15999
-11246
-2704
6750
13929
16415
13369
5819
-3692
-11959
-16196
-14976
-8710
491
9527
15352
16005
11264
2728
-6727
-13916
-16415
-13384
-5843
3667
11942
16192
14987
8731
-466
-9506
-15343
-16011
-11283
-2753
6704
13902
16416
13399
5866
-3643
-11924
-16188
-14997
-8753
441
9486
15334
16016
11301
2778
-6681
-13889
-16417
-13413
-5890
3618
11907
16184
15007
8774
-416
-9465
-15325
-16022
-11319
-2803
6658
13875
16417
13428
5913
-3594
-11890
-16179
-15017
-8795
390
9445
15316
16027
11338
2828
-6635
-13862
-16418
-13442
-5937
3569
11872
16175
15028
8817
-365
-9424
-15307
-16033
-11356
-2853
6612
13848
16419
13457
5960
-3544
-11855
-16171
-15038
-8838
340
9403
15298
16038
11374
2877
-6589
-13835
-16419
-13471
-5984
3520
11837
16166
15048
8859
-315
-9383
-15289
-16043
-11392
-2902
6566
13821
16420
13485
6007
-3495
-11820
-16162
-15058
-8880
290
9362
15280
16049
11410
2927
-6543
-13808
-16420
-13500
-6031
3471
11802
16157
15068
8901
-265
-9341
-15270
-16054
-11428
-2952
6519
13794
16420
13533
6130
-3277
-11492
-15708
-14461
-8118
1239
10516
16644
17615
13154
4808
-4572
-11799
-14421
-11528
-4077
5421
13767
18148
17088
10944
1786
-7300
-13252
-14065
-9465
-1001
8473
15767
18421
15543
8101
-1397
-9750
-14144
-13098
-6965
2189
11279
17242
18070
13483
5026
-4450
-11753
-14421
-11576
-4200
5203
13439
17694
16490
10181
836
-8453
-14616
-15631
-11208
-2882
6503
13758
16422
13571
6148
-3347
-11714
-16134
-15118
-9007
139
9237
15224
16080
11518
3076
-6404
-13725
-16422
-13585
-6171
3323
11697
16129
15127
9028
-113
-9217
-15214
-16085
-11536
-3100
6380
13711
16422
13599
6194
-3298
-11679
-16125
-15137
-9049
88
9196
15205
16090
11554
3125
-6357
-13697
-16422
-13613
-6218
3273
11661
16120
15147
9070
-63
-9175
-15195
-16095
-11572
-3150
6334
13684
16422
13628
6241
-3249
-11644
-16115
-15157
-9091
38
9154
15186
16100
11590
3175
-6311
-13670
-16422
-13642
-6264
3224
11626
16110
15166
9112
-13
-9133
-15176
-16105
-11608
-3199
6287
13656
16422
13656
6287
-3199
-11608
-16105
-15176
-9133
-13
9112
15166
16110
11626
3224
-6264
-13642
-16422
-13670
-6311
3175
11590
16100
15186
9154
38
-9091
-15157
-16115
-11644
-3249
6241
13628
16422
13684
6334
-3150
-11572
-16095
-15195
-9175
-63
9070
15147
16120
11661
3273
-6218
-13613
-16422
-13697
-6357
3125
11554
16090
15205
9196
88
-9049
-15137
-16125
-11679
-3298
6194
13599
16422
13711
6380
-3100
-11536
-16085
-15214
-9217
-113
9028
15127
16129
11697
3323
-6171
-13585
-16422
-13725
-6404
3076
11518
16080
15224
9237
139
-9007
-15118
-16134
-11714
-3347
6148
13571
16422
13720
6351
-3219
-11793
-16520
-15850
-10063
-1164
7791
13725
14583
10025
1541
-8048
-15538
-18421
-15753
-8450
1026
9483
14070
13242
7279
-1811
-10965
-17098
-18144
-13750
-5397
4101
11543
14421
11767
4473
-5001
-13465
-18065
-17252
-11300
-2214
6944
13088
14148
9767
1421
-8077
-15528
-18421
-15761
-8420
1145
9739
14504
13878
8125
-761
-9727
-15695
-16597
-12078
-3614
5978
13495
16420
13794
6519
-2952
-11428
-16054
-15270
-9341
-265
8901
15068
16157
11802
3471
-6031
-13500
-16420
-13808
-6543
2927
11410
16049
15280
9362
290
-8880
-15058
-16162
-11820
-3495
6007
13485
16420
13821
6566
-2902
-11392
-16043
-15289
-9383
-315
8859
15048
16166
11837
3520
-5984
-13471
-16419
-13835
-6589
2877
11374
16038
15298
9403
340
-8838
-15038
-16171
-11855
-3544
5960
13457
16419
13848
6612
-2853
-11356
-16033
-15307
-9424
-365
8817
15028
16175
11872
3569
-5937
-13442
-16418
-13862
-6635
2828
11338
16027
15316
9445
390
-8795
-15017
-16179
-11890
-3594
5913
13428
16417
13875
6658
-2803
-11319
-16022
-15325
-9465
-416
8774
15007
16184
11907
3618
-5890
-13413
-16417
-13889
-6681
2778
11301
16016
15334
9486
441
-8753
-14997
-16188
-11924
-3643
5866
13399
16416
13902
6704
-2753
-11283
-16011
-15343
-9506
-466
8731
14987
16192
11942
3667
-5843
-13384
-16415
-13916
-6727
2728
11264
16005
15352
9527
491
-8710
-14976
-16196
-11959
-3692
5819
13369
16415
13929
6750
-2704
-11246
-15999
-15361
-9547
-516
8689
14966
16200
11976
3716
-5796
-13355
-16414
-13942
-6773
2679
11228
15994
15370
9568
542
-8667
-14956
-16205
-11993
-3741
5772
13340
16413
13975
6872
-2485
-10916
-15543
-14762
-8783
433
9841
16328
17764
13718
5597
-3825
-11345
-14412
-11969
-4819
4629
13191
17982
17388
11609
2592
-6624
-12935
-14213
-10028
-1790
7725
15311
18411
15982
8842
-604
-9172
-13976
-13397
-7629
1383
10603
16924
18217
14045
5814
-3701
-11296
-14410
-12015
-4941
4411
12861
17526
16788
10845
1642
-7777
-14296
-15776
-11769
-3670
5754
13300
16409
14008
6887
-2554
-11136
-15964
-15414
-9670
-667
8560
14903
16224
12079
3863
-5654
-13266
-16408
-14022
-6910
2530
11117
15959
15423
9690
693
-8538
-14892
-16228
-12096
-3888
5630
13251
16407
14035
6933
-2505
-11098
-15953
-15431
-9711
-718
8517
14882
16232
12113
3912
-5607
-13236
-16406
-14048
-6956
2480
11080
15947
15440
9731
743
-8495
-14871
-16236
-12130
-3937
5583
13221
16405
14061
6979
-2455
-11061
-15941
-15449
-9751
-768
8474
14860
16240
12147
3961
-5559
-13207
-16404
-14074
-7002
2430
11043
15934
15457
9771
793
-8452
-14850
-16243
-12164
-3986
5536
13192
16403
14087
7024
-2405
-11024
-15928
-15466
-9792
-818
8431
14839
16247
12181
4010
-5512
-13177
-16401
-14100
-7047
2380
11005
15922
15474
9812
844
-8409
-14828
-16251
-12198
-4035
5488
13161
16400
14113
7070
-2355
-10987
-15916
-15482
-9832
-869
8387
14817
16254
12215
4059
-5464
-13146
-16399
-14125
-7093
2330
10968
15910
15491
9852
894
-8366
-14806
-16258
-12231
-4083
5441
13131
16397
14138
7115
-2305
-10949
-15903
-15499
-9872
-919
8344
14795
16262
12248
4108
-5417
-13116
-16396
-14151
-7138
2280
10930
15897
15508
9892
944
-8322
-14785
-16265
-12265
-4132
5393
13101
16395
14145
7085
-2424
-11204
-16335
-16133
-10718
-1969
7105
13391
14713
10575
2325
-7293
-15067
-18393
-16177
-9183
230
8893
13884
13524
7933
-1006
-10279
-16763
-18272
-14298
-6181
3345
11071
14391
12189
5206
-4205
-12874
-17878
-17532
-11953
-3020
6257
12751
14275
10315
2205
-7322
-15055
-18390
-16183
-9152
349
9148
14316
14158
8778
45
-9040
-15358
-16723
-12625
-4398
5222
13021
16388
14215
7251
-2156
-10836
-15865
-15549
-9993
-1070
8213
14729
16282
12348
4254
-5274
-13025
-16387
-14227
-7274
2131
10817
15859
15557
10013
1095
-8192
-14718
-16285
-12365
-4278
5250
13009
16385
14240
7296
-2106
-10798
-15852
-15565
-10033
-1120
8170
14707
16288
12382
4303
-5226
-12994
-16383
-14252
-7319
2081
10779
15845
15573
10053
1145
-8148
-14696
-16292
-12398
-4327
5202
12978
16382
14265
7341
-2056
-10760
-15839
-15581
-10073
-1170
8126
14684
16295
12415
4351
-5178
-12963
-16380
-14277
-7364
2031
10741
15832
15589
10092
1196
-8104
-14673
-16298
-12431
-4376
5154
12948
16378
14290
7387
-2006
-10722
-15825
-15596
-10112
-1221
8082
14662
16301
12448
4400
-5130
-12932
-16376
-14302
-7409
1981
10703
15819
15604
10132
1246
-8060
-14650
-16304
-12464
-4424
5107
12916
16374
14314
7431
-1956
-10684
-15812
-15612
-10152
-1271
8038
14639
16307
12480
4448
-5083
-12901
-16372
-14327
-7454
1931
10665
15805
15620
10172
1296
-8016
-14628
-16310
-12497
-4473
5059
12885
16370
14339
7476
-1906
-10645
-15798
-15628
-10191
-1321
7994
14616
16313
12513
4497
-5035
-12870
-16368
-14351
-7499
1881
10626
15791
15635
10211
1346
-7972
-14605
-16316
-12529
-4521
5011
12854
16366
14344
7445
-2024
-10900
-16229
-16260
-11036
-2371
6755
13210
14763
10838
2714
-6911
-14819
-18364
-16376
-9544
-170
8588
13777
13651
8251
-604
-9928
-16582
-18321
-14562
-6569
2963
10823
14362
12388
5566
-3805
-12568
-17770
-17658
-12270
-3422
5906
12570
14324
10578
2594
-6939
-14807
-18360
-16381
-9512
-51
8842
14208
14283
9095
447
-8689
-15176
-16771
-12887
-4786
4838
12772
16357
14412
7611
-1755
-10530
-15756
-15674
-10310
-1472
7862
14547
16330
12610
4642
-4891
-12775
-16355
-14424
-7633
1730
10510
15749
15681
10329
1497
-7840
-14535
-16332
-12626
-4666
4867
12759
16353
14436
7655
-1705
-10491
-15742
-15689
-10349
-1522
7818
14523
16335
12643
4690
-4842
-12743
-16351
-14448
-7678
1680
10472
15735
15696
10368
1547
-7796
-14511
-16338
-12659
-4714
4818
12728
16348
14460
7700
-1655
-10452
-15728
-15703
-10388
-1572
7773
14500
16340
12675
4739
-4794
-12712
-16346
-14472
-7722
1630
10433
15720
15711
10407
1597
-7751
-14488
-16343
-12691
-4763
4770
12696
16343
14484
7744
-1605
-10413
-15713
-15718
-10427
-1622
7729
14476
16345
12707
4787
-4746
-12680
-16341
-14496
-7766
1580
10394
15706
15725
10446
1647
-7707
-14464
-16347
-12723
-4811
4722
12664
16338
14508
7789
-1555
-10374
-15698
-15733
-10466
-1672
7684
14452
16350
12739
4835
-4698
-12648
-16336
-14519
-7811
1530
10355
15691
15740
10485
1697
-7662
-14440
-16352
-12754
-4859
4674
12632
16333
14531
7833
-1505
-10335
-15683
-15747
-10504
-1722
7640
14428
16354
12770
4883
-4650
-12615
-16330
-14543
-7855
1480
10316
15676
15754
10524
1748
-7618
-14416
-16357
-12786
-4907
4625
12599
16328
14574
7953
-1286
-10003
-15224
-15144
-9738
-773
8790
15787
17915
14509
6763
-2677
-10602
-14325
-12566
-5899
3429
12276
17661
17768
12562
3798
-5573
-12392
-14361
-10818
-2955
6577
14567
18322
16578
9921
596
-8257
-13653
-13775
-8582
177
9551
16380
18363
14833
6979
-2553
-10551
-14320
-12609
-6020
3211
11944
17201
17165
11796
2848
-6723
-13750
-15921
-12556
-4835
4605
12554
16317
14601
7965
-1354
-10217
-15638
-15789
-10620
-1873
7506
14355
16368
12865
5027
-4504
-12518
-16314
-14613
-7987
1329
10198
15630
15796
10639
1898
-7483
-14343
-16370
-12880
-5051
4480
12502
16311
14624
8009
-1304
-10178
-15622
-15803
-10659
-1923
7461
14331
16372
12896
5075
-4456
-12485
-16308
-14635
-8031
1279
10158
15615
15810
10678
1948
-7438
-14318
-16374
-12912
-5099
4432
12469
16305
14647
8053
-1254
-10138
-15607
-15817
-10697
-1973
7416
14306
16375
12927
5123
-4407
-12453
-16302
-14658
-8075
1229
10118
15599
15823
10716
1998
-7394
-14294
-16377
-12943
-5147
4383
12436
16299
14670
8097
-1203
-10099
-15591
-15830
-10735
-2023
7371
14281
16379
12958
5171
-4359
-12420
-16296
-14681
-8119
1178
10079
15583
15837
10754
2048
-7349
-14269
-16381
-12974
-5195
4335
12403
16293
14692
8141
-1153
-10059
-15575
-15843
-10773
-2073
7326
14256
16383
12989
5219
-4310
-12387
-16289
-14703
-8163
1128
10039
15567
15850
10792
2098
-7303
-14244
-16384
-13004
-5243
4286
12370
16286
14715
8185
-1103
-10019
-15559
-15857
-10811
-2123
7281
14231
16386
13020
5266
-4262
-12354
-16283
-14726
-8207
1078
9999
15551
15863
10830
2148
-7258
-14219
-16388
-13035
-5290
4237
12337
16280
14756
8305
-884
-9686
-15098
-15252
-10044
-1173
8431
15589
17945
14758
7146
-2289
-10340
-14276
-12748
-6250
3027
11959
17535
17876
12868
4198
-5213
-12193
-14391
-11066
-3338
6189
14304
18273
16759
10272
998
-7939
-13527
-13882
-8887
-223
9190
16181
18393
15081
7362
-2164
-10287
-14270
-12789
-6370
2809
11626
17074
17272
12101
3248
-6363
-13551
-15950
-12803
-5217
4216
12289
16266
14781
8316
-952
-9899
-15510
-15895
-10924
-2273
7145
14155
16396
13111
5409
-4115
-12253
-16263
-14792
-8337
927
9879
15502
15902
10943
2297
-7122
-14142
-16397
-13127
-5433
4091
12237
16259
14803
8359
-902
-9859
-15493
-15908
-10962
-2322
7100
14129
16398
13142
5457
-4067
-12220
-16256
-14814
-8381
877
9838
15485
15914
10981
2347
-7077
-14117
-16400
-13157
-5481
4042
12203
16252
14825
8402
-851
-9818
-15477
-15920
-10999
-2372
7054
14104
16401
13172
5504
-4018
-12186
-16248
-14836
-8424
826
9798
15468
15926
11018
2397
-7031
-14091
-16402
-13187
-5528
3993
12169
16245
14846
8446
-801
-9778
-15460
-15933
-11037
-2422
7009
14078
16403
13202
5552
-3969
-12152
-16241
-14857
-8467
776
9758
15451
15939
11055
2447
-6986
-14065
-16405
-13217
-5576
3944
12135
16237
14868
8489
-751
-9737
-15443
-15945
-11074
-2472
6963
14052
16406
13232
5599
-3920
-12118
-16233
-14878
-8510
726
9717
15434
15951
11093
2497
-6940
-14039
-16407
-13247
-5623
3896
12101
16230
14889
8532
-700
-9697
-15425
-15957
-11111
-2522
6917
14026
16408
13262
5647
-3871
-12084
-16226
-14900
-8553
675
9676
15417
15963
11130
2547
-6895
-14013
-16409
-13276
-5670
3847
12067
16222
14930
8651
-482
-9363
-14964
-15351
-10343
-1572
8067
15382
17966
14998
7525
-1898
-10069
-14218
-12921
-6596
2625
11636
17399
17974
13167
4596
-4849
-11986
-14411
-11306
-3717
5798
14033
18214
16931
10618
1400
-7615
-13391
-13980
-9185
-621
8826
15973
18412
15321
7741
-1773
-10016
-14210
-12961
-6715
2406
11302
16937
17369
12399
3646
-5998
-13342
-15968
-13043
-5596
3825
12018
16206
14952
8661
-549
-9574
-15373
-15992
-11222
-2671
6780
13946
16414
13350
5788
-3724
-11981
-16202
-14963
-8682
524
9554
15364
15997
11240
2696
-6757
-13933
-16414
-13365
-5812
3699
11964
16198
14973
8703
-499
-9533
-15355
-16003
-11259
-2721
6734
13920
16415
13379
5835
-3675
-11947
-16193
-14983
-8725
474
9513
15346
16009
11277
2746
-6711
-13906
-16416
-13394
-5859
3650
11930
16189
14994
8746
-449
-9492
-15337
-16014
-11295
-2770
6688
13893
16417
13409
5882
-3626
-11912
-16185
-15004
-8767
423
9472
15328
16020
11314
2795
-6665
-13880
-16417
-13423
-5906
3601
11895
16181
15014
8789
-398
-9451
-15319
-16025
-11332
-2820
6642
13866
16418
13438
5929
-3577
-11878
-16176
-15024
-8810
373
9430
15310
16031
11350
2845
-6619
-13853
-16418
-13452
-5953
3552
11860
16172
15035
8831
-348
-9410
-15301
-16036
-11368
-2870
6596
13839
16419
13466
5976
-3527
-11843
-16168
-15045
-8852
323
9389
15292
16042
11386
2894
-6573
-13825
-16419
-13481
-6000
3503
11825
16163
15055
8874
-298
-9368
-15283
-16047
-11405
-2919
6550
13812
16420
13495
6023
-3478
-11808
-16159
-15065
-8895
272
9348
15273
16052
11423
2944
-6527
-13798
-16420
-13510
-6047
3454
11790
16154
15094
8992
-79
-9034
-14820
-15440
-10636
-1969
7699
15167
17976
15231
7902
-1505
-9792
-14150
-13085
-6937
2222
11306
17255
18063
13459
4994
-4480
-11771
-14421
-11538
-4094
5404
13755
18145
17095
10958
1803
-7285
-13245
-14068
-9477
-1018
8457
15757
18421
15552
8117
-1380
-9738
-14140
-13124
-7055
2003
10972
16792
17456
12690
4043
-5629
-13126
-15977
-13274
-5972
3431
11739
16136
15114
9000
-146
-9244
-15227
-16079
-11513
-3068
6411
13729
16422
13581
6164
-3330
-11702
-16131
-15124
-9021
121
9223
15217
16084
11531
3093
-6388
-13716
-16422
-13595
-6187
3306
11685
16126
15134
9042
-96
-9202
-15208
-16089
-11549
-3117
6364
13702
16422
13609
6210
-3281
-11667
-16121
-15144
-9063
71
9181
15198
16094
11567
3142
-6341
-13688
-16422
-13623
-6234
3256
11649
16117
15154
9084
-46
-9160
-15189
-16099
-11585
-3167
6318
13674
16422
13637
6257
-3232
-11631
-16112
-15163
-9105
20
9140
15179
16104
11602
3191
-6295
-13660
-16422
-13651
-6280
3207
11614
16107
15173
9126
5
-9119
-15169
-16109
-11620
-3216
6271
13646
16422
13665
6303
-3182
-11596
-16102
-15183
-9147
-30
9098
15160
16114
11638
3241
-6248
-13632
-16422
-13679
-6327
3158
11578
16097
15192
9168
55
-9077
-15150
-16118
-11656
-3266
6225
13618
16422
13693
6350
-3133
-11560
-16092
-15202
-9189
-80
9056
15140
16123
11673
3290
-6202
-13604
-16422
-13707
-6373
3108
11542
16087
15211
9210
105
-9035
-15130
-16128
-11691
-3315
6178
13590
16422
13721
6396
-3083
-11524
-16082
-15221
-9231
-131
9014
15121
16133
11709
3340
-6155
-13575
-16422
-13735
-6420
3059
11506
16077
15249
9328
324
-8700
-14666
-15520
-10922
-2364
7327
14944
17977
15456
8274
-1110
-9507
-14072
-13240
-7272
1819
10971
17101
18142
13744
5389
-4108
-11547
-14421
-11762
-4466
5009
13470
18066
17249
11293
2206
-6950
-13091
-14147
-9762
-1414
8085
15533
18421
15776
8489
-984
-9452
-14061
-13277
-7390
1600
10636
16637
17534
12974
4438
-5256
-12901
-15976
-13497
-6344
3036
11453
16056
15268
9335
257
-8908
-15071
-16156
-11797
-3463
6038
13504
16420
13803
6535
-2935
-11416
-16050
-15277
-9355
-282
8887
15061
16160
11814
3487
-6015
-13490
-16420
-13817
-6558
2910
11398
16045
15286
9376
307
-8866
-15051
-16165
-11832
-3512
5991
13475
16419
13831
6582
-2885
-11380
-16040
-15295
-9397
-332
8844
15041
16169
11849
3537
-5968
-13461
-16419
-13844
-6605
2860
11361
16034
15304
9417
357
-8823
-15031
-16174
-11867
-3561
5944
13447
16418
13858
6628
-2836
-11343
-16029
-15313
-9438
-383
8802
15021
16178
11884
3586
-5921
-13432
-16418
-13871
-6651
2811
11325
16023
15323
9459
408
-8781
-15010
-16182
-11901
-3610
5897
13418
16417
13885
6674
-2786
-11307
-16018
-15332
-9479
-433
8759
15000
16187
11919
3635
-5874
-13403
-16416
-13898
-6697
2761
11289
16012
15341
9500
458
-8738
-14990
-16191
-11936
-3660
5850
13389
16416
13911
6720
-2736
-11270
-16007
-15350
-9520
-483
8717
14980
16195
11953
3684
-5827
-13374
-16415
-13925
-6743
2711
11252
16001
15359
9541
508
-8695
-14969
-16199
-11971
-3709
5803
13359
16414
13938
6766
-2687
-11234
-15995
-15367
-9561
-534
8674
14959
16203
11988
3733
-5779
-13345
-16413
-13951
-6789
2662
11215
15990
15357
9506
390
-8945
-15393
-16825
-12810
-4758
4561
11947
14857
12258
4980
-4561
-13177
-17984
-17385
-11602
-2584
6631
12938
14211
10022
1782
-7732
-15315
-18412
-15978
-8834
612
9178
13978
13394
7623
-1391
-10610
-16927
-18215
-14039
-5807
3709
11300
14411
11991
4857
-4587
-13160
-17972
-17383
-11567
-2466
6881
13361
14837
10861
2831
-6490
-13903
-16854
-14297
-7049
2486
11122
15966
15411
9664
660
-8567
-14906
-16223
-12074
-3856
5661
13271
16409
14018
6903
-2537
-11123
-15960
-15420
-9684
-685
8545
14896
16227
12091
3880
-5638
-13256
-16408
-14031
-6926
2512
11104
15954
15429
9704
710
-8524
-14885
-16231
-12108
-3905
5614
13241
16407
14044
6949
-2488
-11086
-15948
-15437
-9725
-735
8502
14874
16235
12125
3929
-5590
-13226
-16405
-14057
-6972
2463
11067
15942
15446
9745
760
-8481
-14864
-16239
-12142
-3954
5567
13211
16404
14070
6994
-2438
-11048
-15936
-15454
-9765
-785
8459
14853
16242
12159
3978
-5543
-13196
-16403
-14083
-7017
2413
11030
15930
15463
9785
811
-8437
-14842
-16246
-12176
-4003
5519
13181
16402
14096
7040
-2388
-11011
-15924
-15471
-9806
-836
8416
14832
16250
12192
4027
-5495
-13166
-16400
-14109
-7063
2363
10992
15918
15480
9826
861
-8394
-14821
-16253
-12209
-4051
5472
13151
16399
14121
7085
-2338
-10974
-15912
-15488
-9846
-886
8372
14810
16257
12226
4076
-5448
-13136
-16398
-14134
-7108
2313
10955
15905
15497
9866
911
-8351
-14799
-16260
-12243
-4100
5424
13121
16396
14147
7131
-2288
-10936
-15899
-15505
-9886
-936
8329
14788
16264
12260
4125
-5400
-13106
-16395
-14160
-7154
2263
10917
15893
15532
9982
1130
-8014
-14333
-15650
-11472
-3149
6572
14473
17949
15880
9008
-314
-8918
-13886
-13521
-7926
1013
10286
16766
18271
14293
6173
-3353
-11075
-14392
-12185
-5199
4213
12880
17880
17530
11946
3012
-6264
-12755
-14274
-10310
-2198
7329
15060
18390
16198
9222
-188
-8861
-13874
-13557
-8043
795
9949
16299
17660
13522
5222
-4500
-12427
-15944
-13918
-7076
2239
10861
15867
15546
9986
1062
-8220
-14733
-16281
-12343
-4246
5281
13029
16387
14223
7267
-2138
-10823
-15861
-15554
-10006
-1087
8198
14722
16284
12360
4271
-5257
-13014
-16386
-14236
-7289
2113
10804
15854
15562
10026
1112
-8177
-14710
-16287
-12376
-4295
5234
12999
16384
14248
7312
-2088
-10785
-15848
-15570
-10046
-1137
8155
14699
16291
12393
4319
-5210
-12983
-16382
-14261
-7334
2063
10766
15841
15578
10066
1163
-8133
-14688
-16294
-12409
-4344
5186
12968
16380
14273
7357
-2038
-10747
-15834
-15586
-10086
-1188
8111
14677
16297
12426
4368
-5162
-12952
-16378
-14286
-7379
2013
10728
15828
15594
10106
1213
-8089
-14665
-16300
-12442
-4392
5138
12937
16377
14298
7402
-1988
-10709
-15821
-15602
-10126
-1238
8067
14654
16303
12459
4416
-5114
-12921
-16375
-14311
-7424
1963
10690
15814
15610
10146
1263
-8045
-14643
-16306
-12475
-4441
5090
12906
16373
14323
7447
-1938
-10671
-15807
-15618
-10166
-1288
8023
14631
16309
12492
4465
-5066
-12890
-16371
-14335
-7469
1913
10651
15800
15625
10185
1313
-8001
-14620
-16312
-12508
-4489
5042
12875
16369
14348
7492
-1888
-10632
-15793
-15633
-10205
-1338
7979
14608
16315
12524
4513
-5018
-12859
-16367
-14360
-7514
1863
10613
15787
15622
10149
1195
-8250
-15041
-16935
-13345
-5538
3799
11461
14809
12665
5705
-3762
-12575
-17780
-17648
-12244
-3389
5935
12585
14321
10557
2562
-6970
-14827
-18363
-16384
-9559
-187
8574
13773
13656
8264
-586
-9913
-16574
-18323
-14573
-6586
2946
10812
14360
12396
5581
-3788
-12555
-17766
-17644
-12208
-3270
6184
13006
14943
11394
3610
-5727
-13413
-16803
-14701
-7772
1687
10517
15758
15671
10303
1464
-7869
-14550
-16329
-12605
-4634
4898
12780
16356
14420
7626
-1738
-10517
-15751
-15679
-10323
-1489
7847
14539
16331
12621
4659
-4874
-12764
-16354
-14432
-7648
1713
10497
15744
15686
10343
1514
-7825
-14527
-16334
-12638
-4683
4850
12748
16351
14444
7671
-1688
-10478
-15737
-15694
-10362
-1539
7802
14515
16337
12654
4707
-4826
-12733
-16349
-14456
-7693
1663
10458
15730
15701
10382
1564
-7780
-14503
-16339
-12670
-4731
4802
12717
16347
14468
7715
-1638
-10439
-15723
-15708
-10401
-1589
7758
14491
16342
12686
4755
-4778
-12701
-16344
-14480
-7737
1613
10419
15715
15716
10421
1614
-7736
-14480
-16344
-12702
-4779
4754
12685
16342
14492
7760
-1588
-10400
-15708
-15723
-10440
-1639
7714
14468
16347
12718
4803
-4729
-12669
-16339
-14504
-7782
1563
10380
15701
15730
10460
1665
-7691
-14456
-16349
-12734
-4827
4705
12653
16337
14516
7804
-1538
-10361
-15693
-15737
-10479
-1690
7669
14444
16351
12749
4851
-4681
-12637
-16334
-14528
-7826
1513
10341
15686
15745
10498
1715
-7647
-14432
-16354
-12765
-4876
4657
12620
16331
14539
7848
-1487
-10322
-15678
-15752
-10518
-1740
7625
14420
16356
12781
4900
-4633
-12604
-16329
-14551
-7870
1462
10302
15671
15778
10613
1933
-7309
-13963
-15741
-11992
-3924
5804
13971
17882
16270
9724
487
-8302
-13663
-13766
-8556
210
9580
16396
18360
14813
6948
-2585
-10572
-14323
-12574
-5914
3412
12263
17656
17773
12576
3815
-5558
-12383
-14363
-10828
-2972
6560
14556
18320
16586
9937
613
-8243
-13648
-13799
-8671
-8
9242
15927
17747
14039
5996
-3731
-11922
-15873
-14305
-7790
1438
10243
15640
15787
10614
1865
-7513
-14359
-16367
-12860
-5020
4512
12523
16315
14609
7981
-1337
-10204
-15633
-15794
-10633
-1890
7490
14347
16369
12876
5044
-4488
-12507
-16312
-14620
-8003
1312
10184
15625
15801
10653
1915
-7468
-14334
-16371
-12891
-5068
4463
12491
16309
14632
8025
-1287
-10164
-15617
-15808
-10672
-1940
7446
14322
16373
12907
5092
-4439
-12474
-16306
-14643
-8047
1261
10144
15609
15814
10691
1965
-7423
-14310
-16375
-12922
-5116
4415
12458
16303
14655
8069
-1236
-10125
-15601
-15821
-10710
-1990
7401
14297
16377
12938
5139
-4391
-12441
-16300
-14666
-8090
1211
10105
15594
15828
10729
2015
-7378
-14285
-16379
-12953
-5163
4366
12425
16297
14677
8112
-1186
-10085
-15586
-15835
-10748
-2040
7356
14273
16380
12969
5187
-4342
-12408
-16294
-14689
-8134
1161
10065
15578
15841
10767
2065
-7333
-14260
-16382
-12984
-5211
4318
12392
16290
14700
8156
-1136
-10045
-15570
-15848
-10786
-2090
7310
14248
16384
13000
5235
-4294
-12375
-16287
-14711
-8178
1111
10025
15562
15855
10805
2115
-7288
-14235
-16386
-13015
-5259
4269
12359
16284
14722
8200
-1086
-10005
-15554
-15861
-10824
-2140
7265
14222
16387
13030
5283
-4245
-12342
-16281
-14733
-8222
1060
9985
15545
15848
10767
1996
-7536
-14654
-17006
-13851
-6307
3025
10943
14722
13037
6412
-2959
-11946
-17537
-17874
-12862
-4190
5220
12197
14391
11061
3330
-6196
-14309
-18274
-16756
-10265
-990
7945
13529
13880
8881
215
-9197
-16185
-18392
-15076
-7354
2172
10292
14271
12767
6287
-2985
-11925
-17521
-17868
-12824
-4071
5468
12616
15011
11896
4378
-4952
-12893
-16712
-15071
-8477
884
9886
15513
15893
10919
2265
-7152
-14159
-16395
-13107
-5402
4123
12259
16264
14789
8330
-935
-9885
-15504
-15900
-10937
-2290
7129
14146
16396
13122
5426
-4099
-12242
-16260
-14800
-8352
910
9865
15496
15906
10956
2315
-7107
-14133
-16398
-13137
-5449
4074
12225
16257
14810
8374
-884
-9845
-15488
-15912
-10975
-2340
7084
14121
16399
13152
5473
-4050
-12208
-16253
-14821
-8395
859
9824
15479
15918
10994
2364
-7061
-14108
-16401
-13167
-5497
4025
12191
16249
14832
8417
-834
-9804
-15471
-15924
-11012
-2389
7039
14095
16402
13182
5521
-4001
-12175
-16246
-14843
-8439
809
9784
15462
15931
11031
2414
-7016
-14082
-16403
-13197
-5544
3977
12158
16242
14854
8460
-784
-9764
-15454
-15937
-11050
-2439
6993
14069
16404
13212
5568
-3952
-12141
-16238
-14864
-8482
759
9744
15445
15943
11068
2464
-6970
-14056
-16405
-13227
-5592
3928
12124
16235
14875
8503
-733
-9723
-15437
-15949
-11087
-2489
6947
14043
16407
13242
5615
-3903
-12107
-16231
-14886
-8525
708
9703
15428
15955
11105
2514
-6925
-14030
-16408
-13257
-5639
3879
12090
16227
14896
8547
-683
-9683
-15420
-15961
-11124
-2539
6902
14017
16409
13272
5663
-3854
-12073
-16223
-14907
-8568
658
9662
15411
15947
11066
2395
-7172
-14448
-17027
-14091
-6686
2635
10673
14664
13210
6758
-2557
-11623
-17402
-17973
-13161
-4589
4856
11990
14411
11301
3710
-5805
-14038
-18215
-16928
-10611
-1392
7621
13393
13978
9179
613
-8833
-15977
-18412
-15316
-7734
1781
10021
14211
12939
6632
-2582
-11601
-17385
-17965
-13122
-4470
5103
12408
15030
12136
4757
-4561
-12621
-16651
-15242
-8822
481
9561
15376
15990
11216
2663
-6787
-13951
-16413
-13346
-5781
3732
11987
16203
14959
8675
-532
-9560
-15367
-15996
-11235
-2688
6764
13937
16414
13360
5804
-3707
-11970
-16199
-14970
-8697
507
9540
15358
16001
11253
2713
-6741
-13924
-16415
-13375
-5828
3683
11952
16195
14980
8718
-482
-9519
-15349
-16007
-11271
-2738
6718
13911
16416
13389
5852
-3658
-11935
-16190
-14990
-8739
457
9499
15340
16013
11290
2763
-6695
-13897
-16416
-13404
-5875
3633
11918
16186
15001
8761
-431
-9478
-15331
-16018
-11308
-2787
6672
13884
16417
13419
5899
-3609
-11900
-16182
-15011
-8782
406
9457
15322
16024
11326
2812
-6649
-13870
-16418
-13433
-5922
3584
11883
16178
15021
8803
-381
-9437
-15313
-16029
-11344
-2837
6626
13857
16418
13448
5946
-3560
-11866
-16173
-15031
-8824
356
9416
15304
16035
11363
2862
-6603
-13843
-16419
-13462
-5969
3535
11848
16169
15041
8846
-331
-9396
-15295
-16040
-11381
-2887
6580
13830
16419
13476
5993
-3511
-11831
-16164
-15052
-8867
305
9375
15285
16045
11399
2911
-6557
-13816
-16420
-13491
-6016
3486
11813
16160
15062
8888
-280
-9354
-15276
-16051
-11417
-2936
6534
13802
16420
13505
6039
-3461
-11796
-16156
-15072
-8909
255
9333
15267
16075
11511
3130
-6218
-13344
-15803
-12715
-5063
4632
13161
17707
16789
10762
1694
-7332
-13258
-14061
-9453
-986
8488
15775
18421
15534
8086
-1412
-9761
-14146
-13092
-6952
2205
11292
17248
18067
13471
5011
-4465
-11761
-14421
-11548
-4110
5387
13743
18142
17101
10973
1821
-7271
-13239
-14091
-9565
-1204
8148
15303
17804
14757
7133
-2558
-11108
-15693
-14818
-8825
230
9270
15230
16077
11507
3060
-6418
-13734
-16422
-13576
-6156
3338
11708
16132
15121
9015
-129
-9230
-15220
-16082
-11525
-3085
6395
13720
16422
13591
6180
-3313
-11690
-16128
-15131
-9036
104
9209
15211
16087
11543
3110
-6372
-13706
-16422
-13605
-6203
3289
11672
16123
15141
9057
-79
-9188
-15201
-16092
-11561
-3134
6349
13692
16422
13619
6226
-3264
-11655
-16118
-15151
-9078
54
9167
15192
16097
11579
3159
-6325
-13678
-16422
-13633
-6250
3239
11637
16113
15160
9099
-28
-9146
-15182
-16102
-11597
-3184
6302
13664
16422
13647
6273
-3215
-11619
-16108
-15170
-9120
3
9125
15172
16107
11615
3208
-6279
-13650
-16422
-13661
-6296
3190
11601
16103
15180
9141
22
-9104
-15163
-16112
-11632
-3233
6255
13636
16422
13675
6319
-3165
-11583
-16099
-15189
-9162
-47
9083
15153
16117
11650
3258
-6232
-13622
-16422
-13689
-6343
3141
11566
16094
15199
9183
72
-9062
-15143
-16122
-11668
-3283
6209
13608
16422
13703
6366
-3116
-11548
-16088
-15208
-9203
-98
9041
15133
16127
11686
3307
-6186
-13594
-16422
-13717
-6389
3091
11530
16083
15218
9224
123
-9020
-15124
-16131
-11703
-3332
6162
13580
16422
13730
6412
-3066
-11512
-16078
-15227
-9245
-148
8999
15114
16155
11797
3525
-5846
-13121
-15804
-12939
-5436
4237
12876
17629
16944
11097
2097
-6997
-13104
-14141
-9739
-1381
8115
15552
18421
15758
8459
-1017
-9476
-14068
-13246
-7287
1802
10957
17094
18145
13756
5406
-4092
-11537
-14421
-11772
-4482
4992
13458
18063
17255
11308
2224
-6936
-13084
-14169
-9850
-1599
7776
15079
17803
14980
7505
-2162
-10822
-15613
-14972
-9160
-173
8934
15074
16154
11791
3455
-6045
-13509
-16420
-13799
-6528
2942
11422
16052
15274
9349
274
-8893
-15064
-16159
-11809
-3480
6022
13494
16420
13813
6551
-2918
-11403
-16047
-15283
-9370
-299
8872
15054
16163
11826
3504
-5998
-13480
-16419
-13826
-6574
2893
11385
16041
15292
9390
324
-8851
-15044
-16168
-11844
-3529
5975
13466
16419
13840
6597
-2868
-11367
-16036
-15301
-9411
-350
8830
15034
16172
11861
3554
-5951
-13451
-16418
-13853
-6620
2843
11349
16031
15311
9432
375
-8809
-15024
-16177
-11879
-3578
5928
13437
16418
13867
6644
-2818
-11331
-16025
-15320
-9452
-400
8787
15014
16181
11896
3603
-5904
-13422
-16417
-13880
-6667
2794
11313
16020
15329
9473
425
-8766
-15003
-16185
-11913
-3627
5881
13408
16417
13894
6690
-2769
-11294
-16014
-15338
-9493
-450
8745
14993
16189
11931
3652
-5857
-13393
-16416
-13907
-6713
2744
11276
16008
15347
9514
475
-8723
-14983
-16194
-11948
-3676
5834
13378
16415
13921
6736
-2719
-11258
-16003
-15356
-9535
-501
8702
14972
16198
11965
3701
-5810
-13364
-16414
-13934
-6759
2694
11239
15997
15365
9555
526
-8681
-14962
-16202
-11983
-3726
5787
13349
16414
13947
6781
-2669
-11221
-15991
-15374
-9575
-551
8659
14952
16225
12076
3919
-5470
-12890
-15795
-13156
-5804
3840
12585
17541
17089
11427
2500
-6657
-12941
-14210
-10017
-1775
7740
15320
18412
15974
8827
-620
-9184
-13980
-13391
-7616
1399
10616
16931
18214
14034
5799
-3716
-11305
-14411
-11987
-4850
4595
13166
17974
17400
11637
2626
-6595
-12920
-14237
-10127
-1992
7399
14846
17793
15195
7873
-1765
-10530
-15524
-15116
-9489
-576
8593
14910
16222
12068
3848
-5669
-13275
-16409
-14013
-6896
2545
11129
15962
15417
9678
677
-8552
-14899
-16226
-12085
-3873
5645
13261
16408
14027
6919
-2520
-11110
-15956
-15426
-9698
-702
8530
14888
16230
12102
3897
-5621
-13246
-16407
-14040
-6942
2495
11091
15950
15435
9718
727
-8509
-14878
-16234
-12119
-3922
5598
13231
16406
14053
6964
-2470
-11073
-15944
-15443
-9738
-752
8487
14867
16237
12136
3946
-5574
-13216
-16405
-14066
-6987
2445
11054
15938
15452
9759
778
-8466
-14856
-16241
-12153
-3970
5550
13201
16403
14079
7010
-2421
-11036
-15932
-15460
-9779
-803
8444
14846
16245
12170
3995
-5527
-13186
-16402
-14092
-7033
2396
11017
15926
15469
9799
828
-8423
-14835
-16249
-12187
-4019
5503
13171
16401
14105
7056
-2371
-10998
-15920
-15477
-9819
-853
8401
14824
16252
12204
4044
-5479
-13156
-16400
-14117
-7078
2346
10980
15914
15486
9840
878
-8379
-14813
-16256
-12221
-4068
5455
13141
16398
14130
7101
-2321
-10961
-15907
-15494
-9860
-903
8358
14802
16259
12238
4093
-5432
-13126
-16397
-14143
-7124
2296
10942
15901
15502
9880
928
-8336
-14791
-16263
-12255
-4117
5408
13110
16395
14156
7146
-2271
-10923
-15895
-15511
-9900
-954
8314
14780
16286
12347
4310
-5091
-12651
-15777
-13364
-6169
3441
12287
17444
17226
11752
2903
-6312
-12769
-14270
-10288
-2166
7360
15080
18392
16181
9192
-221
-8886
-13882
-13527
-7940
996
10271
16758
18273
14305
6190
-3336
-11065
-14391
-12194
-5214
4196
12867
17876
17535
11960
3029
-6249
-12747
-14296
-10397
-2383
7020
14605
17772
15402
8237
-1366
-10230
-15425
-15251
-9812
-978
8246
14736
16280
12338
4239
-5289
-13034
-16388
-14219
-7260
2146
10829
15863
15552
10000
1079
-8205
-14725
-16283
-12355
-4263
5265
13019
16386
14232
7282
-2121
-10810
-15856
-15560
-10020
-1104
8183
14714
16286
12371
4287
-5241
-13003
-16384
-14244
-7305
2096
10791
15850
15568
10040
1130
-8162
-14703
-16290
-12388
-4312
5217
12988
16383
14257
7327
-2071
-10772
-15843
-15576
-10060
-1155
8140
14691
16293
12404
4336
-5193
-12973
-16381
-14269
-7350
2046
10753
15836
15584
10080
1180
-8118
-14680
-16296
-12421
-4360
5169
12957
16379
14282
7372
-2021
-10734
-15830
-15592
-10100
-1205
8096
14669
16299
12437
4385
-5145
-12942
-16377
-14294
-7395
1996
10715
15823
15599
10120
1230
-8074
-14658
-16302
-12454
-4409
5121
12926
16375
14307
7417
-1971
-10696
-15816
-15607
-10140
-1255
8052
14646
16305
12470
4433
-5098
-12911
-16373
-14319
-7440
1946
10677
15809
15615
10159
1280
-8030
-14635
-16308
-12486
-4457
5074
12895
16371
14331
7462
-1921
-10657
-15802
-15623
-10179
-1305
8008
14623
16311
12503
4482
-5050
-12879
-16369
-14344
-7485
1896
10638
15796
15631
10199
1331
-7986
-14612
-16314
-12519
-4506
5026
12864
16367
14356
7507
-1871
-10619
-15789
-15638
-10219
-1356
7964
14600
16336
12612
4699
-4709
-12404
-15748
-13563
-6530
3041
11982
17337
17353
12070
3305
-5961
-12589
-14320
-10552
-2554
6978
14832
18363
16380
9552
179
-8580
-13775
-13654
-8258
594
9920
16577
18323
14568
6578
-2954
-10817
-14361
-12392
-5574
3796
12561
17768
17661
12278
3431
-5898
-12566
-14344
-10660
-2771
6637
14356
17742
15600
8597
-966
-9925
-15316
-15376
-10129
-1380
7895
14554
16328
12600
4627
-4906
-12785
-16357
-14417
-7619
1746
10523
15754
15676
10317
1481
-7854
-14542
-16331
-12616
-4651
4882
12769
16354
14429
7641
-1721
-10503
-15746
-15684
-10337
-1506
7832
14530
16333
12633
4675
-4857
-12753
-16352
-14441
-7664
1696
10484
15739
15691
10356
1531
-7809
-14519
-16336
-12649
-4699
4833
12738
16350
14453
7686
-1671
-10464
-15732
-15699
-10376
-1556
7787
14507
16338
12665
4723
-4809
-12722
-16347
-14465
-7708
1646
10445
15725
15706
10395
1581
-7765
-14495
-16341
-12681
-4748
4785
12706
16345
14477
7730
-1621
-10426
-15718
-15713
-10415
-1607
7743
14483
16343
12697
4772
-4761
-12690
-16342
-14488
-7753
1596
10406
15710
15721
10434
1632
-7721
-14471
-16346
-12713
-4796
4737
12674
16340
14500
7775
-1570
-10387
-15703
-15728
-10454
-1657
7698
14459
16348
12729
4820
-4713
-12658
-16337
-14512
-7797
1545
10367
15695
15735
10473
1682
-7676
-14447
-16351
-12744
-4844
4689
12642
16335
14524
7819
-1520
-10348
-15688
-15742
-10492
-1707
7654
14435
16353
12760
4868
-4665
-12625
-16332
-14536
-7841
1495
10328
15681
15750
10512
1732
-7632
-14423
-16355
-12776
-4892
4640
12609
16329
14547
7863
-1470
-10308
-15673
-15757
-10531
-1757
7609
14411
16338
12716
4748
-4909
-13038
-16944
-15364
-8885
250
8906
14110
14057
8719
-142
-9568
-16399
-18360
-14808
-6940
2592
10577
14324
12571
5908
-3420
-12269
-17658
-17771
-12570
-3807
5565
12387
14362
10824
2964
-6568
-14561
-18321
-16582
-9930
-605
8249
13650
13778
8589
-168
-9542
-16375
-18345
-14763
-6820
2837
10989
14936
13399
6952
-2175
-10847
-16087
-16078
-10777
-1933
7501
14363
16366
12855
5012
-4519
-12528
-16316
-14605
-7974
1345
10210
15635
15792
10627
1882
-7497
-14351
-16368
-12871
-5036
4495
12512
16313
14617
7996
-1320
-10190
-15627
-15799
-10647
-1907
7475
14338
16370
12886
5060
-4471
-12496
-16310
-14628
-8018
1294
10170
15620
15805
10666
1932
-7453
-14326
-16372
-12902
-5084
4447
12479
16307
14640
8040
-1269
-10151
-15612
-15812
-10685
-1957
7430
14314
16374
12917
5108
-4423
-12463
-16304
-14651
-8062
1244
10131
15604
15819
10704
1982
-7408
-14301
-16376
-12933
-5132
4398
12446
16301
14663
8084
-1219
-10111
-15596
-15826
-10723
-2007
7385
14289
16378
12948
5156
-4374
-12430
-16298
-14674
-8106
1194
10091
15588
15833
10742
2032
-7363
-14276
-16380
-12964
-5180
4350
12414
16295
14685
8127
-1169
-10071
-15580
-15839
-10761
-2057
7340
14264
16382
12979
5204
-4325
-12397
-16291
-14696
-8149
1144
10051
15572
15846
10780
2082
-7318
-14252
-16383
-12995
-5228
4301
12381
16288
14708
8171
-1119
-10031
-15564
-15852
-10799
-2107
7295
14239
16385
13010
5251
-4277
-12364
-16285
-14719
-8193
1093
10011
15556
15859
10818
2132
-7272
-14226
-16387
-13026
-5275
4252
12347
16282
14730
8215
-1068
-9991
-15548
-15866
-10837
-2157
7250
14214
16408
13117
5468
-3935
-11886
-15661
-13936
-7237
2238
11354
17095
17579
12687
4106
-5246
-12201
-14390
-11056
-3323
6204
14314
18275
16752
10258
982
-7951
-13532
-13878
-8875
-207
9205
16189
18392
15071
7347
-2179
-10297
-14272
-12763
-6280
2993
11931
17524
17885
12894
4232
-5182
-12176
-14412
-11163
-3539
5862
13836
17651
15969
9302
-163
-9294
-15071
-15598
-10744
-2181
7178
14163
16395
13102
5394
-4131
-12264
-16265
-14785
-8324
943
9891
15507
15898
10931
2282
-7137
-14150
-16396
-13117
-5418
4106
12247
16261
14796
8345
-917
-9871
-15499
-15904
-10950
-2307
7114
14138
16397
13132
5442
-4082
-12230
-16258
-14807
-8367
892
9851
15490
15910
10969
2332
-7091
-14125
-16399
-13147
-5466
4057
12214
16254
14818
8389
-867
-9831
-15482
-15916
-10988
-2357
7068
14112
16400
13162
5490
-4033
-12197
-16251
-14829
-8410
842
9811
15474
15923
11006
2382
-7046
-14099
-16401
-13177
-5513
4009
12180
16247
14840
8432
-817
-9790
-15465
-15929
-11025
-2407
7023
14086
16403
13192
5537
-3984
-12163
-16243
-14850
-8454
792
9770
15457
15935
11044
2431
-7000
-14073
-16404
-13207
-5561
3960
12146
16240
14861
8475
-766
-9750
-15448
-15941
-11062
-2456
6977
14060
16405
13222
5584
-3935
-12129
-16236
-14872
-8497
741
9730
15439
15947
11081
2481
-6955
-14047
-16406
-13237
-5608
3911
12112
16232
14882
8518
-716
-9709
-15431
-15953
-11100
-2506
6932
14034
16407
13252
5632
-3886
-12095
-16228
-14893
-8540
691
9689
15422
15959
11118
2531
-6909
-14021
-16408
-13267
-5655
3862
12078
16224
14904
8561
-666
-9669
-15414
-15965
-11137
-2556
6886
14008
16390
13206
5511
-4130
-12505
-16838
-15719
-9583
-554
8266
13849
14264
9324
657
-8844
-15994
-18410
-15297
-7703
1813
10044
14216
12925
6604
-2615
-11628
-17396
-17977
-13174
-4606
4840
11981
14411
11311
3726
-5788
-14027
-18212
-16935
-10626
-1410
7607
13387
13982
9192
631
-8817
-15968
-18393
-15250
-7581
2057
10454
14826
13751
7647
-1370
-10204
-15823
-16281
-11379
-2732
6775
13955
16413
13341
5773
-3739
-11992
-16204
-14956
-8669
540
9567
15370
15994
11229
2680
-6771
-13942
-16414
-13356
-5797
3715
11975
16200
14967
8690
-515
-9546
-15361
-16000
-11247
-2705
6748
13928
16415
13370
5821
-3690
-11958
-16196
-14977
-8711
490
9526
15352
16005
11266
2730
-6725
-13915
-16415
-13385
-5844
3666
11940
16192
14987
8733
-464
-9505
-15343
-16011
-11284
-2755
6703
13901
16416
13399
5868
-3641
-11923
-16188
-14998
-8754
439
9484
15334
16016
11302
2780
-6679
-13888
-16417
-13414
-5891
3617
11906
16183
15008
8775
-414
-9464
-15325
-16022
-11320
-2805
6656
13875
16417
13429
5915
-3592
-11888
-16179
-15018
-8797
389
9443
15316
16028
11339
2829
-6633
-13861
-16418
-13443
-5938
3567
11871
16175
15028
8818
-364
-9423
-15307
-16033
-11357
-2854
6610
13848
16419
13457
5962
-3543
-11854
-16170
-15038
-8839
338
9402
15297
16038
11375
2879
-6587
-13834
-16419
-13472
-5985
3518
11836
16166
15048
8860
-313
-9381
-15288
-16044
-11393
-2904
6564
13820
16420
13486
6009
-3494
-11819
-16161
-15058
-8882
288
9361
15279
16049
11411
2929
-6541
-13807
-16420
-13501
-6032
3469
11801
16157
15069
8903
-263
-9340
-15270
-16054
-11430
-2953
6518
13793
16440
13591
6224
-3151
-11339
-15535
-14274
-7924
1433
10702
16816
17767
13279
4902
-4514
-11779
-14421
-11529
-4079
5420
13766
18148
17088
10945
1787
-7298
-13251
-14065
-9466
-1003
8472
15766
18421
15544
8102
-1395
-9749
-14143
-13098
-6966
2187
11278
17242
18070
13484
5028
-4449
-11752
-14441
-11634
-4294
5078
13286
17521
16303
9987
643
-8640
-14788
-15783
-11333
-2976
6445
13738
16422
13572
6149
-3346
-11713
-16134
-15118
-9008
137
9236
15223
16081
11520
3077
-6402
-13724
-16422
-13586
-6172
3321
11696
16129
15128
9029
-112
-9215
-15214
-16086
-11538
-3102
6379
13710
16422
13600
6196
-3296
-11678
-16124
-15138
-9050
87
9194
15204
16091
11555
3127
-6356
-13697
-16422
-13614
-6219
3272
11660
16120
15148
9071
-61
-9173
-15195
-16096
-11573
-3151
6333
13683
16422
13628
6242
-3247
-11642
-16115
-15157
-9092
36
9153
15185
16101
11591
3176
-6309
-13669
-16422
-13642
-6266
3222
11625
16110
15167
9113
-11
-9132
-15175
-16106
-11609
-3201
6286
13655
16422
13656
6289
-3198
-11607
-16105
-15177
-9134
-14
9111
15166
16111
11627
3225
-6263
-13641
-16422
-13670
-6312
3173
11589
16100
15186
9155
39
-9090
-15156
-16115
-11645
-3250
6239
13627
16422
13684
6335
-3148
-11571
-16095
-15196
-9176
-65
9069
15146
16120
11662
3275
-6216
-13613
-16422
-13698
-6359
3124
11553
16090
15205
9197
90
-9048
-15137
-16125
-11680
-3300
6193
13598
16422
13712
6382
-3099
-11535
-16085
-15215
-9218
-115
9027
15127
16130
11698
3324
-6169
-13584
-16422
-13726
-6405
3074
11517
16080
15224
9239
140
-9006
-15117
-16134
-11715
-3349
6146
13570
16441
13816
6597
-2756
-11055
-15457
-14429
-8259
1030
10367
16663
17846
13565
5297
-4142
-11556
-14421
-11754
-4451
5025
13481
18070
17243
11280
2191
-6963
-13097
-14144
-9751
-1398
8099
15542
18421
15767
8475
-1000
-9463
-14064
-13252
-7301
1784
10942
17087
18148
13768
5423
-4076
-11527
-14440
-11857
-4666
4682
13001
17442
16457
10322
1046
-8304
-14633
-15860
-11617
-3371
6072
13513
16420
13795
6521
-2950
-11427
-16054
-15271
-9343
-266
8900
15067
16157
11803
3472
-6029
-13499
-16420
-13808
-6544
2925
11409
16048
15280
9363
291
-8879
-15057
-16162
-11821
-3497
6006
13484
16420
13822
6567
-2901
-11391
-16043
-15289
-9384
-316
8858
15047
16166
11838
3521
-5982
-13470
-16419
-13836
-6590
2876
11373
16038
15299
9405
342
-8836
-15037
-16171
-11856
-3546
5959
13456
16419
13849
6613
-2851
-11355
-16032
-15308
-9425
-367
8815
15027
16175
11873
3571
-5935
-13441
-16418
-13863
-6636
2826
11336
16027
15317
9446
392
-8794
-15017
-16180
-11891
-3595
5912
13427
16417
13876
6659
-2801
-11318
-16021
-15326
-9466
-417
8773
15006
16184
11908
3620
-5888
-13412
-16417
-13890
-6682
2777
11300
16016
15335
9487
442
-8751
-14996
-16188
-11925
-3644
5865
13398
16416
13903
6705
-2752
-11282
-16010
-15344
-9508
-468
8730
14986
16192
11943
3669
-5841
-13383
-16415
-13916
-6728
2727
11263
16005
15353
9528
493
-8709
-14976
-16197
-11960
-3693
5818
13368
16415
13930
6751
-2702
-11245
-15999
-15362
-9549
-518
8687
14965
16201
11977
3718
-5794
-13354
-16414
-13943
-6774
2677
11227
15993
15371
9569
543
-8666
-14955
-16205
-11994
-3742
5771
13339
16432
14033
6966
-2359
-10764
-15370
-14575
-8590
627
10027
16500
17916
13843
5691
-3766
-11324
-14412
-11970
-4820
4627
13190
17982
17388
11610
2593
-6623
-12934
-14213
-10029
-1791
7723
15310
18411
15983
8843
-603
-9171
-13976
-13397
-7630
1381
10602
16924
18217
14046
5816
-3700
-11295
-14429
-12072
-5034
4285
12708
17353
16601
10651
1449
-7963
-14469
-15928
-11894
-3764
5695
13280
16409
14009
6889
-2553
-11134
-15964
-15415
-9671
-669
8559
14902
16225
12080
3865
-5652
-13265
-16408
-14022
-6912
2528
11116
15958
15423
9692
694
-8537
-14892
-16229
-12097
-3889
5629
13250
16407
14036
6935
-2503
-11097
-15952
-15432
-9712
-719
8516
14881
16232
12114
3914
-5605
-13235
-16406
-14049
-6957
2478
11079
15946
15441
9732
744
-8494
-14870
-16236
-12131
-3938
5581
13221
16405
14062
6980
-2453
-11060
-15940
-15449
-9752
-770
8472
14860
16240
12148
3963
-5558
-13206
-16404
-14075
-7003
2428
11041
15934
15458
9773
795
-8451
-14849
-16244
-12165
-3987
5534
13191
16403
14088
7026
-2403
-11023
-15928
-15466
-9793
-820
8429
14838
16247
12182
4012
-5510
-13176
-16401
-14101
-7049
2379
11004
15922
15475
9813
845
-8408
-14827
-16251
-12199
-4036
5487
13161
16400
14113
7071
-2354
-10985
-15916
-15483
-9833
-870
8386
14817
16255
12216
4061
-5463
-13145
-16399
-14126
-7094
2329
10967
15909
15491
9853
895
-8364
-14806
-16258
-12232
-4085
5439
13130
16397
14139
7117
-2304
-10948
-15903
-15500
-9874
-921
8343
14795
16262
12249
4109
-5415
-13115
-16396
-14152
-7139
2279
10929
15897
15508
9894
946
-8321
-14784
-16265
-12266
-4134
5391
13100
16414
14241
7331
-1961
-10466
-15273
-14711
-8914
224
9682
16328
17976
14114
6082
-3387
-11085
-14393
-12177
-5185
4229
12891
17884
17525
11934
2996
-6277
-12762
-14272
-10299
-2182
7344
15070
18391
16190
9207
-204
-8873
-13878
-13533
-7954
979
10256
16751
18276
14316
6207
-3320
-11054
-14409
-12279
-5399
3886
12409
17254
16736
10974
1851
-7617
-14295
-15986
-12164
-4155
5315
13039
16388
14215
7253
-2154
-10835
-15865
-15549
-9994
-1071
8212
14729
16282
12349
4255
-5272
-13024
-16387
-14228
-7275
2129
10816
15858
15557
10014
1097
-8190
-14717
-16285
-12366
-4280
5248
13008
16385
14241
7298
-2104
-10797
-15852
-15565
-10034
-1122
8168
14706
16289
12383
4304
-5225
-12993
-16383
-14253
-7320
2079
10778
15845
15573
10054
1147
-8147
-14695
-16292
-12399
-4328
5201
12977
16381
14266
7343
-2054
-10759
-15838
-15581
-10074
-1172
8125
14684
16295
12416
4353
-5177
-12962
-16380
-14278
-7365
2029
10740
15832
15589
10094
1197
-8103
-14672
-16298
-12432
-4377
5153
12947
16378
14290
7388
-2004
-10721
-15825
-15597
-10114
-1222
8081
14661
16301
12449
4401
-5129
-12931
-16376
-14303
-7410
1979
10702
15818
15605
10133
1247
-8059
-14650
-16304
-12465
-4426
5105
12915
16374
14315
7433
-1954
-10682
-15811
-15613
-10153
-1272
8037
14638
16307
12481
4450
-5081
-12900
-16372
-14328
-7455
1929
10663
15805
15620
10173
1298
-8015
-14627
-16310
-12498
-4474
5057
12884
16370
14340
7478
-1904
-10644
-15798
-15628
-10193
-1323
7993
14615
16313
12514
4498
-5033
-12869
-16368
-14352
-7500
1879
10625
15791
15636
10212
1348
-7971
-14604
-16316
-12530
-4523
5009
12853
16347
14288
7354
-2147
-11050
-16401
-16449
-11232
-2568
6566
13037
14612
10715
2623
-6966
-14837
-18364
-16377
-9545
-171
8587
13777
13651
8252
-602
-9927
-16581
-18322
-14563
-6571
2961
10822
14362
12389
5567
-3804
-12567
-17770
-17659
-12272
-3423
5905
12569
14324
10579
2595
-6937
-14806
-18340
-16325
-9421
72
8992
14380
14471
9291
643
-8500
-15002
-16620
-12764
-4695
4894
12790
16357
14413
7612
-1754
-10529
-15756
-15674
-10311
-1473
7861
14546
16330
12611
4643
-4889
-12774
-16355
-14425
-7634
1729
10509
15749
15682
10330
1498
-7838
-14534
-16332
-12628
-4668
4865
12758
16353
14437
7657
-1704
-10490
-15742
-15689
-10350
-1523
7816
14522
16335
12644
4692
-4841
-12742
-16350
-14449
-7679
1679
10471
15734
15696
10370
1549
-7794
-14511
-16338
-12660
-4716
4817
12727
16348
14461
7701
-1654
-10451
-15727
-15704
-10389
-1574
7772
14499
16340
12676
4740
-4793
-12711
-16346
-14473
-7723
1628
10432
15720
15711
10409
1599
-7750
-14487
-16343
-12692
-4764
4769
12695
16343
14485
7746
-1603
-10412
-15713
-15718
-10428
-1624
7728
14475
16345
12708
4788
-4745
-12679
-16341
-14497
-7768
1578
10393
15705
15726
10447
1649
-7705
-14463
-16348
-12724
-4812
4720
12663
16338
14508
7790
-1553
-10373
-15698
-15733
-10467
-1674
7683
14451
16350
12740
4836
-4696
-12647
-16336
-14520
-7812
1528
10354
15690
15740
10486
1699
-7661
-14439
-16352
-12755
-4861
4672
12631
16333
14532
7834
-1503
-10334
-15683
-15747
-10506
-1724
7639
14427
16355
12771
4885
-4648
-12614
-16330
-14544
-7856
1478
10314
15675
15754
10525
1749
-7616
-14415
-16357
-12787
-4909
4624
12598
16308
14479
7710
-1746
-10739
-16285
-16566
-11544
-2969
6211
12848
14652
10971
3009
-6580
-14582
-18325
-16567
-9901
-572
8275
13660
13769
8564
-201
-9572
-16391
-18361
-14819
-6957
2575
10566
14322
12579
5923
-3403
-12256
-17653
-17776
-12583
-3824
5549
12379
14363
10834
2981
-6551
-14550
-18300
-16514
-9776
-329
8680
14262
14588
9602
1044
-8144
-14811
-16658
-13019
-5081
4508
12533
16317
14602
7967
-1353
-10216
-15637
-15790
-10621
-1874
7504
14354
16368
12866
5029
-4503
-12517
-16314
-14613
-7989
1327
10196
15630
15796
10641
1899
-7482
-14342
-16370
-12881
-5053
4479
12501
16311
14625
8011
-1302
-10177
-15622
-15803
-10660
-1924
7460
14330
16372
12897
5077
-4454
-12484
-16308
-14636
-8033
1277
10157
15614
15810
10679
1949
-7437
-14318
-16374
-12913
-5101
4430
12468
16305
14648
8055
-1252
-10137
-15606
-15817
-10698
-1974
7415
14305
16376
12928
5124
-4406
-12452
-16302
-14659
-8077
1227
10117
15598
15824
10717
1999
-7392
-14293
-16377
-12944
-5148
4382
12435
16299
14670
8099
-1202
-10097
-15591
-15830
-10736
-2024
7370
14280
16379
12959
5172
-4357
-12419
-16296
-14682
-8121
1177
10077
15583
15837
10755
2049
-7347
-14268
-16381
-12975
-5196
4333
12402
16292
14693
8142
-1152
-10058
-15575
-15844
-10774
-2074
7325
14255
16383
12990
5220
-4309
-12386
-16289
-14704
-8164
1126
10038
15567
15850
10793
2099
-7302
-14243
-16385
-13005
-5244
4284
12369
16286
14715
8186
-1101
-10018
-15559
-15857
-10812
-2124
7279
14230
16386
13021
5268
-4260
-12353
-16283
-14726
-8208
1076
9998
15551
15864
10831
2149
-7257
-14218
-16388
-13036
-5292
4236
12336
16299
14814
8398
-758
-9533
-14925
-15065
-9850
-979
8617
15761
18097
14883
7239
-2231
-10319
-14276
-12749
-6252
3026
11958
17534
17876
12869
4199
-5212
-12192
-14391
-11067
-3339
6187
14303
18273
16760
10273
999
-7938
-13526
-13883
-8888
-224
9189
16180
18393
15082
7363
-2163
-10286
-14289
-12847
-6464
2683
11473
16901
17084
11907
3054
-6549
-13723
-16101
-12929
-5311
4158
12269
16266
14782
8317
-950
-9898
-15510
-15896
-10926
-2274
7144
14154
16396
13112
5411
-4114
-12252
-16262
-14793
-8339
925
9877
15501
15902
10944
2299
-7121
-14142
-16397
-13127
-5435
4090
12236
16259
14804
8360
-900
-9857
-15493
-15908
-10963
-2324
7098
14129
16398
13143
5458
-4065
-12219
-16255
-14815
-8382
875
9837
15485
15914
10982
2349
-7076
-14116
-16400
-13158
-5482
4041
12202
16252
14825
8404
-850
-9817
-15476
-15921
-11001
-2374
7053
14103
16401
13173
5506
-4016
-12185
-16248
-14836
-8425
825
9797
15468
15927
11019
2399
-7030
-14090
-16402
-13188
-5530
3992
12168
16244
14847
8447
-800
-9776
-15459
-15933
-11038
-2424
7007
14077
16404
13203
5553
-3967
-12151
-16241
-14858
-8468
774
9756
15451
15939
11057
2449
-6984
-14064
-16405
-13218
-5577
3943
12134
16237
14868
8490
-749
-9736
-15442
-15945
-11075
-2474
6962
14051
16406
13233
5601
-3918
-12117
-16233
-14879
-8512
724
9716
15434
15951
11094
2498
-6939
-14038
-16407
-13248
-5624
3894
12100
16229
14890
8533
-699
-9695
-15425
-15957
-11112
-2523
6916
14025
16408
13262
5648
-3870
-12083
-16225
-14900
-8555
674
9675
15416
15963
11131
2548
-6893
-14012
-16409
-13277
-5672
3845
12066
16241
14987
8745
-356
-9210
-14790
-15164
-10149
-1378
8253
15554
18117
15124
7619
-1840
-10049
-14218
-12922
-6598
2623
11634
17399
17975
13168
4598
-4847
-11985
-14411
-11307
-3719
5796
14032
18214
16932
10619
1402
-7614
-13390
-13981
-9186
-623
8824
15972
18412
15322
7743
-1772
-10015
-14229
-13019
-6809
2280
11149
16764
17181
12205
3453
-6184
-13515
-16120
-13168
-5690
3766
11998
16206
14953
8662
-548
-9573
-15372
-15992
-11223
-2673
6779
13946
16414
13351
5790
-3722
-11980
-16201
-14963
-8683
523
9552
15364
15998
11242
2697
-6756
-13932
-16414
-13366
-5813
3698
11963
16197
14974
8705
-497
-9532
-15355
-16003
-11260
-2722
6733
13919
16415
13380
5837
-3673
-11946
-16193
-14984
-8726
472
9511
15346
16009
11278
2747
-6710
-13906
-16416
-13395
-5860
3649
11929
16189
14994
8747
-447
-9491
-15337
-16015
-11297
-2772
6687
13892
16417
13409
5884
-3624
-11911
-16185
-15005
-8769
422
9470
15328
16020
11315
2797
-6664
-13879
-16417
-13424
-5907
3600
11894
16180
15015
8790
-397
-9450
-15319
-16026
-11333
-2822
6641
13865
16418
13438
5931
-3575
-11876
-16176
-15025
-8811
372
9429
15309
16031
11351
2846
-6618
-13852
-16418
-13453
-5954
3551
11859
16172
15035
8832
-346
-9408
-15300
-16037
-11369
-2871
6595
13838
16419
13467
5978
-3526
-11842
-16167
-15045
-8854
321
9388
15291
16042
11388
2896
-6571
-13825
-16420
-13482
-6001
3501
11824
16163
15055
8875
-296
-9367
-15282
-16047
-11406
-2921
6548
13811
16420
13496
6025
-3477
-11807
-16158
-15065
-8896
271
9346
15273
16053
11424
2946
-6525
-13797
-16420
-13510
-6048
3452
11789
16173
15152
9086
47
-8881
-14646
-15253
-10442
-1775
7885
15339
18128
15356
7995
-1447
-9772
-14149
-13085
-6938
2220
11305
17254
18063
13460
4995
-4479
-11770
-14421
-11539
-4095
5403
13754
18145
17095
10960
1805
-7284
-13245
-14069
-9478
-1020
8456
15756
18421
15553
8118
-1378
-9736
-14159
-13181
-7149
1877
10819
16618
17269
12496
3850
-5815
-13298
-16129
-13399
-6066
3373
11719
16135
15115
9002
-145
-9243
-15226
-16079
-11514
-3069
6409
13729
16422
13582
6165
-3329
-11701
-16131
-15125
-9023
120
9222
15217
16084
11532
3094
-6386
-13715
-16422
-13596
-6188
3304
11683
16126
15135
9044
-94
-9201
-15207
-16089
-11550
-3119
6363
13701
16422
13610
6212
-3279
-11666
-16121
-15144
-9065
69
9180
15198
16094
11568
3144
-6340
-13687
-16422
-13624
-6235
3255
11648
16116
15154
9086
-44
-9159
-15188
-16099
-11586
-3168
6317
13673
16422
13638
6258
-3230
-11630
-16111
-15164
-9107
19
9138
15178
16104
11603
3193
-6293
-13659
-16422
-13652
-6282
3205
11612
16107
15174
9128
6
-9117
-15169
-16109
-11621
-3218
6270
13645
16422
13666
6305
-3181
-11595
-16102
-15183
-9149
-31
9096
15159
16114
11639
3242
-6247
-13631
-16422
-13680
-6328
3156
11577
16097
15193
9170
57
-9075
-15149
-16119
-11657
-3267
6223
13617
16422
13694
6351
-3131
-11559
-16092
-15202
-9190
-82
9054
15140
16124
11675
3292
-6200
-13603
-16422
-13708
-6375
3107
11541
16087
15212
9211
107
-9033
-15130
-16128
-11692
-3317
6177
13589
16422
13722
6398
-3082
-11523
-16081
-15221
-9232
-132
9012
15120
16133
11710
3341
-6153
-13575
-16422
-13736
-6421
3057
11505
16057
15155
9084
-135
-9436
-15727
-16943
-12728
-4561
4747
12005
14714
11918
4520
-5013
-13487
-18071
-17240
-11274
-2183
6970
13100
14142
9745
1390
-8107
-15546
-18421
-15763
-8467
1008
9469
14066
13249
7295
-1792
-10949
-17090
-18147
-13763
-5415
4083
11532
14421
11777
4491
-4983
-13451
-18042
-17183
-11147
-1940
7372
13698
14956
10780
2635
-6677
-13962
-16713
-13959
-6590
2939
11433
16055
15268
9336
258
-8907
-15070
-16156
-11798
-3464
6036
13503
16420
13804
6537
-2933
-11415
-16050
-15277
-9357
-283
8885
15060
16161
11815
3489
-6013
-13489
-16420
-13818
-6560
2908
11397
16045
15287
9377
309
-8864
-15050
-16165
-11833
-3514
5990
13475
16419
13831
6583
-2884
-11379
-16039
-15296
-9398
-334
8843
15040
16169
11850
3538
-5966
-13460
-16419
-13845
-6606
2859
11360
16034
15305
9419
359
-8822
-15030
-16174
-11868
-3563
5943
13446
16418
13858
6629
-2834
-11342
-16029
-15314
-9439
-384
8801
15020
16178
11885
3587
-5919
-13431
-16418
-13872
-6652
2809
11324
16023
15323
9460
409
-8779
-15010
-16183
-11903
-3612
5896
13417
16417
13885
6675
-2784
-11306
-16017
-15332
-9481
-435
8758
14999
16187
11920
3637
-5872
-13402
-16416
-13899
-6698
2760
11287
16012
15341
9501
460
-8737
-14989
-16191
-11937
-3661
5849
13388
16416
13912
6721
-2735
-11269
-16006
-15350
-9522
-485
8715
14979
16195
11955
3686
-5825
-13373
-16415
-13926
-6744
2710
11251
16001
15359
9542
510
-8694
-14969
-16199
-11972
-3710
5801
13358
16414
13939
6767
-2685
-11232
-15995
-15368
-9563
-535
8673
14958
16203
11989
3735
-5778
-13344
-16413
-13952
-6790
2660
11214
15970
15301
9415
268
-9096
-15565
-17012
-13006
-4954
4372
11773
14705
12134
4889
-4616
-13196
-17983
-17386
-11604
-2586
6630
12937
14212
10023
1784
-7731
-15314
-18412
-15979
-8836
610
9177
13978
13394
7624
-1389
-10608
-16927
-18216
-14041
-5808
3707
11300
14411
11992
4859
-4586
-13159
-17953
-17327
-11476
-2343
7031
13534
15024
11058
3028
-6301
-13729
-16702
-14174
-6958
2541
11140
15966
15412
9665
661
-8565
-14906
-16224
-12075
-3857
5660
13270
16409
14018
6905
-2536
-11122
-15960
-15421
-9685
-686
8544
14895
16227
12092
3882
-5636
-13255
-16408
-14031
-6927
2511
11103
15954
15429
9706
711
-8522
-14884
-16231
-12109
-3906
5613
13240
16406
14045
6950
-2486
-11084
-15948
-15438
-9726
-737
8501
14874
16235
12126
3931
-5589
-13225
-16405
-14058
-6973
2461
11066
15942
15446
9746
762
-8479
-14863
-16239
-12143
-3955
5565
13210
16404
14071
6996
-2436
-11047
-15936
-15455
-9766
-787
8458
14852
16243
12160
3980
-5541
-13195
-16403
-14084
-7019
2411
11029
15930
15463
9787
812
-8436
-14842
-16246
-12177
-4004
5518
13180
16402
14096
7041
-2386
-11010
-15924
-15472
-9807
-837
8414
14831
16250
12194
4028
-5494
-13165
-16400
-14109
-7064
2361
10991
15918
15480
9827
862
-8393
-14820
-16254
-12210
-4053
5470
13150
16399
14122
7087
-2336
-10972
-15911
-15489
-9847
-888
8371
14809
16257
12227
4077
-5446
-13135
-16398
-14135
-7110
2312
10954
15905
15497
9867
913
-8349
-14798
-16261
-12244
-4102
5423
13120
16396
14148
7132
-2287
-10935
-15899
-15505
-9887
-938
8328
14787
16264
12261
4126
-5399
-13105
-16395
-14161
-7155
2262
10916
15912
15590
10076
1256
-7862
-14159
-15463
-11278
-2955
6758
14645
18101
16005
9102
-256
-8897
-13886
-13522
-7928
1012
10284
16765
18271
14294
6175
-3351
-11074
-14392
-12186
-5200
4212
12878
17880
17530
11948
3013
-6263
-12754
-14274
-10311
-2199
7327
15059
18390
16199
9223
-187
-8860
-13892
-13614
-8136
669
9796
16126
17473
13328
5028
-4686
-12599
-16096
-14043
-7169
2181
10841
15867
15546
9988
1064
-8219
-14732
-16281
-12344
-4248
5280
13028
16387
14224
7268
-2137
-10822
-15860
-15555
-10008
-1089
8197
14721
16284
12361
4272
-5256
-13013
-16385
-14237
-7291
2112
10803
15854
15563
10028
1114
-8175
-14710
-16288
-12377
-4297
5232
12998
16384
14249
7313
-2087
-10784
-15847
-15571
-10048
-1139
8153
14699
16291
12394
4321
-5208
-12982
-16382
-14262
-7336
2062
10765
15840
15579
10068
1164
-8132
-14687
-16294
-12410
-4345
5184
12967
16380
14274
7358
-2037
-10746
-15834
-15587
-10087
-1189
8110
14676
16297
12427
4369
-5160
-12951
-16378
-14287
-7381
2012
10727
15827
15595
10107
1214
-8088
-14665
-16300
-12443
-4394
5136
12936
16377
14299
7403
-1987
-10708
-15820
-15602
-10127
-1240
8066
14653
16303
12460
4418
-5113
-12920
-16375
-14311
-7426
1962
10688
15814
15610
10147
1265
-8044
-14642
-16306
-12476
-4442
5089
12905
16373
14324
7448
-1937
-10669
-15807
-15618
-10167
-1290
8022
14630
16309
12493
4466
-5065
-12889
-16371
-14336
-7471
1912
10650
15800
15626
10187
1315
-8000
-14619
-16312
-12509
-4491
5041
12874
16369
14348
7493
-1887
-10631
-15793
-15634
-10206
-1340
7978
14608
16315
12525
4515
-5017
-12858
-16367
-14361
-7516
1862
10612
15805
15717
10395
1658
-7511
-13979
-15513
-11542
-3344
6375
14398
18072
16204
9462
144
-8593
-13779
-13649
-8246
610
9934
16584
18321
14558
6563
-2969
-10826
-14362
-12385
-5560
3812
12573
17772
17657
12265
3415
-5912
-12573
-14324
-10574
-2588
6945
14811
18360
16397
9583
213
-8554
-13784
-13740
-8454
267
9445
15944
17521
13590
5417
-4303
-12351
-16065
-14241
-7529
1781
10535
15758
15672
10305
1465
-7868
-14550
-16329
-12606
-4636
4897
12779
16356
14421
7627
-1737
-10515
-15751
-15679
-10324
-1491
7845
14538
16332
12622
4660
-4873
-12763
-16353
-14433
-7650
1711
10496
15744
15687
10344
1516
-7823
-14526
-16334
-12639
-4684
4848
12747
16351
14445
7672
-1686
-10477
-15737
-15694
-10363
-1541
7801
14514
16337
12655
4708
-4824
-12732
-16349
-14457
-7694
1661
10457
15729
15701
10383
1566
-7779
-14503
-16339
-12671
-4733
4800
12716
16346
14469
7716
-1636
-10438
-15722
-15709
-10402
-1591
7757
14491
16342
12687
4757
-4776
-12700
-16344
-14481
-7739
1611
10418
15715
15716
10422
1616
-7735
-14479
-16344
-12703
-4781
4752
12684
16341
14493
7761
-1586
-10399
-15707
-15723
-10441
-1641
7712
14467
16347
12719
4805
-4728
-12668
-16339
-14505
-7783
1561
10379
15700
15731
10461
1666
-7690
-14455
-16349
-12735
-4829
4704
12652
16336
14517
7805
-1536
-10360
-15693
-15738
-10480
-1691
7668
14443
16352
12750
4853
-4680
-12636
-16334
-14528
-7827
1511
10340
15685
15745
10500
1716
-7645
-14431
-16354
-12766
-4877
4656
12619
16331
14540
7850
-1486
-10321
-15678
-15752
-10519
-1741
7623
14419
16356
12782
4901
-4631
-12603
-16328
-14552
-7872
1461
10301
15689
15835
10707
2059
-7156
-13790
-15554
-11798
-3730
5990
14143
18033
16395
9818
545
-8281
-13663
-13766
-8558
209
9579
16395
18361
14814
6949
-2583
-10571
-14323
-12575
-5916
3411
12262
17655
17773
12577
3816
-5556
-12383
-14363
-10829
-2973
6559
14555
18320
16587
9938
615
-8242
-13667
-13857
-8765
-134
9089
15753
17560
13845
5802
-3917
-12094
-16025
-14430
-7884
1380
10222
15640
15787
10615
1866
-7511
-14358
-16367
-12861
-5021
4510
12522
16315
14610
7982
-1335
-10203
-15632
-15794
-10635
-1891
7489
14346
16369
12876
5045
-4486
-12506
-16312
-14621
-8004
1310
10183
15624
15801
10654
1916
-7467
-14334
-16371
-12892
-5069
4462
12490
16309
14633
8026
-1285
-10163
-15617
-15808
-10673
-1942
7444
14321
16373
12908
5093
-4438
-12473
-16306
-14644
-8048
1260
10143
15609
15815
10692
1967
-7422
-14309
-16375
-12923
-5117
4413
12457
16303
14655
8070
-1235
-10123
-15601
-15822
-10711
-1992
7399
14297
16377
12939
5141
-4389
-12440
-16300
-14667
-8092
1210
10104
15593
15828
10730
2017
-7377
-14284
-16379
-12954
-5165
4365
12424
16297
14678
8114
-1185
-10084
-15585
-15835
-10749
-2042
7354
14272
16381
12970
5189
-4341
-12407
-16293
-14689
-8136
1159
10064
15577
15842
10768
2067
-7332
-14259
-16382
-12985
-5213
4316
12391
16290
14701
8158
-1134
-10044
-15569
-15848
-10787
-2092
7309
14247
16384
13001
5237
-4292
-12374
-16287
-14712
-8179
1109
10024
15561
15855
10806
2116
-7286
-14234
-16386
-13016
-5260
4268
12358
16284
14723
8201
-1084
-10004
-15553
-15861
-10825
-2141
7264
14222
16387
13031
5284
-4243
-12341
-16281
-14734
-8223
1059
9984
15564
15944
11013
2459
-6797
-13592
-15584
-12047
-4113
5602
13880
17984
16577
10169
947
-7964
-13537
-13874
-8863
-191
9219
16196
18391
15062
7332
-2195
-10308
-14274
-12756
-6267
3009
11944
17529
17881
12882
4216
-5196
-12184
-14392
-11077
-3356
6170
14291
18270
16767
10288
1017
-7924
-13540
-13963
-9069
-534
8729
15554
17589
14092
6184
-3529
-11830
-15974
-14610
-8234
978
9904
15512
15894
10920
2266
-7151
-14158
-16395
-13108
-5403
4122
12258
16264
14789
8332
-933
-9884
-15504
-15900
-10938
-2291
7128
14146
16397
13123
5427
-4097
-12241
-16260
-14800
-8354
908
9864
15496
15906
10957
2316
-7105
-14133
-16398
-13138
-5451
4073
12224
16256
14811
8375
-883
-9843
-15487
-15912
-10976
-2341
7083
14120
16399
13153
5475
-4048
-12207
-16253
-14822
-8397
858
9823
15479
15919
10995
2366
-7060
-14107
-16401
-13168
-5498
4024
12190
16249
14833
8418
-833
-9803
-15470
-15925
-11013
-2391
7037
14094
16402
13183
5522
-3999
-12173
-16246
-14844
-8440
807
9783
15462
15931
11032
2416
-7014
-14081
-16403
-13198
-5546
3975
12157
16242
14854
8462
-782
-9763
-15453
-15937
-11051
-2441
6992
14068
16404
13213
5570
-3951
-12140
-16238
-14865
-8483
757
9742
15445
15943
11069
2466
-6969
-14055
-16406
-13228
-5593
3926
12123
16234
14876
8505
-732
-9722
-15436
-15949
-11088
-2491
6946
14042
16407
13243
5617
-3902
-12106
-16231
-14886
-8526
707
9702
15428
15955
11107
2516
-6923
-14029
-16408
-13258
-5641
3877
12089
16227
14897
8548
-682
-9681
-15419
-15961
-11125
-2540
6900
14016
16409
13273
5664
-3853
-12072
-16223
-14908
-8569
656
9661
15430
16043
11312
2858
-6433
-13385
-15605
-12287
-4493
5211
13610
17926
16750
10515
1350
-7641
-13402
-13973
-9162
-590
8855
15990
18411
15302
7712
-1804
-10037
-14215
-12929
-6612
2606
11620
17393
17979
13181
4615
-4832
-11976
-14412
-11317
-3735
5779
14020
18211
16939
10634
1419
-7600
-13403
-14061
-9368
-933
8364
15346
17608
14332
6564
-3137
-11559
-15914
-14781
-8579
575
9579
15375
15990
11217
2665
-6786
-13950
-16413
-13346
-5782
3730
11986
16203
14960
8677
-531
-9559
-15366
-15996
-11236
-2690
6763
13937
16414
13361
5806
-3706
-11969
-16199
-14970
-8698
505
9538
15357
16002
11254
2714
-6740
-13923
-16415
-13376
-5829
3681
11951
16194
14981
8719
-480
-9518
-15348
-16007
-11272
-2739
6717
13910
16416
13390
5853
-3657
-11934
-16190
-14991
-8741
455
9497
15339
16013
11291
2764
-6694
-13896
-16416
-13405
-5877
3632
11917
16186
15001
8762
-430
-9477
-15330
-16019
-11309
-2789
6671
13883
16417
13419
5900
-3607
-11899
-16182
-15012
-8783
405
9456
15321
16024
11327
2814
-6648
-13869
-16418
-13434
-5924
3583
11882
16177
15022
8805
-379
-9436
-15312
-16030
-11346
-2839
6625
13856
16418
13448
5947
-3558
-11865
-16173
-15032
-8826
354
9415
15303
16035
11364
2863
-6602
-13842
-16419
-13463
-5971
3534
11847
16169
15042
8847
-329
-9394
-15294
-16040
-11382
-2888
6579
13829
16419
13477
5994
-3509
-11830
-16164
-15052
-8868
304
9374
15285
16046
11400
2913
-6556
-13815
-16420
-13492
-6017
3484
11812
16160
15062
8889
-279
-9353
-15276
-16051
-11418
-2938
6532
13802
16420
13506
6041
-3460
-11795
-16155
-15072
-8911
253
9332
15286
16133
11605
3255
-6065
-13171
-15616
-12520
-4869
4818
13333
17858
16914
10856
1752
-7311
-13257
-14062
-9454
-987
8486
15774
18421
15535
8088
-1411
-9760
-14146
-13092
-6953
2203
11291
17248
18067
13472
5012
-4463
-11761
-14421
-11549
-4111
5386
13742
18141
17102
10974
1822
-7270
-13258
-14148
-9659
-1330
7995
15129
17617
14563
6939
-2744
-11280
-15844
-14943
-8919
172
9249
15229
16077
11508
3062
-6417
-13733
-16422
-13577
-6158
3337
11707
16132
15122
9016
-128
-9228
-15219
-16082
-11526
-3086
6394
13719
16422
13591
6181
-3312
-11689
-16127
-15132
-9037
102
9207
15210
16088
11544
3111
-6370
-13705
-16422
-13606
-6204
3287
11671
16123
15141
9058
-77
-9187
-15200
-16093
-11562
-3136
6347
13691
16422
13620
6228
-3263
-11654
-16118
-15151
-9079
52
9166
15191
16098
11580
3161
-6324
-13677
-16422
-13634
-6251
3238
11636
16113
15161
9100
-27
-9145
-15181
-16103
-11598
-3185
6301
13663
16422
13648
6274
-3213
-11618
-16108
-15171
-9121
2
9124
15172
16107
11616
3210
-6277
-13649
-16422
-13662
-6298
3188
11600
16103
15180
9142
24
-9103
-15162
-16112
-11634
-3235
6254
13635
16422
13676
6321
-3164
-11582
-16098
-15190
-9163
-49
9082
15152
16117
11651
3259
-6231
-13621
-16422
-13690
-6344
3139
11564
16093
15199
9184
74
-9061
-15143
-16122
-11669
-3284
6207
13607
16422
13704
6367
-3114
-11547
-16088
-15209
-9205
-99
9040
15133
16127
11687
3309
-6184
-13593
-16422
-13717
-6391
3089
11529
16083
15218
9226
124
-9019
-15123
-16132
-11704
-3333
6161
13579
16422
13731
6414
-3065
-11511
-16078
-15228
-9246
-150
8998
15094
16060
11554
3065
-6582
-14182
-17227
-14745
-7632
1657
9937
14366
13406
7343
-1806
-10977
-17103
-18141
-13740
-5383
4114
11551
14421
11759
4460
-5015
-13475
-18068
-17247
-11288
-2200
6956
13093
14146
9757
1407
-8091
-15536
-18421
-15773
-8483
990
9457
14062
13256
7309
-1775
-10934
-17064
-18074
-13606
-5139
4512
12139
15226
12786
5702
-3583
-11883
-16350
-15434
-9406
-270
8913
15074
16155
11792
3457
-6044
-13508
-16420
-13800
-6530
2941
11420
16052
15274
9350
276
-8892
-15063
-16159
-11810
-3481
6020
13493
16420
13814
6553
-2916
-11402
-16046
-15284
-9371
-301
8871
15053
16164
11827
3506
-5997
-13479
-16419
-13827
-6576
2891
11384
16041
15293
9392
326
-8850
-15043
-16168
-11845
-3531
5973
13465
16419
13841
6599
-2867
-11366
-16036
-15302
-9412
-351
8828
15033
16172
11862
3555
-5950
-13450
-16418
-13854
-6622
2842
11348
16030
15311
9433
376
-8807
-15023
-16177
-11880
-3580
5926
13436
16418
13868
6645
-2817
-11330
-16025
-15320
-9454
-401
8786
15013
16181
11897
3604
-5903
-13421
-16417
-13881
-6668
2792
11311
16019
15329
9474
427
-8765
-15003
-16185
-11914
-3629
5879
13407
16417
13895
6691
-2767
-11293
-16014
-15338
-9495
-452
8743
14992
16190
11932
3653
-5856
-13392
-16416
-13908
-6714
2742
11275
16008
15347
9515
477
-8722
-14982
-16194
-11949
-3678
5832
13378
16415
13921
6737
-2718
-11256
-16002
-15356
-9536
-502
8701
14972
16198
11966
3703
-5809
-13363
-16414
-13935
-6760
2693
11238
15997
15365
9556
527
-8679
-14961
-16202
-11984
-3727
5785
13348
16414
13948
6783
-2668
-11220
-15991
-15374
-9577
-553
8658
14970
16282
12169
4045
-5317
-12716
-15608
-12961
-5611
4026
12757
17692
17214
11521
2558
-6636
-12941
-14210
-10018
-1776
7738
15319
18412
15975
8829
-618
-9183
-13979
-13392
-7618
1397
10615
16930
18214
14035
5801
-3714
-11304
-14411
-11988
-4852
4593
13164
17974
17400
11638
2628
-6594
-12939
-14294
-10221
-2118
7246
14672
17605
15001
7679
-1951
-10701
-15675
-15241
-9582
-634
8572
14909
16222
12069
3850
-5667
-13275
-16409
-14014
-6897
2544
11127
15962
15418
9679
678
-8551
-14898
-16226
-12086
-3874
5644
13260
16408
14027
6920
-2519
-11109
-15956
-15427
-9699
-704
8529
14888
16230
12103
3899
-5620
-13245
-16407
-14040
-6943
2494
11090
15950
15435
9719
729
-8508
-14877
-16234
-12121
-3923
5596
13230
16406
14053
6966
-2469
-11072
-15944
-15444
-9740
-754
8486
14866
16238
12137
3948
-5573
-13215
-16405
-14067
-6989
2444
11053
15938
15452
9760
779
-8464
-14856
-16241
-12154
-3972
5549
13200
16403
14079
7012
-2419
-11034
-15932
-15461
-9780
-804
8443
14845
16245
12171
3996
-5525
-13185
-16402
-14092
-7034
2394
11016
15926
15469
9801
829
-8421
-14834
-16249
-12188
-4021
5501
13170
16401
14105
7057
-2369
-10997
-15919
-15478
-9821
-855
8400
14823
16252
12205
4045
-5478
-13155
-16399
-14118
-7080
2344
10978
15913
15486
9841
880
-8378
-14813
-16256
-12222
-4070
5454
13140
16398
14131
7103
-2319
-10960
-15907
-15495
-9861
-905
8356
14802
16260
12239
4094
-5430
-13125
-16397
-14144
-7125
2294
10941
15901
15503
9881
930
-8335
-14791
-16263
-12256
-4118
5406
13109
16395
14157
7148
-2269
-10922
-15894
-15511
-9901
-955
8313
14799
16343
12441
4436
-4938
-12477
-15589
-13169
-5975
3627
12459
17595
17351
11845
2961
-6291
-12769
-14270
-10289
-2167
7359
15079
18392
16182
9193
-219
-8884
-13882
-13528
-7941
995
10269
16758
18273
14306
6192
-3335
-11064
-14391
-12195
-5216
4195
12865
17875
17536
11961
3031
-6248
-12766
-14353
-10491
-2509
6867
14431
17584
15207
8043
-1552
-10402
-15576
-15375
-9905
-1037
8226
14736
16280
12339
4240
-5287
-13033
-16388
-14220
-7261
2145
10828
15862
15552
10001
1081
-8204
-14724
-16283
-12356
-4265
5263
13018
16386
14233
7284
-2120
-10809
-15856
-15560
-10021
-1106
8182
14713
16287
12372
4289
-5240
-13003
-16384
-14245
-7306
2095
10790
15849
15568
10041
1131
-8160
-14702
-16290
-12389
-4313
5216
12987
16383
14258
7329
-2070
-10771
-15843
-15576
-10061
-1156
8138
14691
16293
12405
4338
-5192
-12972
-16381
-14270
-7351
2045
10752
15836
15584
10081
1181
-8116
-14679
-16296
-12422
-4362
5168
12956
16379
14283
7374
-2020
-10733
-15829
-15592
-10101
-1207
8095
14668
16299
12438
4386
-5144
-12941
-16377
-14295
-7396
1995
10714
15822
15600
10121
1232
-8073
-14657
-16302
-12455
-4410
5120
12925
16375
14308
7419
-1970
-10694
-15816
-15608
-10141
-1257
8051
14645
16305
12471
4435
-5096
-12910
-16373
-14320
-7441
1945
10675
15809
15616
10161
1282
-8029
-14634
-16308
-12487
-4459
5072
12894
16371
14332
7464
-1920
-10656
-15802
-15623
-10180
-1307
8007
14623
16311
12504
4483
-5048
-12878
-16369
-14344
-7486
1895
10637
15795
15631
10200
1332
-7985
-14611
-16314
-12520
-4507
5024
12863
16367
14357
7509
-1870
-10618
-15788
-15639
-10220
-1357
7963
14580
16241
12368
4239
-5445
-13464
-17170
-15369
-8726
462
9043
14074
13815
8316
-598
-9941
-16588
-18320
-14553
-6556
2976
10831
14363
12381
5553
-3820
-12579
-17774
-17654
-12259
-3407
5919
12576
14323
10569
2580
-6952
-14816
-18361
-16393
-9576
-206
8560
13767
13662
8279
-567
-9897
-16546
-18249
-14417
-6311
3373
11417
15164
13405
6793
-2387
-10985
-16053
-15838
-10375
-1477
7874
14553
16328
12601
4628
-4904
-12784
-16356
-14417
-7620
1744
10521
15753
15677
10318
1483
-7852
-14541
-16331
-12617
-4653
4880
12768
16354
14429
7643
-1719
-10502
-15746
-15684
-10338
-1508
7830
14530
16333
12634
4677
-4856
-12752
-16352
-14441
-7665
1694
10483
15739
15692
10357
1533
-7808
-14518
-16336
-12650
-4701
4832
12737
16350
14453
7687
-1669
-10463
-15732
-15699
-10377
-1558
7786
14506
16339
12666
4725
-4808
-12721
-16347
-14465
-7710
1644
10444
15724
15707
10396
1583
-7764
-14494
-16341
-12682
-4749
4784
12705
16345
14477
7732
-1619
-10424
-15717
-15714
-10416
-1608
7741
14483
16344
12698
4773
-4760
-12689
-16342
-14489
-7754
1594
10405
15710
15721
10435
1633
-7719
-14471
-16346
-12714
-4797
4736
12673
16340
14501
7776
-1569
-10385
-15702
-15728
-10455
-1658
7697
14459
16348
12730
4821
-4711
-12657
-16337
-14513
-7798
1544
10366
15695
15736
10474
1683
-7675
-14447
-16351
-12745
-4845
4687
12641
16335
14525
7820
-1519
-10346
-15688
-15743
-10494
-1708
7652
14435
16353
12761
4870
-4663
-12624
-16332
-14536
-7843
1494
10327
15680
15750
10513
1733
-7630
-14423
-16355
-12777
-4894
4639
12608
16329
14548
7865
-1469
-10307
-15673
-15757
-10532
-1758
7608
14430
16434
12962
5211
-4170
-11975
-15522
-13560
-6692
2826
11843
17372
17596
12475
3764
-5586
-12399
-14360
-10809
-2942
6591
14576
18324
16571
9909
582
-8268
-13657
-13771
-8571
191
9563
16386
18362
14825
6966
-2566
-10560
-14321
-12583
-5931
3393
12248
17650
17778
12590
3834
-5541
-12393
-14440
-11009
-3283
6098
13926
17513
15595
8758
-751
-9784
-15349
-15617
-10533
-1839
7518
14362
16366
12856
5014
-4518
-12527
-16315
-14606
-7975
1343
10209
15635
15792
10629
1884
-7496
-14350
-16368
-12872
-5038
4494
12511
16313
14618
7997
-1318
-10189
-15627
-15799
-10648
-1909
7474
14338
16370
12887
5062
-4470
-12495
-16310
-14629
-8019
1293
10169
15619
15806
10667
1934
-7451
-14325
-16372
-12903
-5086
4445
12478
16307
14640
8041
-1268
-10149
-15611
-15813
-10686
-1959
7429
14313
16374
12918
5110
-4421
-12462
-16304
-14652
-8063
1243
10130
15603
15820
10705
1984
-7406
-14301
-16376
-12934
-5133
4397
12445
16301
14663
8085
-1218
-10110
-15596
-15826
-10724
-2009
7384
14288
16378
12949
5157
-4372
-12429
-16298
-14675
-8107
1192
10090
15588
15833
10743
2034
-7361
-14276
-16380
-12965
-5181
4348
12413
16294
14686
8129
-1167
-10070
-15580
-15840
-10762
-2059
7339
14263
16382
12980
5205
-4324
-12396
-16291
-14697
-8151
1142
10050
15572
15846
10781
2084
-7316
-14251
-16384
-12996
-5229
4300
12379
16288
14708
8173
-1117
-10030
-15564
-15853
-10800
-2109
7294
14238
16385
13011
5253
-4275
-12363
-16285
-14720
-8194
1092
10010
15556
15859
10819
2134
-7271
-14226
-16387
-13027
-5277
4251
12346
16282
14731
8216
-1067
-9990
-15547
-15866
-10838
-2159
7248
14232
16465
13210
5594
-3782
-11712
-15473
-13742
-7043
2424
11526
17246
17704
12781
4164
-5226
-12200
-14390
-11057
-3325
6202
14313
18275
16753
10260
984
-7950
-13531
-13879
-8876
-209
9203
16188
18392
15072
7348
-2178
-10296
-14272
-12764
-6282
2991
11930
17523
17885
12895
4234
-5180
-12194
-14469
-11256
-3665
5709
13662
17463
15775
9108
-349
-9466
-15222
-15723
-10838
-2239
7158
14162
16395
13103
5396
-4129
-12263
-16265
-14786
-8325
941
9890
15506
15898
10933
2283
-7135
-14150
-16396
-13118
-5420
4105
12246
16261
14797
8347
-916
-9870
-15498
-15904
-10951
-2308
7112
14137
16398
13133
5444
-4080
-12229
-16258
-14808
-8368
891
9850
15490
15911
10970
2333
-7090
-14124
-16399
-13148
-5467
4056
12213
16254
14819
8390
-866
-9830
-15481
-15917
-10989
-2358
7067
14111
16400
13163
5491
-4032
-12196
-16250
-14829
-8412
840
9809
15473
15923
11008
2383
-7044
-14098
-16402
-13178
-5515
4007
12179
16247
14840
8433
-815
-9789
-15465
-15929
-11026
-2408
7021
14085
16403
13193
5538
-3983
-12162
-16243
-14851
-8455
790
9769
15456
15935
11045
2433
-6999
-14072
-16404
-13208
-5562
3958
12145
16239
14862
8477
-765
-9749
-15448
-15941
-11064
-2458
6976
14059
16405
13223
5586
-3934
-12128
-16236
-14872
-8498
740
9728
15439
15947
11082
2483
-6953
-14046
-16406
-13238
-5610
3909
12111
16232
14883
8520
-715
-9708
-15430
-15953
-11101
-2508
6930
14033
16407
13253
5633
-3885
-12094
-16228
-14894
-8541
689
9688
15422
15959
11119
2533
-6907
-14020
-16408
-13268
-5657
3860
12077
16224
14904
8563
-664
-9667
-15413
-15965
-11138
-2558
6885
13988
16333
13114
5388
-4280
-12677
-17025
-15915
-9779
-744
8091
13697
14140
9232
602
-8862
-15994
-18410
-15298
-7704
1811
10043
14216
12925
6606
-2614
-11627
-17396
-17977
-13175
-4607
4839
11980
14411
11312
3728
-5787
-14026
-18212
-16936
-10627
-1411
7606
13387
13983
9193
632
-8816
-15948
-18336
-15159
-7458
2207
10626
15013
13946
7844
-1181
-10030
-15671
-16157
-11288
-2676
6793
13954
16413
13342
5775
-3738
-11991
-16204
-14957
-8670
538
9565
15369
15994
11230
2682
-6770
-13941
-16414
-13357
-5799
3713
11974
16200
14967
8691
-513
-9545
-15360
-16000
-11248
-2707
6747
13927
16415
13371
5822
-3689
-11957
-16196
-14978
-8713
488
9524
15351
16006
11267
2732
-6724
-13914
-16416
-13386
-5846
3664
11939
16192
14988
8734
-463
-9504
-15342
-16011
-11285
-2756
6701
13901
16416
13400
5869
-3640
-11922
-16187
-14998
-8755
438
9483
15333
16017
11303
2781
-6678
-13887
-16417
-13415
-5893
3615
11905
16183
15008
8777
-412
-9463
-15324
-16022
-11322
-2806
6655
13874
16418
13429
5916
-3590
-11887
-16179
-15019
-8798
387
9442
15315
16028
11340
2831
-6632
-13860
-16418
-13444
-5940
3566
11870
16174
15029
8819
-362
-9421
-15306
-16033
-11358
-2856
6609
13847
16419
13458
5963
-3541
-11853
-16170
-15039
-8840
337
9401
15297
16039
11376
2880
-6586
-13833
-16419
-13473
-5987
3517
11835
16166
15049
8862
-312
-9380
-15288
-16044
-11394
-2905
6563
13820
16420
13487
6010
-3492
-11818
-16161
-15059
-8883
287
9359
15279
16049
11413
2930
-6540
-13806
-16420
-13502
-6034
3467
11800
16157
15069
8904
-261
-9339
-15269
-16055
-11431
-2955
6517
13773
16344
13347
5764
-3887
-12400
-16957
-16079
-10120
-1147
7762
13553
14229
9525
999
-8493
-15779
-18421
-15530
-8080
1418
9765
14148
13089
6946
-2211
-11297
-17251
-18065
-13467
-5004
4470
11765
14421
11544
4104
-5394
-13747
-18143
-17099
-10967
-1814
7276
13241
14071
9485
1029
-8447
-15732
-18345
-15390
-7834
1813
10347
14943
14109
8184
-778
-9700
-15525
-16244
-11579
-3073
6424
13737
16422
13573
6151
-3344
-11712
-16134
-15119
-9010
135
9235
15222
16081
11521
3079
-6401
-13723
-16422
-13587
-6174
3320
11694
16129
15129
9031
-110
-9214
-15213
-16086
-11539
-3103
6378
13710
16422
13601
6197
-3295
-11677
-16124
-15138
-9052
85
9193
15203
16091
11557
3128
-6354
-13696
-16422
-13615
-6221
3270
11659
16119
15148
9073
-60
-9172
-15194
-16096
-11574
-3153
6331
13682
16422
13629
6244
-3246
-11641
-16114
-15158
-9094
35
9151
15184
16101
11592
3178
-6308
-13668
-16422
-13643
-6267
3221
11624
16110
15167
9115
-9
-9130
-15175
-16106
-11610
-3202
6285
13654
16422
13657
6290
-3196
-11606
-16105
-15177
-9136
-16
9109
15165
16111
11628
3227
-6261
-13640
-16422
-13671
-6314
3171
11588
16100
15187
9156
41
-9088
-15155
-16116
-11646
-3252
6238
13626
16422
13685
6337
-3147
-11570
-16095
-15196
-9177
-66
9067
15146
16121
11663
3276
-6215
-13612
-16422
-13699
-6360
3122
11552
16090
15206
9198
91
-9046
-15136
-16125
-11681
-3301
6191
13598
16422
13713
6383
-3097
-11534
-16085
-15215
-9219
-117
9025
15126
16130
11699
3326
-6168
-13583
-16422
-13727
-6407
3072
11516
16080
15225
9240
142
-9004
-15116
-16135
-11717
-3350
6145
13589
16498
13909
6723
-2603
-10881
-15270
-14234
-8066
1216
10539
16814
17971
13658
5356
-4121
-11555
-14421
-11754
-4453
5023
13480
18069
17244
11282
2192
-6962
-13097
-14144
-9752
-1400
8098
15541
18421
15768
8476
-998
-9462
-14064
-13253
-7302
1783
10941
17087
18149
13769
5424
-4075
-11546
-14497
-11950
-4792
4529
12827
17254
16262
10128
860
-8475
-14784
-15985
-11711
-3430
6051
13512
16420
13796
6522
-2949
-11426
-16053
-15272
-9344
-268
8899
15067
16158
11804
3474
-6028
-13498
-16420
-13809
-6545
2924
11408
16048
15281
9365
293
-8878
-15057
-16162
-11822
-3498
6004
13484
16420
13823
6569
-2899
-11390
-16043
-15290
-9385
-318
8856
15047
16167
11839
3523
-5981
-13469
-16419
-13836
-6592
2874
11372
16037
15299
9406
343
-8835
-15036
-16171
-11857
-3547
5957
13455
16419
13850
6615
-2849
-11354
-16032
-15308
-9427
-368
8814
15026
16175
11874
3572
-5934
-13440
-16418
-13864
-6638
2825
11335
16026
15317
9447
394
-8793
-15016
-16180
-11892
-3597
5910
13426
16417
13877
6661
-2800
-11317
-16021
-15327
-9468
-419
8771
15006
16184
11909
3621
-5887
-13411
-16417
-13891
-6684
2775
11299
16015
15336
9488
444
-8750
-14996
-16188
-11926
-3646
5863
13397
16416
13904
6707
-2750
-11281
-16010
-15345
-9509
-469
8729
14985
16193
11944
3670
-5840
-13382
-16415
-13917
-6730
2725
11262
16004
15353
9529
494
-8707
-14975
-16197
-11961
-3695
5816
13368
16415
13931
6753
-2701
-11244
-15999
-15362
-9550
-519
8686
14965
16201
11978
3719
-5793
-13353
-16414
-13944
-6776
2676
11225
15993
15371
9570
545
-8665
-14954
-16205
-11995
-3744
5769
13319
16337
13789
6506
-3095
-11824
-16792
-16380
-10786
-1953
7088
13237
14378
10089
1788
-7745
-15323
-18412
-15971
-8822
626
9189
13981
13389
7611
-1405
-10622
-16933
-18213
-14030
-5793
3722
11309
14411
11984
4844
-4601
-13170
-17975
-17398
-11632
-2620
6600
12923
14217
10047
1818
-7698
-15275
-18334
-15828
-8574
1021
9769
14775
14406
8847
28
-9023
-15205
-16390
-12140
-3861
5675
13279
16409
14010
6890
-2551
-11133
-15964
-15415
-9672
-671
8557
14902
16225
12081
3866
-5651
-13264
-16408
-14023
-6913
2526
11115
15958
15424
9693
696
-8536
-14891
-16229
-12098
-3891
5627
13249
16407
14036
6936
-2502
-11096
-15952
-15432
-9713
-721
8514
14880
16233
12115
3915
-5604
-13235
-16406
-14049
-6959
2477
11078
15946
15441
9733
746
-8493
-14870
-16236
-12132
-3940
5580
13220
16405
14062
6982
-2452
-11059
-15940
-15450
-9754
-771
8471
14859
16240
12149
3964
-5556
-13205
-16404
-14075
-7004
2427
11040
15934
15458
9774
796
-8450
-14848
-16244
-12166
-3989
5533
13190
16402
14088
7027
-2402
-11022
-15928
-15467
-9794
-822
8428
14838
16248
12183
4013
-5509
-13175
-16401
-14101
-7050
2377
11003
15921
15475
9814
847
-8406
-14827
-16251
-12200
-4038
5485
13160
16400
14114
7073
-2352
-10984
-15915
-15484
-9835
-872
8385
14816
16255
12217
4062
-5461
-13144
-16399
-14127
-7095
2327
10965
15909
15492
9855
897
-8363
-14805
-16258
-12234
-4086
5438
13129
16397
14140
7118
-2302
-10947
-15903
-15500
-9875
-922
8341
14794
16262
12250
4111
-5414
-13114
-16396
-14153
-7141
2277
10928
15896
15509
9895
947
-8320
-14783
-16265
-12267
-4135
5390
13080
16318
13997
6871
-2697
-11526
-16695
-16517
-11110
-2355
6742
13065
14437
10360
2179
-7366
-15084
-18393
-16178
-9186
227
8890
13884
13525
7935
-1002
-10276
-16761
-18272
-14301
-6184
3342
11069
14391
12191
5209
-4202
-12871
-17877
-17533
-11955
-3023
6254
12750
14276
10317
2208
-7319
-15034
-18314
-16035
-8939
622
9470
14676
14541
9170
431
-8677
-15032
-16448
-12410
-4252
5295
13038
16388
14216
7254
-2152
-10834
-15864
-15550
-9995
-1073
8211
14728
16282
12350
4257
-5271
-13023
-16386
-14229
-7277
2127
10815
15858
15558
10015
1098
-8189
-14717
-16286
-12367
-4281
5247
13007
16385
14241
7299
-2102
-10796
-15851
-15566
-10035
-1123
8167
14706
16289
12384
4306
-5223
-12992
-16383
-14254
-7322
2077
10777
15845
15574
10055
1148
-8145
-14694
-16292
-12400
-4330
5199
12977
16381
14266
7344
-2052
-10758
-15838
-15582
-10075
-1174
8123
14683
16295
12417
4354
-5175
-12961
-16380
-14279
-7367
2027
10739
15831
15590
10095
1199
-8101
-14672
-16298
-12433
-4379
5151
12946
16378
14291
7389
-2002
-10720
-15825
-15597
-10115
-1224
8079
14660
16301
12450
4403
-5127
-12930
-16376
-14304
-7412
1977
10700
15818
15605
10135
1249
-8058
-14649
-16304
-12466
-4427
5104
12915
16374
14316
7434
-1952
-10681
-15811
-15613
-10154
-1274
8036
14638
16307
12482
4451
-5080
-12899
-16372
-14328
-7457
1927
10662
15804
15621
10174
1299
-8014
-14626
-16310
-12499
-4476
5056
12883
16370
14341
7479
-1902
-10643
-15797
-15629
-10194
-1324
7992
14615
16313
12515
4500
-5032
-12868
-16368
-14353
-7502
1877
10624
15790
15636
10214
1349
-7970
-14603
-16316
-12531
-4524
5008
12833
16290
14197
7231
-2297
-11222
-16588
-16644
-11428
-2757
6392
12885
14488
10624
2567
-6984
-14836
-18364
-16377
-9546
-173
8585
13777
13652
8253
-600
-9926
-16580
-18322
-14564
-6572
2960
10821
14362
12389
5569
-3802
-12566
-17770
-17659
-12273
-3425
5903
12568
14325
10580
2597
-6936
-14786
-18283
-16233
-9298
222
9164
14567
14667
9487
832
-8326
-14850
-16496
-12672
-4640
4912
12789
16357
14414
7613
-1752
-10527
-15755
-15674
-10312
-1475
7859
14545
16330
12612
4645
-4888
-12773
-16355
-14426
-7636
1727
10508
15748
15682
10332
1500
-7837
-14533
-16333
-12629
-4669
4864
12757
16353
14438
7658
-1702
-10489
-15741
-15689
-10351
-1525
7815
14522
16335
12645
4693
-4839
-12742
-16350
-14450
-7680
1677
10469
15734
15697
10371
1550
-7793
-14510
-16338
-12661
-4717
4815
12726
16348
14462
7703
-1652
-10450
-15727
-15704
-10390
-1575
7771
14498
16340
12677
4742
-4791
-12710
-16345
-14474
-7725
1627
10430
15719
15712
10410
1600
-7748
-14486
-16343
-12693
-4766
4767
12694
16343
14485
7747
-1602
-10411
-15712
-15719
-10429
-1625
7726
14474
16345
12709
4790
-4743
-12678
-16341
-14497
-7769
1577
10391
15705
15726
10449
1650
-7704
-14462
-16348
-12725
-4814
4719
12662
16338
14509
7791
-1552
-10372
-15697
-15733
-10468
-1675
7682
14450
16350
12741
4838
-4695
-12646
-16335
-14521
-7814
1527
10352
15690
15741
10487
1701
-7659
-14438
-16352
-12756
-4862
4671
12630
16333
14533
7836
-1502
-10333
-15682
-15748
-10507
-1726
7637
14426
16355
12772
4886
-4646
-12613
-16330
-14544
-7858
1476
10313
15675
15755
10526
1751
-7615
-14414
-16357
-12788
-4910
4622
12578
16251
14388
7587
-1896
-10911
-16472
-16762
-11741
-3158
6037
12695
14528
10880
2953
-6598
-14581
-18325
-16568
-9902
-574
8274
13660
13769
8565
-199
-9570
-16390
-18361
-14820
-6958
2574
10565
14322
12579
5924
-3401
-12254
-17652
-17776
-12584
-3826
5548
12378
14364
10835
2982
-6550
-14529
-18243
-16422
-9653
-180
8852
14450
14783
9798
1233
-7970
-14659
-16534
-12927
-5025
4526
12532
16316
14602
7968
-1351
-10215
-15637
-15790
-10623
-1876
7503
14354
16368
12867
5030
-4501
-12516
-16313
-14614
-7990
1326
10195
15629
15797
10642
1901
-7481
-14341
-16370
-12882
-5054
4477
12500
16311
14625
8012
-1301
-10175
-15621
-15804
-10661
-1926
7458
14329
16372
12898
5078
-4453
-12483
-16308
-14637
-8034
1276
10156
15614
15811
10680
1951
-7436
-14317
-16374
-12914
-5102
4429
12467
16305
14648
8056
-1250
-10136
-15606
-15817
-10699
-1976
7413
14304
16376
12929
5126
-4404
-12451
-16302
-14660
-8078
1225
10116
15598
15824
10718
2001
-7391
-14292
-16378
-12945
-5150
4380
12434
16299
14671
8100
-1200
-10096
-15590
-15831
-10737
-2026
7368
14280
16379
12960
5174
-4356
-12418
-16295
-14682
-8122
1175
10076
15582
15838
10756
2051
-7346
-14267
-16381
-12976
-5198
4331
12401
16292
14694
8144
-1150
-10056
-15574
-15844
-10775
-2076
7323
14255
16383
12991
5222
-4307
-12385
-16289
-14705
-8166
1125
10036
15566
15851
10794
2101
-7301
-14242
-16385
-13006
-5245
4283
12368
16286
14716
8188
-1100
-10016
-15558
-15857
-10813
-2126
7278
14230
16386
13022
5269
-4259
-12352
-16283
-14727
-8209
1075
9996
15550
15864
10832
2151
-7255
-14217
-16388
-13037
-5293
4234
12316
16203
14570
7938
-1494
-10594
-16347
-16870
-12046
-3558
5677
12497
14558
11128
3336
-6210
-14318
-18276
-16749
-10253
-976
7956
13534
13877
8870
201
-9210
-16192
-18391
-15068
-7341
2186
10302
14273
12760
6275
-2999
-11936
-17526
-17883
-12889
-4226
5188
12179
14393
11083
3365
-6161
-14266
-18193
-16603
-10004
-582
8534
14322
14890
10103
1633
-7609
-14459
-16563
-13174
-5408
4137
12268
16266
14782
8318
-949
-9896
-15509
-15896
-10927
-2276
7142
14153
16396
13113
5412
-4112
-12251
-16262
-14793
-8340
924
9876
15501
15902
10946
2301
-7120
-14141
-16397
-13128
-5436
4088
12235
16259
14804
8362
-899
-9856
-15492
-15909
-10964
-2326
7097
14128
16398
13144
5460
-4064
-12218
-16255
-14815
-8383
873
9836
15484
15915
10983
2350
-7074
-14115
-16400
-13159
-5484
4039
12201
16252
14826
8405
-848
-9816
-15476
-15921
-11002
-2375
7051
14102
16401
13174
5507
-4015
-12184
-16248
-14837
-8427
823
9795
15467
15927
11020
2400
-7029
-14089
-16402
-13189
-5531
3990
12167
16244
14848
8448
-798
-9775
-15459
-15933
-11039
-2425
7006
14076
16404
13204
5555
-3966
-12150
-16240
-14858
-8470
773
9755
15450
15939
11058
2450
-6983
-14063
-16405
-13219
-5578
3941
12133
16237
14869
8491
-748
-9735
-15442
-15945
-11076
-2475
6960
14050
16406
13234
5602
-3917
-12116
-16233
-14880
-8513
722
9714
15433
15951
11095
2500
-6937
-14037
-16407
-13249
-5626
3892
12099
16229
14890
8534
-697
-9694
-15424
-15957
-11114
-2525
6915
14024
16408
13263
5649
-3868
-12082
-16225
-14901
-8556
672
9674
15416
15963
11132
2550
-6892
-14011
-16409
-13278
-5673
3844
12046
16145
14743
8285
-1091
-10271
-16212
-16969
-12346
-3957
5313
12291
14579
11369
3716
-5819
-14048
-18217
-16922
-10599
-1378
7633
13398
13975
9169
600
-8846
-15985
-18411
-15308
-7720
1795
10031
14213
12933
6620
-2597
-11613
-17390
-17981
-13187
-4624
4823
11971
14412
11323
3744
-5770
-13994
-18133
-16775
-10349
-984
8209
14186
14987
10401
2032
-7245
-14251
-16581
-13413
-5787
3745
11997
16205
14954
8663
-546
-9572
-15372
-15992
-11224
-2674
6777
13945
16414
13352
5791
-3721
-11979
-16201
-14964
-8685
521
9551
15363
15998
11243
2699
-6754
-13932
-16415
-13367
-5815
3696
11962
16197
14974
8706
-496
-9531
-15354
-16004
-11261
-2724
6731
13918
16415
13381
5838
-3672
-11945
-16193
-14985
-8727
471
9510
15345
16009
11279
2749
-6708
-13905
-16416
-13396
-5862
3647
11927
16189
14995
8749
-446
-9490
-15336
-16015
-11298
-2773
6685
13891
16417
13410
5885
-3623
-11910
-16184
-15005
-8770
420
9469
15327
16021
11316
2798
-6662
-13878
-16417
-13425
-5909
3598
11893
16180
15015
8791
-395
-9448
-15318
-16026
-11334
-2823
6639
13864
16418
13439
5932
-3574
-11875
-16176
-15026
-8813
370
9428
15309
16032
11352
2848
-6616
-13851
-16419
-13454
-5956
3549
11858
16171
15036
8834
-345
-9407
-15300
-16037
-11371
-2873
6593
13837
16419
13468
5979
-3524
-11841
-16167
-15046
-8855
320
9387
15291
16042
11389
2898
-6570
-13824
-16420
-13483
-6003
3500
11823
16163
15056
8876
-294
-9366
-15281
-16048
-11407
-2922
6547
13810
16420
13497
6026
-3475
-11806
-16158
-15066
-8897
269
9345
15272
16053
11425
2947
-6524
-13796
-16420
-13511
-6050
3451
11807
16230
15245
9211
200
-8707
-14458
-15058
-10248
-1589
8056
15490
18252
15450
8054
-1426
-9771
-14149
-13086
-6940
2219
11304
17254
18064
13461
4997
-4478
-11769
-14421
-11540
-4096
5401
13753
18144
17096
10961
1806
-7283
-13244
-14069
-9479
-1021
8454
15755
18421
15554
8120
-1377
-9755
-14216
-13274
-7275
1724
10645
16430
17074
12302
3664
-5987
-13449
-16253
-13492
-6124
3352
11718
16135
15116
9003
-143
-9241
-15225
-16079
-11515
-3071
6408
13728
16422
13583
6167
-3327
-11700
-16130
-15126
-9024
118
9220
15216
16084
11533
3096
-6385
-13714
-16422
-13597
-6190
3303
11682
16126
15135
9045
-93
-9200
-15206
-16089
-11551
-3120
6362
13700
16422
13611
6213
-3278
-11665
-16121
-15145
-9066
68
9179
15197
16094
11569
3145
-6338
-13686
-16422
-13625
-6237
3253
11647
16116
15155
9087
-43
-9158
-15187
-16099
-11587
-3170
6315
13672
16422
13639
6260
-3229
-11629
-16111
-15164
-9108
17
9137
15178
16104
11605
3195
-6292
-13658
-16422
-13653
-6283
3204
11611
16106
15174
9129
8
-9116
-15168
-16109
-11622
-3219
6269
13644
16422
13667
6306
-3179
-11593
-16101
-15184
-9150
-33
9095
15158
16114
11640
3244
-6245
-13630
-16422
-13681
-6330
3154
11576
16096
15193
9171
58
-9074
-15149
-16119
-11658
-3269
6222
13616
16422
13695
6353
-3130
-11558
-16091
-15203
-9192
-83
9053
15139
16124
11676
3293
-6199
-13602
-16422
-13709
-6376
3105
11540
16086
15212
9213
109
-9032
-15129
-16129
-11693
-3318
6175
13588
16422
13723
6399
-3080
-11522
-16081
-15222
-9233
-134
9011
15119
16133
11711
3343
-6152
-13574
-16422
-13736
-6423
3055
11523
16152
15400
9547
603
-8373
-14305
-15138
-10534
-1985
7684
15267
18253
15674
8426
-1031
-9486
-14071
-13241
-7275
1816
10969
17100
18143
13746
5392
-4105
-11545
-14421
-11764
-4469
5006
13468
18066
17250
11296
2209
-6948
-13090
-14147
-9764
-1417
8082
15531
18421
15778
8492
-981
-9469
-14137
-13428
-7610
1321
10309
16275
17152
12586
4059
-5614
-13224
-16252
-13715
-6496
2956
11432
16055
15269
9337
260
-8905
-15070
-16156
-11799
-3466
6035
13502
16420
13805
6538
-2932
-11414
-16050
-15278
-9358
-285
8884
15060
16161
11817
3491
-6012
-13488
-16420
-13819
-6561
2907
11396
16044
15287
9379
310
-8863
-15050
-16165
-11834
-3515
5988
13474
16419
13832
6584
-2882
-11377
-16039
-15296
-9399
-335
8842
15040
16170
11851
3540
-5965
-13459
-16419
-13846
-6608
2857
11359
16034
15305
9420
361
-8821
-15029
-16174
-11869
-3564
5941
13445
16418
13859
6631
-2832
-11341
-16028
-15315
-9441
-386
8799
15019
16178
11886
3589
-5918
-13430
-16418
-13873
-6654
2808
11323
16023
15324
9461
411
-8778
-15009
-16183
-11904
-3614
5894
13416
16417
13886
6677
-2783
-11305
-16017
-15333
-9482
-436
8757
14999
16187
11921
3638
-5871
-13401
-16416
-13900
-6700
2758
11286
16012
15342
9502
461
-8735
-14989
-16191
-11938
-3663
5847
13387
16416
13913
6723
-2733
-11268
-16006
-15351
-9523
-486
8714
14978
16195
11956
3687
-5824
-13372
-16415
-13927
-6746
2708
11250
16000
15360
9543
512
-8693
-14968
-16200
-11973
-3712
5800
13357
16414
13940
6769
-2683
-11231
-15995
-15369
-9564
-537
8671
14957
16204
11990
3736
-5776
-13343
-16413
-13953
-6792
2659
11232
16065
15546
9877
1006
-8033
-14142
-15208
-10812
-2378
7308
15035
18244
15890
8795
-634
-9194
-13983
-13386
-7605
1413
10628
16937
18212
14024
5785
-3729
-11313
-14411
-11980
-4837
4609
13176
17977
17395
11625
2612
-6607
-12926
-14216
-10042
-1810
7706
15299
18411
15993
8860
-584
-9177
-14048
-13572
-7939
918
9968
16111
17220
12864
4452
-5238
-12991
-16241
-13930
-6864
2559
11139
15966
15412
9666
663
-8564
-14905
-16224
-12076
-3859
5658
13269
16409
14019
6906
-2534
-11120
-15960
-15421
-9686
-688
8543
14894
16228
12093
3883
-5635
-13254
-16407
-14032
-6929
2509
11102
15954
15430
9707
713
-8521
-14884
-16231
-12110
-3908
5611
13239
16406
14045
6952
-2484
-11083
-15948
-15438
-9727
-738
8499
14873
16235
12127
3932
-5587
-13224
-16405
-14058
-6974
2459
11065
15942
15447
9747
763
-8478
-14862
-16239
-12144
-3957
5564
13209
16404
14071
6997
-2435
-11046
-15936
-15456
-9768
-789
8456
14852
16243
12161
3981
-5540
-13194
-16403
-14084
-7020
2410
11027
15929
15464
9788
814
-8435
-14841
-16246
-12178
-4006
5516
13179
16402
14097
7043
-2385
-11009
-15923
-15472
-9808
-839
8413
14830
16250
12195
4030
-5492
-13164
-16400
-14110
-7066
2360
10990
15917
15481
9828
864
-8391
-14819
-16254
-12211
-4054
5469
13149
16399
14123
7088
-2335
-10971
-15911
-15489
-9848
-889
8370
14808
16257
12228
4079
-5445
-13134
-16398
-14136
-7111
2310
10953
15905
15498
9869
914
-8348
-14798
-16261
-12245
-4103
5421
13119
16396
14149
7134
-2285
-10934
-15898
-15506
-9889
-939
8326
14787
16264
12262
4128
-5397
-13104
-16395
-14161
-7156
2260
10934
15968
15683
10202
1409
-7687
-13971
-15268
-11084
-2769
6929
14796
18225
16098
9160
-235
-8896
-13886
-13522
-7929
1010
10283
16765
18271
14295
6176
-3350
-11073
-14392
-12187
-5202
4210
12877
17879
17531
11949
3015
-6261
-12754
-14275
-10312
-2201
7326
15058
18390
16200
9224
-185
-8878
-13949
-13707
-8262
516
9622
15938
17278
13134
4842
-4858
-12750
-16220
-14136
-7228
2160
10839
15866
15547
9989
1065
-8218
-14731
-16281
-12345
-4249
5278
13027
16387
14225
7270
-2135
-10821
-15860
-15555
-10009
-1090
8196
14720
16285
12362
4274
-5254
-13012
-16385
-14237
-7292
2110
10802
15853
15563
10029
1115
-8174
-14709
-16288
-12378
-4298
5231
12997
16384
14250
7315
-2085
-10783
-15847
-15571
-10049
-1141
8152
14698
16291
12395
4322
-5207
-12981
-16382
-14262
-7337
2060
10764
15840
15579
10069
1166
-8130
-14687
-16294
-12412
-4347
5183
12966
16380
14275
7360
-2035
-10745
-15833
-15587
-10089
-1191
8108
14675
16297
12428
4371
-5159
-12950
-16378
-14287
-7382
2010
10725
15827
15595
10109
1216
-8086
-14664
-16300
-12444
-4395
5135
12935
16376
14300
7405
-1985
-10706
-15820
-15603
-10128
-1241
8064
14653
16303
12461
4420
-5111
-12919
-16374
-14312
-7427
1960
10687
15813
15611
10148
1266
-8042
-14641
-16306
-12477
-4444
5087
12904
16373
14324
7450
-1935
-10668
-15806
-15619
-10168
-1291
8020
14630
16309
12494
4468
-5063
-12888
-16371
-14337
-7472
1910
10649
15799
15626
10188
1316
-7998
-14618
-16312
-12510
-4492
5039
12873
16369
14349
7495
-1885
-10630
-15793
-15634
-10208
-1342
7976
14607
16315
12526
4516
-5015
-12857
-16366
-14361
-7517
1860
10591
15710
15473
9934
922
-8572
-15400
-17318
-13738
-5923
3436
11134
14533
12450
5559
-3835
-12591
-17779
-17649
-12247
-3392
5932
12584
14321
10559
2565
-6967
-14826
-18362
-16386
-9562
-190
8572
13772
13657
8267
-583
-9910
-16572
-18324
-14575
-6589
2943
10810
14360
12398
5584
-3785
-12534
-17689
-17496
-11993
-2998
6506
13365
15326
11786
3996
-5364
-13087
-16526
-14486
-7626
1760
10533
15758
15672
10306
1467
-7866
-14549
-16329
-12607
-4637
4895
12778
16356
14422
7629
-1735
-10514
-15750
-15680
-10325
-1492
7844
14537
16332
12623
4662
-4871
-12762
-16353
-14434
-7651
1710
10495
15743
15687
10345
1517
-7822
-14525
-16334
-12640
-4686
4847
12746
16351
14446
7673
-1685
-10475
-15736
-15695
-10365
-1542
7800
14514
16337
12656
4710
-4823
-12731
-16349
-14458
-7696
1660
10456
15729
15702
10384
1567
-7778
-14502
-16340
-12672
-4734
4799
12715
16346
14470
7718
-1635
-10437
-15722
-15709
-10404
-1592
7755
14490
16342
12688
4758
-4775
-12699
-16344
-14482
-7740
1610
10417
15714
15717
10423
1618
-7733
-14478
-16345
-12704
-4782
4751
12683
16341
14494
7762
-1585
-10398
-15707
-15724
-10443
-1643
7711
14466
16347
12720
4806
-4726
-12667
-16339
-14505
-7784
1560
10378
15700
15731
10462
1668
-7689
-14454
-16349
-12736
-4830
4702
12651
16336
14517
7807
-1534
-10359
-15692
-15738
-10481
-1693
7666
14442
16352
12751
4854
-4678
-12635
-16334
-14529
-7829
1509
10339
15685
15746
10501
1718
-7644
-14430
-16354
-12767
-4879
4654
12618
16331
14541
7851
-1484
-10319
-15677
-15753
-10520
-1743
7622
14418
16356
12783
4903
-4630
-12602
-16328
-14552
-7873
1459
10281
15594
15591
10247
1323
-8217
-15211
-17359
-13994
-6309
3050
10879
14494
12640
5914
-3434
-12280
-17662
-17767
-12559
-3793
5577
12394
14361
10815
2951
-6582
-14570
-18323
-16576
-9917
-591
8260
13655
13774
8578
-182
-9555
-16382
-18363
-14830
-6975
2557
10554
14320
12587
5939
-3384
-12222
-17571
-17612
-12304
-3399
6150
13175
15365
12041
4381
-4978
-12830
-16486
-14675
-7981
1359
10221
15639
15788
10617
1868
-7510
-14357
-16367
-12862
-5023
4509
12521
16314
14610
7983
-1334
-10201
-15632
-15795
-10636
-1893
7488
14345
16369
12877
5047
-4485
-12505
-16311
-14622
-8005
1309
10182
15624
15802
10655
1918
-7465
-14333
-16371
-12893
-5071
4460
12489
16309
14633
8027
-1283
-10162
-15616
-15808
-10674
-1943
7443
14321
16373
12909
5095
-4436
-12472
-16306
-14645
-8049
1258
10142
15608
15815
10693
1968
-7420
-14308
-16375
-12924
-5119
4412
12456
16303
14656
8071
-1233
-10122
-15600
-15822
-10712
-1993
7398
14296
16377
12940
5142
-4388
-12439
-16299
-14667
-8093
1208
10102
15593
15829
10731
2018
-7375
-14283
-16379
-12955
-5166
4363
12423
16296
14679
8115
-1183
-10082
-15585
-15835
-10750
-2043
7353
14271
16381
12971
5190
-4339
-12406
-16293
-14690
-8137
1158
10063
15577
15842
10770
2068
-7330
-14259
-16382
-12986
-5214
4315
12390
16290
14701
8159
-1133
-10043
-15569
-15849
-10789
-2093
7308
14246
16384
13002
5238
-4290
-12373
-16287
-14713
-8181
1108
10023
15561
15855
10808
2118
-7285
-14233
-16386
-13017
-5262
4266
12357
16284
14724
8203
-1082
-10003
-15553
-15862
-10826
-2143
7263
14221
16388
13032
5286
-4242
-12340
-16280
-14735
-8224
1057
9964
15468
15700
10552
1724
-7857
-15013
-17389
-14243
-6692
2662
10616
14446
12822
6265
-3032
-11963
-17536
-17875
-12864
-4193
5217
12196
14391
11063
3333
-6193
-14307
-18274
-16757
-10268
-993
7943
13528
13881
8883
218
-9195
-16183
-18392
-15078
-7357
2169
10290
14270
12768
6290
-2982
-11903
-17444
-17719
-12609
-3798
5789
12975
15394
12288
4764
-4589
-12566
-16435
-14855
-8331
957
9903
15512
15894
10921
2268
-7149
-14157
-16395
-13109
-5405
4120
12257
16263
14790
8333
-932
-9882
-15503
-15900
-10940
-2293
7127
14145
16397
13124
5429
-4096
-12240
-16260
-14801
-8355
906
9862
15495
15907
10958
2318
-7104
-14132
-16398
-13139
-5452
4071
12223
16256
14812
8377
-881
-9842
-15487
-15913
-10977
-2343
7081
14119
16399
13154
5476
-4047
-12206
-16253
-14823
-8398
856
9822
15478
15919
10996
2368
-7058
-14106
-16401
-13169
-5500
4022
12189
16249
14834
8420
-831
-9802
-15470
-15925
-11015
-2393
7036
14093
16402
13184
5524
-3998
-12172
-16245
-14844
-8441
806
9782
15461
15931
11033
2417
-7013
-14080
-16403
-13199
-5547
3974
12156
16242
14855
8463
-781
-9761
-15453
-15937
-11052
-2442
6990
14067
16404
13214
5571
-3949
-12139
-16238
-14866
-8485
755
9741
15444
15944
11071
2467
-6967
-14054
-16406
-13229
-5595
3925
12122
16234
14876
8506
-730
-9721
-15436
-15950
-11089
-2492
6945
14041
16407
13244
5618
-3900
-12105
-16230
-14887
-8528
705
9700
15427
15956
11108
2517
-6922
-14028
-16408
-13259
-5642
3876
12088
16226
14898
8549
-680
-9680
-15418
-15961
-11126
-2542
6899
14015
16409
13274
5666
-3851
-12070
-16223
-14908
-8571
655
9679
15486
16136
11438
3011
-6259
-13197
-15410
-12093
-4307
5382
13760
18050
16843
10573
1370
-7639
-13401
-13973
-9163
-592
8853
15989
18411
15303
7713
-1802
-10036
-14215
-12929
-6614
2604
11619
17392
17979
13182
4617
-4830
-11976
-14412
-11318
-3737
5778
14019
18211
16940
10635
1421
-7618
-13460
-14153
-9493
-1086
8190
15157
17413
14138
6378
-3309
-11709
-16038
-14874
-8637
554
9578
15375
15991
11219
2666
-6784
-13949
-16413
-13347
-5784
3729
11985
16202
14961
8678
-529
-9558
-15366
-15996
-11237
-2691
6761
13936
16414
13362
5807
-3704
-11967
-16198
-14971
-8699
504
9537
15357
16002
11255
2716
-6738
-13922
-16415
-13377
-5831
3680
11950
16194
14981
8721
-479
-9517
-15348
-16008
-11274
-2741
6715
13909
16416
13391
5854
-3655
-11933
-16190
-14992
-8742
453
9496
15339
16013
11292
2766
-6692
-13896
-16416
-13406
-5878
3630
11916
16186
15002
8763
-428
-9475
-15330
-16019
-11310
-2791
6669
13882
16417
13420
5902
-3606
-11898
-16181
-15012
-8785
403
9455
15321
16024
11328
2815
-6646
-13869
-16418
-13435
-5925
3581
11881
16177
15022
8806
-378
-9434
-15312
-16030
-11347
-2840
6623
13855
16418
13449
5949
-3557
-11863
-16173
-15033
-8827
353
9414
15303
16035
11365
2865
-6600
-13842
-16419
-13464
-5972
3532
11846
16168
15043
8848
-327
-9393
-15293
-16041
-11383
-2890
6577
13828
16419
13478
5995
-3507
-11829
-16164
-15053
-8870
302
9372
15284
16046
11401
2915
-6554
-13814
-16420
-13493
-6019
3483
11811
16159
15063
8891
-277
-9352
-15275
-16051
-11419
-2939
6531
13801
16420
13507
6042
-3458
-11794
-16155
-15073
-8912
252
9312
15190
15888
11145
2520
-7125
-14592
-17421
-14716
-7448
1878
10069
14319
13159
6952
-2227
-11310
-17256
-18062
-13455
-4989
4485
11773
14421
11535
4089
-5409
-13758
-18146
-17093
-10954
-1798
7289
13247
14067
9474
1014
-8462
-15760
-18421
-15550
-8113
1384
9741
14141
13103
6975
-2176
-11249
-17162
-17904
-13199
-4594
5056
12551
15422
12759
5519
-3804
-12016
-16305
-15189
-9016
151
9248
15228
16078
11510
3063
-6415
-13732
-16422
-13578
-6159
3335
11706
16132
15122
9017
-126
-9227
-15219
-16083
-11527
-3088
6392
13718
16422
13592
6183
-3310
-11688
-16127
-15132
-9039
101
9206
15209
16088
11545
3113
-6369
-13704
-16422
-13606
-6206
3286
11670
16122
15142
9060
-76
-9185
-15200
-16093
-11563
-3137
6346
13690
16422
13621
6229
-3261
-11652
-16118
-15152
-9081
50
9164
15190
16098
11581
3162
-6322
-13677
-16422
-13635
-6253
3236
11635
16113
15161
9102
-25
-9143
-15181
-16103
-11599
-3187
6299
13663
16422
13649
6276
-3212
-11617
-16108
-15171
-9122
