stage,capture_phase,iteration,capture_group_index,capture_index,global_capture_index,accepted,rejection_reason,physical_adc_rate_hz,configured_dac_rate_hz,reference_rate_compensation,channel,canonical_phase,delay_register_active,offset_correction_active_codes,gain_correction_active,active_polarity,primary_valid,primary_rejection_reason,raw_phase_difference_rad,polarity_hypothesis,applied_phase_adjustment_rad,corrected_phase_difference_rad,measured_skew_samples,measured_skew_ps,tone_A_frequency_hz,tone_B_frequency_hz,tone_A_amplitude,tone_B_amplitude,tone_A_correlation,tone_B_correlation,tone_A_rmse,tone_B_rmse,dither_A_valid,dither_B_valid,dither_skew_valid,dither_skew_samples,dither_skew_ps,tone_dither_disagreement_samples,tone_dither_disagreement_ps,tone_A_sndr_db,tone_A_enob_bits,tone_B_sndr_db,tone_B_enob_bits,dither_reason,dither_rising_skew_ps,dither_falling_skew_ps,dither_edge_disagreement_ps
skew,closed_loop_initial_baseline,0,1,1,561,1,none,1300000000.000000,2600000000.000000,1.000000,1,0,24,5.426528,0.992082,1.000000,1,none,3.000568,-1,-3.141593,-0.141024,-0.097463,-74.971838,299375005.391089,299375005.391089,569.450731,554.360678,0.999946,0.999934,4.187507,4.503169,1,1,0,nan,nan,nan,nan,39.659712,6.295633,38.795183,6.152024,edge estimates disagree,460.117914,-761.525143,1221.643057,
skew,closed_loop_initial_baseline,0,1,2,562,1,none,1300000000.000000,2600000000.000000,1.000000,1,0,24,5.426528,0.992082,1.000000,1,none,3.007800,-1,-3.141593,-0.133793,-0.092466,-71.127343,299375005.391089,299375005.391089,568.935607,555.767585,0.999960,0.999958,3.589687,3.592802,1,1,0,nan,nan,nan,nan,40.989830,6.516583,40.778898,6.481544,skew outside supported linear range,78.650081,-589.213872,667.863953,
skew,closed_loop_initial_baseline,0,1,3,563,1,none,1300000000.000000,2600000000.000000,1.000000,1,0,24,5.426528,0.992082,1.000000,1,none,2.956747,-1,-3.141593,-0.184846,-0.127749,-98.268416,299375005.391089,299375005.391089,573.870891,547.568372,0.999965,0.999963,3.404348,3.353013,1,1,0,nan,nan,nan,nan,41.525305,6.605532,41.249762,6.559761,edge estimates disagree,179.996715,-104.692193,284.688908,
skew,closed_loop_initial_baseline,0,1,4,564,1,none,1300000000.000000,2600000000.000000,1.000000,1,0,24,5.426528,0.992082,1.000000,1,none,2.974195,-1,-3.141593,-0.167398,-0.115691,-88.992832,299375005.391089,299375005.391089,572.193619,550.303681,0.999916,0.999903,5.253073,5.434236,1,1,0,nan,nan,nan,nan,37.732291,5.975464,37.098979,5.870262,edge estimates disagree,238.595125,98.232268,140.362857,
skew,closed_loop_initial_baseline,0,1,5,565,1,none,1300000000.000000,2600000000.000000,1.000000,1,0,24,5.426528,0.992082,1.000000,1,none,2.942802,-1,-3.141593,-0.198790,-0.137386,-105.681801,299375005.391089,299375005.391089,574.527475,546.055467,0.999851,0.999844,6.999388,6.817295,0,0,0,nan,nan,nan,nan,35.274714,5.567228,35.062193,5.531926,event profile aggregation failed,nan,nan,nan,
skew,closed_loop_initial_baseline,0,1,6,566,1,none,1300000000.000000,2600000000.000000,1.000000,1,0,24,5.426528,0.992082,1.000000,1,none,3.003321,-1,-3.141593,-0.138272,-0.095561,-73.508632,299375005.391089,299375005.391089,569.455781,555.146131,0.999920,0.999919,5.075962,5.004136,1,1,0,nan,nan,nan,nan,37.988533,6.018029,37.891264,6.001871,edge estimates disagree,-14.577661,-273.093622,258.515962,
skew,closed_loop_initial_baseline,0,1,7,567,1,none,1300000000.000000,2600000000.000000,1.000000,1,0,24,5.426528,0.992082,1.000000,1,none,2.969560,-1,-3.141593,-0.172033,-0.118894,-91.456696,299375005.391089,299375005.391089,572.401872,549.483897,0.999965,0.999964,3.394143,3.297327,1,1,0,nan,nan,nan,nan,41.529119,6.606166,41.425560,6.588964,skew outside supported linear range,32.192977,-719.264268,751.457245,
skew,closed_loop_initial_baseline,0,1,8,568,1,none,1300000000.000000,2600000000.000000,1.000000,1,0,24,5.426528,0.992082,1.000000,1,none,2.983926,-1,-3.141593,-0.157667,-0.108965,-83.819474,299375005.391089,299375005.391089,571.354586,552.179040,0.999935,0.999932,4.611958,4.561563,1,1,0,nan,nan,nan,nan,38.850108,6.161147,38.649024,6.127745,edge estimates disagree,222.668668,-412.607383,635.276051,
skew,closed_loop_initial_baseline,0,1,9,569,1,none,1300000000.000000,2600000000.000000,1.000000,1,0,24,5.426528,0.992082,1.000000,1,none,2.939454,-1,-3.141593,-0.202139,-0.139700,-107.461691,299375005.391089,299375005.391089,574.610415,545.380794,0.999956,0.999947,3.797494,3.985463,1,1,0,nan,nan,nan,nan,40.587229,6.449706,39.714120,6.304671,skew outside supported linear range,-457.533739,-317.708970,139.824768,
skew,closed_loop_initial_baseline,0,1,10,570,1,none,1300000000.000000,2600000000.000000,1.000000,1,0,24,5.426528,0.992082,1.000000,1,none,3.010591,-1,-3.141593,-0.131002,-0.090537,-69.643640,299375005.391089,299375005.391089,567.982715,555.994040,0.999965,0.999964,3.352483,3.321750,1,1,0,nan,nan,nan,nan,41.569070,6.612802,41.463765,6.595310,edge estimates disagree,446.320352,-678.223414,1124.543766,
skew,actuator_characterization_baseline,0,2,1,571,1,none,1300000000.000000,2600000000.000000,1.000000,1,0,24,5.426528,0.992082,1.000000,1,none,2.930142,-1,-3.141593,-0.211451,-0.146136,-112.412316,299375005.391089,299375005.391089,575.228377,544.031692,0.999964,0.999963,3.437028,3.320716,1,1,0,nan,nan,nan,nan,41.462845,6.595157,41.277551,6.564377,skew outside supported linear range,355.693506,-876.978189,1232.671695,
skew,actuator_characterization_baseline,0,2,2,572,1,none,1300000000.000000,2600000000.000000,1.000000,1,0,24,5.426528,0.992082,1.000000,1,none,2.915382,-1,-3.141593,-0.226211,-0.156337,-120.259227,299375005.391089,299375005.391089,575.366101,541.774210,0.999961,0.999962,3.604476,3.353196,1,1,0,nan,nan,nan,nan,41.051744,6.526868,41.156887,6.544333,skew outside supported linear range,486.252566,-935.945721,1422.198287,
skew,actuator_characterization_baseline,0,2,3,573,1,none,1300000000.000000,2600000000.000000,1.000000,1,0,24,5.426528,0.992082,1.000000,1,none,3.001492,-1,-3.141593,-0.140101,-0.096825,-74.480888,299375005.391089,299375005.391089,569.644344,554.612766,0.999956,0.999956,3.786429,3.673889,1,1,0,nan,nan,nan,nan,40.537179,6.441392,40.566977,6.446342,edge estimates disagree,494.615382,-531.000338,1025.615720,
skew,actuator_characterization_baseline,0,2,4,574,1,none,1300000000.000000,2600000000.000000,1.000000,1,0,24,5.426528,0.992082,1.000000,1,none,2.990982,-1,-3.141593,-0.150611,-0.104089,-80.068466,299375005.391089,299375005.391089,570.518829,553.334469,0.999959,0.999961,3.674552,3.461562,1,1,0,nan,nan,nan,nan,40.811011,6.486879,41.064013,6.528906,edge estimates disagree,5.434643,-402.017149,407.451793,
skew,actuator_characterization_baseline,0,2,5,575,1,none,1300000000.000000,2600000000.000000,1.000000,1,0,24,5.426528,0.992082,1.000000,1,none,3.008409,-1,-3.141593,-0.133183,-0.092045,-70.803533,299375005.391089,299375005.391089,568.442110,555.572076,0.999963,0.999956,3.454190,3.699470,1,1,0,nan,nan,nan,nan,41.316500,6.570847,40.521719,6.438824,skew outside supported linear range,107.378191,-755.179180,862.557371,
skew,actuator_characterization_baseline,0,2,6,576,1,none,1300000000.000000,2600000000.000000,1.000000,1,0,24,5.426528,0.992082,1.000000,1,none,2.916956,-1,-3.141593,-0.224637,-0.155249,-119.422492,299375005.391089,299375005.391089,575.517566,542.240505,0.999962,0.999954,3.557626,3.698673,1,1,0,nan,nan,nan,nan,41.167665,6.546124,40.312620,6.404090,edge estimates disagree,338.664822,-878.373909,1217.038731,
skew,actuator_characterization_baseline,0,2,7,577,1,none,1300000000.000000,2600000000.000000,1.000000,1,0,24,5.426528,0.992082,1.000000,1,none,2.977258,-1,-3.141593,-0.164334,-0.113573,-87.364163,299375005.391089,299375005.391089,571.753672,551.061970,0.999940,0.999936,4.415632,4.420111,1,1,0,nan,nan,nan,nan,39.234021,6.224920,38.905046,6.170273,edge estimates disagree,-296.816603,-77.467484,219.349119,
skew,actuator_characterization_baseline,0,2,8,578,1,none,1300000000.000000,2600000000.000000,1.000000,1,0,24,5.426528,0.992082,1.000000,1,none,3.009080,-1,-3.141593,-0.132512,-0.091581,-70.446724,299375005.391089,299375005.391089,568.391916,555.957488,0.999963,0.999963,3.435439,3.362004,1,1,0,nan,nan,nan,nan,41.363013,6.578574,41.358567,6.577835,edge estimates disagree,470.138801,-362.515461,832.654262,
skew,actuator_characterization_baseline,0,2,9,579,1,none,1300000000.000000,2600000000.000000,1.000000,1,0,24,5.426528,0.992082,1.000000,1,none,3.011205,-1,-3.141593,-0.130388,-0.090112,-69.317281,299375005.391089,299375005.391089,568.009819,556.398755,0.999940,0.999939,4.396964,4.360575,1,1,0,nan,nan,nan,nan,39.213759,6.221555,39.106547,6.203745,edge estimates disagree,554.822480,-401.588650,956.411130,
skew,actuator_characterization_baseline,0,2,10,580,1,none,1300000000.000000,2600000000.000000,1.000000,1,0,24,5.426528,0.992082,1.000000,1,none,3.007557,-1,-3.141593,-0.134036,-0.092634,-71.256733,299375005.391089,299375005.391089,568.702196,555.820500,0.999962,0.999963,3.524918,3.400002,1,1,0,nan,nan,nan,nan,41.144418,6.542262,41.258808,6.561264,edge estimates disagree,345.772232,-422.389188,768.161420,
skew,actuator_characterization_after,0,3,1,581,1,none,1300000000.000000,2600000000.000000,1.000000,1,0,25,5.426528,0.992082,1.000000,1,none,3.014685,-1,-3.141593,-0.126908,-0.087708,-67.467350,299375005.391089,299375005.391089,571.102407,556.565201,0.999921,0.999916,5.081309,5.094307,1,1,0,nan,nan,nan,nan,38.004468,6.020676,37.758319,5.979787,edge estimates disagree,320.654902,-965.900330,1286.555232,
skew,actuator_characterization_after,0,3,2,582,1,none,1300000000.000000,2600000000.000000,1.000000,1,0,25,5.426528,0.992082,1.000000,1,none,2.978488,-1,-3.141593,-0.163104,-0.112723,-86.710160,299375005.391089,299375005.391089,574.203313,550.366001,0.999941,0.999939,4.413139,4.306682,1,1,0,nan,nan,nan,nan,39.276061,6.231904,39.119877,6.205960,skew outside supported linear range,-196.674498,-340.767671,144.093173,
skew,actuator_characterization_after,0,3,3,583,1,none,1300000000.000000,2600000000.000000,1.000000,1,0,25,5.426528,0.992082,1.000000,1,none,2.990115,-1,-3.141593,-0.151478,-0.104688,-80.529397,299375005.391089,299375005.391089,573.456466,552.198328,0.999947,0.999945,4.161002,4.099072,1,1,0,nan,nan,nan,nan,39.775750,6.314909,39.577891,6.282042,skew outside supported linear range,286.282079,207.159037,79.123043,
skew,actuator_characterization_after,0,3,4,584,1,none,1300000000.000000,2600000000.000000,1.000000,1,0,25,5.426528,0.992082,1.000000,1,none,3.009890,-1,-3.141593,-0.131703,-0.091021,-70.016221,299375005.391089,299375005.391089,571.483837,555.637557,0.999943,0.999944,4.333387,4.176571,1,1,0,nan,nan,nan,nan,39.393230,6.251367,39.469135,6.263976,skew outside supported linear range,304.660429,120.777201,183.883228,
skew,actuator_characterization_after,0,3,5,585,1,none,1300000000.000000,2600000000.000000,1.000000,1,0,25,5.426528,0.992082,1.000000,1,none,3.025300,-1,-3.141593,-0.116293,-0.080371,-61.823967,299375005.391089,299375005.391089,569.551819,558.104584,0.999875,0.999851,6.376561,6.827202,1,1,0,nan,nan,nan,nan,36.008635,5.689142,35.239157,5.561322,skew outside supported linear range,-132.325647,-833.442671,701.117024,
skew,actuator_characterization_after,0,3,6,586,1,none,1300000000.000000,2600000000.000000,1.000000,1,0,25,5.426528,0.992082,1.000000,1,none,2.990371,-1,-3.141593,-0.151222,-0.104511,-80.393225,299375005.391089,299375005.391089,573.074211,552.444889,0.999943,0.999931,4.336584,4.574355,1,1,0,nan,nan,nan,nan,39.410962,6.254313,38.628881,6.124399,edge estimates disagree,-274.011317,91.872956,365.884272,
skew,actuator_characterization_after,0,3,7,587,1,none,1300000000.000000,2600000000.000000,1.000000,1,0,25,5.426528,0.992082,1.000000,1,none,2.968160,-1,-3.141593,-0.173433,-0.119861,-92.200980,299375005.391089,299375005.391089,574.945873,548.920592,0.999933,0.999915,4.709351,5.056891,1,1,0,nan,nan,nan,nan,38.723017,6.140036,37.702218,5.970468,skew outside supported linear range,-140.955362,-474.184735,333.229373,
skew,actuator_characterization_after,0,3,8,588,1,none,1300000000.000000,2600000000.000000,1.000000,1,0,25,5.426528,0.992082,1.000000,1,none,2.942347,-1,-3.141593,-0.199246,-0.137701,-105.923998,299375005.391089,299375005.391089,575.753675,544.976442,0.999955,0.999943,3.852737,4.115708,1,1,0,nan,nan,nan,nan,40.479048,6.431736,39.428364,6.257203,edge estimates disagree,72.309670,-64.153769,136.463439,
skew,actuator_characterization_after,0,3,9,589,1,none,1300000000.000000,2600000000.000000,1.000000,1,0,25,5.426528,0.992082,1.000000,1,none,3.015031,-1,-3.141593,-0.126562,-0.087468,-67.283162,299375005.391089,299375005.391089,571.007561,556.369250,0.999952,0.999951,3.938900,3.886143,1,1,0,nan,nan,nan,nan,40.215037,6.387880,40.106586,6.369865,edge estimates disagree,37.417858,-89.559622,126.977480,
skew,actuator_characterization_after,0,3,10,590,1,none,1300000000.000000,2600000000.000000,1.000000,1,0,25,5.426528,0.992082,1.000000,1,none,3.023804,-1,-3.141593,-0.117789,-0.081405,-62.619479,299375005.391089,299375005.391089,569.749630,557.975898,0.999962,0.999962,3.512149,3.450896,1,1,0,nan,nan,nan,nan,41.191923,6.550153,41.163371,6.545411,skew outside supported linear range,-731.996554,-109.122038,622.874516,
skew,actuator_characterization_baseline,0,4,1,591,1,none,1300000000.000000,2600000000.000000,1.000000,1,0,24,5.426528,0.992082,1.000000,1,none,3.012846,-1,-3.141593,-0.128747,-0.088978,-68.444739,299375005.391089,299375005.391089,567.752552,556.608080,0.999944,0.999941,4.245229,4.281055,1,1,0,nan,nan,nan,nan,39.514859,6.271571,39.269675,6.230843,skew outside supported linear range,850.128209,-160.020947,1010.149157,
skew,actuator_characterization_baseline,0,4,2,592,1,none,1300000000.000000,2600000000.000000,1.000000,1,0,24,5.426528,0.992082,1.000000,1,none,2.950952,-1,-3.141593,-0.190640,-0.131754,-101.349021,299375005.391089,299375005.391089,574.286736,547.038682,0.999898,0.999893,5.801270,5.652198,1,1,0,nan,nan,nan,nan,36.901814,5.837511,36.705713,5.804936,edge estimates disagree,176.723190,-91.154443,267.877633,
skew,actuator_characterization_baseline,0,4,3,593,1,none,1300000000.000000,2600000000.000000,1.000000,1,0,24,5.426528,0.992082,1.000000,1,none,2.914280,-1,-3.141593,-0.227312,-0.157098,-120.844690,299375005.391089,299375005.391089,575.531358,542.084250,0.999872,0.999848,6.516405,6.684638,1,1,0,nan,nan,nan,nan,35.910919,5.672910,35.169478,5.549747,edge estimates disagree,187.083582,-170.152313,357.235895,
skew,actuator_characterization_baseline,0,4,4,594,1,none,1300000000.000000,2600000000.000000,1.000000,1,0,24,5.426528,0.992082,1.000000,1,none,3.006802,-1,-3.141593,-0.134790,-0.093155,-71.657764,299375005.391089,299375005.391089,568.640001,555.520354,0.999950,0.999950,4.028553,3.943057,1,1,0,nan,nan,nan,nan,39.983466,6.349413,39.967038,6.346684,skew outside supported linear range,-85.650317,-484.076284,398.425967,
skew,actuator_characterization_baseline,0,4,5,595,1,none,1300000000.000000,2600000000.000000,1.000000,1,0,24,5.426528,0.992082,1.000000,1,none,2.980221,-1,-3.141593,-0.161372,-0.111526,-85.789213,299375005.391089,299375005.391089,571.676078,551.265100,0.999965,0.999961,3.357632,3.429567,1,1,0,nan,nan,nan,nan,41.612039,6.619940,41.112123,6.536898,skew outside supported linear range,-237.175574,-596.909560,359.733986,
skew,actuator_characterization_baseline,0,4,6,596,1,none,1300000000.000000,2600000000.000000,1.000000,1,0,24,5.426528,0.992082,1.000000,1,none,2.924129,-1,-3.141593,-0.217464,-0.150292,-115.608912,299375005.391089,299375005.391089,575.182308,542.727907,0.999951,0.999947,4.030334,3.935765,1,1,0,nan,nan,nan,nan,40.078989,6.365281,39.780759,6.315741,edge estimates disagree,526.388622,-310.148616,836.537238,
skew,actuator_characterization_baseline,0,4,7,597,1,none,1300000000.000000,2600000000.000000,1.000000,1,0,24,5.426528,0.992082,1.000000,1,none,2.914619,-1,-3.141593,-0.226974,-0.156864,-120.664881,299375005.391089,299375005.391089,575.551175,542.071943,0.999955,0.999949,3.879142,3.860443,1,1,0,nan,nan,nan,nan,40.416665,6.421373,39.938095,6.341876,edge estimates disagree,90.691205,-289.670031,380.361236,
skew,actuator_characterization_baseline,0,4,8,598,1,none,1300000000.000000,2600000000.000000,1.000000,1,0,24,5.426528,0.992082,1.000000,1,none,2.936894,-1,-3.141593,-0.204699,-0.141470,-108.822863,299375005.391089,299375005.391089,574.949508,545.100542,0.999957,0.999947,3.769228,3.970517,1,1,0,nan,nan,nan,nan,40.657247,6.461337,39.742292,6.309351,edge estimates disagree,249.207638,-948.981882,1198.189521,
skew,actuator_characterization_baseline,0,4,9,599,1,none,1300000000.000000,2600000000.000000,1.000000,1,0,24,5.426528,0.992082,1.000000,1,none,2.956992,-1,-3.141593,-0.184601,-0.127580,-98.138133,299375005.391089,299375005.391089,573.857194,548.178882,0.999961,0.999964,3.571492,3.277208,1,1,0,nan,nan,nan,nan,41.108783,6.536343,41.458066,6.594363,skew outside supported linear range,-379.119032,-668.384140,289.265109,
skew,actuator_characterization_baseline,0,4,10,600,1,none,1300000000.000000,2600000000.000000,1.000000,1,0,24,5.426528,0.992082,1.000000,1,none,3.006108,-1,-3.141593,-0.135484,-0.093635,-72.026648,299375005.391089,299375005.391089,568.501606,555.637059,0.999965,0.999964,3.372209,3.314103,1,1,0,nan,nan,nan,nan,41.526045,6.605655,41.478203,6.597708,edge estimates disagree,393.934765,-366.996507,760.931272,
skew,actuator_characterization_repeat,0,5,1,601,1,none,1300000000.000000,2600000000.000000,1.000000,1,0,25,5.426528,0.992082,1.000000,1,none,3.025373,-1,-3.141593,-0.116219,-0.080320,-61.784957,299375005.391089,299375005.391089,569.513107,558.321378,0.999941,0.999939,4.382443,4.341180,1,1,0,nan,nan,nan,nan,39.265449,6.230141,39.175230,6.215154,skew outside supported linear range,-142.946959,-576.235624,433.288665,
skew,actuator_characterization_repeat,0,5,2,602,1,none,1300000000.000000,2600000000.000000,1.000000,1,0,25,5.426528,0.992082,1.000000,1,none,2.980595,-1,-3.141593,-0.160998,-0.111267,-85.590263,299375005.391089,299375005.391089,573.836728,550.954165,0.999903,0.999884,5.649015,5.947460,1,1,0,nan,nan,nan,nan,37.126013,5.874753,36.325379,5.741757,edge estimates disagree,165.415618,-260.237271,425.652889,
skew,actuator_characterization_repeat,0,5,3,603,1,none,1300000000.000000,2600000000.000000,1.000000,1,0,25,5.426528,0.992082,1.000000,1,none,2.985024,-1,-3.141593,-0.156568,-0.108206,-83.235509,299375005.391089,299375005.391089,573.830234,551.834242,0.999957,0.999955,3.780930,3.717100,1,1,0,nan,nan,nan,nan,40.613397,6.454053,40.421789,6.422224,edge estimates disagree,527.386944,-836.352847,1363.739791,
skew,actuator_characterization_repeat,0,5,4,604,1,none,1300000000.000000,2600000000.000000,1.000000,1,0,25,5.426528,0.992082,1.000000,1,none,2.953100,-1,-3.141593,-0.188493,-0.130270,-100.207326,299375005.391089,299375005.391089,575.426741,546.436812,0.999966,0.999961,3.355730,3.395832,1,1,0,nan,nan,nan,nan,41.673760,6.630193,41.121574,6.538467,edge estimates disagree,-265.076541,312.577551,577.654092,
skew,actuator_characterization_repeat,0,5,5,605,1,none,1300000000.000000,2600000000.000000,1.000000,1,0,25,5.426528,0.992082,1.000000,1,none,3.023293,-1,-3.141593,-0.118299,-0.081758,-62.890720,299375005.391089,299375005.391089,569.876153,558.144545,0.999963,0.999959,3.461961,3.559014,1,1,0,nan,nan,nan,nan,41.318866,6.571240,40.898040,6.501336,edge estimates disagree,331.141184,-112.610174,443.751358,
skew,actuator_characterization_repeat,0,5,6,606,1,none,1300000000.000000,2600000000.000000,1.000000,1,0,25,5.426528,0.992082,1.000000,1,none,3.012098,-1,-3.141593,-0.129494,-0.089495,-68.842240,299375005.391089,299375005.391089,571.190028,555.860394,0.999961,0.999958,3.577924,3.587695,1,1,0,nan,nan,nan,nan,41.052691,6.527025,40.792704,6.483838,edge estimates disagree,250.690082,-211.134110,461.824192,
skew,actuator_characterization_repeat,0,5,7,607,1,none,1300000000.000000,2600000000.000000,1.000000,1,0,25,5.426528,0.992082,1.000000,1,none,3.010064,-1,-3.141593,-0.131529,-0.090901,-69.924009,299375005.391089,299375005.391089,571.482215,555.856363,0.999925,0.999917,4.959403,5.064220,1,1,0,nan,nan,nan,nan,38.221166,6.056672,37.798701,5.986495,skew outside supported linear range,42.844635,-816.791994,859.636629,
skew,actuator_characterization_repeat,0,5,8,608,1,none,1300000000.000000,2600000000.000000,1.000000,1,0,25,5.426528,0.992082,1.000000,1,none,3.022730,-1,-3.141593,-0.118863,-0.082148,-63.190412,299375005.391089,299375005.391089,569.623194,557.460244,0.999961,0.999957,3.570464,3.677226,1,1,0,nan,nan,nan,nan,41.046961,6.526073,40.603572,6.452421,edge estimates disagree,253.865985,-517.621554,771.487539,
skew,actuator_characterization_repeat,0,5,9,609,1,none,1300000000.000000,2600000000.000000,1.000000,1,0,25,5.426528,0.992082,1.000000,1,none,3.025146,-1,-3.141593,-0.116447,-0.080478,-61.905889,299375005.391089,299375005.391089,569.510246,558.351329,0.999939,0.999937,4.460859,4.431278,1,1,0,nan,nan,nan,nan,39.111361,6.204545,38.997271,6.185593,edge estimates disagree,35.810901,77.600407,41.789506,
skew,actuator_characterization_repeat,0,5,10,610,1,none,1300000000.000000,2600000000.000000,1.000000,1,0,25,5.426528,0.992082,1.000000,1,none,2.991733,-1,-3.141593,-0.149860,-0.103570,-79.668932,299375005.391089,299375005.391089,573.300354,552.564189,0.999943,0.999942,4.318739,4.215197,1,1,0,nan,nan,nan,nan,39.450206,6.260832,39.340997,6.242690,skew outside supported linear range,189.955974,274.490447,84.534472,
skew,actuator_characterization_baseline,0,6,1,611,1,none,1300000000.000000,2600000000.000000,1.000000,1,0,24,5.426528,0.992082,1.000000,1,none,2.983086,-1,-3.141593,-0.158507,-0.109546,-84.266122,299375005.391089,299375005.391089,571.478792,551.640425,0.999957,0.999949,3.752059,3.921109,1,1,0,nan,nan,nan,nan,40.644309,6.459187,39.954644,6.344625,skew outside supported linear range,-186.952702,-1017.916503,830.963802,
skew,actuator_characterization_baseline,0,6,2,612,1,none,1300000000.000000,2600000000.000000,1.000000,1,0,24,5.426528,0.992082,1.000000,1,none,2.994417,-1,-3.141593,-0.147176,-0.101715,-78.242331,299375005.391089,299375005.391089,570.244978,553.532627,0.999894,0.999897,5.871270,5.631596,1,1,0,nan,nan,nan,nan,36.736289,5.810015,36.839935,5.827232,edge estimates disagree,-173.224203,-10.222058,163.002145,
skew,actuator_characterization_baseline,0,6,3,613,1,none,1300000000.000000,2600000000.000000,1.000000,1,0,24,5.426528,0.992082,1.000000,1,none,3.006744,-1,-3.141593,-0.134849,-0.093195,-71.688808,299375005.391089,299375005.391089,568.526927,555.501940,0.999965,0.999963,3.367884,3.365757,1,1,0,nan,nan,nan,nan,41.537578,6.607571,41.341756,6.575042,edge estimates disagree,116.587646,-335.265682,451.853328,
skew,actuator_characterization_baseline,0,6,4,614,1,none,1300000000.000000,2600000000.000000,1.000000,1,0,24,5.426528,0.992082,1.000000,1,none,2.912687,-1,-3.141593,-0.228906,-0.158199,-121.691799,299375005.391089,299375005.391089,575.495757,541.130385,0.999962,0.999959,3.556395,3.461307,1,1,0,nan,nan,nan,nan,41.170344,6.546569,40.870936,6.496833,skew outside supported linear range,8.726247,-457.705571,466.431818,
skew,actuator_characterization_baseline,0,6,5,615,1,none,1300000000.000000,2600000000.000000,1.000000,1,0,24,5.426528,0.992082,1.000000,1,none,2.927859,-1,-3.141593,-0.213733,-0.147713,-113.625686,299375005.391089,299375005.391089,575.062174,543.682042,0.999951,0.999948,4.036188,3.934314,1,1,0,nan,nan,nan,nan,40.064569,6.362885,39.799219,6.318807,skew outside supported linear range,44.664858,-664.986522,709.651380,
skew,actuator_characterization_baseline,0,6,6,616,1,none,1300000000.000000,2600000000.000000,1.000000,1,0,24,5.426528,0.992082,1.000000,1,none,2.915328,-1,-3.141593,-0.226265,-0.156374,-120.287679,299375005.391089,299375005.391089,575.618676,542.138497,0.999945,0.999931,4.284505,4.511291,0,0,0,nan,nan,nan,nan,39.554385,6.278137,38.585887,6.117257,POLARITY,nan,nan,nan,
skew,actuator_characterization_baseline,0,6,7,617,1,none,1300000000.000000,2600000000.000000,1.000000,1,0,24,5.426528,0.992082,1.000000,1,none,2.975021,-1,-3.141593,-0.166572,-0.115120,-88.553732,299375005.391089,299375005.391089,572.236131,550.858120,0.999963,0.999965,3.487160,3.243405,1,1,0,nan,nan,nan,nan,41.291767,6.566739,41.590472,6.616357,skew outside supported linear range,-372.157036,-525.063685,152.906649,
skew,actuator_characterization_baseline,0,6,8,618,1,none,1300000000.000000,2600000000.000000,1.000000,1,0,24,5.426528,0.992082,1.000000,1,none,2.929448,-1,-3.141593,-0.212145,-0.146616,-112.781304,299375005.391089,299375005.391089,575.170485,543.714183,0.999965,0.999960,3.394751,3.437016,1,1,0,nan,nan,nan,nan,41.569474,6.612869,40.973482,6.513867,edge estimates disagree,376.424316,-472.859243,849.283559,
skew,actuator_characterization_baseline,0,6,9,619,1,none,1300000000.000000,2600000000.000000,1.000000,1,0,24,5.426528,0.992082,1.000000,1,none,3.008553,-1,-3.141593,-0.133039,-0.091945,-70.726864,299375005.391089,299375005.391089,568.631206,556.003244,0.999950,0.999955,4.014397,3.726020,1,1,0,nan,nan,nan,nan,40.013908,6.354470,40.466343,6.429625,edge estimates disagree,467.374670,-306.055035,773.429705,
skew,actuator_characterization_baseline,0,6,10,620,1,none,1300000000.000000,2600000000.000000,1.000000,1,0,24,5.426528,0.992082,1.000000,1,none,3.006742,-1,-3.141593,-0.134851,-0.093197,-71.689878,299375005.391089,299375005.391089,568.704754,555.661578,0.999921,0.999932,5.055014,4.572240,1,1,0,nan,nan,nan,nan,38.012989,6.022091,38.683327,6.133443,skew outside supported linear range,-311.967196,-243.495390,68.471806,
skew,actuator_characterization_after,0,7,1,621,1,none,1300000000.000000,2600000000.000000,1.000000,1,0,26,5.426528,0.992082,1.000000,1,none,3.035078,-1,-3.141593,-0.106515,-0.073613,-56.625764,299375005.391089,299375005.391089,571.395164,559.593188,0.999961,0.999964,3.546694,3.366100,1,1,0,nan,nan,nan,nan,41.131956,6.540192,41.404607,6.585483,edge estimates disagree,728.628260,-676.562076,1405.190336,
skew,actuator_characterization_after,0,7,2,622,1,none,1300000000.000000,2600000000.000000,1.000000,1,0,26,5.426528,0.992082,1.000000,1,none,2.970908,-1,-3.141593,-0.170684,-0.117962,-90.739969,299375005.391089,299375005.391089,575.653680,548.095991,0.999952,0.999940,4.008022,4.253914,1,1,0,nan,nan,nan,nan,40.134324,6.374472,39.191059,6.217784,skew outside supported linear range,-466.651750,-578.399365,111.747615,
skew,actuator_characterization_after,0,7,3,623,1,none,1300000000.000000,2600000000.000000,1.000000,1,0,26,5.426528,0.992082,1.000000,1,none,3.026300,-1,-3.141593,-0.115293,-0.079680,-61.292387,299375005.391089,299375005.391089,572.376401,558.129981,0.999911,0.999913,5.414104,5.201145,1,1,0,nan,nan,nan,nan,37.472802,5.932359,37.602428,5.953892,edge estimates disagree,-34.997226,-373.557416,338.560190,
skew,actuator_characterization_after,0,7,4,624,1,none,1300000000.000000,2600000000.000000,1.000000,1,0,26,5.426528,0.992082,1.000000,1,none,2.958844,-1,-3.141593,-0.182748,-0.126300,-97.153465,299375005.391089,299375005.391089,575.833231,546.067119,0.999963,0.999959,3.519995,3.480069,1,1,0,nan,nan,nan,nan,41.264794,6.562258,40.902863,6.502137,skew outside supported linear range,231.743289,-697.540426,929.283715,
skew,actuator_characterization_after,0,7,5,625,1,none,1300000000.000000,2600000000.000000,1.000000,1,0,26,5.426528,0.992082,1.000000,1,none,2.956054,-1,-3.141593,-0.185538,-0.128228,-98.636544,299375005.391089,299375005.391089,575.879842,545.755282,0.999959,0.999959,3.667468,3.510573,1,1,0,nan,nan,nan,nan,40.909011,6.503158,40.822099,6.488721,corrected tone and dither skew estimates disagree,-149.385078,-170.925417,21.540339,
skew,actuator_characterization_after,0,7,6,626,1,none,1300000000.000000,2600000000.000000,1.000000,1,0,26,5.426528,0.992082,1.000000,1,none,2.961122,-1,-3.141593,-0.180470,-0.124725,-95.942349,299375005.391089,299375005.391089,575.800439,546.319935,0.999958,0.999952,3.744614,3.788376,1,1,0,nan,nan,nan,nan,40.726999,6.472923,40.169578,6.380329,skew outside supported linear range,-109.505853,-342.696282,233.190430,
skew,actuator_characterization_after,0,7,7,627,1,none,1300000000.000000,2600000000.000000,1.000000,1,0,26,5.426528,0.992082,1.000000,1,none,2.953005,-1,-3.141593,-0.188588,-0.130335,-100.257979,299375005.391089,299375005.391089,575.827342,545.266842,0.999956,0.999953,3.811287,3.724696,1,1,0,nan,nan,nan,nan,40.574112,6.447527,40.300065,6.402004,skew outside supported linear range,-372.451433,-45.905775,326.545658,
skew,actuator_characterization_after,0,7,8,628,1,none,1300000000.000000,2600000000.000000,1.000000,1,0,26,5.426528,0.992082,1.000000,1,none,2.965511,-1,-3.141593,-0.176081,-0.121692,-93.609120,299375005.391089,299375005.391089,575.638018,547.126958,0.999949,0.999945,4.126756,4.061437,1,1,0,nan,nan,nan,nan,39.880514,6.332311,39.577867,6.282038,edge estimates disagree,-154.945276,345.439541,500.384817,
skew,actuator_characterization_after,0,7,9,629,1,none,1300000000.000000,2600000000.000000,1.000000,1,0,26,5.426528,0.992082,1.000000,1,none,3.018120,-1,-3.141593,-0.123472,-0.085333,-65.640833,299375005.391089,299375005.391089,573.210046,556.383538,0.999933,0.999914,4.709477,5.158329,1,1,0,nan,nan,nan,nan,38.696522,6.135635,37.647004,5.961296,edge estimates disagree,-144.293077,103.069838,247.362915,
skew,actuator_characterization_after,0,7,10,630,1,none,1300000000.000000,2600000000.000000,1.000000,1,0,26,5.426528,0.992082,1.000000,1,none,3.024098,-1,-3.141593,-0.117495,-0.081202,-62.463167,299375005.391089,299375005.391089,572.592281,557.859734,0.999922,0.999911,5.048791,5.263202,1,1,0,nan,nan,nan,nan,38.082861,6.033698,37.495200,5.936080,edge estimates disagree,221.676300,-246.021504,467.697804,
skew,actuator_characterization_baseline,0,8,1,631,1,none,1300000000.000000,2600000000.000000,1.000000,1,0,24,5.426528,0.992082,1.000000,1,none,2.982275,-1,-3.141593,-0.159318,-0.110106,-84.697182,299375005.391089,299375005.391089,571.668556,551.743797,0.999956,0.999949,3.801261,3.924263,1,1,0,nan,nan,nan,nan,40.534033,6.440869,39.949288,6.343736,edge estimates disagree,623.492739,-525.298807,1148.791545,
skew,actuator_characterization_baseline,0,8,2,632,1,none,1300000000.000000,2600000000.000000,1.000000,1,0,24,5.426528,0.992082,1.000000,1,none,2.992917,-1,-3.141593,-0.148675,-0.102751,-79.039343,299375005.391089,299375005.391089,570.327772,553.316437,0.999957,0.999947,3.724309,4.028751,1,1,0,nan,nan,nan,nan,40.691275,6.466989,39.745762,6.309927,skew outside supported linear range,-580.491109,-198.886364,381.604744,
skew,actuator_characterization_baseline,0,8,3,633,1,none,1300000000.000000,2600000000.000000,1.000000,1,0,24,5.426528,0.992082,1.000000,1,none,3.005727,-1,-3.141593,-0.135866,-0.093898,-72.229411,299375005.391089,299375005.391089,568.933381,555.512896,0.999958,0.999957,3.703936,3.629507,1,1,0,nan,nan,nan,nan,40.717659,6.471372,40.686631,6.466218,skew outside supported linear range,-50.383964,-974.717983,924.334019,
skew,actuator_characterization_baseline,0,8,4,634,1,none,1300000000.000000,2600000000.000000,1.000000,1,0,24,5.426528,0.992082,1.000000,1,none,2.995981,-1,-3.141593,-0.145612,-0.100634,-77.410794,299375005.391089,299375005.391089,570.049178,553.844231,0.999958,0.999954,3.714679,3.773799,1,1,0,nan,nan,nan,nan,40.709522,6.470020,40.321877,6.405627,skew outside supported linear range,-244.027105,-202.225948,41.801157,
skew,actuator_characterization_baseline,0,8,5,635,1,none,1300000000.000000,2600000000.000000,1.000000,1,0,24,5.426528,0.992082,1.000000,1,none,2.934400,-1,-3.141593,-0.207192,-0.143193,-110.148328,299375005.391089,299375005.391089,574.660536,544.885879,0.999949,0.999941,4.114000,4.202653,1,1,0,nan,nan,nan,nan,39.892641,6.334326,39.245341,6.226801,edge estimates disagree,-59.198806,-219.643705,160.444899,
skew,actuator_characterization_baseline,0,8,6,636,1,none,1300000000.000000,2600000000.000000,1.000000,1,0,24,5.426528,0.992082,1.000000,1,none,2.998840,-1,-3.141593,-0.142753,-0.098658,-75.890745,299375005.391089,299375005.391089,569.840899,554.164574,0.999939,0.999936,4.435927,4.448100,1,1,0,nan,nan,nan,nan,39.165085,6.213469,38.898984,6.169266,skew outside supported linear range,8.386201,-624.351138,632.737339,
skew,actuator_characterization_baseline,0,8,7,637,1,none,1300000000.000000,2600000000.000000,1.000000,1,0,24,5.426528,0.992082,1.000000,1,none,2.997763,-1,-3.141593,-0.143830,-0.099403,-76.463538,299375005.391089,299375005.391089,569.605463,554.029609,0.999930,0.999918,4.755216,5.009847,1,1,0,nan,nan,nan,nan,38.557777,6.112588,37.863871,5.997321,skew outside supported linear range,-306.453207,-104.898789,201.554418,
skew,actuator_characterization_baseline,0,8,8,638,1,none,1300000000.000000,2600000000.000000,1.000000,1,0,24,5.426528,0.992082,1.000000,1,none,3.007415,-1,-3.141593,-0.134178,-0.092732,-71.332180,299375005.391089,299375005.391089,568.548881,555.626758,0.999959,0.999963,3.626413,3.366680,1,1,0,nan,nan,nan,nan,40.895510,6.500915,41.341328,6.574971,edge estimates disagree,-149.841731,-249.346930,99.505198,
skew,actuator_characterization_baseline,0,8,9,639,1,none,1300000000.000000,2600000000.000000,1.000000,1,0,24,5.426528,0.992082,1.000000,1,none,2.926718,-1,-3.141593,-0.214875,-0.148502,-114.232636,299375005.391089,299375005.391089,575.249794,543.418284,0.999949,0.999945,4.087804,4.019114,1,1,0,nan,nan,nan,nan,39.957028,6.345021,39.609778,6.287338,edge estimates disagree,-10.806335,-240.739660,229.933326,
skew,actuator_characterization_baseline,0,8,10,640,1,none,1300000000.000000,2600000000.000000,1.000000,1,0,24,5.426528,0.992082,1.000000,1,none,2.940974,-1,-3.141593,-0.200618,-0.138650,-106.653488,299375005.391089,299375005.391089,574.868203,545.488541,0.999966,0.999958,3.367371,3.537744,1,1,0,nan,nan,nan,nan,41.635246,6.623795,40.750885,6.476891,edge estimates disagree,104.912824,-45.504979,150.417803,
skew,actuator_characterization_repeat,0,9,1,641,1,none,1300000000.000000,2600000000.000000,1.000000,1,0,26,5.426528,0.992082,1.000000,1,none,2.954383,-1,-3.141593,-0.187209,-0.129382,-99.524999,299375005.391089,299375005.391089,575.632699,545.045812,0.999955,0.999948,3.843075,3.950547,1,1,0,nan,nan,nan,nan,40.499032,6.435055,39.785215,6.316481,skew outside supported linear range,-76.282107,-426.947359,350.665251,
skew,actuator_characterization_repeat,0,9,2,642,1,none,1300000000.000000,2600000000.000000,1.000000,1,0,26,5.426528,0.992082,1.000000,1,none,2.984505,-1,-3.141593,-0.157087,-0.108565,-83.511458,299375005.391089,299375005.391089,575.099947,550.672944,0.999964,0.999962,3.446778,3.400255,1,1,0,nan,nan,nan,nan,41.436300,6.590748,41.177345,6.547732,skew outside supported linear range,163.856893,342.822863,178.965970,
skew,actuator_characterization_repeat,0,9,3,643,1,none,1300000000.000000,2600000000.000000,1.000000,1,0,26,5.426528,0.992082,1.000000,1,none,2.988855,-1,-3.141593,-0.152738,-0.105559,-81.198982,299375005.391089,299375005.391089,575.375524,551.434961,0.999960,0.999952,3.617977,3.814655,1,1,0,nan,nan,nan,nan,41.019411,6.521497,40.190482,6.383801,skew outside supported linear range,-79.819430,-849.847142,770.027713,
skew,actuator_characterization_repeat,0,9,4,644,1,none,1300000000.000000,2600000000.000000,1.000000,1,0,26,5.426528,0.992082,1.000000,1,none,3.030245,-1,-3.141593,-0.111348,-0.076954,-59.195262,299375005.391089,299375005.391089,572.049396,558.734931,0.999966,0.999959,3.324023,3.559093,1,1,0,nan,nan,nan,nan,41.705089,6.635397,40.907031,6.502829,edge estimates disagree,579.337208,-501.748182,1081.085390,
skew,actuator_characterization_repeat,0,9,5,645,1,none,1300000000.000000,2600000000.000000,1.000000,1,0,26,5.426528,0.992082,1.000000,1,none,3.037812,-1,-3.141593,-0.103781,-0.071724,-55.172337,299375005.391089,299375005.391089,571.047644,559.975506,0.999925,0.999910,4.962190,5.320191,1,1,0,nan,nan,nan,nan,38.209679,6.054764,37.434536,5.926003,edge estimates disagree,165.458121,-52.713096,218.171217,
skew,actuator_characterization_repeat,0,9,6,646,1,none,1300000000.000000,2600000000.000000,1.000000,1,0,26,5.426528,0.992082,1.000000,1,none,2.959577,-1,-3.141593,-0.182016,-0.125793,-96.764039,299375005.391089,299375005.391089,575.745539,546.057207,0.999966,0.999966,3.353994,3.194982,1,1,0,nan,nan,nan,nan,41.683065,6.631738,41.645095,6.625431,edge estimates disagree,65.541996,-71.704289,137.246285,
skew,actuator_characterization_repeat,0,9,7,647,1,none,1300000000.000000,2600000000.000000,1.000000,1,0,26,5.426528,0.992082,1.000000,1,none,3.035596,-1,-3.141593,-0.105996,-0.073255,-56.350162,299375005.391089,299375005.391089,571.235579,559.896003,0.999940,0.999941,4.443905,4.312897,1,1,0,nan,nan,nan,nan,39.170710,6.214404,39.256466,6.228649,edge estimates disagree,-428.952396,241.909991,670.862387,
skew,actuator_characterization_repeat,0,9,8,648,1,none,1300000000.000000,2600000000.000000,1.000000,1,0,26,5.426528,0.992082,1.000000,1,none,2.974319,-1,-3.141593,-0.167274,-0.115605,-88.926907,299375005.391089,299375005.391089,575.705229,548.700377,0.999966,0.999960,3.336631,3.457050,1,1,0,nan,nan,nan,nan,41.727541,6.639126,41.002293,6.518653,skew outside supported linear range,495.881478,-67.765867,563.647345,
skew,actuator_characterization_repeat,0,9,9,649,1,none,1300000000.000000,2600000000.000000,1.000000,1,0,26,5.426528,0.992082,1.000000,1,none,3.037097,-1,-3.141593,-0.104496,-0.072218,-55.552530,299375005.391089,299375005.391089,570.914589,559.964520,0.999903,0.999907,5.617357,5.406345,1,1,0,nan,nan,nan,nan,37.130483,5.875496,37.294835,5.902797,edge estimates disagree,136.298642,61.547183,74.751459,
skew,actuator_characterization_repeat,0,9,10,650,1,none,1300000000.000000,2600000000.000000,1.000000,1,0,26,5.426528,0.992082,1.000000,1,none,2.981165,-1,-3.141593,-0.160428,-0.110873,-85.287269,299375005.391089,299375005.391089,575.603232,550.173686,0.999935,0.999932,4.652564,4.522026,1,1,0,nan,nan,nan,nan,38.838317,6.159189,38.693036,6.135056,edge estimates disagree,-431.794096,159.909979,591.704074,
skew,actuator_characterization_baseline,0,10,1,651,1,none,1300000000.000000,2600000000.000000,1.000000,1,0,24,5.426528,0.992082,1.000000,1,none,2.962848,-1,-3.141593,-0.178745,-0.123532,-95.024915,299375005.391089,299375005.391089,573.480823,548.786577,0.999963,0.999959,3.479360,3.531529,1,1,0,nan,nan,nan,nan,41.330091,6.573105,40.818514,6.488125,edge estimates disagree,151.033148,-103.264338,254.297486,
skew,actuator_characterization_baseline,0,10,2,652,1,none,1300000000.000000,2600000000.000000,1.000000,1,0,24,5.426528,0.992082,1.000000,1,none,2.939404,-1,-3.141593,-0.202189,-0.139735,-107.488449,299375005.391089,299375005.391089,574.728332,545.556180,0.999934,0.999921,4.658831,4.860285,1,1,0,nan,nan,nan,nan,38.813414,6.155052,37.993255,6.018813,edge estimates disagree,120.888352,-285.655360,406.543713,
skew,actuator_characterization_baseline,0,10,3,653,1,none,1300000000.000000,2600000000.000000,1.000000,1,0,24,5.426528,0.992082,1.000000,1,none,2.996590,-1,-3.141593,-0.145002,-0.100213,-77.086769,299375005.391089,299375005.391089,570.108616,553.824847,0.999952,0.999945,3.945251,4.111054,1,1,0,nan,nan,nan,nan,40.187359,6.383282,39.578085,6.282074,skew outside supported linear range,174.766248,293.543747,118.777500,
skew,actuator_characterization_baseline,0,10,4,654,1,none,1300000000.000000,2600000000.000000,1.000000,1,0,24,5.426528,0.992082,1.000000,1,none,2.973994,-1,-3.141593,-0.167599,-0.115829,-89.099610,299375005.391089,299375005.391089,572.401577,550.612792,0.999967,0.999963,3.292060,3.347313,1,1,0,nan,nan,nan,nan,41.794361,6.650226,41.312699,6.570216,skew outside supported linear range,217.897119,-740.963863,958.860982,
skew,actuator_characterization_baseline,0,10,5,655,1,none,1300000000.000000,2600000000.000000,1.000000,1,0,24,5.426528,0.992082,1.000000,1,none,3.008946,-1,-3.141593,-0.132647,-0.091674,-70.518322,299375005.391089,299375005.391089,568.349267,555.839181,0.999931,0.999935,4.711397,4.476820,1,1,0,nan,nan,nan,nan,38.619012,6.122759,38.869291,6.164334,skew outside supported linear range,-0.149237,-556.411017,556.261779,
skew,actuator_characterization_baseline,0,10,6,656,1,none,1300000000.000000,2600000000.000000,1.000000,1,0,24,5.426528,0.992082,1.000000,1,none,2.938039,-1,-3.141593,-0.203554,-0.140678,-108.214126,299375005.391089,299375005.391089,575.322078,545.404725,0.999903,0.999893,5.665622,5.634840,1,1,0,nan,nan,nan,nan,37.122969,5.874247,36.706446,5.805057,edge estimates disagree,69.378336,-300.627433,370.005769,
skew,actuator_characterization_baseline,0,10,7,657,1,none,1300000000.000000,2600000000.000000,1.000000,1,0,24,5.426528,0.992082,1.000000,1,none,2.950027,-1,-3.141593,-0.191566,-0.132393,-101.841113,299375005.391089,299375005.391089,574.303160,546.962627,0.999961,0.999952,3.584212,3.793784,1,1,0,nan,nan,nan,nan,41.084650,6.532334,40.167402,6.379967,skew outside supported linear range,339.042063,-1176.811463,1515.853527,
skew,actuator_characterization_baseline,0,10,8,658,1,none,1300000000.000000,2600000000.000000,1.000000,1,0,24,5.426528,0.992082,1.000000,1,none,2.999541,-1,-3.141593,-0.142052,-0.098174,-75.518152,299375005.391089,299375005.391089,569.975378,554.581670,0.999957,0.999957,3.716181,3.636645,1,1,0,nan,nan,nan,nan,40.704885,6.469250,40.654992,6.460962,skew outside supported linear range,-310.019797,-477.012297,166.992500,
skew,actuator_characterization_baseline,0,10,9,659,1,none,1300000000.000000,2600000000.000000,1.000000,1,0,24,5.426528,0.992082,1.000000,1,none,3.007326,-1,-3.141593,-0.134266,-0.092793,-71.379232,299375005.391089,299375005.391089,568.495963,555.856658,0.999960,0.999955,3.591364,3.707201,0,0,0,nan,nan,nan,nan,40.979059,6.514794,40.508033,6.436550,event profile aggregation failed,nan,nan,nan,
skew,actuator_characterization_baseline,0,10,10,660,1,none,1300000000.000000,2600000000.000000,1.000000,1,0,24,5.426528,0.992082,1.000000,1,none,2.965945,-1,-3.141593,-0.175648,-0.121392,-93.378737,299375005.391089,299375005.391089,573.028708,549.030330,0.999933,0.999929,4.676102,4.638157,1,1,0,nan,nan,nan,nan,38.755548,6.145440,38.454717,6.095468,edge estimates disagree,178.095189,51.592597,126.502592,
skew,actuator_characterization_after,0,11,1,661,1,none,1300000000.000000,2600000000.000000,1.000000,1,0,28,5.426528,0.992082,1.000000,1,none,3.047063,-1,-3.141593,-0.094529,-0.065330,-50.254138,299375005.391089,299375005.391089,574.638653,560.322891,0.999905,0.999904,5.587623,5.495796,1,1,0,nan,nan,nan,nan,37.233055,5.892534,37.157855,5.880042,edge estimates disagree,-159.648232,-128.917648,30.730584,
skew,actuator_characterization_after,0,11,2,662,1,none,1300000000.000000,2600000000.000000,1.000000,1,0,28,5.426528,0.992082,1.000000,1,none,3.027418,-1,-3.141593,-0.114175,-0.078907,-60.698023,299375005.391089,299375005.391089,575.523106,555.758451,0.999929,0.999928,4.864336,4.710081,1,1,0,nan,nan,nan,nan,38.450484,6.094765,38.426854,6.090840,edge estimates disagree,164.626423,-347.419710,512.046133,
skew,actuator_characterization_after,0,11,3,663,1,none,1300000000.000000,2600000000.000000,1.000000,1,0,28,5.426528,0.992082,1.000000,1,none,3.028567,-1,-3.141593,-0.113026,-0.078113,-60.087139,299375005.391089,299375005.391089,575.321154,555.949027,0.999932,0.999923,4.740510,4.876098,1,1,0,nan,nan,nan,nan,38.671406,6.131463,38.128951,6.041354,edge estimates disagree,231.368670,-191.881353,423.250023,
skew,actuator_characterization_after,0,11,4,664,1,none,1300000000.000000,2600000000.000000,1.000000,1,0,28,5.426528,0.992082,1.000000,1,none,3.031262,-1,-3.141593,-0.110331,-0.076251,-58.654645,299375005.391089,299375005.391089,575.536460,556.633060,0.999949,0.999951,4.116745,3.913991,1,1,0,nan,nan,nan,nan,39.900077,6.335561,40.048684,6.360247,skew outside supported linear range,393.483394,-9.381197,402.864591,
skew,actuator_characterization_after,0,11,5,665,1,none,1300000000.000000,2600000000.000000,1.000000,1,0,28,5.426528,0.992082,1.000000,1,none,3.040362,-1,-3.141593,-0.101231,-0.069962,-53.816868,299375005.391089,299375005.391089,574.843085,558.498379,0.999956,0.999949,3.825158,3.981872,1,1,0,nan,nan,nan,nan,40.527698,6.439817,39.928393,6.340265,edge estimates disagree,355.339053,-408.253949,763.593002,
skew,actuator_characterization_after,0,11,6,666,1,none,1300000000.000000,2600000000.000000,1.000000,1,0,28,5.426528,0.992082,1.000000,1,none,3.053097,-1,-3.141593,-0.088495,-0.061160,-47.046169,299375005.391089,299375005.391089,574.204256,561.323846,0.999957,0.999957,3.748383,3.697480,1,1,0,nan,nan,nan,nan,40.694148,6.467466,40.615853,6.454461,edge estimates disagree,873.860961,-665.964913,1539.825874,
skew,actuator_characterization_after,0,11,7,667,1,none,1300000000.000000,2600000000.000000,1.000000,1,0,28,5.426528,0.992082,1.000000,1,none,3.005630,-1,-3.141593,-0.135963,-0.093966,-72.281222,299375005.391089,299375005.391089,575.225812,550.872576,0.999965,0.999958,3.421833,3.572951,1,1,0,nan,nan,nan,nan,41.501292,6.601544,40.750182,6.476774,edge estimates disagree,197.498696,-253.700059,451.198755,
skew,actuator_characterization_after,0,11,8,668,1,none,1300000000.000000,2600000000.000000,1.000000,1,0,28,5.426528,0.992082,1.000000,1,none,3.017141,-1,-3.141593,-0.124451,-0.086010,-66.161343,299375005.391089,299375005.391089,575.712867,553.507515,0.999938,0.999942,4.530114,4.222873,1,1,0,nan,nan,nan,nan,39.071637,6.197946,39.340010,6.242527,edge estimates disagree,423.929686,-289.550994,713.480680,
skew,actuator_characterization_after,0,11,9,669,1,none,1300000000.000000,2600000000.000000,1.000000,1,0,28,5.426528,0.992082,1.000000,1,none,3.061953,-1,-3.141593,-0.079640,-0.055040,-42.338496,299375005.391089,299375005.391089,573.218069,563.199290,0.999967,0.999964,3.283418,3.398429,1,1,0,nan,nan,nan,nan,41.829573,6.656075,41.377378,6.580960,edge estimates disagree,306.660176,-283.847900,590.508076,
skew,actuator_characterization_after,0,11,10,670,1,none,1300000000.000000,2600000000.000000,1.000000,1,0,28,5.426528,0.992082,1.000000,1,none,3.013774,-1,-3.141593,-0.127819,-0.088337,-67.951467,299375005.391089,299375005.391089,575.685059,552.357087,0.999962,0.999960,3.546435,3.511267,1,1,0,nan,nan,nan,nan,41.197559,6.551090,40.924821,6.505784,edge estimates disagree,95.891804,-140.537106,236.428910,
skew,actuator_characterization_baseline,0,12,1,671,1,none,1300000000.000000,2600000000.000000,1.000000,1,0,24,5.426528,0.992082,1.000000,1,none,3.011826,-1,-3.141593,-0.129766,-0.089683,-68.986914,299375005.391089,299375005.391089,567.798825,556.333059,0.999952,0.999946,3.918018,4.091417,1,1,0,nan,nan,nan,nan,40.212262,6.387419,39.658922,6.295502,edge estimates disagree,-37.087069,-348.174473,311.087404,
skew,actuator_characterization_baseline,0,12,2,672,1,none,1300000000.000000,2600000000.000000,1.000000,1,0,24,5.426528,0.992082,1.000000,1,none,2.930694,-1,-3.141593,-0.210899,-0.145755,-112.118970,299375005.391089,299375005.391089,574.935996,544.057007,0.999933,0.999913,4.720585,5.087785,1,1,0,nan,nan,nan,nan,38.702174,6.136574,37.572014,5.948839,edge estimates disagree,-212.875288,145.438350,358.313639,
skew,actuator_characterization_baseline,0,12,3,673,1,none,1300000000.000000,2600000000.000000,1.000000,1,0,24,5.426528,0.992082,1.000000,1,none,3.002148,-1,-3.141593,-0.139445,-0.096372,-74.132156,299375005.391089,299375005.391089,569.420869,554.890762,0.999965,0.999963,3.372999,3.356669,0,0,0,nan,nan,nan,nan,41.538043,6.607648,41.355679,6.577355,event profile aggregation failed,nan,nan,nan,
skew,actuator_characterization_baseline,0,12,4,674,1,none,1300000000.000000,2600000000.000000,1.000000,1,0,24,5.426528,0.992082,1.000000,1,none,3.013983,-1,-3.141593,-0.127610,-0.088192,-67.840277,299375005.391089,299375005.391089,567.668331,556.693944,0.999953,0.999950,3.896725,3.941439,1,1,0,nan,nan,nan,nan,40.257598,6.394950,39.988933,6.350321,skew outside supported linear range,288.716529,284.005548,4.710981,
skew,actuator_characterization_baseline,0,12,5,675,1,none,1300000000.000000,2600000000.000000,1.000000,1,0,24,5.426528,0.992082,1.000000,1,none,2.974124,-1,-3.141593,-0.167469,-0.115740,-89.030484,299375005.391089,299375005.391089,572.417270,550.250086,0.999951,0.999951,4.015221,3.840888,1,1,0,nan,nan,nan,nan,40.069766,6.363748,40.112269,6.370809,skew outside supported linear range,61.019211,-626.688911,687.708122,
skew,actuator_characterization_baseline,0,12,6,676,1,none,1300000000.000000,2600000000.000000,1.000000,1,0,24,5.426528,0.992082,1.000000,1,none,2.957385,-1,-3.141593,-0.184207,-0.127308,-97.929000,299375005.391089,299375005.391089,573.437471,548.015698,0.999966,0.999964,3.347391,3.294139,1,1,0,nan,nan,nan,nan,41.665292,6.628786,41.410721,6.586498,corrected tone and dither skew estimates disagree,-64.306719,-79.176564,14.869845,
skew,actuator_characterization_baseline,0,12,7,677,1,none,1300000000.000000,2600000000.000000,1.000000,1,0,24,5.426528,0.992082,1.000000,1,none,3.012936,-1,-3.141593,-0.128657,-0.088916,-68.397180,299375005.391089,299375005.391089,567.730045,556.619652,0.999851,0.999845,6.925041,6.933150,1,1,0,nan,nan,nan,nan,35.264091,5.565464,35.082259,5.535259,edge estimates disagree,267.525097,-131.582665,399.107762,
skew,actuator_characterization_baseline,0,12,8,678,1,none,1300000000.000000,2600000000.000000,1.000000,1,0,24,5.426528,0.992082,1.000000,1,none,3.012774,-1,-3.141593,-0.128819,-0.089028,-68.483232,299375005.391089,299375005.391089,567.978751,556.495869,0.999880,0.999877,6.212052,6.168774,1,1,0,nan,nan,nan,nan,36.211641,5.722864,36.094962,5.703482,edge estimates disagree,207.651299,-25.956727,233.608026,
skew,actuator_characterization_baseline,0,12,9,679,1,none,1300000000.000000,2600000000.000000,1.000000,1,0,24,5.426528,0.992082,1.000000,1,none,2.991389,-1,-3.141593,-0.150203,-0.103807,-79.851705,299375005.391089,299375005.391089,570.266502,552.960902,0.999965,0.999964,3.365971,3.333039,1,1,0,nan,nan,nan,nan,41.569050,6.612799,41.386780,6.582522,edge estimates disagree,555.222323,-584.250928,1139.473251,
skew,actuator_characterization_baseline,0,12,10,680,1,none,1300000000.000000,2600000000.000000,1.000000,1,0,24,5.426528,0.992082,1.000000,1,none,2.930765,-1,-3.141593,-0.210828,-0.145706,-112.081201,299375005.391089,299375005.391089,575.174852,543.866244,0.999961,0.999952,3.610462,3.780880,1,1,0,nan,nan,nan,nan,41.034442,6.523994,40.147683,6.376692,edge estimates disagree,128.332194,-133.575357,261.907550,
skew,actuator_characterization_repeat,0,13,1,681,1,none,1300000000.000000,2600000000.000000,1.000000,1,0,28,5.426528,0.992082,1.000000,1,none,3.054943,-1,-3.141593,-0.086649,-0.059884,-46.064902,299375005.391089,299375005.391089,573.704702,561.886097,0.999958,0.999950,3.721494,3.990622,1,1,0,nan,nan,nan,nan,40.749123,6.476598,39.961854,6.345823,skew outside supported linear range,-272.295574,-1014.013181,741.717607,
skew,actuator_characterization_repeat,0,13,2,682,1,none,1300000000.000000,2600000000.000000,1.000000,1,0,28,5.426528,0.992082,1.000000,1,none,3.005400,-1,-3.141593,-0.136193,-0.094124,-72.403253,299375005.391089,299375005.391089,575.294795,551.199525,0.999968,0.999961,3.249373,3.448956,1,1,0,nan,nan,nan,nan,41.951517,6.676332,41.062123,6.528592,skew outside supported linear range,-248.447783,-452.486931,204.039149,
skew,actuator_characterization_repeat,0,13,3,683,1,none,1300000000.000000,2600000000.000000,1.000000,1,0,28,5.426528,0.992082,1.000000,1,none,3.026312,-1,-3.141593,-0.115281,-0.079672,-61.286207,299375005.391089,299375005.391089,575.583540,555.587618,0.999968,0.999957,3.266080,3.652578,1,1,0,nan,nan,nan,nan,41.911331,6.669656,40.632761,6.457269,skew outside supported linear range,441.703894,80.877543,360.826350,
skew,actuator_characterization_repeat,0,13,4,684,1,none,1300000000.000000,2600000000.000000,1.000000,1,0,28,5.426528,0.992082,1.000000,1,none,3.047550,-1,-3.141593,-0.094042,-0.064994,-49.995078,299375005.391089,299375005.391089,574.697139,560.416249,0.999883,0.999877,6.217111,6.209260,1,1,0,nan,nan,nan,nan,36.306708,5.738656,36.099117,5.704172,edge estimates disagree,40.483090,-132.372771,172.855861,
skew,actuator_characterization_repeat,0,13,5,685,1,none,1300000000.000000,2600000000.000000,1.000000,1,0,28,5.426528,0.992082,1.000000,1,none,3.042650,-1,-3.141593,-0.098942,-0.068380,-52.600100,299375005.391089,299375005.391089,574.958538,559.204388,0.999916,0.999916,5.258313,5.137710,1,1,0,nan,nan,nan,nan,37.765502,5.980980,37.725720,5.974372,edge estimates disagree,44.101119,-130.722800,174.823919,
skew,actuator_characterization_repeat,0,13,6,686,1,none,1300000000.000000,2600000000.000000,1.000000,1,0,28,5.426528,0.992082,1.000000,1,none,3.034179,-1,-3.141593,-0.107413,-0.074235,-57.103505,299375005.391089,299375005.391089,575.458472,557.559295,0.999957,0.999949,3.751833,3.978182,1,1,0,nan,nan,nan,nan,40.705110,6.469287,39.921829,6.339174,edge estimates disagree,7.757474,-151.393257,159.150731,
skew,actuator_characterization_repeat,0,13,7,687,1,none,1300000000.000000,2600000000.000000,1.000000,1,0,28,5.426528,0.992082,1.000000,1,none,2.997660,-1,-3.141593,-0.143932,-0.099473,-76.517879,299375005.391089,299375005.391089,575.170254,549.583010,0.999934,0.999926,4.678501,4.723747,1,1,0,nan,nan,nan,nan,38.783494,6.150082,38.304634,6.070537,skew outside supported linear range,152.286480,-455.338527,607.625007,
skew,actuator_characterization_repeat,0,13,8,688,1,none,1300000000.000000,2600000000.000000,1.000000,1,0,28,5.426528,0.992082,1.000000,1,none,3.058788,-1,-3.141593,-0.082805,-0.057227,-44.021023,299375005.391089,299375005.391089,573.351846,562.643478,0.999922,0.999928,5.057024,4.786308,1,1,0,nan,nan,nan,nan,38.080225,6.033260,38.394352,6.085441,edge estimates disagree,210.438642,-256.167412,466.606054,
skew,actuator_characterization_repeat,0,13,9,689,1,none,1300000000.000000,2600000000.000000,1.000000,1,0,28,5.426528,0.992082,1.000000,1,none,3.004608,-1,-3.141593,-0.136985,-0.094672,-72.824314,299375005.391089,299375005.391089,575.484459,550.714061,0.999929,0.999918,4.853304,4.982427,1,1,0,nan,nan,nan,nan,38.469623,6.097944,37.859404,5.996579,edge estimates disagree,-7.549248,-170.148336,162.599087,
skew,actuator_characterization_repeat,0,13,10,690,1,none,1300000000.000000,2600000000.000000,1.000000,1,0,28,5.426528,0.992082,1.000000,1,none,2.999353,-1,-3.141593,-0.142240,-0.098304,-75.618090,299375005.391089,299375005.391089,575.168917,549.758565,0.999932,0.999925,4.751748,4.753543,1,1,0,nan,nan,nan,nan,38.648540,6.127664,38.252791,6.061925,edge estimates disagree,54.489988,-376.621379,431.111368,
skew,actuator_characterization_baseline,0,14,1,691,1,none,1300000000.000000,2600000000.000000,1.000000,1,0,24,5.426528,0.992082,1.000000,1,none,3.013194,-1,-3.141593,-0.128399,-0.088738,-68.259989,299375005.391089,299375005.391089,567.948023,556.401312,0.999910,0.999902,5.382059,5.522918,1,1,0,nan,nan,nan,nan,37.456902,5.929718,37.054092,5.862806,edge estimates disagree,-124.191494,-93.483461,30.708033,
skew,actuator_characterization_baseline,0,14,2,692,1,none,1300000000.000000,2600000000.000000,1.000000,1,0,24,5.426528,0.992082,1.000000,1,none,2.930261,-1,-3.141593,-0.211332,-0.146054,-112.349079,299375005.391089,299375005.391089,574.960976,543.635155,0.999962,0.999962,3.547221,3.361518,1,1,0,nan,nan,nan,nan,41.184703,6.548954,41.165142,6.545705,edge estimates disagree,385.969520,-210.063872,596.033392,
skew,actuator_characterization_baseline,0,14,3,693,1,none,1300000000.000000,2600000000.000000,1.000000,1,0,24,5.426528,0.992082,1.000000,1,none,2.979446,-1,-3.141593,-0.162147,-0.112062,-86.201264,299375005.391089,299375005.391089,572.117491,551.331799,0.999943,0.999940,4.305477,4.280820,1,1,0,nan,nan,nan,nan,39.458980,6.262289,39.187422,6.217180,edge estimates disagree,311.712831,-725.106251,1036.819082,
skew,actuator_characterization_baseline,0,14,4,694,1,none,1300000000.000000,2600000000.000000,1.000000,1,0,24,5.426528,0.992082,1.000000,1,none,2.999553,-1,-3.141593,-0.142040,-0.098166,-75.511951,299375005.391089,299375005.391089,569.782781,554.508427,0.999950,0.999946,4.048861,4.083370,1,1,0,nan,nan,nan,nan,39.957229,6.345055,39.647489,6.293603,edge estimates disagree,197.118774,-304.897184,502.015958,
skew,actuator_characterization_baseline,0,14,5,695,1,none,1300000000.000000,2600000000.000000,1.000000,1,0,24,5.426528,0.992082,1.000000,1,none,2.937597,-1,-3.141593,-0.203996,-0.140984,-108.448949,299375005.391089,299375005.391089,574.776721,544.935147,0.999960,0.999960,3.613259,3.447159,1,1,0,nan,nan,nan,nan,41.021702,6.521877,40.967369,6.512852,edge estimates disagree,669.052542,-819.177745,1488.230286,
skew,actuator_characterization_baseline,0,14,6,696,1,none,1300000000.000000,2600000000.000000,1.000000,1,0,24,5.426528,0.992082,1.000000,1,none,2.923103,-1,-3.141593,-0.218490,-0.151001,-116.154426,299375005.391089,299375005.391089,575.379674,542.722166,0.999964,0.999958,3.452964,3.498891,1,1,0,nan,nan,nan,nan,41.424950,6.588862,40.802643,6.485489,edge estimates disagree,286.335428,-689.549443,975.884871,
skew,actuator_characterization_baseline,0,14,7,697,1,none,1300000000.000000,2600000000.000000,1.000000,1,0,24,5.426528,0.992082,1.000000,1,none,2.946739,-1,-3.141593,-0.194854,-0.134666,-103.589059,299375005.391089,299375005.391089,574.399003,546.290742,0.999940,0.999929,4.447235,4.606425,1,1,0,nan,nan,nan,nan,39.212172,6.221291,38.470897,6.098156,edge estimates disagree,157.646889,-86.313193,243.960081,
skew,actuator_characterization_baseline,0,14,8,698,1,none,1300000000.000000,2600000000.000000,1.000000,1,0,24,5.426528,0.992082,1.000000,1,none,2.924316,-1,-3.141593,-0.217276,-0.150162,-115.509229,299375005.391089,299375005.391089,575.076264,543.007160,0.999921,0.999904,5.096193,5.318477,1,1,0,nan,nan,nan,nan,38.039292,6.026460,37.170066,5.882071,edge estimates disagree,104.993672,-252.838343,357.832015,
skew,actuator_characterization_baseline,0,14,9,699,1,none,1300000000.000000,2600000000.000000,1.000000,1,0,24,5.426528,0.992082,1.000000,1,none,3.003629,-1,-3.141593,-0.137964,-0.095348,-73.344867,299375005.391089,299375005.391089,569.235399,554.954370,0.999959,0.999964,3.632917,3.348472,1,1,0,nan,nan,nan,nan,40.890428,6.500071,41.377913,6.581049,skew outside supported linear range,559.096280,-159.715968,718.812247,
skew,actuator_characterization_baseline,0,14,10,700,1,none,1300000000.000000,2600000000.000000,1.000000,1,0,24,5.426528,0.992082,1.000000,1,none,2.943994,-1,-3.141593,-0.197599,-0.136563,-105.048175,299375005.391089,299375005.391089,574.621165,545.938865,0.999962,0.999955,3.529072,3.664567,1,1,0,nan,nan,nan,nan,41.224122,6.555502,40.452128,6.427264,edge estimates disagree,586.125346,-624.396262,1210.521608,
skew,actuator_characterization_after,0,15,1,701,1,none,1300000000.000000,2600000000.000000,1.000000,1,0,32,5.426528,0.992082,1.000000,1,none,3.085054,-1,-3.141593,-0.056539,-0.039075,-30.057311,299375005.391089,299375005.391089,573.015821,558.907419,0.999965,0.999962,3.376425,3.465697,1,1,0,nan,nan,nan,nan,41.583891,6.615264,41.140687,6.541642,edge estimates disagree,-288.270527,0.120763,288.391290,
skew,actuator_characterization_after,0,15,2,702,1,none,1300000000.000000,2600000000.000000,1.000000,1,0,32,5.426528,0.992082,1.000000,1,none,3.106109,-1,-3.141593,-0.035484,-0.024523,-18.864064,299375005.391089,299375005.391089,575.625555,567.456131,0.999964,0.999964,3.446008,3.387053,1,1,0,nan,nan,nan,nan,41.446176,6.592388,41.471905,6.596662,edge estimates disagree,577.420983,-451.014760,1028.435743,
skew,actuator_characterization_after,0,15,3,703,1,none,1300000000.000000,2600000000.000000,1.000000,1,0,32,5.426528,0.992082,1.000000,1,none,3.081280,-1,-3.141593,-0.060313,-0.041683,-32.063845,299375005.391089,299375005.391089,571.827353,557.263715,0.999943,0.999941,4.329173,4.288791,1,1,0,nan,nan,nan,nan,39.406900,6.253638,39.264217,6.229936,edge estimates disagree,-75.009374,-149.672435,74.663061,
skew,actuator_characterization_after,0,15,4,704,1,none,1300000000.000000,2600000000.000000,1.000000,1,0,32,5.426528,0.992082,1.000000,1,none,3.107555,-1,-3.141593,-0.034037,-0.023524,-18.095101,299375005.391089,299375005.391089,575.669921,567.761893,0.999960,0.999962,3.634444,3.482066,1,1,0,nan,nan,nan,nan,40.984412,6.515683,41.236286,6.557523,edge estimates disagree,244.476390,70.842879,173.633511,
skew,actuator_characterization_after,0,15,5,705,1,none,1300000000.000000,2600000000.000000,1.000000,1,0,32,5.426528,0.992082,1.000000,1,none,3.104905,-1,-3.141593,-0.036688,-0.025355,-19.504222,299375005.391089,299375005.391089,575.684526,567.429993,0.999943,0.999952,4.327633,3.945700,1,1,0,nan,nan,nan,nan,39.468383,6.263851,40.145465,6.376323,edge estimates disagree,789.068617,-570.530822,1359.599439,
skew,actuator_characterization_after,0,15,6,706,1,none,1300000000.000000,2600000000.000000,1.000000,1,0,32,5.426528,0.992082,1.000000,1,none,3.092242,-1,-3.141593,-0.049351,-0.034107,-26.236121,299375005.391089,299375005.391089,574.582322,562.080968,0.999937,0.999935,4.564478,4.544395,1,1,0,nan,nan,nan,nan,38.988923,6.184206,38.836156,6.158830,edge estimates disagree,-97.193473,10.836406,108.029879,
skew,actuator_characterization_after,0,15,7,707,1,none,1300000000.000000,2600000000.000000,1.000000,1,0,32,5.426528,0.992082,1.000000,1,none,3.106477,-1,-3.141593,-0.035116,-0.024269,-18.668410,299375005.391089,299375005.391089,575.869019,567.658401,0.999951,0.999952,4.046590,3.926113,1,1,0,nan,nan,nan,nan,40.054391,6.361195,40.192185,6.384084,edge estimates disagree,428.676715,-155.928838,584.605553,
skew,actuator_characterization_after,0,15,8,708,1,none,1300000000.000000,2600000000.000000,1.000000,1,0,32,5.426528,0.992082,1.000000,1,none,3.083769,-1,-3.141593,-0.057824,-0.039963,-30.740433,299375005.391089,299375005.391089,572.730981,558.510694,0.999952,0.999954,3.953306,3.785844,1,1,0,nan,nan,nan,nan,40.209504,6.386961,40.367075,6.413135,edge estimates disagree,152.891228,-122.283630,275.174858,
skew,actuator_characterization_after,0,15,9,709,1,none,1300000000.000000,2600000000.000000,1.000000,1,0,32,5.426528,0.992082,1.000000,1,none,3.096777,-1,-3.141593,-0.044816,-0.030973,-23.825331,299375005.391089,299375005.391089,575.297920,564.171615,0.999961,0.999962,3.596941,3.464018,1,1,0,nan,nan,nan,nan,41.068889,6.529716,41.226322,6.555867,edge estimates disagree,186.704224,-342.845520,529.549744,
skew,actuator_characterization_after,0,15,10,710,1,none,1300000000.000000,2600000000.000000,1.000000,1,0,32,5.426528,0.992082,1.000000,1,none,3.091921,-1,-3.141593,-0.049671,-0.034328,-26.406486,299375005.391089,299375005.391089,574.637023,561.798585,0.999936,0.999937,4.587868,4.443816,1,1,0,nan,nan,nan,nan,38.945354,6.176969,39.026191,6.190397,edge estimates disagree,453.940450,-149.769196,603.709646,
skew,actuator_characterization_baseline,0,16,1,711,1,none,1300000000.000000,2600000000.000000,1.000000,1,0,24,5.426528,0.992082,1.000000,1,none,2.917621,-1,-3.141593,-0.223972,-0.154790,-119.068931,299375005.391089,299375005.391089,575.685567,542.439158,0.999963,0.999953,3.491111,3.721203,1,1,0,nan,nan,nan,nan,41.334134,6.573776,40.263054,6.395856,edge estimates disagree,-118.673052,-51.200279,67.472773,
skew,actuator_characterization_baseline,0,16,2,712,1,none,1300000000.000000,2600000000.000000,1.000000,1,0,24,5.426528,0.992082,1.000000,1,none,3.000707,-1,-3.141593,-0.140886,-0.097368,-74.898156,299375005.391089,299375005.391089,569.323842,554.706825,0.999936,0.999935,4.555900,4.484089,1,1,0,nan,nan,nan,nan,38.925405,6.173655,38.837485,6.159051,skew outside supported linear range,-583.858595,-818.076262,234.217666,
skew,actuator_characterization_baseline,0,16,3,713,1,none,1300000000.000000,2600000000.000000,1.000000,1,0,24,5.426528,0.992082,1.000000,1,none,3.014058,-1,-3.141593,-0.127534,-0.088140,-67.800356,299375005.391089,299375005.391089,567.451889,556.802179,0.999937,0.999924,4.502717,4.843876,1,1,0,nan,nan,nan,nan,38.998788,6.185845,38.199858,6.053133,skew outside supported linear range,343.321150,127.518624,215.802525,
skew,actuator_characterization_baseline,0,16,4,714,1,none,1300000000.000000,2600000000.000000,1.000000,1,0,24,5.426528,0.992082,1.000000,1,none,2.956977,-1,-3.141593,-0.184616,-0.127590,-98.146211,299375005.391089,299375005.391089,573.646296,547.960930,0.999945,0.999937,4.236311,4.363298,1,1,0,nan,nan,nan,nan,39.622828,6.289506,38.968395,6.180797,skew outside supported linear range,-269.757884,-180.196258,89.561626,
skew,actuator_characterization_baseline,0,16,5,715,1,none,1300000000.000000,2600000000.000000,1.000000,1,0,24,5.426528,0.992082,1.000000,1,none,2.970199,-1,-3.141593,-0.171394,-0.118452,-91.116943,299375005.391089,299375005.391089,572.742801,549.899621,0.999965,0.999962,3.412600,3.390721,1,1,0,nan,nan,nan,nan,41.487185,6.599200,41.189527,6.549755,edge estimates disagree,957.087825,-588.145204,1545.233029,
skew,actuator_characterization_baseline,0,16,6,716,1,none,1300000000.000000,2600000000.000000,1.000000,1,0,24,5.426528,0.992082,1.000000,1,none,2.924118,-1,-3.141593,-0.217474,-0.150299,-115.614596,299375005.391089,299375005.391089,575.470133,543.102715,0.999960,0.999950,3.637071,3.836056,1,1,0,nan,nan,nan,nan,40.975120,6.514139,40.009642,6.353761,skew outside supported linear range,633.466776,-1676.260809,2309.727585,
skew,actuator_characterization_baseline,0,16,7,717,1,none,1300000000.000000,2600000000.000000,1.000000,1,0,24,5.426528,0.992082,1.000000,1,none,2.920176,-1,-3.141593,-0.221416,-0.153023,-117.710224,299375005.391089,299375005.391089,575.448546,542.449297,0.999898,0.999886,5.806617,5.804255,1,1,0,nan,nan,nan,nan,36.911367,5.839098,36.401954,5.754477,edge estimates disagree,28.604983,-181.715601,210.320584,
skew,actuator_characterization_baseline,0,16,8,718,1,none,1300000000.000000,2600000000.000000,1.000000,1,0,24,5.426528,0.992082,1.000000,1,none,3.013729,-1,-3.141593,-0.127864,-0.088368,-67.975366,299375005.391089,299375005.391089,567.548228,556.552772,0.999959,0.999960,3.621546,3.539362,1,1,0,nan,nan,nan,nan,40.891874,6.500311,40.921326,6.505204,skew outside supported linear range,-278.241336,-725.039961,446.798625,
skew,actuator_characterization_baseline,0,16,9,719,1,none,1300000000.000000,2600000000.000000,1.000000,1,0,24,5.426528,0.992082,1.000000,1,none,2.978857,-1,-3.141593,-0.162735,-0.112468,-86.513979,299375005.391089,299375005.391089,571.890533,551.282243,0.999939,0.999926,4.450003,4.736673,1,1,0,nan,nan,nan,nan,39.168752,6.214078,38.307713,6.071049,edge estimates disagree,646.309589,-451.196276,1097.505865,
skew,actuator_characterization_baseline,0,16,10,720,1,none,1300000000.000000,2600000000.000000,1.000000,1,0,24,5.426528,0.992082,1.000000,1,none,2.927234,-1,-3.141593,-0.214358,-0.148146,-113.958094,299375005.391089,299375005.391089,575.347402,543.553486,0.999899,0.999881,5.779744,5.926893,1,1,0,nan,nan,nan,nan,36.950132,5.845537,36.238004,5.727243,edge estimates disagree,95.807500,-94.844743,190.652243,
skew,actuator_characterization_repeat,0,17,1,721,1,none,1300000000.000000,2600000000.000000,1.000000,1,0,32,5.426528,0.992082,1.000000,1,none,3.082056,-1,-3.141593,-0.059537,-0.041146,-31.651122,299375005.391089,299375005.391089,572.348428,557.737222,0.999962,0.999962,3.549580,3.439407,1,1,0,nan,nan,nan,nan,41.139371,6.541424,41.188621,6.549605,skew outside supported linear range,126.638434,-773.389968,900.028402,
skew,actuator_characterization_repeat,0,17,2,722,1,none,1300000000.000000,2600000000.000000,1.000000,1,0,32,5.426528,0.992082,1.000000,1,none,3.107770,-1,-3.141593,-0.033823,-0.023375,-17.980866,299375005.391089,299375005.391089,575.254563,568.145651,0.999900,0.999892,5.763259,5.912741,1,1,0,nan,nan,nan,nan,36.973539,5.849425,36.643117,5.794538,corrected tone and dither skew estimates disagree,42.779995,21.916846,20.863149,
skew,actuator_characterization_repeat,0,17,3,723,1,none,1300000000.000000,2600000000.000000,1.000000,1,0,32,5.426528,0.992082,1.000000,1,none,3.097110,-1,-3.141593,-0.044482,-0.030742,-23.647871,299375005.391089,299375005.391089,575.477475,564.445369,0.999964,0.999961,3.447184,3.506950,1,1,0,nan,nan,nan,nan,41.440977,6.591524,41.123546,6.538795,edge estimates disagree,-495.016529,217.645122,712.661652,
skew,actuator_characterization_repeat,0,17,4,724,1,none,1300000000.000000,2600000000.000000,1.000000,1,0,32,5.426528,0.992082,1.000000,1,none,3.093701,-1,-3.141593,-0.047891,-0.033098,-25.460197,299375005.391089,299375005.391089,575.083480,563.290374,0.999914,0.999924,5.323016,4.911435,1,1,0,nan,nan,nan,nan,37.661162,5.963648,38.180179,6.049864,edge estimates disagree,-253.779124,225.948623,479.727747,
skew,actuator_characterization_repeat,0,17,5,725,1,none,1300000000.000000,2600000000.000000,1.000000,1,0,32,5.426528,0.992082,1.000000,1,none,3.102433,-1,-3.141593,-0.039160,-0.027064,-20.818268,299375005.391089,299375005.391089,575.458915,566.406670,0.999966,0.999964,3.377339,3.384716,1,1,0,nan,nan,nan,nan,41.618494,6.621012,41.461823,6.594987,skew outside supported linear range,199.284754,201.114431,1.829678,
skew,actuator_characterization_repeat,0,17,6,726,1,none,1300000000.000000,2600000000.000000,1.000000,1,0,32,5.426528,0.992082,1.000000,1,none,3.085969,-1,-3.141593,-0.055624,-0.038442,-29.570941,299375005.391089,299375005.391089,573.265056,559.420464,0.999947,0.999950,4.169146,3.972442,1,1,0,nan,nan,nan,nan,39.755867,6.311606,39.963317,6.346066,edge estimates disagree,135.751225,-276.749252,412.500477,
skew,actuator_characterization_repeat,0,17,7,727,1,none,1300000000.000000,2600000000.000000,1.000000,1,0,32,5.426528,0.992082,1.000000,1,none,3.082803,-1,-3.141593,-0.058789,-0.040630,-31.253896,299375005.391089,299375005.391089,572.278403,557.872573,0.999853,0.999852,6.934533,6.788221,1,1,0,nan,nan,nan,nan,35.321503,5.575001,35.285280,5.568983,edge estimates disagree,180.082937,-153.211591,333.294528,
skew,actuator_characterization_repeat,0,17,8,728,1,none,1300000000.000000,2600000000.000000,1.000000,1,0,32,5.426528,0.992082,1.000000,1,none,3.082585,-1,-3.141593,-0.059008,-0.040781,-31.370120,299375005.391089,299375005.391089,572.411400,557.861938,0.999966,0.999963,3.327278,3.413118,1,1,0,nan,nan,nan,nan,41.702085,6.634898,41.257209,6.560998,skew outside supported linear range,114.980172,247.759671,132.779499,
skew,actuator_characterization_repeat,0,17,9,729,1,none,1300000000.000000,2600000000.000000,1.000000,1,0,32,5.426528,0.992082,1.000000,1,none,3.103004,-1,-3.141593,-0.038589,-0.026669,-20.514714,299375005.391089,299375005.391089,575.745688,566.612098,0.999955,0.999948,3.862689,4.085922,1,1,0,nan,nan,nan,nan,40.456518,6.427993,39.829615,6.323856,edge estimates disagree,-440.457446,296.234968,736.692414,
skew,actuator_characterization_repeat,0,17,10,730,1,none,1300000000.000000,2600000000.000000,1.000000,1,0,32,5.426528,0.992082,1.000000,1,none,3.082937,-1,-3.141593,-0.058656,-0.040538,-31.182712,299375005.391089,299375005.391089,572.607261,558.392073,0.999947,0.999944,4.187332,4.167573,1,1,0,nan,nan,nan,nan,39.708090,6.303669,39.530821,6.274223,edge estimates disagree,529.954658,-464.148985,994.103642,
skew,calibration,1,18,1,731,1,none,1300000000.000000,2600000000.000000,1.000000,1,0,29,5.426528,0.992082,1.000000,1,none,3.074597,-1,-3.141593,-0.066996,-0.046302,-35.616721,299375005.391089,299375005.391089,573.987667,564.734035,0.999955,0.999954,3.828935,3.824095,1,1,0,nan,nan,nan,nan,40.506192,6.436245,40.376006,6.414619,skew outside supported linear range,216.104280,-930.556475,1146.660754,
skew,calibration,1,18,2,732,1,none,1300000000.000000,2600000000.000000,1.000000,1,0,29,5.426528,0.992082,1.000000,1,none,3.027801,-1,-3.141593,-0.113791,-0.078643,-60.494245,299375005.391089,299375005.391089,575.274532,553.876140,0.999961,0.999957,3.590814,3.631425,1,1,0,nan,nan,nan,nan,41.083345,6.532117,40.656411,6.461198,edge estimates disagree,303.835401,-320.061756,623.897157,
skew,calibration,1,18,3,733,1,none,1300000000.000000,2600000000.000000,1.000000,1,0,29,5.426528,0.992082,1.000000,1,none,3.075513,-1,-3.141593,-0.066080,-0.045668,-35.129590,299375005.391089,299375005.391089,573.927252,564.995225,0.999966,0.999966,3.330296,3.289683,1,1,0,nan,nan,nan,nan,41.717181,6.637406,41.687513,6.632477,edge estimates disagree,362.787674,-453.135813,815.923487,
skew,calibration,1,18,4,734,1,none,1300000000.000000,2600000000.000000,1.000000,1,0,29,5.426528,0.992082,1.000000,1,none,3.022166,-1,-3.141593,-0.119426,-0.082537,-63.489933,299375005.391089,299375005.391089,574.812384,552.351668,0.999941,0.999950,4.413032,3.920148,1,1,0,nan,nan,nan,nan,39.285481,6.233469,39.967963,6.346838,edge estimates disagree,14.369632,-216.219255,230.588887,
skew,calibration,1,18,5,735,1,none,1300000000.000000,2600000000.000000,1.000000,1,0,29,5.426528,0.992082,1.000000,1,none,3.076225,-1,-3.141593,-0.065368,-0.045177,-34.751268,299375005.391089,299375005.391089,573.730764,564.964707,0.999938,0.999934,4.509003,4.592706,1,1,0,nan,nan,nan,nan,39.082253,6.199710,38.788753,6.150956,edge estimates disagree,70.980985,-220.076101,291.057086,
skew,calibration,1,18,6,736,1,none,1300000000.000000,2600000000.000000,1.000000,1,0,29,5.426528,0.992082,1.000000,1,none,3.039786,-1,-3.141593,-0.101806,-0.070359,-54.122613,299375005.391089,299375005.391089,575.518351,556.808981,0.999937,0.999928,4.574334,4.716086,1,1,0,nan,nan,nan,nan,38.984327,6.183443,38.432190,6.091726,skew outside supported linear range,626.748484,-8.047831,634.796315,
skew,calibration,1,18,7,737,1,none,1300000000.000000,2600000000.000000,1.000000,1,0,29,5.426528,0.992082,1.000000,1,none,3.071524,-1,-3.141593,-0.070068,-0.048425,-37.249962,299375005.391089,299375005.391089,574.310143,564.173740,0.999919,0.999924,5.158265,4.923234,1,1,0,nan,nan,nan,nan,37.922556,6.007069,38.172947,6.048662,edge estimates disagree,52.110855,-167.980008,220.090863,
skew,calibration,1,18,8,738,1,none,1300000000.000000,2600000000.000000,1.000000,1,0,29,5.426528,0.992082,1.000000,1,none,3.035600,-1,-3.141593,-0.105993,-0.073253,-56.348307,299375005.391089,299375005.391089,575.650696,555.642651,0.999940,0.999947,4.440775,4.040939,1,1,0,nan,nan,nan,nan,39.243705,6.226529,39.755966,6.311622,skew outside supported linear range,-197.952175,-226.945345,28.993170,
skew,calibration,1,18,9,739,1,none,1300000000.000000,2600000000.000000,1.000000,1,0,29,5.426528,0.992082,1.000000,1,none,3.067464,-1,-3.141593,-0.074128,-0.051231,-39.408411,299375005.391089,299375005.391089,574.823567,563.287784,0.999965,0.999965,3.408367,3.310229,1,1,0,nan,nan,nan,nan,41.529463,6.606223,41.607146,6.619127,edge estimates disagree,412.125997,-319.908886,732.034884,
skew,calibration,1,18,10,740,1,none,1300000000.000000,2600000000.000000,1.000000,1,0,29,5.426528,0.992082,1.000000,1,none,3.071744,-1,-3.141593,-0.069848,-0.048273,-37.132984,299375005.391089,299375005.391089,574.086603,564.179722,0.999935,0.999927,4.631233,4.827409,1,1,0,nan,nan,nan,nan,38.855316,6.162013,38.343768,6.077038,skew outside supported linear range,-274.011612,-265.381318,8.630293,
skew,calibration,2,19,1,741,1,none,1300000000.000000,2600000000.000000,1.000000,1,0,31,5.426528,0.992082,1.000000,1,none,3.096650,-1,-3.141593,-0.044943,-0.031060,-23.892588,299375005.391089,299375005.391089,575.411717,567.057004,0.999941,0.999932,4.417785,4.672006,1,1,0,nan,nan,nan,nan,39.285183,6.233419,38.672166,6.131589,edge estimates disagree,414.880045,-578.428691,993.308736,
skew,calibration,2,19,2,742,1,none,1300000000.000000,2600000000.000000,1.000000,1,0,31,5.426528,0.992082,1.000000,1,none,3.074820,-1,-3.141593,-0.066773,-0.046148,-35.498154,299375005.391089,299375005.391089,575.222458,560.584110,0.999964,0.999964,3.449610,3.375812,1,1,0,nan,nan,nan,nan,41.431018,6.589870,41.394951,6.583879,edge estimates disagree,265.805673,-329.375125,595.180798,
skew,calibration,2,19,3,743,1,none,1300000000.000000,2600000000.000000,1.000000,1,0,31,5.426528,0.992082,1.000000,1,none,3.097914,-1,-3.141593,-0.043679,-0.030187,-23.220619,299375005.391089,299375005.391089,575.123615,567.231569,0.999958,0.999954,3.727537,3.857415,1,1,0,nan,nan,nan,nan,40.756484,6.477821,40.338981,6.408469,edge estimates disagree,369.171532,-56.994651,426.166183,
skew,calibration,2,19,4,744,1,none,1300000000.000000,2600000000.000000,1.000000,1,0,31,5.426528,0.992082,1.000000,1,none,3.098278,-1,-3.141593,-0.043315,-0.029935,-23.027114,299375005.391089,299375005.391089,575.423899,567.308390,0.999963,0.999961,3.491051,3.545316,1,1,0,nan,nan,nan,nan,41.330334,6.573145,41.072986,6.530396,edge estimates disagree,313.499492,-358.892113,672.391606,
skew,calibration,2,19,5,745,1,none,1300000000.000000,2600000000.000000,1.000000,1,0,31,5.426528,0.992082,1.000000,1,none,3.092812,-1,-3.141593,-0.048781,-0.033713,-25.933086,299375005.391089,299375005.391089,575.421277,566.049401,0.999930,0.999915,4.814070,5.203628,1,1,0,nan,nan,nan,nan,38.539170,6.109497,37.720662,5.973532,edge estimates disagree,54.649449,-345.110010,399.759459,
skew,calibration,2,19,6,746,1,none,1300000000.000000,2600000000.000000,1.000000,1,0,31,5.426528,0.992082,1.000000,1,none,3.091210,-1,-3.141593,-0.050383,-0.034820,-26.784699,299375005.391089,299375005.391089,575.730277,565.707208,0.999951,0.999953,4.023092,3.878850,1,1,0,nan,nan,nan,nan,40.102882,6.369250,40.267474,6.396590,skew outside supported linear range,-171.193833,-218.314213,47.120380,
skew,calibration,2,19,7,747,1,none,1300000000.000000,2600000000.000000,1.000000,1,0,31,5.426528,0.992082,1.000000,1,none,3.062793,-1,-3.141593,-0.078800,-0.054459,-41.891731,299375005.391089,299375005.391089,573.768573,556.368515,0.999962,0.999960,3.515009,3.532979,1,1,0,nan,nan,nan,nan,41.245907,6.559121,40.934129,6.507330,edge estimates disagree,232.237496,-380.741962,612.979458,
skew,calibration,2,19,8,748,1,none,1300000000.000000,2600000000.000000,1.000000,1,0,31,5.426528,0.992082,1.000000,1,none,3.083271,-1,-3.141593,-0.058322,-0.040307,-31.005209,299375005.391089,299375005.391089,575.610623,563.161105,0.999953,0.999942,3.960842,4.280282,1,1,0,nan,nan,nan,nan,40.236526,6.391449,39.372906,6.247991,edge estimates disagree,20.971350,-114.105366,135.076716,
skew,calibration,2,19,9,749,1,none,1300000000.000000,2600000000.000000,1.000000,1,0,31,5.426528,0.992082,1.000000,1,none,3.069229,-1,-3.141593,-0.072363,-0.050011,-38.470014,299375005.391089,299375005.391089,574.545978,558.529555,0.999951,0.999944,4.028358,4.161361,1,1,0,nan,nan,nan,nan,40.073635,6.364391,39.545916,6.276730,edge estimates disagree,-182.728370,162.755974,345.484344,
skew,calibration,2,19,10,750,1,none,1300000000.000000,2600000000.000000,1.000000,1,0,31,5.426528,0.992082,1.000000,1,none,3.089636,-1,-3.141593,-0.051957,-0.035908,-27.621349,299375005.391089,299375005.391089,575.753674,565.082403,0.999904,0.999909,5.639380,5.382575,1,1,0,nan,nan,nan,nan,37.169808,5.882028,37.412135,5.922281,edge estimates disagree,145.239370,0.987517,144.251853,
skew,calibration,3,20,1,751,1,none,1300000000.000000,2600000000.000000,1.000000,1,0,32,5.426528,0.992082,1.000000,1,none,3.105024,-1,-3.141593,-0.036569,-0.025273,-19.440771,299375005.391089,299375005.391089,575.873967,567.129469,0.999960,0.999961,3.645608,3.544036,1,1,0,nan,nan,nan,nan,40.960849,6.511769,41.073383,6.530462,skew outside supported linear range,257.478125,218.952630,38.525495,
skew,calibration,3,20,2,752,1,none,1300000000.000000,2600000000.000000,1.000000,1,0,32,5.426528,0.992082,1.000000,1,none,3.105945,-1,-3.141593,-0.035647,-0.024636,-18.950894,299375005.391089,299375005.391089,575.766048,567.967858,0.999950,0.999950,4.050415,4.006975,1,1,0,nan,nan,nan,nan,40.044631,6.359573,40.019843,6.355456,edge estimates disagree,-57.760023,-230.142351,172.382327,
skew,calibration,3,20,3,753,1,none,1300000000.000000,2600000000.000000,1.000000,1,0,32,5.426528,0.992082,1.000000,1,none,3.108173,-1,-3.141593,-0.033420,-0.023097,-17.766765,299375005.391089,299375005.391089,575.627012,568.043156,0.999932,0.999935,4.749639,4.580830,1,1,0,nan,nan,nan,nan,38.659312,6.129454,38.858443,6.162532,edge estimates disagree,-111.593520,-83.705180,27.888340,
skew,calibration,3,20,4,754,1,none,1300000000.000000,2600000000.000000,1.000000,1,0,32,5.426528,0.992082,1.000000,1,none,3.108188,-1,-3.141593,-0.033405,-0.023086,-17.758709,299375005.391089,299375005.391089,575.385976,568.237612,0.999965,0.999965,3.426289,3.335908,1,1,0,nan,nan,nan,nan,41.492407,6.600068,41.616018,6.620601,edge estimates disagree,-287.243367,70.682039,357.925407,
skew,calibration,3,20,5,755,1,none,1300000000.000000,2600000000.000000,1.000000,1,0,32,5.426528,0.992082,1.000000,1,none,3.107516,-1,-3.141593,-0.034077,-0.023551,-18.116233,299375005.391089,299375005.391089,575.644422,567.940407,0.999919,0.999924,5.189626,4.964688,1,1,0,nan,nan,nan,nan,37.890064,6.001672,38.157916,6.046165,edge estimates disagree,-75.118862,112.911625,188.030487,
skew,calibration,3,20,6,756,1,none,1300000000.000000,2600000000.000000,1.000000,1,0,32,5.426528,0.992082,1.000000,1,none,3.097024,-1,-3.141593,-0.044569,-0.030802,-23.693998,299375005.391089,299375005.391089,575.372384,564.056985,0.999948,0.999950,4.142836,3.988904,1,1,0,nan,nan,nan,nan,39.842726,6.326034,39.999089,6.352008,edge estimates disagree,323.628769,-176.191214,499.819983,
skew,calibration,3,20,7,757,1,none,1300000000.000000,2600000000.000000,1.000000,1,0,32,5.426528,0.992082,1.000000,1,none,3.107860,-1,-3.141593,-0.033733,-0.023313,-17.933311,299375005.391089,299375005.391089,575.616665,567.912138,0.999966,0.999968,3.352504,3.214508,1,1,0,nan,nan,nan,nan,41.684980,6.632057,41.933032,6.673261,edge estimates disagree,631.846563,-671.547361,1303.393924,
skew,calibration,3,20,8,758,1,none,1300000000.000000,2600000000.000000,1.000000,1,0,32,5.426528,0.992082,1.000000,1,none,3.097535,-1,-3.141593,-0.044058,-0.030449,-23.422255,299375005.391089,299375005.391089,575.629473,564.484134,0.999964,0.999964,3.463204,3.406408,1,1,0,nan,nan,nan,nan,41.403000,6.585216,41.376803,6.580864,edge estimates disagree,254.183033,-236.204557,490.387590,
skew,calibration,3,20,9,759,1,none,1300000000.000000,2600000000.000000,1.000000,1,0,32,5.426528,0.992082,1.000000,1,none,3.107542,-1,-3.141593,-0.034051,-0.023533,-18.102069,299375005.391089,299375005.391089,575.615940,567.871983,0.999904,0.999907,5.637025,5.471060,1,1,0,nan,nan,nan,nan,37.171358,5.882285,37.313279,5.905860,edge estimates disagree,347.817834,-315.828859,663.646693,
skew,calibration,3,20,10,760,1,none,1300000000.000000,2600000000.000000,1.000000,1,0,32,5.426528,0.992082,1.000000,1,none,3.107501,-1,-3.141593,-0.034092,-0.023561,-18.124024,299375005.391089,299375005.391089,575.617032,567.964190,0.999855,0.999876,6.922512,6.335751,1,1,0,nan,nan,nan,nan,35.387099,5.585897,36.040157,5.694378,edge estimates disagree,181.254787,-247.449402,428.704189,
skew,calibration,4,21,1,761,1,none,1300000000.000000,2600000000.000000,1.000000,1,0,33,5.426528,0.992082,1.000000,1,none,3.118041,-1,-3.141593,-0.023551,-0.016277,-12.520513,299375005.391089,299375005.391089,575.675200,568.631352,0.999960,0.999960,3.649203,3.593545,1,1,0,nan,nan,nan,nan,40.949290,6.509849,40.975855,6.514262,edge estimates disagree,-327.923998,147.269310,475.193307,
skew,calibration,4,21,2,762,1,none,1300000000.000000,2600000000.000000,1.000000,1,0,33,5.426528,0.992082,1.000000,1,none,3.114366,-1,-3.141593,-0.027226,-0.018817,-14.474242,299375005.391089,299375005.391089,575.686140,567.257560,0.999956,0.999954,3.806944,3.855698,1,1,0,nan,nan,nan,nan,40.581887,6.448818,40.343246,6.409177,edge estimates disagree,-110.900240,140.158301,251.058541,
skew,calibration,4,21,3,763,1,none,1300000000.000000,2600000000.000000,1.000000,1,0,33,5.426528,0.992082,1.000000,1,none,3.112465,-1,-3.141593,-0.029128,-0.020131,-15.485131,299375005.391089,299375005.391089,575.126984,566.094638,0.999931,0.999935,4.796656,4.568008,1,1,0,nan,nan,nan,nan,38.566204,6.113987,38.852944,6.161619,edge estimates disagree,292.951057,-33.546808,326.497866,
skew,calibration,4,21,4,764,1,none,1300000000.000000,2600000000.000000,1.000000,1,0,33,5.426528,0.992082,1.000000,1,none,3.119104,-1,-3.141593,-0.022488,-0.015542,-11.955281,299375005.391089,299375005.391089,575.580671,568.659379,0.999957,0.999958,3.788822,3.705320,1,1,0,nan,nan,nan,nan,40.621739,6.455438,40.710229,6.470138,edge estimates disagree,-23.777383,-493.304495,469.527112,
skew,calibration,4,21,5,765,1,none,1300000000.000000,2600000000.000000,1.000000,1,0,33,5.426528,0.992082,1.000000,1,none,3.100916,-1,-3.141593,-0.040677,-0.028112,-21.624931,299375005.391089,299375005.391089,571.120234,559.271467,0.999968,0.999963,3.217020,3.390209,1,1,0,nan,nan,nan,nan,41.975175,6.680262,41.337624,6.574356,skew outside supported linear range,323.118411,-743.782031,1066.900442,
skew,calibration,4,21,6,766,1,none,1300000000.000000,2600000000.000000,1.000000,1,0,33,5.426528,0.992082,1.000000,1,none,3.101920,-1,-3.141593,-0.039673,-0.027418,-21.091092,299375005.391089,299375005.391089,571.261971,559.374105,0.999964,0.999964,3.439483,3.372389,1,1,0,nan,nan,nan,nan,41.396542,6.584143,41.384993,6.582225,skew outside supported linear range,-211.565876,-707.069482,495.503606,
skew,calibration,4,21,7,767,1,none,1300000000.000000,2600000000.000000,1.000000,1,0,33,5.426528,0.992082,1.000000,1,none,3.117933,-1,-3.141593,-0.023660,-0.016351,-12.578039,299375005.391089,299375005.391089,575.977173,568.733174,0.999932,0.999928,4.766627,4.815948,1,1,0,nan,nan,nan,nan,38.633582,6.125180,38.434235,6.092066,edge estimates disagree,328.948586,-50.645015,379.593600,
skew,calibration,4,21,8,768,1,none,1300000000.000000,2600000000.000000,1.000000,1,0,33,5.426528,0.992082,1.000000,1,none,3.113576,-1,-3.141593,-0.028016,-0.019362,-14.894102,299375005.391089,299375005.391089,575.353485,566.444333,0.999952,0.999950,3.982352,3.999731,1,1,0,nan,nan,nan,nan,40.185603,6.382990,40.012229,6.354191,edge estimates disagree,342.172277,-596.351765,938.524042,
skew,calibration,4,21,9,769,1,none,1300000000.000000,2600000000.000000,1.000000,1,0,33,5.426528,0.992082,1.000000,1,none,3.107212,-1,-3.141593,-0.034381,-0.023761,-18.277724,299375005.391089,299375005.391089,573.581694,562.818354,0.999963,0.999963,3.489352,3.421608,1,1,0,nan,nan,nan,nan,41.306709,6.569221,41.312460,6.570176,skew outside supported linear range,735.366313,-56.915573,792.281886,
skew,calibration,4,21,10,770,1,none,1300000000.000000,2600000000.000000,1.000000,1,0,33,5.426528,0.992082,1.000000,1,none,3.112613,-1,-3.141593,-0.028980,-0.020028,-15.406395,299375005.391089,299375005.391089,575.051851,566.003084,0.999966,0.999965,3.378917,3.332468,1,1,0,nan,nan,nan,nan,41.608290,6.619317,41.590755,6.616404,edge estimates disagree,878.235395,-76.652022,954.887417,
skew,calibration,5,22,1,771,1,none,1300000000.000000,2600000000.000000,1.000000,1,0,34,5.426528,0.992082,1.000000,1,none,3.121342,-1,-3.141593,-0.020250,-0.013995,-10.765636,299375005.391089,299375005.391089,569.365760,560.424792,0.999900,0.999904,5.679205,5.479620,1,1,0,nan,nan,nan,nan,37.011776,5.855777,37.185039,5.884558,edge estimates disagree,-214.657507,79.569950,294.227457,
skew,calibration,5,22,2,772,1,none,1300000000.000000,2600000000.000000,1.000000,1,0,34,5.426528,0.992082,1.000000,1,none,3.129667,-1,-3.141593,-0.011925,-0.008242,-6.339849,299375005.391089,299375005.391089,575.582476,569.337938,0.999945,0.999941,4.275443,4.362730,1,1,0,nan,nan,nan,nan,39.572230,6.281101,39.301936,6.236202,skew outside supported linear range,277.762321,282.465622,4.703301,
skew,calibration,5,22,3,773,1,none,1300000000.000000,2600000000.000000,1.000000,1,0,34,5.426528,0.992082,1.000000,1,none,3.129933,-1,-3.141593,-0.011660,-0.008058,-6.198582,299375005.391089,299375005.391089,575.393781,569.331216,0.999952,0.999943,3.971822,4.288229,1,1,0,nan,nan,nan,nan,40.209207,6.386911,39.451441,6.261037,skew outside supported linear range,514.218316,-998.815095,1513.033411,
skew,calibration,5,22,4,774,1,none,1300000000.000000,2600000000.000000,1.000000,1,0,34,5.426528,0.992082,1.000000,1,none,3.128006,-1,-3.141593,-0.013587,-0.009390,-7.223153,299375005.391089,299375005.391089,575.492260,568.262015,0.999917,0.999915,5.235274,5.230311,1,1,0,nan,nan,nan,nan,37.811702,5.988655,37.710122,5.971781,edge estimates disagree,252.350932,-227.127135,479.478067,
skew,calibration,5,22,5,775,1,none,1300000000.000000,2600000000.000000,1.000000,1,0,34,5.426528,0.992082,1.000000,1,none,3.129027,-1,-3.141593,-0.012566,-0.008684,-6.680306,299375005.391089,299375005.391089,575.842859,569.492697,0.999943,0.999933,4.352157,4.647320,1,1,0,nan,nan,nan,nan,39.421689,6.256095,38.755412,6.145417,edge estimates disagree,585.525289,-219.795299,805.320588,
skew,calibration,5,22,6,776,1,none,1300000000.000000,2600000000.000000,1.000000,1,0,34,5.426528,0.992082,1.000000,1,none,3.123277,-1,-3.141593,-0.018316,-0.012658,-9.737074,299375005.391089,299375005.391089,571.904027,563.348897,0.999946,0.999954,4.209035,3.804417,1,1,0,nan,nan,nan,nan,39.652512,6.294437,40.399488,6.418520,skew outside supported linear range,539.759887,-89.571019,629.330905,
skew,calibration,5,22,7,777,1,none,1300000000.000000,2600000000.000000,1.000000,1,0,34,5.426528,0.992082,1.000000,1,none,3.128207,-1,-3.141593,-0.013386,-0.009251,-7.116152,299375005.391089,299375005.391089,575.325924,568.797805,0.999937,0.999943,4.565409,4.278868,1,1,0,nan,nan,nan,nan,38.998385,6.185778,39.462281,6.262837,corrected tone and dither skew estimates disagree,41.924766,21.199030,20.725736,
skew,calibration,5,22,8,778,1,none,1300000000.000000,2600000000.000000,1.000000,1,0,34,5.426528,0.992082,1.000000,1,none,3.128428,-1,-3.141593,-0.013165,-0.009099,-6.998876,299375005.391089,299375005.391089,575.607384,569.045537,0.999962,0.999961,3.547091,3.574707,1,1,0,nan,nan,nan,nan,41.194780,6.550628,41.027831,6.522895,edge estimates disagree,211.706373,-337.967017,549.673390,
skew,calibration,5,22,9,779,1,none,1300000000.000000,2600000000.000000,1.000000,1,0,34,5.426528,0.992082,1.000000,1,none,3.129570,-1,-3.141593,-0.012023,-0.008309,-6.391783,299375005.391089,299375005.391089,575.487270,569.417513,0.999877,0.999874,6.387240,6.383775,1,1,1,0.021020,16.168984,0.029329,22.560766,36.084150,5.701686,35.996765,5.687170,none,11.143493,20.834541,9.691049,
skew,calibration,5,22,10,780,1,none,1300000000.000000,2600000000.000000,1.000000,1,0,34,5.426528,0.992082,1.000000,1,none,3.128755,-1,-3.141593,-0.012838,-0.008872,-6.824903,299375005.391089,299375005.391089,575.504152,568.718406,0.999960,0.999958,3.626278,3.688179,0,0,0,nan,nan,nan,nan,41.001448,6.518513,40.751406,6.476978,event profile aggregation failed,nan,nan,nan,
skew,calibration,6,23,1,781,1,none,1300000000.000000,2600000000.000000,1.000000,1,0,34,5.426528,0.992082,1.000000,1,none,3.121373,-1,-3.141593,-0.020220,-0.013974,-10.749357,299375005.391089,299375005.391089,569.885523,560.926190,0.999885,0.999880,6.128745,6.136537,1,1,0,nan,nan,nan,nan,36.358022,5.747180,36.209347,5.722483,edge estimates disagree,115.171243,-201.234987,316.406230,
skew,calibration,6,23,2,782,1,none,1300000000.000000,2600000000.000000,1.000000,1,0,34,5.426528,0.992082,1.000000,1,none,3.129679,-1,-3.141593,-0.011913,-0.008233,-6.333448,299375005.391089,299375005.391089,575.624480,569.256422,0.999964,0.999963,3.459235,3.441872,1,1,0,nan,nan,nan,nan,41.412885,6.586858,41.359965,6.578067,skew outside supported linear range,-183.248874,-677.516307,494.267433,
skew,calibration,6,23,3,783,1,none,1300000000.000000,2600000000.000000,1.000000,1,0,34,5.426528,0.992082,1.000000,1,none,3.123895,-1,-3.141593,-0.017698,-0.012231,-9.408688,299375005.391089,299375005.391089,571.352311,563.140733,0.999958,0.999960,3.696718,3.542498,1,1,0,nan,nan,nan,nan,40.771454,6.480308,41.015848,6.520905,edge estimates disagree,68.297613,166.664846,98.367233,
skew,calibration,6,23,4,784,1,none,1300000000.000000,2600000000.000000,1.000000,1,0,34,5.426528,0.992082,1.000000,1,none,3.122197,-1,-3.141593,-0.019396,-0.013405,-10.311374,299375005.391089,299375005.391089,570.423329,561.427980,0.999927,0.999943,4.887259,4.226105,1,1,0,nan,nan,nan,nan,38.332338,6.075139,39.456776,6.261923,edge estimates disagree,365.727070,-644.283881,1010.010951,
skew,calibration,6,23,5,785,1,none,1300000000.000000,2600000000.000000,1.000000,1,0,34,5.426528,0.992082,1.000000,1,none,3.129346,-1,-3.141593,-0.012247,-0.008464,-6.510696,299375005.391089,299375005.391089,575.853025,569.185004,0.999962,0.999966,3.548211,3.336736,1,1,0,nan,nan,nan,nan,41.195745,6.550788,41.628331,6.622646,edge estimates disagree,151.351990,-281.409652,432.761641,
skew,calibration,6,23,6,786,1,none,1300000000.000000,2600000000.000000,1.000000,1,0,34,5.426528,0.992082,1.000000,1,none,3.129644,-1,-3.141593,-0.011948,-0.008258,-6.351980,299375005.391089,299375005.391089,575.965294,569.486988,0.999965,0.999966,3.383156,3.325982,1,1,0,nan,nan,nan,nan,41.611186,6.619798,41.660977,6.628069,skew outside supported linear range,24.973730,-396.969922,421.943652,
skew,calibration,6,23,7,787,1,none,1300000000.000000,2600000000.000000,1.000000,1,0,34,5.426528,0.992082,1.000000,1,none,3.122002,-1,-3.141593,-0.019591,-0.013540,-10.415032,299375005.391089,299375005.391089,570.131027,561.110275,0.999946,0.999942,4.210386,4.291358,1,1,0,nan,nan,nan,nan,39.622755,6.289494,39.318770,6.238998,edge estimates disagree,49.990652,-56.573607,106.564259,
skew,calibration,6,23,8,788,1,none,1300000000.000000,2600000000.000000,1.000000,1,0,34,5.426528,0.992082,1.000000,1,none,3.127487,-1,-3.141593,-0.014106,-0.009749,-7.499009,299375005.391089,299375005.391089,575.100164,567.686937,0.999910,0.999893,5.445021,5.867269,1,1,0,nan,nan,nan,nan,37.464579,5.930993,36.703158,5.804511,edge estimates disagree,72.278338,-95.825347,168.103686,
skew,calibration,6,23,9,789,1,none,1300000000.000000,2600000000.000000,1.000000,1,0,34,5.426528,0.992082,1.000000,1,none,3.125319,-1,-3.141593,-0.016274,-0.011247,-8.651450,299375005.391089,299375005.391089,573.553260,565.679221,0.999927,0.999915,4.888099,5.203231,1,1,0,nan,nan,nan,nan,38.378376,6.082787,37.715642,5.972698,skew outside supported linear range,338.657142,153.479340,185.177802,
skew,calibration,6,23,10,790,1,none,1300000000.000000,2600000000.000000,1.000000,1,0,34,5.426528,0.992082,1.000000,1,none,3.126531,-1,-3.141593,-0.015062,-0.010409,-8.007082,299375005.391089,299375005.391089,574.965561,567.703043,0.999963,0.999959,3.503187,3.612648,1,1,0,nan,nan,nan,nan,41.293271,6.566988,40.915611,6.504254,edge estimates disagree,-208.193100,50.456850,258.649950,
skew,calibration,7,24,1,791,1,none,1300000000.000000,2600000000.000000,1.000000,1,0,35,5.426528,0.992082,1.000000,1,none,3.140737,-1,-3.141593,-0.000855,-0.000591,-0.454744,299375005.391089,299375005.391089,571.435587,565.626368,0.999964,0.999963,3.403477,3.420948,1,1,0,nan,nan,nan,nan,41.490588,6.599765,41.357365,6.577635,edge estimates disagree,282.075556,-89.433000,371.508556,
skew,calibration,7,24,2,792,1,none,1300000000.000000,2600000000.000000,1.000000,1,0,35,5.426528,0.992082,1.000000,1,none,3.140647,-1,-3.141593,-0.000946,-0.000654,-0.502812,299375005.391089,299375005.391089,575.046410,569.714624,0.999951,0.999953,4.023724,3.907592,1,1,0,nan,nan,nan,nan,40.091195,6.367308,40.264664,6.396124,edge estimates disagree,270.608002,-45.795465,316.403467,
skew,calibration,7,24,3,793,1,none,1300000000.000000,2600000000.000000,1.000000,1,0,35,5.426528,0.992082,1.000000,1,none,3.141138,-1,-3.141593,-0.000454,-0.000314,-0.241522,299375005.391089,299375005.391089,575.120594,569.660096,0.999947,0.999954,4.189104,3.876700,1,1,0,nan,nan,nan,nan,39.742455,6.309378,40.332772,6.407437,edge estimates disagree,399.885523,-216.180343,616.065866,
skew,calibration,7,24,4,794,1,none,1300000000.000000,2600000000.000000,1.000000,1,0,35,5.426528,0.992082,1.000000,1,none,3.141018,-1,-3.141593,-0.000575,-0.000397,-0.305509,299375005.391089,299375005.391089,575.183229,570.063000,0.999905,0.999900,5.608112,5.702141,1,1,0,nan,nan,nan,nan,37.209490,5.888620,36.987399,5.851727,edge estimates disagree,52.929860,-77.847051,130.776911,
skew,calibration,7,24,5,795,1,none,1300000000.000000,2600000000.000000,1.000000,1,0,35,5.426528,0.992082,1.000000,1,none,3.141335,-1,-3.141593,-0.000258,-0.000178,-0.137176,299375005.391089,299375005.391089,569.876030,564.707078,0.999965,0.999963,3.385598,3.417860,1,1,0,nan,nan,nan,nan,41.512600,6.603422,41.351079,6.576591,skew outside supported linear range,804.657790,-200.673186,1005.330976,
skew,calibration,7,24,6,796,1,none,1300000000.000000,2600000000.000000,1.000000,1,0,35,5.426528,0.992082,1.000000,1,none,3.141033,-1,-3.141593,-0.000559,-0.000387,-0.297351,299375005.391089,299375005.391089,570.344912,564.739865,0.999966,0.999965,3.305540,3.323956,1,1,0,nan,nan,nan,nan,41.727602,6.639137,41.593564,6.616871,edge estimates disagree,277.392869,-182.164376,459.557245,
skew,calibration,7,24,7,797,1,none,1300000000.000000,2600000000.000000,1.000000,1,0,35,5.426528,0.992082,1.000000,1,none,3.140598,-1,-3.141593,-0.000995,-0.000688,-0.528861,299375005.391089,299375005.391089,575.329169,569.831638,0.999942,0.999942,4.391328,4.329937,1,1,0,nan,nan,nan,nan,39.336111,6.241879,39.374999,6.248339,edge estimates disagree,-214.465266,-94.449054,120.016212,
skew,calibration,7,24,8,798,1,none,1300000000.000000,2600000000.000000,1.000000,1,0,35,5.426528,0.992082,1.000000,1,none,3.141030,-1,-3.141593,-0.000563,-0.000389,-0.299279,299375005.391089,299375005.391089,575.370127,569.874166,0.999944,0.999950,4.316947,4.026903,1,1,0,nan,nan,nan,nan,39.485112,6.266630,40.005856,6.353132,edge estimates disagree,-22.974548,-262.950922,239.976374,
skew,calibration,7,24,9,799,1,none,1300000000.000000,2600000000.000000,1.000000,1,0,35,5.426528,0.992082,1.000000,1,none,-3.141202,-1,3.141593,0.000390,0.000270,0.207454,299375005.391089,299375005.391089,570.244772,564.444152,0.999919,0.999912,5.131338,5.281996,1,1,0,nan,nan,nan,nan,37.906313,6.004371,37.566158,5.947867,edge estimates disagree,-65.340532,-316.600990,251.260458,
skew,calibration,7,24,10,800,1,none,1300000000.000000,2600000000.000000,1.000000,1,0,35,5.426528,0.992082,1.000000,1,none,3.141473,-1,-3.141593,-0.000120,-0.000083,-0.063739,299375005.391089,299375005.391089,570.635726,564.688903,0.999963,0.999961,3.492309,3.512728,1,1,0,nan,nan,nan,nan,41.254625,6.560569,41.112994,6.537042,skew outside supported linear range,-464.444439,-234.670107,229.774332,
skew,calibration,8,25,1,801,1,none,1300000000.000000,2600000000.000000,1.000000,1,0,35,5.426528,0.992082,1.000000,1,none,3.140654,-1,-3.141593,-0.000938,-0.000648,-0.498771,299375005.391089,299375005.391089,575.189202,569.412106,0.999928,0.999919,4.877272,5.113143,1,1,0,nan,nan,nan,nan,38.422376,6.090096,37.924475,6.007388,edge estimates disagree,470.934049,-493.094260,964.028309,
skew,calibration,8,25,2,802,1,none,1300000000.000000,2600000000.000000,1.000000,1,0,35,5.426528,0.992082,1.000000,1,none,-3.140810,-1,3.141593,0.000782,0.000541,0.415882,299375005.391089,299375005.391089,568.736432,563.325062,0.999963,0.999964,3.459462,3.388584,1,1,0,nan,nan,nan,nan,41.307749,6.569394,41.404517,6.585468,skew outside supported linear range,-12.451753,-448.479722,436.027969,
skew,calibration,8,25,3,803,1,none,1300000000.000000,2600000000.000000,1.000000,1,0,35,5.426528,0.992082,1.000000,1,none,-3.141574,-1,3.141593,0.000018,0.000013,0.009792,299375005.391089,299375005.391089,569.109975,563.194186,0.999963,0.999962,3.447955,3.452933,1,1,0,nan,nan,nan,nan,41.342393,6.575148,41.239100,6.557990,edge estimates disagree,306.591479,-324.965050,631.556529,
skew,calibration,8,25,4,804,1,none,1300000000.000000,2600000000.000000,1.000000,1,0,35,5.426528,0.992082,1.000000,1,none,3.141237,-1,-3.141593,-0.000356,-0.000246,-0.189231,299375005.391089,299375005.391089,572.707772,567.006794,0.999959,0.999960,3.660791,3.575356,1,1,0,nan,nan,nan,nan,40.876863,6.497818,40.995079,6.517455,skew outside supported linear range,-431.846077,-158.394965,273.451112,
skew,calibration,8,25,5,805,1,none,1300000000.000000,2600000000.000000,1.000000,1,0,35,5.426528,0.992082,1.000000,1,none,3.140225,-1,-3.141593,-0.001368,-0.000946,-0.727332,299375005.391089,299375005.391089,575.014483,569.862627,0.999943,0.999935,4.352839,4.587661,1,1,0,nan,nan,nan,nan,39.407825,6.253791,38.873278,6.164996,edge estimates disagree,397.163843,-354.762918,751.926761,
skew,calibration,8,25,6,806,1,none,1300000000.000000,2600000000.000000,1.000000,1,0,35,5.426528,0.992082,1.000000,1,none,3.141019,-1,-3.141593,-0.000573,-0.000396,-0.304761,299375005.391089,299375005.391089,571.379576,565.801555,0.999918,0.999918,5.175213,5.110264,1,1,0,nan,nan,nan,nan,37.849629,5.994955,37.874115,5.999022,edge estimates disagree,-193.479459,-89.052363,104.427096,
skew,calibration,8,25,7,807,1,none,1300000000.000000,2600000000.000000,1.000000,1,0,35,5.426528,0.992082,1.000000,1,none,3.141062,-1,-3.141593,-0.000531,-0.000367,-0.282251,299375005.391089,299375005.391089,575.746634,569.948673,0.999959,0.999955,3.698751,3.809090,1,1,0,nan,nan,nan,nan,40.833226,6.490569,40.489990,6.433553,edge estimates disagree,336.624959,-637.289565,973.914524,
skew,calibration,8,25,8,808,1,none,1300000000.000000,2600000000.000000,1.000000,1,0,35,5.426528,0.992082,1.000000,1,none,3.140843,-1,-3.141593,-0.000750,-0.000518,-0.398607,299375005.391089,299375005.391089,574.533338,568.977351,0.999901,0.999913,5.720551,5.300437,1,1,0,nan,nan,nan,nan,37.027248,5.858347,37.605367,5.954380,edge estimates disagree,344.021782,-90.460666,434.482447,
skew,calibration,8,25,9,809,1,none,1300000000.000000,2600000000.000000,1.000000,1,0,35,5.426528,0.992082,1.000000,1,none,3.141260,-1,-3.141593,-0.000333,-0.000230,-0.176840,299375005.391089,299375005.391089,573.924901,567.779530,0.999949,0.999950,4.092328,3.999015,1,1,0,nan,nan,nan,nan,39.927392,6.340098,40.034234,6.357846,edge estimates disagree,309.318828,-628.017869,937.336697,
skew,calibration,8,25,10,810,1,none,1300000000.000000,2600000000.000000,1.000000,1,0,35,5.426528,0.992082,1.000000,1,none,-3.141575,-1,3.141593,0.000017,0.000012,0.009161,299375005.391089,299375005.391089,573.459757,568.164043,0.999898,0.999892,5.778479,5.913890,1,1,0,nan,nan,nan,nan,36.923488,5.841111,36.641711,5.794304,edge estimates disagree,261.389281,-282.100816,543.490097,
