0
18282
27369
22690
6598
-12812
-25778
-25778
-12812
6598
22690
27369
18282
0
-18282
-27369
-22690
-6598
12812
25778
25778
12812
-6598
-22690
-27369
-18282
0
18282
27369
22690
6598
-12812
-25778
-25778
-12812
6598
22690
27369
18282
0
-18282
-27369
-22690
-6598
12812
25778
25778
12812
-6598
-22690
-27369
-18282
0
18282
27369
22690
6598
-12812
-25778
-25778
-12812
6598
22690
27369
18282
0
-18282
-27369
-22690
-6598
12812
25778
25778
12812
-6598
-22690
-27369
-18282
0
18282
27369
22690
6598
-12812
-25778
-25778
-12812
6598
22690
27369
18282
0
-18282
-27369
-22690
-6598
12812
25778
25778
12812
-6598
-22690
-27369
-18282
0
18282
27369
22690
6598
-12812
-25778
-25778
-12812
6598
22690
27369
18282
0
-18282
-27369
-22690
-6598
12812
25778
25778
12812
-6598
-22690
-27369
-18282
0
18282
27369
22690
6598
-12812
-25778
-25778
-12812
6598
22690
27369
18282
0
-18282
-27369
-22690
-6598
12812
25778
25778
12812
-6598
-22690
-27369
-18282
0
18282
27369
22690
6598
-12812
-25778
-25778
-12812
6598
22690
27369
18282
0
-18282
-27369
-22690
-6598
12812
25778
25778
12812
-6598
-22690
-27369
-18282
0
18282
27369
22690
6598
-12812
-25778
-25778
-12812
6598
22690
27369
18282
0
-18282
-27369
-22690
-6598
12812
25778
25778
12812
-6598
-22690
-27369
-18282
0
18282
27369
22690
6598
-12812
-25778
-25778
-12812
6598
22690
27369
18282
0
-18282
-27369
-22690
-6598
12812
25778
25778
12812
-6598
-22690
-27369
-18282
0
18282
27369
22690
6598
-12812
-25778
-25778
-12812
6598
22690
27369
18282
0
-18282
-27369
-22690
-6598
12812
25778
25778
12812
-6598
-22690
-27369
-18282
0
18282
27369
22690
6598
-12812
-25778
-25778
-12812
6598
22690
27369
18282
0
-18282
-27369
-22690
-6598
12812
25778
25778
12812
-6598
-22690
-27369
-18282
0
18282
27369
22694
6617
-12770
-25705
-25667
-12658
6799
22940
27668
18628
389
-17856
-26911
-22209
-6103
13312
26278
26278
13312
-6098
-22190
-26869
-17782
500
18782
27869
23190
7098
-12312
-25278
-25278
-12312
7098
23190
27869
18782
500
-17782
-26869
-22190
-6098
13312
26278
26278
13312
-6098
-22190
-26869
-17787
481
18740
27796
23079
6944
-12514
-25528
-25577
-12658
6709
22763
27411
18301
5
-18282
-27369
-22690
-6598
12812
25778
25778
12812
-6598
-22690
-27369
-18282
0
18282
27369
22690
6598
-12812
-25778
-25778
-12812
6598
22690
27369
18282
0
-18282
-27369
-22690
-6598
12812
25778
25778
12812
-6598
-22690
-27369
-18282
0
18282
27369
22690
6598
-12812
-25778
-25778
-12812
6598
22690
27369
18282
0
-18282
-27369
-22690
-6598
12812
25778
25778
12812
-6598
-22690
-27369
-18282
0
18282
27369
22690
6598
-12812
-25778
-25778
-12812
6598
22690
27369
18282
0
-18282
-27369
-22690
-6598
12812
25778
25778
12812
-6598
-22690
-27369
-18282
0
18282
27369
22690
6598
-12812
-25778
-25778
-12812
6598
22690
27369
18282
0
-18282
-27369
-22690
-6598
12812
25778
25778
12812
-6598
-22690
-27369
-18282
0
18282
27369
22690
6598
-12812
-25778
-25778
-12812
6598
22690
27369
18282
0
-18282
-27369
-22690
-6598
12812
25778
25778
12812
-6598
-22690
-27369
-18282
0
18282
27369
22690
6598
-12812
-25778
-25778
-12812
6598
22690
27369
18282
0
-18282
-27369
-22690
-6598
12812
25778
25778
12812
-6598
-22690
-27369
-18282
0
18282
27369
22690
6598
-12812
-25778
-25778
-12812
6598
22690
27369
18282
0
-18282
-27369
-22690
-6598
12812
25778
25778
12812
-6598
-22690
-27369
-18282
0
18282
27369
22690
6598
-12812
-25778
-25778
-12812
6598
22690
27369
18282
0
-18282
-27369
-22690
-6598
12812
25778
25778
12812
-6598
-22690
-27369
-18282
0
18282
27369
22690
6598
-12812
-25778
-25778
-12812
6598
22690
27369
18282
0
-18282
-27369
-22690
-6598
12812
25778
25778
12812
-6598
-22690
-27369
-18282
0
18282
27369
22690
6598
-12812
-25778
-25778
-12812
6598
22690
27369
18282
0
-18282
-27369
-22690
-6598
12812
25778
25778
12812
-6598
-22690
-27369
-18282
0
18282
27369
22690
6598
-12812
-25778
-25778
-12812
6598
22690
27369
18282
0
-18282
-27369
-22690
-6598
12812
25778
25778
12812
-6598
-22690
-27369
-18282
0
18282
27369
22690
6598
-12812
-25778
-25778
-12812
6598
22690
27369
18282
0
-18282
-27369
-22690
-6598
12812
25778
25778
12812
-6598
-22690
-27369
-18282
0
18282
27369
22690
6598
-12812
-25778
-25778
-12812
6598
22690
27369
18282
0
-18282
-27369
-22690
-6598
12812
25778
25778
12812
-6598
-22690
-27369
-18282
0
18282
27369
22690
6598
-12812
-25778
-25778
-12812
6598
22690
27369
18282
0
-18282
-27369
-22690
-6598
12812
25778
25778
12812
-6598
-22690
-27369
-18282
0
18282
27369
22690
6598
-12812
-25778
-25778
-12812
6598
22690
27369
18282
0
-18282
-27369
-22690
-6598
12812
25778
25778
12812
-6598
-22690
-27369
-18282
0
18282
27369
22690
6598
-12812
-25778
-25778
-12812
6598
22690
27369
18282
0
-18282
-27369
-22690
-6598
12812
25778
25778
12812
-6598
-22690
-27369
-18282
0
18282
27369
22690
6598
-12812
-25778
-25778
-12812
6598
22690
27369
18282
0
-18282
-27369
-22690
-6598
12812
25778
25778
12812
-6598
-22690
-27369
-18282
0
18282
27369
22690
6598
-12812
-25778
-25778
-12812
6598
22690
27369
18282
0
-18282
-27369
-22690
-6598
12812
25778
25778
12812
-6598
-22690
-27369
-18282
0
18282
27369
22690
6598
-12812
-25778
-25778
-12812
6598
22690
27369
18282
0
-18282
-27369
-22690
-6598
12812
25778
25778
12812
-6598
-22690
-27369
-18282
0
18282
27369
22690
6598
-12812
-25778
-25778
-12812
6598
22690
27369
18282
0
-18282
-27369
-22690
-6598
12812
25778
25778
12812
-6598
-22690
-27369
-18282
0
18282
27369
22690
6598
-12812
-25778
-25778
-12812
6598
22690
27369
18282
0
-18282
-27369
-22690
-6598
12812
25778
25778
12812
-6598
-22690
-27369
-18282
0
18282
27369
22690
6598
-12812
-25778
-25778
-12812
6598
22690
27369
18282
0
-18282
-27369
-22690
-6598
12812
25774
25759
12770
-6671
-22801
-27523
-18484
-250
17984
27023
22301
6171
-13270
-26259
-26274
-13312
6098
22190
26869
17782
-500
-18782
-27869
-23190
-7098
12312
25278
25278
12312
-7098
-23190
-27869
-18782
-500
17782
26869
22190
6098
-13312
-26278
-26278
-13312
6098
22190
26869
17782
-500
-18782
-27864
-23171
-7056
12386
25390
25433
12514
-6848
-22891
-27523
-18393
-73
18240
27350
22685
6598
-12812
-25778
-25778
-12812
6598
22690
27369
18282
0
-18282
-27369
-22690
-6598
12812
25778
25778
12812
-6598
-22690
-27369
-18282
0
18282
27369
22690
6598
-12812
-25778
-25778
-12812
6598
22690
27369
18282
0
-18282
-27369
-22690
-6598
12812
25778
25778
12812
-6598
-22690
-27369
-18282
0
18282
27369
22690
6598
-12812
-25778
-25778
-12812
6598
22690
27369
18282
0
-18282
-27369
-22690
-6598
12812
25778
25778
12812
-6598
-22690
-27369
-18282
0
18282
27369
22690
6598
-12812
-25778
-25778
-12812
6598
22690
27369
18282
0
-18282
-27369
-22690
-6598
12812
25778
25778
12812
-6598
-22690
-27369
-18282
0
18282
27369
22690
6598
-12812
-25778
-25778
-12812
6598
22690
27369
18282
0
-18282
-27369
-22690
-6598
12812
25778
25778
12812
-6598
-22690
-27369
-18282
0
18282
27369
22690
6598
-12812
-25778
-25778
-12812
6598
22690
27369
18282
0
-18282
-27369
-22690
-6598
12812
25778
25778
12812
-6598
-22690
-27369
-18282
0
18282
27369
22690
6598
-12812
-25778
-25778
-12812
6598
22690
27369
18282
0
-18282
-27369
-22690
-6598
12812
25778
25778
12812
-6598
-22690
-27369
-18282
0
18282
27369
22690
6598
-12812
-25778
-25778
-12812
6598
22690
27369
18282
0
-18282
-27369
-22690
-6598
12812
25778
25778
12812
-6598
-22690
-27369
-18282
0
18282
27369
22690
6598
-12812
-25778
-25778
-12812
6598
22690
27369
18282
0
-18282
-27369
-22690
-6598
12812
25778
25778
12812
-6598
-22690
-27369
-18282
0
18282
27369
22690
6598
-12812
-25778
-25778
-12812
6598
22690
27369
18282
0
-18282
-27369
-22690
-6598
12812
25778
25778
12812
-6598
-22690
-27369
-18282
0
18282
27369
22690
6598
-12812
-25778
-25778
-12812
6598
22690
27369
18282
0
-18282
-27369
-22690
-6598
12812
25778
25778
12812
-6598
-22690
-27369
-18282
0
18282
27369
22690
6598
-12812
-25778
-25778
-12812
6598
22690
27369
18282
0
-18282
-27369
-22690
-6598
12812
25778
25778
12812
-6598
-22690
-27369
-18282
0
18282
27369
22690
6598
-12812
-25778
-25778
-12812
6598
22690
27369
18282
0
-18282
-27369
-22690
-6598
12812
25778
25778
12812
-6598
-22690
-27369
-18282
0
18282
27369
22690
6598
-12812
-25778
-25778
-12812
6598
22690
27369
18282
0
-18282
-27369
-22690
-6598
12812
25778
25778
12812
-6598
-22690
-27369
-18282
0
18282
27369
22690
6598
-12812
-25778
-25778
-12812
6598
22690
27369
18282
0
-18282
-27369
-22690
-6598
12812
25778
25778
12812
-6598
-22690
-27369
-18282
0
18282
27369
22690
6598
-12812
-25778
-25778
-12812
6598
22690
27369
18282
0
-18282
-27369
-22690
-6598
12812
25778
25778
12812
-6598
-22690
-27369
-18282
0
18282
27369
22690
6598
-12812
-25778
-25778
-12812
6598
22690
27369
18282
0
-18282
-27369
-22690
-6598
12812
25778
25778
12812
-6598
-22690
-27369
-18282
0
18282
27369
22690
6598
-12812
-25778
-25778
-12812
6598
22690
27369
18282
0
-18282
-27369
-22690
-6598
12812
25778
25778
12812
-6598
-22690
-27369
-18282
0
18282
27369
22690
6598
-12812
-25778
-25778
-12812
6598
22690
27369
18282
0
-18282
-27369
-22690
-6598
12812
25778
25778
12812
-6598
-22690
-27369
-18282
0
18282
27369
22690
6598
-12812
-25778
-25778
-12812
6598
22690
27369
18282
0
-18282
-27369
-22690
-6598
12812
25778
25778
12812
-6598
-22690
-27369
-18282
0
18282
27369
22690
6598
-12812
-25778
-25778
-12812
6598
22690
27369
18282
0
-18282
-27369
-22690
-6598
12812
25778
25778
12812
-6598
-22690
-27369
-18282
0
18282
27369
22690
6598
-12812
-25778
-25778
-12812
6598
22690
27369
18282
0
-18282
-27369
-22690
-6598
12812
25778
25778
12812
-6598
-22690
-27369
-18282
0
18282
27369
22690
6598
-12812
-25778
-25778
-12812
6603
22709
27411
18356
111
-18128
-27168
-22440
-6299
13158
26167
26205
13270
-6117
-22194
-26869
-17782
500
18782
27869
23190
7098
-12312
-25278
-25278
-12312
7098
23190
27869
18782
500
-17782
-26869
-22190
-6098
13312
26278
26278
13312
-6098
-22190
-26869
-17782
500
18782
27869
23190
7098
-12317
-25297
-25321
-12386
6987
23035
27668
18532
201
-18128
-27258
-22616
-6556
12831
25783
25778
12812
-6598
-22690
-27369
-18282
0
18282
27369
22690
6598
-12812
-25778
-25778
-12812
6598
22690
27369
18282
0
-18282
-27369
-22690
-6598
12812
25778
25778
12812
-6598
-22690
-27369
-18282
0
18282
27369
22690
6598
-12812
-25778
-25778
-12812
6598
22690
27369
18282
0
-18282
-27369
-22690
-6598
12812
25778
25778
12812
-6598
-22690
-27369
-18282
0
18282
27369
22690
6598
-12812
-25778
-25778
-12812
6598
22690
27369
18282
0
-18282
-27369
-22690
-6598
12812
25778
25778
12812
-6598
-22690
-27369
-18282
0
18282
27369
22690
6598
-12812
-25778
-25778
-12812
6598
22690
27369
18282
0
-18282
-27369
-22690
-6598
12812
25778
25778
12812
-6598
-22690
-27369
-18282
0
18282
27369
22690
6598
-12812
-25778
-25778
-12812
6598
22690
27369
18282
0
-18282
-27369
-22690
-6598
12812
25778
25778
12812
-6598
-22690
-27369
-18282
0
18282
27369
22690
6598
-12812
-25778
-25778
-12812
6598
22690
27369
18282
0
-18282
-27369
-22690
-6598
12812
25778
25778
12812
-6598
-22690
-27369
-18282
0
18282
27369
22690
6598
-12812
-25778
-25778
-12812
6598
22690
27369
18282
0
-18282
-27369
-22690
-6598
12812
25778
25778
12812
-6598
-22690
-27369
-18282
0
18282
27369
22690
6598
-12812
-25778
-25778
-12812
6598
22690
27369
18282
0
-18282
-27369
-22690
-6598
12812
25778
25778
12812
-6598
-22690
-27369
-18282
0
18282
27369
22690
6598
-12812
-25778
-25778
-12812
6598
22690
27369
18282
0
-18282
-27369
-22690
-6598
12812
25778
25778
12812
-6598
-22690
-27369
-18282
0
18282
27369
22690
6598
-12812
-25778
-25778
-12812
6598
22690
27369
18282
0
-18282
-27369
-22690
-6598
12812
25778
25778
12812
-6598
-22690
-27369
-18282
0
18282
27369
22690
6598
-12812
-25778
-25778
-12812
6598
22690
27369
18282
0
-18282
-27369
-22690
-6598
12812
25778
25778
12812
-6598
-22690
-27369
-18282
0
18282
27369
22690
6598
-12812
-25778
-25778
-12812
6598
22690
27369
18282
0
-18282
-27369
-22690
-6598
12812
25778
25778
12812
-6598
-22690
-27369
-18282
0
18282
27369
22690
6598
-12812
-25778
-25778
-12812
6598
22690
27369
18282
0
-18282
-27369
-22690
-6598
12812
25778
25778
12812
-6598
-22690
-27369
-18282
0
18282
27369
22690
6598
-12812
-25778
-25778
-12812
6598
22690
27369
18282
0
-18282
-27369
-22690
-6598
12812
25778
25778
12812
-6598
-22690
-27369
-18282
0
18282
27369
22690
6598
-12812
-25778
-25778
-12812
6598
22690
27369
18282
0
-18282
-27369
-22690
-6598
12812
25778
25778
12812
-6598
-22690
-27369
-18282
0
18282
27369
22690
6598
-12812
-25778
-25778
-12812
6598
22690
27369
18282
0
-18282
-27369
-22690
-6598
12812
25778
25778
12812
-6598
-22690
-27369
-18282
0
18282
27369
22690
6598
-12812
-25778
-25778
-12812
6598
22690
27369
18282
0
-18282
-27369
-22690
-6598
12812
25778
25778
12812
-6598
-22690
-27369
-18282
0
18282
27369
22690
6598
-12812
-25778
-25778
-12812
6598
22690
27369
18282
0
-18282
-27369
-22690
-6598
12812
25778
25778
12812
-6598
-22690
-27369
-18282
0
18282
27369
22690
6598
-12812
-25778
-25778
-12812
6598
22690
27369
18282
0
-18282
-27369
-22690
-6598
12812
25778
25778
12812
-6598
-22690
-27369
-18282
0
18282
27369
22690
6598
-12812
-25778
-25778
-12812
6598
22690
27369
18282
0
-18282
-27369
-22690
-6598
12812
25778
25778
12812
-6598
-22690
-27369
-18282
0
18282
27369
22690
6598
-12812
-25778
-25778
-12812
6598
22690
27369
18282
0
-18282
-27369
-22690
-6598
12812
25778
25778
12812
-6598
-22690
-27369
-18282
0
18282
27369
22690
6598
-12812
-25778
-25778
-12812
6598
22690
27369
18282
0
-18282
-27369
-22690
-6598
12812
25778
25778
12812
-6598
-22690
-27369
-18277
19
18324
27442
22801
6752
-12611
-25528
-25480
-12467
6987
23116
27827
18763
495
-17782
-26869
-22190
-6098
13312
26278
26278
13312
-6098
-22190
-26869
-17782
500
18782
27869
23190
7098
-12312
-25278
-25278
-12312
7098
23190
27869
18782
500
-17782
-26869
-22190
-6098
13312
26278
26278
13308
-6117
-22232
-26942
-17893
346
18581
27619
22891
6752
-12701
-25705
-25736
-12793
6603
22690
27369
18282
0
-18282
-27369
-22690
-6598
12812
25778
25778
12812
-6598
-22690
-27369
-18282
0
18282
27369
22690
6598
-12812
-25778
-25778
-12812
6598
22690
27369
18282
0
-18282
-27369
-22690
-6598
12812
25778
25778
12812
-6598
-22690
-27369
-18282
0
18282
27369
22690
6598
-12812
-25778
-25778
-12812
6598
22690
27369
18282
0
-18282
-27369
-22690
-6598
12812
25778
25778
12812
-6598
-22690
-27369
-18282
0
18282
27369
22690
6598
-12812
-25778
-25778
-12812
6598
22690
27369
18282
0
-18282
-27369
-22690
-6598
12812
25778
25778
12812
-6598
-22690
-27369
-18282
0
18282
27369
22690
6598
-12812
-25778
-25778
-12812
6598
22690
27369
18282
0
-18282
-27369
-22690
-6598
12812
25778
25778
12812
-6598
-22690
-27369
-18282
0
18282
27369
22690
6598
-12812
-25778
-25778
-12812
6598
22690
27369
18282
0
-18282
-27369
-22690
-6598
12812
25778
25778
12812
-6598
-22690
-27369
-18282
0
18282
27369
22690
6598
-12812
-25778
-25778
-12812
6598
22690
27369
18282
0
-18282
-27369
-22690
-6598
12812
25778
25778
12812
-6598
-22690
-27369
-18282
0
18282
27369
22690
6598
-12812
-25778
-25778
-12812
6598
22690
27369
18282
0
-18282
-27369
-22690
-6598
12812
25778
25778
12812
-6598
-22690
-27369
-18282
0
18282
27369
22690
6598
-12812
-25778
-25778
-12812
6598
22690
27369
18282
0
-18282
-27369
-22690
-6598
12812
25778
25778
12812
-6598
-22690
-27369
-18282
0
18282
27369
22690
6598
-12812
-25778
-25778
-12812
6598
22690
27369
18282
0
-18282
-27369
-22690
-6598
12812
25778
25778
12812
-6598
-22690
-27369
-18282
0
18282
27369
22690
6598
-12812
-25778
-25778
-12812
6598
22690
27369
18282
0
-18282
-27369
-22690
-6598
12812
25778
25778
12812
-6598
-22690
-27369
-18282
0
18282
27369
22690
6598
-12812
-25778
-25778
-12812
6598
22690
27369
18282
0
-18282
-27369
-22690
-6598
12812
25778
25778
12812
-6598
-22690
-27369
-18282
0
18282
27369
22690
6598
-12812
-25778
-25778
-12812
6598
22690
27369
18282
0
-18282
-27369
-22690
-6598
12812
25778
25778
12812
-6598
-22690
-27369
-18282
0
18282
27369
22690
6598
-12812
-25778
-25778
-12812
6598
22690
27369
18282
0
-18282
-27369
-22690
-6598
12812
25778
25778
12812
-6598
-22690
-27369
-18282
0
18282
27369
22690
6598
-12812
-25778
-25778
-12812
6598
22690
27369
18282
0
-18282
-27369
-22690
-6598
12812
25778
25778
12812
-6598
-22690
-27369
-18282
0
18282
27369
22690
6598
-12812
-25778
-25778
-12812
6598
22690
27369
18282
0
-18282
-27369
-22690
-6598
12812
25778
25778
12812
-6598
-22690
-27369
-18282
0
18282
27369
22690
6598
-12812
-25778
-25778
-12812
6598
22690
27369
18282
0
-18282
-27369
-22690
-6598
12812
25778
25778
12812
-6598
-22690
-27369
-18282
0
18282
27369
22690
6598
-12812
-25778
-25778
-12812
6598
22690
27369
18282
0
-18282
-27369
-22690
-6598
12812
25778
25778
12812
-6598
-22690
-27369
-18282
0
18282
27369
22690
6598
-12812
-25778
-25778
-12812
6598
22690
27369
18282
0
-18282
-27369
-22690
-6598
12812
25778
25778
12812
-6598
-22690
-27369
-18282
0
18282
27369
22690
6598
-12812
-25778
-25778
-12812
6598
22690
27369
18282
0
-18282
-27369
-22690
-6598
12812
25778
25778
12812
-6598
-22690
-27369
-18282
0
18282
27369
22690
6598
-12812
-25778
-25778
-12812
6598
22690
27369
18282
0
-18282
-27369
-22690
-6598
12812
25778
25778
12812
-6598
-22690
-27369
-18282
0
18282
27369
22690
6598
-12812
-25778
-25778
-12812
6598
22690
27369
18282
0
-18282
-27369
-22690
-6598
12812
25778
25778
12812
-6598
-22690
-27369
-18282
0
18282
27369
22690
6598
-12812
-25778
-25778
-12812
6598
22690
27369
18282
0
-18282
-27364
-22671
-6556
12886
25890
25933
13014
-6348
-22391
-27023
-17893
427
18740
27850
23185
7098
-12312
-25278
-25278
-12312
7098
23190
27869
18782
500
-17782
-26869
-22190
-6098
13312
26278
26278
13312
-6098
-22190
-26869
-17782
500
18782
27869
23190
7098
-12312
-25278
-25278
-12312
7098
23190
27864
18763
458
-17856
-26980
-22344
-6299
13062
25980
25933
12924
-6525
-22648
-27350
-18277
0
18282
27369
22690
6598
-12812
-25778
-25778
-12812
6598
22690
27369
18282
0
-18282
-27369
-22690
-6598
12812
25778
25778
12812
-6598
-22690
-27369
-18282
0
18282
27369
22690
6598
-12812
-25778
-25778
-12812
6598
22690
27369
18282
0
-18282
-27369
-22690
-6598
12812
25778
25778
12812
-6598
-22690
-27369
-18282
0
18282
27369
22690
6598
-12812
-25778
-25778
-12812
6598
22690
27369
18282
0
-18282
-27369
-22690
-6598
12812
25778
25778
12812
-6598
-22690
-27369
-18282
0
18282
27369
22690
6598
-12812
-25778
-25778
-12812
6598
22690
27369
18282
0
-18282
-27369
-22690
-6598
12812
25778
25778
12812
-6598
-22690
-27369
-18282
0
18282
27369
22690
6598
-12812
-25778
-25778
-12812
6598
22690
27369
18282
0
-18282
-27369
-22690
-6598
12812
25778
25778
12812
-6598
-22690
-27369
-18282
0
18282
27369
22690
6598
-12812
-25778
-25778
-12812
6598
22690
27369
18282
0
-18282
-27369
-22690
-6598
12812
25778
25778
12812
-6598
-22690
-27369
-18282
0
18282
27369
22690
6598
-12812
-25778
-25778
-12812
6598
22690
27369
18282
0
-18282
-27369
-22690
-6598
12812
25778
25778
12812
-6598
-22690
-27369
-18282
0
18282
27369
22690
6598
-12812
-25778
-25778
-12812
6598
22690
27369
18282
0
-18282
-27369
-22690
-6598
12812
25778
25778
12812
-6598
-22690
-27369
-18282
0
18282
27369
22690
6598
-12812
-25778
-25778
-12812
6598
22690
27369
18282
0
-18282
-27369
-22690
-6598
12812
25778
25778
12812
-6598
-22690
-27369
-18282
0
18282
27369
22690
6598
-12812
-25778
-25778
-12812
6598
22690
27369
18282
0
-18282
-27369
-22690
-6598
12812
25778
25778
12812
-6598
-22690
-27369
-18282
0
18282
27369
22690
6598
-12812
-25778
-25778
-12812
6598
22690
27369
18282
0
-18282
-27369
-22690
-6598
12812
25778
25778
12812
-6598
-22690
-27369
-18282
0
18282
27369
22690
6598
-12812
-25778
-25778
-12812
6598
22690
27369
18282
0
-18282
-27369
-22690
-6598
12812
25778
25778
12812
-6598
-22690
-27369
-18282
0
18282
27369
22690
6598
-12812
-25778
-25778
-12812
6598
22690
27369
18282
0
-18282
-27369
-22690
-6598
12812
25778
25778
12812
-6598
-22690
-27369
-18282
0
18282
27369
22690
6598
-12812
-25778
-25778
-12812
6598
22690
27369
18282
0
-18282
-27369
-22690
-6598
12812
25778
25778
12812
-6598
-22690
-27369
-18282
0
18282
27369
22690
6598
-12812
-25778
-25778
-12812
6598
22690
27369
18282
0
-18282
-27369
-22690
-6598
12812
25778
25778
12812
-6598
-22690
-27369
-18282
0
18282
27369
22690
6598
-12812
-25778
-25778
-12812
6598
22690
27369
18282
0
-18282
-27369
-22690
-6598
12812
25778
25778
12812
-6598
-22690
-27369
-18282
0
18282
27369
22690
6598
-12812
-25778
-25778
-12812
6598
22690
27369
18282
0
-18282
-27369
-22690
-6598
12812
25778
25778
12812
-6598
-22690
-27369
-18282
0
18282
27369
22690
6598
-12812
-25778
-25778
-12812
6598
22690
27369
18282
0
-18282
-27369
-22690
-6598
12812
25778
25778
12812
-6598
-22690
-27369
-18282
0
18282
27369
22690
6598
-12812
-25778
-25778
-12812
6598
22690
27369
18282
0
-18282
-27369
-22690
-6598
12812
25778
25778
12812
-6598
-22690
-27369
-18282
0
18282
27369
22690
6598
-12812
-25778
-25778
-12812
6598
22690
27369
18282
0
-18282
-27369
-22690
-6598
12812
25778
25778
12812
-6598
-22690
-27369
-18282
0
18282
27369
22690
6598
-12812
-25778
-25778
-12812
6598
22690
27369
18282
0
-18282
-27369
-22690
-6598
12812
25778
25778
12812
-6598
-22690
-27369
-18282
0
18282
27369
22690
6598
-12812
-25778
-25778
-12812
6598
22690
27369
18282
0
-18282
-27369
-22690
-6598
12812
25778
25778
12812
-6598
-22690
-27369
-18282
0
18282
27369
22690
6598
-12817
-25797
-25821
-12886
6487
22535
27168
18032
-299
-18628
-27758
-23116
-7056
12331
25283
25278
12312
-7098
-23190
-27869
-18782
-500
17782
26869
22190
6098
-13312
-26278
-26278
-13312
6098
22190
26869
17782
-500
-18782
-27869
-23190
-7098
12312
25278
25278
12312
-7098
-23190
-27869
-18782
-500
17787
26888
22232
6171
-13201
-26124
-26077
-13062
6397
22535
27258
18209
-42
-18301
-27374
-22690
-6598
12812
25778
25778
12812
-6598
-22690
-27369
-18282
0
18282
27369
22690
6598
-12812
-25778
-25778
-12812
6598
22690
27369
18282
0
-18282
-27369
-22690
-6598
12812
25778
25778
12812
-6598
-22690
-27369
-18282
0
18282
27369
22690
6598
-12812
-25778
-25778
-12812
6598
22690
27369
18282
0
-18282
-27369
-22690
-6598
12812
25778
25778
12812
-6598
-22690
-27369
-18282
0
18282
27369
22690
6598
-12812
-25778
-25778
-12812
6598
22690
27369
18282
0
-18282
-27369
-22690
-6598
12812
25778
25778
12812
-6598
-22690
-27369
-18282
0
18282
27369
22690
6598
-12812
-25778
-25778
-12812
6598
22690
27369
18282
0
-18282
-27369
-22690
-6598
12812
25778
25778
12812
-6598
-22690
-27369
-18282
0
18282
27369
22690
6598
-12812
-25778
-25778
-12812
6598
22690
27369
18282
0
-18282
-27369
-22690
-6598
12812
25778
25778
12812
-6598
-22690
-27369
-18282
0
18282
27369
22690
6598
-12812
-25778
-25778
-12812
6598
22690
27369
18282
0
-18282
-27369
-22690
-6598
12812
25778
25778
12812
-6598
-22690
-27369
-18282
0
18282
27369
22690
6598
-12812
-25778
-25778
-12812
6598
22690
27369
18282
0
-18282
-27369
-22690
-6598
12812
25778
25778
12812
-6598
-22690
-27369
-18282
0
18282
27369
22690
6598
-12812
-25778
-25778
-12812
6598
22690
27369
18282
0
-18282
-27369
-22690
-6598
12812
25778
25778
12812
-6598
-22690
-27369
-18282
0
18282
27369
22690
6598
-12812
-25778
-25778
-12812
6598
22690
27369
18282
0
-18282
-27369
-22690
-6598
12812
25778
25778
12812
-6598
-22690
-27369
-18282
0
18282
27369
22690
6598
-12812
-25778
-25778
-12812
6598
22690
27369
18282
0
-18282
-27369
-22690
-6598
12812
25778
25778
12812
-6598
-22690
-27369
-18282
0
18282
27369
22690
6598
-12812
-25778
-25778
-12812
6598
22690
27369
18282
0
-18282
-27369
-22690
-6598
12812
25778
25778
12812
-6598
-22690
-27369
-18282
0
18282
27369
22690
6598
-12812
-25778
-25778
-12812
6598
22690
27369
18282
0
-18282
-27369
-22690
-6598
12812
25778
25778
12812
-6598
-22690
-27369
-18282
0
18282
27369
22690
6598
-12812
-25778
-25778
-12812
6598
22690
27369
18282
0
-18282
-27369
-22690
-6598
12812
25778
25778
12812
-6598
-22690
-27369
-18282
0
18282
27369
22690
6598
-12812
-25778
-25778
-12812
6598
22690
27369
18282
0
-18282
-27369
-22690
-6598
12812
25778
25778
12812
-6598
-22690
-27369
-18282
0
18282
27369
22690
6598
-12812
-25778
-25778
-12812
6598
22690
27369
18282
0
-18282
-27369
-22690
-6598
12812
25778
25778
12812
-6598
-22690
-27369
-18282
0
18282
27369
22690
6598
-12812
-25778
-25778
-12812
6598
22690
27369
18282
0
-18282
-27369
-22690
-6598
12812
25778
25778
12812
-6598
-22690
-27369
-18282
0
18282
27369
22690
6598
-12812
-25778
-25778
-12812
6598
22690
27369
18282
0
-18282
-27369
-22690
-6598
12812
25778
25778
12812
-6598
-22690
-27369
-18282
0
18282
27369
22690
6598
-12812
-25778
-25778
-12812
6598
22690
27369
18282
0
-18282
-27369
-22690
-6598
12812
25778
25778
12812
-6598
-22690
-27369
-18282
0
18282
27369
22690
6598
-12812
-25778
-25778
-12812
6598
22690
27369
18282
0
-18282
-27369
-22690
-6598
12812
25778
25778
12812
-6598
-22690
-27369
-18282
0
18282
27369
22690
6598
-12812
-25778
-25778
-12812
6598
22690
27369
18282
0
-18282
-27369
-22690
-6598
12812
25778
25778
12812
-6598
-22690
-27369
-18282
0
18282
27369
22690
6598
-12812
-25778
-25778
-12812
6598
22690
27369
18282
0
-18282
-27369
-22690
-6598
12812
25778
25778
12812
-6598
-22690
-27369
-18282
0
18282
27369
22690
6598
-12812
-25778
-25778
-12812
6598
22690
27369
18282
0
-18282
-27369
-22690
-6598
12812
25778
25778
12808
-6617
-22732
-27442
-18393
-154
18081
27119
22391
6252
-13201
-26205
-26236
-13293
6103
22190
26869
17782
-500
-18782
-27869
-23190
-7098
12312
25278
25278
12312
-7098
-23190
-27869
-18782
-500
17782
26869
22190
6098
-13312
-26278
-26278
-13312
6098
22190
26869
17782
-500
-18782
-27869
-23190
-7093
12331
25321
25352
12424
-6944
-22988
-27619
-18484
-154
18171
27296
22648
6579
-12817
-25778
-25778
-12812
6598
22690
27369
18282
0
-18282
-27369
-22690
-6598
12812
25778
25778
12812
-6598
-22690
-27369
-18282
0
18282
27369
22690
6598
-12812
-25778
-25778
-12812
6598
22690
27369
18282
0
-18282
-27369
-22690
-6598
12812
25778
25778
12812
-6598
-22690
-27369
-18282
0
18282
27369
22690
6598
-12812
-25778
-25778
-12812
6598
22690
27369
18282
0
-18282
-27369
-22690
-6598
12812
25778
25778
12812
-6598
-22690
-27369
-18282
0
18282
27369
22690
6598
-12812
-25778
-25778
-12812
6598
22690
27369
18282
0
-18282
-27369
-22690
-6598
12812
25778
25778
12812
-6598
-22690
-27369
-18282
0
18282
27369
22690
6598
-12812
-25778
-25778
-12812
6598
22690
27369
18282
0
-18282
-27369
-22690
-6598
12812
25778
25778
12812
-6598
-22690
-27369
-18282
0
18282
27369
22690
6598
-12812
-25778
-25778
-12812
6598
22690
27369
18282
0
-18282
-27369
-22690
-6598
12812
25778
25778
12812
-6598
-22690
-27369
-18282
0
18282
27369
22690
6598
-12812
-25778
-25778
-12812
6598
22690
27369
18282
0
-18282
-27369
-22690
-6598
12812
25778
25778
12812
-6598
-22690
-27369
-18282
0
18282
27369
22690
6598
-12812
-25778
-25778
-12812
6598
22690
27369
18282
0
-18282
-27369
-22690
-6598
12812
25778
25778
12812
-6598
-22690
-27369
-18282
0
18282
27369
22690
6598
-12812
-25778
-25778
-12812
6598
22690
27369
18282
0
-18282
-27369
-22690
-6598
12812
25778
25778
12812
-6598
-22690
-27369
-18282
0
18282
27369
22690
6598
-12812
-25778
-25778
-12812
6598
22690
27369
18282
0
-18282
-27369
-22690
-6598
12812
25778
25778
12812
-6598
-22690
-27369
-18282
0
18282
27369
22690
6598
-12812
-25778
-25778
-12812
6598
22690
27369
18282
0
-18282
-27369
-22690
-6598
12812
25778
25778
12812
-6598
-22690
-27369
-18282
0
18282
27369
22690
6598
-12812
-25778
-25778
-12812
6598
22690
27369
18282
0
-18282
-27369
-22690
-6598
12812
25778
25778
12812
-6598
-22690
-27369
-18282
0
18282
27369
22690
6598
-12812
-25778
-25778
-12812
6598
22690
27369
18282
0
-18282
-27369
-22690
-6598
12812
25778
25778
12812
-6598
-22690
-27369
-18282
0
18282
27369
22690
6598
-12812
-25778
-25778
-12812
6598
22690
27369
18282
0
-18282
-27369
-22690
-6598
12812
25778
25778
12812
-6598
-22690
-27369
-18282
0
18282
27369
22690
6598
-12812
-25778
-25778
-12812
6598
22690
27369
18282
0
-18282
-27369
-22690
-6598
12812
25778
25778
12812
-6598
-22690
-27369
-18282
0
18282
27369
22690
6598
-12812
-25778
-25778
-12812
6598
22690
27369
18282
0
-18282
-27369
-22690
-6598
12812
25778
25778
12812
-6598
-22690
-27369
-18282
0
18282
27369
22690
6598
-12812
-25778
-25778
-12812
6598
22690
27369
18282
0
-18282
-27369
-22690
-6598
12812
25778
25778
12812
-6598
-22690
-27369
-18282
0
18282
27369
22690
6598
-12812
-25778
-25778
-12812
6598
22690
27369
18282
0
-18282
-27369
-22690
-6598
12812
25778
25778
12812
-6598
-22690
-27369
-18282
0
18282
27369
22690
6598
-12812
-25778
-25778
-12812
6598
22690
27369
18282
0
-18282
-27369
-22690
-6598
12812
25778
25778
12812
-6598
-22690
-27369
-18282
0
18282
27369
22690
6598
-12812
-25778
-25778
-12812
6598
22690
27369
18282
0
-18282
-27369
-22690
-6598
12812
25778
25778
12812
-6598
-22690
-27369
-18282
0
18282
27369
22690
6598
-12812
-25778
-25778
-12812
6598
22690
27369
18282
0
-18282
-27369
-22690
-6598
12812
25778
25778
12812
-6598
-22690
-27369
-18282
0
18282
27369
22690
6598
-12812
-25778
-25778
-12812
6598
22690
27369
18282
0
-18282
-27369
-22690
-6598
12812
25778
25778
12812
-6598
-22690
-27369
-18282
0
18282
27369
22690
6598
-12812
-25778
-25778
-12812
6598
22690
27374
18301
42
-18209
-27258
-22535
-6397
13062
26077
26124
13201
-6171
-22232
-26888
-17787
500
18782
27869
23190
7098
-12312
-25278
-25278
-12312
7098
23190
27869
18782
500
-17782
-26869
-22190
-6098
13312
26278
26278
13312
-6098
-22190
-26869
-17782
500
18782
27869
23190
7098
-12312
-25278
-25283
-12331
7056
23116
27758
18628
299
-18032
-27168
-22535
-6487
12886
25821
25797
12817
-6598
-22690
-27369
-18282
0
18282
27369
22690
6598
-12812
-25778
-25778
-12812
6598
22690
27369
18282
0
-18282
-27369
-22690
-6598
12812
25778
25778
12812
-6598
-22690
-27369
-18282
0
18282
27369
22690
6598
-12812
-25778
-25778
-12812
6598
22690
27369
18282
0
-18282
-27369
-22690
-6598
12812
25778
25778
12812
-6598
-22690
-27369
-18282
0
18282
27369
22690
6598
-12812
-25778
-25778
-12812
6598
22690
27369
18282
0
-18282
-27369
-22690
-6598
12812
25778
25778
12812
-6598
-22690
-27369
-18282
0
18282
27369
22690
6598
-12812
-25778
-25778
-12812
6598
22690
27369
18282
0
-18282
-27369
-22690
-6598
12812
25778
25778
12812
-6598
-22690
-27369
-18282
0
18282
27369
22690
6598
-12812
-25778
-25778
-12812
6598
22690
27369
18282
0
-18282
-27369
-22690
-6598
12812
25778
25778
12812
-6598
-22690
-27369
-18282
0
18282
27369
22690
6598
-12812
-25778
-25778
-12812
6598
22690
27369
18282
0
-18282
-27369
-22690
-6598
12812
25778
25778
12812
-6598
-22690
-27369
-18282
0
18282
27369
22690
6598
-12812
-25778
-25778
-12812
6598
22690
27369
18282
0
-18282
-27369
-22690
-6598
12812
25778
25778
12812
-6598
-22690
-27369
-18282
0
18282
27369
22690
6598
-12812
-25778
-25778
-12812
6598
22690
27369
18282
0
-18282
-27369
-22690
-6598
12812
25778
25778
12812
-6598
-22690
-27369
-18282
0
18282
27369
22690
6598
-12812
-25778
-25778
-12812
6598
22690
27369
18282
0
-18282
-27369
-22690
-6598
12812
25778
25778
12812
-6598
-22690
-27369
-18282
0
18282
27369
22690
6598
-12812
-25778
-25778
-12812
6598
22690
27369
18282
0
-18282
-27369
-22690
-6598
12812
25778
25778
12812
-6598
-22690
-27369
-18282
0
18282
27369
22690
6598
-12812
-25778
-25778
-12812
6598
22690
27369
18282
0
-18282
-27369
-22690
-6598
12812
25778
25778
12812
-6598
-22690
-27369
-18282
0
18282
27369
22690
6598
-12812
-25778
-25778
-12812
6598
22690
27369
18282
0
-18282
-27369
-22690
-6598
12812
25778
25778
12812
-6598
-22690
-27369
-18282
0
18282
27369
22690
6598
-12812
-25778
-25778
-12812
6598
22690
27369
18282
0
-18282
-27369
-22690
-6598
12812
25778
25778
12812
-6598
-22690
-27369
-18282
0
18282
27369
22690
6598
-12812
-25778
-25778
-12812
6598
22690
27369
18282
0
-18282
-27369
-22690
-6598
12812
25778
25778
12812
-6598
-22690
-27369
-18282
0
18282
27369
22690
6598
-12812
-25778
-25778
-12812
6598
22690
27369
18282
0
-18282
-27369
-22690
-6598
12812
25778
25778
12812
-6598
-22690
-27369
-18282
0
18282
27369
22690
6598
-12812
-25778
-25778
-12812
6598
22690
27369
18282
0
-18282
-27369
-22690
-6598
12812
25778
25778
12812
-6598
-22690
-27369
-18282
0
18282
27369
22690
6598
-12812
-25778
-25778
-12812
6598
22690
27369
18282
0
-18282
-27369
-22690
-6598
12812
25778
25778
12812
-6598
-22690
-27369
-18282
0
18282
27369
22690
6598
-12812
-25778
-25778
-12812
6598
22690
27369
18282
0
-18282
-27369
-22690
-6598
12812
25778
25778
12812
-6598
-22690
-27369
-18282
0
18282
27369
22690
6598
-12812
-25778
-25778
-12812
6598
22690
27369
18282
0
-18282
-27369
-22690
-6598
12812
25778
25778
12812
-6598
-22690
-27369
-18282
0
18282
27369
22690
6598
-12812
-25778
-25778
-12812
6598
22690
27369
18282
0
-18282
-27369
-22690
-6598
12812
25778
25778
12812
-6598
-22690
-27369
-18282
0
18282
27369
22690
6598
-12812
-25778
-25778
-12812
6598
22690
27369
18282
0
-18282
-27369
-22690
-6598
12812
25778
25778
12812
-6598
-22690
-27369
-18282
0
18282
27369
22690
6598
-12812
-25778
-25778
-12812
6598
22690
27369
18282
0
-18282
-27369
-22690
-6598
12812
25778
25778
12812
-6598
-22690
-27369
-18282
0
18287
27388
22732
6671
-12701
-25624
-25577
-12562
6897
23035
27758
18709
458
-17801
-26874
-22190
-6098
13312
26278
26278
13312
-6098
-22190
-26869
-17782
500
18782
27869
23190
7098
-12312
-25278
-25278
-12312
7098
23190
27869
18782
500
-17782
-26869
-22190
-6098
13312
26278
26278
13312
-6098
-22194
-26888
-17824
427
18671
27715
22988
6848
-12611
-25624
-25667
-12739
6640
22709
27374
18282
0
-18282
-27369
-22690
-6598
12812
25778
25778
12812
-6598
-22690
-27369
-18282
0
18282
27369
22690
6598
-12812
-25778
-25778
-12812
6598
22690
27369
18282
0
-18282
-27369
-22690
-6598
12812
25778
25778
12812
-6598
-22690
-27369
-18282
0
18282
27369
22690
6598
-12812
-25778
-25778
-12812
6598
22690
27369
18282
0
-18282
-27369
-22690
-6598
12812
25778
25778
12812
-6598
-22690
-27369
-18282
0
18282
27369
22690
6598
-12812
-25778
-25778
-12812
6598
22690
27369
18282
0
-18282
-27369
-22690
-6598
12812
25778
25778
12812
-6598
-22690
-27369
-18282
0
18282
27369
22690
6598
-12812
-25778
-25778
-12812
6598
22690
27369
18282
0
-18282
-27369
-22690
-6598
12812
25778
25778
12812
-6598
-22690
-27369
-18282
0
18282
27369
22690
6598
-12812
-25778
-25778
-12812
6598
22690
27369
18282
0
-18282
-27369
-22690
-6598
12812
25778
25778
12812
-6598
-22690
-27369
-18282
0
18282
27369
22690
6598
-12812
-25778
-25778
-12812
6598
22690
27369
18282
0
-18282
-27369
-22690
-6598
12812
25778
25778
12812
-6598
-22690
-27369
-18282
0
18282
27369
22690
6598
-12812
-25778
-25778
-12812
6598
22690
27369
18282
0
-18282
-27369
-22690
-6598
12812
25778
25778
12812
-6598
-22690
-27369
-18282
0
18282
27369
22690
6598
-12812
-25778
-25778
-12812
6598
22690
27369
18282
0
-18282
-27369
-22690
-6598
12812
25778
25778
12812
-6598
-22690
-27369
-18282
0
18282
27369
22690
6598
-12812
-25778
-25778
-12812
6598
22690
27369
18282
0
-18282
-27369
-22690
-6598
12812
25778
25778
12812
-6598
-22690
-27369
-18282
0
18282
27369
22690
6598
-12812
-25778
-25778
-12812
6598
22690
27369
18282
0
-18282
-27369
-22690
-6598
12812
25778
25778
12812
-6598
-22690
-27369
-18282
0
18282
27369
22690
6598
-12812
-25778
-25778
-12812
6598
22690
27369
18282
0
-18282
-27369
-22690
-6598
12812
25778
25778
12812
-6598
-22690
-27369
-18282
0
18282
27369
22690
6598
-12812
-25778
-25778
-12812
6598
22690
27369
18282
0
-18282
-27369
-22690
-6598
12812
25778
25778
12812
-6598
-22690
-27369
-18282
0
18282
27369
22690
6598
-12812
-25778
-25778
-12812
6598
22690
27369
18282
0
-18282
-27369
-22690
-6598
12812
25778
25778
12812
-6598
-22690
-27369
-18282
0
18282
27369
22690
6598
-12812
-25778
-25778
-12812
6598
22690
27369
18282
0
-18282
-27369
-22690
-6598
12812
25778
25778
12812
-6598
-22690
-27369
-18282
0
18282
27369
22690
6598
-12812
-25778
-25778
-12812
6598
22690
27369
18282
0
-18282
-27369
-22690
-6598
12812
25778
25778
12812
-6598
-22690
-27369
-18282
0
18282
27369
22690
6598
-12812
-25778
-25778
-12812
6598
22690
27369
18282
0
-18282
-27369
-22690
-6598
12812
25778
25778
12812
-6598
-22690
-27369
-18282
0
18282
27369
22690
6598
-12812
-25778
-25778
-12812
6598
22690
27369
18282
0
-18282
-27369
-22690
-6598
12812
25778
25778
12812
-6598
-22690
-27369
-18282
0
18282
27369
22690
6598
-12812
-25778
-25778
-12812
6598
22690
27369
18282
0
-18282
-27369
-22690
-6598
12812
25778
25778
12812
-6598
-22690
-27369
-18282
0
18282
27369
22690
6598
-12812
-25778
-25778
-12812
6598
22690
27369
18282
0
-18282
-27369
-22690
-6598
12812
25778
25778
12812
-6598
-22690
-27369
-18282
0
18282
27369
22690
6598
-12812
-25778
-25778
-12812
6598
22690
27369
18282
0
-18282
-27369
-22690
-6598
12812
25778
25778
12812
-6598
-22690
-27369
-18282
0
18282
27369
22690
6598
-12812
-25778
-25778
-12812
6598
22690
27369
18282
0
-18282
-27369
-22690
-6598
12812
25778
25778
12812
-6598
-22690
-27369
-18282
0
18282
27369
22690
6598
-12812
-25778
-25778
-12812
6598
22690
27369
18282
0
-18282
-27369
-22690
-6603
12793
25736
25705
12701
-6752
-22891
-27619
-18581
-346
17893
26942
22232
6117
-13308
-26278
-26278
-13312
6098
22190
26869
17782
-500
-18782
-27869
-23190
-7098
12312
25278
25278
12312
-7098
-23190
-27869
-18782
-500
17782
26869
22190
6098
-13312
-26278
-26278
-13312
6098
22190
26869
17782
-495
-18763
-27827
-23116
-6987
12467
25480
25528
12611
-6752
-22801
-27442
-18324
-19
18277
27369
22690
6598
-12812
-25778
-25778
-12812
6598
22690
27369
18282
0
-18282
-27369
-22690
-6598
12812
25778
25778
12812
-6598
-22690
-27369
-18282
0
18282
27369
22690
6598
-12812
-25778
-25778
-12812
6598
22690
27369
18282
0
-18282
-27369
-22690
-6598
12812
25778
25778
12812
-6598
-22690
-27369
-18282
0
18282
27369
22690
6598
-12812
-25778
-25778
-12812
6598
22690
27369
18282
0
-18282
-27369
-22690
-6598
12812
25778
25778
12812
-6598
-22690
-27369
-18282
0
18282
27369
22690
6598
-12812
-25778
-25778
-12812
6598
22690
27369
18282
0
-18282
-27369
-22690
-6598
12812
25778
25778
12812
-6598
-22690
-27369
-18282
0
18282
27369
22690
6598
-12812
-25778
-25778
-12812
6598
22690
27369
18282
0
-18282
-27369
-22690
-6598
12812
25778
25778
12812
-6598
-22690
-27369
-18282
0
18282
27369
22690
6598
-12812
-25778
-25778
-12812
6598
22690
27369
18282
0
-18282
-27369
-22690
-6598
12812
25778
25778
12812
-6598
-22690
-27369
-18282
0
18282
27369
22690
6598
-12812
-25778
-25778
-12812
6598
22690
27369
18282
0
-18282
-27369
-22690
-6598
12812
25778
25778
12812
-6598
-22690
-27369
-18282
0
18282
27369
22690
6598
-12812
-25778
-25778
-12812
6598
22690
27369
18282
0
-18282
-27369
-22690
-6598
12812
25778
25778
12812
-6598
-22690
-27369
-18282
0
18282
27369
22690
6598
-12812
-25778
-25778
-12812
6598
22690
27369
18282
0
-18282
-27369
-22690
-6598
12812
25778
25778
12812
-6598
-22690
-27369
-18282
0
18282
27369
22690
6598
-12812
-25778
-25778
-12812
6598
22690
27369
18282
0
-18282
-27369
-22690
-6598
12812
25778
25778
12812
-6598
-22690
-27369
-18282
0
18282
27369
22690
6598
-12812
-25778
-25778
-12812
6598
22690
27369
18282
0
-18282
-27369
-22690
-6598
12812
25778
25778
12812
-6598
-22690
-27369
-18282
0
18282
27369
22690
6598
-12812
-25778
-25778
-12812
6598
22690
27369
18282
0
-18282
-27369
-22690
-6598
12812
25778
25778
12812
-6598
-22690
-27369
-18282
0
18282
27369
22690
6598
-12812
-25778
-25778
-12812
6598
22690
27369
18282
0
-18282
-27369
-22690
-6598
12812
25778
25778
12812
-6598
-22690
-27369
-18282
0
18282
27369
22690
6598
-12812
-25778
-25778
-12812
6598
22690
27369
18282
0
-18282
-27369
-22690
-6598
12812
25778
25778
12812
-6598
-22690
-27369
-18282
0
18282
27369
22690
6598
-12812
-25778
-25778
-12812
6598
22690
27369
18282
0
-18282
-27369
-22690
-6598
12812
25778
25778
12812
-6598
-22690
-27369
-18282
0
18282
27369
22690
6598
-12812
-25778
-25778
-12812
6598
22690
27369
18282
0
-18282
-27369
-22690
-6598
12812
25778
25778
12812
-6598
-22690
-27369
-18282
0
18282
27369
22690
6598
-12812
-25778
-25778
-12812
6598
22690
27369
18282
0
-18282
-27369
-22690
-6598
12812
25778
25778
12812
-6598
-22690
-27369
-18282
0
18282
27369
22690
6598
-12812
-25778
-25778
-12812
6598
22690
27369
18282
0
-18282
-27369
-22690
-6598
12812
25778
25778
12812
-6598
-22690
-27369
-18282
0
18282
27369
22690
6598
-12812
-25778
-25778
-12812
6598
22690
27369
18282
0
-18282
-27369
-22690
-6598
12812
25778
25778
12812
-6598
-22690
-27369
-18282
0
18282
27369
22690
6598
-12812
-25778
-25778
-12812
6598
22690
27369
18282
0
-18282
-27369
-22690
-6598
12812
25778
25778
12812
-6598
-22690
-27369
-18282
0
18282
27369
22690
6598
-12812
-25778
-25778
-12812
6598
22690
27369
18282
0
-18282
-27369
-22690
-6598
12812
25778
25778
12812
-6598
-22690
-27369
-18282
0
18282
27369
22690
6598
-12812
-25778
-25778
-12812
6598
22690
27369
18282
0
-18282
-27369
-22690
-6598
12812
25778
25778
12812
-6598
-22690
-27369
-18282
0
18282
27369
22690
6598
-12812
-25778
-25783
-12831
6556
22616
27258
18128
-201
-18532
-27668
-23035
-6987
12386
25321
25297
12317
-7098
-23190
-27869
-18782
-500
17782
26869
22190
6098
-13312
-26278
-26278
-13312
6098
22190
26869
17782
-500
-18782
-27869
-23190
-7098
12312
25278
25278
12312
-7098
-23190
-27869
-18782
-500
17782
26869
22194
6117
-13270
-26205
-26167
-13158
6299
22440
27168
18128
-111
-18356
-27411
-22709
-6603
12812
25778
25778
12812
-6598
-22690
-27369
-18282
0
18282
27369
22690
6598
-12812
-25778
-25778
-12812
6598
22690
27369
18282
0
-18282
-27369
-22690
-6598
12812
25778
25778
12812
-6598
-22690
-27369
-18282
0
18282
27369
22690
6598
-12812
-25778
-25778
-12812
6598
22690
27369
18282
0
-18282
-27369
-22690
-6598
12812
25778
25778
12812
-6598
-22690
-27369
-18282
0
18282
27369
22690
6598
-12812
-25778
-25778
-12812
6598
22690
27369
18282
0
-18282
-27369
-22690
-6598
12812
25778
25778
12812
-6598
-22690
-27369
-18282
0
18282
27369
22690
6598
-12812
-25778
-25778
-12812
6598
22690
27369
18282
0
-18282
-27369
-22690
-6598
12812
25778
25778
12812
-6598
-22690
-27369
-18282
0
18282
27369
22690
6598
-12812
-25778
-25778
-12812
6598
22690
27369
18282
0
-18282
-27369
-22690
-6598
12812
25778
25778
12812
-6598
-22690
-27369
-18282
0
18282
27369
22690
6598
-12812
-25778
-25778
-12812
6598
22690
27369
18282
0
-18282
-27369
-22690
-6598
12812
25778
25778
12812
-6598
-22690
-27369
-18282
0
18282
27369
22690
6598
-12812
-25778
-25778
-12812
6598
22690
27369
18282
0
-18282
-27369
-22690
-6598
12812
25778
25778
12812
-6598
-22690
-27369
-18282
0
18282
27369
22690
6598
-12812
-25778
-25778
-12812
6598
22690
27369
18282
0
-18282
-27369
-22690
-6598
12812
25778
25778
12812
-6598
-22690
-27369
-18282
0
18282
27369
22690
6598
-12812
-25778
-25778
-12812
6598
22690
27369
18282
0
-18282
-27369
-22690
-6598
12812
25778
25778
12812
-6598
-22690
-27369
-18282
0
18282
27369
22690
6598
-12812
-25778
-25778
-12812
6598
22690
27369
18282
0
-18282
-27369
-22690
-6598
12812
25778
25778
12812
-6598
-22690
-27369
-18282
0
18282
27369
22690
6598
-12812
-25778
-25778
-12812
6598
22690
27369
18282
0
-18282
-27369
-22690
-6598
12812
25778
25778
12812
-6598
-22690
-27369
-18282
0
18282
27369
22690
6598
-12812
-25778
-25778
-12812
6598
22690
27369
18282
0
-18282
-27369
-22690
-6598
12812
25778
25778
12812
-6598
-22690
-27369
-18282
0
18282
27369
22690
6598
-12812
-25778
-25778
-12812
6598
22690
27369
18282
0
-18282
-27369
-22690
-6598
12812
25778
25778
12812
-6598
-22690
-27369
-18282
0
18282
27369
22690
6598
-12812
-25778
-25778
-12812
6598
22690
27369
18282
0
-18282
-27369
-22690
-6598
12812
25778
25778
12812
-6598
-22690
-27369
-18282
0
18282
27369
22690
6598
-12812
-25778
-25778
-12812
6598
22690
27369
18282
0
-18282
-27369
-22690
-6598
12812
25778
25778
12812
-6598
-22690
-27369
-18282
0
18282
27369
22690
6598
-12812
-25778
-25778
-12812
6598
22690
27369
18282
0
-18282
-27369
-22690
-6598
12812
25778
25778
12812
-6598
-22690
-27369
-18282
0
18282
27369
22690
6598
-12812
-25778
-25778
-12812
6598
22690
27369
18282
0
-18282
-27369
-22690
-6598
12812
25778
25778
12812
-6598
-22690
-27369
-18282
0
18282
27369
22690
6598
-12812
-25778
-25778
-12812
6598
22690
27369
18282
0
-18282
-27369
-22690
-6598
12812
25778
25778
12812
-6598
-22690
-27369
-18282
0
18282
27369
22690
6598
-12812
-25778
-25778
-12812
6598
22690
27369
18282
0
-18282
-27369
-22690
-6598
12812
25778
25778
12812
-6598
-22690
-27369
-18282
0
18282
27369
22690
6598
-12812
-25778
-25778
-12812
6598
22690
27369
18282
0
-18282
-27369
-22690
-6598
12812
25778
25778
12812
-6598
-22690
-27369
-18282
0
18282
27369
22690
6598
-12812
-25778
-25778
-12812
6598
22690
27369
18282
0
-18282
-27369
-22690
-6598
12812
25778
25778
12812
-6598
-22690
-27369
-18282
0
18282
27369
22690
6598
-12812
-25778
-25778
-12812
6598
22690
27369
18282
0
-18282
-27369
-22690
-6598
12812
25778
25778
12812
-6598
-22694
-27388
-18324
-73
18171
27215
22488
6348
-13111
-26124
-26167
-13239
6140
22209
26874
17782
-500
-18782
-27869
-23190
-7098
12312
25278
25278
12312
-7098
-23190
-27869
-18782
-500
17782
26869
22190
6098
-13312
-26278
-26278
-13312
6098
22190
26869
17782
-500
-18782
-27869
-23190
-7098
12312
25283
25297
12355
-7025
-23079
-27715
-18581
-250
18081
27215
22579
6525
-12855
-25797
-25783
-12812
6598
22690
27369
18282
0
-18282
-27369
-22690
-6598
12812
25778
25778
12812
-6598
-22690
-27369
-18282
0
18282
27369
22690
6598
-12812
-25778
-25778
-12812
6598
22690
27369
18282
0
-18282
-27369
-22690
-6598
12812
25778
25778
12812
-6598
-22690
-27369
-18282
0
18282
27369
22690
6598
-12812
-25778
-25778
-12812
6598
22690
27369
18282
0
-18282
-27369
-22690
-6598
12812
25778
25778
12812
-6598
-22690
-27369
-18282
0
18282
27369
22690
6598
-12812
-25778
-25778
-12812
6598
22690
27369
18282
0
-18282
-27369
-22690
-6598
12812
25778
25778
12812
-6598
-22690
-27369
-18282
0
18282
27369
22690
6598
-12812
-25778
-25778
-12812
6598
22690
27369
18282
0
-18282
-27369
-22690
-6598
12812
25778
25778
12812
-6598
-22690
-27369
-18282
0
18282
27369
22690
6598
-12812
-25778
-25778
-12812
6598
22690
27369
18282
0
-18282
-27369
-22690
-6598
12812
25778
25778
12812
-6598
-22690
-27369
-18282
0
18282
27369
22690
6598
-12812
-25778
-25778
-12812
6598
22690
27369
18282
0
-18282
-27369
-22690
-6598
12812
25778
25778
12812
-6598
-22690
-27369
-18282
0
18282
27369
22690
6598
-12812
-25778
-25778
-12812
6598
22690
27369
18282
0
-18282
-27369
-22690
-6598
12812
25778
25778
12812
-6598
-22690
-27369
-18282
0
18282
27369
22690
6598
-12812
-25778
-25778
-12812
6598
22690
27369
18282
0
-18282
-27369
-22690
-6598
12812
25778
25778
12812
-6598
-22690
-27369
-18282
0
18282
27369
22690
6598
-12812
-25778
-25778
-12812
6598
22690
27369
18282
0
-18282
-27369
-22690
-6598
12812
25778
25778
12812
-6598
-22690
-27369
-18282
0
18282
27369
22690
6598
-12812
-25778
-25778
-12812
6598
22690
27369
18282
0
-18282
-27369
-22690
-6598
12812
25778
25778
12812
-6598
-22690
-27369
-18282
0
18282
27369
22690
6598
-12812
-25778
-25778
-12812
6598
22690
27369
18282
0
-18282
-27369
-22690
-6598
12812
25778
25778
12812
-6598
-22690
-27369
-18282
0
18282
27369
22690
6598
-12812
-25778
-25778
-12812
6598
22690
27369
18282
0
-18282
-27369
-22690
-6598
12812
25778
25778
12812
-6598
-22690
-27369
-18282
0
18282
27369
22690
6598
-12812
-25778
-25778
-12812
6598
22690
27369
18282
0
-18282
-27369
-22690
-6598
12812
25778
25778
12812
-6598
-22690
-27369
-18282
0
18282
27369
22690
6598
-12812
-25778
-25778
-12812
6598
22690
27369
18282
0
-18282
-27369
-22690
-6598
12812
25778
25778
12812
-6598
-22690
-27369
-18282
0
18282
27369
22690
6598
-12812
-25778
-25778
-12812
6598
22690
27369
18282
0
-18282
-27369
-22690
-6598
12812
25778
25778
12812
-6598
-22690
-27369
-18282
0
18282
27369
22690
6598
-12812
-25778
-25778
-12812
6598
22690
27369
18282
0
-18282
-27369
-22690
-6598
12812
25778
25778
12812
-6598
-22690
-27369
-18282
0
18282
27369
22690
6598
-12812
-25778
-25778
-12812
6598
22690
27369
18282
0
-18282
-27369
-22690
-6598
12812
25778
25778
12812
-6598
-22690
-27369
-18282
0
18282
27369
22690
6598
-12812
-25778
-25778
-12812
6598
22690
27369
18282
0
-18282
-27369
-22690
-6598
12812
25778
25778
12812
-6598
-22690
-27369
-18282
0
18282
27369
22690
6598
-12812
-25778
-25778
-12812
6598
22690
27369
18282
0
-18282
-27369
-22690
-6598
12812
25778
25778
12812
-6598
-22690
-27369
-18282
0
18282
27369
22690
6598
-12812
-25778
-25778
-12812
6598
22690
27369
18282
0
-18282
-27369
-22690
-6598
12812
25778
25778
12812
-6598
-22690
-27369
-18282
0
18282
27369
22690
6598
-12812
-25778
-25778
-12812
6598
22690
27369
18282
0
-18282
-27369
-22690
-6598
12812
25778
25778
12812
-6598
-22690
-27369
-18282
0
18282
27369
22690
6598
-12812
-25778
-25778
-12812
6598
22690
27369
18282
-5
-18301
-27411
-22763
-6709
12658
25577
25528
12514
-6944
-23079
-27796
-18740
-481
17787
26869
22190
6098
-13312
-26278
-26278
-13312
6098
22190
26869
17782
-500
-18782
-27869
-23190
-7098
12312
25278
25278
12312
-7098
-23190
-27869
-18782
-500
17782
26869
22190
6098
-13312
-26278
-26278
-13312
6103
22209
26911
17856
-389
-18628
-27668
-22940
-6799
12658
25667
25705
12770
-6617
-22694
-27369
-18282
0
18282
27369
22690
6598
-12812
-25778
-25778
-12812
6598
22690
27369
18282
0
-18282
-27369
-22690
-6598
12812
25778
25778
12812
-6598
-22690
-27369
-18282
0
18282
27369
22690
6598
-12812
-25778
-25778
-12812
6598
22690
27369
18282
0
-18282
-27369
-22690
-6598
12812
25778
25778
12812
-6598
-22690
-27369
-18282
0
18282
27369
22690
6598
-12812
-25778
-25778
-12812
6598
22690
27369
18282
0
-18282
-27369
-22690
-6598
12812
25778
25778
12812
-6598
-22690
-27369
-18282
0
18282
27369
22690
6598
-12812
-25778
-25778
-12812
6598
22690
27369
18282
0
-18282
-27369
-22690
-6598
12812
25778
25778
12812
-6598
-22690
-27369
-18282
0
18282
27369
22690
6598
-12812
-25778
-25778
-12812
6598
22690
27369
18282
0
-18282
-27369
-22690
-6598
12812
25778
25778
12812
-6598
-22690
-27369
-18282
0
18282
27369
22690
6598
-12812
-25778
-25778
-12812
6598
22690
27369
18282
0
-18282
-27369
-22690
-6598
12812
25778
25778
12812
-6598
-22690
-27369
-18282
0
18282
27369
22690
6598
-12812
-25778
-25778
-12812
6598
22690
27369
18282
0
-18282
-27369
-22690
-6598
12812
25778
25778
12812
-6598
-22690
-27369
-18282
0
18282
27369
22690
6598
-12812
-25778
-25778
-12812
6598
22690
27369
18282
0
-18282
-27369
-22690
-6598
12812
25778
25778
12812
-6598
-22690
-27369
-18282
0
18282
27369
22690
6598
-12812
-25778
-25778
-12812
6598
22690
27369
18282
0
-18282
-27369
-22690
-6598
12812
25778
25778
12812
-6598
-22690
-27369
-18282
0
18282
27369
22690
6598
-12812
-25778
-25778
-12812
6598
22690
27369
18282
0
-18282
-27369
-22690
-6598
12812
25778
25778
12812
-6598
-22690
-27369
-18282
0
18282
27369
22690
6598
-12812
-25778
-25778
-12812
6598
22690
27369
18282
0
-18282
-27369
-22690
-6598
12812
25778
25778
12812
-6598
-22690
-27369
-18282
0
18282
27369
22690
6598
-12812
-25778
-25778
-12812
6598
22690
27369
18282
0
-18282
-27369
-22690
-6598
12812
25778
25778
12812
-6598
-22690
-27369
-18282
0
18282
27369
22690
6598
-12812
-25778
-25778
-12812
6598
22690
27369
18282
0
-18282
-27369
-22690
-6598
12812
25778
25778
12812
-6598
-22690
-27369
-18282
0
18282
27369
22690
6598
-12812
-25778
-25778
-12812
6598
22690
27369
18282
0
-18282
-27369
-22690
-6598
12812
25778
25778
12812
-6598
-22690
-27369
-18282
0
18282
27369
22690
6598
-12812
-25778
-25778
-12812
6598
22690
27369
18282
0
-18282
-27369
-22690
-6598
12812
25778
25778
12812
-6598
-22690
-27369
-18282
0
18282
27369
22690
6598
-12812
-25778
-25778
-12812
6598
22690
27369
18282
0
-18282
-27369
-22690
-6598
12812
25778
25778
12812
-6598
-22690
-27369
-18282
0
18282
27369
22690
6598
-12812
-25778
-25778
-12812
6598
22690
27369
18282
0
-18282
-27369
-22690
-6598
12812
25778
25778
12812
-6598
-22690
-27369
-18282
0
18282
27369
22690
6598
-12812
-25778
-25778
-12812
6598
22690
27369
18282
0
-18282
-27369
-22690
-6598
12812
25778
25778
12812
-6598
-22690
-27369
-18282
0
18282
27369
22690
6598
-12812
-25778
-25778
-12812
6598
22690
27369
18282
0
-18282
-27369
-22690
-6598
12812
25778
25778
12812
-6598
-22690
-27369
-18282
0
18282
27369
22690
6598
-12812
-25778
-25778
-12812
6598
22690
27369
18282
0
-18282
-27369
-22690
-6598
12812
25778
25778
12812
-6598
-22690
-27369
-18282
0
18282
27369
22690
6598
-12812
-25778
-25778
-12812
6598
22690
27369
18282
0
-18282
-27369
-22690
-6598
12812
25778
25778
12812
-6598
-22690
-27369
-18282
0
18282
27369
22690
6598
-12812
-25778
-25778
-12812
6598
22690
27369
18282
0
-18282
-27369
-22690
-6598
12812
25778
25778
12812
-6598
-22690
-27369
-18282
0
18282
27369
22685
6579
-12855
-25852
-25890
-12967
6397
22440
27070
17937
-389
-18709
-27827
-23171
-7093
12312
25278
25278
12312
-7098
-23190
-27869
-18782
-500
17782
26869
22190
6098
-13312
-26278
-26278
-13312
6098
22190
26869
17782
-500
-18782
-27869
-23190
-7098
12312
25278
25278
12312
-7098
-23190
-27869
-18777
-481
17824
26942
22301
6252
-13111
-26028
-25980
-12967
6487
22616
27327
18263
-5
-18282
-27369
-22690
-6598
12812
25778
25778
12812
-6598
-22690
-27369
-18282
0
18282
27369
22690
6598
-12812
-25778
-25778
-12812
6598
22690
27369
18282
0
-18282
-27369
-22690
-6598
12812
25778
25778
12812
-6598
-22690
-27369
-18282
0
18282
27369
22690
6598
-12812
-25778
-25778
-12812
6598
22690
27369
18282
0
-18282
-27369
-22690
-6598
12812
25778
25778
12812
-6598
-22690
-27369
-18282
0
18282
27369
22690
6598
-12812
-25778
-25778
-12812
6598
22690
27369
18282
0
-18282
-27369
-22690
-6598
12812
25778
25778
12812
-6598
-22690
-27369
-18282
0
18282
27369
22690
6598
-12812
-25778
-25778
-12812
6598
22690
27369
18282
0
-18282
-27369
-22690
-6598
12812
25778
25778
12812
-6598
-22690
-27369
-18282
0
18282
27369
22690
6598
-12812
-25778
-25778
-12812
6598
22690
27369
18282
0
-18282
-27369
-22690
-6598
12812
25778
25778
12812
-6598
-22690
-27369
-18282
0
18282
27369
22690
6598
-12812
-25778
-25778
-12812
6598
22690
27369
18282
0
-18282
-27369
-22690
-6598
12812
25778
25778
12812
-6598
-22690
-27369
-18282
0
18282
27369
22690
6598
-12812
-25778
-25778
-12812
6598
22690
27369
18282
0
-18282
-27369
-22690
-6598
12812
25778
25778
12812
-6598
-22690
-27369
-18282
0
18282
27369
22690
6598
-12812
-25778
-25778
-12812
6598
22690
27369
18282
0
-18282
-27369
-22690
-6598
12812
25778
25778
12812
-6598
-22690
-27369
-18282
0
18282
27369
22690
6598
-12812
-25778
-25778
-12812
6598
22690
27369
18282
0
-18282
-27369
-22690
-6598
12812
25778
25778
12812
-6598
-22690
-27369
-18282
0
18282
27369
22690
6598
-12812
-25778
-25778
-12812
6598
22690
27369
18282
0
-18282
-27369
-22690
-6598
12812
25778
25778
12812
-6598
-22690
-27369
-18282
0
18282
27369
22690
6598
-12812
-25778
-25778
-12812
6598
22690
27369
18282
0
-18282
-27369
-22690
-6598
12812
25778
25778
12812
-6598
-22690
-27369
-18282
0
18282
27369
22690
6598
-12812
-25778
-25778
-12812
6598
22690
27369
18282
0
-18282
-27369
-22690
-6598
12812
25778
25778
12812
-6598
-22690
-27369
-18282
0
18282
27369
22690
6598
-12812
-25778
-25778
-12812
6598
22690
27369
18282
0
-18282
-27369
-22690
-6598
12812
25778
25778
12812
-6598
-22690
-27369
-18282
0
18282
27369
22690
6598
-12812
-25778
-25778
-12812
6598
22690
27369
18282
0
-18282
-27369
-22690
-6598
12812
25778
25778
12812
-6598
-22690
-27369
-18282
0
18282
27369
22690
6598
-12812
-25778
-25778
-12812
6598
22690
27369
18282
0
-18282
-27369
-22690
-6598
12812
25778
25778
12812
-6598
-22690
-27369
-18282
0
18282
27369
22690
6598
-12812
-25778
-25778
-12812
6598
22690
27369
18282
0
-18282
-27369
-22690
-6598
12812
25778
25778
12812
-6598
-22690
-27369
-18282
0
18282
27369
22690
6598
-12812
-25778
-25778
-12812
6598
22690
27369
18282
0
-18282
-27369
-22690
-6598
12812
25778
25778
12812
-6598
-22690
-27369
-18282
0
18282
27369
22690
6598
-12812
-25778
-25778
-12812
6598
22690
27369
18282
0
-18282
-27369
-22690
-6598
12812
25778
25778
12812
-6598
-22690
-27369
-18282
0
18282
27369
22690
6598
-12812
-25778
-25778
-12812
6598
22690
27369
18282
0
-18282
-27369
-22690
-6598
12812
25778
25778
12812
-6598
-22690
-27369
-18282
0
18282
27369
22690
6598
-12812
-25778
-25778
-12812
6598
22690
27369
18282
0
-18282
-27369
-22690
-6598
12812
25778
25778
12812
-6598
-22690
-27369
-18282
0
18282
27369
22690
6598
-12812
-25778
-25778
-12812
6598
22690
27369
18282
0
-18282
-27369
-22690
-6598
12812
25778
25778
12812
-6598
-22690
-27369
-18282
0
18282
27369
22690
6598
-12812
-25778
-25778
-12812
6598
22690
27369
18282
0
-18282
-27369
-22690
-6598
12812
25774
25759
12770
-6671
-22801
-27523
-18484
-250
17984
27023
22301
6171
-13270
-26259
-26274
-13312
6098
22190
26869
17782
-500
-18782
-27869
-23190
-7098
12312
25278
25278
12312
-7098
-23190
-27869
-18782
-500
17782
26869
22190
6098
-13312
-26278
-26278
-13312
6098
22190
26869
17782
-500
-18782
-27864
-23171
-7056
12386
25390
25433
12514
-6848
-22891
-27523
-18393
-73
18240
27350
22685
6598
-12812
-25778
-25778
-12812
6598
22690
27369
18282
0
-18282
-27369
-22690
-6598
12812
25778
25778
12812
-6598
-22690
-27369
-18282
0
18282
27369
22690
6598
-12812
-25778
-25778
-12812
6598
22690
27369
18282
0
-18282
-27369
-22690
-6598
12812
25778
25778
12812
-6598
-22690
-27369
-18282
0
18282
27369
22690
6598
-12812
-25778
-25778
-12812
6598
22690
27369
18282
0
-18282
-27369
-22690
-6598
12812
25778
25778
12812
-6598
-22690
-27369
-18282
0
18282
27369
22690
6598
-12812
-25778
-25778
-12812
6598
22690
27369
18282
0
-18282
-27369
-22690
-6598
12812
25778
25778
12812
-6598
-22690
-27369
-18282
0
18282
27369
22690
6598
-12812
-25778
-25778
-12812
6598
22690
27369
18282
0
-18282
-27369
-22690
-6598
12812
25778
25778
12812
-6598
-22690
-27369
-18282
0
18282
27369
22690
6598
-12812
-25778
-25778
-12812
6598
22690
27369
18282
0
-18282
-27369
-22690
-6598
12812
25778
25778
12812
-6598
-22690
-27369
-18282
0
18282
27369
22690
6598
-12812
-25778
-25778
-12812
6598
22690
27369
18282
0
-18282
-27369
-22690
-6598
12812
25778
25778
12812
-6598
-22690
-27369
-18282
0
18282
27369
22690
6598
-12812
-25778
-25778
-12812
6598
22690
27369
18282
0
-18282
-27369
-22690
-6598
12812
25778
25778
12812
-6598
-22690
-27369
-18282
0
18282
27369
22690
6598
-12812
-25778
-25778
-12812
6598
22690
27369
18282
0
-18282
-27369
-22690
-6598
12812
25778
25778
12812
-6598
-22690
-27369
-18282
0
18282
27369
22690
6598
-12812
-25778
-25778
-12812
6598
22690
27369
18282
0
-18282
-27369
-22690
-6598
12812
25778
25778
12812
-6598
-22690
-27369
-18282
0
18282
27369
22690
6598
-12812
-25778
-25778
-12812
6598
22690
27369
18282
0
-18282
-27369
-22690
-6598
12812
25778
25778
12812
-6598
-22690
-27369
-18282
0
18282
27369
22690
6598
-12812
-25778
-25778
-12812
6598
22690
27369
18282
0
-18282
-27369
-22690
-6598
12812
25778
25778
12812
-6598
-22690
-27369
-18282
0
18282
27369
22690
6598
-12812
-25778
-25778
-12812
6598
22690
27369
18282
0
-18282
-27369
-22690
-6598
12812
25778
25778
12812
-6598
-22690
-27369
-18282
0
18282
27369
22690
6598
-12812
-25778
-25778
-12812
6598
22690
27369
18282
0
-18282
-27369
-22690
-6598
12812
25778
25778
12812
-6598
-22690
-27369
-18282
0
18282
27369
22690
6598
-12812
-25778
-25778
-12812
6598
22690
27369
18282
0
-18282
-27369
-22690
-6598
12812
25778
25778
12812
-6598
-22690
-27369
-18282
0
18282
27369
22690
6598
-12812
-25778
-25778
-12812
6598
22690
27369
18282
0
-18282
-27369
-22690
-6598
12812
25778
25778
12812
-6598
-22690
-27369
-18282
0
18282
27369
22690
6598
-12812
-25778
-25778
-12812
6598
22690
27369
18282
0
-18282
-27369
-22690
-6598
12812
25778
25778
12812
-6598
-22690
-27369
-18282
0
18282
27369
22690
6598
-12812
-25778
-25778
-12812
6598
22690
27369
18282
0
-18282
-27369
-22690
-6598
12812
25778
25778
12812
-6598
-22690
-27369
-18282
0
18282
27369
22690
6598
-12812
-25778
-25778
-12812
6598
22690
27369
18282
0
-18282
-27369
-22690
-6598
12812
25778
25778
12812
-6598
-22690
-27369
-18282
0
18282
27369
22690
6598
-12812
-25778
-25778
-12812
6598
22690
27369
18282
0
-18282
-27369
-22690
-6598
12812
25778
25778
12812
-6598
-22690
-27369
-18282
0
18282
27369
22690
6598
-12812
-25778
-25778
-12812
6598
22690
27369
18282
0
-18282
-27369
-22690
-6598
12812
25778
25778
12812
-6598
-22690
-27369
-18282
0
18282
27369
22690
6598
-12812
-25778
-25778
-12812
6598
22690
27369
18282
0
-18282
-27369
-22690
-6598
12812
25778
25778
12812
-6598
-22690
-27369
-18282
0
18282
27369
22690
6598
-12812
-25778
-25778
-12812
6603
22709
27411
18356
111
-18128
-27168
-22440
-6299
13158
26167
26205
13270
-6117
-22194
-26869
-17782
500
18782
27869
23190
7098
-12312
-25278
-25278
-12312
7098
23190
27869
18782
500
-17782
-26869
-22190
-6098
13312
26278
26278
13312
-6098
-22190
-26869
-17782
500
18782
27869
23190
7098
-12317
-25297
-25321
-12386
6987
23035
27668
18532
201
-18128
-27258
-22616
-6556
12831
25783
25778
12812
-6598
-22690
-27369
-18282
0
18282
27369
22690
6598
-12812
-25778
-25778
-12812
6598
22690
27369
18282
0
-18282
-27369
-22690
-6598
12812
25778
25778
12812
-6598
-22690
-27369
-18282
0
18282
27369
22690
6598
-12812
-25778
-25778
-12812
6598
22690
27369
18282
0
-18282
-27369
-22690
-6598
12812
25778
25778
12812
-6598
-22690
-27369
-18282
0
18282
27369
22690
6598
-12812
-25778
-25778
-12812
6598
22690
27369
18282
0
-18282
-27369
-22690
-6598
12812
25778
25778
12812
-6598
-22690
-27369
-18282
0
18282
27369
22690
6598
-12812
-25778
-25778
-12812
6598
22690
27369
18282
0
-18282
-27369
-22690
-6598
12812
25778
25778
12812
-6598
-22690
-27369
-18282
0
18282
27369
22690
6598
-12812
-25778
-25778
-12812
6598
22690
27369
18282
0
-18282
-27369
-22690
-6598
12812
25778
25778
12812
-6598
-22690
-27369
-18282
0
18282
27369
22690
6598
-12812
-25778
-25778
-12812
6598
22690
27369
18282
0
-18282
-27369
-22690
-6598
12812
25778
25778
12812
-6598
-22690
-27369
-18282
0
18282
27369
22690
6598
-12812
-25778
-25778
-12812
6598
22690
27369
18282
0
-18282
-27369
-22690
-6598
12812
25778
25778
12812
-6598
-22690
-27369
-18282
0
18282
27369
22690
6598
-12812
-25778
-25778
-12812
6598
22690
27369
18282
0
-18282
-27369
-22690
-6598
12812
25778
25778
12812
-6598
-22690
-27369
-18282
0
18282
27369
22690
6598
-12812
-25778
-25778
-12812
6598
22690
27369
18282
0
-18282
-27369
-22690
-6598
12812
25778
25778
12812
-6598
-22690
-27369
-18282
0
18282
27369
22690
6598
-12812
-25778
-25778
-12812
6598
22690
27369
18282
0
-18282
-27369
-22690
-6598
12812
25778
25778
12812
-6598
-22690
-27369
-18282
0
18282
27369
22690
6598
-12812
-25778
-25778
-12812
6598
22690
27369
18282
0
-18282
-27369
-22690
-6598
12812
25778
25778
12812
-6598
-22690
-27369
-18282
0
18282
27369
22690
6598
-12812
-25778
-25778
-12812
6598
22690
27369
18282
0
-18282
-27369
-22690
-6598
12812
25778
25778
12812
-6598
-22690
-27369
-18282
0
18282
27369
22690
6598
-12812
-25778
-25778
-12812
6598
22690
27369
18282
0
-18282
-27369
-22690
-6598
12812
25778
25778
12812
-6598
-22690
-27369
-18282
0
18282
27369
22690
6598
-12812
-25778
-25778
-12812
6598
22690
27369
18282
0
-18282
-27369
-22690
-6598
12812
25778
25778
12812
-6598
-22690
-27369
-18282
0
18282
27369
22690
6598
-12812
-25778
-25778
-12812
6598
22690
27369
18282
0
-18282
-27369
-22690
-6598
12812
25778
25778
12812
-6598
-22690
-27369
-18282
0
18282
27369
22690
6598
-12812
-25778
-25778
-12812
6598
22690
27369
18282
0
-18282
-27369
-22690
-6598
12812
25778
25778
12812
-6598
-22690
-27369
-18282
0
18282
27369
22690
6598
-12812
-25778
-25778
-12812
6598
22690
27369
18282
0
-18282
-27369
-22690
-6598
12812
25778
25778
12812
-6598
-22690
-27369
-18282
0
18282
27369
22690
6598
-12812
-25778
-25778
-12812
6598
22690
27369
18282
0
-18282
-27369
-22690
-6598
12812
25778
25778
12812
-6598
-22690
-27369
-18282
0
18282
27369
22690
6598
-12812
-25778
-25778
-12812
6598
22690
27369
18282
0
-18282
-27369
-22690
-6598
12812
25778
25778
12812
-6598
-22690
-27369
-18282
0
18282
27369
22690
6598
-12812
-25778
-25778
-12812
6598
22690
27369
18282
0
-18282
-27369
-22690
-6598
12812
25778
25778
12812
-6598
-22690
-27369
-18282
0
18282
27369
22690
6598
-12812
-25778
-25778
-12812
6598
22690
27369
18282
0
-18282
-27369
-22690
-6598
12812
25778
25778
12812
-6598
-22690
-27369
-18282
0
18282
27369
22690
6598
-12812
-25778
-25778
-12812
6598
22690
27369
18282
0
-18282
-27369
-22690
-6598
12812
25778
25778
12812
-6598
-22690
-27369
-18277
19
18324
27442
22801
6752
-12611
-25528
-25480
-12467
6987
23116
27827
18763
495
-17782
-26869
-22190
-6098
13312
26278
26278
13312
-6098
-22190
-26869
-17782
500
18782
27869
23190
7098
-12312
-25278
-25278
-12312
7098
23190
27869
18782
500
-17782
-26869
-22190
-6098
13312
26278
26278
13308
-6117
-22232
-26942
-17893
346
18581
27619
22891
6752
-12701
-25705
-25736
-12793
6603
22690
27369
18282
0
-18282
-27369
-22690
-6598
12812
25778
25778
12812
-6598
-22690
-27369
-18282
0
18282
27369
22690
6598
-12812
-25778
-25778
-12812
6598
22690
27369
18282
0
-18282
-27369
-22690
-6598
12812
25778
25778
12812
-6598
-22690
-27369
-18282
0
18282
27369
22690
6598
-12812
-25778
-25778
-12812
6598
22690
27369
18282
0
-18282
-27369
-22690
-6598
12812
25778
25778
12812
-6598
-22690
-27369
-18282
0
18282
27369
22690
6598
-12812
-25778
-25778
-12812
6598
22690
27369
18282
0
-18282
-27369
-22690
-6598
12812
25778
25778
12812
-6598
-22690
-27369
-18282
0
18282
27369
22690
6598
-12812
-25778
-25778
-12812
6598
22690
27369
18282
0
-18282
-27369
-22690
-6598
12812
25778
25778
12812
-6598
-22690
-27369
-18282
0
18282
27369
22690
6598
-12812
-25778
-25778
-12812
6598
22690
27369
18282
0
-18282
-27369
-22690
-6598
12812
25778
25778
12812
-6598
-22690
-27369
-18282
0
18282
27369
22690
6598
-12812
-25778
-25778
-12812
6598
22690
27369
18282
0
-18282
-27369
-22690
-6598
12812
25778
25778
12812
-6598
-22690
-27369
-18282
0
18282
27369
22690
6598
-12812
-25778
-25778
-12812
6598
22690
27369
18282
0
-18282
-27369
-22690
-6598
12812
25778
25778
12812
-6598
-22690
-27369
-18282
0
18282
27369
22690
6598
-12812
-25778
-25778
-12812
6598
22690
27369
18282
0
-18282
-27369
-22690
-6598
12812
25778
25778
12812
-6598
-22690
-27369
-18282
0
18282
27369
22690
6598
-12812
-25778
-25778
-12812
6598
22690
27369
18282
0
-18282
-27369
-22690
-6598
12812
25778
25778
12812
-6598
-22690
-27369
-18282
0
18282
27369
22690
6598
-12812
-25778
-25778
-12812
6598
22690
27369
18282
0
-18282
-27369
-22690
-6598
12812
25778
25778
12812
-6598
-22690
-27369
-18282
0
18282
27369
22690
6598
-12812
-25778
-25778
-12812
6598
22690
27369
18282
0
-18282
-27369
-22690
-6598
12812
25778
25778
12812
-6598
-22690
-27369
-18282
0
18282
27369
22690
6598
-12812
-25778
-25778
-12812
6598
22690
27369
18282
0
-18282
-27369
-22690
-6598
12812
25778
25778
12812
-6598
-22690
-27369
-18282
0
18282
27369
22690
6598
-12812
-25778
-25778
-12812
6598
22690
27369
18282
0
-18282
-27369
-22690
-6598
12812
25778
25778
12812
-6598
-22690
-27369
-18282
0
18282
27369
22690
6598
-12812
-25778
-25778
-12812
6598
22690
27369
18282
0
-18282
-27369
-22690
-6598
12812
25778
25778
12812
-6598
-22690
-27369
-18282
0
18282
27369
22690
6598
-12812
-25778
-25778
-12812
6598
22690
27369
18282
0
-18282
-27369
-22690
-6598
12812
25778
25778
12812
-6598
-22690
-27369
-18282
0
18282
27369
22690
6598
-12812
-25778
-25778
-12812
6598
22690
27369
18282
0
-18282
-27369
-22690
-6598
12812
25778
25778
12812
-6598
-22690
-27369
-18282
0
18282
27369
22690
6598
-12812
-25778
-25778
-12812
6598
22690
27369
18282
0
-18282
-27369
-22690
-6598
12812
25778
25778
12812
-6598
-22690
-27369
-18282
0
18282
27369
22690
6598
-12812
-25778
-25778
-12812
6598
22690
27369
18282
0
-18282
-27369
-22690
-6598
12812
25778
25778
12812
-6598
-22690
-27369
-18282
0
18282
27369
22690
6598
-12812
-25778
-25778
-12812
6598
22690
27369
18282
0
-18282
-27369
-22690
-6598
12812
25778
25778
12812
-6598
-22690
-27369
-18282
0
18282
27369
22690
6598
-12812
-25778
-25778
-12812
6598
22690
27369
18282
0
-18282
-27369
-22690
-6598
12812
25778
25778
12812
-6598
-22690
-27369
-18282
0
18282
27369
22690
6598
-12812
-25778
-25778
-12812
6598
22690
27369
18282
0
-18282
-27369
-22690
-6598
12812
25778
25778
12812
-6598
-22690
-27369
-18282
0
18282
27369
22690
6598
-12812
-25778
-25778
-12812
6598
22690
27369
18282
0
-18282
-27364
-22671
-6556
12886
25890
25933
13014
-6348
-22391
-27023
-17893
427
18740
27850
23185
7098
-12312
-25278
-25278
-12312
7098
23190
27869
18782
500
-17782
-26869
-22190
-6098
13312
26278
26278
13312
-6098
-22190
-26869
-17782
500
18782
27869
23190
7098
-12312
-25278
-25278
-12312
7098
23190
27864
18763
458
-17856
-26980
-22344
-6299
13062
25980
25933
12924
-6525
-22648
-27350
-18277
0
18282
27369
22690
6598
-12812
-25778
-25778
-12812
6598
22690
27369
18282
0
-18282
-27369
-22690
-6598
12812
25778
25778
12812
-6598
-22690
-27369
-18282
0
18282
27369
22690
6598
-12812
-25778
-25778
-12812
6598
22690
27369
18282
0
-18282
-27369
-22690
-6598
12812
25778
25778
12812
-6598
-22690
-27369
-18282
0
18282
27369
22690
6598
-12812
-25778
-25778
-12812
6598
22690
27369
18282
0
-18282
-27369
-22690
-6598
12812
25778
25778
12812
-6598
-22690
-27369
-18282
0
18282
27369
22690
6598
-12812
-25778
-25778
-12812
6598
22690
27369
18282
0
-18282
-27369
-22690
-6598
12812
25778
25778
12812
-6598
-22690
-27369
-18282
0
18282
27369
22690
6598
-12812
-25778
-25778
-12812
6598
22690
27369
18282
0
-18282
-27369
-22690
-6598
12812
25778
25778
12812
-6598
-22690
-27369
-18282
0
18282
27369
22690
6598
-12812
-25778
-25778
-12812
6598
22690
27369
18282
0
-18282
-27369
-22690
-6598
12812
25778
25778
12812
-6598
-22690
-27369
-18282
0
18282
27369
22690
6598
-12812
-25778
-25778
-12812
6598
22690
27369
18282
0
-18282
-27369
-22690
-6598
12812
25778
25778
12812
-6598
-22690
-27369
-18282
0
18282
27369
22690
6598
-12812
-25778
-25778
-12812
6598
22690
27369
18282
0
-18282
-27369
-22690
-6598
12812
25778
25778
12812
-6598
-22690
-27369
-18282
0
18282
27369
22690
6598
-12812
-25778
-25778
-12812
6598
22690
27369
18282
0
-18282
-27369
-22690
-6598
12812
25778
25778
12812
-6598
-22690
-27369
-18282
0
18282
27369
22690
6598
-12812
-25778
-25778
-12812
6598
22690
27369
18282
0
-18282
-27369
-22690
-6598
12812
25778
25778
12812
-6598
-22690
-27369
-18282
0
18282
27369
22690
6598
-12812
-25778
-25778
-12812
6598
22690
27369
18282
0
-18282
-27369
-22690
-6598
12812
25778
25778
12812
-6598
-22690
-27369
-18282
0
18282
27369
22690
6598
-12812
-25778
-25778
-12812
6598
22690
27369
18282
0
-18282
-27369
-22690
-6598
12812
25778
25778
12812
-6598
-22690
-27369
-18282
0
18282
27369
22690
6598
-12812
-25778
-25778
-12812
6598
22690
27369
18282
0
-18282
-27369
-22690
-6598
12812
25778
25778
12812
-6598
-22690
-27369
-18282
0
18282
27369
22690
6598
-12812
-25778
-25778
-12812
6598
22690
27369
18282
0
-18282
-27369
-22690
-6598
12812
25778
25778
12812
-6598
-22690
-27369
-18282
0
18282
27369
22690
6598
-12812
-25778
-25778
-12812
6598
22690
27369
18282
0
-18282
-27369
-22690
-6598
12812
25778
25778
12812
-6598
-22690
-27369
-18282
0
18282
27369
22690
6598
-12812
-25778
-25778
-12812
6598
22690
27369
18282
0
-18282
-27369
-22690
-6598
12812
25778
25778
12812
-6598
-22690
-27369
-18282
0
18282
27369
22690
6598
-12812
-25778
-25778
-12812
6598
22690
27369
18282
0
-18282
-27369
-22690
-6598
12812
25778
25778
12812
-6598
-22690
-27369
-18282
0
18282
27369
22690
6598
-12812
-25778
-25778
-12812
6598
22690
27369
18282
0
-18282
-27369
-22690
-6598
12812
25778
25778
12812
-6598
-22690
-27369
-18282
0
18282
27369
22690
6598
-12812
-25778
-25778
-12812
6598
22690
27369
18282
0
-18282
-27369
-22690
-6598
12812
25778
25778
12812
-6598
-22690
-27369
-18282
0
18282
27369
22690
6598
-12812
-25778
-25778
-12812
6598
22690
27369
18282
0
-18282
-27369
-22690
-6598
12812
25778
25778
12812
-6598
-22690
-27369
-18282
0
18282
27369
22690
6598
-12812
-25778
-25778
-12812
6598
22690
27369
18282
0
-18282
-27369
-22690
-6598
12812
25778
25778
12812
-6598
-22690
-27369
-18282
0
18282
27369
22690
6598
-12812
-25778
-25778
-12812
6598
22690
27369
18282
0
-18282
-27369
-22690
-6598
12812
25778
25778
12812
-6598
-22690
-27369
-18282
0
18282
27369
22690
6598
-12817
-25797
-25821
-12886
6487
22535
27168
18032
-299
-18628
-27758
-23116
-7056
12331
25283
25278
12312
-7098
-23190
-27869
-18782
-500
17782
26869
22190
6098
-13312
-26278
-26278
-13312
6098
22190
26869
17782
-500
-18782
-27869
-23190
-7098
12312
25278
25278
12312
-7098
-23190
-27869
-18782
-500
17787
26888
22232
6171
-13201
-26124
-26077
-13062
6397
22535
27258
18209
-42
-18301
-27374
-22690
-6598
12812
25778
25778
12812
-6598
-22690
-27369
-18282
0
18282
27369
22690
6598
-12812
-25778
-25778
-12812
6598
22690
27369
18282
0
-18282
-27369
-22690
-6598
12812
25778
25778
12812
-6598
-22690
-27369
-18282
0
18282
27369
22690
6598
-12812
-25778
-25778
-12812
6598
22690
27369
18282
0
-18282
-27369
-22690
-6598
12812
25778
25778
12812
-6598
-22690
-27369
-18282
0
18282
27369
22690
6598
-12812
-25778
-25778
-12812
6598
22690
27369
18282
0
-18282
-27369
-22690
-6598
12812
25778
25778
12812
-6598
-22690
-27369
-18282
0
18282
27369
22690
6598
-12812
-25778
-25778
-12812
6598
22690
27369
18282
0
-18282
-27369
-22690
-6598
12812
25778
25778
12812
-6598
-22690
-27369
-18282
0
18282
27369
22690
6598
-12812
-25778
-25778
-12812
6598
22690
27369
18282
0
-18282
-27369
-22690
-6598
12812
25778
25778
12812
-6598
-22690
-27369
-18282
0
18282
27369
22690
6598
-12812
-25778
-25778
-12812
6598
22690
27369
18282
0
-18282
-27369
-22690
-6598
12812
25778
25778
12812
-6598
-22690
-27369
-18282
0
18282
27369
22690
6598
-12812
-25778
-25778
-12812
6598
22690
27369
18282
0
-18282
-27369
-22690
-6598
12812
25778
25778
12812
-6598
-22690
-27369
-18282
0
18282
27369
22690
6598
-12812
-25778
-25778
-12812
6598
22690
27369
18282
0
-18282
-27369
-22690
-6598
12812
25778
25778
12812
-6598
-22690
-27369
-18282
0
18282
27369
22690
6598
-12812
-25778
-25778
-12812
6598
22690
27369
18282
0
-18282
-27369
-22690
-6598
12812
25778
25778
12812
-6598
-22690
-27369
-18282
0
18282
27369
22690
6598
-12812
-25778
-25778
-12812
6598
22690
27369
18282
0
-18282
-27369
-22690
-6598
12812
25778
25778
12812
-6598
-22690
-27369
-18282
0
18282
27369
22690
6598
-12812
-25778
-25778
-12812
6598
22690
27369
18282
0
-18282
-27369
-22690
-6598
12812
25778
25778
12812
-6598
-22690
-27369
-18282
0
18282
27369
22690
6598
-12812
-25778
-25778
-12812
6598
22690
27369
18282
0
-18282
-27369
-22690
-6598
12812
25778
25778
12812
-6598
-22690
-27369
-18282
0
18282
27369
22690
6598
-12812
-25778
-25778
-12812
6598
22690
27369
18282
0
-18282
-27369
-22690
-6598
12812
25778
25778
12812
-6598
-22690
-27369
-18282
0
18282
27369
22690
6598
-12812
-25778
-25778
-12812
6598
22690
27369
18282
0
-18282
-27369
-22690
-6598
12812
25778
25778
12812
-6598
-22690
-27369
-18282
0
18282
27369
22690
6598
-12812
-25778
-25778
-12812
6598
22690
27369
18282
0
-18282
-27369
-22690
-6598
12812
25778
25778
12812
-6598
-22690
-27369
-18282
0
18282
27369
22690
6598
-12812
-25778
-25778
-12812
6598
22690
27369
18282
0
-18282
-27369
-22690
-6598
12812
25778
25778
12812
-6598
-22690
-27369
-18282
0
18282
27369
22690
6598
-12812
-25778
-25778
-12812
6598
22690
27369
18282
0
-18282
-27369
-22690
-6598
12812
25778
25778
12812
-6598
-22690
-27369
-18282
0
18282
27369
22690
6598
-12812
-25778
-25778
-12812
6598
22690
27369
18282
0
-18282
-27369
-22690
-6598
12812
25778
25778
12812
-6598
-22690
-27369
-18282
0
18282
27369
22690
6598
-12812
-25778
-25778
-12812
6598
22690
27369
18282
0
-18282
-27369
-22690
-6598
12812
25778
25778
12812
-6598
-22690
-27369
-18282
0
18282
27369
22690
6598
-12812
-25778
-25778
-12812
6598
22690
27369
18282
0
-18282
-27369
-22690
-6598
12812
25778
25778
12812
-6598
-22690
-27369
-18282
0
18282
27369
22690
6598
-12812
-25778
-25778
-12812
6598
22690
27369
18282
0
-18282
-27369
-22690
-6598
12812
25778
25778
12812
-6598
-22690
-27369
-18282
0
18282
27369
22690
6598
-12812
-25778
-25778
-12812
6598
22690
27369
18282
0
-18282
-27369
-22690
-6598
12812
25778
25778
12808
-6617
-22732
-27442
-18393
-154
18081
27119
22391
6252
-13201
-26205
-26236
-13293
6103
22190
26869
17782
-500
-18782
-27869
-23190
-7098
12312
25278
25278
12312
-7098
-23190
-27869
-18782
-500
17782
26869
22190
6098
-13312
-26278
-26278
-13312
6098
22190
26869
17782
-500
-18782
-27869
-23190
-7093
12331
25321
25352
12424
-6944
-22988
-27619
-18484
-154
18171
27296
22648
6579
-12817
-25778
-25778
-12812
6598
22690
27369
18282
0
-18282
-27369
-22690
-6598
12812
25778
25778
12812
-6598
-22690
-27369
-18282
0
18282
27369
22690
6598
-12812
-25778
-25778
-12812
6598
22690
27369
18282
0
-18282
-27369
-22690
-6598
12812
25778
25778
12812
-6598
-22690
-27369
-18282
0
18282
27369
22690
6598
-12812
-25778
-25778
-12812
6598
22690
27369
18282
0
-18282
-27369
-22690
-6598
12812
25778
25778
12812
-6598
-22690
-27369
-18282
0
18282
27369
22690
6598
-12812
-25778
-25778
-12812
6598
22690
27369
18282
0
-18282
-27369
-22690
-6598
12812
25778
25778
12812
-6598
-22690
-27369
-18282
0
18282
27369
22690
6598
-12812
-25778
-25778
-12812
6598
22690
27369
18282
0
-18282
-27369
-22690
-6598
12812
25778
25778
12812
-6598
-22690
-27369
-18282
0
18282
27369
22690
6598
-12812
-25778
-25778
-12812
6598
22690
27369
18282
0
-18282
-27369
-22690
-6598
12812
25778
25778
12812
-6598
-22690
-27369
-18282
0
18282
27369
22690
6598
-12812
-25778
-25778
-12812
6598
22690
27369
18282
0
-18282
-27369
-22690
-6598
12812
25778
25778
12812
-6598
-22690
-27369
-18282
0
18282
27369
22690
6598
-12812
-25778
-25778
-12812
6598
22690
27369
18282
0
-18282
-27369
-22690
-6598
12812
25778
25778
12812
-6598
-22690
-27369
-18282
0
18282
27369
22690
6598
-12812
-25778
-25778
-12812
6598
22690
27369
18282
0
-18282
-27369
-22690
-6598
12812
25778
25778
12812
-6598
-22690
-27369
-18282
0
18282
27369
22690
6598
-12812
-25778
-25778
-12812
6598
22690
27369
18282
0
-18282
-27369
-22690
-6598
12812
25778
25778
12812
-6598
-22690
-27369
-18282
0
18282
27369
22690
6598
-12812
-25778
-25778
-12812
6598
22690
27369
18282
0
-18282
-27369
-22690
-6598
12812
25778
25778
12812
-6598
-22690
-27369
-18282
0
18282
27369
22690
6598
-12812
-25778
-25778
-12812
6598
22690
27369
18282
0
-18282
-27369
-22690
-6598
12812
25778
25778
12812
-6598
-22690
-27369
-18282
0
18282
27369
22690
6598
-12812
-25778
-25778
-12812
6598
22690
27369
18282
0
-18282
-27369
-22690
-6598
12812
25778
25778
12812
-6598
-22690
-27369
-18282
0
18282
27369
22690
6598
-12812
-25778
-25778
-12812
6598
22690
27369
18282
0
-18282
-27369
-22690
-6598
12812
25778
25778
12812
-6598
-22690
-27369
-18282
0
18282
27369
22690
6598
-12812
-25778
-25778
-12812
6598
22690
27369
18282
0
-18282
-27369
-22690
-6598
12812
25778
25778
12812
-6598
-22690
-27369
-18282
0
18282
27369
22690
6598
-12812
-25778
-25778
-12812
6598
22690
27369
18282
0
-18282
-27369
-22690
-6598
12812
25778
25778
12812
-6598
-22690
-27369
-18282
0
18282
27369
22690
6598
-12812
-25778
-25778
-12812
6598
22690
27369
18282
0
-18282
-27369
-22690
-6598
12812
25778
25778
12812
-6598
-22690
-27369
-18282
0
18282
27369
22690
6598
-12812
-25778
-25778
-12812
6598
22690
27369
18282
0
-18282
-27369
-22690
-6598
12812
25778
25778
12812
-6598
-22690
-27369
-18282
0
18282
27369
22690
6598
-12812
-25778
-25778
-12812
6598
22690
27369
18282
0
-18282
-27369
-22690
-6598
12812
25778
25778
12812
-6598
-22690
-27369
-18282
0
18282
27369
22690
6598
-12812
-25778
-25778
-12812
6598
22690
27369
18282
0
-18282
-27369
-22690
-6598
12812
25778
25778
12812
-6598
-22690
-27369
-18282
0
18282
27369
22690
6598
-12812
-25778
-25778
-12812
6598
22690
27369
18282
0
-18282
-27369
-22690
-6598
12812
25778
25778
12812
-6598
-22690
-27369
-18282
0
18282
27369
22690
6598
-12812
-25778
-25778
-12812
6598
22690
27369
18282
0
-18282
-27369
-22690
-6598
12812
25778
25778
12812
-6598
-22690
-27369
-18282
0
18282
27369
22690
6598
-12812
-25778
-25778
-12812
6598
22690
27364
18263
-42
-18356
-27480
-22844
-6799
12562
25480
25433
12424
-7025
-23148
-27850
-18777
-500
17782
26869
22190
6098
-13312
-26278
-26278
-13312
6098
22190
26869
17782
-500
-18782
-27869
-23190
-7098
12312
25278
25278
12312
-7098
-23190
-27869
-18782
-500
17782
26869
22190
6098
-13312
-26278
-26274
-13293
6140
22263
26980
17937
-299
-18532
-27570
-22844
-6709
12739
25736
25759
12808
-6598
-22690
-27369
-18282
0
18282
27369
22690
6598
-12812
-25778
-25778
-12812
6598
22690
27369
18282
0
-18282
-27369
-22690
-6598
12812
25778
25778
12812
-6598
-22690
-27369
-18282
0
18282
27369
22690
6598
-12812
-25778
-25778
-12812
6598
22690
27369
18282
0
-18282
-27369
-22690
-6598
12812
25778
25778
12812
-6598
-22690
-27369
-18282
0
18282
27369
22690
6598
-12812
-25778
-25778
-12812
6598
22690
27369
18282
0
-18282
-27369
-22690
-6598
12812
25778
25778
12812
-6598
-22690
-27369
-18282
0
18282
27369
22690
6598
-12812
-25778
-25778
-12812
6598
22690
27369
18282
0
-18282
-27369
-22690
-6598
12812
25778
25778
12812
-6598
-22690
-27369
-18282
0
18282
27369
22690
6598
-12812
-25778
-25778
-12812
6598
22690
27369
18282
0
-18282
-27369
-22690
-6598
12812
25778
25778
12812
-6598
-22690
-27369
-18282
0
18282
27369
22690
6598
-12812
-25778
-25778
-12812
6598
22690
27369
18282
0
-18282
-27369
-22690
-6598
12812
25778
25778
12812
-6598
-22690
-27369
-18282
0
18282
27369
22690
6598
-12812
-25778
-25778
-12812
6598
22690
27369
18282
0
-18282
-27369
-22690
-6598
12812
25778
25778
12812
-6598
-22690
-27369
-18282
0
18282
27369
22690
6598
-12812
-25778
-25778
-12812
6598
22690
27369
18282
0
-18282
-27369
-22690
-6598
12812
25778
25778
12812
-6598
-22690
-27369
-18282
0
18282
27369
22690
6598
-12812
-25778
-25778
-12812
6598
22690
27369
18282
0
-18282
-27369
-22690
-6598
12812
25778
25778
12812
-6598
-22690
-27369
-18282
0
18282
27369
22690
6598
-12812
-25778
-25778
-12812
6598
22690
27369
18282
0
-18282
-27369
-22690
-6598
12812
25778
25778
12812
-6598
-22690
-27369
-18282
0
18282
27369
22690
6598
-12812
-25778
-25778
-12812
6598
22690
27369
18282
0
-18282
-27369
-22690
-6598
12812
25778
25778
12812
-6598
-22690
-27369
-18282
0
18282
27369
22690
6598
-12812
-25778
-25778
-12812
6598
22690
27369
18282
0
-18282
-27369
-22690
-6598
12812
25778
25778
12812
-6598
-22690
-27369
-18282
0
18282
27369
22690
6598
-12812
-25778
-25778
-12812
6598
22690
27369
18282
0
-18282
-27369
-22690
-6598
12812
25778
25778
12812
-6598
-22690
-27369
-18282
0
18282
27369
22690
6598
-12812
-25778
-25778
-12812
6598
22690
27369
18282
0
-18282
-27369
-22690
-6598
12812
25778
25778
12812
-6598
-22690
-27369
-18282
0
18282
27369
22690
6598
-12812
-25778
-25778
-12812
6598
22690
27369
18282
0
-18282
-27369
-22690
-6598
12812
25778
25778
12812
-6598
-22690
-27369
-18282
0
18282
27369
22690
6598
-12812
-25778
-25778
-12812
6598
22690
27369
18282
0
-18282
-27369
-22690
-6598
12812
25778
25778
12812
-6598
-22690
-27369
-18282
0
18282
27369
22690
6598
-12812
-25778
-25778
-12812
6598
22690
27369
18282
0
-18282
-27369
-22690
-6598
12812
25778
25778
12812
-6598
-22690
-27369
-18282
0
18282
27369
22690
6598
-12812
-25778
-25778
-12812
6598
22690
27369
18282
0
-18282
-27369
-22690
-6598
12812
25778
25778
12812
-6598
-22690
-27369
-18282
0
18282
27369
22690
6598
-12812
-25778
-25778
-12812
6598
22690
27369
18282
0
-18282
-27369
-22690
-6598
12812
25778
25778
12812
-6598
-22690
-27369
-18282
0
18282
27369
22690
6598
-12812
-25778
-25778
-12812
6598
22690
27369
18282
0
-18282
-27369
-22690
-6598
12812
25778
25778
12812
-6598
-22690
-27369
-18282
0
18282
27369
22690
6598
-12812
-25778
-25778
-12812
6598
22690
27369
18282
0
-18282
-27369
-22690
-6598
12812
25778
25778
12812
-6598
-22690
-27369
-18282
0
18282
27369
22690
6598
-12812
-25778
-25778
-12812
6598
22690
27369
18282
0
-18282
-27369
-22690
-6598
12812
25778
25778
12812
-6598
-22690
-27369
-18282
0
18277
27350
22648
6525
-12924
-25933
-25980
-13062
6299
22344
26980
17856
-458
-18763
-27864
-23190
-7098
12312
25278
25278
12312
-7098
-23190
-27869
-18782
-500
17782
26869
22190
6098
-13312
-26278
-26278
-13312
6098
22190
26869
17782
-500
-18782
-27869
-23190
-7098
12312
25278
25278
12312
-7098
-23185
-27850
-18740
-427
17893
27023
22391
6348
-13014
-25933
-25890
-12886
6556
22671
27364
18282
0
-18282
-27369
-22690
-6598
12812
25778
25778
12812
-6598
-22690
-27369
-18282
0
18282
27369
22690
6598
-12812
-25778
-25778
-12812
6598
22690
27369
18282
0
-18282
-27369
-22690
-6598
12812
25778
25778
12812
-6598
-22690
-27369
-18282
0
18282
27369
22690
6598
-12812
-25778
-25778
-12812
6598
22690
27369
18282
0
-18282
-27369
-22690
-6598
12812
25778
25778
12812
-6598
-22690
-27369
-18282
0
18282
27369
22690
6598
-12812
-25778
-25778
-12812
6598
22690
27369
18282
0
-18282
-27369
-22690
-6598
12812
25778
25778
12812
-6598
-22690
-27369
-18282
0
18282
27369
22690
6598
-12812
-25778
-25778
-12812
6598
22690
27369
18282
0
-18282
-27369
-22690
-6598
12812
25778
25778
12812
-6598
-22690
-27369
-18282
0
18282
27369
22690
6598
-12812
-25778
-25778
-12812
6598
22690
27369
18282
0
-18282
-27369
-22690
-6598
12812
25778
25778
12812
-6598
-22690
-27369
-18282
0
18282
27369
22690
6598
-12812
-25778
-25778
-12812
6598
22690
27369
18282
0
-18282
-27369
-22690
-6598
12812
25778
25778
12812
-6598
-22690
-27369
-18282
0
18282
27369
22690
6598
-12812
-25778
-25778
-12812
6598
22690
27369
18282
0
-18282
-27369
-22690
-6598
12812
25778
25778
12812
-6598
-22690
-27369
-18282
0
18282
27369
22690
6598
-12812
-25778
-25778
-12812
6598
22690
27369
18282
0
-18282
-27369
-22690
-6598
12812
25778
25778
12812
-6598
-22690
-27369
-18282
0
18282
27369
22690
6598
-12812
-25778
-25778
-12812
6598
22690
27369
18282
0
-18282
-27369
-22690
-6598
12812
25778
25778
12812
-6598
-22690
-27369
-18282
0
18282
27369
22690
6598
-12812
-25778
-25778
-12812
6598
22690
27369
18282
0
-18282
-27369
-22690
-6598
12812
25778
25778
12812
-6598
-22690
-27369
-18282
0
18282
27369
22690
6598
-12812
-25778
-25778
-12812
6598
22690
27369
18282
0
-18282
-27369
-22690
-6598
12812
25778
25778
12812
-6598
-22690
-27369
-18282
0
18282
27369
22690
6598
-12812
-25778
-25778
-12812
6598
22690
27369
18282
0
-18282
-27369
-22690
-6598
12812
25778
25778
12812
-6598
-22690
-27369
-18282
0
18282
27369
22690
6598
-12812
-25778
-25778
-12812
6598
22690
27369
18282
0
-18282
-27369
-22690
-6598
12812
25778
25778
12812
-6598
-22690
-27369
-18282
0
18282
27369
22690
6598
-12812
-25778
-25778
-12812
6598
22690
27369
18282
0
-18282
-27369
-22690
-6598
12812
25778
25778
12812
-6598
-22690
-27369
-18282
0
18282
27369
22690
6598
-12812
-25778
-25778
-12812
6598
22690
27369
18282
0
-18282
-27369
-22690
-6598
12812
25778
25778
12812
-6598
-22690
-27369
-18282
0
18282
27369
22690
6598
-12812
-25778
-25778
-12812
6598
22690
27369
18282
0
-18282
-27369
-22690
-6598
12812
25778
25778
12812
-6598
-22690
-27369
-18282
0
18282
27369
22690
6598
-12812
-25778
-25778
-12812
6598
22690
27369
18282
0
-18282
-27369
-22690
-6598
12812
25778
25778
12812
-6598
-22690
-27369
-18282
0
18282
27369
22690
6598
-12812
-25778
-25778
-12812
6598
22690
27369
18282
0
-18282
-27369
-22690
-6598
12812
25778
25778
12812
-6598
-22690
-27369
-18282
0
18282
27369
22690
6598
-12812
-25778
-25778
-12812
6598
22690
27369
18282
0
-18282
-27369
-22690
-6598
12812
25778
25778
12812
-6598
-22690
-27369
-18282
0
18282
27369
22690
6598
-12812
-25778
-25778
-12812
6598
22690
27369
18282
0
-18282
-27369
-22690
-6598
12812
25778
25778
12812
-6598
-22690
-27369
-18282
0
18282
27369
22690
6598
-12812
-25778
-25778
-12812
6598
22690
27369
18282
0
-18282
-27369
-22690
-6598
12812
25778
25778
12812
-6598
-22690
-27369
-18282
0
18282
27369
22690
6598
-12812
-25778
-25778
-12812
6598
22690
27369
18282
0
-18282
-27369
-22690
-6593
12831
25821
25852
12924
-6444
-22488
-27119
-17984
346
18671
27796
23148
7079
-12317
-25278
-25278
-12312
7098
23190
27869
18782
500
-17782
-26869
-22190
-6098
13312
26278
26278
13312
-6098
-22190
-26869
-17782
500
18782
27869
23190
7098
-12312
-25278
-25278
-12312
7098
23190
27869
18782
495
-17801
-26911
-22263
-6209
13158
26077
26028
13014
-6444
-22579
-27296
-18240
19
18287
27369
22690
6598
-12812
-25778
-25778
-12812
6598
22690
27369
18282
0
-18282
-27369
-22690
-6598
12812
25778
25778
12812
-6598
-22690
-27369
-18282
0
18282
27369
22690
6598
-12812
-25778
-25778
-12812
6598
22690
27369
18282
0
-18282
-27369
-22690
-6598
12812
25778
25778
12812
-6598
-22690
-27369
-18282
0
18282
27369
22690
6598
-12812
-25778
-25778
-12812
6598
22690
27369
18282
0
-18282
-27369
-22690
-6598
12812
25778
25778
12812
-6598
-22690
-27369
-18282
0
18282
27369
22690
6598
-12812
-25778
-25778
-12812
6598
22690
27369
18282
0
-18282
-27369
-22690
-6598
12812
25778
25778
12812
-6598
-22690
-27369
-18282
0
18282
27369
22690
6598
-12812
-25778
-25778
-12812
6598
22690
27369
18282
0
-18282
-27369
-22690
-6598
12812
25778
25778
12812
-6598
-22690
-27369
-18282
0
18282
27369
22690
6598
-12812
-25778
-25778
-12812
6598
22690
27369
18282
0
-18282
-27369
-22690
-6598
12812
25778
25778
12812
-6598
-22690
-27369
-18282
0
18282
27369
22690
6598
-12812
-25778
-25778
-12812
6598
22690
27369
18282
0
-18282
-27369
-22690
-6598
12812
25778
25778
12812
-6598
-22690
-27369
-18282
0
18282
27369
22690
6598
-12812
-25778
-25778
-12812
6598
22690
27369
18282
0
-18282
-27369
-22690
-6598
12812
25778
25778
12812
-6598
-22690
-27369
-18282
0
18282
27369
22690
6598
-12812
-25778
-25778
-12812
6598
22690
27369
18282
0
-18282
-27369
-22690
-6598
12812
25778
25778
12812
-6598
-22690
-27369
-18282
0
18282
27369
22690
6598
-12812
-25778
-25778
-12812
6598
22690
27369
18282
0
-18282
-27369
-22690
-6598
12812
25778
25778
12812
-6598
-22690
-27369
-18282
0
18282
27369
22690
6598
-12812
-25778
-25778
-12812
6598
22690
27369
18282
0
-18282
-27369
-22690
-6598
12812
25778
25778
12812
-6598
-22690
-27369
-18282
0
18282
27369
22690
6598
-12812
-25778
-25778
-12812
6598
22690
27369
18282
0
-18282
-27369
-22690
-6598
12812
25778
25778
12812
-6598
-22690
-27369
-18282
0
18282
27369
22690
6598
-12812
-25778
-25778
-12812
6598
22690
27369
18282
0
-18282
-27369
-22690
-6598
12812
25778
25778
12812
-6598
-22690
-27369
-18282
0
18282
27369
22690
6598
-12812
-25778
-25778
-12812
6598
22690
27369
18282
0
-18282
-27369
-22690
-6598
12812
25778
25778
12812
-6598
-22690
-27369
-18282
0
18282
27369
22690
6598
-12812
-25778
-25778
-12812
6598
22690
27369
18282
0
-18282
-27369
-22690
-6598
12812
25778
25778
12812
-6598
-22690
-27369
-18282
0
18282
27369
22690
6598
-12812
-25778
-25778
-12812
6598
22690
27369
18282
0
-18282
-27369
-22690
-6598
12812
25778
25778
12812
-6598
-22690
-27369
-18282
0
18282
27369
22690
6598
-12812
-25778
-25778
-12812
6598
22690
27369
18282
0
-18282
-27369
-22690
-6598
12812
25778
25778
12812
-6598
-22690
-27369
-18282
0
18282
27369
22690
6598
-12812
-25778
-25778
-12812
6598
22690
27369
18282
0
-18282
-27369
-22690
-6598
12812
25778
25778
12812
-6598
-22690
-27369
-18282
0
18282
27369
22690
6598
-12812
-25778
-25778
-12812
6598
22690
27369
18282
0
-18282
-27369
-22690
-6598
12812
25778
25778
12812
-6598
-22690
-27369
-18282
0
18282
27369
22690
6598
-12812
-25778
-25778
-12812
6598
22690
27369
18282
0
-18282
-27369
-22690
-6598
12812
25778
25778
12812
-6598
-22690
-27369
-18282
0
18282
27369
22690
6598
-12812
-25778
-25778
-12812
6598
22690
27369
18282
0
-18282
-27369
-22690
-6598
12812
25778
25778
12812
-6598
-22690
-27369
-18282
0
18282
27369
22690
6598
-12812
-25778
-25778
-12812
6598
22690
27369
18282
0
-18282
-27369
-22690
-6598
12812
25778
25778
12812
-6598
-22690
-27369
-18282
0
18282
27369
22690
6598
-12812
-25778
-25774
-12793
6640
22763
27480
18437
201
-18032
-27070
-22344
-6209
13239
26236
26259
13308
-6098
-22190
-26869
-17782
500
18782
27869
23190
7098
-12312
-25278
-25278
-12312
7098
23190
27869
18782
500
-17782
-26869
-22190
-6098
13312
26278
26278
13312
-6098
-22190
-26869
-17782
500
18782
27869
23185
7079
-12355
-25352
-25390
-12467
6897
22940
27570
18437
111
-18209
-27327
-22671
-6593
12812
25778
25778
12812
-6598
-22690
-27369
-18282
0
18282
27369
22690
6598
-12812
-25778
-25778
-12812
6598
22690
27369
18282
0
-18282
-27369
-22690
-6598
12812
25778
25778
12812
-6598
-22690
-27369
-18282
0
18282
27369
22690
6598
-12812
-25778
-25778
-12812
6598
22690
27369
18282
0
-18282
-27369
-22690
-6598
12812
25778
25778
12812
-6598
-22690
-27369
-18282
0
18282
27369
22690
6598
-12812
-25778
-25778
-12812
6598
22690
27369
18282
0
-18282
-27369
-22690
-6598
12812
25778
25778
12812
-6598
-22690
-27369
-18282
0
18282
27369
22690
6598
-12812
-25778
-25778
-12812
6598
22690
27369
18282
0
-18282
-27369
-22690
-6598
12812
25778
25778
12812
-6598
-22690
-27369
-18282
0
18282
27369
22690
6598
-12812
-25778
-25778
-12812
6598
22690
27369
18282
0
-18282
-27369
-22690
-6598
12812
25778
25778
12812
-6598
-22690
-27369
-18282
0
18282
27369
22690
6598
-12812
-25778
-25778
-12812
6598
22690
27369
18282
0
-18282
-27369
-22690
-6598
12812
25778
25778
12812
-6598
-22690
-27369
-18282
0
18282
27369
22690
6598
-12812
-25778
-25778
-12812
6598
22690
27369
18282
0
-18282
-27369
-22690
-6598
12812
25778
25778
12812
-6598
-22690
-27369
-18282
0
18282
27369
22690
6598
-12812
-25778
-25778
-12812
6598
22690
27369
18282
0
-18282
-27369
-22690
-6598
12812
25778
25778
12812
-6598
-22690
-27369
-18282
0
18282
27369
22690
6598
-12812
-25778
-25778
-12812
6598
22690
27369
18282
0
-18282
-27369
-22690
-6598
12812
25778
25778
12812
-6598
-22690
-27369
-18282
0
18282
27369
22690
6598
-12812
-25778
-25778
-12812
6598
22690
27369
18282
0
-18282
-27369
-22690
-6598
12812
25778
25778
12812
-6598
-22690
-27369
-18282
0
18282
27369
22690
6598
-12812
-25778
-25778
-12812
6598
22690
27369
18282
0
-18282
-27369
-22690
-6598
12812
25778
25778
12812
-6598
-22690
-27369
-18282
0
18282
27369
22690
6598
-12812
-25778
-25778
-12812
6598
22690
27369
18282
0
-18282
-27369
-22690
-6598
12812
25778
25778
12812
-6598
-22690
-27369
-18282
0
18282
27369
22690
6598
-12812
-25778
-25778
-12812
6598
22690
27369
18282
0
-18282
-27369
-22690
-6598
12812
25778
25778
12812
-6598
-22690
-27369
-18282
0
18282
27369
22690
6598
-12812
-25778
-25778
-12812
6598
22690
27369
18282
0
-18282
-27369
-22690
-6598
12812
25778
25778
12812
-6598
-22690
-27369
-18282
0
18282
27369
22690
6598
-12812
-25778
-25778
-12812
6598
22690
27369
18282
0
-18282
-27369
-22690
-6598
12812
25778
25778
12812
-6598
-22690
-27369
-18282
0
18282
27369
22690
6598
-12812
-25778
-25778
-12812
6598
22690
27369
18282
0
-18282
-27369
-22690
-6598
12812
25778
25778
12812
-6598
-22690
-27369
-18282
0
18282
27369
22690
6598
-12812
-25778
-25778
-12812
6598
22690
27369
18282
0
-18282
-27369
-22690
-6598
12812
25778
25778
12812
-6598
-22690
-27369
-18282
0
18282
27369
22690
6598
-12812
-25778
-25778
-12812
6598
22690
27369
18282
0
-18282
-27369
-22690
-6598
12812
25778
25778
12812
-6598
-22690
-27369
-18282
0
18282
27369
22690
6598
-12812
-25778
-25778
-12812
6598
22690
27369
18282
0
-18282
-27369
-22690
-6598
12812
25778
25778
12812
-6598
-22690
-27369
-18282
0
18282
27369
22690
6598
-12812
-25778
-25778
-12812
6598
22690
27369
18282
0
-18282
-27369
-22690
-6598
12812
25778
25778
12812
-6598
-22690
-27369
-18282
0
18282
27369
22690
6598
-12812
-25778
-25778
-12812
6598
22690
27369
18282
0
-18282
-27369
-22690
-6598
12812
25778
25778
12812
-6598
-22690
-27369
-18282
0
18282
27369
22690
6598
-12812
-25778
-25778
-12812
6598
22690
27369
18282
0
-18282
-27369
-22690
-6598
12812
25778
25778
12812
-6598
-22685
-27350
-18240
73
18393
27523
22891
6848
-12514
-25433
-25390
-12386
7056
23171
27864
18782
500
-17782
-26869
-22190
-6098
13312
26278
26278
13312
-6098
-22190
-26869
-17782
500
18782
27869
23190
7098
-12312
-25278
-25278
-12312
7098
23190
27869
18782
500
-17782
-26869
-22190
-6098
13312
26274
26259
13270
-6171
-22301
-27023
-17984
250
18484
27523
22801
6671
-12770
-25759
-25774
-12812
6598
22690
27369
18282
0
-18282
-27369
-22690
-6598
12812
25778
25778
12812
-6598
-22690
-27369
-18282
0
18282
27369
22690
6598
-12812
-25778
-25778
-12812
6598
22690
27369
18282
0
-18282
-27369
-22690
-6598
12812
25778
25778
12812
-6598
-22690
-27369
-18282
0
18282
27369
22690
6598
-12812
-25778
-25778
-12812
6598
22690
27369
18282
0
-18282
-27369
-22690
-6598
12812
25778
25778
12812
-6598
-22690
-27369
-18282
0
18282
27369
22690
6598
-12812
-25778
-25778
-12812
6598
22690
27369
18282
0
-18282
-27369
-22690
-6598
12812
25778
25778
12812
-6598
-22690
-27369
-18282
0
18282
27369
22690
6598
-12812
-25778
-25778
-12812
6598
22690
27369
18282
0
-18282
-27369
-22690
-6598
12812
25778
25778
12812
-6598
-22690
-27369
-18282
0
18282
27369
22690
6598
-12812
-25778
-25778
-12812
6598
22690
27369
18282
0
-18282
-27369
-22690
-6598
12812
25778
25778
12812
-6598
-22690
-27369
-18282
0
18282
27369
22690
6598
-12812
-25778
-25778
-12812
6598
22690
27369
18282
0
-18282
-27369
-22690
-6598
12812
25778
25778
12812
-6598
-22690
-27369
-18282
0
18282
27369
22690
6598
-12812
-25778
-25778
-12812
6598
22690
27369
18282
0
-18282
-27369
-22690
-6598
12812
25778
25778
12812
-6598
-22690
-27369
-18282
0
18282
27369
22690
6598
-12812
-25778
-25778
-12812
6598
22690
27369
18282
0
-18282
-27369
-22690
-6598
12812
25778
25778
12812
-6598
-22690
-27369
-18282
0
18282
27369
22690
6598
-12812
-25778
-25778
-12812
6598
22690
27369
18282
0
-18282
-27369
-22690
-6598
12812
25778
25778
12812
-6598
-22690
-27369
-18282
0
18282
27369
22690
6598
-12812
-25778
-25778
-12812
6598
22690
27369
18282
0
-18282
-27369
-22690
-6598
12812
25778
25778
12812
-6598
-22690
-27369
-18282
0
18282
27369
22690
6598
-12812
-25778
-25778
-12812
6598
22690
27369
18282
0
-18282
-27369
-22690
-6598
12812
25778
25778
12812
-6598
-22690
-27369
-18282
0
18282
27369
22690
6598
-12812
-25778
-25778
-12812
6598
22690
27369
18282
0
-18282
-27369
-22690
-6598
12812
25778
25778
12812
-6598
-22690
-27369
-18282
0
18282
27369
22690
6598
-12812
-25778
-25778
-12812
6598
22690
27369
18282
0
-18282
-27369
-22690
-6598
12812
25778
25778
12812
-6598
-22690
-27369
-18282
0
18282
27369
22690
6598
-12812
-25778
-25778
-12812
6598
22690
27369
18282
0
-18282
-27369
-22690
-6598
12812
25778
25778
12812
-6598
-22690
-27369
-18282
0
18282
27369
22690
6598
-12812
-25778
-25778
-12812
6598
22690
27369
18282
0
-18282
-27369
-22690
-6598
12812
25778
25778
12812
-6598
-22690
-27369
-18282
0
18282
27369
22690
6598
-12812
-25778
-25778
-12812
6598
22690
27369
18282
0
-18282
-27369
-22690
-6598
12812
25778
25778
12812
-6598
-22690
-27369
-18282
0
18282
27369
22690
6598
-12812
-25778
-25778
-12812
6598
22690
27369
18282
0
-18282
-27369
-22690
-6598
12812
25778
25778
12812
-6598
-22690
-27369
-18282
0
18282
27369
22690
6598
-12812
-25778
-25778
-12812
6598
22690
27369
18282
0
-18282
-27369
-22690
-6598
12812
25778
25778
12812
-6598
-22690
-27369
-18282
0
18282
27369
22690
6598
-12812
-25778
-25778
-12812
6598
22690
27369
18282
0
-18282
-27369
-22690
-6598
12812
25778
25778
12812
-6598
-22690
-27369
-18282
0
18282
27369
22690
6598
-12812
-25778
-25778
-12812
6598
22690
27369
18282
0
-18282
-27369
-22690
-6598
12812
25778
25778
12812
-6598
-22690
-27369
-18282
0
18282
27369
22690
6598
-12812
-25778
-25778
-12812
6598
22690
27369
18282
0
-18282
-27369
-22690
-6598
12812
25778
25778
12812
-6598
-22690
-27369
-18282
0
18282
27369
22690
6598
-12812
-25778
-25778
-12812
6598
22690
27369
18282
5
-18263
-27327
-22616
-6487
12967
25980
26028
13111
-6252
-22301
-26942
-17824
481
18777
27869
23190
7098
-12312
-25278
-25278
-12312
7098
23190
27869
18782
500
-17782
-26869
-22190
-6098
13312
26278
26278
13312
-6098
-22190
-26869
-17782
500
18782
27869
23190
7098
-12312
-25278
-25278
-12312
7093
23171
27827
18709
389
-17937
-27070
-22440
-6397
12967
25890
25852
12855
-6579
-22685
-27369
-18282
0
18282
27369
22690
6598
-12812
-25778
-25778
-12812
6598
22690
27369
18282
0
-18282
-27369
-22690
-6598
12812
25778
25778
12812
-6598
-22690
-27369
-18282
0
18282
27369
22690
6598
-12812
-25778
-25778
-12812
6598
22690
27369
18282
0
-18282
-27369
-22690
-6598
12812
25778
25778
12812
-6598
-22690
-27369
-18282
0
18282
27369
22690
6598
-12812
-25778
-25778
-12812
6598
22690
27369
18282
0
-18282
-27369
-22690
-6598
12812
25778
25778
12812
-6598
-22690
-27369
-18282
0
18282
27369
22690
6598
-12812
-25778
-25778
-12812
6598
22690
27369
18282
0
-18282
-27369
-22690
-6598
12812
25778
25778
12812
-6598
-22690
-27369
-18282
0
18282
27369
22690
6598
-12812
-25778
-25778
-12812
6598
22690
27369
18282
0
-18282
-27369
-22690
-6598
12812
25778
25778
12812
-6598
-22690
-27369
-18282
0
18282
27369
22690
6598
-12812
-25778
-25778
-12812
6598
22690
27369
18282
0
-18282
-27369
-22690
-6598
12812
25778
25778
12812
-6598
-22690
-27369
-18282
0
18282
27369
22690
6598
-12812
-25778
-25778
-12812
6598
22690
27369
18282
0
-18282
-27369
-22690
-6598
12812
25778
25778
12812
-6598
-22690
-27369
-18282
0
18282
27369
22690
6598
-12812
-25778
-25778
-12812
6598
22690
27369
18282
0
-18282
-27369
-22690
-6598
12812
25778
25778
12812
-6598
-22690
-27369
-18282
0
18282
27369
22690
6598
-12812
-25778
-25778
-12812
6598
22690
27369
18282
0
-18282
-27369
-22690
-6598
12812
25778
25778
12812
-6598
-22690
-27369
-18282
0
18282
27369
22690
6598
-12812
-25778
-25778
-12812
6598
22690
27369
18282
0
-18282
-27369
-22690
-6598
12812
25778
25778
12812
-6598
-22690
-27369
-18282
0
18282
27369
22690
6598
-12812
-25778
-25778
-12812
6598
22690
27369
18282
0
-18282
-27369
-22690
-6598
12812
25778
25778
12812
-6598
-22690
-27369
-18282
