iteration,cycles,rotation,events_used,align_n0,offset_a_codes,offset_b_codes,gain_a_codes,gain_b_codes,gain_ratio,skew_a_ps,skew_b_ps,skew_mismatch_ps,raw_a_sndr_db,raw_a_sfdr_db,raw_a_enob,raw_b_sndr_db,raw_b_sfdr_db,raw_b_enob,cal_a_sndr_db,cal_a_sfdr_db,cal_a_enob,cal_b_sndr_db,cal_b_sfdr_db,cal_b_enob,raw_difference_dbc,cal_difference_dbc,cal_dc_difference_codes,raw_sndr_db,raw_sfdr_db,raw_enob,cal_sndr_db,cal_sfdr_db,cal_enob,raw_offset_spur_dbc,raw_image_spur_dbc,cal_offset_spur_dbc,cal_image_spur_dbc,swapped,align_margin,rejected,offset_error_a,offset_error_b,gain_error,skew_error_ps,offset_a_state,offset_b_state,gain_corr_a,gain_corr_b,skew_cmd_ps
0,0,0,7,1101,-8.23551315802146,-14.420968982115266,16.629824181314827,16.536714026166297,0.9944010138571912,0.0,8.041780768831472,8.041780768831472,37.324429812253136,41.728301409085454,5.907712593397532,37.271876408721766,41.22602490070478,5.898982792146474,37.324429812253136,41.728301409085454,5.907712593397532,37.271876408721766,41.22602490070478,5.898982792146474,-38.46788819278451,-38.46788819278451,6.06796289105062,37.324429812253136,41.728301409085454,5.907712593397532,37.324429812253136,41.728301409085454,5.907712593397532,nan,-38.46788819278451,nan,-38.46788819278451,False,7.418898206870943,,-8.23551315802146,-14.420968982115266,-0.005598986142808848,8.041780768831472,-2.882429605307511,-5.047339143740342,0.9990201774250085,1.0009853394770696,-2.4125342306494417
1,1020,0,8,5837,0.9663479881586093,-0.06974595188234498,18.11358108622404,17.888816455186262,0.9875913752245976,0.0,-149.2448016360083,-149.2448016360083,37.3490902795813,41.70047361487053,5.911809016541745,37.05501983873893,41.37199645016725,5.862960106102813,37.349090279581304,41.70047361487054,5.911809016541746,37.05501983873892,41.37199645016723,5.862960106102812,-14.520702626763068,-14.53276894540779,0.8977312734832118,37.3490902795813,41.70047361487053,5.911809016541745,37.349090279581304,41.70047361487054,5.911809016541746,nan,-14.520702626763068,nan,-14.53276894540779,False,6.619029378203254,,0.9663479881586093,-0.06974595188234498,-0.012408624775402388,-149.2448016360083,-2.543876087071988,-5.07172619737249,0.9968507957831819,1.0031862993721217,42.36090626015305
2,2040,0,7,4733,-9.399226154118127,-8.415679543066156,16.93017248511458,16.76673264976151,0.9903462392071453,0.0,-62.60488339868733,-62.60488339868733,37.5160971632272,41.23244335316062,5.9395510237918945,37.059930817309386,40.64316904834989,5.863775883273985,37.51609716322718,41.23244335316059,5.939551023791891,37.059930817309386,40.64316904834989,5.863775883273985,-21.86410792407465,-21.971724584185953,-0.7469506951648013,37.5160971632272,41.23244335316062,5.9395510237918945,37.51609716322718,41.23244335316059,5.939551023791891,nan,-21.86410792407465,nan,-21.971724584185953,False,6.485772467556083,,-9.399226154118127,-8.415679543066156,-0.009653760792854738,-62.60488339868733,-5.843997998853929,-8.007858640485686,0.9951667079356669,1.0048976110646852,61.142371279759246
3,3060,0,8,7001,0.6399864833528703,-0.2271502944524632,17.649901533246137,17.73381897861385,1.0047545560075586,0.0,-71.8851675073648,-71.8851675073648,37.28615054390164,41.39938827173685,5.901353910947117,37.13208968166067,40.44274434189031,5.875762405591475,37.286150543901634,41.399388271736825,5.901353910947116,37.13208968166067,40.442744341890304,5.875762405591475,-20.63815269239857,-20.827377863766294,0.9465176368812862,37.28615054390164,41.39938827173685,5.901353910947117,37.286150543901634,41.399388271736825,5.901353910947116,nan,-20.63815269239857,nan,-20.827377863766294,False,6.3661374731975995,,0.6399864833528703,-0.2271502944524632,0.004754556007558586,-71.8851675073648,-5.618914837020521,-8.086973768418103,0.9959947337093711,1.0040654452980382,82.70792153196868
4,4080,0,8,433,-0.970384726486432,-1.3386165639607612,17.583046931297375,17.842317348798986,1.0147454771925857,0.0,-48.85397030677539,-48.85397030677539,37.27524230358399,41.810506312144675,5.89954191089435,36.892766022859284,40.79673440910268,5.836007644993237,37.27524230358399,41.81050631214468,5.89954191089435,36.89276602285929,40.79673440910268,5.836007644993239,-23.725829505747544,-23.9916741747949,0.9471833190623427,37.27524230358399,41.810506312144675,5.89954191089435,37.27524230358399,41.81050631214468,5.89954191089435,nan,-23.725829505747544,nan,-23.9916741747949,False,6.526495834662449,,-0.970384726486432,-1.3386165639607612,0.014745477192585676,-48.85397030677539,-5.959915288905798,-8.55359255266199,0.9985648567945944,1.001512145697451,97.3641126240013
5,5100,0,7,5521,0.380494679088371,1.0950570390971066,17.92743914414281,17.77824462274038,0.9916778676417277,0.0,-35.00865322459505,-35.00865322459505,37.61759287981911,41.71042180231232,5.95641077737859,37.345257056848006,41.867017913234335,5.911172268579404,37.617592879819114,41.71042180231231,5.956410777378591,37.345257056848,41.86701791323433,5.911172268579403,-26.40538372405892,-26.580979937691605,-0.2376743800905775,37.61759287981911,41.71042180231232,5.95641077737859,37.617592879819114,41.71042180231231,5.956410777378591,nan,-26.40538372405892,nan,-26.580979937691605,False,6.535051445965166,,0.380494679088371,1.0950570390971066,-0.008322132358272283,-35.00865322459505,-5.826550754018783,-8.17090127394856,0.9971105737359457,1.0029829614317762,107.8667085913798
6,6120,0,7,1373,7.893128689595933,6.366121500933163,19.083367168403942,18.45103620929807,0.9668648119838719,0.0,-13.173062271448913,-13.173062271448913,38.1124959365242,42.24462008131952,6.038620587462492,37.723108365069194,41.28218010980867,5.973938266622791,38.112495936524205,42.24462008131954,6.038620587462494,37.72310836506919,41.28218010980866,5.973938266622789,-34.42047146038853,-35.23102160656788,2.0626327255140744,38.1124959365242,42.24462008131952,6.038620587462492,38.112495936524205,42.24462008131954,6.038620587462494,nan,-34.42047146038853,nan,-35.23102160656788,False,7.137795023530073,,7.893128689595933,6.366121500933163,-0.033135188016128136,-13.173062271448913,-3.055950266845366,-5.9493854446608,0.9913286706275639,1.0089982336845424,111.81862727281448
7,7140,0,8,4813,2.6595367423874094,1.1628178103120725,16.851108654230686,17.663405457139692,1.0482043537654757,0.0,-11.696795968894252,-11.696795968894252,37.02654611402852,41.54497437507133,5.858230251499755,37.430948656857765,41.57389178837395,5.925406753630859,37.02654611402851,41.54497437507131,5.858230251499753,37.43094865685776,41.573891788373956,5.925406753630858,-35.28504994691727,-35.140073309704604,0.9853068370345204,37.02654611402852,41.54497437507133,5.858230251499755,37.02654611402851,41.54497437507131,5.858230251499753,nan,-35.28504994691727,nan,-35.140073309704604,False,6.51125114129323,,2.6595367423874094,1.1628178103120725,0.048204353765475716,-11.696795968894252,-2.11697020158979,-5.5460287092153475,0.9996912832665023,1.0008779956457041,115.32766606348275
8,8160,0,8,2773,-0.03482465324735759,-0.7645743662555708,17.575271656438684,17.666854887630265,1.0052109141173946,0.0,-21.531544799231252,-21.531544799231252,37.225975915065725,41.589858216396905,5.8913581254262,37.22704384806474,41.68849456254654,5.891535522934343,37.22597591506574,41.58985821639693,5.891358125426203,37.22704384806475,41.68849456254654,5.891535522934345,-29.973894159402306,-30.135995356205672,0.36808106212029523,37.225975915065725,41.589858216396905,5.8913581254262,37.22597591506574,41.58985821639693,5.891358125426203,nan,-29.973894159402306,nan,-30.135995356205672,False,6.5507312386073355,,-0.03482465324735759,-0.7645743662555708,0.005210914117394605,-21.531544799231252,-2.129162594221992,-5.813394990973605,1.0006029117151791,0.9999700164239218,121.78712950325213
9,9180,0,8,4057,4.28064185632932,4.770401350388724,18.125806222358523,18.816344951886943,1.0380969939244207,0.0,-9.052511107828675,-9.052511107828675,38.36766369338148,42.9040976344801,6.0810072580367915,37.906950889137946,42.6550020973428,6.004476891883381,38.36766369338147,42.904097634480095,6.081007258036791,37.90695088913794,42.65500209734279,6.004476891883379,-36.235953387198464,-36.008569804231605,-0.11078546993840277,38.36766369338148,42.9040976344801,6.0810072580367915,38.36766369338147,42.904097634480095,6.081007258036791,nan,-36.235953387198464,nan,-36.008569804231605,False,7.514086286450308,,4.28064185632932,4.770401350388724,0.038096993924420675,-9.052511107828675,-0.6318406974197066,-4.143704455044341,1.0072739052486441,0.9935479055074358,124.50288283560073
10,10200,0,8,7799,-4.683768657252465,-5.050794996854039,17.291922454045757,16.629660530578608,0.9617010818070029,0.0,-8.924338139745942,-8.924338139745942,37.52869378855663,42.03237585068642,5.941643486471202,37.452815150800916,41.72655429173288,5.929039061594837,37.528693788556616,42.03237585068641,5.941643486471199,37.45281515080091,41.72655429173286,5.929039061594836,-36.26500070365726,-31.560151430763828,0.6935077689265214,37.52869378855663,42.03237585068642,5.941643486471202,37.528693788556616,42.03237585068641,5.941643486471199,nan,-36.26500070365726,nan,-31.560151430763828,False,5.907913724739027,align_margin=5.9,,,,,,,,,
10,10200,0,7,4101,-3.17010223557836,-4.762265657204027,18.12291136821716,17.589493193067305,0.9705666399668361,0.0,-7.4381001457005524,-7.4381001457005524,37.77990995392224,42.117647080014216,5.983373746498712,37.47046178654126,41.87003904776947,5.931970396435426,37.77990995392225,42.117647080014216,5.983373746498713,37.47046178654126,41.870039047769446,5.931970396435426,-36.64768045776629,-31.609210789247243,1.1234479130040467,37.77990995392224,42.117647080014216,5.983373746498712,37.77990995392225,42.117647080014216,5.983373746498713,nan,-36.64768045776629,nan,-31.609210789247243,False,6.521672862652668,,-3.17010223557836,-4.762265657204027,-0.02943336003316388,-7.4381001457005524,-1.7333641029908442,-5.821321579273622,1.002085600535235,0.9988207060566584,126.73431287931089
11,11220,0,7,7641,-4.232787741861902,-3.847553698244245,16.87747110912522,16.875006551487274,0.9998539735235207,0.0,-11.709003834801564,-11.709003834801564,36.85801068183994,41.025020684333796,5.830234332531552,37.17311996626527,40.51188197766628,5.882578067485926,36.85801068183993,41.025020684333796,5.830234332531551,37.17311996626527,40.51188197766627,5.882578067485926,-34.10407074651952,-33.1566271078828,-0.2814022031372647,36.85801068183994,41.025020684333796,5.830234332531552,36.85801068183993,41.025020684333796,5.830234332531551,nan,-34.10407074651952,nan,-33.1566271078828,False,6.664932534390482,,-4.232787741861902,-3.847553698244245,-0.00014602647647932177,-11.709003834801564,-3.2117564767165803,-7.169555337564469,1.0020599926050942,0.9988462342814146,130.24701402975137
12,12240,0,8,7565,0.9812381211346121,0.307645577641533,17.79075667508104,17.614754222352243,0.9901070844853204,0.0,-7.37901265548765,-7.37901265548765,37.804219870615825,42.04863695430545,5.987411938640503,37.558093980231305,41.70750370230038,5.946527239241082,37.804219870615825,42.04863695430544,5.987411938640503,37.558093980231305,41.70750370230039,5.946527239241082,-36.03566990884657,-34.6772515528884,0.9925774841918664,37.804219870615825,42.04863695430545,5.987411938640503,37.804219870615825,42.04863695430544,5.987411938640503,nan,-36.03566990884657,nan,-34.6772515528884,False,6.259121587901672,,0.9812381211346121,0.307645577641533,-0.009892915514679634,-7.37901265548765,-2.8690291500779055,-7.061755009066459,1.0003251660067847,1.0005927754116417,132.46071782639766
13,13260,0,7,721,5.290311856286905,4.613861478715082,17.276384211225764,17.1231293702341,0.9911292294083108,0.0,-9.549358794614927,-9.549358794614927,37.306745643675654,41.28625910045394,5.904775023866389,37.12180678625022,42.339441996698596,5.87405428343027,37.30674564367565,41.28625910045392,5.904775023866387,37.12180678625022,42.33944199669861,5.87405428343027,-34.96521671871131,-35.06426416014457,0.8481090537912133,37.306745643675654,41.28625910045394,5.904775023866389,37.30674564367565,41.28625910045392,5.904775023866387,nan,-34.96521671871131,nan,-35.06426416014457,False,5.4016756262033745,align_margin=5.4,,,,,,,,,
13,13260,0,8,109,-1.683537081789805,-1.0944164238357124,17.9176046236001,17.782791193478392,0.9924759233751516,0.0,-6.4248870634073185,-6.4248870634073185,37.604573528745014,41.59141926229333,5.954248094475917,37.34142424292945,41.664118018407244,5.910535588526487,37.60457352874501,41.591419262293314,5.954248094475916,37.341424242929435,41.66411801840724,5.910535588526485,-36.2540921376988,-36.3784600716237,-0.6750267654105058,37.604573528745014,41.59141926229333,5.954248094475917,37.60457352874501,41.591419262293314,5.954248094475916,nan,-36.2540921376988,nan,-36.3784600716237,False,6.343342710256229,,-1.683537081789805,-1.0944164238357124,-0.007524076624848441,-6.4248870634073185,-3.4580755908253886,-7.444573831823715,0.9990080244469947,1.001920257412617,134.38818394541985
14,14280,0,7,6305,-1.287278546052497,0.3655705342489979,17.965134438647212,17.75423968212479,0.9882608862604035,0.0,-5.265292811145304,-5.265292811145304,37.53527586040917,42.913161314076895,5.942736853888568,37.41764053248855,41.818012113874246,5.923196101742285,37.53527586040917,42.91316131407691,5.942736853888568,37.41764053248854,41.81801211387423,5.923196101742283,-37.24837169556232,-38.8883740827833,-1.7977707995224597,37.53527586040917,42.913161314076895,5.942736853888568,37.53527586040917,42.91316131407691,5.942736853888568,nan,-37.24837169556232,nan,-38.8883740827833,False,6.3798084576100775,,-1.287278546052497,0.3655705342489979,-0.011739113739596463,-5.265292811145304,-3.9090704578263584,-7.316869370275478,0.9969557174024879,1.004002996701479,135.96777178876346
15,15300,0,7,477,2.615853511514575,2.899271458992599,18.087791692943235,18.124497033708902,1.0020292881181283,0.0,-6.162332392668907,-6.162332392668907,37.57074168034053,42.4306587592082,5.948628186103079,37.39395826370184,41.592424539795545,5.91926217005014,37.57074168034054,42.43065875920821,5.948628186103081,37.39395826370183,41.592424539795516,5.919262170050139,-36.31095983865209,-39.67107559432209,-0.33016583164252733,37.57074168034053,42.4306587592082,5.948628186103079,37.57074168034054,42.43065875920821,5.948628186103081,nan,-36.31095983865209,nan,-39.67107559432209,False,6.958216810462724,,2.615853511514575,2.899271458992599,0.002029288118128303,-6.162332392668907,-2.9907260288325492,-6.306170185132384,0.9973097617210223,1.0036471717861917,137.81647150656414
16,16320,0,8,4397,5.842419414154419,4.710211917234499,16.36219449238292,16.86148644980802,1.0305149750944187,0.0,-5.641592697419111,-5.641592697419111,37.279206334102874,41.07295744082219,5.90020038772473,37.14129127085148,40.20033120257369,5.877290908779317,37.27920633410287,41.07295744082216,5.9002003877247295,37.1412912708515,40.2003312025737,5.877290908779319,-36.79440280149927,-40.246715399426485,0.47971837759704083,37.279206334102874,41.07295744082219,5.90020038772473,37.27920633410287,41.07295744082216,5.9002003877247295,nan,-36.79440280149927,nan,-40.246715399426485,False,7.012075155944985,,5.842419414154419,4.710211917234499,0.030514975094418695,-5.641592697419111,-0.9403632694975497,-4.6635867978867385,1.0026355161655813,0.998446279893892,139.50894931578986
17,17340,0,7,6709,-4.700896111483916,-3.883825534563443,16.523817299382326,16.526871206380594,1.0001848184921762,0.0,-4.998812743238431,-4.998812743238431,36.82895988723167,40.79570337588336,5.825408619141474,37.05561293715261,41.06721619893377,5.863058627433989,36.82895988723166,40.79570337588336,5.825408619141473,37.0556129371526,41.067216198933764,5.863058627433988,-36.724784311108486,-34.72120232795236,-0.5143558339036047,36.82895988723167,40.79570337588336,5.825408619141474,36.82895988723166,40.79570337588336,5.825408619141473,nan,-36.724784311108486,nan,-34.72120232795236,False,5.888299817003533,align_margin=5.9,,,,,,,,,
17,17340,0,8,6241,-1.8875541145520018,-1.8042115319107588,18.096341475886184,18.43318275059294,1.018613777550319,0.0,-6.673588346117113,-6.673588346117113,37.2576980735344,41.95584226595345,5.896627586965848,37.085041571486826,41.126653373814925,5.867947104898144,37.257698073534385,41.955842265953464,5.896627586965845,37.08504157148684,41.12665337381494,5.867947104898147,-36.226871101023846,-34.385530317503104,-0.19135636770872033,37.2576980735344,41.95584226595345,5.896627586965848,37.257698073534385,41.955842265953464,5.896627586965845,nan,-36.226871101023846,nan,-34.385530317503104,False,6.65630985309444,,-1.8875541145520018,-1.8042115319107588,0.01861377755031901,-6.673588346117113,-1.5992706485416588,-5.29604349474165,1.0059015121964234,0.9952533621875832,141.511025819625
18,18360,0,7,2289,-5.165392932981844,-4.306659053264093,18.497377325292682,18.07023386834498,0.9769078908087343,0.0,-4.328473900066908,-4.328473900066908,37.70209830890268,42.162645207476444,5.970448224070213,37.55404005311541,42.15284771118693,5.945853829421165,37.70209830890267,42.16264520747642,5.9704482240702115,37.55404005311541,42.1528477111869,5.945853829421165,-36.4617973689287,-32.106510108393145,-0.4458491419031847,37.70209830890268,42.162645207476444,5.970448224070213,37.70209830890267,42.16264520747642,5.9704482240702115,nan,-36.4617973689287,nan,-32.106510108393145,False,7.695172668153502,,-5.165392932981844,-4.306659053264093,-0.023092109191265697,-4.328473900066908,-3.3965515002187336,-6.810563039121078,1.001836544374246,0.9993703699603192,142.80956798964507
19,19380,0,7,2273,4.764795368234173,5.019066118873939,18.085512440828065,18.287623458017087,1.011175299447571,0.0,-5.484598258857568,-5.484598258857568,37.463236322970026,41.815382147018184,5.9307701533172805,37.809832223940134,42.32964013373029,5.98834422324587,37.46323632297003,41.8153821470182,5.930770153317282,37.809832223940134,42.32964013373029,5.98834422324587,-36.74292278265654,-35.52486369550412,-0.14105079124429132,37.463236322970026,41.815382147018184,5.9307701533172805,37.46323632297003,41.8153821470182,5.930770153317282,nan,-36.74292278265654,nan,-35.52486369550412,False,8.123828935434577,,4.764795368234173,5.019066118873939,0.011175299447570897,-5.484598258857568,-1.7319302720885463,-5.052783146491653,1.003795813465904,0.9974375240421569,144.45494746730233
20,20400,0,8,3907,-10.073538045277997,-9.568286307552688,17.700585329570817,17.920316683453613,1.0124137902669077,0.0,-3.99187477620625,-3.99187477620625,37.41841947084456,40.994773529885826,5.923325493495775,37.518241306873726,41.459779438689345,5.939907193832846,37.41841947084457,40.994773529885826,5.923325493495776,37.51824130687373,41.45977943868935,5.9399071938328465,-36.70240114149185,-33.764993350955315,0.4068538741955159,37.41841947084456,40.994773529885826,5.923325493495775,37.41841947084457,40.994773529885826,5.923325493495776,nan,-36.70240114149185,nan,-33.764993350955315,False,6.487007188258849,,-10.073538045277997,-9.568286307552688,0.012413790266907698,-3.99187477620625,-5.244336150405211,-8.410286876722179,1.005976472838258,0.9952972464593177,145.6525099001642
21,21420,0,7,973,-3.97771702853576,-4.388888754692359,17.524596099111537,17.36604494998276,0.9909526503074833,0.0,-3.5584387584059116,-3.5584387584059116,37.59275350409718,41.62893674934388,5.952284635232091,37.71600986568944,41.70650100144134,5.972759113901902,37.59275350409718,41.62893674934388,5.952284635232091,37.71600986568944,41.70650100144135,5.972759113901902,-36.31135650414936,-31.912177584116172,0.45780041653808423,37.59275350409718,41.62893674934388,5.952284635232091,37.59275350409718,41.62893674934388,5.952284635232091,nan,-36.31135650414936,nan,-31.912177584116172,False,6.446810513954555,,-3.97771702853576,-4.388888754692359,-0.009047349692516748,-3.5584387584059116,-6.628266090694535,-9.95365602559394,1.004383724175121,0.9968874741971783,146.72004152768596
22,22440,0,7,2013,4.1553655172621795,4.966151857545993,17.745086350629617,17.45032519962542,0.9833891396649227,0.0,-3.0445734968130287,-3.0445734968130287,37.31921158571407,41.62168765688602,5.90684577835782,37.10666006931825,41.50092229794276,5.871538217494727,37.31921158571407,41.62168765688602,5.90684577835782,37.10666006931825,41.50092229794274,5.871538217494727,-35.65364119477346,-32.51662947838934,-1.3017657982641513,37.31921158571407,41.62168765688602,5.90684577835782,37.31921158571407,41.62168765688602,5.90684577835782,nan,-35.65364119477346,nan,-32.51662947838934,False,7.315911557003499,,4.1553655172621795,4.966151857545993,-0.016610860335077304,-3.0445734968130287,-5.18023592449863,-8.210075937439175,1.001464080566229,0.9998342758637403,147.63341357672988
23,23460,0,8,5621,-7.643545070347022,-5.999715474254412,17.120011133782285,17.422690241334347,1.0176798429152185,0.0,-2.5368619611837717,-2.5368619611837717,37.10445733392981,42.15966556539271,5.871172314606281,37.09576199844144,42.25149194886319,5.869727906717848,37.1044573339298,42.15966556539271,5.87117231460628,37.095761998441425,42.25149194886319,5.869727906717846,-36.43227863746519,-35.56302171693669,-1.757170675815984,37.10445733392981,42.15966556539271,5.871172314606281,37.1044573339298,42.15966556539271,5.87117231460628,nan,-36.43227863746519,nan,-35.56302171693669,False,6.297502174059671,,-7.643545070347022,-5.999715474254412,0.017679842915218513,-2.5368619611837717,-7.8515656571724906,-10.310324415293142,1.0045625829014169,0.9967945578367232,148.394472165085
24,24480,0,7,1265,-0.9404201448077242,-1.5842855767437567,21.632253153621576,21.622754897154465,0.9995609215369449,0.0,-2.6512202330704224,-2.6512202330704224,37.99991412451659,41.892739837753425,6.01991928978681,37.971272105667126,42.922279599044145,6.015161479346699,37.99991412451659,41.89273983775343,6.01991928978681,37.97127210566712,42.9222795990441,6.015161479346698,-36.5551419476351,-33.02371488779112,0.7489780260064487,37.99991412451659,41.892739837753425,6.01991928978681,37.99991412451659,41.89273983775343,6.01991928978681,nan,-36.5551419476351,nan,-33.02371488779112,False,8.032858948061733,,-0.9404201448077242,-1.5842855767437567,-0.00043907846305513143,-2.6512202330704224,-8.179217767937006,-10.866607500409206,1.004485393587302,0.9968711839105084,149.18983823500614
25,25500,0,8,2741,-3.0419458264217507,-2.2004590079038326,18.225032765461712,17.772997299124274,0.9751970011711534,0.0,-2.624947034516765,-2.624947034516765,37.763066040496376,42.27305279129983,5.9805757542352795,37.46119378383505,42.171121047425125,5.9304308611021685,37.763066040496376,42.273052791299804,5.9805757542352795,37.46119378383504,42.17112104742513,5.930430861102168,-37.12663368870712,-33.46736043721251,-0.9373926950613858,37.763066040496376,42.27305279129983,5.9805757542352795,37.763066040496376,42.273052791299804,5.9805757542352795,nan,-37.12663368870712,nan,-33.46736043721251,False,6.637248475085666,,-3.0419458264217507,-2.2004590079038326,-0.024802998828846623,-2.624947034516765,-9.239144618087943,-11.639185407361204,1.0001253998301727,1.0013081787803,149.97732234536116
26,26520,0,7,5789,2.0148659317553976,2.1235544448730477,17.89717956027306,18.359336342841853,1.02582288348912,0.0,-2.5335830115998927,-2.5335830115998927,37.423652861834526,41.60514248680222,5.9241948275472645,37.6930532665876,41.63675595744911,5.968945725346778,37.423652861834526,41.605142486802215,5.9241948275472645,37.693053266587604,41.63675595744912,5.968945725346779,-35.38390035461703,-35.98395074047521,-0.48820881358921375,37.423652861834526,41.60514248680222,5.9241948275472645,37.423652861834526,41.605142486802215,5.9241948275472645,nan,-35.38390035461703,nan,-35.98395074047521,False,5.726449279965587,align_margin=5.7,,,,,,,,,
26,26520,0,7,1129,6.931489864165426,6.043606054212358,18.80504365737385,19.245839535422817,1.023440300702313,0.0,-2.6030772754053797,-2.6030772754053797,38.1705500469092,42.87763501859737,6.048264127393556,38.33567450606885,42.81343928911768,6.075693439546321,38.17055004690919,42.87763501859737,6.048264127393554,38.335674506068855,42.813439289117696,6.075693439546322,-36.314456660002804,-36.97545007424959,0.09879217964282105,38.1705500469092,42.87763501859737,6.048264127393556,38.17055004690919,42.87763501859737,6.048264127393554,nan,-36.314456660002804,nan,-36.97545007424959,False,8.202546871321895,,6.931489864165426,6.043606054212358,0.023440300702312955,-2.6030772754053797,-6.813427350163488,-9.52668681421984,1.0042279668497798,0.997294833948869,150.75824552798278
27,27540,0,7,1129,4.5239500802231785,3.91259873394766,18.88218293603241,19.168700256764247,1.0151739511105509,0.0,-2.603077275405402,-2.603077275405402,38.17055004690919,42.87763501859737,6.048264127393554,38.33567450606885,42.81343928911768,6.075693439546321,38.170550046909185,42.87763501859736,6.048264127393553,38.33567450606885,42.813439289117674,6.075693439546321,-36.314456660002804,-33.183906961791955,-0.17524402792028937,38.17055004690919,42.87763501859737,6.048264127393554,38.170550046909185,42.87763501859736,6.048264127393553,nan,-36.314456660002804,nan,-33.183906961791955,False,8.202546871321895,,4.5239500802231785,3.91259873394766,0.015173951110550865,-2.603077275405402,-5.236711126012596,-8.153562728677962,1.0068946354125246,0.9946861598084389,151.5391687106044
28,28560,0,7,1129,2.948376057092931,2.536536829520812,18.93232346716049,19.11855972563617,1.009836946785677,0.0,-2.6030772754053797,-2.6030772754053797,38.17055004690919,42.87763501859737,6.048264127393554,38.33567450606885,42.81343928911768,6.075693439546321,38.170550046909185,42.87763501859735,6.048264127393553,38.33567450606885,42.81343928911766,6.075693439546321,-36.314456660002804,-31.37590989798525,-0.3731335801492732,38.17055004690919,42.87763501859737,6.048264127393554,38.170550046909185,42.87763501859735,6.048264127393553,nan,-36.314456660002804,nan,-31.37590989798525,False,8.202546871321895,,2.948376057092931,2.536536829520812,0.009836946785676925,-2.6030772754053797,-4.211845580314517,-7.261032073075738,1.0086279699783085,0.9929905216171594,152.32009189322602
29,29580,0,7,1129,1.919743530450877,1.6459383223507205,18.96491481239374,19.085968380402935,1.0063830272482999,0.0,-2.6030772754052465,-2.6030772754052465,38.1705500469092,42.87763501859737,6.048264127393556,38.33567450606885,42.81343928911768,6.075693439546321,38.1705500469092,42.877635018597374,6.048264127393556,38.33567450606885,42.81343928911767,6.075693439546321,-36.314456660002804,-30.37532902766734,-0.5101129314128581,38.1705500469092,42.87763501859737,6.048264127393556,38.1705500469092,42.877635018597374,6.048264127393556,nan,-36.314456660002804,nan,-30.37532902766734,False,8.202546871321895,,1.919743530450877,1.6459383223507205,0.006383027248299866,-2.6030772754052465,-3.5456829756107657,-6.680887146934282,1.009754637446068,0.9918883567928277,153.10101507584758
30,30600,0,7,1129,1.2492271617294444,1.068672423913995,18.986099186795347,19.064784006001325,1.004144338362074,0.0,-2.603077275405402,-2.603077275405402,38.1705500469092,42.87763501859737,6.048264127393556,38.33567450606885,42.81343928911768,6.075693439546321,38.170550046909206,42.877635018597395,6.048264127393557,38.33567450606886,42.8134392891177,6.075693439546323,-36.314456660002804,-29.782406057663984,-0.6026778673621336,38.1705500469092,42.87763501859737,6.048264127393556,38.170550046909206,42.877635018597395,6.048264127393557,nan,-36.314456660002804,nan,-29.782406057663984,False,8.202546871321895,,1.2492271617294444,1.068672423913995,0.004144338362074063,-2.603077275405402,-3.112677282553319,-6.303792944942332,1.0104869713001117,0.991171949657012,153.8819382584692
31,31620,0,7,1129,0.812586563904736,0.6941353628721677,18.99986903015639,19.05101416264028,1.002691867633546,0.0,-2.6030772754053575,-2.6030772754053575,38.17055004690919,42.87763501859737,6.048264127393554,38.33567450606885,42.81343928911768,6.075693439546321,38.1705500469092,42.87763501859737,6.048264127393556,38.33567450606884,42.813439289117674,6.07569343954632,-36.314456660002804,-29.417974261461385,-0.6643358068269837,38.17055004690919,42.87763501859737,6.048264127393554,38.1705500469092,42.87763501859737,6.048264127393556,nan,-36.314456660002804,nan,-29.417974261461385,False,8.202546871321895,,0.812586563904736,0.6941353628721677,0.002691867633545897,-2.6030772754053575,-2.8312235820659826,-6.058681713647571,1.01096298830524,0.9907062850187318,154.66286144109083
32,32640,0,7,1129,0.5284300804978828,0.45097601226302547,19.008819428341067,19.042063764455595,1.00174889010019,0.0,-2.603077275405291,-2.603077275405291,38.17055004690919,42.87763501859737,6.048264127393554,38.33567450606885,42.81343928911768,6.075693439546321,38.1705500469092,42.87763501859736,6.048264127393556,38.33567450606885,42.81343928911768,6.075693439546321,-36.314456660002804,-29.189194576583766,-0.7050433013679824,38.17055004690919,42.87763501859737,6.048264127393554,38.1705500469092,42.87763501859736,6.048264127393556,nan,-36.314456660002804,nan,-29.189194576583766,False,8.202546871321895,,0.5284300804978828,0.45097601226302547,0.0017488901001900814,-2.603077275405291,-2.648278676749215,-5.8993594133059775,1.0112723993585735,0.9904036030038497,155.44378462371242
33,33660,0,7,1129,0.3435846762216481,0.29304484912334555,19.014637187161107,19.03624600563555,1.001136430753937,0.0,-2.6030772754052025,-2.6030772754052025,38.17055004690919,42.87763501859737,6.048264127393554,38.33567450606885,42.81343928911768,6.075693439546321,38.1705500469092,42.87763501859736,6.048264127393556,38.33567450606885,42.813439289117674,6.075693439546321,-36.314456660002804,-29.043724154725762,-0.7317692776376674,38.17055004690919,42.87763501859737,6.048264127393554,38.1705500469092,42.87763501859736,6.048264127393556,nan,-36.314456660002804,nan,-29.043724154725762,False,8.202546871321895,,0.3435846762216481,0.29304484912334555,0.00113643075393699,-2.6030772754052025,-2.5293644882933135,-5.795799918083935,1.0114735165432405,0.9902068596941763,156.22470780633398
34,34680,0,7,1129,0.22337445439099338,0.19044131331704306,19.018418730394146,19.03246446240252,1.000738533114003,0.0,-2.603077275405424,-2.603077275405424,38.1705500469092,42.87763501859737,6.048264127393556,38.33567450606885,42.81343928911768,6.075693439546321,38.170550046909185,42.877635018597346,6.048264127393553,38.335674506068855,42.813439289117696,6.075693439546322,-36.314456660002804,-28.950488037450338,-0.749253591498548,38.1705500469092,42.87763501859737,6.048264127393556,38.170550046909185,42.877635018597346,6.048264127393553,nan,-36.314456660002804,nan,-28.950488037450338,False,8.202546871321895,,0.22337445439099338,0.19044131331704306,0.0007385331140030704,-2.603077275405424,-2.4520702657969746,-5.728486246189608,1.0116042427132736,0.9900789765428888,157.0056309889556
35,35700,0,7,1129,0.14521216062692568,0.12377086684202698,19.020876733495598,19.03000645930106,1.0004799844893262,0.0,-2.6030772754055347,-2.6030772754055347,38.17055004690919,42.87763501859737,6.048264127393554,38.33567450606885,42.81343928911768,6.075693439546321,38.170550046909185,42.87763501859735,6.048264127393553,38.335674506068834,42.81343928911764,6.075693439546319,-36.314456660002804,-28.890429582967766,-0.7606658968813328,38.17055004690919,42.87763501859737,6.048264127393554,38.170550046909185,42.87763501859735,6.048264127393553,nan,-36.314456660002804,nan,-28.890429582967766,False,8.202546871321895,,0.14521216062692568,0.12377086684202698,0.00047998448932617954,-2.6030772754055347,-2.4018290211743683,-5.684732359458298,1.0116892147237955,0.9899958524945517,157.78655417157725
36,36720,0,7,1129,0.09439583273530949,0.08044430901835836,19.02247443551156,19.0284087572851,1.0003119637139564,0.0,-2.603077275405291,-2.603077275405291,38.17055004690919,42.87763501859737,6.048264127393554,38.33567450606885,42.81343928911768,6.075693439546321,38.17055004690919,42.87763501859737,6.048264127393554,38.33567450606885,42.813439289117696,6.075693439546321,-36.314456660002804,-28.851618513937748,-0.7681039647102355,38.17055004690919,42.87763501859737,6.048264127393554,38.17055004690919,42.87763501859737,6.048264127393554,nan,-36.314456660002804,nan,-28.851618513937748,False,8.202546871321895,,0.09439583273530949,0.08044430901835836,0.0003119637139563647,-2.603077275405291,-2.36917221216966,-5.656292333082955,1.0117444465306344,0.9899418218631327,158.56747735419884
37,37740,0,7,1129,0.06136064099640304,0.05228594711574058,19.023512941821927,19.027370250974737,1.000202765344372,0.0,-2.603077275405424,-2.603077275405424,38.17055004690919,42.87763501859737,6.048264127393554,38.33567450606885,42.81343928911768,6.075693439546321,38.170550046909206,42.87763501859737,6.048264127393557,38.33567450606885,42.81343928911767,6.075693439546321,-36.314456660002804,-28.82648629346916,-0.7729471880910981,38.17055004690919,42.87763501859737,6.048264127393554,38.170550046909206,42.87763501859737,6.048264127393557,nan,-36.314456660002804,nan,-28.82648629346916,False,8.202546871321895,,0.06136064099640304,0.05228594711574058,0.00020276534437191351,-2.603077275405424,-2.3479452863166097,-5.63780631593897,1.01178034720508,0.9899067019527102,159.34840053682046
38,38760,0,7,1129,0.03988583190371803,0.033984659917439264,19.024187970923673,19.02669522187299,1.0001317927973141,0.0,-2.6030772754054903,-2.6030772754054903,38.1705500469092,42.87763501859737,6.048264127393556,38.33567450606885,42.81343928911768,6.075693439546321,38.17055004690919,42.87763501859736,6.048264127393554,38.335674506068855,42.81343928911768,6.075693439546322,-36.314456660002804,-28.810190232059387,-0.7760988657894866,38.1705500469092,42.87763501859737,6.048264127393556,38.17055004690919,42.87763501859736,6.048264127393554,nan,-36.314456660002804,nan,-28.810190232059387,False,8.202546871321895,,0.03988583190371803,0.033984659917439264,0.00013179279731412308,-2.6030772754054903,-2.334147784512128,-5.625790404795385,1.0118036826434693,0.9898838740109357,160.1293237194421
39,39780,0,7,1129,0.025926388683098434,0.02208951953478383,19.024626739839793,19.026256452956858,1.0000856633425377,0.0,-2.6030772754050693,-2.6030772754050693,38.17055004690919,42.87763501859737,6.048264127393554,38.33567450606885,42.81343928911768,6.075693439546321,38.1705500469092,42.87763501859736,6.048264127393556,38.33567450606886,42.81343928911768,6.075693439546323,-36.314456660002804,-28.79961457553288,-0.7781489699000582,38.17055004690919,42.87763501859737,6.048264127393554,38.1705500469092,42.87763501859736,6.048264127393556,nan,-36.314456660002804,nan,-28.79961457553288,False,8.202546871321895,,0.025926388683098434,0.02208951953478383,8.566334253767849e-05,-2.6030772754050693,-2.3251794083392157,-5.61798006255206,1.0118188506784225,0.9898690358487822,160.91024690206362
40,40800,0,7,1129,0.016852405276092497,0.014357972471240293,19.024911939635285,19.02597125316137,1.0000556803379403,0.0,-2.6030772754053353,-2.6030772754053353,38.17055004690919,42.87763501859737,6.048264127393554,38.33567450606885,42.81343928911768,6.075693439546321,38.1705500469092,42.87763501859736,6.048264127393556,38.33567450606885,42.81343928911767,6.075693439546321,-36.314456660002804,-28.79274747154342,-0.7794821770707445,38.17055004690919,42.87763501859737,6.048264127393554,38.1705500469092,42.87763501859736,6.048264127393556,nan,-36.314456660002804,nan,-28.79274747154342,False,8.202546871321895,,0.016852405276092497,0.014357972471240293,5.568033794034477e-05,-2.6030772754053353,-2.3193499638268134,-5.612903340093896,1.011828709901142,0.9898593910433825,161.6911700846852
41,41820,0,7,1129,0.0109541701664852,0.009332591173171312,19.025097319502347,19.025785873294307,1.0000361918670058,0.0,-2.6030772754055347,-2.6030772754055347,38.17055004690919,42.87763501859737,6.048264127393554,38.33567450606885,42.81343928911768,6.075693439546321,38.170550046909185,42.87763501859736,6.048264127393553,38.33567450606884,42.81343928911766,6.07569343954632,-36.314456660002804,-28.788286837198257,-0.7803490319199352,38.17055004690919,42.87763501859737,6.048264127393554,38.170550046909185,42.87763501859736,6.048264127393553,nan,-36.314456660002804,nan,-28.788286837198257,False,8.202546871321895,,0.0109541701664852,0.009332591173171312,3.619186700576371e-05,-2.6030772754055347,-2.315560824893758,-5.609603470496087,1.0118351183959098,0.9898531219198726,162.47209326730686
42,42840,0,7,1129,0.007120255704604728,0.0060661458432894055,19.025217816415942,19.025665376380726,1.0000235245645597,0.0,-2.603077275405269,-2.603077275405269,38.17055004690919,42.87763501859737,6.048264127393554,38.33567450606885,42.81343928911768,6.075693439546321,38.17055004690919,42.87763501859737,6.048264127393554,38.33567450606885,42.813439289117674,6.075693439546321,-36.314456660002804,-28.785388683928616,-0.7809126017264173,38.17055004690919,42.87763501859737,6.048264127393554,38.17055004690919,42.87763501859737,6.048264127393554,nan,-36.314456660002804,nan,-28.785388683928616,False,8.202546871321895,,0.007120255704604728,0.0060661458432894055,2.3524564559673777e-05,-2.603077275405269,-2.3130978845872754,-5.6074585552575185,1.0118392839175088,0.9898490469895911,163.25301644992845
43,43860,0,7,1129,0.00462818526123035,0.003942978566016275,19.025296139409775,19.025587053386882,1.000015290904014,0.0,-2.6030772754053353,-2.6030772754053353,38.17055004690919,42.87763501859737,6.048264127393554,38.33567450606885,42.81343928911768,6.075693439546321,38.170550046909185,42.87763501859735,6.048264127393553,38.33567450606884,42.81343928911767,6.07569343954632,-36.314456660002804,-28.783505415878913,-0.7812789703309261,38.17055004690919,42.87763501859737,6.048264127393554,38.170550046909185,42.87763501859735,6.048264127393553,nan,-36.314456660002804,nan,-28.783505415878913,False,8.202546871321895,,0.00462818526123035,0.003942978566016275,1.5290904014086948e-05,-2.6030772754053353,-2.311496973388059,-5.606064360352444,1.0118419915065482,0.9898463982849082,164.03393963255004
44,44880,0,7,1129,0.0030083284697984825,0.002562929209829534,19.025347049355773,19.025536143440885,1.0000099390610127,0.0,-2.6030772754056235,-2.6030772754056235,38.1705500469092,42.87763501859737,6.048264127393556,38.33567450606885,42.81343928911768,6.075693439546321,38.1705500469092,42.877635018597374,6.048264127393556,38.33567450606884,42.81343928911767,6.07569343954632,-36.314456660002804,-28.78228151613438,-0.7815171303011428,38.1705500469092,42.87763501859737,6.048264127393556,38.1705500469092,42.877635018597374,6.048264127393556,nan,-36.314456660002804,nan,-28.78228151613438,False,8.202546871321895,,0.0030083284697984825,0.002562929209829534,9.939061012653738e-06,-2.6030772754056235,-2.310456381108565,-5.605158133664147,1.0118437514394238,0.9898446766268644,164.81486281517172
45,45900,0,7,1129,0.0019554169064807947,0.0016659010888684656,19.02538014082067,19.02550305197599,1.0000064603784213,0.0,-2.6030772754052465,-2.6030772754052465,38.17055004690919,42.87763501859737,6.048264127393554,38.33567450606885,42.81343928911768,6.075693439546321,38.17055004690919,42.87763501859736,6.048264127393554,38.33567450606885,42.81343928911768,6.075693439546321,-36.314456660002804,-28.7814860761183,-0.7816719428912176,38.17055004690919,42.87763501859737,6.048264127393554,38.17055004690919,42.87763501859736,6.048264127393554,nan,-36.314456660002804,nan,-28.7814860761183,False,8.202546871321895,,0.0019554169064807947,0.0016659010888684656,6.460378421335733e-06,-2.6030772754052465,-2.3097799961268968,-5.604569086316748,1.011844895395793,0.989843557549136,165.59578599779329
46,46920,0,7,1129,0.0012710224261904546,0.0010828344835464715,19.025401650272848,19.025481542523817,1.000004199241227,0.0,-2.603077275405402,-2.603077275405402,38.17055004690919,42.87763501859737,6.048264127393554,38.33567450606885,42.81343928911768,6.075693439546321,38.17055004690919,42.877635018597374,6.048264127393554,38.33567450606885,42.81343928911767,6.075693439546321,-36.314456660002804,-28.78096908016065,-0.7817725747122236,38.17055004690919,42.87763501859737,6.048264127393554,38.17055004690919,42.877635018597374,6.048264127393554,nan,-36.314456660002804,nan,-28.78096908016065,False,8.202546871321895,,0.0012710224261904546,0.0010828344835464715,4.199241226965356e-06,-2.603077275405402,-2.309340345888811,-5.604186205540942,1.0118456389674328,0.9898428301486124,166.3767091804149
47,47940,0,7,1129,0.0008261651841415529,0.0007038418970657656,19.025415631416767,19.025467561379894,1.0000027295047915,0.0,-2.6030772754051803,-2.6030772754051803,38.17055004690919,42.87763501859737,6.048264127393554,38.33567450606885,42.81343928911768,6.075693439546321,38.17055004690919,42.87763501859737,6.048264127393554,38.335674506068855,42.813439289117674,6.075693439546322,-36.314456660002804,-28.78063304970834,-0.7818379869327148,38.17055004690919,42.87763501859737,6.048264127393554,38.17055004690919,42.87763501859737,6.048264127393554,nan,-36.314456660002804,nan,-28.78063304970834,False,8.202546871321895,,0.0008261651841415529,0.0007038418970657656,2.729504791521009e-06,-2.6030772754051803,-2.3090545732340564,-5.603937333036671,1.0118461222889987,0.989842357338272,167.15763236303647
48,48960,0,7,1129,0.0005370076262038448,0.0004574970145988094,19.025424719160316,19.025458473636345,1.0000017741772669,0.0,-2.603077275405446,-2.603077275405446,38.1705500469092,42.87763501859737,6.048264127393556,38.33567450606885,42.81343928911768,6.075693439546321,38.1705500469092,42.87763501859737,6.048264127393556,38.33567450606885,42.813439289117674,6.075693439546321,-36.314456660002804,-28.780414637062513,-0.7818805055253565,38.1705500469092,42.87763501859737,6.048264127393556,38.1705500469092,42.87763501859737,6.048264127393556,nan,-36.314456660002804,nan,-28.780414637062513,False,8.202546871321895,,0.0005370076262038448,0.0004574970145988094,1.7741772668777855e-06,-2.603077275405446,-2.3088688210084647,-5.603775565908883,1.0118464364480166,0.9898420500115508,167.9385555456581
49,49980,0,7,1129,0.0003490550653991731,0.0002973729671345293,19.025430626193625,19.02545256660304,1.0000011532148652,0.0,-2.603077275405579,-2.603077275405579,38.1705500469092,42.87763501859737,6.048264127393556,38.33567450606885,42.81343928911768,6.075693439546321,38.170550046909185,42.87763501859736,6.048264127393553,38.33567450606884,42.81343928911767,6.07569343954632,-36.314456660002804,-28.780272671862676,-0.7819081428849114,38.1705500469092,42.87763501859737,6.048264127393556,38.170550046909185,42.87763501859736,6.048264127393553,nan,-36.314456660002804,nan,-28.780272671862676,False,8.202546871321895,,0.0003490550653991731,0.0002973729671345293,1.1532148651571816e-06,-2.603077275405579,-2.308748082061833,-5.60367041727583,1.0118466406513782,0.989841850249182,168.71947872827977
50,51000,0,7,1129,0.00022688583828583964,0.00019329238963421147,19.025434465765272,19.025448727031396,1.0000007495895114,0.0,-2.603077275405291,-2.603077275405291,38.1705500469092,42.87763501859737,6.048264127393556,38.33567450606885,42.81343928911768,6.075693439546321,38.1705500469092,42.87763501859736,6.048264127393556,38.33567450606885,42.813439289117674,6.075693439546321,-36.314456660002804,-28.780180395758688,-0.7819261072845054,38.1705500469092,42.87763501859737,6.048264127393556,38.1705500469092,42.87763501859736,6.048264127393556,nan,-36.314456660002804,nan,-28.780180395758688,False,8.202546871321895,,0.00022688583828583964,0.00019329238963421147,7.495895113507345e-07,-2.603077275405291,-2.3086696017465265,-5.603602070664343,1.0118467733835632,0.9898417204036423,169.50040191090136
51,52020,0,7,1129,0.00014747581427032586,0.00012564003677523194,19.025436961486836,19.025446231309818,1.0000004872331185,0.0,-2.6030772754052025,-2.6030772754052025,38.17055004690919,42.87763501859737,6.048264127393554,38.33567450606885,42.81343928911768,6.075693439546321,38.1705500469092,42.87763501859735,6.048264127393556,38.33567450606885,42.813439289117674,6.075693439546321,-36.314456660002804,-28.780120416830126,-0.7819377841932165,38.17055004690919,42.87763501859737,6.048264127393554,38.1705500469092,42.87763501859735,6.048264127393556,nan,-36.314456660002804,nan,-28.780120416830126,False,8.202546871321895,,0.00014747581427032586,0.00012564003677523194,4.87233118517949e-07,-2.6030772754052025,-2.3086185895415636,-5.603557645366879,1.0118468596594836,0.9898416360040414,170.28132509352292
52,53040,0,7,1129,9.585928740735161e-05,8.166601696042719e-05,19.02543858370586,19.0254446090908,1.0000003167015001,0.0,-2.603077275405269,-2.603077275405269,38.17055004690919,42.87763501859737,6.048264127393554,38.33567450606885,42.81343928911768,6.075693439546321,38.17055004690919,42.87763501859736,6.048264127393554,38.33567450606885,42.813439289117674,6.075693439546321,-36.314456660002804,-28.78008143075427,-0.7819453742045999,38.17055004690919,42.87763501859737,6.048264127393554,38.17055004690919,42.87763501859736,6.048264127393554,nan,-36.314456660002804,nan,-28.78008143075427,False,8.202546871321895,,9.585928740735161e-05,8.166601696042719e-05,3.16701500135963e-07,-2.603077275405269,-2.3085854316083525,-5.60352876892352,1.011846915738832,0.9898415811443009,171.06224827614452
53,54060,0,7,1129,6.230854028310695e-05,5.3082908053114775e-05,19.02543963814823,19.02544355464843,1.000000205855963,0.0,-2.6030772754055347,-2.6030772754055347,38.1705500469092,42.87763501859737,6.048264127393556,38.33567450606885,42.81343928911768,6.075693439546321,38.17055004690919,42.87763501859737,6.048264127393554,38.33567450606885,42.81343928911767,6.075693439546321,-36.314456660002804,-28.78005608990119,-0.7819503077206834,38.1705500469092,42.87763501859737,6.048264127393556,38.17055004690919,42.87763501859737,6.048264127393554,nan,-36.314456660002804,nan,-28.78005608990119,False,8.202546871321895,,6.230854028310695e-05,5.3082908053114775e-05,2.0585596294253605e-07,-2.6030772754055347,-2.30856387895176,-5.603509999235348,1.011846952190408,0.9898415454854697,171.84317145876616
54,55080,0,7,1129,4.050055262885821e-05,3.4503889008663524e-05,19.025440323535758,19.025442869260896,1.0000001338063715,0.0,-2.6030772754052465,-2.6030772754052465,38.17055004690919,42.87763501859737,6.048264127393554,38.33567450606885,42.81343928911768,6.075693439546321,38.170550046909185,42.87763501859737,6.048264127393553,38.33567450606884,42.81343928911766,6.07569343954632,-36.314456660002804,-28.780039618387402,-0.7819535145098787,38.17055004690919,42.87763501859737,6.048264127393554,38.170550046909185,42.87763501859737,6.048264127393553,nan,-36.314456660002804,nan,-28.780039618387402,False,8.202546871321895,,4.050055262885821e-05,3.4503889008663524e-05,1.3380637153836972e-07,-2.6030772754052465,-2.3085498697249798,-5.6034977989380295,1.0118469758839328,0.9898415223072292,172.62409464138773
55,56100,0,7,1129,2.6325359849421748e-05,2.242752733035147e-05,19.02544076903766,19.025442423758996,1.0000000869741392,0.0,-2.603077275405269,-2.603077275405269,38.17055004690919,42.87763501859737,6.048264127393554,38.33567450606885,42.81343928911768,6.075693439546321,38.1705500469092,42.877635018597374,6.048264127393556,38.335674506068855,42.813439289117696,6.075693439546322,-36.314456660002804,-28.780028911920557,-0.7819555989243869,38.17055004690919,42.87763501859737,6.048264127393554,38.1705500469092,42.877635018597374,6.048264127393556,nan,-36.314456660002804,nan,-28.780028911920557,False,8.202546871321895,,2.6325359849421748e-05,2.242752733035147e-05,8.697413922398312e-08,-2.603077275405269,-2.308540763727564,-5.603489868744773,1.0118469912847239,0.9898415072413731,173.40501782400932
56,57120,0,7,1129,1.7111484216847384e-05,1.457789254588615e-05,19.025441058613897,19.025442134182764,1.0000000565331897,0.0,-2.6030772754053575,-2.6030772754053575,38.17055004690919,42.87763501859737,6.048264127393554,38.33567450606885,42.81343928911768,6.075693439546321,38.1705500469092,42.87763501859736,6.048264127393556,38.33567450606885,42.81343928911768,6.075693439546321,-36.314456660002804,-28.780021952724386,-0.7819569537944521,38.17055004690919,42.87763501859737,6.048264127393554,38.1705500469092,42.87763501859736,6.048264127393556,nan,-36.314456660002804,nan,-28.780021952724386,False,8.202546871321895,,1.7111484216847384e-05,1.457789254588615e-05,5.653318968512622e-08,-2.6030772754053575,-2.308534844829225,-5.603484714119155,1.011847001295238,0.9898414974485665,174.18594100663094
57,58140,0,7,1129,1.112246480400314e-05,9.475630045413519e-06,19.02544124683845,19.02544194595821,1.0000000367465727,0.0,-2.603077275405446,-2.603077275405446,38.17055004690919,42.87763501859737,6.048264127393554,38.33567450606885,42.81343928911768,6.075693439546321,38.1705500469092,42.87763501859737,6.048264127393556,38.335674506068855,42.813439289117674,6.075693439546322,-36.314456660002804,-28.78001742924993,-0.7819578344603514,38.17055004690919,42.87763501859737,6.048264127393554,38.1705500469092,42.87763501859737,6.048264127393556,nan,-36.314456660002804,nan,-28.78001742924993,False,8.202546871321895,,1.112246480400314e-05,9.475630045413519e-06,3.674657267360715e-08,-2.603077275405446,-2.308530997545321,-5.6034813636125085,1.0118470078020723,0.9898414910832423,174.96686418925256
58,59160,0,7,1129,7.2296021660367416e-06,6.159159487137411e-06,19.02544136918441,19.02544182361225,1.000000023885272,0.0,-2.6030772754052025,-2.6030772754052025,38.17055004690919,42.87763501859737,6.048264127393554,38.33567450606885,42.81343928911768,6.075693439546321,38.1705500469092,42.87763501859737,6.048264127393556,38.33567450606885,42.81343928911768,6.075693439546321,-36.314456660002804,-28.780014488992833,-0.7819584068932683,38.17055004690919,42.87763501859737,6.048264127393554,38.1705500469092,42.87763501859737,6.048264127393556,nan,-36.314456660002804,nan,-28.780014488992833,False,8.202546871321895,,7.2296021660367416e-06,6.159159487137411e-06,2.388527198249335e-08,-2.6030772754052025,-2.308528496810785,-5.60347918578319,1.0118470120315144,0.9898414869457816,175.74778737187413
59,60180,0,7,1129,4.699241435646151e-06,4.0034536763489115e-06,19.025441448709284,19.02544174408738,1.0000000155254267,0.0,-2.603077275405712,-2.603077275405712,38.1705500469092,42.87763501859737,6.048264127393556,38.33567450606885,42.81343928911768,6.075693439546321,38.17055004690919,42.87763501859736,6.048264127393554,38.33567450606885,42.81343928911768,6.075693439546321,-36.314456660002804,-28.780012577826305,-0.7819587789747076,38.1705500469092,42.87763501859737,6.048264127393556,38.17055004690919,42.87763501859736,6.048264127393554,nan,-36.314456660002804,nan,-28.780012577826305,False,8.202546871321895,,4.699241435646151e-06,4.0034536763489115e-06,1.5525426722007296e-08,-2.603077275405712,-2.308526871333333,-5.603477770194123,1.011847014780652,0.989841484256432,176.52871055449583
60,61200,0,7,1129,3.0545069606702224e-06,2.602244851407365e-06,19.025441500400447,19.025441692396218,1.0000000100915278,0.0,-2.603077275405402,-2.603077275405402,38.17055004690919,42.87763501859737,6.048264127393554,38.33567450606885,42.81343928911768,6.075693439546321,38.170550046909185,42.87763501859736,6.048264127393553,38.33567450606885,42.813439289117674,6.075693439546321,-36.314456660002804,-28.780011335568233,-0.7819590208276336,38.17055004690919,42.87763501859737,6.048264127393554,38.170550046909185,42.87763501859736,6.048264127393553,nan,-36.314456660002804,nan,-28.780011335568233,False,8.202546871321895,,3.0545069606702224e-06,2.602244851407365e-06,1.0091527835598413e-08,-2.603077275405402,-2.308525814772983,-5.603476850061241,1.0118470165675912,0.9898414825083548,177.30963373711745
61,62220,0,7,1129,1.9854294964760655e-06,1.6914591446509641e-06,19.025441533999707,19.02544165879695,1.0000000065594925,0.0,-2.6030772754055125,-2.6030772754055125,38.17055004690919,42.87763501859737,6.048264127393554,38.33567450606885,42.81343928911768,6.075693439546321,38.170550046909185,42.87763501859735,6.048264127393553,38.335674506068834,42.81343928911766,6.075693439546319,-36.314456660002804,-28.78001052810061,-0.7819591780321041,38.17055004690919,42.87763501859737,6.048264127393554,38.170550046909185,42.87763501859735,6.048264127393553,nan,-36.314456660002804,nan,-28.78001052810061,False,8.202546871321895,,1.9854294964760655e-06,1.6914591446509641e-06,6.559492504720765e-09,-2.6030772754055125,-2.308525128008766,-5.603476251974869,1.011847017729102,0.9898414813721048,178.0905569197391
62,63240,0,7,1129,1.2905291678355635e-06,1.0994484588855435e-06,19.025441555839226,19.025441636957435,1.0000000042636703,0.0,-2.603077275405402,-2.603077275405402,38.17055004690919,42.87763501859737,6.048264127393554,38.33567450606885,42.81343928911768,6.075693439546321,38.170550046909206,42.87763501859739,6.048264127393557,38.33567450606886,42.813439289117674,6.075693439546323,-36.314456660002804,-28.780010003246716,-0.7819592802149962,38.17055004690919,42.87763501859737,6.048264127393554,38.170550046909206,42.87763501859739,6.048264127393557,nan,-36.314456660002804,nan,-28.780010003246716,False,8.202546871321895,,1.2905291678355635e-06,1.0994484588855435e-06,4.263670305704181e-09,-2.603077275405402,-2.3085246816120275,-5.603475863218722,1.0118470184840838,0.9898414806335423,178.87148010236072
63,64260,0,7,1129,8.388439350914823e-07,7.14641488278045e-07,19.025441570034918,19.025441622761754,1.0000000027713856,0.0,-2.603077275405402,-2.603077275405402,38.1705500469092,42.87763501859737,6.048264127393556,38.33567450606885,42.81343928911768,6.075693439546321,38.1705500469092,42.87763501859737,6.048264127393556,38.33567450606885,42.81343928911767,6.075693439546321,-36.314456660002804,-28.78000966209171,-0.7819593466338746,38.1705500469092,42.87763501859737,6.048264127393556,38.1705500469092,42.87763501859737,6.048264127393556,nan,-36.314456660002804,nan,-28.78000966209171,False,8.202546871321895,,8.388439350914823e-07,7.14641488278045e-07,2.771385565480955e-09,-2.603077275405402,-2.308524391454156,-5.603475610527229,1.0118470189748219,0.9898414801534766,179.65240328498234
64,65280,0,7,1129,5.452485950241392e-07,4.6451699449445716e-07,19.025441579262107,19.025441613534557,1.000000001801401,0.0,-2.603077275405557,-2.603077275405557,38.17055004690919,42.87763501859737,6.048264127393554,38.33567450606885,42.81343928911768,6.075693439546321,38.17055004690919,42.877635018597374,6.048264127393554,38.33567450606885,42.81343928911768,6.075693439546321,-36.314456660002804,-28.780009440340983,-0.7819593898061203,38.17055004690919,42.87763501859737,6.048264127393554,38.17055004690919,42.877635018597374,6.048264127393554,nan,-36.314456660002804,nan,-28.780009440340983,False,8.202546871321895,,5.452485950241392e-07,4.6451699449445716e-07,1.8014010283451398e-09,-2.603077275405557,-2.3085242028515265,-5.603475446277749,1.0118470192938018,0.9898414798414339,180.43332646760402
65,66300,0,7,1129,3.544115654841029e-07,3.019360260009263e-07,19.025441585259788,19.025441607536877,1.0000000011709105,0.0,-2.6030772754052025,-2.6030772754052025,38.17055004690919,42.87763501859737,6.048264127393554,38.33567450606885,42.81343928911768,6.075693439546321,38.17055004690919,42.87763501859737,6.048264127393554,38.33567450606885,42.81343928911766,6.075693439546321,-36.314456660002804,-28.78000929620296,-0.7819594178681,38.17055004690919,42.87763501859737,6.048264127393554,38.17055004690919,42.87763501859737,6.048264127393554,nan,-36.314456660002804,nan,-28.78000929620296,False,8.202546871321895,,3.544115654841029e-07,3.019360260009263e-07,1.1709104796864267e-09,-2.6030772754052025,-2.308524080259825,-5.603475339515595,1.0118470195011389,0.989841479638606,181.21424965022558
66,67320,0,7,1129,2.3036754098759715e-07,1.9625840469439382e-07,19.025441589158284,19.025441603638384,1.0000000007610914,0.0,-2.6030772754053353,-2.6030772754053353,38.17055004690919,42.87763501859737,6.048264127393554,38.33567450606885,42.81343928911768,6.075693439546321,38.17055004690919,42.877635018597374,6.048264127393554,38.33567450606885,42.813439289117674,6.075693439546321,-36.314456660002804,-28.78000920251321,-0.7819594361083724,38.17055004690919,42.87763501859737,6.048264127393554,38.17055004690919,42.877635018597374,6.048264127393554,nan,-36.314456660002804,nan,-28.78000920251321,False,8.202546871321895,,2.3036754098759715e-07,1.9625840469439382e-07,7.610914121158885e-10,-2.6030772754053353,-2.308524000575211,-5.603475270120199,1.0118470196359077,0.989841479506768,181.99517283284717
67,68340,0,7,1129,1.4973889800318219e-07,1.2756796984036978e-07,19.025441591692296,19.025441601104372,1.00000000049471,0.0,-2.6030772754055125,-2.6030772754055125,38.17055004690919,42.87763501859737,6.048264127393554,38.33567450606885,42.81343928911768,6.075693439546321,38.1705500469092,42.87763501859736,6.048264127393556,38.335674506068855,42.813439289117674,6.075693439546322,-36.314456660002804,-28.780009141614947,-0.7819594479645758,38.17055004690919,42.87763501859737,6.048264127393554,38.1705500469092,42.87763501859736,6.048264127393556,nan,-36.314456660002804,nan,-28.780009141614947,False,8.202546871321895,,1.4973889800318219e-07,1.2756796984036978e-07,4.947100507024516e-10,-2.6030772754055125,-2.3085239487802127,-5.603475225013189,1.0118470197235077,0.9898414794210733,182.77609601546882
68,69360,0,7,1129,9.733026570812875e-08,8.29192051549077e-08,19.02544159333942,19.02544159945725,1.0000000003215606,0.0,-2.6030772754053797,-2.6030772754053797,38.1705500469092,42.87763501859737,6.048264127393556,38.33567450606885,42.81343928911768,6.075693439546321,38.1705500469092,42.87763501859736,6.048264127393556,38.33567450606884,42.81343928911767,6.07569343954632,-36.314456660002804,-28.78000910203102,-0.7819594556711106,38.1705500469092,42.87763501859737,6.048264127393556,38.1705500469092,42.87763501859736,6.048264127393556,nan,-36.314456660002804,nan,-28.78000910203102,False,8.202546871321895,,9.733026570812875e-08,8.29192051549077e-08,3.2156055596033184e-10,-2.6030772754053797,-2.3085239151134704,-5.6034751956936235,1.0118470197804472,0.9898414793653718,183.55701919809044
69,70380,0,7,1129,6.326469803585866e-08,5.389746297879139e-08,19.025441594410033,19.025441598386642,1.0000000002090152,0.0,-2.60307727540569,-2.60307727540569,38.1705500469092,42.87763501859737,6.048264127393556,38.33567450606885,42.81343928911768,6.075693439546321,38.1705500469092,42.87763501859735,6.048264127393556,38.33567450606885,42.81343928911767,6.075693439546321,-36.314456660002804,-28.780009076301592,-0.7819594606803185,38.1705500469092,42.87763501859737,6.048264127393556,38.1705500469092,42.87763501859735,6.048264127393556,nan,-36.314456660002804,nan,-28.780009076301592,False,8.202546871321895,,6.326469803585866e-08,5.389746297879139e-08,2.090152495526354e-10,-2.60307727540569,-2.308523893230079,-5.603475176635913,1.0118470198174583,0.9898414793291658,184.33794238071215
70,71400,0,7,1129,4.112204990414092e-08,3.503338379118315e-08,19.025441595105935,19.025441597690726,1.0000000001358598,0.0,-2.603077275405402,-2.603077275405402,38.17055004690919,42.87763501859737,6.048264127393554,38.33567450606885,42.81343928911768,6.075693439546321,38.1705500469092,42.87763501859736,6.048264127393556,38.33567450606884,42.81343928911766,6.07569343954632,-36.314456660002804,-28.78000905957736,-0.7819594639363372,38.17055004690919,42.87763501859737,6.048264127393554,38.1705500469092,42.87763501859736,6.048264127393556,nan,-36.314456660002804,nan,-28.78000905957736,False,8.202546871321895,,4.112204990414092e-08,3.503338379118315e-08,1.358597678802198e-10,-2.603077275405402,-2.3085238790058757,-5.60347516424839,1.0118470198415155,0.9898414793056318,185.11886556333377
71,72420,0,7,1129,2.6729300689476432e-08,2.2771656713049815e-08,19.025441595558277,19.025441597238395,1.000000000088309,0.0,-2.603077275405446,-2.603077275405446,38.17055004690919,42.87763501859737,6.048264127393554,38.33567450606885,42.81343928911768,6.075693439546321,38.1705500469092,42.87763501859737,6.048264127393556,38.33567450606884,42.81343928911766,6.07569343954632,-36.314456660002804,-28.780009048706606,-0.7819594660527374,38.17055004690919,42.87763501859737,6.048264127393554,38.1705500469092,42.87763501859737,6.048264127393556,nan,-36.314456660002804,nan,-28.780009048706606,False,8.202546871321895,,2.6729300689476432e-08,2.2771656713049815e-08,8.830891573552435e-11,-2.603077275405446,-2.3085238697601547,-5.603475156196516,1.0118470198571528,0.9898414792903348,185.8997887459554
72,73440,0,7,1129,1.7374074540166262e-08,1.4801593839486316e-08,19.025441595852296,19.02544159694437,1.0000000000574005,0.0,-2.603077275405402,-2.603077275405402,38.17055004690919,42.87763501859737,6.048264127393554,38.33567450606885,42.81343928911768,6.075693439546321,38.1705500469092,42.87763501859737,6.048264127393556,38.335674506068855,42.813439289117696,6.075693439546322,-36.314456660002804,-28.780009041640614,-0.781959467428385,38.17055004690919,42.87763501859737,6.048264127393554,38.1705500469092,42.87763501859737,6.048264127393556,nan,-36.314456660002804,nan,-28.780009041640614,False,8.202546871321895,,1.7374074540166262e-08,1.4801593839486316e-08,5.740052877456492e-11,-2.603077275405402,-2.308523863750426,-5.603475150962791,1.0118470198673168,0.9898414792803918,186.680711928577
73,74460,0,7,1129,1.1293159379865969e-08,9.621034677276263e-09,19.025441596043407,19.025441596753254,1.0000000000373104,0.0,-2.603077275405446,-2.603077275405446,38.17055004690919,42.87763501859737,6.048264127393554,38.33567450606885,42.81343928911768,6.075693439546321,38.170550046909185,42.877635018597346,6.048264127393553,38.33567450606885,42.81343928911767,6.075693439546321,-36.314456660002804,-28.78000903704775,-0.7819594683225606,38.17055004690919,42.87763501859737,6.048264127393554,38.170550046909185,42.877635018597346,6.048264127393553,nan,-36.314456660002804,nan,-28.78000903704775,False,8.202546871321895,,1.1293159379865969e-08,9.621034677276263e-09,3.7310377010157936e-11,-2.603077275405446,-2.3085238598440987,-5.603475147560871,1.0118470198739236,0.9898414792739287,187.46163511119863
74,75480,0,7,1129,7.340515861820052e-09,6.253673037748264e-09,19.025441596167635,19.02544159662904,1.000000000024252,0.0,-2.6030772754052465,-2.6030772754052465,38.17055004690919,42.87763501859737,6.048264127393554,38.33567450606885,42.81343928911768,6.075693439546321,38.17055004690919,42.87763501859737,6.048264127393554,38.33567450606885,42.813439289117674,6.075693439546321,-36.314456660002804,-28.780009034062353,-0.7819594689037969,38.17055004690919,42.87763501859737,6.048264127393554,38.17055004690919,42.87763501859737,6.048264127393554,nan,-36.314456660002804,nan,-28.780009034062353,False,8.202546871321895,,7.340515861820052e-09,6.253673037748264e-09,2.4251933794516845e-11,-2.6030772754052465,-2.308523857304999,-5.603475145349622,1.011847019878218,0.9898414792697278,188.2425582938202
75,76500,0,7,1129,4.771341377551863e-09,4.064908881717955e-09,19.025441596248385,19.025441596548287,1.0000000000157632,0.0,-2.6030772754055347,-2.6030772754055347,38.1705500469092,42.87763501859737,6.048264127393556,38.33567450606885,42.81343928911768,6.075693439546321,38.170550046909185,42.87763501859735,6.048264127393553,38.33567450606885,42.813439289117674,6.075693439546321,-36.314456660002804,-28.780009032121857,-0.7819594692816215,38.1705500469092,42.87763501859737,6.048264127393556,38.170550046909185,42.87763501859735,6.048264127393553,nan,-36.314456660002804,nan,-28.780009032121857,False,8.202546871321895,,4.771341377551863e-09,4.064908881717955e-09,1.5763168548232898e-11,-2.6030772754055347,-2.308523855654582,-5.603475143912303,1.0118470198810092,0.9898414792669973,189.02348147644184
76,77520,0,7,1129,3.1013958345926795e-09,2.642166041511018e-09,19.025441596300865,19.02544159649581,1.0000000000102465,0.0,-2.6030772754056675,-2.6030772754056675,38.17055004690919,42.87763501859737,6.048264127393554,38.33567450606885,42.81343928911768,6.075693439546321,38.1705500469092,42.87763501859737,6.048264127393556,38.33567450606885,42.81343928911767,6.075693439546321,-36.314456660002804,-28.78000903086057,-0.781959469527139,38.17055004690919,42.87763501859737,6.048264127393554,38.1705500469092,42.87763501859737,6.048264127393556,nan,-36.314456660002804,nan,-28.78000903086057,False,8.202546871321895,,3.1013958345926795e-09,2.642166041511018e-09,1.0246470338870495e-11,-2.6030772754056675,-2.3085238545818028,-5.603475142978054,1.0118470198828238,0.9898414792652224,189.80440465906355
77,78540,0,7,1129,2.015880462558073e-09,1.7174116434537368e-09,19.025441596334986,19.025441596461686,1.0000000000066596,0.0,-2.603077275405424,-2.603077275405424,38.1705500469092,42.87763501859737,6.048264127393556,38.33567450606885,42.81343928911768,6.075693439546321,38.17055004690919,42.87763501859737,6.048264127393554,38.33567450606884,42.81343928911764,6.07569343954632,-36.314456660002804,-28.780009030040667,-0.7819594696867485,38.1705500469092,42.87763501859737,6.048264127393556,38.17055004690919,42.87763501859737,6.048264127393554,nan,-36.314456660002804,nan,-28.780009030040667,False,8.202546871321895,,2.015880462558073e-09,1.7174116434537368e-09,6.659561790911539e-12,-2.603077275405424,-2.3085238538845054,-5.603475142370791,1.011847019884003,0.9898414792640688,190.58532784168517
78,79560,0,7,1129,1.3103292062499605e-09,1.1163196755870075e-09,19.025441596357155,19.025441596439524,1.0000000000043294,0.0,-2.6030772754054685,-2.6030772754054685,38.17055004690919,42.87763501859737,6.048264127393554,38.33567450606885,42.81343928911768,6.075693439546321,38.17055004690919,42.87763501859736,6.048264127393554,38.33567450606885,42.813439289117674,6.075693439546321,-36.314456660002804,-28.780009029507806,-0.7819594697905303,38.17055004690919,42.87763501859737,6.048264127393554,38.17055004690919,42.87763501859736,6.048264127393554,nan,-36.314456660002804,nan,-28.780009029507806,False,8.202546871321895,,1.3103292062499605e-09,1.1163196755870075e-09,4.3294257068282604e-12,-2.6030772754054685,-2.30852385343126,-5.6034751419760696,1.0118470198847695,0.9898414792633188,191.36625102430682
79,80580,0,7,1129,8.517175020816836e-10,7.255955974949657e-10,19.025441596371568,19.025441596425107,1.0000000000028142,0.0,-2.6030772754055347,-2.6030772754055347,38.17055004690919,42.87763501859737,6.048264127393554,38.33567450606885,42.81343928911768,6.075693439546321,38.170550046909185,42.87763501859737,6.048264127393553,38.33567450606884,42.81343928911767,6.07569343954632,-36.314456660002804,-28.78000902916139,-0.7819594698579627,38.17055004690919,42.87763501859737,6.048264127393554,38.170550046909185,42.87763501859737,6.048264127393553,nan,-36.314456660002804,nan,-28.78000902916139,False,8.202546871321895,,8.517175020816836e-10,7.255955974949657e-10,2.814193322819847e-12,-2.6030772754055347,-2.308523853136649,-5.603475141719505,1.0118470198852678,0.9898414792628313,192.14717420692847
80,81600,0,7,1129,5.536176239662183e-10,4.716567414408956e-10,19.02544159638094,19.02544159641573,1.0000000000018288,0.0,-2.6030772754054903,-2.6030772754054903,38.17055004690919,42.87763501859737,6.048264127393554,38.33567450606885,42.81343928911768,6.075693439546321,38.1705500469092,42.87763501859737,6.048264127393556,38.33567450606884,42.81343928911766,6.07569343954632,-36.314456660002804,-28.78000902893623,-0.7819594699017957,38.17055004690919,42.87763501859737,6.048264127393554,38.1705500469092,42.87763501859737,6.048264127393556,nan,-36.314456660002804,nan,-28.78000902893623,False,8.202546871321895,,5.536176239662183e-10,4.716567414408956e-10,1.828759366162558e-12,-2.6030772754054903,-2.3085238529451515,-5.603475141552731,1.0118470198855916,0.9898414792625145,192.92809738955012
81,82620,0,7,1129,3.598493447665163e-10,3.0656066574152874e-10,19.025441596387033,19.025441596409646,1.0000000000011886,0.0,-2.603077275405446,-2.603077275405446,38.1705500469092,42.877635018597374,6.048264127393556,38.33567450606885,42.81343928911768,6.075693439546321,38.170550046909185,42.87763501859735,6.048264127393553,38.33567450606885,42.813439289117674,6.075693439546321,-36.314456660002804,-28.780009028789927,-0.7819594699302725,38.1705500469092,42.877635018597374,6.048264127393556,38.170550046909185,42.87763501859735,6.048264127393553,nan,-36.314456660002804,nan,-28.780009028789927,False,8.202546871321895,,3.598493447665163e-10,3.0656066574152874e-10,1.1886047701636926e-12,-2.603077275405446,-2.308523852820679,-5.603475141444333,1.011847019885802,0.9898414792623086,193.70902057217174
82,83640,0,7,1129,2.3392182635362246e-10,1.9926171823669847e-10,19.025441596390984,19.025441596405685,1.0000000000007727,0.0,-2.6030772754053353,-2.6030772754053353,38.17055004690919,42.87763501859737,6.048264127393554,38.33567450606885,42.81343928911768,6.075693439546321,38.1705500469092,42.87763501859737,6.048264127393556,38.335674506068855,42.813439289117696,6.075693439546322,-36.314456660002804,-28.7800090286948,-0.7819594699487868,38.17055004690919,42.87763501859737,6.048264127393554,38.1705500469092,42.87763501859737,6.048264127393556,nan,-36.314456660002804,nan,-28.7800090286948,False,8.202546871321895,,2.3392182635362246e-10,1.9926171823669847e-10,7.72715225139109e-13,-2.6030772754053353,-2.308523852739765,-5.603475141373876,1.0118470198859388,0.9898414792621747,194.48994375479333
83,84660,0,7,1129,1.5203152625709038e-10,1.2952360017859377e-10,19.02544159639356,19.025441596403112,1.000000000000502,0.0,-2.603077275405424,-2.603077275405424,38.1705500469092,42.87763501859737,6.048264127393556,38.33567450606885,42.81343928911768,6.075693439546321,38.17055004690919,42.87763501859736,6.048264127393554,38.33567450606885,42.813439289117696,6.075693439546321,-36.314456660002804,-28.780009028632975,-0.7819594699608435,38.1705500469092,42.87763501859737,6.048264127393556,38.17055004690919,42.87763501859736,6.048264127393554,nan,-36.314456660002804,nan,-28.780009028632975,False,8.202546871321895,,1.5203152625709038e-10,1.2952360017859377e-10,5.020428517354958e-13,-2.603077275405424,-2.308523852687177,-5.603475141328077,1.0118470198860279,0.9898414792620878,195.27086693741495
84,85680,0,7,1129,9.881129248157094e-11,8.419455410635379e-11,19.02544159639523,19.025441596401443,1.0000000000003266,0.0,-2.603077275405446,-2.603077275405446,38.17055004690919,42.87763501859737,6.048264127393554,38.33567450606885,42.81343928911768,6.075693439546321,38.170550046909185,42.87763501859736,6.048264127393553,38.33567450606884,42.81343928911766,6.07569343954632,-36.314456660002804,-28.78000902859278,-0.7819594699686903,38.17055004690919,42.87763501859737,6.048264127393554,38.170550046909185,42.87763501859736,6.048264127393553,nan,-36.314456660002804,nan,-28.78000902859278,False,8.202546871321895,,9.881129248157094e-11,8.419455410635379e-11,3.2662761384472105e-13,-2.603077275405446,-2.308523852652998,-5.603475141298306,1.0118470198860858,0.9898414792620313,196.05179012003657
85,86700,0,7,1129,6.426906229428653e-11,5.473034525582676e-11,19.025441596396323,19.025441596400356,1.000000000000212,0.0,-2.603077275405313,-2.603077275405313,38.1705500469092,42.87763501859737,6.048264127393556,38.33567450606885,42.81343928911768,6.075693439546321,38.17055004690919,42.87763501859737,6.048264127393554,38.33567450606885,42.81343928911767,6.075693439546321,-36.314456660002804,-28.78000902856663,-0.7819594699737312,38.1705500469092,42.87763501859737,6.048264127393556,38.17055004690919,42.87763501859737,6.048264127393554,nan,-36.314456660002804,nan,-28.78000902856663,False,8.202546871321895,,6.426906229428653e-11,5.473034525582676e-11,2.120525977034049e-13,-2.603077275405313,-2.3085238526307674,-5.603475141278953,1.0118470198861234,0.9898414792619945,196.83271330265816
86,87720,0,7,1129,4.172831524762444e-11,3.558078831567002e-11,19.025441596397023,19.02544159639965,1.000000000000138,0.0,-2.6030772754056235,-2.6030772754056235,38.17055004690919,42.87763501859737,6.048264127393554,38.33567450606885,42.81343928911768,6.075693439546321,38.1705500469092,42.877635018597374,6.048264127393556,38.335674506068855,42.813439289117696,6.075693439546322,-36.314456660002804,-28.78000902854967,-0.7819594699770998,38.17055004690919,42.87763501859737,6.048264127393554,38.1705500469092,42.877635018597374,6.048264127393556,nan,-36.314456660002804,nan,-28.78000902854967,False,8.202546871321895,,4.172831524762444e-11,3.558078831567002e-11,1.3788969965844444e-13,-2.6030772754056235,-2.3085238526163336,-5.603475141266372,1.0118470198861478,0.9898414792619706,197.61363648527984
87,88740,0,7,1129,2.714423130711907e-11,2.3083118749767095e-11,19.025441596397485,19.025441596399187,1.0000000000000895,0.0,-2.603077275405291,-2.603077275405291,38.17055004690919,42.87763501859737,6.048264127393554,38.33567450606885,42.81343928911768,6.075693439546321,38.1705500469092,42.87763501859737,6.048264127393556,38.33567450606885,42.81343928911768,6.075693439546321,-36.314456660002804,-28.780009028538636,-0.7819594699791894,38.17055004690919,42.87763501859737,6.048264127393554,38.1705500469092,42.87763501859737,6.048264127393556,nan,-36.314456660002804,nan,-28.780009028538636,False,8.202546871321895,,2.714423130711907e-11,2.3083118749767095e-11,8.948397578478762e-14,-2.603077275405291,-2.3085238526069443,-5.60347514125821,1.0118470198861638,0.9898414792619551,198.39455966790143
88,89760,0,7,1129,1.7654017137047617e-11,1.5020498733697707e-11,19.025441596397787,19.025441596398892,1.0000000000000582,0.0,-2.6030772754053575,-2.6030772754053575,38.1705500469092,42.87763501859737,6.048264127393556,38.33567450606885,42.81343928911768,6.075693439546321,38.1705500469092,42.87763501859736,6.048264127393556,38.33567450606884,42.81343928911766,6.07569343954632,-36.314456660002804,-28.780009028531435,-0.7819594699806103,38.1705500469092,42.87763501859737,6.048264127393556,38.1705500469092,42.87763501859736,6.048264127393556,nan,-36.314456660002804,nan,-28.780009028531435,False,8.202546871321895,,1.7654017137047617e-11,1.5020498733697707e-11,5.81756864903582e-14,-2.6030772754053575,-2.3085238526008376,-5.603475141252899,1.0118470198861742,0.989841479261945,199.17548285052305
89,90780,0,7,1129,1.1474265981803455e-11,9.788253541032077e-12,19.025441596397982,19.025441596398696,1.0000000000000375,0.0,-2.6030772754056457,-2.6030772754056457,38.17055004690919,42.87763501859737,6.048264127393554,38.33567450606885,42.81343928911768,6.075693439546321,38.17055004690919,42.87763501859736,6.048264127393554,38.335674506068855,42.813439289117674,6.075693439546322,-36.314456660002804,-28.78000902852674,-0.7819594699815282,38.17055004690919,42.87763501859737,6.048264127393554,38.17055004690919,42.87763501859736,6.048264127393554,nan,-36.314456660002804,nan,-28.78000902852674,False,8.202546871321895,,1.1474265981803455e-11,9.788253541032077e-12,3.752553823233029e-14,-2.6030772754056457,-2.3085238525968688,-5.6034751412494375,1.0118470198861806,0.9898414792619386,199.95640603314476
90,91800,0,7,1129,7.4416028894575e-12,6.3476307543552934e-12,19.0254415963981,19.025441596398576,1.000000000000025,0.0,-2.6030772754053797,-2.6030772754053797,38.17055004690919,42.87763501859737,6.048264127393554,38.33567450606885,42.81343928911768,6.075693439546321,38.1705500469092,42.87763501859735,6.048264127393556,38.33567450606885,42.813439289117696,6.075693439546321,-36.314456660002804,-28.7800090285238,-0.7819594699821113,38.17055004690919,42.87763501859737,6.048264127393554,38.1705500469092,42.87763501859735,6.048264127393556,nan,-36.314456660002804,nan,-28.7800090285238,False,8.202546871321895,,7.4416028894575e-12,6.3476307543552934e-12,2.5091040356528538e-14,-2.6030772754053797,-2.308523852594295,-5.603475141247193,1.011847019886185,0.9898414792619341,200.73732921576638
91,92820,0,7,1129,4.82744400009949e-12,4.137731823838919e-12,19.02544159639818,19.02544159639849,1.0000000000000162,0.0,-2.603077275405313,-2.603077275405313,38.17055004690919,42.87763501859737,6.048264127393554,38.33567450606885,42.81343928911768,6.075693439546321,38.17055004690918,42.87763501859735,6.048264127393552,38.33567450606884,42.81343928911766,6.07569343954632,-36.314456660002804,-28.78000902852177,-0.7819594699824977,38.17055004690919,42.87763501859737,6.048264127393554,38.17055004690918,42.87763501859735,6.048264127393552,nan,-36.314456660002804,nan,-28.78000902852177,False,8.202546871321895,,4.82744400009949e-12,4.137731823838919e-12,1.6209256159527285e-14,-2.603077275405313,-2.308523852592625,-5.60347514124573,1.011847019886188,0.9898414792619313,201.51825239838797
92,93840,0,7,1129,3.136851889351533e-12,2.7067237340361316e-12,19.025441596398238,19.025441596398437,1.0000000000000104,0.0,-2.6030772754055125,-2.6030772754055125,38.17055004690919,42.87763501859737,6.048264127393554,38.33567450606885,42.81343928911768,6.075693439546321,38.17055004690919,42.87763501859736,6.048264127393554,38.33567450606884,42.81343928911766,6.07569343954632,-36.314456660002804,-28.780009028520478,-0.7819594699827452,38.17055004690919,42.87763501859737,6.048264127393554,38.17055004690919,42.87763501859736,6.048264127393554,nan,-36.314456660002804,nan,-28.780009028520478,False,8.202546871321895,,3.136851889351533e-12,2.7067237340361316e-12,1.0436096431476471e-14,-2.6030772754055125,-2.30852385259154,-5.603475141244773,1.0118470198861897,0.9898414792619296,202.29917558100962
93,94860,0,7,1129,2.025990486487217e-12,1.7334744750741038e-12,19.025441596398274,19.025441596398405,1.0000000000000069,0.0,-2.603077275405446,-2.603077275405446,38.17055004690919,42.87763501859737,6.048264127393554,38.33567450606885,42.81343928911768,6.075693439546321,38.17055004690919,42.87763501859736,6.048264127393554,38.33567450606885,42.81343928911767,6.075693439546321,-36.314456660002804,-28.78000902851967,-0.7819594699828882,38.17055004690919,42.87763501859737,6.048264127393554,38.17055004690919,42.87763501859736,6.048264127393554,nan,-36.314456660002804,nan,-28.78000902851967,False,8.202546871321895,,2.025990486487217e-12,1.7334744750741038e-12,6.8833827526759706e-15,-2.603077275405446,-2.3085238525908394,-5.60347514124416,1.0118470198861909,0.9898414792619283,203.08009876363124
94,95880,0,7,1129,1.3395951015127139e-12,1.1200207428174735e-12,19.025441596398295,19.02544159639838,1.0000000000000044,0.0,-2.6030772754054903,-2.6030772754054903,38.17055004690919,42.87763501859737,6.048264127393554,38.33567450606885,42.81343928911768,6.075693439546321,38.1705500469092,42.87763501859737,6.048264127393556,38.33567450606885,42.81343928911768,6.075693439546321,-36.314456660002804,-28.78000902851913,-0.7819594699829818,38.17055004690919,42.87763501859737,6.048264127393554,38.1705500469092,42.87763501859737,6.048264127393556,nan,-36.314456660002804,nan,-28.78000902851913,False,8.202546871321895,,1.3395951015127139e-12,1.1200207428174735e-12,4.440892098500626e-15,-2.6030772754054903,-2.308523852590376,-5.603475141243764,1.0118470198861917,0.9898414792619276,203.8610219462529
95,96900,0,7,1129,8.974487819557453e-13,7.595174489338774e-13,19.02544159639831,19.02544159639837,1.000000000000003,0.0,-2.603077275405557,-2.603077275405557,38.17055004690919,42.87763501859737,6.048264127393554,38.33567450606885,42.81343928911768,6.075693439546321,38.17055004690919,42.87763501859736,6.048264127393554,38.33567450606885,42.813439289117696,6.075693439546321,-36.314456660002804,-28.780009028518755,-0.7819594699830621,38.17055004690919,42.87763501859737,6.048264127393554,38.17055004690919,42.87763501859736,6.048264127393554,nan,-36.314456660002804,nan,-28.780009028518755,False,8.202546871321895,,8.974487819557453e-13,7.595174489338774e-13,3.1086244689504383e-15,-2.603077275405557,-2.3085238525900658,-5.6034751412434955,1.0118470198861922,0.989841479261927,204.64194512887457
96,97920,0,7,1129,5.65381075290361e-13,4.851119506099622e-13,19.025441596398313,19.025441596398355,1.0000000000000022,0.0,-2.60307727540569,-2.60307727540569,38.17055004690919,42.87763501859737,6.048264127393554,38.33567450606885,42.81343928911768,6.075693439546321,38.170550046909185,42.87763501859735,6.048264127393553,38.33567450606884,42.813439289117674,6.07569343954632,-36.314456660002804,-28.780009028518528,-0.7819594699831358,38.17055004690919,42.87763501859737,6.048264127393554,38.170550046909185,42.87763501859735,6.048264127393553,nan,-36.314456660002804,nan,-28.780009028518528,False,8.202546871321895,,5.65381075290361e-13,4.851119506099622e-13,2.220446049250313e-15,-2.60307727540569,-2.3085238525898704,-5.603475141243324,1.0118470198861926,0.9898414792619266,205.42286831149627
97,98940,0,7,1129,3.59989815734707e-13,3.068795217942011e-13,19.025441596398323,19.02544159639834,1.0000000000000009,0.0,-2.6030772754054685,-2.6030772754054685,38.17055004690919,42.87763501859737,6.048264127393554,38.33567450606885,42.81343928911768,6.075693439546321,38.170550046909185,42.87763501859735,6.048264127393553,38.33567450606886,42.8134392891177,6.075693439546323,-36.314456660002804,-28.780009028518325,-0.7819594699831512,38.17055004690919,42.87763501859737,6.048264127393554,38.170550046909185,42.87763501859735,6.048264127393553,nan,-36.314456660002804,nan,-28.780009028518325,False,8.202546871321895,,3.59989815734707e-13,3.068795217942011e-13,8.881784197001252e-16,-2.6030772754054685,-2.308523852589746,-5.603475141243216,1.0118470198861929,0.9898414792619263,206.20379149411792
98,99960,0,7,1129,2.5154878180444484e-13,1.9757806501985442e-13,19.025441596398334,19.02544159639834,1.0000000000000004,0.0,-2.6030772754055125,-2.6030772754055125,38.1705500469092,42.87763501859737,6.048264127393556,38.33567450606885,42.81343928911768,6.075693439546321,38.17055004690919,42.87763501859737,6.048264127393554,38.33567450606885,42.813439289117674,6.075693439546321,-36.314456660002804,-28.780009028518222,-0.7819594699831531,38.1705500469092,42.87763501859737,6.048264127393556,38.17055004690919,42.87763501859737,6.048264127393554,nan,-36.314456660002804,nan,-28.780009028518222,False,8.202546871321895,,2.5154878180444484e-13,1.9757806501985442e-13,4.440892098500626e-16,-2.6030772754055125,-2.308523852589659,-5.603475141243146,1.0118470198861929,0.9898414792619262,206.98471467673957
99,100980,0,7,1129,1.7130741269966165e-13,1.5075440895628844e-13,19.025441596398327,19.025441596398338,1.0000000000000007,0.0,-2.6030772754054903,-2.6030772754054903,38.17055004690919,42.87763501859737,6.048264127393554,38.33567450606885,42.81343928911768,6.075693439546321,38.170550046909206,42.87763501859739,6.048264127393557,38.33567450606885,42.81343928911768,6.075693439546321,-36.314456660002804,-28.780009028518197,-0.781959469983179,38.17055004690919,42.87763501859737,6.048264127393554,38.170550046909206,42.87763501859739,6.048264127393557,nan,-36.314456660002804,nan,-28.780009028518197,False,8.202546871321895,,1.7130741269966165e-13,1.5075440895628844e-13,6.661338147750939e-16,-2.6030772754054903,-2.3085238525896,-5.603475141243092,1.0118470198861929,0.9898414792619261,207.76563785936122
100,102000,0,7,1129,9.103828801926284e-14,8.344713808838833e-14,19.025441596398334,19.025441596398338,1.0000000000000002,0.0,-2.603077275405402,-2.603077275405402,38.1705500469092,42.87763501859737,6.048264127393556,38.33567450606885,42.81343928911768,6.075693439546321,38.1705500469092,42.87763501859737,6.048264127393556,38.33567450606885,42.81343928911768,6.075693439546321,-36.314456660002804,-28.78000902851817,-0.7819594699831882,38.1705500469092,42.87763501859737,6.048264127393556,38.1705500469092,42.87763501859737,6.048264127393556,nan,-36.314456660002804,nan,-28.78000902851817,False,8.202546871321895,,9.103828801926284e-14,8.344713808838833e-14,2.220446049250313e-16,-2.603077275405402,-2.3085238525895684,-5.603475141243063,1.0118470198861929,0.9898414792619261,208.54656104198284
101,103020,0,7,1129,8.218425939787721e-14,4.5352610555937645e-14,19.02544159639833,19.02544159639834,1.0000000000000007,0.0,-2.603077275405313,-2.603077275405313,38.17055004690919,42.87763501859737,6.048264127393554,38.33567450606885,42.81343928911768,6.075693439546321,38.17055004690919,42.87763501859737,6.048264127393554,38.33567450606886,42.813439289117696,6.075693439546323,-36.314456660002804,-28.78000902851817,-0.7819594699831656,38.17055004690919,42.87763501859737,6.048264127393554,38.17055004690919,42.87763501859737,6.048264127393554,nan,-36.314456660002804,nan,-28.78000902851817,False,8.202546871321895,,8.218425939787721e-14,4.5352610555937645e-14,6.661338147750939e-16,-2.603077275405313,-2.30852385258954,-5.603475141243047,1.011847019886193,0.989841479261926,209.32748422460443
102,104040,0,7,1129,4.807265696626928e-14,4.5755066402364264e-14,19.025441596398338,19.025441596398334,0.9999999999999998,0.0,-2.603077275405424,-2.603077275405424,38.1705500469092,42.87763501859737,6.048264127393556,38.33567450606885,42.81343928911768,6.075693439546321,38.17055004690919,42.87763501859736,6.048264127393554,38.33567450606885,42.81343928911768,6.075693439546321,-36.314456660002804,-28.780009028518094,-0.7819594699831957,38.1705500469092,42.87763501859737,6.048264127393556,38.17055004690919,42.87763501859736,6.048264127393554,nan,-36.314456660002804,nan,-28.780009028518094,False,8.202546871321895,,4.807265696626928e-14,4.5755066402364264e-14,-2.220446049250313e-16,-2.603077275405424,-2.3085238525895235,-5.603475141243031,1.011847019886193,0.989841479261926,210.10840740722605
103,105060,0,7,1129,1.1629586182948515e-14,3.838596107641479e-14,19.025441596398334,19.025441596398334,1.0,0.0,-2.6030772754053575,-2.6030772754053575,38.17055004690919,42.87763501859737,6.048264127393554,38.33567450606885,42.81343928911768,6.075693439546321,38.170550046909185,42.87763501859736,6.048264127393553,38.33567450606885,42.81343928911768,6.075693439546321,-36.314456660002804,-28.780009028518094,-0.7819594699832209,38.17055004690919,42.87763501859737,6.048264127393554,38.170550046909185,42.87763501859736,6.048264127393553,nan,-36.314456660002804,nan,-28.780009028518094,False,8.202546871321895,,1.1629586182948515e-14,3.838596107641479e-14,0.0,-2.6030772754053575,-2.3085238525895195,-5.603475141243018,1.011847019886193,0.989841479261926,210.88933058984767
104,106080,0,7,1129,1.0519363158323358e-14,1.0574874309554616e-14,19.025441596398334,19.025441596398334,1.0,0.0,-2.6030772754053797,-2.6030772754053797,38.17055004690919,42.87763501859737,6.048264127393554,38.33567450606885,42.81343928911768,6.075693439546321,38.170550046909185,42.87763501859736,6.048264127393553,38.33567450606885,42.81343928911768,6.075693439546321,-36.314456660002804,-28.780009028518094,-0.7819594699831964,38.17055004690919,42.87763501859737,6.048264127393554,38.170550046909185,42.87763501859736,6.048264127393553,nan,-36.314456660002804,nan,-28.780009028518094,False,8.202546871321895,,1.0519363158323358e-14,1.0574874309554616e-14,0.0,-2.6030772754053797,-2.308523852589516,-5.603475141243014,1.011847019886193,0.989841479261926,211.6702537724693
105,107100,0,7,1129,5.828670879282072e-15,9.478529072737274e-15,19.025441596398334,19.025441596398334,1.0,0.0,-2.6030772754053797,-2.6030772754053797,38.17055004690919,42.87763501859737,6.048264127393554,38.33567450606885,42.81343928911768,6.075693439546321,38.170550046909185,42.87763501859736,6.048264127393553,38.33567450606885,42.81343928911768,6.075693439546321,-36.314456660002804,-28.780009028518094,-0.781959469983199,38.17055004690919,42.87763501859737,6.048264127393554,38.170550046909185,42.87763501859736,6.048264127393553,nan,-36.314456660002804,nan,-28.780009028518094,False,8.202546871321895,,5.828670879282072e-15,9.478529072737274e-15,0.0,-2.6030772754053797,-2.3085238525895138,-5.603475141243011,1.011847019886193,0.989841479261926,212.45117695509092
106,108120,0,7,1129,5.495603971894525e-15,9.048317650695026e-15,19.025441596398334,19.025441596398334,1.0,0.0,-2.6030772754053797,-2.6030772754053797,38.17055004690919,42.87763501859737,6.048264127393554,38.33567450606885,42.81343928911768,6.075693439546321,38.170550046909185,42.87763501859736,6.048264127393553,38.33567450606885,42.813439289117696,6.075693439546321,-36.314456660002804,-28.780009028518094,-0.781959469983199,38.17055004690919,42.87763501859737,6.048264127393554,38.170550046909185,42.87763501859736,6.048264127393553,nan,-36.314456660002804,nan,-28.780009028518094,False,8.202546871321895,,5.495603971894525e-15,9.048317650695026e-15,0.0,-2.6030772754053797,-2.308523852589512,-5.603475141243007,1.011847019886193,0.989841479261926,213.23210013771254
107,109140,0,7,1129,5.2735593669694936e-15,4.551914400963142e-15,19.025441596398334,19.025441596398334,1.0,0.0,-2.603077275405313,-2.603077275405313,38.17055004690919,42.87763501859737,6.048264127393554,38.33567450606885,42.81343928911768,6.075693439546321,38.170550046909185,42.87763501859736,6.048264127393553,38.33567450606885,42.81343928911768,6.075693439546321,-36.314456660002804,-28.780009028518094,-0.7819594699831957,38.17055004690919,42.87763501859737,6.048264127393554,38.170550046909185,42.87763501859736,6.048264127393553,nan,-36.314456660002804,nan,-28.780009028518094,False,8.202546871321895,,5.2735593669694936e-15,4.551914400963142e-15,0.0,-2.603077275405313,-2.30852385258951,-5.603475141243005,1.011847019886193,0.989841479261926,214.01302332033413
108,110160,0,7,1129,5.2735593669694936e-15,4.413136522884997e-15,19.025441596398334,19.025441596398334,1.0,0.0,-2.603077275405313,-2.603077275405313,38.17055004690919,42.87763501859737,6.048264127393554,38.33567450606885,42.81343928911768,6.075693439546321,38.170550046909185,42.87763501859736,6.048264127393553,38.33567450606885,42.813439289117696,6.075693439546321,-36.314456660002804,-28.780009028518094,-0.7819594699831952,38.17055004690919,42.87763501859737,6.048264127393554,38.170550046909185,42.87763501859736,6.048264127393553,nan,-36.314456660002804,nan,-28.780009028518094,False,8.202546871321895,,5.2735593669694936e-15,4.413136522884997e-15,0.0,-2.603077275405313,-2.3085238525895084,-5.6034751412430035,1.011847019886193,0.989841479261926,214.79394650295572
109,111180,0,7,1129,4.274358644806853e-15,4.385380947269368e-15,19.025441596398334,19.025441596398334,1.0,0.0,-2.6030772754052465,-2.6030772754052465,38.17055004690919,42.87763501859737,6.048264127393554,38.33567450606885,42.81343928911768,6.075693439546321,38.170550046909185,42.87763501859736,6.048264127393553,38.33567450606885,42.813439289117696,6.075693439546321,-36.314456660002804,-28.780009028518094,-0.7819594699831968,38.17055004690919,42.87763501859737,6.048264127393554,38.170550046909185,42.87763501859736,6.048264127393553,nan,-36.314456660002804,nan,-28.780009028518094,False,8.202546871321895,,4.274358644806853e-15,4.385380947269368e-15,0.0,-2.6030772754052465,-2.308523852589507,-5.603475141243002,1.011847019886193,0.989841479261926,215.57486968557728
110,112200,0,7,1129,4.163336342344337e-15,3.316791286067655e-15,19.025441596398334,19.025441596398334,1.0,0.0,-2.603077275405313,-2.603077275405313,38.17055004690919,42.87763501859737,6.048264127393554,38.33567450606885,42.81343928911768,6.075693439546321,38.170550046909185,42.87763501859736,6.048264127393553,38.33567450606885,42.81343928911768,6.075693439546321,-36.314456660002804,-28.780009028518094,-0.7819594699831957,38.17055004690919,42.87763501859737,6.048264127393554,38.170550046909185,42.87763501859736,6.048264127393553,nan,-36.314456660002804,nan,-28.780009028518094,False,8.202546871321895,,4.163336342344337e-15,3.316791286067655e-15,0.0,-2.603077275405313,-2.3085238525895058,-5.603475141243001,1.011847019886193,0.989841479261926,216.35579286819888
111,113220,0,7,1129,3.941291737419306e-15,3.316791286067655e-15,19.025441596398334,19.025441596398334,1.0,0.0,-2.603077275405313,-2.603077275405313,38.17055004690919,42.87763501859737,6.048264127393554,38.33567450606885,42.81343928911768,6.075693439546321,38.170550046909185,42.87763501859736,6.048264127393553,38.33567450606885,42.81343928911768,6.075693439546321,-36.314456660002804,-28.780009028518094,-0.7819594699831961,38.17055004690919,42.87763501859737,6.048264127393554,38.170550046909185,42.87763501859736,6.048264127393553,nan,-36.314456660002804,nan,-28.780009028518094,False,8.202546871321895,,3.941291737419306e-15,3.316791286067655e-15,0.0,-2.603077275405313,-2.3085238525895044,-5.603475141243,1.011847019886193,0.989841479261926,217.13671605082047
112,114240,0,7,1129,3.941291737419306e-15,3.0531133177191805e-15,19.025441596398334,19.025441596398334,1.0,0.0,-2.603077275405313,-2.603077275405313,38.17055004690919,42.87763501859737,6.048264127393554,38.33567450606885,42.81343928911768,6.075693439546321,38.170550046909185,42.87763501859736,6.048264127393553,38.33567450606885,42.81343928911768,6.075693439546321,-36.314456660002804,-28.780009028518094,-0.7819594699831964,38.17055004690919,42.87763501859737,6.048264127393554,38.170550046909185,42.87763501859736,6.048264127393553,nan,-36.314456660002804,nan,-28.780009028518094,False,8.202546871321895,,3.941291737419306e-15,3.0531133177191805e-15,0.0,-2.603077275405313,-2.308523852589503,-5.603475141242999,1.011847019886193,0.989841479261926,217.91763923344206
113,115260,0,7,1129,3.885780586188048e-15,2.858824288409778e-15,19.025441596398334,19.025441596398334,1.0,0.0,-2.603077275405313,-2.603077275405313,38.17055004690919,42.87763501859737,6.048264127393554,38.33567450606885,42.81343928911768,6.075693439546321,38.170550046909185,42.87763501859736,6.048264127393553,38.33567450606885,42.813439289117696,6.075693439546321,-36.314456660002804,-28.780009028518094,-0.7819594699831964,38.17055004690919,42.87763501859737,6.048264127393554,38.170550046909185,42.87763501859736,6.048264127393553,nan,-36.314456660002804,nan,-28.780009028518094,False,8.202546871321895,,3.885780586188048e-15,2.858824288409778e-15,0.0,-2.603077275405313,-2.3085238525895018,-5.603475141242998,1.011847019886193,0.989841479261926,218.69856241606365
114,116280,0,7,1129,-2.2093438190040615e-14,2.858824288409778e-15,19.025441596398345,19.025441596398338,0.9999999999999997,0.0,-2.603077275405402,-2.603077275405402,38.1705500469092,42.877635018597374,6.048264127393556,38.33567450606885,42.81343928911768,6.075693439546321,38.17055004690919,42.87763501859737,6.048264127393554,38.33567450606885,42.813439289117696,6.075693439546321,-36.314456660002804,-28.780009028518094,-0.7819594699832205,38.1705500469092,42.877635018597374,6.048264127393556,38.17055004690919,42.87763501859737,6.048264127393554,nan,-36.314456660002804,nan,-28.780009028518094,False,8.202546871321895,,-2.2093438190040615e-14,2.858824288409778e-15,-3.3306690738754696e-16,-2.603077275405402,-2.3085238525895093,-5.603475141242997,1.0118470198861929,0.989841479261926,219.47948559868527
115,117300,0,7,1129,1.0103029524088925e-14,2.7200464103316335e-15,19.02544159639833,19.025441596398334,1.0000000000000002,0.0,-2.603077275405313,-2.603077275405313,38.17055004690919,42.87763501859737,6.048264127393554,38.33567450606885,42.81343928911768,6.075693439546321,38.17055004690919,42.87763501859737,6.048264127393554,38.33567450606885,42.813439289117696,6.075693439546321,-36.314456660002804,-28.780009028518148,-0.7819594699831952,38.17055004690919,42.87763501859737,6.048264127393554,38.17055004690919,42.87763501859737,6.048264127393554,nan,-36.314456660002804,nan,-28.780009028518148,False,8.202546871321895,,1.0103029524088925e-14,2.7200464103316335e-15,2.220446049250313e-16,-2.603077275405313,-2.3085238525895058,-5.603475141242996,1.0118470198861929,0.9898414792619259,220.26040878130686
116,118320,0,7,1129,1.1435297153639112e-14,3.4555691641457997e-15,19.025441596398327,19.025441596398334,1.0000000000000004,0.0,-2.6030772754054685,-2.6030772754054685,38.17055004690919,42.87763501859737,6.048264127393554,38.33567450606885,42.81343928911768,6.075693439546321,38.17055004690919,42.87763501859736,6.048264127393554,38.33567450606885,42.813439289117696,6.075693439546321,-36.314456660002804,-28.780009028518123,-0.7819594699831972,38.17055004690919,42.87763501859737,6.048264127393554,38.17055004690919,42.87763501859736,6.048264127393554,nan,-36.314456660002804,nan,-28.780009028518123,False,8.202546871321895,,1.1435297153639112e-14,3.4555691641457997e-15,4.440892098500626e-16,-2.6030772754054685,-2.3085238525895018,-5.6034751412429955,1.0118470198861929,0.9898414792619258,221.0413319639285
117,119340,0,7,1129,-1.3239409568654992e-14,-4.773959005888173e-15,19.025441596398327,19.025441596398323,0.9999999999999998,0.0,-2.6030772754054903,-2.6030772754054903,38.17055004690919,42.87763501859737,6.048264127393554,38.33567450606885,42.81343928911768,6.075693439546321,38.1705500469092,42.877635018597374,6.048264127393556,38.33567450606884,42.81343928911767,6.07569343954632,-36.314456660002804,-28.780009028518094,-0.7819594699832195,38.17055004690919,42.87763501859737,6.048264127393554,38.1705500469092,42.877635018597374,6.048264127393556,nan,-36.314456660002804,nan,-28.780009028518094,False,8.202546871321895,,-1.3239409568654992e-14,-4.773959005888173e-15,-2.220446049250313e-16,-2.6030772754054903,-2.308523852589506,-5.603475141242997,1.0118470198861926,0.9898414792619258,221.82225514655016
118,120360,0,7,1129,8.93729534823251e-15,-4.773959005888173e-15,19.025441596398323,19.025441596398323,1.0,0.0,-2.6030772754054903,-2.6030772754054903,38.17055004690919,42.87763501859737,6.048264127393554,38.33567450606885,42.81343928911768,6.075693439546321,38.170550046909185,42.87763501859735,6.048264127393553,38.33567450606884,42.81343928911767,6.07569343954632,-36.314456660002804,-28.780009028518148,-0.7819594699831965,38.17055004690919,42.87763501859737,6.048264127393554,38.170550046909185,42.87763501859735,6.048264127393553,nan,-36.314456660002804,nan,-28.780009028518148,False,8.202546871321895,,8.93729534823251e-15,-4.773959005888173e-15,0.0,-2.6030772754054903,-2.308523852589503,-5.603475141242999,1.0118470198861926,0.9898414792619258,222.6031783291718
119,121380,0,7,1129,8.1601392309949e-15,-4.551914400963142e-15,19.025441596398323,19.025441596398323,1.0,0.0,-2.6030772754054903,-2.6030772754054903,38.17055004690919,42.87763501859737,6.048264127393554,38.33567450606885,42.81343928911768,6.075693439546321,38.170550046909185,42.87763501859735,6.048264127393553,38.33567450606884,42.81343928911767,6.07569343954632,-36.314456660002804,-28.780009028518148,-0.7819594699831965,38.17055004690919,42.87763501859737,6.048264127393554,38.170550046909185,42.87763501859735,6.048264127393553,nan,-36.314456660002804,nan,-28.780009028518148,False,8.202546871321895,,8.1601392309949e-15,-4.551914400963142e-15,0.0,-2.6030772754054903,-2.3085238525895004,-5.603475141243001,1.0118470198861926,0.9898414792619258,223.38410151179346
120,122400,0,7,1129,-1.582067810090848e-14,-4.3021142204224816e-15,19.025441596398327,19.025441596398323,0.9999999999999998,0.0,-2.6030772754055125,-2.6030772754055125,38.17055004690919,42.87763501859737,6.048264127393554,38.33567450606885,42.81343928911768,6.075693439546321,38.170550046909185,42.87763501859735,6.048264127393553,38.33567450606884,42.81343928911767,6.07569343954632,-36.314456660002804,-28.780009028518148,-0.7819594699832215,38.17055004690919,42.87763501859737,6.048264127393554,38.170550046909185,42.87763501859735,6.048264127393553,nan,-36.314456660002804,nan,-28.780009028518148,False,8.202546871321895,,-1.582067810090848e-14,-4.3021142204224816e-15,-2.220446049250313e-16,-2.6030772754055125,-2.3085238525895058,-5.603475141243003,1.0118470198861924,0.9898414792619258,224.1650246944151
121,123420,0,7,1129,5.384581669432009e-15,-4.3021142204224816e-15,19.025441596398313,19.025441596398323,1.0000000000000007,0.0,-2.6030772754054685,-2.6030772754054685,38.17055004690919,42.87763501859737,6.048264127393554,38.33567450606885,42.81343928911768,6.075693439546321,38.170550046909185,42.87763501859736,6.048264127393553,38.33567450606884,42.81343928911767,6.07569343954632,-36.314456660002804,-28.780009028518197,-0.7819594699831971,38.17055004690919,42.87763501859737,6.048264127393554,38.170550046909185,42.87763501859736,6.048264127393553,nan,-36.314456660002804,nan,-28.780009028518197,False,8.202546871321895,,5.384581669432009e-15,-4.3021142204224816e-15,6.661338147750939e-16,-2.6030772754054685,-2.308523852589504,-5.603475141243004,1.0118470198861924,0.9898414792619257,224.94594787703676
122,124440,0,7,1129,5.190292640122607e-15,4.0245584642661925e-16,19.025441596398313,19.025441596398323,1.0000000000000007,0.0,-2.603077275405402,-2.603077275405402,38.17055004690919,42.87763501859737,6.048264127393554,38.33567450606885,42.81343928911768,6.075693439546321,38.170550046909185,42.87763501859736,6.048264127393553,38.33567450606885,42.813439289117674,6.075693439546321,-36.314456660002804,-28.78000902851817,-0.7819594699831955,38.17055004690919,42.87763501859737,6.048264127393554,38.170550046909185,42.87763501859736,6.048264127393553,nan,-36.314456660002804,nan,-28.78000902851817,False,8.202546871321895,,5.190292640122607e-15,4.0245584642661925e-16,6.661338147750939e-16,-2.603077275405402,-2.308523852589502,-5.603475141243004,1.0118470198861924,0.9898414792619256,225.72687105965838
123,125460,0,7,1129,-1.8846035843012032e-14,-2.456368441983159e-15,19.025441596398313,19.02544159639832,1.0000000000000004,0.0,-2.603077275405446,-2.603077275405446,38.17055004690919,42.87763501859737,6.048264127393554,38.33567450606885,42.81343928911768,6.075693439546321,38.17055004690918,42.877635018597346,6.048264127393552,38.33567450606885,42.81343928911768,6.075693439546321,-36.314456660002804,-28.780009028518144,-0.7819594699832221,38.17055004690919,42.87763501859737,6.048264127393554,38.17055004690918,42.877635018597346,6.048264127393552,nan,-36.314456660002804,nan,-28.780009028518144,False,8.202546871321895,,-1.8846035843012032e-14,-2.456368441983159e-15,4.440892098500626e-16,-2.603077275405446,-2.308523852589509,-5.603475141243005,1.0118470198861924,0.9898414792619254,226.50779424228
124,126480,0,7,1129,5.995204332975845e-15,-5.495603971894525e-15,19.02544159639832,19.02544159639832,1.0,0.0,-2.6030772754054685,-2.6030772754054685,38.17055004690919,42.87763501859737,6.048264127393554,38.33567450606885,42.81343928911768,6.075693439546321,38.170550046909185,42.87763501859736,6.048264127393553,38.33567450606884,42.81343928911767,6.07569343954632,-36.314456660002804,-28.780009028518123,-0.7819594699831962,38.17055004690919,42.87763501859737,6.048264127393554,38.170550046909185,42.87763501859736,6.048264127393553,nan,-36.314456660002804,nan,-28.780009028518123,False,8.202546871321895,,5.995204332975845e-15,-5.495603971894525e-15,0.0,-2.6030772754054685,-2.3085238525895067,-5.603475141243007,1.0118470198861924,0.9898414792619254,227.28871742490165
125,127500,0,7,1129,5.717648576819556e-15,-5.3013149425851225e-15,19.02544159639832,19.025441596398323,1.0000000000000002,0.0,-2.6030772754054685,-2.6030772754054685,38.17055004690919,42.87763501859737,6.048264127393554,38.33567450606885,42.81343928911768,6.075693439546321,38.170550046909185,42.87763501859736,6.048264127393553,38.33567450606884,42.81343928911767,6.07569343954632,-36.314456660002804,-28.780009028518123,-0.7819594699831969,38.17055004690919,42.87763501859737,6.048264127393554,38.170550046909185,42.87763501859736,6.048264127393553,nan,-36.314456660002804,nan,-28.780009028518123,False,8.202546871321895,,5.717648576819556e-15,-5.3013149425851225e-15,2.220446049250313e-16,-2.6030772754054685,-2.308523852589505,-5.603475141243009,1.0118470198861924,0.9898414792619254,228.0696406075233
126,128520,0,7,1129,5.384581669432009e-15,-5.259681579161679e-15,19.025441596398313,19.025441596398323,1.0000000000000007,0.0,-2.6030772754054685,-2.6030772754054685,38.17055004690919,42.87763501859737,6.048264127393554,38.33567450606885,42.81343928911768,6.075693439546321,38.170550046909185,42.87763501859736,6.048264127393553,38.33567450606884,42.81343928911767,6.07569343954632,-36.314456660002804,-28.780009028518116,-0.7819594699831973,38.17055004690919,42.87763501859737,6.048264127393554,38.170550046909185,42.87763501859736,6.048264127393553,nan,-36.314456660002804,nan,-28.780009028518116,False,8.202546871321895,,5.384581669432009e-15,-5.259681579161679e-15,6.661338147750939e-16,-2.6030772754054685,-2.308523852589503,-5.603475141243011,1.0118470198861924,0.9898414792619253,228.85056379014495
127,129540,0,7,1129,5.190292640122607e-15,1.061650767297806e-14,19.025441596398313,19.02544159639832,1.0000000000000004,0.0,-2.603077275405557,-2.603077275405557,38.17055004690919,42.87763501859737,6.048264127393554,38.33567450606885,42.81343928911768,6.075693439546321,38.170550046909185,42.87763501859736,6.048264127393553,38.33567450606886,42.81343928911768,6.075693439546323,-36.314456660002804,-28.78000902851809,-0.7819594699832033,38.17055004690919,42.87763501859737,6.048264127393554,38.170550046909185,42.87763501859736,6.048264127393553,nan,-36.314456660002804,nan,-28.78000902851809,False,8.202546871321895,,5.190292640122607e-15,1.061650767297806e-14,4.440892098500626e-16,-2.603077275405557,-2.3085238525895013,-5.603475141243007,1.0118470198861924,0.9898414792619252,229.63148697276662
128,130560,0,7,1129,-1.8846035843012032e-14,1.2212453270876722e-15,19.025441596398313,19.02544159639832,1.0000000000000004,0.0,-2.603077275405402,-2.603077275405402,38.17055004690919,42.87763501859737,6.048264127393554,38.33567450606885,42.81343928911768,6.075693439546321,38.17055004690918,42.877635018597346,6.048264127393552,38.33567450606885,42.81343928911768,6.075693439546321,-36.314456660002804,-28.780009028518066,-0.7819594699832212,38.17055004690919,42.87763501859737,6.048264127393554,38.17055004690918,42.877635018597346,6.048264127393552,nan,-36.314456660002804,nan,-28.780009028518066,False,8.202546871321895,,-1.8846035843012032e-14,1.2212453270876722e-15,4.440892098500626e-16,-2.603077275405402,-2.308523852589508,-5.603475141243007,1.0118470198861924,0.9898414792619251,230.41241015538824
129,131580,0,7,1129,5.995204332975845e-15,-7.674416657721395e-15,19.02544159639832,19.025441596398313,0.9999999999999997,0.0,-2.6030772754054685,-2.6030772754054685,38.17055004690919,42.87763501859737,6.048264127393554,38.33567450606885,42.81343928911768,6.075693439546321,38.170550046909185,42.87763501859736,6.048264127393553,38.33567450606884,42.813439289117674,6.07569343954632,-36.314456660002804,-28.78000902851804,-0.7819594699831972,38.17055004690919,42.87763501859737,6.048264127393554,38.170550046909185,42.87763501859736,6.048264127393553,nan,-36.314456660002804,nan,-28.78000902851804,False,8.202546871321895,,5.995204332975845e-15,-7.674416657721395e-15,-3.3306690738754696e-16,-2.6030772754054685,-2.3085238525895058,-5.60347514124301,1.0118470198861922,0.9898414792619251,231.1933333380099
130,132600,0,7,1129,7.327471962526033e-15,-7.466249840604178e-15,19.025441596398313,19.025441596398313,1.0,0.0,-2.6030772754054685,-2.6030772754054685,38.17055004690919,42.87763501859737,6.048264127393554,38.33567450606885,42.81343928911768,6.075693439546321,38.17055004690919,42.87763501859737,6.048264127393554,38.33567450606885,42.813439289117674,6.075693439546321,-36.314456660002804,-28.780009028518094,-0.7819594699831975,38.17055004690919,42.87763501859737,6.048264127393554,38.17055004690919,42.87763501859737,6.048264127393554,nan,-36.314456660002804,nan,-28.780009028518094,False,8.202546871321895,,7.327471962526033e-15,-7.466249840604178e-15,0.0,-2.6030772754054685,-2.308523852589503,-5.603475141243012,1.0118470198861922,0.9898414792619251,231.97425652063154
131,133620,0,7,1129,7.049916206369744e-15,-3.011479954295737e-15,19.025441596398313,19.025441596398313,1.0,0.0,-2.6030772754055125,-2.6030772754055125,38.17055004690919,42.87763501859737,6.048264127393554,38.33567450606885,42.81343928911768,6.075693439546321,38.17055004690919,42.87763501859737,6.048264127393554,38.33567450606885,42.813439289117674,6.075693439546321,-36.314456660002804,-28.780009028518094,-0.7819594699832013,38.17055004690919,42.87763501859737,6.048264127393554,38.17055004690919,42.87763501859737,6.048264127393554,nan,-36.314456660002804,nan,-28.780009028518094,False,8.202546871321895,,7.049916206369744e-15,-3.011479954295737e-15,0.0,-2.6030772754055125,-2.308523852589501,-5.603475141243013,1.0118470198861922,0.9898414792619251,232.7551797032532
132,134640,0,7,1129,-2.070565940925917e-14,-3.011479954295737e-15,19.02544159639832,19.025441596398313,0.9999999999999997,0.0,-2.603077275405557,-2.603077275405557,38.17055004690919,42.87763501859737,6.048264127393554,38.33567450606885,42.81343928911768,6.075693439546321,38.1705500469092,42.87763501859737,6.048264127393556,38.33567450606885,42.813439289117674,6.075693439546321,-36.314456660002804,-28.780009028518094,-0.781959469983224,38.17055004690919,42.87763501859737,6.048264127393554,38.1705500469092,42.87763501859737,6.048264127393556,nan,-36.314456660002804,nan,-28.780009028518094,False,8.202546871321895,,-2.070565940925917e-14,-3.011479954295737e-15,-3.3306690738754696e-16,-2.603077275405557,-2.308523852589508,-5.603475141243014,1.011847019886192,0.9898414792619251,233.53610288587487
133,135660,0,7,1129,2.831068712794149e-15,-2.858824288409778e-15,19.025441596398316,19.025441596398316,1.0,0.0,-2.6030772754055125,-2.6030772754055125,38.17055004690919,42.87763501859737,6.048264127393554,38.33567450606885,42.81343928911768,6.075693439546321,38.170550046909185,42.87763501859735,6.048264127393553,38.33567450606885,42.813439289117674,6.075693439546321,-36.314456660002804,-28.780009028518144,-0.781959469983201,38.17055004690919,42.87763501859737,6.048264127393554,38.170550046909185,42.87763501859735,6.048264127393553,nan,-36.314456660002804,nan,-28.780009028518144,False,8.202546871321895,,2.831068712794149e-15,-2.858824288409778e-15,0.0,-2.6030772754055125,-2.308523852589507,-5.603475141243015,1.011847019886192,0.9898414792619251,234.31702606849652
134,136680,0,7,1129,2.6645352591003757e-15,-2.7755575615628914e-15,19.025441596398316,19.025441596398316,1.0,0.0,-2.6030772754055125,-2.6030772754055125,38.17055004690919,42.87763501859737,6.048264127393554,38.33567450606885,42.81343928911768,6.075693439546321,38.170550046909185,42.87763501859735,6.048264127393553,38.33567450606885,42.813439289117674,6.075693439546321,-36.314456660002804,-28.780009028518144,-0.7819594699832014,38.17055004690919,42.87763501859737,6.048264127393554,38.170550046909185,42.87763501859735,6.048264127393553,nan,-36.314456660002804,nan,-28.780009028518144,False,8.202546871321895,,2.6645352591003757e-15,-2.7755575615628914e-15,0.0,-2.6030772754055125,-2.308523852589506,-5.603475141243016,1.011847019886192,0.9898414792619251,235.09794925111817
135,137700,0,7,1129,2.6645352591003757e-15,-2.7755575615628914e-15,19.025441596398316,19.025441596398316,1.0,0.0,-2.6030772754055125,-2.6030772754055125,38.17055004690919,42.87763501859737,6.048264127393554,38.33567450606885,42.81343928911768,6.075693439546321,38.170550046909185,42.87763501859735,6.048264127393553,38.33567450606885,42.813439289117674,6.075693439546321,-36.314456660002804,-28.780009028518144,-0.7819594699832014,38.17055004690919,42.87763501859737,6.048264127393554,38.170550046909185,42.87763501859735,6.048264127393553,nan,-36.314456660002804,nan,-28.780009028518144,False,8.202546871321895,,2.6645352591003757e-15,-2.7755575615628914e-15,0.0,-2.6030772754055125,-2.3085238525895053,-5.603475141243017,1.011847019886192,0.9898414792619251,235.87887243373982
136,138720,0,7,1129,2.275957200481571e-15,-8.826273045769994e-15,19.025441596398316,19.025441596398316,1.0,0.0,-2.6030772754055125,-2.6030772754055125,38.17055004690919,42.87763501859737,6.048264127393554,38.33567450606885,42.81343928911768,6.075693439546321,38.170550046909185,42.87763501859735,6.048264127393553,38.33567450606885,42.813439289117674,6.075693439546321,-36.314456660002804,-28.780009028518144,-0.7819594699832029,38.17055004690919,42.87763501859737,6.048264127393554,38.170550046909185,42.87763501859735,6.048264127393553,nan,-36.314456660002804,nan,-28.780009028518144,False,8.202546871321895,,2.275957200481571e-15,-8.826273045769994e-15,0.0,-2.6030772754055125,-2.3085238525895044,-5.60347514124302,1.011847019886192,0.9898414792619251,236.65979561636146
137,139740,0,7,1129,2.275957200481571e-15,-8.56259507742152e-15,19.025441596398316,19.025441596398316,1.0,0.0,-2.6030772754055125,-2.6030772754055125,38.17055004690919,42.87763501859737,6.048264127393554,38.33567450606885,42.81343928911768,6.075693439546321,38.170550046909185,42.87763501859735,6.048264127393553,38.33567450606885,42.813439289117674,6.075693439546321,-36.314456660002804,-28.780009028518144,-0.7819594699832033,38.17055004690919,42.87763501859737,6.048264127393554,38.170550046909185,42.87763501859735,6.048264127393553,nan,-36.314456660002804,nan,-28.780009028518144,False,8.202546871321895,,2.275957200481571e-15,-8.56259507742152e-15,0.0,-2.6030772754055125,-2.3085238525895035,-5.603475141243023,1.011847019886192,0.9898414792619251,237.4407187989831
138,140760,0,7,1129,2.275957200481571e-15,-8.340550472496489e-15,19.025441596398316,19.025441596398316,1.0,0.0,-2.6030772754055125,-2.6030772754055125,38.17055004690919,42.87763501859737,6.048264127393554,38.33567450606885,42.81343928911768,6.075693439546321,38.170550046909185,42.87763501859735,6.048264127393553,38.33567450606885,42.813439289117674,6.075693439546321,-36.314456660002804,-28.780009028518144,-0.7819594699832035,38.17055004690919,42.87763501859737,6.048264127393554,38.170550046909185,42.87763501859735,6.048264127393553,nan,-36.314456660002804,nan,-28.780009028518144,False,8.202546871321895,,2.275957200481571e-15,-8.340550472496489e-15,0.0,-2.6030772754055125,-2.3085238525895027,-5.603475141243026,1.011847019886192,0.9898414792619251,238.22164198160476
139,141780,0,7,1129,2.275957200481571e-15,1.7638668303732175e-14,19.025441596398316,19.025441596398316,1.0,0.0,-2.6030772754054685,-2.6030772754054685,38.17055004690919,42.87763501859737,6.048264127393554,38.33567450606885,42.81343928911768,6.075693439546321,38.170550046909185,42.87763501859735,6.048264127393553,38.33567450606885,42.81343928911768,6.075693439546321,-36.314456660002804,-28.780009028518144,-0.781959469983228,38.17055004690919,42.87763501859737,6.048264127393554,38.170550046909185,42.87763501859735,6.048264127393553,nan,-36.314456660002804,nan,-28.780009028518144,False,8.202546871321895,,2.275957200481571e-15,1.7638668303732175e-14,0.0,-2.6030772754054685,-2.3085238525895018,-5.6034751412430195,1.011847019886192,0.9898414792619251,239.0025651642264
140,142800,0,7,1129,-2.2343238370581275e-14,-8.68749516769185e-15,19.025441596398313,19.025441596398313,1.0,0.0,-2.6030772754055347,-2.6030772754055347,38.17055004690919,42.87763501859737,6.048264127393554,38.33567450606885,42.81343928911768,6.075693439546321,38.170550046909185,42.87763501859736,6.048264127393553,38.33567450606885,42.81343928911768,6.075693439546321,-36.314456660002804,-28.780009028518144,-0.7819594699832256,38.17055004690919,42.87763501859737,6.048264127393554,38.170550046909185,42.87763501859736,6.048264127393553,nan,-36.314456660002804,nan,-28.780009028518144,False,8.202546871321895,,-2.2343238370581275e-14,-8.68749516769185e-15,0.0,-2.6030772754055347,-2.3085238525895093,-5.603475141243022,1.011847019886192,0.9898414792619251,239.78348834684806
141,143820,0,7,1129,2.831068712794149e-15,-8.340550472496489e-15,19.025441596398316,19.025441596398316,1.0,0.0,-2.6030772754055125,-2.6030772754055125,38.17055004690919,42.87763501859737,6.048264127393554,38.33567450606885,42.81343928911768,6.075693439546321,38.170550046909185,42.87763501859735,6.048264127393553,38.33567450606885,42.813439289117674,6.075693439546321,-36.314456660002804,-28.780009028518144,-0.7819594699832026,38.17055004690919,42.87763501859737,6.048264127393554,38.170550046909185,42.87763501859735,6.048264127393553,nan,-36.314456660002804,nan,-28.780009028518144,False,8.202546871321895,,2.831068712794149e-15,-8.340550472496489e-15,0.0,-2.6030772754055125,-2.3085238525895084,-5.603475141243025,1.011847019886192,0.9898414792619251,240.5644115294697
142,144840,0,7,1129,2.831068712794149e-15,1.7638668303732175e-14,19.025441596398316,19.025441596398316,1.0,0.0,-2.6030772754054685,-2.6030772754054685,38.17055004690919,42.87763501859737,6.048264127393554,38.33567450606885,42.81343928911768,6.075693439546321,38.170550046909185,42.87763501859735,6.048264127393553,38.33567450606885,42.81343928911768,6.075693439546321,-36.314456660002804,-28.780009028518144,-0.7819594699832271,38.17055004690919,42.87763501859737,6.048264127393554,38.170550046909185,42.87763501859735,6.048264127393553,nan,-36.314456660002804,nan,-28.780009028518144,False,8.202546871321895,,2.831068712794149e-15,1.7638668303732175e-14,0.0,-2.6030772754054685,-2.3085238525895075,-5.603475141243019,1.011847019886192,0.9898414792619251,241.34533471209136
143,145860,0,7,1129,2.831068712794149e-15,-8.826273045769994e-15,19.025441596398316,19.025441596398316,1.0,0.0,-2.6030772754055125,-2.6030772754055125,38.17055004690919,42.87763501859737,6.048264127393554,38.33567450606885,42.81343928911768,6.075693439546321,38.170550046909185,42.87763501859735,6.048264127393553,38.33567450606885,42.813439289117674,6.075693439546321,-36.314456660002804,-28.780009028518144,-0.781959469983202,38.17055004690919,42.87763501859737,6.048264127393554,38.170550046909185,42.87763501859735,6.048264127393553,nan,-36.314456660002804,nan,-28.780009028518144,False,8.202546871321895,,2.831068712794149e-15,-8.826273045769994e-15,0.0,-2.6030772754055125,-2.3085238525895067,-5.603475141243022,1.011847019886192,0.9898414792619251,242.126257894713
144,146880,0,7,1129,2.6645352591003757e-15,-8.340550472496489e-15,19.025441596398316,19.025441596398316,1.0,0.0,-2.6030772754055125,-2.6030772754055125,38.17055004690919,42.87763501859737,6.048264127393554,38.33567450606885,42.81343928911768,6.075693439546321,38.170550046909185,42.87763501859735,6.048264127393553,38.33567450606885,42.813439289117674,6.075693439546321,-36.314456660002804,-28.780009028518144,-0.7819594699832026,38.17055004690919,42.87763501859737,6.048264127393554,38.170550046909185,42.87763501859735,6.048264127393553,nan,-36.314456660002804,nan,-28.780009028518144,False,8.202546871321895,,2.6645352591003757e-15,-8.340550472496489e-15,0.0,-2.6030772754055125,-2.3085238525895058,-5.603475141243025,1.011847019886192,0.9898414792619251,242.90718107733466
145,147900,0,7,1129,2.275957200481571e-15,1.7638668303732175e-14,19.025441596398316,19.025441596398316,1.0,0.0,-2.6030772754054685,-2.6030772754054685,38.17055004690919,42.87763501859737,6.048264127393554,38.33567450606885,42.81343928911768,6.075693439546321,38.170550046909185,42.87763501859735,6.048264127393553,38.33567450606885,42.81343928911768,6.075693439546321,-36.314456660002804,-28.780009028518144,-0.781959469983228,38.17055004690919,42.87763501859737,6.048264127393554,38.170550046909185,42.87763501859735,6.048264127393553,nan,-36.314456660002804,nan,-28.780009028518144,False,8.202546871321895,,2.275957200481571e-15,1.7638668303732175e-14,0.0,-2.6030772754054685,-2.308523852589505,-5.603475141243019,1.011847019886192,0.9898414792619251,243.6881042599563
146,148920,0,7,1129,2.275957200481571e-15,-8.826273045769994e-15,19.025441596398316,19.025441596398316,1.0,0.0,-2.6030772754055125,-2.6030772754055125,38.17055004690919,42.87763501859737,6.048264127393554,38.33567450606885,42.81343928911768,6.075693439546321,38.170550046909185,42.87763501859735,6.048264127393553,38.33567450606885,42.813439289117674,6.075693439546321,-36.314456660002804,-28.780009028518144,-0.7819594699832029,38.17055004690919,42.87763501859737,6.048264127393554,38.170550046909185,42.87763501859735,6.048264127393553,nan,-36.314456660002804,nan,-28.780009028518144,False,8.202546871321895,,2.275957200481571e-15,-8.826273045769994e-15,0.0,-2.6030772754055125,-2.308523852589504,-5.603475141243022,1.011847019886192,0.9898414792619251,244.46902744257795
147,149940,0,7,1129,2.275957200481571e-15,-8.340550472496489e-15,19.025441596398316,19.025441596398316,1.0,0.0,-2.6030772754055125,-2.6030772754055125,38.17055004690919,42.87763501859737,6.048264127393554,38.33567450606885,42.81343928911768,6.075693439546321,38.170550046909185,42.87763501859735,6.048264127393553,38.33567450606885,42.813439289117674,6.075693439546321,-36.314456660002804,-28.780009028518144,-0.7819594699832035,38.17055004690919,42.87763501859737,6.048264127393554,38.170550046909185,42.87763501859735,6.048264127393553,nan,-36.314456660002804,nan,-28.780009028518144,False,8.202546871321895,,2.275957200481571e-15,-8.340550472496489e-15,0.0,-2.6030772754055125,-2.308523852589503,-5.603475141243025,1.011847019886192,0.9898414792619251,245.2499506251996
148,150960,0,7,1129,2.275957200481571e-15,1.7638668303732175e-14,19.025441596398316,19.025441596398316,1.0,0.0,-2.6030772754054685,-2.6030772754054685,38.17055004690919,42.87763501859737,6.048264127393554,38.33567450606885,42.81343928911768,6.075693439546321,38.170550046909185,42.87763501859735,6.048264127393553,38.33567450606885,42.81343928911768,6.075693439546321,-36.314456660002804,-28.780009028518144,-0.781959469983228,38.17055004690919,42.87763501859737,6.048264127393554,38.170550046909185,42.87763501859735,6.048264127393553,nan,-36.314456660002804,nan,-28.780009028518144,False,8.202546871321895,,2.275957200481571e-15,1.7638668303732175e-14,0.0,-2.6030772754054685,-2.308523852589502,-5.603475141243019,1.011847019886192,0.9898414792619251,246.03087380782125
149,151980,0,7,1129,-2.2343238370581275e-14,-8.826273045769994e-15,19.025441596398313,19.025441596398313,1.0,0.0,-2.6030772754055347,-2.6030772754055347,38.17055004690919,42.87763501859737,6.048264127393554,38.33567450606885,42.81343928911768,6.075693439546321,38.170550046909185,42.87763501859736,6.048264127393553,38.33567450606885,42.81343928911768,6.075693439546321,-36.314456660002804,-28.780009028518144,-0.7819594699832256,38.17055004690919,42.87763501859737,6.048264127393554,38.170550046909185,42.87763501859736,6.048264127393553,nan,-36.314456660002804,nan,-28.780009028518144,False,8.202546871321895,,-2.2343238370581275e-14,-8.826273045769994e-15,0.0,-2.6030772754055347,-2.3085238525895098,-5.603475141243022,1.011847019886192,0.9898414792619251,246.8117969904429
150,153000,0,7,1129,3.6914915568786455e-15,-8.340550472496489e-15,19.025441596398316,19.025441596398316,1.0,0.0,-2.6030772754055125,-2.6030772754055125,38.17055004690919,42.87763501859737,6.048264127393554,38.33567450606885,42.81343928911768,6.075693439546321,38.170550046909185,42.87763501859735,6.048264127393553,38.33567450606885,42.813439289117674,6.075693439546321,-36.314456660002804,-28.780009028518144,-0.7819594699832004,38.17055004690919,42.87763501859737,6.048264127393554,38.170550046909185,42.87763501859735,6.048264127393553,nan,-36.314456660002804,nan,-28.780009028518144,False,8.202546871321895,,3.6914915568786455e-15,-8.340550472496489e-15,0.0,-2.6030772754055125,-2.3085238525895084,-5.603475141243025,1.011847019886192,0.9898414792619251,247.59272017306455
151,154020,0,7,1129,2.831068712794149e-15,1.7638668303732175e-14,19.025441596398316,19.025441596398316,1.0,0.0,-2.6030772754054685,-2.6030772754054685,38.17055004690919,42.87763501859737,6.048264127393554,38.33567450606885,42.81343928911768,6.075693439546321,38.170550046909185,42.87763501859735,6.048264127393553,38.33567450606885,42.81343928911768,6.075693439546321,-36.314456660002804,-28.780009028518144,-0.7819594699832271,38.17055004690919,42.87763501859737,6.048264127393554,38.170550046909185,42.87763501859735,6.048264127393553,nan,-36.314456660002804,nan,-28.780009028518144,False,8.202546871321895,,2.831068712794149e-15,1.7638668303732175e-14,0.0,-2.6030772754054685,-2.3085238525895075,-5.603475141243019,1.011847019886192,0.9898414792619251,248.3736433556862
152,155040,0,7,1129,2.831068712794149e-15,-8.826273045769994e-15,19.025441596398316,19.025441596398316,1.0,0.0,-2.6030772754055125,-2.6030772754055125,38.17055004690919,42.87763501859737,6.048264127393554,38.33567450606885,42.81343928911768,6.075693439546321,38.170550046909185,42.87763501859735,6.048264127393553,38.33567450606885,42.813439289117674,6.075693439546321,-36.314456660002804,-28.780009028518144,-0.781959469983202,38.17055004690919,42.87763501859737,6.048264127393554,38.170550046909185,42.87763501859735,6.048264127393553,nan,-36.314456660002804,nan,-28.780009028518144,False,8.202546871321895,,2.831068712794149e-15,-8.826273045769994e-15,0.0,-2.6030772754055125,-2.3085238525895067,-5.603475141243022,1.011847019886192,0.9898414792619251,249.15456653830785
153,156060,0,7,1129,2.6645352591003757e-15,-8.340550472496489e-15,19.025441596398316,19.025441596398316,1.0,0.0,-2.6030772754055125,-2.6030772754055125,38.17055004690919,42.87763501859737,6.048264127393554,38.33567450606885,42.81343928911768,6.075693439546321,38.170550046909185,42.87763501859735,6.048264127393553,38.33567450606885,42.813439289117674,6.075693439546321,-36.314456660002804,-28.780009028518144,-0.7819594699832026,38.17055004690919,42.87763501859737,6.048264127393554,38.170550046909185,42.87763501859735,6.048264127393553,nan,-36.314456660002804,nan,-28.780009028518144,False,8.202546871321895,,2.6645352591003757e-15,-8.340550472496489e-15,0.0,-2.6030772754055125,-2.3085238525895058,-5.603475141243025,1.011847019886192,0.9898414792619251,249.9354897209295
154,157080,0,7,1129,2.275957200481571e-15,1.7638668303732175e-14,19.025441596398316,19.025441596398316,1.0,0.0,-2.6030772754054685,-2.6030772754054685,38.17055004690919,42.87763501859737,6.048264127393554,38.33567450606885,42.81343928911768,6.075693439546321,38.170550046909185,42.87763501859735,6.048264127393553,38.33567450606885,42.81343928911768,6.075693439546321,-36.314456660002804,-28.780009028518144,-0.781959469983228,38.17055004690919,42.87763501859737,6.048264127393554,38.170550046909185,42.87763501859735,6.048264127393553,nan,-36.314456660002804,nan,-28.780009028518144,False,8.202546871321895,,2.275957200481571e-15,1.7638668303732175e-14,0.0,-2.6030772754054685,-2.308523852589505,-5.603475141243019,1.011847019886192,0.9898414792619251,250.71641290355115
155,158100,0,7,1129,2.275957200481571e-15,-8.826273045769994e-15,19.025441596398316,19.025441596398316,1.0,0.0,-2.6030772754055125,-2.6030772754055125,38.17055004690919,42.87763501859737,6.048264127393554,38.33567450606885,42.81343928911768,6.075693439546321,38.170550046909185,42.87763501859735,6.048264127393553,38.33567450606885,42.813439289117674,6.075693439546321,-36.314456660002804,-28.780009028518144,-0.7819594699832029,38.17055004690919,42.87763501859737,6.048264127393554,38.170550046909185,42.87763501859735,6.048264127393553,nan,-36.314456660002804,nan,-28.780009028518144,False,8.202546871321895,,2.275957200481571e-15,-8.826273045769994e-15,0.0,-2.6030772754055125,-2.308523852589504,-5.603475141243022,1.011847019886192,0.9898414792619251,251.4973360861728
156,159120,0,7,1129,2.275957200481571e-15,-8.340550472496489e-15,19.025441596398316,19.025441596398316,1.0,0.0,-2.6030772754055125,-2.6030772754055125,38.17055004690919,42.87763501859737,6.048264127393554,38.33567450606885,42.81343928911768,6.075693439546321,38.170550046909185,42.87763501859735,6.048264127393553,38.33567450606885,42.813439289117674,6.075693439546321,-36.314456660002804,-28.780009028518144,-0.7819594699832035,38.17055004690919,42.87763501859737,6.048264127393554,38.170550046909185,42.87763501859735,6.048264127393553,nan,-36.314456660002804,nan,-28.780009028518144,False,8.202546871321895,,2.275957200481571e-15,-8.340550472496489e-15,0.0,-2.6030772754055125,-2.308523852589503,-5.603475141243025,1.011847019886192,0.9898414792619251,252.27825926879444
157,160140,0,7,1129,2.275957200481571e-15,1.7638668303732175e-14,19.025441596398316,19.025441596398316,1.0,0.0,-2.6030772754054685,-2.6030772754054685,38.17055004690919,42.87763501859737,6.048264127393554,38.33567450606885,42.81343928911768,6.075693439546321,38.170550046909185,42.87763501859735,6.048264127393553,38.33567450606885,42.81343928911768,6.075693439546321,-36.314456660002804,-28.780009028518144,-0.781959469983228,38.17055004690919,42.87763501859737,6.048264127393554,38.170550046909185,42.87763501859735,6.048264127393553,nan,-36.314456660002804,nan,-28.780009028518144,False,8.202546871321895,,2.275957200481571e-15,1.7638668303732175e-14,0.0,-2.6030772754054685,-2.308523852589502,-5.603475141243019,1.011847019886192,0.9898414792619251,253.0591824514161
158,161160,0,7,1129,-2.2343238370581275e-14,-8.826273045769994e-15,19.025441596398313,19.025441596398313,1.0,0.0,-2.6030772754055347,-2.6030772754055347,38.17055004690919,42.87763501859737,6.048264127393554,38.33567450606885,42.81343928911768,6.075693439546321,38.170550046909185,42.87763501859736,6.048264127393553,38.33567450606885,42.81343928911768,6.075693439546321,-36.314456660002804,-28.780009028518144,-0.7819594699832256,38.17055004690919,42.87763501859737,6.048264127393554,38.170550046909185,42.87763501859736,6.048264127393553,nan,-36.314456660002804,nan,-28.780009028518144,False,8.202546871321895,,-2.2343238370581275e-14,-8.826273045769994e-15,0.0,-2.6030772754055347,-2.3085238525895098,-5.603475141243022,1.011847019886192,0.9898414792619251,253.84010563403774
159,162180,0,7,1129,3.6914915568786455e-15,-8.340550472496489e-15,19.025441596398316,19.025441596398316,1.0,0.0,-2.6030772754055125,-2.6030772754055125,38.17055004690919,42.87763501859737,6.048264127393554,38.33567450606885,42.81343928911768,6.075693439546321,38.170550046909185,42.87763501859735,6.048264127393553,38.33567450606885,42.813439289117674,6.075693439546321,-36.314456660002804,-28.780009028518144,-0.7819594699832004,38.17055004690919,42.87763501859737,6.048264127393554,38.170550046909185,42.87763501859735,6.048264127393553,nan,-36.314456660002804,nan,-28.780009028518144,False,8.202546871321895,,3.6914915568786455e-15,-8.340550472496489e-15,0.0,-2.6030772754055125,-2.3085238525895084,-5.603475141243025,1.011847019886192,0.9898414792619251,254.6210288166594
160,163200,0,7,1129,2.831068712794149e-15,1.7638668303732175e-14,19.025441596398316,19.025441596398316,1.0,0.0,-2.6030772754054685,-2.6030772754054685,38.17055004690919,42.87763501859737,6.048264127393554,38.33567450606885,42.81343928911768,6.075693439546321,38.170550046909185,42.87763501859735,6.048264127393553,38.33567450606885,42.81343928911768,6.075693439546321,-36.314456660002804,-28.780009028518144,-0.7819594699832271,38.17055004690919,42.87763501859737,6.048264127393554,38.170550046909185,42.87763501859735,6.048264127393553,nan,-36.314456660002804,nan,-28.780009028518144,False,8.202546871321895,,2.831068712794149e-15,1.7638668303732175e-14,0.0,-2.6030772754054685,-2.3085238525895075,-5.603475141243019,1.011847019886192,0.9898414792619251,255.40195199928104
161,164220,0,7,1129,2.831068712794149e-15,-8.826273045769994e-15,19.025441596398316,19.025441596398316,1.0,0.0,-2.6030772754055125,-2.6030772754055125,38.17055004690919,42.87763501859737,6.048264127393554,38.33567450606885,42.81343928911768,6.075693439546321,38.170550046909185,42.87763501859735,6.048264127393553,38.33567450606885,42.813439289117674,6.075693439546321,-36.314456660002804,-28.780009028518144,-0.781959469983202,38.17055004690919,42.87763501859737,6.048264127393554,38.170550046909185,42.87763501859735,6.048264127393553,nan,-36.314456660002804,nan,-28.780009028518144,False,8.202546871321895,,2.831068712794149e-15,-8.826273045769994e-15,0.0,-2.6030772754055125,-2.3085238525895067,-5.603475141243022,1.011847019886192,0.9898414792619251,256.1828751819027
162,165240,0,7,1129,2.6645352591003757e-15,-8.340550472496489e-15,19.025441596398316,19.025441596398316,1.0,0.0,-2.6030772754055125,-2.6030772754055125,38.17055004690919,42.87763501859737,6.048264127393554,38.33567450606885,42.81343928911768,6.075693439546321,38.170550046909185,42.87763501859735,6.048264127393553,38.33567450606885,42.813439289117674,6.075693439546321,-36.314456660002804,-28.780009028518144,-0.7819594699832026,38.17055004690919,42.87763501859737,6.048264127393554,38.170550046909185,42.87763501859735,6.048264127393553,nan,-36.314456660002804,nan,-28.780009028518144,False,8.202546871321895,,2.6645352591003757e-15,-8.340550472496489e-15,0.0,-2.6030772754055125,-2.3085238525895058,-5.603475141243025,1.011847019886192,0.9898414792619251,256.9637983645244
163,166260,0,7,1129,2.275957200481571e-15,1.7638668303732175e-14,19.025441596398316,19.025441596398316,1.0,0.0,-2.6030772754054685,-2.6030772754054685,38.17055004690919,42.87763501859737,6.048264127393554,38.33567450606885,42.81343928911768,6.075693439546321,38.170550046909185,42.87763501859735,6.048264127393553,38.33567450606885,42.81343928911768,6.075693439546321,-36.314456660002804,-28.780009028518144,-0.781959469983228,38.17055004690919,42.87763501859737,6.048264127393554,38.170550046909185,42.87763501859735,6.048264127393553,nan,-36.314456660002804,nan,-28.780009028518144,False,8.202546871321895,,2.275957200481571e-15,1.7638668303732175e-14,0.0,-2.6030772754054685,-2.308523852589505,-5.603475141243019,1.011847019886192,0.9898414792619251,257.744721547146
164,167280,0,7,1129,2.275957200481571e-15,-8.826273045769994e-15,19.025441596398316,19.025441596398316,1.0,0.0,-2.6030772754055125,-2.6030772754055125,38.17055004690919,42.87763501859737,6.048264127393554,38.33567450606885,42.81343928911768,6.075693439546321,38.170550046909185,42.87763501859735,6.048264127393553,38.33567450606885,42.813439289117674,6.075693439546321,-36.314456660002804,-28.780009028518144,-0.7819594699832029,38.17055004690919,42.87763501859737,6.048264127393554,38.170550046909185,42.87763501859735,6.048264127393553,nan,-36.314456660002804,nan,-28.780009028518144,False,8.202546871321895,,2.275957200481571e-15,-8.826273045769994e-15,0.0,-2.6030772754055125,-2.308523852589504,-5.603475141243022,1.011847019886192,0.9898414792619251,258.5256447297677
165,168300,0,7,1129,2.275957200481571e-15,-8.340550472496489e-15,19.025441596398316,19.025441596398316,1.0,0.0,-2.6030772754055125,-2.6030772754055125,38.17055004690919,42.87763501859737,6.048264127393554,38.33567450606885,42.81343928911768,6.075693439546321,38.170550046909185,42.87763501859735,6.048264127393553,38.33567450606885,42.813439289117674,6.075693439546321,-36.314456660002804,-28.780009028518144,-0.7819594699832035,38.17055004690919,42.87763501859737,6.048264127393554,38.170550046909185,42.87763501859735,6.048264127393553,nan,-36.314456660002804,nan,-28.780009028518144,False,8.202546871321895,,2.275957200481571e-15,-8.340550472496489e-15,0.0,-2.6030772754055125,-2.308523852589503,-5.603475141243025,1.011847019886192,0.9898414792619251,259.30656791238937
166,169320,0,7,1129,2.275957200481571e-15,1.7638668303732175e-14,19.025441596398316,19.025441596398316,1.0,0.0,-2.6030772754054685,-2.6030772754054685,38.17055004690919,42.87763501859737,6.048264127393554,38.33567450606885,42.81343928911768,6.075693439546321,38.170550046909185,42.87763501859735,6.048264127393553,38.33567450606885,42.81343928911768,6.075693439546321,-36.314456660002804,-28.780009028518144,-0.781959469983228,38.17055004690919,42.87763501859737,6.048264127393554,38.170550046909185,42.87763501859735,6.048264127393553,nan,-36.314456660002804,nan,-28.780009028518144,False,8.202546871321895,,2.275957200481571e-15,1.7638668303732175e-14,0.0,-2.6030772754054685,-2.308523852589502,-5.603475141243019,1.011847019886192,0.9898414792619251,260.087491095011
167,170340,0,7,1129,-2.2343238370581275e-14,-8.826273045769994e-15,19.025441596398313,19.025441596398313,1.0,0.0,-2.6030772754055347,-2.6030772754055347,38.17055004690919,42.87763501859737,6.048264127393554,38.33567450606885,42.81343928911768,6.075693439546321,38.170550046909185,42.87763501859736,6.048264127393553,38.33567450606885,42.81343928911768,6.075693439546321,-36.314456660002804,-28.780009028518144,-0.7819594699832256,38.17055004690919,42.87763501859737,6.048264127393554,38.170550046909185,42.87763501859736,6.048264127393553,nan,-36.314456660002804,nan,-28.780009028518144,False,8.202546871321895,,-2.2343238370581275e-14,-8.826273045769994e-15,0.0,-2.6030772754055347,-2.3085238525895098,-5.603475141243022,1.011847019886192,0.9898414792619251,260.86841427763267
168,171360,0,7,1129,3.6914915568786455e-15,-8.340550472496489e-15,19.025441596398316,19.025441596398316,1.0,0.0,-2.6030772754055125,-2.6030772754055125,38.17055004690919,42.87763501859737,6.048264127393554,38.33567450606885,42.81343928911768,6.075693439546321,38.170550046909185,42.87763501859735,6.048264127393553,38.33567450606885,42.813439289117674,6.075693439546321,-36.314456660002804,-28.780009028518144,-0.7819594699832004,38.17055004690919,42.87763501859737,6.048264127393554,38.170550046909185,42.87763501859735,6.048264127393553,nan,-36.314456660002804,nan,-28.780009028518144,False,8.202546871321895,,3.6914915568786455e-15,-8.340550472496489e-15,0.0,-2.6030772754055125,-2.3085238525895084,-5.603475141243025,1.011847019886192,0.9898414792619251,261.64933746025434
169,172380,0,7,1129,2.831068712794149e-15,1.7638668303732175e-14,19.025441596398316,19.025441596398316,1.0,0.0,-2.6030772754054685,-2.6030772754054685,38.17055004690919,42.87763501859737,6.048264127393554,38.33567450606885,42.81343928911768,6.075693439546321,38.170550046909185,42.87763501859735,6.048264127393553,38.33567450606885,42.81343928911768,6.075693439546321,-36.314456660002804,-28.780009028518144,-0.7819594699832271,38.17055004690919,42.87763501859737,6.048264127393554,38.170550046909185,42.87763501859735,6.048264127393553,nan,-36.314456660002804,nan,-28.780009028518144,False,8.202546871321895,,2.831068712794149e-15,1.7638668303732175e-14,0.0,-2.6030772754054685,-2.3085238525895075,-5.603475141243019,1.011847019886192,0.9898414792619251,262.43026064287596
170,173400,0,7,1129,2.831068712794149e-15,-8.826273045769994e-15,19.025441596398316,19.025441596398316,1.0,0.0,-2.6030772754055125,-2.6030772754055125,38.17055004690919,42.87763501859737,6.048264127393554,38.33567450606885,42.81343928911768,6.075693439546321,38.170550046909185,42.87763501859735,6.048264127393553,38.33567450606885,42.813439289117674,6.075693439546321,-36.314456660002804,-28.780009028518144,-0.781959469983202,38.17055004690919,42.87763501859737,6.048264127393554,38.170550046909185,42.87763501859735,6.048264127393553,nan,-36.314456660002804,nan,-28.780009028518144,False,8.202546871321895,,2.831068712794149e-15,-8.826273045769994e-15,0.0,-2.6030772754055125,-2.3085238525895067,-5.603475141243022,1.011847019886192,0.9898414792619251,263.21118382549764
171,174420,0,7,1129,2.6645352591003757e-15,-8.340550472496489e-15,19.025441596398316,19.025441596398316,1.0,0.0,-2.6030772754055125,-2.6030772754055125,38.17055004690919,42.87763501859737,6.048264127393554,38.33567450606885,42.81343928911768,6.075693439546321,38.170550046909185,42.87763501859735,6.048264127393553,38.33567450606885,42.813439289117674,6.075693439546321,-36.314456660002804,-28.780009028518144,-0.7819594699832026,38.17055004690919,42.87763501859737,6.048264127393554,38.170550046909185,42.87763501859735,6.048264127393553,nan,-36.314456660002804,nan,-28.780009028518144,False,8.202546871321895,,2.6645352591003757e-15,-8.340550472496489e-15,0.0,-2.6030772754055125,-2.3085238525895058,-5.603475141243025,1.011847019886192,0.9898414792619251,263.9921070081193
172,175440,0,7,1129,2.275957200481571e-15,1.7638668303732175e-14,19.025441596398316,19.025441596398316,1.0,0.0,-2.6030772754054685,-2.6030772754054685,38.17055004690919,42.87763501859737,6.048264127393554,38.33567450606885,42.81343928911768,6.075693439546321,38.170550046909185,42.87763501859735,6.048264127393553,38.33567450606885,42.81343928911768,6.075693439546321,-36.314456660002804,-28.780009028518144,-0.781959469983228,38.17055004690919,42.87763501859737,6.048264127393554,38.170550046909185,42.87763501859735,6.048264127393553,nan,-36.314456660002804,nan,-28.780009028518144,False,8.202546871321895,,2.275957200481571e-15,1.7638668303732175e-14,0.0,-2.6030772754054685,-2.308523852589505,-5.603475141243019,1.011847019886192,0.9898414792619251,264.77303019074094
173,176460,0,7,1129,2.275957200481571e-15,-8.826273045769994e-15,19.025441596398316,19.025441596398316,1.0,0.0,-2.6030772754055125,-2.6030772754055125,38.17055004690919,42.87763501859737,6.048264127393554,38.33567450606885,42.81343928911768,6.075693439546321,38.170550046909185,42.87763501859735,6.048264127393553,38.33567450606885,42.813439289117674,6.075693439546321,-36.314456660002804,-28.780009028518144,-0.7819594699832029,38.17055004690919,42.87763501859737,6.048264127393554,38.170550046909185,42.87763501859735,6.048264127393553,nan,-36.314456660002804,nan,-28.780009028518144,False,8.202546871321895,,2.275957200481571e-15,-8.826273045769994e-15,0.0,-2.6030772754055125,-2.308523852589504,-5.603475141243022,1.011847019886192,0.9898414792619251,265.5539533733626
174,177480,0,7,1129,2.275957200481571e-15,-8.340550472496489e-15,19.025441596398316,19.025441596398316,1.0,0.0,-2.6030772754055125,-2.6030772754055125,38.17055004690919,42.87763501859737,6.048264127393554,38.33567450606885,42.81343928911768,6.075693439546321,38.170550046909185,42.87763501859735,6.048264127393553,38.33567450606885,42.813439289117674,6.075693439546321,-36.314456660002804,-28.780009028518144,-0.7819594699832035,38.17055004690919,42.87763501859737,6.048264127393554,38.170550046909185,42.87763501859735,6.048264127393553,nan,-36.314456660002804,nan,-28.780009028518144,False,8.202546871321895,,2.275957200481571e-15,-8.340550472496489e-15,0.0,-2.6030772754055125,-2.308523852589503,-5.603475141243025,1.011847019886192,0.9898414792619251,266.3348765559843
175,178500,0,7,1129,2.275957200481571e-15,1.7638668303732175e-14,19.025441596398316,19.025441596398316,1.0,0.0,-2.6030772754054685,-2.6030772754054685,38.17055004690919,42.87763501859737,6.048264127393554,38.33567450606885,42.81343928911768,6.075693439546321,38.170550046909185,42.87763501859735,6.048264127393553,38.33567450606885,42.81343928911768,6.075693439546321,-36.314456660002804,-28.780009028518144,-0.781959469983228,38.17055004690919,42.87763501859737,6.048264127393554,38.170550046909185,42.87763501859735,6.048264127393553,nan,-36.314456660002804,nan,-28.780009028518144,False,8.202546871321895,,2.275957200481571e-15,1.7638668303732175e-14,0.0,-2.6030772754054685,-2.308523852589502,-5.603475141243019,1.011847019886192,0.9898414792619251,267.1157997386059
176,179520,0,7,1129,-2.2343238370581275e-14,-8.826273045769994e-15,19.025441596398313,19.025441596398313,1.0,0.0,-2.6030772754055347,-2.6030772754055347,38.17055004690919,42.87763501859737,6.048264127393554,38.33567450606885,42.81343928911768,6.075693439546321,38.170550046909185,42.87763501859736,6.048264127393553,38.33567450606885,42.81343928911768,6.075693439546321,-36.314456660002804,-28.780009028518144,-0.7819594699832256,38.17055004690919,42.87763501859737,6.048264127393554,38.170550046909185,42.87763501859736,6.048264127393553,nan,-36.314456660002804,nan,-28.780009028518144,False,8.202546871321895,,-2.2343238370581275e-14,-8.826273045769994e-15,0.0,-2.6030772754055347,-2.3085238525895098,-5.603475141243022,1.011847019886192,0.9898414792619251,267.8967229212276
177,180540,0,7,1129,3.6914915568786455e-15,-8.340550472496489e-15,19.025441596398316,19.025441596398316,1.0,0.0,-2.6030772754055125,-2.6030772754055125,38.17055004690919,42.87763501859737,6.048264127393554,38.33567450606885,42.81343928911768,6.075693439546321,38.170550046909185,42.87763501859735,6.048264127393553,38.33567450606885,42.813439289117674,6.075693439546321,-36.314456660002804,-28.780009028518144,-0.7819594699832004,38.17055004690919,42.87763501859737,6.048264127393554,38.170550046909185,42.87763501859735,6.048264127393553,nan,-36.314456660002804,nan,-28.780009028518144,False,8.202546871321895,,3.6914915568786455e-15,-8.340550472496489e-15,0.0,-2.6030772754055125,-2.3085238525895084,-5.603475141243025,1.011847019886192,0.9898414792619251,268.67764610384927
178,181560,0,7,1129,2.831068712794149e-15,1.7638668303732175e-14,19.025441596398316,19.025441596398316,1.0,0.0,-2.6030772754054685,-2.6030772754054685,38.17055004690919,42.87763501859737,6.048264127393554,38.33567450606885,42.81343928911768,6.075693439546321,38.170550046909185,42.87763501859735,6.048264127393553,38.33567450606885,42.81343928911768,6.075693439546321,-36.314456660002804,-28.780009028518144,-0.7819594699832271,38.17055004690919,42.87763501859737,6.048264127393554,38.170550046909185,42.87763501859735,6.048264127393553,nan,-36.314456660002804,nan,-28.780009028518144,False,8.202546871321895,,2.831068712794149e-15,1.7638668303732175e-14,0.0,-2.6030772754054685,-2.3085238525895075,-5.603475141243019,1.011847019886192,0.9898414792619251,269.4585692864709
179,182580,0,7,1129,2.831068712794149e-15,-8.826273045769994e-15,19.025441596398316,19.025441596398316,1.0,0.0,-2.6030772754055125,-2.6030772754055125,38.17055004690919,42.87763501859737,6.048264127393554,38.33567450606885,42.81343928911768,6.075693439546321,38.170550046909185,42.87763501859735,6.048264127393553,38.33567450606885,42.813439289117674,6.075693439546321,-36.314456660002804,-28.780009028518144,-0.781959469983202,38.17055004690919,42.87763501859737,6.048264127393554,38.170550046909185,42.87763501859735,6.048264127393553,nan,-36.314456660002804,nan,-28.780009028518144,False,8.202546871321895,,2.831068712794149e-15,-8.826273045769994e-15,0.0,-2.6030772754055125,-2.3085238525895067,-5.603475141243022,1.011847019886192,0.9898414792619251,270.23949246909257
180,183600,0,7,1129,2.6645352591003757e-15,-8.340550472496489e-15,19.025441596398316,19.025441596398316,1.0,0.0,-2.6030772754055125,-2.6030772754055125,38.17055004690919,42.87763501859737,6.048264127393554,38.33567450606885,42.81343928911768,6.075693439546321,38.170550046909185,42.87763501859735,6.048264127393553,38.33567450606885,42.813439289117674,6.075693439546321,-36.314456660002804,-28.780009028518144,-0.7819594699832026,38.17055004690919,42.87763501859737,6.048264127393554,38.170550046909185,42.87763501859735,6.048264127393553,nan,-36.314456660002804,nan,-28.780009028518144,False,8.202546871321895,,2.6645352591003757e-15,-8.340550472496489e-15,0.0,-2.6030772754055125,-2.3085238525895058,-5.603475141243025,1.011847019886192,0.9898414792619251,271.02041565171425
181,184620,0,7,1129,2.275957200481571e-15,1.7638668303732175e-14,19.025441596398316,19.025441596398316,1.0,0.0,-2.6030772754054685,-2.6030772754054685,38.17055004690919,42.87763501859737,6.048264127393554,38.33567450606885,42.81343928911768,6.075693439546321,38.170550046909185,42.87763501859735,6.048264127393553,38.33567450606885,42.81343928911768,6.075693439546321,-36.314456660002804,-28.780009028518144,-0.781959469983228,38.17055004690919,42.87763501859737,6.048264127393554,38.170550046909185,42.87763501859735,6.048264127393553,nan,-36.314456660002804,nan,-28.780009028518144,False,8.202546871321895,,2.275957200481571e-15,1.7638668303732175e-14,0.0,-2.6030772754054685,-2.308523852589505,-5.603475141243019,1.011847019886192,0.9898414792619251,271.80133883433587
182,185640,0,7,1129,2.275957200481571e-15,-8.826273045769994e-15,19.025441596398316,19.025441596398316,1.0,0.0,-2.6030772754055125,-2.6030772754055125,38.17055004690919,42.87763501859737,6.048264127393554,38.33567450606885,42.81343928911768,6.075693439546321,38.170550046909185,42.87763501859735,6.048264127393553,38.33567450606885,42.813439289117674,6.075693439546321,-36.314456660002804,-28.780009028518144,-0.7819594699832029,38.17055004690919,42.87763501859737,6.048264127393554,38.170550046909185,42.87763501859735,6.048264127393553,nan,-36.314456660002804,nan,-28.780009028518144,False,8.202546871321895,,2.275957200481571e-15,-8.826273045769994e-15,0.0,-2.6030772754055125,-2.308523852589504,-5.603475141243022,1.011847019886192,0.9898414792619251,272.58226201695754
183,186660,0,7,1129,2.275957200481571e-15,-8.340550472496489e-15,19.025441596398316,19.025441596398316,1.0,0.0,-2.6030772754055125,-2.6030772754055125,38.17055004690919,42.87763501859737,6.048264127393554,38.33567450606885,42.81343928911768,6.075693439546321,38.170550046909185,42.87763501859735,6.048264127393553,38.33567450606885,42.813439289117674,6.075693439546321,-36.314456660002804,-28.780009028518144,-0.7819594699832035,38.17055004690919,42.87763501859737,6.048264127393554,38.170550046909185,42.87763501859735,6.048264127393553,nan,-36.314456660002804,nan,-28.780009028518144,False,8.202546871321895,,2.275957200481571e-15,-8.340550472496489e-15,0.0,-2.6030772754055125,-2.308523852589503,-5.603475141243025,1.011847019886192,0.9898414792619251,273.3631851995792
184,187680,0,7,1129,2.275957200481571e-15,1.7638668303732175e-14,19.025441596398316,19.025441596398316,1.0,0.0,-2.6030772754054685,-2.6030772754054685,38.17055004690919,42.87763501859737,6.048264127393554,38.33567450606885,42.81343928911768,6.075693439546321,38.170550046909185,42.87763501859735,6.048264127393553,38.33567450606885,42.81343928911768,6.075693439546321,-36.314456660002804,-28.780009028518144,-0.781959469983228,38.17055004690919,42.87763501859737,6.048264127393554,38.170550046909185,42.87763501859735,6.048264127393553,nan,-36.314456660002804,nan,-28.780009028518144,False,8.202546871321895,,2.275957200481571e-15,1.7638668303732175e-14,0.0,-2.6030772754054685,-2.308523852589502,-5.603475141243019,1.011847019886192,0.9898414792619251,274.14410838220084
185,188700,0,7,1129,-2.2343238370581275e-14,-8.826273045769994e-15,19.025441596398313,19.025441596398313,1.0,0.0,-2.6030772754055347,-2.6030772754055347,38.17055004690919,42.87763501859737,6.048264127393554,38.33567450606885,42.81343928911768,6.075693439546321,38.170550046909185,42.87763501859736,6.048264127393553,38.33567450606885,42.81343928911768,6.075693439546321,-36.314456660002804,-28.780009028518144,-0.7819594699832256,38.17055004690919,42.87763501859737,6.048264127393554,38.170550046909185,42.87763501859736,6.048264127393553,nan,-36.314456660002804,nan,-28.780009028518144,False,8.202546871321895,,-2.2343238370581275e-14,-8.826273045769994e-15,0.0,-2.6030772754055347,-2.3085238525895098,-5.603475141243022,1.011847019886192,0.9898414792619251,274.9250315648225
186,189720,0,7,1129,3.6914915568786455e-15,-8.340550472496489e-15,19.025441596398316,19.025441596398316,1.0,0.0,-2.6030772754055125,-2.6030772754055125,38.17055004690919,42.87763501859737,6.048264127393554,38.33567450606885,42.81343928911768,6.075693439546321,38.170550046909185,42.87763501859735,6.048264127393553,38.33567450606885,42.813439289117674,6.075693439546321,-36.314456660002804,-28.780009028518144,-0.7819594699832004,38.17055004690919,42.87763501859737,6.048264127393554,38.170550046909185,42.87763501859735,6.048264127393553,nan,-36.314456660002804,nan,-28.780009028518144,False,8.202546871321895,,3.6914915568786455e-15,-8.340550472496489e-15,0.0,-2.6030772754055125,-2.3085238525895084,-5.603475141243025,1.011847019886192,0.9898414792619251,275.7059547474442
187,190740,0,7,1129,2.831068712794149e-15,1.7638668303732175e-14,19.025441596398316,19.025441596398316,1.0,0.0,-2.6030772754054685,-2.6030772754054685,38.17055004690919,42.87763501859737,6.048264127393554,38.33567450606885,42.81343928911768,6.075693439546321,38.170550046909185,42.87763501859735,6.048264127393553,38.33567450606885,42.81343928911768,6.075693439546321,-36.314456660002804,-28.780009028518144,-0.7819594699832271,38.17055004690919,42.87763501859737,6.048264127393554,38.170550046909185,42.87763501859735,6.048264127393553,nan,-36.314456660002804,nan,-28.780009028518144,False,8.202546871321895,,2.831068712794149e-15,1.7638668303732175e-14,0.0,-2.6030772754054685,-2.3085238525895075,-5.603475141243019,1.011847019886192,0.9898414792619251,276.4868779300658
188,191760,0,7,1129,2.831068712794149e-15,-8.826273045769994e-15,19.025441596398316,19.025441596398316,1.0,0.0,-2.6030772754055125,-2.6030772754055125,38.17055004690919,42.87763501859737,6.048264127393554,38.33567450606885,42.81343928911768,6.075693439546321,38.170550046909185,42.87763501859735,6.048264127393553,38.33567450606885,42.813439289117674,6.075693439546321,-36.314456660002804,-28.780009028518144,-0.781959469983202,38.17055004690919,42.87763501859737,6.048264127393554,38.170550046909185,42.87763501859735,6.048264127393553,nan,-36.314456660002804,nan,-28.780009028518144,False,8.202546871321895,,2.831068712794149e-15,-8.826273045769994e-15,0.0,-2.6030772754055125,-2.3085238525895067,-5.603475141243022,1.011847019886192,0.9898414792619251,277.2678011126875
189,192780,0,7,1129,2.6645352591003757e-15,-8.340550472496489e-15,19.025441596398316,19.025441596398316,1.0,0.0,-2.6030772754055125,-2.6030772754055125,38.17055004690919,42.87763501859737,6.048264127393554,38.33567450606885,42.81343928911768,6.075693439546321,38.170550046909185,42.87763501859735,6.048264127393553,38.33567450606885,42.813439289117674,6.075693439546321,-36.314456660002804,-28.780009028518144,-0.7819594699832026,38.17055004690919,42.87763501859737,6.048264127393554,38.170550046909185,42.87763501859735,6.048264127393553,nan,-36.314456660002804,nan,-28.780009028518144,False,8.202546871321895,,2.6645352591003757e-15,-8.340550472496489e-15,0.0,-2.6030772754055125,-2.3085238525895058,-5.603475141243025,1.011847019886192,0.9898414792619251,278.04872429530917
190,193800,0,7,1129,2.275957200481571e-15,1.7638668303732175e-14,19.025441596398316,19.025441596398316,1.0,0.0,-2.6030772754054685,-2.6030772754054685,38.17055004690919,42.87763501859737,6.048264127393554,38.33567450606885,42.81343928911768,6.075693439546321,38.170550046909185,42.87763501859735,6.048264127393553,38.33567450606885,42.81343928911768,6.075693439546321,-36.314456660002804,-28.780009028518144,-0.781959469983228,38.17055004690919,42.87763501859737,6.048264127393554,38.170550046909185,42.87763501859735,6.048264127393553,nan,-36.314456660002804,nan,-28.780009028518144,False,8.202546871321895,,2.275957200481571e-15,1.7638668303732175e-14,0.0,-2.6030772754054685,-2.308523852589505,-5.603475141243019,1.011847019886192,0.9898414792619251,278.8296474779308
191,194820,0,7,1129,2.275957200481571e-15,-8.826273045769994e-15,19.025441596398316,19.025441596398316,1.0,0.0,-2.6030772754055125,-2.6030772754055125,38.17055004690919,42.87763501859737,6.048264127393554,38.33567450606885,42.81343928911768,6.075693439546321,38.170550046909185,42.87763501859735,6.048264127393553,38.33567450606885,42.813439289117674,6.075693439546321,-36.314456660002804,-28.780009028518144,-0.7819594699832029,38.17055004690919,42.87763501859737,6.048264127393554,38.170550046909185,42.87763501859735,6.048264127393553,nan,-36.314456660002804,nan,-28.780009028518144,False,8.202546871321895,,2.275957200481571e-15,-8.826273045769994e-15,0.0,-2.6030772754055125,-2.308523852589504,-5.603475141243022,1.011847019886192,0.9898414792619251,279.61057066055247
192,195840,0,7,1129,2.275957200481571e-15,-8.340550472496489e-15,19.025441596398316,19.025441596398316,1.0,0.0,-2.6030772754055125,-2.6030772754055125,38.17055004690919,42.87763501859737,6.048264127393554,38.33567450606885,42.81343928911768,6.075693439546321,38.170550046909185,42.87763501859735,6.048264127393553,38.33567450606885,42.813439289117674,6.075693439546321,-36.314456660002804,-28.780009028518144,-0.7819594699832035,38.17055004690919,42.87763501859737,6.048264127393554,38.170550046909185,42.87763501859735,6.048264127393553,nan,-36.314456660002804,nan,-28.780009028518144,False,8.202546871321895,,2.275957200481571e-15,-8.340550472496489e-15,0.0,-2.6030772754055125,-2.308523852589503,-5.603475141243025,1.011847019886192,0.9898414792619251,280.39149384317415
193,196860,0,7,1129,2.275957200481571e-15,1.7638668303732175e-14,19.025441596398316,19.025441596398316,1.0,0.0,-2.6030772754054685,-2.6030772754054685,38.17055004690919,42.87763501859737,6.048264127393554,38.33567450606885,42.81343928911768,6.075693439546321,38.170550046909185,42.87763501859735,6.048264127393553,38.33567450606885,42.81343928911768,6.075693439546321,-36.314456660002804,-28.780009028518144,-0.781959469983228,38.17055004690919,42.87763501859737,6.048264127393554,38.170550046909185,42.87763501859735,6.048264127393553,nan,-36.314456660002804,nan,-28.780009028518144,False,8.202546871321895,,2.275957200481571e-15,1.7638668303732175e-14,0.0,-2.6030772754054685,-2.308523852589502,-5.603475141243019,1.011847019886192,0.9898414792619251,281.17241702579577
194,197880,0,7,1129,-2.2343238370581275e-14,-8.826273045769994e-15,19.025441596398313,19.025441596398313,1.0,0.0,-2.6030772754055347,-2.6030772754055347,38.17055004690919,42.87763501859737,6.048264127393554,38.33567450606885,42.81343928911768,6.075693439546321,38.170550046909185,42.87763501859736,6.048264127393553,38.33567450606885,42.81343928911768,6.075693439546321,-36.314456660002804,-28.780009028518144,-0.7819594699832256,38.17055004690919,42.87763501859737,6.048264127393554,38.170550046909185,42.87763501859736,6.048264127393553,nan,-36.314456660002804,nan,-28.780009028518144,False,8.202546871321895,,-2.2343238370581275e-14,-8.826273045769994e-15,0.0,-2.6030772754055347,-2.3085238525895098,-5.603475141243022,1.011847019886192,0.9898414792619251,281.95334020841744
195,198900,0,7,1129,3.6914915568786455e-15,-8.340550472496489e-15,19.025441596398316,19.025441596398316,1.0,0.0,-2.6030772754055125,-2.6030772754055125,38.17055004690919,42.87763501859737,6.048264127393554,38.33567450606885,42.81343928911768,6.075693439546321,38.170550046909185,42.87763501859735,6.048264127393553,38.33567450606885,42.813439289117674,6.075693439546321,-36.314456660002804,-28.780009028518144,-0.7819594699832004,38.17055004690919,42.87763501859737,6.048264127393554,38.170550046909185,42.87763501859735,6.048264127393553,nan,-36.314456660002804,nan,-28.780009028518144,False,8.202546871321895,,3.6914915568786455e-15,-8.340550472496489e-15,0.0,-2.6030772754055125,-2.3085238525895084,-5.603475141243025,1.011847019886192,0.9898414792619251,282.7342633910391
196,199920,0,7,1129,2.831068712794149e-15,1.7638668303732175e-14,19.025441596398316,19.025441596398316,1.0,0.0,-2.6030772754054685,-2.6030772754054685,38.17055004690919,42.87763501859737,6.048264127393554,38.33567450606885,42.81343928911768,6.075693439546321,38.170550046909185,42.87763501859735,6.048264127393553,38.33567450606885,42.81343928911768,6.075693439546321,-36.314456660002804,-28.780009028518144,-0.7819594699832271,38.17055004690919,42.87763501859737,6.048264127393554,38.170550046909185,42.87763501859735,6.048264127393553,nan,-36.314456660002804,nan,-28.780009028518144,False,8.202546871321895,,2.831068712794149e-15,1.7638668303732175e-14,0.0,-2.6030772754054685,-2.3085238525895075,-5.603475141243019,1.011847019886192,0.9898414792619251,283.51518657366074
197,200940,0,7,1129,2.831068712794149e-15,-8.826273045769994e-15,19.025441596398316,19.025441596398316,1.0,0.0,-2.6030772754055125,-2.6030772754055125,38.17055004690919,42.87763501859737,6.048264127393554,38.33567450606885,42.81343928911768,6.075693439546321,38.170550046909185,42.87763501859735,6.048264127393553,38.33567450606885,42.813439289117674,6.075693439546321,-36.314456660002804,-28.780009028518144,-0.781959469983202,38.17055004690919,42.87763501859737,6.048264127393554,38.170550046909185,42.87763501859735,6.048264127393553,nan,-36.314456660002804,nan,-28.780009028518144,False,8.202546871321895,,2.831068712794149e-15,-8.826273045769994e-15,0.0,-2.6030772754055125,-2.3085238525895067,-5.603475141243022,1.011847019886192,0.9898414792619251,284.2961097562824
198,201960,0,7,1129,2.6645352591003757e-15,-8.340550472496489e-15,19.025441596398316,19.025441596398316,1.0,0.0,-2.6030772754055125,-2.6030772754055125,38.17055004690919,42.87763501859737,6.048264127393554,38.33567450606885,42.81343928911768,6.075693439546321,38.170550046909185,42.87763501859735,6.048264127393553,38.33567450606885,42.813439289117674,6.075693439546321,-36.314456660002804,-28.780009028518144,-0.7819594699832026,38.17055004690919,42.87763501859737,6.048264127393554,38.170550046909185,42.87763501859735,6.048264127393553,nan,-36.314456660002804,nan,-28.780009028518144,False,8.202546871321895,,2.6645352591003757e-15,-8.340550472496489e-15,0.0,-2.6030772754055125,-2.3085238525895058,-5.603475141243025,1.011847019886192,0.9898414792619251,285.0770329389041
199,202980,0,7,1129,2.275957200481571e-15,1.7638668303732175e-14,19.025441596398316,19.025441596398316,1.0,0.0,-2.6030772754054685,-2.6030772754054685,38.17055004690919,42.87763501859737,6.048264127393554,38.33567450606885,42.81343928911768,6.075693439546321,38.170550046909185,42.87763501859735,6.048264127393553,38.33567450606885,42.81343928911768,6.075693439546321,-36.314456660002804,-28.780009028518144,-0.781959469983228,38.17055004690919,42.87763501859737,6.048264127393554,38.170550046909185,42.87763501859735,6.048264127393553,nan,-36.314456660002804,nan,-28.780009028518144,False,8.202546871321895,,2.275957200481571e-15,1.7638668303732175e-14,0.0,-2.6030772754054685,-2.308523852589505,-5.603475141243019,1.011847019886192,0.9898414792619251,285.8579561215257
200,204000,0,7,1129,2.275957200481571e-15,-8.826273045769994e-15,19.025441596398316,19.025441596398316,1.0,0.0,-2.6030772754055125,-2.6030772754055125,38.17055004690919,42.87763501859737,6.048264127393554,38.33567450606885,42.81343928911768,6.075693439546321,38.170550046909185,42.87763501859735,6.048264127393553,38.33567450606885,42.813439289117674,6.075693439546321,-36.314456660002804,-28.780009028518144,-0.7819594699832029,38.17055004690919,42.87763501859737,6.048264127393554,38.170550046909185,42.87763501859735,6.048264127393553,nan,-36.314456660002804,nan,-28.780009028518144,False,8.202546871321895,,2.275957200481571e-15,-8.826273045769994e-15,0.0,-2.6030772754055125,-2.308523852589504,-5.603475141243022,1.011847019886192,0.9898414792619251,286.6388793041474
201,205020,0,7,1129,2.275957200481571e-15,-8.340550472496489e-15,19.025441596398316,19.025441596398316,1.0,0.0,-2.6030772754055125,-2.6030772754055125,38.17055004690919,42.87763501859737,6.048264127393554,38.33567450606885,42.81343928911768,6.075693439546321,38.170550046909185,42.87763501859735,6.048264127393553,38.33567450606885,42.813439289117674,6.075693439546321,-36.314456660002804,-28.780009028518144,-0.7819594699832035,38.17055004690919,42.87763501859737,6.048264127393554,38.170550046909185,42.87763501859735,6.048264127393553,nan,-36.314456660002804,nan,-28.780009028518144,False,8.202546871321895,,2.275957200481571e-15,-8.340550472496489e-15,0.0,-2.6030772754055125,-2.308523852589503,-5.603475141243025,1.011847019886192,0.9898414792619251,287.4198024867691
202,206040,0,7,1129,2.275957200481571e-15,1.7638668303732175e-14,19.025441596398316,19.025441596398316,1.0,0.0,-2.6030772754054685,-2.6030772754054685,38.17055004690919,42.87763501859737,6.048264127393554,38.33567450606885,42.81343928911768,6.075693439546321,38.170550046909185,42.87763501859735,6.048264127393553,38.33567450606885,42.81343928911768,6.075693439546321,-36.314456660002804,-28.780009028518144,-0.781959469983228,38.17055004690919,42.87763501859737,6.048264127393554,38.170550046909185,42.87763501859735,6.048264127393553,nan,-36.314456660002804,nan,-28.780009028518144,False,8.202546871321895,,2.275957200481571e-15,1.7638668303732175e-14,0.0,-2.6030772754054685,-2.308523852589502,-5.603475141243019,1.011847019886192,0.9898414792619251,288.2007256693907
203,207060,0,7,1129,-2.2343238370581275e-14,-8.826273045769994e-15,19.025441596398313,19.025441596398313,1.0,0.0,-2.6030772754055347,-2.6030772754055347,38.17055004690919,42.87763501859737,6.048264127393554,38.33567450606885,42.81343928911768,6.075693439546321,38.170550046909185,42.87763501859736,6.048264127393553,38.33567450606885,42.81343928911768,6.075693439546321,-36.314456660002804,-28.780009028518144,-0.7819594699832256,38.17055004690919,42.87763501859737,6.048264127393554,38.170550046909185,42.87763501859736,6.048264127393553,nan,-36.314456660002804,nan,-28.780009028518144,False,8.202546871321895,,-2.2343238370581275e-14,-8.826273045769994e-15,0.0,-2.6030772754055347,-2.3085238525895098,-5.603475141243022,1.011847019886192,0.9898414792619251,288.98164885201237
204,208080,0,7,1129,3.6914915568786455e-15,-8.340550472496489e-15,19.025441596398316,19.025441596398316,1.0,0.0,-2.6030772754055125,-2.6030772754055125,38.17055004690919,42.87763501859737,6.048264127393554,38.33567450606885,42.81343928911768,6.075693439546321,38.170550046909185,42.87763501859735,6.048264127393553,38.33567450606885,42.813439289117674,6.075693439546321,-36.314456660002804,-28.780009028518144,-0.7819594699832004,38.17055004690919,42.87763501859737,6.048264127393554,38.170550046909185,42.87763501859735,6.048264127393553,nan,-36.314456660002804,nan,-28.780009028518144,False,8.202546871321895,,3.6914915568786455e-15,-8.340550472496489e-15,0.0,-2.6030772754055125,-2.3085238525895084,-5.603475141243025,1.011847019886192,0.9898414792619251,289.76257203463405
205,209100,0,7,1129,2.831068712794149e-15,1.7638668303732175e-14,19.025441596398316,19.025441596398316,1.0,0.0,-2.6030772754054685,-2.6030772754054685,38.17055004690919,42.87763501859737,6.048264127393554,38.33567450606885,42.81343928911768,6.075693439546321,38.170550046909185,42.87763501859735,6.048264127393553,38.33567450606885,42.81343928911768,6.075693439546321,-36.314456660002804,-28.780009028518144,-0.7819594699832271,38.17055004690919,42.87763501859737,6.048264127393554,38.170550046909185,42.87763501859735,6.048264127393553,nan,-36.314456660002804,nan,-28.780009028518144,False,8.202546871321895,,2.831068712794149e-15,1.7638668303732175e-14,0.0,-2.6030772754054685,-2.3085238525895075,-5.603475141243019,1.011847019886192,0.9898414792619251,290.54349521725567
206,210120,0,7,1129,2.831068712794149e-15,-8.826273045769994e-15,19.025441596398316,19.025441596398316,1.0,0.0,-2.6030772754055125,-2.6030772754055125,38.17055004690919,42.87763501859737,6.048264127393554,38.33567450606885,42.81343928911768,6.075693439546321,38.170550046909185,42.87763501859735,6.048264127393553,38.33567450606885,42.813439289117674,6.075693439546321,-36.314456660002804,-28.780009028518144,-0.781959469983202,38.17055004690919,42.87763501859737,6.048264127393554,38.170550046909185,42.87763501859735,6.048264127393553,nan,-36.314456660002804,nan,-28.780009028518144,False,8.202546871321895,,2.831068712794149e-15,-8.826273045769994e-15,0.0,-2.6030772754055125,-2.3085238525895067,-5.603475141243022,1.011847019886192,0.9898414792619251,291.32441839987735
207,211140,0,7,1129,2.6645352591003757e-15,-8.340550472496489e-15,19.025441596398316,19.025441596398316,1.0,0.0,-2.6030772754055125,-2.6030772754055125,38.17055004690919,42.87763501859737,6.048264127393554,38.33567450606885,42.81343928911768,6.075693439546321,38.170550046909185,42.87763501859735,6.048264127393553,38.33567450606885,42.813439289117674,6.075693439546321,-36.314456660002804,-28.780009028518144,-0.7819594699832026,38.17055004690919,42.87763501859737,6.048264127393554,38.170550046909185,42.87763501859735,6.048264127393553,nan,-36.314456660002804,nan,-28.780009028518144,False,8.202546871321895,,2.6645352591003757e-15,-8.340550472496489e-15,0.0,-2.6030772754055125,-2.3085238525895058,-5.603475141243025,1.011847019886192,0.9898414792619251,292.105341582499
208,212160,0,7,1129,2.275957200481571e-15,1.7638668303732175e-14,19.025441596398316,19.025441596398316,1.0,0.0,-2.6030772754054685,-2.6030772754054685,38.17055004690919,42.87763501859737,6.048264127393554,38.33567450606885,42.81343928911768,6.075693439546321,38.170550046909185,42.87763501859735,6.048264127393553,38.33567450606885,42.81343928911768,6.075693439546321,-36.314456660002804,-28.780009028518144,-0.781959469983228,38.17055004690919,42.87763501859737,6.048264127393554,38.170550046909185,42.87763501859735,6.048264127393553,nan,-36.314456660002804,nan,-28.780009028518144,False,8.202546871321895,,2.275957200481571e-15,1.7638668303732175e-14,0.0,-2.6030772754054685,-2.308523852589505,-5.603475141243019,1.011847019886192,0.9898414792619251,292.88626476512064
209,213180,0,7,1129,2.275957200481571e-15,-8.826273045769994e-15,19.025441596398316,19.025441596398316,1.0,0.0,-2.6030772754055125,-2.6030772754055125,38.17055004690919,42.87763501859737,6.048264127393554,38.33567450606885,42.81343928911768,6.075693439546321,38.170550046909185,42.87763501859735,6.048264127393553,38.33567450606885,42.813439289117674,6.075693439546321,-36.314456660002804,-28.780009028518144,-0.7819594699832029,38.17055004690919,42.87763501859737,6.048264127393554,38.170550046909185,42.87763501859735,6.048264127393553,nan,-36.314456660002804,nan,-28.780009028518144,False,8.202546871321895,,2.275957200481571e-15,-8.826273045769994e-15,0.0,-2.6030772754055125,-2.308523852589504,-5.603475141243022,1.011847019886192,0.9898414792619251,293.6671879477423
210,214200,0,7,1129,2.275957200481571e-15,-8.340550472496489e-15,19.025441596398316,19.025441596398316,1.0,0.0,-2.6030772754055125,-2.6030772754055125,38.17055004690919,42.87763501859737,6.048264127393554,38.33567450606885,42.81343928911768,6.075693439546321,38.170550046909185,42.87763501859735,6.048264127393553,38.33567450606885,42.813439289117674,6.075693439546321,-36.314456660002804,-28.780009028518144,-0.7819594699832035,38.17055004690919,42.87763501859737,6.048264127393554,38.170550046909185,42.87763501859735,6.048264127393553,nan,-36.314456660002804,nan,-28.780009028518144,False,8.202546871321895,,2.275957200481571e-15,-8.340550472496489e-15,0.0,-2.6030772754055125,-2.308523852589503,-5.603475141243025,1.011847019886192,0.9898414792619251,294.448111130364
211,215220,0,7,1129,2.275957200481571e-15,1.7638668303732175e-14,19.025441596398316,19.025441596398316,1.0,0.0,-2.6030772754054685,-2.6030772754054685,38.17055004690919,42.87763501859737,6.048264127393554,38.33567450606885,42.81343928911768,6.075693439546321,38.170550046909185,42.87763501859735,6.048264127393553,38.33567450606885,42.81343928911768,6.075693439546321,-36.314456660002804,-28.780009028518144,-0.781959469983228,38.17055004690919,42.87763501859737,6.048264127393554,38.170550046909185,42.87763501859735,6.048264127393553,nan,-36.314456660002804,nan,-28.780009028518144,False,8.202546871321895,,2.275957200481571e-15,1.7638668303732175e-14,0.0,-2.6030772754054685,-2.308523852589502,-5.603475141243019,1.011847019886192,0.9898414792619251,295.2290343129856
212,216240,0,7,1129,-2.2343238370581275e-14,-8.826273045769994e-15,19.025441596398313,19.025441596398313,1.0,0.0,-2.6030772754055347,-2.6030772754055347,38.17055004690919,42.87763501859737,6.048264127393554,38.33567450606885,42.81343928911768,6.075693439546321,38.170550046909185,42.87763501859736,6.048264127393553,38.33567450606885,42.81343928911768,6.075693439546321,-36.314456660002804,-28.780009028518144,-0.7819594699832256,38.17055004690919,42.87763501859737,6.048264127393554,38.170550046909185,42.87763501859736,6.048264127393553,nan,-36.314456660002804,nan,-28.780009028518144,False,8.202546871321895,,-2.2343238370581275e-14,-8.826273045769994e-15,0.0,-2.6030772754055347,-2.3085238525895098,-5.603475141243022,1.011847019886192,0.9898414792619251,296.0099574956073
213,217260,0,7,1129,3.6914915568786455e-15,-8.340550472496489e-15,19.025441596398316,19.025441596398316,1.0,0.0,-2.6030772754055125,-2.6030772754055125,38.17055004690919,42.87763501859737,6.048264127393554,38.33567450606885,42.81343928911768,6.075693439546321,38.170550046909185,42.87763501859735,6.048264127393553,38.33567450606885,42.813439289117674,6.075693439546321,-36.314456660002804,-28.780009028518144,-0.7819594699832004,38.17055004690919,42.87763501859737,6.048264127393554,38.170550046909185,42.87763501859735,6.048264127393553,nan,-36.314456660002804,nan,-28.780009028518144,False,8.202546871321895,,3.6914915568786455e-15,-8.340550472496489e-15,0.0,-2.6030772754055125,-2.3085238525895084,-5.603475141243025,1.011847019886192,0.9898414792619251,296.790880678229
214,218280,0,7,1129,2.831068712794149e-15,1.7638668303732175e-14,19.025441596398316,19.025441596398316,1.0,0.0,-2.6030772754054685,-2.6030772754054685,38.17055004690919,42.87763501859737,6.048264127393554,38.33567450606885,42.81343928911768,6.075693439546321,38.170550046909185,42.87763501859735,6.048264127393553,38.33567450606885,42.81343928911768,6.075693439546321,-36.314456660002804,-28.780009028518144,-0.7819594699832271,38.17055004690919,42.87763501859737,6.048264127393554,38.170550046909185,42.87763501859735,6.048264127393553,nan,-36.314456660002804,nan,-28.780009028518144,False,8.202546871321895,,2.831068712794149e-15,1.7638668303732175e-14,0.0,-2.6030772754054685,-2.3085238525895075,-5.603475141243019,1.011847019886192,0.9898414792619251,297.5718038608506
215,219300,0,7,1129,2.831068712794149e-15,-8.826273045769994e-15,19.025441596398316,19.025441596398316,1.0,0.0,-2.6030772754055125,-2.6030772754055125,38.17055004690919,42.87763501859737,6.048264127393554,38.33567450606885,42.81343928911768,6.075693439546321,38.170550046909185,42.87763501859735,6.048264127393553,38.33567450606885,42.813439289117674,6.075693439546321,-36.314456660002804,-28.780009028518144,-0.781959469983202,38.17055004690919,42.87763501859737,6.048264127393554,38.170550046909185,42.87763501859735,6.048264127393553,nan,-36.314456660002804,nan,-28.780009028518144,False,8.202546871321895,,2.831068712794149e-15,-8.826273045769994e-15,0.0,-2.6030772754055125,-2.3085238525895067,-5.603475141243022,1.011847019886192,0.9898414792619251,298.35272704347227
216,220320,0,7,1129,2.6645352591003757e-15,-8.340550472496489e-15,19.025441596398316,19.025441596398316,1.0,0.0,-2.6030772754055125,-2.6030772754055125,38.17055004690919,42.87763501859737,6.048264127393554,38.33567450606885,42.81343928911768,6.075693439546321,38.170550046909185,42.87763501859735,6.048264127393553,38.33567450606885,42.813439289117674,6.075693439546321,-36.314456660002804,-28.780009028518144,-0.7819594699832026,38.17055004690919,42.87763501859737,6.048264127393554,38.170550046909185,42.87763501859735,6.048264127393553,nan,-36.314456660002804,nan,-28.780009028518144,False,8.202546871321895,,2.6645352591003757e-15,-8.340550472496489e-15,0.0,-2.6030772754055125,-2.3085238525895058,-5.603475141243025,1.011847019886192,0.9898414792619251,299.13365022609395
217,221340,0,7,1129,2.275957200481571e-15,1.7638668303732175e-14,19.025441596398316,19.025441596398316,1.0,0.0,-2.6030772754054685,-2.6030772754054685,38.17055004690919,42.87763501859737,6.048264127393554,38.33567450606885,42.81343928911768,6.075693439546321,38.170550046909185,42.87763501859735,6.048264127393553,38.33567450606885,42.81343928911768,6.075693439546321,-36.314456660002804,-28.780009028518144,-0.781959469983228,38.17055004690919,42.87763501859737,6.048264127393554,38.170550046909185,42.87763501859735,6.048264127393553,nan,-36.314456660002804,nan,-28.780009028518144,False,8.202546871321895,,2.275957200481571e-15,1.7638668303732175e-14,0.0,-2.6030772754054685,-2.308523852589505,-5.603475141243019,1.011847019886192,0.9898414792619251,299.91457340871557
218,222360,0,7,1129,2.275957200481571e-15,-8.826273045769994e-15,19.025441596398316,19.025441596398316,1.0,0.0,-2.6030772754055125,-2.6030772754055125,38.17055004690919,42.87763501859737,6.048264127393554,38.33567450606885,42.81343928911768,6.075693439546321,38.170550046909185,42.87763501859735,6.048264127393553,38.33567450606885,42.813439289117674,6.075693439546321,-36.314456660002804,-28.780009028518144,-0.7819594699832029,38.17055004690919,42.87763501859737,6.048264127393554,38.170550046909185,42.87763501859735,6.048264127393553,nan,-36.314456660002804,nan,-28.780009028518144,False,8.202546871321895,,2.275957200481571e-15,-8.826273045769994e-15,0.0,-2.6030772754055125,-2.308523852589504,-5.603475141243022,1.011847019886192,0.9898414792619251,300.69549659133725
219,223380,0,7,1129,2.275957200481571e-15,-8.340550472496489e-15,19.025441596398316,19.025441596398316,1.0,0.0,-2.6030772754055125,-2.6030772754055125,38.17055004690919,42.87763501859737,6.048264127393554,38.33567450606885,42.81343928911768,6.075693439546321,38.170550046909185,42.87763501859735,6.048264127393553,38.33567450606885,42.813439289117674,6.075693439546321,-36.314456660002804,-28.780009028518144,-0.7819594699832035,38.17055004690919,42.87763501859737,6.048264127393554,38.170550046909185,42.87763501859735,6.048264127393553,nan,-36.314456660002804,nan,-28.780009028518144,False,8.202546871321895,,2.275957200481571e-15,-8.340550472496489e-15,0.0,-2.6030772754055125,-2.308523852589503,-5.603475141243025,1.011847019886192,0.9898414792619251,301.4764197739589
220,224400,0,7,1129,2.275957200481571e-15,1.7638668303732175e-14,19.025441596398316,19.025441596398316,1.0,0.0,-2.6030772754054685,-2.6030772754054685,38.17055004690919,42.87763501859737,6.048264127393554,38.33567450606885,42.81343928911768,6.075693439546321,38.170550046909185,42.87763501859735,6.048264127393553,38.33567450606885,42.81343928911768,6.075693439546321,-36.314456660002804,-28.780009028518144,-0.781959469983228,38.17055004690919,42.87763501859737,6.048264127393554,38.170550046909185,42.87763501859735,6.048264127393553,nan,-36.314456660002804,nan,-28.780009028518144,False,8.202546871321895,,2.275957200481571e-15,1.7638668303732175e-14,0.0,-2.6030772754054685,-2.308523852589502,-5.603475141243019,1.011847019886192,0.9898414792619251,302.25734295658054
221,225420,0,7,1129,-2.2343238370581275e-14,-8.826273045769994e-15,19.025441596398313,19.025441596398313,1.0,0.0,-2.6030772754055347,-2.6030772754055347,38.17055004690919,42.87763501859737,6.048264127393554,38.33567450606885,42.81343928911768,6.075693439546321,38.170550046909185,42.87763501859736,6.048264127393553,38.33567450606885,42.81343928911768,6.075693439546321,-36.314456660002804,-28.780009028518144,-0.7819594699832256,38.17055004690919,42.87763501859737,6.048264127393554,38.170550046909185,42.87763501859736,6.048264127393553,nan,-36.314456660002804,nan,-28.780009028518144,False,8.202546871321895,,-2.2343238370581275e-14,-8.826273045769994e-15,0.0,-2.6030772754055347,-2.3085238525895098,-5.603475141243022,1.011847019886192,0.9898414792619251,303.0382661392022
222,226440,0,7,1129,3.6914915568786455e-15,-8.340550472496489e-15,19.025441596398316,19.025441596398316,1.0,0.0,-2.6030772754055125,-2.6030772754055125,38.17055004690919,42.87763501859737,6.048264127393554,38.33567450606885,42.81343928911768,6.075693439546321,38.170550046909185,42.87763501859735,6.048264127393553,38.33567450606885,42.813439289117674,6.075693439546321,-36.314456660002804,-28.780009028518144,-0.7819594699832004,38.17055004690919,42.87763501859737,6.048264127393554,38.170550046909185,42.87763501859735,6.048264127393553,nan,-36.314456660002804,nan,-28.780009028518144,False,8.202546871321895,,3.6914915568786455e-15,-8.340550472496489e-15,0.0,-2.6030772754055125,-2.3085238525895084,-5.603475141243025,1.011847019886192,0.9898414792619251,303.8191893218239
223,227460,0,7,1129,2.831068712794149e-15,1.7638668303732175e-14,19.025441596398316,19.025441596398316,1.0,0.0,-2.6030772754054685,-2.6030772754054685,38.17055004690919,42.87763501859737,6.048264127393554,38.33567450606885,42.81343928911768,6.075693439546321,38.170550046909185,42.87763501859735,6.048264127393553,38.33567450606885,42.81343928911768,6.075693439546321,-36.314456660002804,-28.780009028518144,-0.7819594699832271,38.17055004690919,42.87763501859737,6.048264127393554,38.170550046909185,42.87763501859735,6.048264127393553,nan,-36.314456660002804,nan,-28.780009028518144,False,8.202546871321895,,2.831068712794149e-15,1.7638668303732175e-14,0.0,-2.6030772754054685,-2.3085238525895075,-5.603475141243019,1.011847019886192,0.9898414792619251,304.6001125044455
224,228480,0,7,1129,2.831068712794149e-15,-8.826273045769994e-15,19.025441596398316,19.025441596398316,1.0,0.0,-2.6030772754055125,-2.6030772754055125,38.17055004690919,42.87763501859737,6.048264127393554,38.33567450606885,42.81343928911768,6.075693439546321,38.170550046909185,42.87763501859735,6.048264127393553,38.33567450606885,42.813439289117674,6.075693439546321,-36.314456660002804,-28.780009028518144,-0.781959469983202,38.17055004690919,42.87763501859737,6.048264127393554,38.170550046909185,42.87763501859735,6.048264127393553,nan,-36.314456660002804,nan,-28.780009028518144,False,8.202546871321895,,2.831068712794149e-15,-8.826273045769994e-15,0.0,-2.6030772754055125,-2.3085238525895067,-5.603475141243022,1.011847019886192,0.9898414792619251,305.3810356870672
225,229500,0,7,1129,2.6645352591003757e-15,-8.340550472496489e-15,19.025441596398316,19.025441596398316,1.0,0.0,-2.6030772754055125,-2.6030772754055125,38.17055004690919,42.87763501859737,6.048264127393554,38.33567450606885,42.81343928911768,6.075693439546321,38.170550046909185,42.87763501859735,6.048264127393553,38.33567450606885,42.813439289117674,6.075693439546321,-36.314456660002804,-28.780009028518144,-0.7819594699832026,38.17055004690919,42.87763501859737,6.048264127393554,38.170550046909185,42.87763501859735,6.048264127393553,nan,-36.314456660002804,nan,-28.780009028518144,False,8.202546871321895,,2.6645352591003757e-15,-8.340550472496489e-15,0.0,-2.6030772754055125,-2.3085238525895058,-5.603475141243025,1.011847019886192,0.9898414792619251,306.1619588696889
226,230520,0,7,1129,2.275957200481571e-15,1.7638668303732175e-14,19.025441596398316,19.025441596398316,1.0,0.0,-2.6030772754054685,-2.6030772754054685,38.17055004690919,42.87763501859737,6.048264127393554,38.33567450606885,42.81343928911768,6.075693439546321,38.170550046909185,42.87763501859735,6.048264127393553,38.33567450606885,42.81343928911768,6.075693439546321,-36.314456660002804,-28.780009028518144,-0.781959469983228,38.17055004690919,42.87763501859737,6.048264127393554,38.170550046909185,42.87763501859735,6.048264127393553,nan,-36.314456660002804,nan,-28.780009028518144,False,8.202546871321895,,2.275957200481571e-15,1.7638668303732175e-14,0.0,-2.6030772754054685,-2.308523852589505,-5.603475141243019,1.011847019886192,0.9898414792619251,306.9428820523105
227,231540,0,7,1129,2.275957200481571e-15,-8.826273045769994e-15,19.025441596398316,19.025441596398316,1.0,0.0,-2.6030772754055125,-2.6030772754055125,38.17055004690919,42.87763501859737,6.048264127393554,38.33567450606885,42.81343928911768,6.075693439546321,38.170550046909185,42.87763501859735,6.048264127393553,38.33567450606885,42.813439289117674,6.075693439546321,-36.314456660002804,-28.780009028518144,-0.7819594699832029,38.17055004690919,42.87763501859737,6.048264127393554,38.170550046909185,42.87763501859735,6.048264127393553,nan,-36.314456660002804,nan,-28.780009028518144,False,8.202546871321895,,2.275957200481571e-15,-8.826273045769994e-15,0.0,-2.6030772754055125,-2.308523852589504,-5.603475141243022,1.011847019886192,0.9898414792619251,307.7238052349322
228,232560,0,7,1129,2.275957200481571e-15,-8.340550472496489e-15,19.025441596398316,19.025441596398316,1.0,0.0,-2.6030772754055125,-2.6030772754055125,38.17055004690919,42.87763501859737,6.048264127393554,38.33567450606885,42.81343928911768,6.075693439546321,38.170550046909185,42.87763501859735,6.048264127393553,38.33567450606885,42.813439289117674,6.075693439546321,-36.314456660002804,-28.780009028518144,-0.7819594699832035,38.17055004690919,42.87763501859737,6.048264127393554,38.170550046909185,42.87763501859735,6.048264127393553,nan,-36.314456660002804,nan,-28.780009028518144,False,8.202546871321895,,2.275957200481571e-15,-8.340550472496489e-15,0.0,-2.6030772754055125,-2.308523852589503,-5.603475141243025,1.011847019886192,0.9898414792619251,308.50472841755385
229,233580,0,7,1129,2.275957200481571e-15,1.7638668303732175e-14,19.025441596398316,19.025441596398316,1.0,0.0,-2.6030772754054685,-2.6030772754054685,38.17055004690919,42.87763501859737,6.048264127393554,38.33567450606885,42.81343928911768,6.075693439546321,38.170550046909185,42.87763501859735,6.048264127393553,38.33567450606885,42.81343928911768,6.075693439546321,-36.314456660002804,-28.780009028518144,-0.781959469983228,38.17055004690919,42.87763501859737,6.048264127393554,38.170550046909185,42.87763501859735,6.048264127393553,nan,-36.314456660002804,nan,-28.780009028518144,False,8.202546871321895,,2.275957200481571e-15,1.7638668303732175e-14,0.0,-2.6030772754054685,-2.308523852589502,-5.603475141243019,1.011847019886192,0.9898414792619251,309.28565160017547
230,234600,0,7,1129,-2.2343238370581275e-14,-8.826273045769994e-15,19.025441596398313,19.025441596398313,1.0,0.0,-2.6030772754055347,-2.6030772754055347,38.17055004690919,42.87763501859737,6.048264127393554,38.33567450606885,42.81343928911768,6.075693439546321,38.170550046909185,42.87763501859736,6.048264127393553,38.33567450606885,42.81343928911768,6.075693439546321,-36.314456660002804,-28.780009028518144,-0.7819594699832256,38.17055004690919,42.87763501859737,6.048264127393554,38.170550046909185,42.87763501859736,6.048264127393553,nan,-36.314456660002804,nan,-28.780009028518144,False,8.202546871321895,,-2.2343238370581275e-14,-8.826273045769994e-15,0.0,-2.6030772754055347,-2.3085238525895098,-5.603475141243022,1.011847019886192,0.9898414792619251,310.06657478279715
231,235620,0,7,1129,3.6914915568786455e-15,-8.340550472496489e-15,19.025441596398316,19.025441596398316,1.0,0.0,-2.6030772754055125,-2.6030772754055125,38.17055004690919,42.87763501859737,6.048264127393554,38.33567450606885,42.81343928911768,6.075693439546321,38.170550046909185,42.87763501859735,6.048264127393553,38.33567450606885,42.813439289117674,6.075693439546321,-36.314456660002804,-28.780009028518144,-0.7819594699832004,38.17055004690919,42.87763501859737,6.048264127393554,38.170550046909185,42.87763501859735,6.048264127393553,nan,-36.314456660002804,nan,-28.780009028518144,False,8.202546871321895,,3.6914915568786455e-15,-8.340550472496489e-15,0.0,-2.6030772754055125,-2.3085238525895084,-5.603475141243025,1.011847019886192,0.9898414792619251,310.8474979654188
232,236640,0,7,1129,2.831068712794149e-15,1.7638668303732175e-14,19.025441596398316,19.025441596398316,1.0,0.0,-2.6030772754054685,-2.6030772754054685,38.17055004690919,42.87763501859737,6.048264127393554,38.33567450606885,42.81343928911768,6.075693439546321,38.170550046909185,42.87763501859735,6.048264127393553,38.33567450606885,42.81343928911768,6.075693439546321,-36.314456660002804,-28.780009028518144,-0.7819594699832271,38.17055004690919,42.87763501859737,6.048264127393554,38.170550046909185,42.87763501859735,6.048264127393553,nan,-36.314456660002804,nan,-28.780009028518144,False,8.202546871321895,,2.831068712794149e-15,1.7638668303732175e-14,0.0,-2.6030772754054685,-2.3085238525895075,-5.603475141243019,1.011847019886192,0.9898414792619251,311.62842114804045
233,237660,0,7,1129,2.831068712794149e-15,-8.826273045769994e-15,19.025441596398316,19.025441596398316,1.0,0.0,-2.6030772754055125,-2.6030772754055125,38.17055004690919,42.87763501859737,6.048264127393554,38.33567450606885,42.81343928911768,6.075693439546321,38.170550046909185,42.87763501859735,6.048264127393553,38.33567450606885,42.813439289117674,6.075693439546321,-36.314456660002804,-28.780009028518144,-0.781959469983202,38.17055004690919,42.87763501859737,6.048264127393554,38.170550046909185,42.87763501859735,6.048264127393553,nan,-36.314456660002804,nan,-28.780009028518144,False,8.202546871321895,,2.831068712794149e-15,-8.826273045769994e-15,0.0,-2.6030772754055125,-2.3085238525895067,-5.603475141243022,1.011847019886192,0.9898414792619251,312.4093443306621
234,238680,0,7,1129,2.6645352591003757e-15,-8.340550472496489e-15,19.025441596398316,19.025441596398316,1.0,0.0,-2.6030772754055125,-2.6030772754055125,38.17055004690919,42.87763501859737,6.048264127393554,38.33567450606885,42.81343928911768,6.075693439546321,38.170550046909185,42.87763501859735,6.048264127393553,38.33567450606885,42.813439289117674,6.075693439546321,-36.314456660002804,-28.780009028518144,-0.7819594699832026,38.17055004690919,42.87763501859737,6.048264127393554,38.170550046909185,42.87763501859735,6.048264127393553,nan,-36.314456660002804,nan,-28.780009028518144,False,8.202546871321895,,2.6645352591003757e-15,-8.340550472496489e-15,0.0,-2.6030772754055125,-2.3085238525895058,-5.603475141243025,1.011847019886192,0.9898414792619251,313.1902675132838
235,239700,0,7,1129,2.275957200481571e-15,1.7638668303732175e-14,19.025441596398316,19.025441596398316,1.0,0.0,-2.6030772754054685,-2.6030772754054685,38.17055004690919,42.87763501859737,6.048264127393554,38.33567450606885,42.81343928911768,6.075693439546321,38.170550046909185,42.87763501859735,6.048264127393553,38.33567450606885,42.81343928911768,6.075693439546321,-36.314456660002804,-28.780009028518144,-0.781959469983228,38.17055004690919,42.87763501859737,6.048264127393554,38.170550046909185,42.87763501859735,6.048264127393553,nan,-36.314456660002804,nan,-28.780009028518144,False,8.202546871321895,,2.275957200481571e-15,1.7638668303732175e-14,0.0,-2.6030772754054685,-2.308523852589505,-5.603475141243019,1.011847019886192,0.9898414792619251,313.9711906959054
236,240720,0,7,1129,2.275957200481571e-15,-8.826273045769994e-15,19.025441596398316,19.025441596398316,1.0,0.0,-2.6030772754055125,-2.6030772754055125,38.17055004690919,42.87763501859737,6.048264127393554,38.33567450606885,42.81343928911768,6.075693439546321,38.170550046909185,42.87763501859735,6.048264127393553,38.33567450606885,42.813439289117674,6.075693439546321,-36.314456660002804,-28.780009028518144,-0.7819594699832029,38.17055004690919,42.87763501859737,6.048264127393554,38.170550046909185,42.87763501859735,6.048264127393553,nan,-36.314456660002804,nan,-28.780009028518144,False,8.202546871321895,,2.275957200481571e-15,-8.826273045769994e-15,0.0,-2.6030772754055125,-2.308523852589504,-5.603475141243022,1.011847019886192,0.9898414792619251,314.7521138785271
237,241740,0,7,1129,2.275957200481571e-15,-8.340550472496489e-15,19.025441596398316,19.025441596398316,1.0,0.0,-2.6030772754055125,-2.6030772754055125,38.17055004690919,42.87763501859737,6.048264127393554,38.33567450606885,42.81343928911768,6.075693439546321,38.170550046909185,42.87763501859735,6.048264127393553,38.33567450606885,42.813439289117674,6.075693439546321,-36.314456660002804,-28.780009028518144,-0.7819594699832035,38.17055004690919,42.87763501859737,6.048264127393554,38.170550046909185,42.87763501859735,6.048264127393553,nan,-36.314456660002804,nan,-28.780009028518144,False,8.202546871321895,,2.275957200481571e-15,-8.340550472496489e-15,0.0,-2.6030772754055125,-2.308523852589503,-5.603475141243025,1.011847019886192,0.9898414792619251,315.5330370611488
238,242760,0,7,1129,2.275957200481571e-15,1.7638668303732175e-14,19.025441596398316,19.025441596398316,1.0,0.0,-2.6030772754054685,-2.6030772754054685,38.17055004690919,42.87763501859737,6.048264127393554,38.33567450606885,42.81343928911768,6.075693439546321,38.170550046909185,42.87763501859735,6.048264127393553,38.33567450606885,42.81343928911768,6.075693439546321,-36.314456660002804,-28.780009028518144,-0.781959469983228,38.17055004690919,42.87763501859737,6.048264127393554,38.170550046909185,42.87763501859735,6.048264127393553,nan,-36.314456660002804,nan,-28.780009028518144,False,8.202546871321895,,2.275957200481571e-15,1.7638668303732175e-14,0.0,-2.6030772754054685,-2.308523852589502,-5.603475141243019,1.011847019886192,0.9898414792619251,316.3139602437704
239,243780,0,7,1129,-2.2343238370581275e-14,-8.826273045769994e-15,19.025441596398313,19.025441596398313,1.0,0.0,-2.6030772754055347,-2.6030772754055347,38.17055004690919,42.87763501859737,6.048264127393554,38.33567450606885,42.81343928911768,6.075693439546321,38.170550046909185,42.87763501859736,6.048264127393553,38.33567450606885,42.81343928911768,6.075693439546321,-36.314456660002804,-28.780009028518144,-0.7819594699832256,38.17055004690919,42.87763501859737,6.048264127393554,38.170550046909185,42.87763501859736,6.048264127393553,nan,-36.314456660002804,nan,-28.780009028518144,False,8.202546871321895,,-2.2343238370581275e-14,-8.826273045769994e-15,0.0,-2.6030772754055347,-2.3085238525895098,-5.603475141243022,1.011847019886192,0.9898414792619251,317.0948834263921
240,244800,0,7,1129,3.6914915568786455e-15,-8.340550472496489e-15,19.025441596398316,19.025441596398316,1.0,0.0,-2.6030772754055125,-2.6030772754055125,38.17055004690919,42.87763501859737,6.048264127393554,38.33567450606885,42.81343928911768,6.075693439546321,38.170550046909185,42.87763501859735,6.048264127393553,38.33567450606885,42.813439289117674,6.075693439546321,-36.314456660002804,-28.780009028518144,-0.7819594699832004,38.17055004690919,42.87763501859737,6.048264127393554,38.170550046909185,42.87763501859735,6.048264127393553,nan,-36.314456660002804,nan,-28.780009028518144,False,8.202546871321895,,3.6914915568786455e-15,-8.340550472496489e-15,0.0,-2.6030772754055125,-2.3085238525895084,-5.603475141243025,1.011847019886192,0.9898414792619251,317.87580660901375
241,245820,0,7,1129,2.831068712794149e-15,1.7638668303732175e-14,19.025441596398316,19.025441596398316,1.0,0.0,-2.6030772754054685,-2.6030772754054685,38.17055004690919,42.87763501859737,6.048264127393554,38.33567450606885,42.81343928911768,6.075693439546321,38.170550046909185,42.87763501859735,6.048264127393553,38.33567450606885,42.81343928911768,6.075693439546321,-36.314456660002804,-28.780009028518144,-0.7819594699832271,38.17055004690919,42.87763501859737,6.048264127393554,38.170550046909185,42.87763501859735,6.048264127393553,nan,-36.314456660002804,nan,-28.780009028518144,False,8.202546871321895,,2.831068712794149e-15,1.7638668303732175e-14,0.0,-2.6030772754054685,-2.3085238525895075,-5.603475141243019,1.011847019886192,0.9898414792619251,318.65672979163537
242,246840,0,7,1129,2.831068712794149e-15,-8.826273045769994e-15,19.025441596398316,19.025441596398316,1.0,0.0,-2.6030772754055125,-2.6030772754055125,38.17055004690919,42.87763501859737,6.048264127393554,38.33567450606885,42.81343928911768,6.075693439546321,38.170550046909185,42.87763501859735,6.048264127393553,38.33567450606885,42.813439289117674,6.075693439546321,-36.314456660002804,-28.780009028518144,-0.781959469983202,38.17055004690919,42.87763501859737,6.048264127393554,38.170550046909185,42.87763501859735,6.048264127393553,nan,-36.314456660002804,nan,-28.780009028518144,False,8.202546871321895,,2.831068712794149e-15,-8.826273045769994e-15,0.0,-2.6030772754055125,-2.3085238525895067,-5.603475141243022,1.011847019886192,0.9898414792619251,319.43765297425705
243,247860,0,7,1129,2.6645352591003757e-15,-8.340550472496489e-15,19.025441596398316,19.025441596398316,1.0,0.0,-2.6030772754055125,-2.6030772754055125,38.17055004690919,42.87763501859737,6.048264127393554,38.33567450606885,42.81343928911768,6.075693439546321,38.170550046909185,42.87763501859735,6.048264127393553,38.33567450606885,42.813439289117674,6.075693439546321,-36.314456660002804,-28.780009028518144,-0.7819594699832026,38.17055004690919,42.87763501859737,6.048264127393554,38.170550046909185,42.87763501859735,6.048264127393553,nan,-36.314456660002804,nan,-28.780009028518144,False,8.202546871321895,,2.6645352591003757e-15,-8.340550472496489e-15,0.0,-2.6030772754055125,-2.3085238525895058,-5.603475141243025,1.011847019886192,0.9898414792619251,320.2185761568787
244,248880,0,7,1129,2.275957200481571e-15,1.7638668303732175e-14,19.025441596398316,19.025441596398316,1.0,0.0,-2.6030772754054685,-2.6030772754054685,38.17055004690919,42.87763501859737,6.048264127393554,38.33567450606885,42.81343928911768,6.075693439546321,38.170550046909185,42.87763501859735,6.048264127393553,38.33567450606885,42.81343928911768,6.075693439546321,-36.314456660002804,-28.780009028518144,-0.781959469983228,38.17055004690919,42.87763501859737,6.048264127393554,38.170550046909185,42.87763501859735,6.048264127393553,nan,-36.314456660002804,nan,-28.780009028518144,False,8.202546871321895,,2.275957200481571e-15,1.7638668303732175e-14,0.0,-2.6030772754054685,-2.308523852589505,-5.603475141243019,1.011847019886192,0.9898414792619251,320.99949933950035
245,249900,0,7,1129,2.275957200481571e-15,-8.826273045769994e-15,19.025441596398316,19.025441596398316,1.0,0.0,-2.6030772754055125,-2.6030772754055125,38.17055004690919,42.87763501859737,6.048264127393554,38.33567450606885,42.81343928911768,6.075693439546321,38.170550046909185,42.87763501859735,6.048264127393553,38.33567450606885,42.813439289117674,6.075693439546321,-36.314456660002804,-28.780009028518144,-0.7819594699832029,38.17055004690919,42.87763501859737,6.048264127393554,38.170550046909185,42.87763501859735,6.048264127393553,nan,-36.314456660002804,nan,-28.780009028518144,False,8.202546871321895,,2.275957200481571e-15,-8.826273045769994e-15,0.0,-2.6030772754055125,-2.308523852589504,-5.603475141243022,1.011847019886192,0.9898414792619251,321.780422522122
246,250920,0,7,1129,2.275957200481571e-15,-8.340550472496489e-15,19.025441596398316,19.025441596398316,1.0,0.0,-2.6030772754055125,-2.6030772754055125,38.17055004690919,42.87763501859737,6.048264127393554,38.33567450606885,42.81343928911768,6.075693439546321,38.170550046909185,42.87763501859735,6.048264127393553,38.33567450606885,42.813439289117674,6.075693439546321,-36.314456660002804,-28.780009028518144,-0.7819594699832035,38.17055004690919,42.87763501859737,6.048264127393554,38.170550046909185,42.87763501859735,6.048264127393553,nan,-36.314456660002804,nan,-28.780009028518144,False,8.202546871321895,,2.275957200481571e-15,-8.340550472496489e-15,0.0,-2.6030772754055125,-2.308523852589503,-5.603475141243025,1.011847019886192,0.9898414792619251,322.5613457047437
247,251940,0,7,1129,2.275957200481571e-15,1.7638668303732175e-14,19.025441596398316,19.025441596398316,1.0,0.0,-2.6030772754054685,-2.6030772754054685,38.17055004690919,42.87763501859737,6.048264127393554,38.33567450606885,42.81343928911768,6.075693439546321,38.170550046909185,42.87763501859735,6.048264127393553,38.33567450606885,42.81343928911768,6.075693439546321,-36.314456660002804,-28.780009028518144,-0.781959469983228,38.17055004690919,42.87763501859737,6.048264127393554,38.170550046909185,42.87763501859735,6.048264127393553,nan,-36.314456660002804,nan,-28.780009028518144,False,8.202546871321895,,2.275957200481571e-15,1.7638668303732175e-14,0.0,-2.6030772754054685,-2.308523852589502,-5.603475141243019,1.011847019886192,0.9898414792619251,323.3422688873653
248,252960,0,7,1129,-2.2343238370581275e-14,-8.826273045769994e-15,19.025441596398313,19.025441596398313,1.0,0.0,-2.6030772754055347,-2.6030772754055347,38.17055004690919,42.87763501859737,6.048264127393554,38.33567450606885,42.81343928911768,6.075693439546321,38.170550046909185,42.87763501859736,6.048264127393553,38.33567450606885,42.81343928911768,6.075693439546321,-36.314456660002804,-28.780009028518144,-0.7819594699832256,38.17055004690919,42.87763501859737,6.048264127393554,38.170550046909185,42.87763501859736,6.048264127393553,nan,-36.314456660002804,nan,-28.780009028518144,False,8.202546871321895,,-2.2343238370581275e-14,-8.826273045769994e-15,0.0,-2.6030772754055347,-2.3085238525895098,-5.603475141243022,1.011847019886192,0.9898414792619251,324.123192069987
249,253980,0,7,1129,3.6914915568786455e-15,-8.340550472496489e-15,19.025441596398316,19.025441596398316,1.0,0.0,-2.6030772754055125,-2.6030772754055125,38.17055004690919,42.87763501859737,6.048264127393554,38.33567450606885,42.81343928911768,6.075693439546321,38.170550046909185,42.87763501859735,6.048264127393553,38.33567450606885,42.813439289117674,6.075693439546321,-36.314456660002804,-28.780009028518144,-0.7819594699832004,38.17055004690919,42.87763501859737,6.048264127393554,38.170550046909185,42.87763501859735,6.048264127393553,nan,-36.314456660002804,nan,-28.780009028518144,False,8.202546871321895,,3.6914915568786455e-15,-8.340550472496489e-15,0.0,-2.6030772754055125,-2.3085238525895084,-5.603475141243025,1.011847019886192,0.9898414792619251,324.9041152526087
250,255000,0,7,1129,2.831068712794149e-15,1.7638668303732175e-14,19.025441596398316,19.025441596398316,1.0,0.0,-2.6030772754054685,-2.6030772754054685,38.17055004690919,42.87763501859737,6.048264127393554,38.33567450606885,42.81343928911768,6.075693439546321,38.170550046909185,42.87763501859735,6.048264127393553,38.33567450606885,42.81343928911768,6.075693439546321,-36.314456660002804,-28.780009028518144,-0.7819594699832271,38.17055004690919,42.87763501859737,6.048264127393554,38.170550046909185,42.87763501859735,6.048264127393553,nan,-36.314456660002804,nan,-28.780009028518144,False,8.202546871321895,,2.831068712794149e-15,1.7638668303732175e-14,0.0,-2.6030772754054685,-2.3085238525895075,-5.603475141243019,1.011847019886192,0.9898414792619251,325.6850384352303
251,256020,0,7,1129,2.831068712794149e-15,-8.826273045769994e-15,19.025441596398316,19.025441596398316,1.0,0.0,-2.6030772754055125,-2.6030772754055125,38.17055004690919,42.87763501859737,6.048264127393554,38.33567450606885,42.81343928911768,6.075693439546321,38.170550046909185,42.87763501859735,6.048264127393553,38.33567450606885,42.813439289117674,6.075693439546321,-36.314456660002804,-28.780009028518144,-0.781959469983202,38.17055004690919,42.87763501859737,6.048264127393554,38.170550046909185,42.87763501859735,6.048264127393553,nan,-36.314456660002804,nan,-28.780009028518144,False,8.202546871321895,,2.831068712794149e-15,-8.826273045769994e-15,0.0,-2.6030772754055125,-2.3085238525895067,-5.603475141243022,1.011847019886192,0.9898414792619251,326.465961617852
252,257040,0,7,1129,2.6645352591003757e-15,-8.340550472496489e-15,19.025441596398316,19.025441596398316,1.0,0.0,-2.6030772754055125,-2.6030772754055125,38.17055004690919,42.87763501859737,6.048264127393554,38.33567450606885,42.81343928911768,6.075693439546321,38.170550046909185,42.87763501859735,6.048264127393553,38.33567450606885,42.813439289117674,6.075693439546321,-36.314456660002804,-28.780009028518144,-0.7819594699832026,38.17055004690919,42.87763501859737,6.048264127393554,38.170550046909185,42.87763501859735,6.048264127393553,nan,-36.314456660002804,nan,-28.780009028518144,False,8.202546871321895,,2.6645352591003757e-15,-8.340550472496489e-15,0.0,-2.6030772754055125,-2.3085238525895058,-5.603475141243025,1.011847019886192,0.9898414792619251,327.24688480047365
253,258060,0,7,1129,2.275957200481571e-15,1.7638668303732175e-14,19.025441596398316,19.025441596398316,1.0,0.0,-2.6030772754054685,-2.6030772754054685,38.17055004690919,42.87763501859737,6.048264127393554,38.33567450606885,42.81343928911768,6.075693439546321,38.170550046909185,42.87763501859735,6.048264127393553,38.33567450606885,42.81343928911768,6.075693439546321,-36.314456660002804,-28.780009028518144,-0.781959469983228,38.17055004690919,42.87763501859737,6.048264127393554,38.170550046909185,42.87763501859735,6.048264127393553,nan,-36.314456660002804,nan,-28.780009028518144,False,8.202546871321895,,2.275957200481571e-15,1.7638668303732175e-14,0.0,-2.6030772754054685,-2.308523852589505,-5.603475141243019,1.011847019886192,0.9898414792619251,328.0278079830953
254,259080,0,7,1129,2.275957200481571e-15,-8.826273045769994e-15,19.025441596398316,19.025441596398316,1.0,0.0,-2.6030772754055125,-2.6030772754055125,38.17055004690919,42.87763501859737,6.048264127393554,38.33567450606885,42.81343928911768,6.075693439546321,38.170550046909185,42.87763501859735,6.048264127393553,38.33567450606885,42.813439289117674,6.075693439546321,-36.314456660002804,-28.780009028518144,-0.7819594699832029,38.17055004690919,42.87763501859737,6.048264127393554,38.170550046909185,42.87763501859735,6.048264127393553,nan,-36.314456660002804,nan,-28.780009028518144,False,8.202546871321895,,2.275957200481571e-15,-8.826273045769994e-15,0.0,-2.6030772754055125,-2.308523852589504,-5.603475141243022,1.011847019886192,0.9898414792619251,328.80873116571695
255,260100,0,7,1129,2.275957200481571e-15,-8.340550472496489e-15,19.025441596398316,19.025441596398316,1.0,0.0,-2.6030772754055125,-2.6030772754055125,38.17055004690919,42.87763501859737,6.048264127393554,38.33567450606885,42.81343928911768,6.075693439546321,38.170550046909185,42.87763501859735,6.048264127393553,38.33567450606885,42.813439289117674,6.075693439546321,-36.314456660002804,-28.780009028518144,-0.7819594699832035,38.17055004690919,42.87763501859737,6.048264127393554,38.170550046909185,42.87763501859735,6.048264127393553,nan,-36.314456660002804,nan,-28.780009028518144,False,8.202546871321895,,2.275957200481571e-15,-8.340550472496489e-15,0.0,-2.6030772754055125,-2.308523852589503,-5.603475141243025,1.011847019886192,0.9898414792619251,329.5896543483386
256,261120,0,7,1129,2.275957200481571e-15,1.7638668303732175e-14,19.025441596398316,19.025441596398316,1.0,0.0,-2.6030772754054685,-2.6030772754054685,38.17055004690919,42.87763501859737,6.048264127393554,38.33567450606885,42.81343928911768,6.075693439546321,38.170550046909185,42.87763501859735,6.048264127393553,38.33567450606885,42.81343928911768,6.075693439546321,-36.314456660002804,-28.780009028518144,-0.781959469983228,38.17055004690919,42.87763501859737,6.048264127393554,38.170550046909185,42.87763501859735,6.048264127393553,nan,-36.314456660002804,nan,-28.780009028518144,False,8.202546871321895,,2.275957200481571e-15,1.7638668303732175e-14,0.0,-2.6030772754054685,-2.308523852589502,-5.603475141243019,1.011847019886192,0.9898414792619251,330.37057753096025
257,262140,0,7,1129,-2.2343238370581275e-14,-8.826273045769994e-15,19.025441596398313,19.025441596398313,1.0,0.0,-2.6030772754055347,-2.6030772754055347,38.17055004690919,42.87763501859737,6.048264127393554,38.33567450606885,42.81343928911768,6.075693439546321,38.170550046909185,42.87763501859736,6.048264127393553,38.33567450606885,42.81343928911768,6.075693439546321,-36.314456660002804,-28.780009028518144,-0.7819594699832256,38.17055004690919,42.87763501859737,6.048264127393554,38.170550046909185,42.87763501859736,6.048264127393553,nan,-36.314456660002804,nan,-28.780009028518144,False,8.202546871321895,,-2.2343238370581275e-14,-8.826273045769994e-15,0.0,-2.6030772754055347,-2.3085238525895098,-5.603475141243022,1.011847019886192,0.9898414792619251,331.1515007135819
258,263160,0,7,1129,3.6914915568786455e-15,-8.340550472496489e-15,19.025441596398316,19.025441596398316,1.0,0.0,-2.6030772754055125,-2.6030772754055125,38.17055004690919,42.87763501859737,6.048264127393554,38.33567450606885,42.81343928911768,6.075693439546321,38.170550046909185,42.87763501859735,6.048264127393553,38.33567450606885,42.813439289117674,6.075693439546321,-36.314456660002804,-28.780009028518144,-0.7819594699832004,38.17055004690919,42.87763501859737,6.048264127393554,38.170550046909185,42.87763501859735,6.048264127393553,nan,-36.314456660002804,nan,-28.780009028518144,False,8.202546871321895,,3.6914915568786455e-15,-8.340550472496489e-15,0.0,-2.6030772754055125,-2.3085238525895084,-5.603475141243025,1.011847019886192,0.9898414792619251,331.9324238962036
259,264180,0,7,1129,2.831068712794149e-15,1.7638668303732175e-14,19.025441596398316,19.025441596398316,1.0,0.0,-2.6030772754054685,-2.6030772754054685,38.17055004690919,42.87763501859737,6.048264127393554,38.33567450606885,42.81343928911768,6.075693439546321,38.170550046909185,42.87763501859735,6.048264127393553,38.33567450606885,42.81343928911768,6.075693439546321,-36.314456660002804,-28.780009028518144,-0.7819594699832271,38.17055004690919,42.87763501859737,6.048264127393554,38.170550046909185,42.87763501859735,6.048264127393553,nan,-36.314456660002804,nan,-28.780009028518144,False,8.202546871321895,,2.831068712794149e-15,1.7638668303732175e-14,0.0,-2.6030772754054685,-2.3085238525895075,-5.603475141243019,1.011847019886192,0.9898414792619251,332.7133470788252
260,265200,0,7,1129,2.831068712794149e-15,-8.826273045769994e-15,19.025441596398316,19.025441596398316,1.0,0.0,-2.6030772754055125,-2.6030772754055125,38.17055004690919,42.87763501859737,6.048264127393554,38.33567450606885,42.81343928911768,6.075693439546321,38.170550046909185,42.87763501859735,6.048264127393553,38.33567450606885,42.813439289117674,6.075693439546321,-36.314456660002804,-28.780009028518144,-0.781959469983202,38.17055004690919,42.87763501859737,6.048264127393554,38.170550046909185,42.87763501859735,6.048264127393553,nan,-36.314456660002804,nan,-28.780009028518144,False,8.202546871321895,,2.831068712794149e-15,-8.826273045769994e-15,0.0,-2.6030772754055125,-2.3085238525895067,-5.603475141243022,1.011847019886192,0.9898414792619251,333.4942702614469
261,266220,0,7,1129,2.6645352591003757e-15,-8.340550472496489e-15,19.025441596398316,19.025441596398316,1.0,0.0,-2.6030772754055125,-2.6030772754055125,38.17055004690919,42.87763501859737,6.048264127393554,38.33567450606885,42.81343928911768,6.075693439546321,38.170550046909185,42.87763501859735,6.048264127393553,38.33567450606885,42.813439289117674,6.075693439546321,-36.314456660002804,-28.780009028518144,-0.7819594699832026,38.17055004690919,42.87763501859737,6.048264127393554,38.170550046909185,42.87763501859735,6.048264127393553,nan,-36.314456660002804,nan,-28.780009028518144,False,8.202546871321895,,2.6645352591003757e-15,-8.340550472496489e-15,0.0,-2.6030772754055125,-2.3085238525895058,-5.603475141243025,1.011847019886192,0.9898414792619251,334.2751934440686
262,267240,0,7,1129,2.275957200481571e-15,1.7638668303732175e-14,19.025441596398316,19.025441596398316,1.0,0.0,-2.6030772754054685,-2.6030772754054685,38.17055004690919,42.87763501859737,6.048264127393554,38.33567450606885,42.81343928911768,6.075693439546321,38.170550046909185,42.87763501859735,6.048264127393553,38.33567450606885,42.81343928911768,6.075693439546321,-36.314456660002804,-28.780009028518144,-0.781959469983228,38.17055004690919,42.87763501859737,6.048264127393554,38.170550046909185,42.87763501859735,6.048264127393553,nan,-36.314456660002804,nan,-28.780009028518144,False,8.202546871321895,,2.275957200481571e-15,1.7638668303732175e-14,0.0,-2.6030772754054685,-2.308523852589505,-5.603475141243019,1.011847019886192,0.9898414792619251,335.0561166266902
263,268260,0,7,1129,2.275957200481571e-15,-8.826273045769994e-15,19.025441596398316,19.025441596398316,1.0,0.0,-2.6030772754055125,-2.6030772754055125,38.17055004690919,42.87763501859737,6.048264127393554,38.33567450606885,42.81343928911768,6.075693439546321,38.170550046909185,42.87763501859735,6.048264127393553,38.33567450606885,42.813439289117674,6.075693439546321,-36.314456660002804,-28.780009028518144,-0.7819594699832029,38.17055004690919,42.87763501859737,6.048264127393554,38.170550046909185,42.87763501859735,6.048264127393553,nan,-36.314456660002804,nan,-28.780009028518144,False,8.202546871321895,,2.275957200481571e-15,-8.826273045769994e-15,0.0,-2.6030772754055125,-2.308523852589504,-5.603475141243022,1.011847019886192,0.9898414792619251,335.8370398093119
264,269280,0,7,1129,2.275957200481571e-15,-8.340550472496489e-15,19.025441596398316,19.025441596398316,1.0,0.0,-2.6030772754055125,-2.6030772754055125,38.17055004690919,42.87763501859737,6.048264127393554,38.33567450606885,42.81343928911768,6.075693439546321,38.170550046909185,42.87763501859735,6.048264127393553,38.33567450606885,42.813439289117674,6.075693439546321,-36.314456660002804,-28.780009028518144,-0.7819594699832035,38.17055004690919,42.87763501859737,6.048264127393554,38.170550046909185,42.87763501859735,6.048264127393553,nan,-36.314456660002804,nan,-28.780009028518144,False,8.202546871321895,,2.275957200481571e-15,-8.340550472496489e-15,0.0,-2.6030772754055125,-2.308523852589503,-5.603475141243025,1.011847019886192,0.9898414792619251,336.61796299193355
265,270300,0,7,1129,2.275957200481571e-15,1.7638668303732175e-14,19.025441596398316,19.025441596398316,1.0,0.0,-2.6030772754054685,-2.6030772754054685,38.17055004690919,42.87763501859737,6.048264127393554,38.33567450606885,42.81343928911768,6.075693439546321,38.170550046909185,42.87763501859735,6.048264127393553,38.33567450606885,42.81343928911768,6.075693439546321,-36.314456660002804,-28.780009028518144,-0.781959469983228,38.17055004690919,42.87763501859737,6.048264127393554,38.170550046909185,42.87763501859735,6.048264127393553,nan,-36.314456660002804,nan,-28.780009028518144,False,8.202546871321895,,2.275957200481571e-15,1.7638668303732175e-14,0.0,-2.6030772754054685,-2.308523852589502,-5.603475141243019,1.011847019886192,0.9898414792619251,337.3988861745552
266,271320,0,7,1129,-2.2343238370581275e-14,-8.826273045769994e-15,19.025441596398313,19.025441596398313,1.0,0.0,-2.6030772754055347,-2.6030772754055347,38.17055004690919,42.87763501859737,6.048264127393554,38.33567450606885,42.81343928911768,6.075693439546321,38.170550046909185,42.87763501859736,6.048264127393553,38.33567450606885,42.81343928911768,6.075693439546321,-36.314456660002804,-28.780009028518144,-0.7819594699832256,38.17055004690919,42.87763501859737,6.048264127393554,38.170550046909185,42.87763501859736,6.048264127393553,nan,-36.314456660002804,nan,-28.780009028518144,False,8.202546871321895,,-2.2343238370581275e-14,-8.826273045769994e-15,0.0,-2.6030772754055347,-2.3085238525895098,-5.603475141243022,1.011847019886192,0.9898414792619251,338.17980935717685
267,272340,0,7,1129,3.6914915568786455e-15,-8.340550472496489e-15,19.025441596398316,19.025441596398316,1.0,0.0,-2.6030772754055125,-2.6030772754055125,38.17055004690919,42.87763501859737,6.048264127393554,38.33567450606885,42.81343928911768,6.075693439546321,38.170550046909185,42.87763501859735,6.048264127393553,38.33567450606885,42.813439289117674,6.075693439546321,-36.314456660002804,-28.780009028518144,-0.7819594699832004,38.17055004690919,42.87763501859737,6.048264127393554,38.170550046909185,42.87763501859735,6.048264127393553,nan,-36.314456660002804,nan,-28.780009028518144,False,8.202546871321895,,3.6914915568786455e-15,-8.340550472496489e-15,0.0,-2.6030772754055125,-2.3085238525895084,-5.603475141243025,1.011847019886192,0.9898414792619251,338.9607325397985
268,273360,0,7,1129,2.831068712794149e-15,1.7638668303732175e-14,19.025441596398316,19.025441596398316,1.0,0.0,-2.6030772754054685,-2.6030772754054685,38.17055004690919,42.87763501859737,6.048264127393554,38.33567450606885,42.81343928911768,6.075693439546321,38.170550046909185,42.87763501859735,6.048264127393553,38.33567450606885,42.81343928911768,6.075693439546321,-36.314456660002804,-28.780009028518144,-0.7819594699832271,38.17055004690919,42.87763501859737,6.048264127393554,38.170550046909185,42.87763501859735,6.048264127393553,nan,-36.314456660002804,nan,-28.780009028518144,False,8.202546871321895,,2.831068712794149e-15,1.7638668303732175e-14,0.0,-2.6030772754054685,-2.3085238525895075,-5.603475141243019,1.011847019886192,0.9898414792619251,339.74165572242015
269,274380,0,7,1129,2.831068712794149e-15,-8.826273045769994e-15,19.025441596398316,19.025441596398316,1.0,0.0,-2.6030772754055125,-2.6030772754055125,38.17055004690919,42.87763501859737,6.048264127393554,38.33567450606885,42.81343928911768,6.075693439546321,38.170550046909185,42.87763501859735,6.048264127393553,38.33567450606885,42.813439289117674,6.075693439546321,-36.314456660002804,-28.780009028518144,-0.781959469983202,38.17055004690919,42.87763501859737,6.048264127393554,38.170550046909185,42.87763501859735,6.048264127393553,nan,-36.314456660002804,nan,-28.780009028518144,False,8.202546871321895,,2.831068712794149e-15,-8.826273045769994e-15,0.0,-2.6030772754055125,-2.3085238525895067,-5.603475141243022,1.011847019886192,0.9898414792619251,340.5225789050418
270,275400,0,7,1129,2.6645352591003757e-15,-8.340550472496489e-15,19.025441596398316,19.025441596398316,1.0,0.0,-2.6030772754055125,-2.6030772754055125,38.17055004690919,42.87763501859737,6.048264127393554,38.33567450606885,42.81343928911768,6.075693439546321,38.170550046909185,42.87763501859735,6.048264127393553,38.33567450606885,42.813439289117674,6.075693439546321,-36.314456660002804,-28.780009028518144,-0.7819594699832026,38.17055004690919,42.87763501859737,6.048264127393554,38.170550046909185,42.87763501859735,6.048264127393553,nan,-36.314456660002804,nan,-28.780009028518144,False,8.202546871321895,,2.6645352591003757e-15,-8.340550472496489e-15,0.0,-2.6030772754055125,-2.3085238525895058,-5.603475141243025,1.011847019886192,0.9898414792619251,341.3035020876635
271,276420,0,7,1129,2.275957200481571e-15,1.7638668303732175e-14,19.025441596398316,19.025441596398316,1.0,0.0,-2.6030772754054685,-2.6030772754054685,38.17055004690919,42.87763501859737,6.048264127393554,38.33567450606885,42.81343928911768,6.075693439546321,38.170550046909185,42.87763501859735,6.048264127393553,38.33567450606885,42.81343928911768,6.075693439546321,-36.314456660002804,-28.780009028518144,-0.781959469983228,38.17055004690919,42.87763501859737,6.048264127393554,38.170550046909185,42.87763501859735,6.048264127393553,nan,-36.314456660002804,nan,-28.780009028518144,False,8.202546871321895,,2.275957200481571e-15,1.7638668303732175e-14,0.0,-2.6030772754054685,-2.308523852589505,-5.603475141243019,1.011847019886192,0.9898414792619251,342.0844252702851
272,277440,0,7,1129,2.275957200481571e-15,-8.826273045769994e-15,19.025441596398316,19.025441596398316,1.0,0.0,-2.6030772754055125,-2.6030772754055125,38.17055004690919,42.87763501859737,6.048264127393554,38.33567450606885,42.81343928911768,6.075693439546321,38.170550046909185,42.87763501859735,6.048264127393553,38.33567450606885,42.813439289117674,6.075693439546321,-36.314456660002804,-28.780009028518144,-0.7819594699832029,38.17055004690919,42.87763501859737,6.048264127393554,38.170550046909185,42.87763501859735,6.048264127393553,nan,-36.314456660002804,nan,-28.780009028518144,False,8.202546871321895,,2.275957200481571e-15,-8.826273045769994e-15,0.0,-2.6030772754055125,-2.308523852589504,-5.603475141243022,1.011847019886192,0.9898414792619251,342.8653484529068
273,278460,0,7,1129,2.275957200481571e-15,-8.340550472496489e-15,19.025441596398316,19.025441596398316,1.0,0.0,-2.6030772754055125,-2.6030772754055125,38.17055004690919,42.87763501859737,6.048264127393554,38.33567450606885,42.81343928911768,6.075693439546321,38.170550046909185,42.87763501859735,6.048264127393553,38.33567450606885,42.813439289117674,6.075693439546321,-36.314456660002804,-28.780009028518144,-0.7819594699832035,38.17055004690919,42.87763501859737,6.048264127393554,38.170550046909185,42.87763501859735,6.048264127393553,nan,-36.314456660002804,nan,-28.780009028518144,False,8.202546871321895,,2.275957200481571e-15,-8.340550472496489e-15,0.0,-2.6030772754055125,-2.308523852589503,-5.603475141243025,1.011847019886192,0.9898414792619251,343.6462716355285
274,279480,0,7,1129,2.275957200481571e-15,1.7638668303732175e-14,19.025441596398316,19.025441596398316,1.0,0.0,-2.6030772754054685,-2.6030772754054685,38.17055004690919,42.87763501859737,6.048264127393554,38.33567450606885,42.81343928911768,6.075693439546321,38.170550046909185,42.87763501859735,6.048264127393553,38.33567450606885,42.81343928911768,6.075693439546321,-36.314456660002804,-28.780009028518144,-0.781959469983228,38.17055004690919,42.87763501859737,6.048264127393554,38.170550046909185,42.87763501859735,6.048264127393553,nan,-36.314456660002804,nan,-28.780009028518144,False,8.202546871321895,,2.275957200481571e-15,1.7638668303732175e-14,0.0,-2.6030772754054685,-2.308523852589502,-5.603475141243019,1.011847019886192,0.9898414792619251,344.4271948181501
275,280500,0,7,1129,-2.2343238370581275e-14,-8.826273045769994e-15,19.025441596398313,19.025441596398313,1.0,0.0,-2.6030772754055347,-2.6030772754055347,38.17055004690919,42.87763501859737,6.048264127393554,38.33567450606885,42.81343928911768,6.075693439546321,38.170550046909185,42.87763501859736,6.048264127393553,38.33567450606885,42.81343928911768,6.075693439546321,-36.314456660002804,-28.780009028518144,-0.7819594699832256,38.17055004690919,42.87763501859737,6.048264127393554,38.170550046909185,42.87763501859736,6.048264127393553,nan,-36.314456660002804,nan,-28.780009028518144,False,8.202546871321895,,-2.2343238370581275e-14,-8.826273045769994e-15,0.0,-2.6030772754055347,-2.3085238525895098,-5.603475141243022,1.011847019886192,0.9898414792619251,345.2081180007718
276,281520,0,7,1129,3.6914915568786455e-15,-8.340550472496489e-15,19.025441596398316,19.025441596398316,1.0,0.0,-2.6030772754055125,-2.6030772754055125,38.17055004690919,42.87763501859737,6.048264127393554,38.33567450606885,42.81343928911768,6.075693439546321,38.170550046909185,42.87763501859735,6.048264127393553,38.33567450606885,42.813439289117674,6.075693439546321,-36.314456660002804,-28.780009028518144,-0.7819594699832004,38.17055004690919,42.87763501859737,6.048264127393554,38.170550046909185,42.87763501859735,6.048264127393553,nan,-36.314456660002804,nan,-28.780009028518144,False,8.202546871321895,,3.6914915568786455e-15,-8.340550472496489e-15,0.0,-2.6030772754055125,-2.3085238525895084,-5.603475141243025,1.011847019886192,0.9898414792619251,345.98904118339345
277,282540,0,7,1129,2.831068712794149e-15,1.7638668303732175e-14,19.025441596398316,19.025441596398316,1.0,0.0,-2.6030772754054685,-2.6030772754054685,38.17055004690919,42.87763501859737,6.048264127393554,38.33567450606885,42.81343928911768,6.075693439546321,38.170550046909185,42.87763501859735,6.048264127393553,38.33567450606885,42.81343928911768,6.075693439546321,-36.314456660002804,-28.780009028518144,-0.7819594699832271,38.17055004690919,42.87763501859737,6.048264127393554,38.170550046909185,42.87763501859735,6.048264127393553,nan,-36.314456660002804,nan,-28.780009028518144,False,8.202546871321895,,2.831068712794149e-15,1.7638668303732175e-14,0.0,-2.6030772754054685,-2.3085238525895075,-5.603475141243019,1.011847019886192,0.9898414792619251,346.7699643660151
278,283560,0,7,1129,2.831068712794149e-15,-8.826273045769994e-15,19.025441596398316,19.025441596398316,1.0,0.0,-2.6030772754055125,-2.6030772754055125,38.17055004690919,42.87763501859737,6.048264127393554,38.33567450606885,42.81343928911768,6.075693439546321,38.170550046909185,42.87763501859735,6.048264127393553,38.33567450606885,42.813439289117674,6.075693439546321,-36.314456660002804,-28.780009028518144,-0.781959469983202,38.17055004690919,42.87763501859737,6.048264127393554,38.170550046909185,42.87763501859735,6.048264127393553,nan,-36.314456660002804,nan,-28.780009028518144,False,8.202546871321895,,2.831068712794149e-15,-8.826273045769994e-15,0.0,-2.6030772754055125,-2.3085238525895067,-5.603475141243022,1.011847019886192,0.9898414792619251,347.55088754863675
279,284580,0,7,1129,2.6645352591003757e-15,-8.340550472496489e-15,19.025441596398316,19.025441596398316,1.0,0.0,-2.6030772754055125,-2.6030772754055125,38.17055004690919,42.87763501859737,6.048264127393554,38.33567450606885,42.81343928911768,6.075693439546321,38.170550046909185,42.87763501859735,6.048264127393553,38.33567450606885,42.813439289117674,6.075693439546321,-36.314456660002804,-28.780009028518144,-0.7819594699832026,38.17055004690919,42.87763501859737,6.048264127393554,38.170550046909185,42.87763501859735,6.048264127393553,nan,-36.314456660002804,nan,-28.780009028518144,False,8.202546871321895,,2.6645352591003757e-15,-8.340550472496489e-15,0.0,-2.6030772754055125,-2.3085238525895058,-5.603475141243025,1.011847019886192,0.9898414792619251,348.33181073125843
280,285600,0,7,1129,2.275957200481571e-15,1.7638668303732175e-14,19.025441596398316,19.025441596398316,1.0,0.0,-2.6030772754054685,-2.6030772754054685,38.17055004690919,42.87763501859737,6.048264127393554,38.33567450606885,42.81343928911768,6.075693439546321,38.170550046909185,42.87763501859735,6.048264127393553,38.33567450606885,42.81343928911768,6.075693439546321,-36.314456660002804,-28.780009028518144,-0.781959469983228,38.17055004690919,42.87763501859737,6.048264127393554,38.170550046909185,42.87763501859735,6.048264127393553,nan,-36.314456660002804,nan,-28.780009028518144,False,8.202546871321895,,2.275957200481571e-15,1.7638668303732175e-14,0.0,-2.6030772754054685,-2.308523852589505,-5.603475141243019,1.011847019886192,0.9898414792619251,349.11273391388005
281,286620,0,7,1129,2.275957200481571e-15,-8.826273045769994e-15,19.025441596398316,19.025441596398316,1.0,0.0,-2.6030772754055125,-2.6030772754055125,38.17055004690919,42.87763501859737,6.048264127393554,38.33567450606885,42.81343928911768,6.075693439546321,38.170550046909185,42.87763501859735,6.048264127393553,38.33567450606885,42.813439289117674,6.075693439546321,-36.314456660002804,-28.780009028518144,-0.7819594699832029,38.17055004690919,42.87763501859737,6.048264127393554,38.170550046909185,42.87763501859735,6.048264127393553,nan,-36.314456660002804,nan,-28.780009028518144,False,8.202546871321895,,2.275957200481571e-15,-8.826273045769994e-15,0.0,-2.6030772754055125,-2.308523852589504,-5.603475141243022,1.011847019886192,0.9898414792619251,349.8936570965017
282,287640,0,7,1129,2.275957200481571e-15,-8.340550472496489e-15,19.025441596398316,19.025441596398316,1.0,0.0,-2.6030772754055125,-2.6030772754055125,38.17055004690919,42.87763501859737,6.048264127393554,38.33567450606885,42.81343928911768,6.075693439546321,38.170550046909185,42.87763501859735,6.048264127393553,38.33567450606885,42.813439289117674,6.075693439546321,-36.314456660002804,-28.780009028518144,-0.7819594699832035,38.17055004690919,42.87763501859737,6.048264127393554,38.170550046909185,42.87763501859735,6.048264127393553,nan,-36.314456660002804,nan,-28.780009028518144,False,8.202546871321895,,2.275957200481571e-15,-8.340550472496489e-15,0.0,-2.6030772754055125,-2.308523852589503,-5.603475141243025,1.011847019886192,0.9898414792619251,350.6745802791234
283,288660,0,7,1129,2.275957200481571e-15,1.7638668303732175e-14,19.025441596398316,19.025441596398316,1.0,0.0,-2.6030772754054685,-2.6030772754054685,38.17055004690919,42.87763501859737,6.048264127393554,38.33567450606885,42.81343928911768,6.075693439546321,38.170550046909185,42.87763501859735,6.048264127393553,38.33567450606885,42.81343928911768,6.075693439546321,-36.314456660002804,-28.780009028518144,-0.781959469983228,38.17055004690919,42.87763501859737,6.048264127393554,38.170550046909185,42.87763501859735,6.048264127393553,nan,-36.314456660002804,nan,-28.780009028518144,False,8.202546871321895,,2.275957200481571e-15,1.7638668303732175e-14,0.0,-2.6030772754054685,-2.308523852589502,-5.603475141243019,1.011847019886192,0.9898414792619251,351.455503461745
284,289680,0,7,1129,-2.2343238370581275e-14,-8.826273045769994e-15,19.025441596398313,19.025441596398313,1.0,0.0,-2.6030772754055347,-2.6030772754055347,38.17055004690919,42.87763501859737,6.048264127393554,38.33567450606885,42.81343928911768,6.075693439546321,38.170550046909185,42.87763501859736,6.048264127393553,38.33567450606885,42.81343928911768,6.075693439546321,-36.314456660002804,-28.780009028518144,-0.7819594699832256,38.17055004690919,42.87763501859737,6.048264127393554,38.170550046909185,42.87763501859736,6.048264127393553,nan,-36.314456660002804,nan,-28.780009028518144,False,8.202546871321895,,-2.2343238370581275e-14,-8.826273045769994e-15,0.0,-2.6030772754055347,-2.3085238525895098,-5.603475141243022,1.011847019886192,0.9898414792619251,352.2364266443667
285,290700,0,7,1129,3.6914915568786455e-15,-8.340550472496489e-15,19.025441596398316,19.025441596398316,1.0,0.0,-2.6030772754055125,-2.6030772754055125,38.17055004690919,42.87763501859737,6.048264127393554,38.33567450606885,42.81343928911768,6.075693439546321,38.170550046909185,42.87763501859735,6.048264127393553,38.33567450606885,42.813439289117674,6.075693439546321,-36.314456660002804,-28.780009028518144,-0.7819594699832004,38.17055004690919,42.87763501859737,6.048264127393554,38.170550046909185,42.87763501859735,6.048264127393553,nan,-36.314456660002804,nan,-28.780009028518144,False,8.202546871321895,,3.6914915568786455e-15,-8.340550472496489e-15,0.0,-2.6030772754055125,-2.3085238525895084,-5.603475141243025,1.011847019886192,0.9898414792619251,353.0173498269884
286,291720,0,7,1129,2.831068712794149e-15,1.7638668303732175e-14,19.025441596398316,19.025441596398316,1.0,0.0,-2.6030772754054685,-2.6030772754054685,38.17055004690919,42.87763501859737,6.048264127393554,38.33567450606885,42.81343928911768,6.075693439546321,38.170550046909185,42.87763501859735,6.048264127393553,38.33567450606885,42.81343928911768,6.075693439546321,-36.314456660002804,-28.780009028518144,-0.7819594699832271,38.17055004690919,42.87763501859737,6.048264127393554,38.170550046909185,42.87763501859735,6.048264127393553,nan,-36.314456660002804,nan,-28.780009028518144,False,8.202546871321895,,2.831068712794149e-15,1.7638668303732175e-14,0.0,-2.6030772754054685,-2.3085238525895075,-5.603475141243019,1.011847019886192,0.9898414792619251,353.79827300961
287,292740,0,7,1129,2.831068712794149e-15,-8.826273045769994e-15,19.025441596398316,19.025441596398316,1.0,0.0,-2.6030772754055125,-2.6030772754055125,38.17055004690919,42.87763501859737,6.048264127393554,38.33567450606885,42.81343928911768,6.075693439546321,38.170550046909185,42.87763501859735,6.048264127393553,38.33567450606885,42.813439289117674,6.075693439546321,-36.314456660002804,-28.780009028518144,-0.781959469983202,38.17055004690919,42.87763501859737,6.048264127393554,38.170550046909185,42.87763501859735,6.048264127393553,nan,-36.314456660002804,nan,-28.780009028518144,False,8.202546871321895,,2.831068712794149e-15,-8.826273045769994e-15,0.0,-2.6030772754055125,-2.3085238525895067,-5.603475141243022,1.011847019886192,0.9898414792619251,354.5791961922317
288,293760,0,7,1129,2.6645352591003757e-15,-8.340550472496489e-15,19.025441596398316,19.025441596398316,1.0,0.0,-2.6030772754055125,-2.6030772754055125,38.17055004690919,42.87763501859737,6.048264127393554,38.33567450606885,42.81343928911768,6.075693439546321,38.170550046909185,42.87763501859735,6.048264127393553,38.33567450606885,42.813439289117674,6.075693439546321,-36.314456660002804,-28.780009028518144,-0.7819594699832026,38.17055004690919,42.87763501859737,6.048264127393554,38.170550046909185,42.87763501859735,6.048264127393553,nan,-36.314456660002804,nan,-28.780009028518144,False,8.202546871321895,,2.6645352591003757e-15,-8.340550472496489e-15,0.0,-2.6030772754055125,-2.3085238525895058,-5.603475141243025,1.011847019886192,0.9898414792619251,355.36011937485335
289,294780,0,7,1129,2.275957200481571e-15,1.7638668303732175e-14,19.025441596398316,19.025441596398316,1.0,0.0,-2.6030772754054685,-2.6030772754054685,38.17055004690919,42.87763501859737,6.048264127393554,38.33567450606885,42.81343928911768,6.075693439546321,38.170550046909185,42.87763501859735,6.048264127393553,38.33567450606885,42.81343928911768,6.075693439546321,-36.314456660002804,-28.780009028518144,-0.781959469983228,38.17055004690919,42.87763501859737,6.048264127393554,38.170550046909185,42.87763501859735,6.048264127393553,nan,-36.314456660002804,nan,-28.780009028518144,False,8.202546871321895,,2.275957200481571e-15,1.7638668303732175e-14,0.0,-2.6030772754054685,-2.308523852589505,-5.603475141243019,1.011847019886192,0.9898414792619251,356.141042557475
290,295800,0,7,1129,2.275957200481571e-15,-8.826273045769994e-15,19.025441596398316,19.025441596398316,1.0,0.0,-2.6030772754055125,-2.6030772754055125,38.17055004690919,42.87763501859737,6.048264127393554,38.33567450606885,42.81343928911768,6.075693439546321,38.170550046909185,42.87763501859735,6.048264127393553,38.33567450606885,42.813439289117674,6.075693439546321,-36.314456660002804,-28.780009028518144,-0.7819594699832029,38.17055004690919,42.87763501859737,6.048264127393554,38.170550046909185,42.87763501859735,6.048264127393553,nan,-36.314456660002804,nan,-28.780009028518144,False,8.202546871321895,,2.275957200481571e-15,-8.826273045769994e-15,0.0,-2.6030772754055125,-2.308523852589504,-5.603475141243022,1.011847019886192,0.9898414792619251,356.92196574009665
291,296820,0,7,1129,2.275957200481571e-15,-8.340550472496489e-15,19.025441596398316,19.025441596398316,1.0,0.0,-2.6030772754055125,-2.6030772754055125,38.17055004690919,42.87763501859737,6.048264127393554,38.33567450606885,42.81343928911768,6.075693439546321,38.170550046909185,42.87763501859735,6.048264127393553,38.33567450606885,42.813439289117674,6.075693439546321,-36.314456660002804,-28.780009028518144,-0.7819594699832035,38.17055004690919,42.87763501859737,6.048264127393554,38.170550046909185,42.87763501859735,6.048264127393553,nan,-36.314456660002804,nan,-28.780009028518144,False,8.202546871321895,,2.275957200481571e-15,-8.340550472496489e-15,0.0,-2.6030772754055125,-2.308523852589503,-5.603475141243025,1.011847019886192,0.9898414792619251,357.70288892271833
292,297840,0,7,1129,2.275957200481571e-15,1.7638668303732175e-14,19.025441596398316,19.025441596398316,1.0,0.0,-2.6030772754054685,-2.6030772754054685,38.17055004690919,42.87763501859737,6.048264127393554,38.33567450606885,42.81343928911768,6.075693439546321,38.170550046909185,42.87763501859735,6.048264127393553,38.33567450606885,42.81343928911768,6.075693439546321,-36.314456660002804,-28.780009028518144,-0.781959469983228,38.17055004690919,42.87763501859737,6.048264127393554,38.170550046909185,42.87763501859735,6.048264127393553,nan,-36.314456660002804,nan,-28.780009028518144,False,8.202546871321895,,2.275957200481571e-15,1.7638668303732175e-14,0.0,-2.6030772754054685,-2.308523852589502,-5.603475141243019,1.011847019886192,0.9898414792619251,358.48381210533995
293,298860,0,7,1129,-2.2343238370581275e-14,-8.826273045769994e-15,19.025441596398313,19.025441596398313,1.0,0.0,-2.6030772754055347,-2.6030772754055347,38.17055004690919,42.87763501859737,6.048264127393554,38.33567450606885,42.81343928911768,6.075693439546321,38.170550046909185,42.87763501859736,6.048264127393553,38.33567450606885,42.81343928911768,6.075693439546321,-36.314456660002804,-28.780009028518144,-0.7819594699832256,38.17055004690919,42.87763501859737,6.048264127393554,38.170550046909185,42.87763501859736,6.048264127393553,nan,-36.314456660002804,nan,-28.780009028518144,False,8.202546871321895,,-2.2343238370581275e-14,-8.826273045769994e-15,0.0,-2.6030772754055347,-2.3085238525895098,-5.603475141243022,1.011847019886192,0.9898414792619251,359.2647352879616
294,299880,0,7,1129,3.6914915568786455e-15,-8.340550472496489e-15,19.025441596398316,19.025441596398316,1.0,0.0,-2.6030772754055125,-2.6030772754055125,38.17055004690919,42.87763501859737,6.048264127393554,38.33567450606885,42.81343928911768,6.075693439546321,38.170550046909185,42.87763501859735,6.048264127393553,38.33567450606885,42.813439289117674,6.075693439546321,-36.314456660002804,-28.780009028518144,-0.7819594699832004,38.17055004690919,42.87763501859737,6.048264127393554,38.170550046909185,42.87763501859735,6.048264127393553,nan,-36.314456660002804,nan,-28.780009028518144,False,8.202546871321895,,3.6914915568786455e-15,-8.340550472496489e-15,0.0,-2.6030772754055125,-2.3085238525895084,-5.603475141243025,1.011847019886192,0.9898414792619251,360.0456584705833
295,300900,0,7,1129,2.831068712794149e-15,1.7638668303732175e-14,19.025441596398316,19.025441596398316,1.0,0.0,-2.6030772754054685,-2.6030772754054685,38.17055004690919,42.87763501859737,6.048264127393554,38.33567450606885,42.81343928911768,6.075693439546321,38.170550046909185,42.87763501859735,6.048264127393553,38.33567450606885,42.81343928911768,6.075693439546321,-36.314456660002804,-28.780009028518144,-0.7819594699832271,38.17055004690919,42.87763501859737,6.048264127393554,38.170550046909185,42.87763501859735,6.048264127393553,nan,-36.314456660002804,nan,-28.780009028518144,False,8.202546871321895,,2.831068712794149e-15,1.7638668303732175e-14,0.0,-2.6030772754054685,-2.3085238525895075,-5.603475141243019,1.011847019886192,0.9898414792619251,360.8265816532049
