0
12776
22642
27354
25837
18438
6840
-6315
-18032
-25643
-27416
-22947
-13253
-541
12293
22329
27281
26021
18837
7363
-5786
-17619
-25439
-27468
-23242
-13725
-1082
11807
22007
27197
26195
19228
7884
-5256
-17199
-25226
-27509
-23529
-14192
-1623
11315
21677
27103
26359
19612
8401
-4724
-16773
-25003
-27540
-23807
-14653
-2163
10819
21338
26999
26512
19989
8915
-4189
-16340
-24770
-27560
-24075
-15109
-2702
10319
20991
26884
26656
20358
9425
-3654
-15901
-24527
-27569
-24334
-15559
-3241
9815
20636
26759
26789
20719
9932
-3116
-15455
-24275
-27568
-24584
-16002
-3777
9308
20274
26623
26911
21114
10518
-2453
-14837
-23806
-27306
-24533
-16107
-3938
9213
20361
26978
27566
22001
11559
-1372
-13839
-22993
-26742
-24222
-15997
-3930
9240
20524
27363
28209
22879
12596
-290
-12834
-22172
-26167
-23901
-15880
-3920
9264
20680
27739
28842
23749
13628
792
-11825
-21342
-25582
-23571
-15756
-3909
9243
20745
27979
29298
24402
14405
1584
-11143
-20877
-25403
-23689
-16126
-4436
8719
20345
27793
29369
24713
14886
2125
-10665
-20571
-25338
-23880
-16530
-4961
8193
19937
27597
29429
25016
15362
2666
-10223
-20339
-25387
-24229
-17136
-5734
7373
19189
27016
29062
24851
15333
2666
-10277
-20557
-25843
-24942
-18067
-6795
6300
18226
26258
28559
24594
15257
2664
-10326
-20766
-26288
-25645
-18992
-7853
5226
17257
25491
28045
24328
15175
2663
-10371
-20967
-26723
-26338
-19908
-8908
4149
16281
24714
27563
24136
15213
2827
-10203
-20910
-26856
-26687
-20442
-9542
3530
15798
24470
27570
24393
15662
3365
-9699
-20553
-26729
-26818
-20801
-10048
2992
15352
24216
27566
24640
16104
3901
-9190
-20189
-26591
-26938
-21153
-10551
2454
14899
23952
27552
24878
16540
4436
-8678
-19816
-26443
-27048
-21496
-11049
1914
14441
23680
27527
25107
16970
4970
-8162
-19436
-26284
-27148
-21830
-11542
1374
13977
23398
27491
25326
17393
5501
-7644
-19048
-26116
-27237
-22157
-12032
833
13508
23107
27445
25535
17810
6030
-7122
-18653
-25937
-27316
-22475
-12517
291
13033
22807
27389
25734
18220
6557
-6598
-18251
-25749
-27384
-22784
-12996
-250
12554
22499
27321
25923
18623
7082
-6071
-17842
-25550
-27441
-23084
-13471
-791
12069
22182
27243
26102
19018
7604
-5542
-17426
-25342
-27488
-23376
-13941
-1332
11580
21856
27155
26230
19323
7998
-5177
-17211
-25374
-27816
-23992
-14780
-2289
10628
21022
26515
25847
19162
7972
-5186
-17324
-25688
-28384
-24807
-15781
-3370
9589
20138
25864
25455
18994
7942
-5192
-17429
-25992
-28940
-25612
-16775
-4451
8546
19245
25203
25052
18817
7910
-5198
-17529
-26287
-29487
-26409
-17764
-5488
7582
18470
24698
24847
18883
8165
-4868
-17248
-26156
-29564
-26696
-18205
-6025
7072
18103
24557
24965
19232
8666
-4329
-16794
-25890
-29547
-26932
-18640
-6559
6559
17729
24407
25072
19574
9163
-3748
-16251
-25490
-29353
-26950
-18818
-6801
6376
17722
24663
25628
20407
10197
-2665
-15244
-24665
-28773
-26625
-18699
-6790
6399
17874
25034
26256
21273
11227
-1583
-14232
-23830
-28183
-26290
-18572
-6777
6418
18019
25395
26874
22130
12253
-500
-13215
-22987
-27582
-25945
-18438
-6762
6435
18157
25704
27398
22854
13106
375
-12442
-22426
-27304
-25965
-18715
-7203
5949
17746
25503
27453
23152
13580
916
-11957
-22107
-27224
-26142
-19108
-7724
5419
17329
25293
27498
23442
14049
1457
-11467
-21779
-27133
-26309
-19495
-8242
4888
16904
25072
27531
23722
14512
1997
-10972
-21443
-27032
-26466
-19874
-8757
4354
16474
24842
27555
23993
14969
2537
-10474
-21099
-26920
-26613
-20245
-9268
3819
16036
24603
27567
24255
15421
3075
-9971
-20747
-26798
-26749
-20609
-9776
3282
15593
24354
27569
24508
15867
3612
-9464
-20386
-26666
-26875
-20964
-10281
2744
15144
24095
27561
24751
16306
4148
-8954
-20018
-26524
-26990
-21312
-10781
2205
14688
23828
27542
24985
16739
4683
-8440
-19642
-26371
-27096
-21651
-11277
1665
14227
23551
27512
25209
17166
5215
-7923
-19258
-26208
-27190
-21982
-11769
1124
13761
23265
27430
25340
17462
5579
-7612
-19117
-26326
-27608
-22680
-12673
125
12789
22428
26837
25003
17333
5566
-7631
-19260
-26685
-28223
-23535
-13697
-958
11771
21583
26234
24656
17198
5550
-7647
-19396
-27033
-28828
-24382
-14716
-2041
10747
20728
25620
24299
17056
5531
-7660
-19526
-27372
-29423
-25220
-15689
-3041
9844
20032
25204
24182
17198
5844
-7297
-19231
-27243
-29506
-25507
-16156
-3581
9353
19703
25111
24346
17583
6361
-6765
-18806
-27020
-29538
-25786
-16618
-4122
8858
19365
25007
24501
17960
6917
-6147
-18248
-26621
-29350
-25805
-16782
-4328
8733
19435
25352
25145
18872
7969
-5070
-17268
-25838
-28819
-25523
-16691
-4324
8771
19622
25769
25820
19775
9018
-3991
-16281
-25045
-28277
-25232
-16594
-4320
8805
19802
26176
26486
20670
10063
-2911
-15289
-24243
-27724
-24931
-16490
-4313
8836
19932
26489
27016
21391
10896
-2080
-14582
-23764
-27536
-25038
-16839
-4806
8321
19554
26334
27118
21728
11391
-1540
-14120
-23486
-27503
-25259
-17264
-5338
7804
19168
26169
27211
22057
11882
-999
-13653
-23197
-27461
-25471
-17683
-5868
7283
18776
25993
27293
22378
12368
-458
-13180
-22900
-27407
-25674
-18095
-6396
6760
18376
25808
27364
22690
12849
83
-12702
-22595
-27343
-25866
-18499
-6921
6233
17969
25612
27425
22993
13326
625
-12219
-22280
-27269
-26048
-18897
-7444
5705
17555
25407
27475
23287
13797
1166
-11731
-21957
-27183
-26221
-19288
-7963
5174
17134
25192
27515
23572
14263
1706
-11239
-21625
-27088
-26383
-19671
-8480
4642
16706
24967
27544
23849
14723
2246
-10743
-21285
-26982
-26535
-20046
-8993
4107
16273
24733
27562
24116
15178
2785
-10242
-20937
-26865
-26677
-20414
-9503
3571
15832
24531
27653
24498
15794
3532
-9488
-20289
-26405
-26433
-20357
-9551
3534
15928
24819
28192
25288
16779
4610
-8438
-19384
-25727
-26013
-20167
-9512
3537
16017
25098
28720
26069
17757
5687
-7384
-18470
-25038
-25582
-19970
-9469
3539
16101
25368
29238
26840
18729
6762
-6327
-17549
-24338
-25141
-19805
-9505
3415
16013
25420
29495
27309
19361
7460
-5684
-17078
-24129
-25231
-20132
-9994
2874
15544
25130
29449
27519
19778
7990
-5162
-16684
-23951
-25310
-20451
-10479
2333
15070
24831
29393
27719
20147
8434
-4763
-16449
-23972
-25629
-21052
-11293
1417
14174
24064
28827
27367
20009
8417
-4778
-16582
-24316
-26229
-21895
-12310
334
13148
23206
28208
27006
19863
8397
-4791
-16708
-24650
-26818
-22729
-13322
-749
12118
22340
27579
26634
19710
8374
-4802
-16827
-24974
-27397
-23554
-14328
-1831
11125
21548
27064
26419
19758
8599
-4518
-16607
-24914
-27549
-23911
-14829
-2371
10627
21206
26956
26569
20132
9111
-3984
-16172
-24677
-27565
-24176
-15282
-2909
10126
20856
26837
26708
20498
9621
-3447
-15730
-24431
-27570
-24431
-15730
-3447
9621
20498
26708
26837
20856
10126
-2909
-15282
-24176
-27565
-24677
-16172
-3984
9111
20132
26569
26956
21206
10627
-2371
-14829
-23911
-27549
-24914
-16607
-4518
8599
19758
26419
27064
21548
11125
-1831
-14370
-23637
-27522
-25141
-17036
-5052
8083
19377
26259
27162
21881
11618
-1290
-13905
-23354
-27485
-25358
-17458
-5583
7564
18988
26089
27250
22206
12107
-749
-13435
-23061
-27437
-25566
-17874
-6112
7042
18592
25909
27327
22523
12591
-208
-12960
-22760
-27379
-25764
-18282
-6638
6517
18189
25719
27393
22831
13070
333
-12479
-22451
-27310
-25951
-18684
-7162
5990
17820
25602
27574
23296
13752
1124
-11703
-21799
-26856
-25712
-18620
-7184
6002
17944
25934
28161
24128
14763
2207
-10671
-20930
-26224
-25338
-18465
-7160
6012
18062
26256
28738
24951
15768
3289
-9635
-20053
-25582
-24954
-18303
-7134
6020
18174
26569
29303
25765
16767
4370
-8595
-19167
-24929
-24602
-18217
-7229
5860
18070
26622
29567
26236
17386
5034
-8010
-18774
-24808
-24739
-18581
-7738
5323
17627
26373
29570
26489
17832
5571
-7503
-18414
-24677
-24865
-18937
-8242
4785
17178
26116
29562
26691
18189
5982
-7160
-18255
-24785
-25274
-19619
-9118
3829
16265
25349
29002
26384
18081
5975
-7188
-18421
-25175
-25921
-20500
-10156
2748
15263
24531
28431
26067
17967
5966
-7213
-18579
-25554
-26558
-21374
-11190
1666
14255
23704
27850
25740
17846
5955
-7235
-18731
-25923
-27185
-22238
-12219
625
13326
22993
27425
25612
17969
6233
-6921
-18499
-25866
-27343
-22595
-12702
83
12849
22690
27364
25808
18376
6760
-6396
-18095
-25674
-27407
-22900
-13180
-458
12368
22378
27293
25993
18776
7283
-5868
-17683
-25471
-27461
-23197
-13653
-999
11882
22057
27211
26169
19168
7804
-5338
-17264
-25259
-27503
-23486
-14120
-1540
11391
21728
27118
26334
19554
8321
-4806
-16839
-25038
-27536
-23764
-14582
-2080
10896
21391
27016
26489
19932
8836
-4272
-16407
-24806
-27557
-24034
-15039
-2619
10397
21045
26902
26634
20302
9347
-3736
-15969
-24565
-27568
-24295
-15490
-3158
9893
20692
26779
26769
20664
9854
-3199
-15524
-24315
-27569
-24546
-15935
-3695
9386
20330
26645
26893
21018
10358
-2661
-15074
-24055
-27559
-24788
-16373
-4231
8875
19960
26501
27007
21365
10858
-2122
-14618
-23786
-27538
-25020
-16806
-4765
8319
19500
26221
26944
21494
11103
-1873
-14489
-23882
-27923
-25701
-17731
-5839
7260
18573
25515
26496
21282
11052
-1874
-14564
-24137
-28423
-26455
-18692
-6910
6198
17639
24799
26037
21062
10997
-1875
-14633
-24382
-28912
-27200
-19646
-7980
5133
16698
24072
25567
20833
10937
-1875
-14697
-24618
-29348
-27851
-20469
-8881
4274
16000
23628
25420
20970
11289
-1417
-14256
-24305
-29275
-28035
-20867
-9403
3746
15587
23423
25471
21265
11761
-876
-13769
-23982
-29190
-28208
-21258
-9923
3215
15166
23209
25554
21634
12352
-169
-13069
-23401
-28804
-28037
-21267
-10024
3141
15239
23527
26125
22453
13355
913
-12031
-22520
-28157
-27649
-21101
-9996
3148
15348
23835
26686
23262
14352
1994
-10989
-21631
-27500
-27249
-20928
-9964
3154
15450
24133
27236
24062
15343
3074
-9943
-20734
-26832
-26840
-20747
-9971
3075
15421
24255
27567
24603
16036
3819
-9268
-20245
-26613
-26920
-21099
-10474
2537
14969
23993
27555
24842
16474
4354
-8757
-19874
-26466
-27032
-21443
-10972
1997
14512
23722
27531
25072
16904
4888
-8242
-19495
-26309
-27133
-21779
-11467
1457
14049
23442
27498
25293
17329
5419
-7724
-19108
-26142
-27224
-22107
-11957
916
13580
23152
27453
25503
17746
5949
-7203
-18715
-25965
-27304
-22426
-12442
375
13106
22854
27398
25704
18157
6477
-6679
-18313
-25778
-27374
-22737
-12923
-167
12628
22547
27332
25895
18561
7001
-6152
-17905
-25581
-27433
-23039
-13399
-708
12144
22231
27256
26075
18958
7524
-5623
-17490
-25375
-27482
-23332
-13869
-1249
11656
21907
27169
26246
19347
8043
-5092
-17068
-25158
-27520
-23615
-14334
-1789
11163
21574
27072
26407
19729
8559
-4559
-16640
-24932
-27547
-23890
-14794
-2287
10749
21357
27131
26766
20353
9364
-3691
-15830
-24279
-27105
-23656
-14706
-2285
10790
21550
27555
27448
21262
10415
-2613
-14848
-23492
-26570
-23370
-14612
-2281
10826
21734
27968
28119
22162
11462
-1534
-13859
-22696
-26024
-23076
-14513
-2276
10859
21910
28371
28780
23054
12506
-454
-12864
-21932
-25550
-22896
-14574
-2477
10638
21787
28431
29056
23522
13087
128
-12405
-21658
-25525
-23124
-15003
-3011
10123
21406
28272
29155
23856
13580
668
-11941
-21376
-25488
-23342
-15426
-3542
9604
21018
28061
29160
24057
13903
1001
-11721
-21376
-25775
-23925
-16259
-4529
8582
20081
27340
28696
23832
13845
1000
-11788
-21617
-26259
-24665
-17209
-5598
7516
19137
26609
28222
23599
13783
1000
-11850
-21850
-26732
-25396
-18153
-6664
6447
18185
25868
27737
23357
13716
999
-11907
-22073
-27195
-26116
-19048
-7644
5501
17393
25326
27491
23398
13977
1374
-11542
-21830
-27148
-26284
-19436
-8162
4970
16970
25107
27527
23680
14441
1914
-11049
-21496
-27048
-26443
-19816
-8678
4436
16540
24878
27552
23952
14899
2454
-10551
-21153
-26938
-26591
-20189
-9190
3901
16104
24640
27566
24216
15352
2992
-10048
-20801
-26818
-26729
-20553
-9699
3365
15662
24393
27570
24470
15798
3530
-9542
-20442
-26687
-26856
-20910
-10203
2827
15213
24136
27563
24714
16239
4066
-9033
-20075
-26546
-26973
-21259
-10704
2288
14759
23869
27545
24950
16673
4601
-8520
-19700
-26395
-27080
-21600
-11201
1748
14299
23594
27517
25175
17101
5133
-8003
-19317
-26233
-27176
-21932
-11693
1207
13833
23309
27478
25391
17522
5664
-7484
-18928
-26062
-27262
-22256
-12181
666
13362
23016
27429
25597
17937
6193
-6961
-18530
-25880
-27338
-22571
-12623
208
13011
22880
27577
26043
18636
7052
-6061
-17709
-25230
-26903
-22336
-12560
209
13072
23110
28048
26771
19578
8118
-4992
-16756
-24487
-26415
-22092
-12491
209
13128
23332
28509
27489
20513
9180
-3920
-15796
-23734
-25917
-21839
-12418
210
13179
23546
28959
28197
21441
10240
-2847
-14872
-23055
-25534
-21743
-12547
-39
12934
23417
29024
28478
21903
10796
-2313
-14440
-22824
-25556
-22014
-13004
-578
12435
23072
28911
28623
22274
11308
-1777
-14002
-22584
-25568
-22275
-13455
-1116
11932
22677
28705
28634
22470
11607
-1491
-13850
-22667
-25944
-22944
-14359
-2154
10883
21775
28031
28217
22283
11569
-1494
-13942
-22950
-26476
-23728
-15340
-3231
9831
20864
27345
27791
22088
11528
-1496
-14028
-23223
-26998
-24503
-16314
-4307
8776
19946
26650
27353
21885
11482
-1498
-14108
-23487
-27509
-25226
-17199
-5256
7884
19228
26195
27197
22007
11807
-1082
-13725
-23242
-27468
-25439
-17619
-5786
7363
18837
26021
27281
22329
12293
-541
-13253
-22947
-27416
-25643
-18032
-6315
6840
18438
25837
27354
22642
12776
0
-12776
-22642
-27354
-25837
-18438
-6840
6315
18032
25643
27416
22947
13253
541
-12293
-22329
-27281
-26021
-18837
-7363
5786
17619
25439
27468
23242
13725
1082
-11807
-22007
-27197
-26195
-19228
-7884
5256
17199
25226
27509
23529
14192
1623
-11315
-21677
-27103
-26359
-19612
-8401
4724
16773
25003
27540
23807
14653
2163
-10819
-21338
-26999
-26512
-19989
-8915
4189
16340
24770
27560
24075
15109
2702
-10319
-20991
-26884
-26656
-20358
-9425
3654
15901
24527
27569
24334
15559
3241
-9815
-20636
-26759
-26789
-20719
-9932
3116
15455
24275
27568
24584
16002
3777
-9308
-20274
-26623
-26911
-21114
-10518
2453
14837
23806
27306
24533
16107
3938
-9213
-20361
-26978
-27566
-22001
-11559
1372
13839
22993
26742
24222
15997
3930
-9240
-20524
-27363
-28209
-22879
-12596
290
12834
22172
26167
23901
15880
3920
-9264
-20680
-27739
-28842
-23749
-13628
-792
11825
21342
25582
23571
15756
3909
-9243
-20745
-27979
-29298
-24402
-14405
-1584
11143
20877
25403
23689
16126
4436
-8719
-20345
-27793
-29369
-24713
-14886
-2125
10665
20571
25338
23880
16530
4961
-8193
-19937
-27597
-29429
-25016
-15362
-2666
10223
20339
25387
24229
17136
5734
-7373
-19189
-27016
-29062
-24851
-15333
-2666
10277
20557
25843
24942
18067
6795
-6300
-18226
-26258
-28559
-24594
-15257
-2664
10326
20766
26288
25645
18992
7853
-5226
-17257
-25491
-28045
-24328
-15175
-2663
10371
20967
26723
26338
19908
8908
-4149
-16281
-24714
-27563
-24136
-15213
-2827
10203
20910
26856
26687
20442
9542
-3530
-15798
-24470
-27570
-24393
-15662
-3365
9699
20553
26729
26818
20801
10048
-2992
-15352
-24216
-27566
-24640
-16104
-3901
9190
20189
26591
26938
21153
10551
-2454
-14899
-23952
-27552
-24878
-16540
-4436
8678
19816
26443
27048
21496
11049
-1914
-14441
-23680
-27527
-25107
-16970
-4970
8162
19436
26284
27148
21830
11542
-1374
-13977
-23398
-27491
-25326
-17393
-5501
7644
19048
26116
27237
22157
12032
-833
-13508
-23107
-27445
-25535
-17810
-6030
7122
18653
25937
27316
22475
12517
-291
-13033
-22807
-27389
-25734
-18220
-6557
6598
18251
25749
27384
22784
12996
250
-12554
-22499
-27321
-25923
-18623
-7082
6071
17842
25550
27441
23084
13471
791
-12069
-22182
-27243
-26102
-19018
-7604
5542
17426
25342
27488
23376
13941
1332
-11580
-21856
-27155
-26230
-19323
-7998
5177
17211
25374
27816
23992
14780
2289
-10628
-21022
-26515
-25847
-19162
-7972
5186
17324
25688
28384
24807
15781
3370
-9589
-20138
-25864
-25455
-18994
-7942
5192
17429
25992
28940
25612
16775
4451
-8546
-19245
-25203
-25052
-18817
-7910
5198
17529
26287
29487
26409
17764
5488
-7582
-18470
-24698
-24847
-18883
-8165
4868
17248
26156
29564
26696
18205
6025
-7072
-18103
-24557
-24965
-19232
-8666
4329
16794
25890
29547
26932
18640
6559
-6559
-17729
-24407
-25072
-19574
-9163
3748
16251
25490
29353
26950
18818
6801
-6376
-17722
-24663
-25628
-20407
-10197
2665
15244
24665
28773
26625
18699
6790
-6399
-17874
-25034
-26256
-21273
-11227
1583
14232
23830
28183
26290
18572
6777
-6418
-18019
-25395
-26874
-22130
-12253
500
13215
22987
27582
25945
18438
6762
-6435
-18157
-25704
-27398
-22854
-13106
-375
12442
22426
27304
25965
18715
7203
-5949
-17746
-25503
-27453
-23152
-13580
-916
11957
22107
27224
26142
19108
7724
-5419
-17329
-25293
-27498
-23442
-14049
-1457
11467
21779
27133
26309
19495
8242
-4888
-16904
-25072
-27531
-23722
-14512
-1997
10972
21443
27032
26466
19874
8757
-4354
-16474
-24842
-27555
-23993
-14969
-2537
10474
21099
26920
26613
20245
9268
-3819
-16036
-24603
-27567
-24255
-15421
-3075
9971
20747
26798
26749
20609
9776
-3282
-15593
-24354
-27569
-24508
-15867
-3612
9464
20386
26666
26875
20964
10281
-2744
-15144
-24095
-27561
-24751
-16306
-4148
8954
20018
26524
26990
21312
10781
-2205
-14688
-23828
-27542
-24985
-16739
-4683
8440
19642
26371
27096
21651
11277
-1665
-14227
-23551
-27512
-25209
-17166
-5215
7923
19258
26208
27190
21982
11769
-1124
-13761
-23265
-27430
-25340
-17462
-5579
7612
19117
26326
27608
22680
12673
-125
-12789
-22428
-26837
-25003
-17333
-5566
7631
19260
26685
28223
23535
13697
958
-11771
-21583
-26234
-24656
-17198
-5550
7647
19396
27033
28828
24382
14716
2041
-10747
-20728
-25620
-24299
-17056
-5531
7660
19526
27372
29423
25220
15689
3041
-9844
-20032
-25204
-24182
-17198
-5844
7297
19231
27243
29506
25507
16156
3581
-9353
-19703
-25111
-24346
-17583
-6361
6765
18806
27020
29538
25786
16618
4122
-8858
-19365
-25007
-24501
-17960
-6917
6147
18248
26621
29350
25805
16782
4328
-8733
-19435
-25352
-25145
-18872
-7969
5070
17268
25838
28819
25523
16691
4324
-8771
-19622
-25769
-25820
-19775
-9018
3991
16281
25045
28277
25232
16594
4320
-8805
-19802
-26176
-26486
-20670
-10063
2911
15289
24243
27724
24931
16490
4313
-8836
-19932
-26489
-27016
-21391
-10896
2080
14582
23764
27536
25038
16839
4806
-8321
-19554
-26334
-27118
-21728
-11391
1540
14120
23486
27503
25259
17264
5338
-7804
-19168
-26169
-27211
-22057
-11882
999
13653
23197
27461
25471
17683
5868
-7283
-18776
-25993
-27293
-22378
-12368
458
13180
22900
27407
25674
18095
6396
-6760
-18376
-25808
-27364
-22690
-12849
-83
12702
22595
27343
25866
18499
6921
-6233
-17969
-25612
-27425
-22993
-13326
-625
12219
22280
27269
26048
18897
7444
-5705
-17555
-25407
-27475
-23287
-13797
-1166
11731
21957
27183
26221
19288
7963
-5174
-17134
-25192
-27515
-23572
-14263
-1706
11239
21625
27088
26383
19671
8480
-4642
-16706
-24967
-27544
-23849
-14723
-2246
10743
21285
26982
26535
20046
8993
-4107
-16273
-24733
-27562
-24116
-15178
-2785
10242
20937
26865
26677
20414
9503
-3571
-15832
-24447
-27486
-24248
-15461
-3115
9988
20873
27072
27183
21191
10468
-2534
-14845
-23652
-26942
-23955
-15362
-3110
10021
21050
27477
27846
22084
11512
-1453
-13851
-22848
-26387
-23652
-15257
-3103
10051
21220
27871
28499
22970
12552
-372
-12851
-22034
-25821
-23340
-15146
-3095
10077
21382
28255
29141
23805
13505
585
-12013
-21420
-25495
-23309
-15361
-3460
9684
21078
28129
29231
24132
13994
1126
-11544
-21130
-25449
-23519
-15778
-3990
9162
20684
27951
29310
24451
14479
1667
-11070
-20831
-25393
-23719
-16230
-4600
8513
20116
27555
29129
24469
14626
1833
-11007
-20981
-25827
-24451
-17175
-5667
7445
19165
26816
28646
24228
14560
1833
-11065
-21206
-26291
-25172
-18113
-6730
6374
18208
26067
28152
23979
14488
1832
-11118
-21423
-26746
-25884
-19043
-7791
5302
17244
25308
27647
23720
14411
1831
-11125
-21548
-27064
-26419
-19758
-8599
4518
16607
24914
27549
23911
14829
2371
-10627
-21206
-26956
-26569
-20132
-9111
3984
16172
24677
27565
24176
15282
2909
-10126
-20856
-26837
-26708
-20498
-9621
3447
15730
24431
27570
24431
15730
3447
-9621
-20498
-26708
-26837
-20856
-10126
2909
15282
24176
27565
24677
16172
3984
-9111
-20132
-26569
-26956
-21206
-10627
2371
14829
23911
27549
24914
16607
4518
-8599
-19758
-26419
-27064
-21548
-11125
1831
14370
23637
27522
25141
17036
5052
-8083
-19377
-26259
-27162
-21881
-11618
1290
13905
23354
27485
25358
17458
5583
-7564
-18988
-26089
-27250
-22206
-12107
749
13435
23061
27437
25566
17874
6112
-7042
-18592
-25909
-27327
-22523
-12591
208
12960
22760
27379
25764
18282
6638
-6517
-18189
-25719
-27393
-22831
-13070
-333
12479
22451
27310
25951
18684
7162
-5990
-17820
-25602
-27574
-23296
-13752
-1124
11703
21799
26856
25712
18620
7184
-6002
-17944
-25934
-28161
-24128
-14763
-2207
10671
20930
26224
25338
18465
7160
-6012
-18062
-26256
-28738
-24951
-15768
-3289
9635
20053
25582
24954
18303
7134
-6020
-18174
-26569
-29303
-25765
-16767
-4370
8595
19167
24929
24602
18217
7229
-5860
-18070
-26622
-29567
-26236
-17386
-5034
8010
18774
24808
24739
18581
7738
-5323
-17627
-26373
-29570
-26489
-17832
-5571
7503
18414
24677
24865
18937
8242
-4785
-17178
-26116
-29562
-26691
-18189
-5982
7160
18255
24785
25274
19619
9118
-3829
-16265
-25349
-29002
-26384
-18081
-5975
7188
18421
25175
25921
20500
10156
-2748
-15263
-24531
-28431
-26067
-17967
-5966
7213
18579
25554
26558
21374
11190
-1666
-14255
-23704
-27850
-25740
-17846
-5955
7235
18731
25923
27185
22238
12219
-625
-13326
-22993
-27425
-25612
-17969
-6233
6921
18499
25866
27343
22595
12702
-83
-12849
-22690
-27364
-25808
-18376
-6760
6396
18095
25674
27407
22900
13180
458
-12368
-22378
-27293
-25993
-18776
-7283
5868
17683
25471
27461
23197
13653
999
-11882
-22057
-27211
-26169
-19168
-7804
5338
17264
25259
27503
23486
14120
1540
-11391
-21728
-27118
-26334
-19554
-8321
4806
16839
25038
27536
23764
14582
2080
-10896
-21391
-27016
-26489
-19932
-8836
4272
16407
24806
27557
24034
15039
2619
-10397
-21045
-26902
-26634
-20302
-9347
3736
15969
24565
27568
24295
15490
3158
-9893
-20692
-26779
-26769
-20664
-9854
3199
15524
24315
27569
24546
15935
3695
-9386
-20330
-26645
-26893
-21018
-10358
2661
15074
24055
27559
24788
16373
4231
-8875
-19960
-26501
-27007
-21365
-10858
2122
14618
23786
27538
25020
16806
4765
-8403
-19666
-26471
-27278
-21911
-11603
1290
13823
23132
27090
24784
16731
4755
-8427
-19823
-26848
-27912
-22782
-12636
207
12814
22303
26506
24455
16609
4744
-8448
-19973
-27215
-28537
-23645
-13664
-875
11800
21465
25912
24117
16480
4730
-8467
-20115
-27572
-29150
-24499
-14687
-1958
10780
20618
25348
23851
16469
4881
-8274
-20000
-27628
-29420
-24970
-15289
-2583
10256
20305
25275
24035
16867
5403
-7746
-19587
-27423
-29471
-25265
-15761
-3124
9769
19982
25190
24208
17258
5923
-7215
-19166
-27209
-29470
-25467
-16102
-3498
9485
19901
25387
24704
18017
6857
-6224
-18239
-26443
-28958
-25203
-16022
-3496
9531
20104
25824
25399
18934
7912
-5148
-17264
-25668
-28436
-24929
-15935
-3494
9572
20298
26250
26083
19844
8964
-4071
-16283
-24883
-27903
-24645
-15843
-3490
9610
20484
26665
26757
20747
9971
-3075
-15421
-24255
-27567
-24603
-16036
-3819
9268
20245
26613
26920
21099
10474
-2537
-14969
-23993
-27555
-24842
-16474
-4354
8757
19874
26466
27032
21443
10972
-1997
-14512
-23722
-27531
-25072
-16904
-4888
8242
19495
26309
27133
21779
11467
-1457
-14049
-23442
-27498
-25293
-17329
-5419
7724
19108
26142
27224
22107
11957
-916
-13580
-23152
-27453
-25503
-17746
-5949
7203
18715
25965
27304
22426
12442
-375
-13106
-22854
-27398
-25704
-18157
-6477
6679
18313
25778
27374
22737
12923
167
-12628
-22547
-27332
-25895
-18561
-7001
6152
17905
25581
27433
23039
13399
708
-12144
-22231
-27256
-26075
-18958
-7524
5623
17490
25375
27482
23332
13869
1249
-11656
-21907
-27169
-26246
-19347
-8043
5092
17068
25158
27520
23615
14334
1789
-11163
-21574
-27072
-26407
-19729
-8559
4559
16640
24932
27547
23890
14794
2287
-10749
-21357
-27131
-26766
-20353
-9364
3691
15830
24279
27105
23656
14706
2285
-10790
-21550
-27555
-27448
-21262
-10415
2613
14848
23492
26570
23370
14612
2281
-10826
-21734
-27968
-28119
-22162
-11462
1534
13859
22696
26024
23076
14513
2276
-10859
-21910
-28371
-28780
-23054
-12506
454
12864
21932
25550
22896
14574
2477
-10638
-21787
-28431
-29056
-23522
-13087
-128
12405
21658
25525
23124
15003
3011
-10123
-21406
-28272
-29155
-23856
-13580
-668
11941
21376
25488
23342
15426
3542
-9604
-21018
-28061
-29160
-24057
-13903
-1001
11721
21376
25775
23925
16259
4529
-8582
-20081
-27340
-28696
-23832
-13845
-1000
11788
21617
26259
24665
17209
5598
-7516
-19137
-26609
-28222
-23599
-13783
-1000
11850
21850
26732
25396
18153
6664
-6447
-18185
-25868
-27737
-23357
-13716
-999
11907
22073
27195
26116
19048
7644
-5501
-17393
-25326
-27491
-23398
-13977
-1374
11542
21830
27148
26284
19436
8162
-4970
-16970
-25107
-27527
-23680
-14441
-1914
11049
21496
27048
26443
19816
8678
-4436
-16540
-24878
-27552
-23952
-14899
-2454
10551
21153
26938
26591
20189
9190
-3901
-16104
-24640
-27566
-24216
-15352
-2992
10048
20801
26818
26729
20553
9699
-3365
-15662
-24393
-27570
-24470
-15798
-3530
9542
20442
26687
26856
20910
10203
-2827
-15213
-24136
-27563
-24714
-16239
-4066
9033
20075
26546
26973
21259
10704
-2288
-14759
-23869
-27545
-24950
-16673
-4601
8520
19700
26395
27080
21600
11201
-1748
-14299
-23594
-27517
-25175
-17101
-5133
8003
19317
26233
27176
21932
11693
-1207
-13833
-23309
-27478
-25391
-17522
-5664
7484
18928
26062
27262
22256
12181
-666
-13362
-23016
-27429
-25597
-17937
-6193
6961
18530
25880
27338
22571
12623
-208
-13011
-22880
-27577
-26043
-18636
-7052
6061
17709
25230
26903
22336
12560
-209
-13072
-23110
-28048
-26771
-19578
-8118
4992
16756
24487
26415
22092
12491
-209
-13128
-23332
-28509
-27489
-20513
-9180
3920
15796
23734
25917
21839
12418
-210
-13179
-23546
-28959
-28197
-21441
-10240
2847
14872
23055
25534
21743
12547
39
-12934
-23417
-29024
-28478
-21903
-10796
2313
14440
22824
25556
22014
13004
578
-12435
-23072
-28911
-28623
-22274
-11308
1777
14002
22584
25568
22275
13455
1116
-11932
-22677
-28705
-28634
-22470
-11607
1491
13850
22667
25944
22944
14359
2154
-10883
-21775
-28031
-28217
-22283
-11569
1494
13942
22950
26476
23728
15340
3231
-9831
-20864
-27345
-27791
-22088
-11528
1496
14028
23223
26998
24503
16314
4307
-8776
-19946
-26650
-27353
-21885
-11482
1498
14108
23487
27509
25226
17199
5256
-7884
-19228
-26195
-27197
-22007
-11807
1082
13725
23242
27468
25439
17619
5786
-7363
-18837
-26021
-27281
-22329
-12293
541
13253
22947
27416
25643
18032
6315
-6840
-18438
-25837
-27354
-22642
-12776
0
12776
22642
27354
25837
18438
6840
-6315
-18032
-25643
-27416
-22947
-13253
-541
12293
22329
27281
26021
18837
7363
-5786
-17619
-25439
-27468
-23242
-13725
-1082
11807
22007
27197
26195
19228
7884
-5256
-17199
-25226
-27509
-23529
-14192
-1623
11315
21677
27103
26359
19612
8401
-4724
-16773
-25003
-27540
-23807
-14653
-2163
10819
21338
26999
26512
19989
8915
-4189
-16340
-24770
-27560
-24075
-15109
-2702
10319
20991
26884
26656
20358
9425
-3654
-15901
-24527
-27569
-24334
-15559
-3241
9815
20636
26759
26789
20719
9932
-3116
-15455
-24275
-27568
-24584
-16002
-3777
9308
20274
26623
26911
21031
10352
-2703
-15171
-24222
-27806
-25116
-16773
-4688
8380
19444
25978
26482
20834
10309
-2705
-15255
-24493
-28325
-25888
-17747
-5763
7323
18524
25280
26043
20629
10262
-2707
-15334
-24755
-28834
-26651
-18713
-6837
6264
17597
24572
25592
20416
10211
-2708
-15408
-25008
-29332
-27404
-19673
-7909
5243
16745
23979
25298
20402
10405
-2416
-15143
-24877
-29403
-27689
-20126
-8436
4719
16345
23793
25369
20713
10886
-1875
-14665
-24571
-29338
-27880
-20530
-8961
4193
15937
23597
25429
21016
11362
-1334
-14140
-24172
-29137
-27895
-20719
-9234
3956
15856
23766
25895
21768
12333
-251
-13110
-23307
-28510
-27525
-20567
-9211
3967
15976
24092
26475
22594
13340
831
-12076
-22433
-27872
-27145
-20408
-9186
3976
16090
24408
27045
23411
14342
1913
-11038
-21551
-27223
-26754
-20242
-9158
3983
16197
24714
27563
24136
15213
2827
-10203
-20910
-26856
-26687
-20442
-9542
3530
15798
24470
27570
24393
15662
3365
-9699
-20553
-26729
-26818
-20801
-10048
2992
15352
24216
27566
24640
16104
3901
-9190
-20189
-26591
-26938
-21153
-10551
2454
14899
23952
27552
24878
16540
4436
-8678
-19816
-26443
-27048
-21496
-11049
1914
14441
23680
27527
25107
16970
4970
-8162
-19436
-26284
-27148
-21830
-11542
1374
13977
23398
27491
25326
17393
5501
-7644
-19048
-26116
-27237
-22157
-12032
833
13508
23107
27445
25535
17810
6030
-7122
-18653
-25937
-27316
-22475
-12517
291
13033
22807
27389
25734
18220
6557
-6598
-18251
-25749
-27384
-22784
-12996
-250
12554
22499
27321
25923
18623
7082
-6071
-17842
-25550
-27441
-23084
-13471
-791
12069
22182
27243
26102
19018
7604
-5542
-17426
-25342
-27488
-23376
-13941
-1332
11580
21856
27155
26313
19490
8248
-4844
-16795
-24874
-27233
-23325
-14030
-1456
11545
22022
27598
27014
20412
9305
-3769
-15824
-24105
-26717
-23057
-13947
-1454
11589
22221
28030
27705
21327
10359
-2692
-14846
-23326
-26190
-22779
-13859
-1451
11629
22412
28453
28385
22234
11410
-1614
-13862
-22537
-25653
-22492
-13764
-1488
11582
22470
28698
28847
22883
12165
-868
-13248
-22156
-25564
-22696
-14205
-2025
11072
22103
28557
28965
23232
12666
-329
-12794
-21890
-25547
-22932
-14640
-2559
10559
21729
28407
29072
23574
13163
169
-12418
-21740
-25686
-23366
-15318
-3384
9710
20972
27830
28711
23407
13114
168
-12494
-21998
-26190
-24125
-16282
-4457
8649
20041
27117
28256
23189
13061
167
-12565
-22247
-26683
-24873
-17239
-5527
7585
19103
26395
27791
22963
13003
167
-12631
-22487
-27166
-25612
-18188
-6595
6518
18157
25704
27398
22854
13106
375
-12442
-22426
-27304
-25965
-18715
-7203
5949
17746
25503
27453
23152
13580
916
-11957
-22107
-27224
-26142
-19108
-7724
5419
17329
25293
27498
23442
14049
1457
-11467
-21779
-27133
-26309
-19495
-8242
4888
16904
25072
27531
23722
14512
1997
-10972
-21443
-27032
-26466
-19874
-8757
4354
16474
24842
27555
23993
14969
2537
-10474
-21099
-26920
-26613
-20245
-9268
3819
16036
24603
27567
24255
15421
3075
-9971
-20747
-26798
-26749
-20609
-9776
3282
15593
24354
27569
24508
15867
3612
-9464
-20386
-26666
-26875
-20964
-10281
2744
15144
24095
27561
24751
16306
4148
-8954
-20018
-26524
-26990
-21312
-10781
2205
14688
23828
27542
24985
16739
4683
-8440
-19642
-26371
-27096
-21651
-11277
1665
14227
23551
27512
25209
17166
5215
-7923
-19258
-26208
-27190
-21982
-11769
1124
13761
23265
27430
25340
17462
5579
-7612
-19117
-26326
-27608
-22680
-12673
125
12789
22428
26837
25003
17333
5566
-7631
-19260
-26685
-28223
-23535
-13697
-958
11771
21583
26234
24656
17198
5550
-7647
-19396
-27033
-28828
-24382
-14716
-2041
10747
20728
25620
24299
17056
5531
-7660
-19526
-27372
-29423
-25220
-15689
-3041
9844
20032
25204
24182
17198
5844
-7297
-19231
-27243
-29506
-25507
-16156
-3581
9353
19703
25111
24346
17583
6361
-6765
-18806
-27020
-29538
-25786
-16618
-4122
8858
19365
25007
24501
17960
6917
-6147
-18248
-26621
-29350
-25805
-16782
-4328
8733
19435
25352
25145
18872
7969
-5070
-17268
-25838
-28819
-25523
-16691
-4324
8771
19622
25769
25820
19775
9018
-3991
-16281
-25045
-28277
-25232
-16594
-4320
8805
19802
26176
26486
20670
10063
-2911
-15289
-24243
-27724
-24931
-16490
-4313
8836
19932
26489
27016
21391
10896
-2080
-14582
-23764
-27536
-25038
-16839
-4806
8321
19554
26334
27118
21728
11391
-1540
-14120
-23486
-27503
-25259
-17264
-5338
7804
19168
26169
27211
22057
11882
-999
-13653
-23197
-27461
-25471
-17683
-5868
7283
18776
25993
27293
22378
12368
-458
-13180
-22900
-27407
-25674
-18095
-6396
6760
18376
25808
27364
22690
12849
83
-12702
-22595
-27343
-25866
-18499
-6921
6233
17969
25612
27425
22993
13326
625
-12219
-22280
-27269
-26048
-18897
-7444
5705
17555
25407
27475
23287
13797
1166
-11731
-21957
-27183
-26221
-19288
-7963
5174
17134
25192
27515
23572
14263
1706
-11239
-21625
-27088
-26383
-19671
-8480
4642
16706
24967
27544
23849
14723
2246
-10743
-21285
-26982
-26535
-20046
-8993
4107
16273
24733
27562
24116
15178
2785
-10242
-20937
-26865
-26677
-20414
-9503
3571
15832
24531
27653
24498
15794
3532
-9488
-20289
-26405
-26433
-20357
-9551
3534
15928
24819
28192
25288
16779
4610
-8438
-19384
-25727
-26013
-20167
-9512
3537
16017
25098
28720
26069
17757
5687
-7384
-18470
-25038
-25582
-19970
-9469
3539
16101
25368
29238
26840
18729
6762
-6327
-17549
-24338
-25141
-19805
-9505
3415
16013
25420
29495
27309
19361
7460
-5684
-17078
-24129
-25231
-20132
-9994
2874
15544
25130
29449
27519
19778
7990
-5162
-16684
-23951
-25310
-20451
-10479
2333
15070
24831
29393
27719
20147
8434
-4763
-16449
-23972
-25629
-21052
-11293
1417
14174
24064
28827
27367
20009
8417
-4778
-16582
-24316
-26229
-21895
-12310
334
13148
23206
28208
27006
19863
8397
-4791
-16708
-24650
-26818
-22729
-13322
-749
12118
22340
27579
26634
19710
8374
-4802
-16827
-24974
-27397
-23554
-14328
-1831
11125
21548
27064
26419
19758
8599
-4518
-16607
-24914
-27549
-23911
-14829
-2371
10627
21206
26956
26569
20132
9111
-3984
-16172
-24677
-27565
-24176
-15282
-2909
10126
20856
26837
26708
20498
9621
-3447
-15730
-24431
-27570
-24431
-15730
-3447
9621
20498
26708
26837
20856
10126
-2909
-15282
-24176
-27565
-24677
-16172
-3984
9111
20132
26569
26956
21206
10627
-2371
-14829
-23911
-27549
-24914
-16607
-4518
8599
19758
26419
27064
21548
11125
-1831
-14370
-23637
-27522
-25141
-17036
-5052
8083
19377
26259
27162
21881
11618
-1290
-13905
-23354
-27485
-25358
-17458
-5583
7564
18988
26089
27250
22206
12107
-749
-13435
-23061
-27437
-25566
-17874
-6112
7042
18592
25909
27327
22523
12591
-208
-12960
-22760
-27379
-25764
-18282
-6638
6517
18189
25719
27393
22831
13070
333
-12479
-22451
-27310
-25951
-18684
-7162
5990
17737
25436
27324
22963
13336
624
-12286
-22465
-27606
-26546
-19537
-8184
4919
16778
24684
26828
22711
13263
624
-12338
-22680
-28057
-27255
-20465
-9244
3845
15812
23923
26321
22451
13185
622
-12385
-22886
-28499
-27954
-21387
-10301
2770
14840
23152
25803
22181
13101
620
-12429
-23084
-28929
-28602
-22217
-11229
1860
14070
22622
25567
22236
13386
1034
-12010
-22774
-28808
-28739
-22581
-11738
1323
13627
22373
25570
22489
13832
1571
-11503
-22414
-28677
-28865
-22937
-12242
785
13178
22116
25562
22775
14356
2232
-10827
-21838
-28285
-28690
-22952
-12368
663
13182
22349
26085
23551
15331
3308
-9772
-20921
-27591
-28255
-22750
-12322
665
13263
22614
26598
24317
16300
4383
-8713
-19996
-26887
-27808
-22540
-12273
666
13339
22870
27100
25074
17263
5455
-7652
-19064
-26173
-27352
-22322
-12219
625
13326
22993
27425
25612
17969
6233
-6921
-18499
-25866
-27343
-22595
-12702
83
12849
22690
27364
25808
18376
6760
-6396
-18095
-25674
-27407
-22900
-13180
-458
12368
22378
27293
25993
18776
7283
-5868
-17683
-25471
-27461
-23197
-13653
-999
11882
22057
27211
26169
19168
7804
-5338
-17264
-25259
-27503
-23486
-14120
-1540
11391
21728
27118
26334
19554
8321
-4806
-16839
-25038
-27536
-23764
-14582
-2080
10896
21391
27016
26489
19932
8836
-4272
-16407
-24806
-27557
-24034
-15039
-2619
10397
21045
26902
26634
20302
9347
-3736
-15969
-24565
-27568
-24295
-15490
-3158
9893
20692
26779
26769
20664
9854
-3199
-15524
-24315
-27569
-24546
-15935
-3695
9386
20330
26645
26893
21018
10358
-2661
-15074
-24055
-27559
-24788
-16373
-4231
8875
19960
26501
27007
21365
10858
-2122
-14618
-23786
-27538
-25020
-16806
-4765
8319
19500
26221
26944
21494
11103
-1873
-14489
-23882
-27923
-25701
-17731
-5839
7260
18573
25515
26496
21282
11052
-1874
-14564
-24137
-28423
-26455
-18692
-6910
6198
17639
24799
26037
21062
10997
-1875
-14633
-24382
-28912
-27200
-19646
-7980
5133
16698
24072
25567
20833
10937
-1875
-14697
-24618
-29348
-27851
-20469
-8881
4274
16000
23628
25420
20970
11289
-1417
-14256
-24305
-29275
-28035
-20867
-9403
3746
15587
23423
25471
21265
11761
-876
-13769
-23982
-29190
-28208
-21258
-9923
3215
15166
23209
25554
21634
12352
-169
-13069
-23401
-28804
-28037
-21267
-10024
3141
15239
23527
26125
22453
13355
913
-12031
-22520
-28157
-27649
-21101
-9996
3148
15348
23835
26686
23262
14352
1994
-10989
-21631
-27500
-27249
-20928
-9964
3154
15450
24133
27236
24062
15343
3074
-9943
-20734
-26832
-26840
-20747
-9971
3075
15421
24255
27567
24603
16036
3819
-9268
-20245
-26613
-26920
-21099
-10474
2537
14969
23993
27555
24842
16474
4354
-8757
-19874
-26466
-27032
-21443
-10972
1997
14512
23722
27531
25072
16904
4888
-8242
-19495
-26309
-27133
-21779
-11467
1457
14049
23442
27498
25293
17329
5419
-7724
-19108
-26142
-27224
-22107
-11957
916
13580
23152
27453
25503
17746
5949
-7203
-18715
-25965
-27304
-22426
-12442
375
13106
22854
27398
25704
18157
6477
-6679
-18313
-25778
-27374
-22737
-12923
-167
12628
22547
27332
25895
18561
7001
-6152
-17905
-25581
-27433
-23039
-13399
-708
12144
22231
27256
26075
18958
7524
-5623
-17490
-25375
-27482
-23332
-13869
-1249
11656
21907
27169
26246
19347
8043
-5092
-17068
-25158
-27520
-23615
-14334
-1789
11163
21574
27072
26407
19729
8559
-4559
-16640
-24932
-27547
-23890
-14794
-2287
10749
21357
27131
26766
20353
9364
-3691
-15830
-24279
-27105
-23656
-14706
-2285
10790
21550
27555
27448
21262
10415
-2613
-14848
-23492
-26570
-23370
-14612
-2281
10826
21734
27968
28119
22162
11462
-1534
-13859
-22696
-26024
-23076
-14513
-2276
10859
21910
28371
28780
23054
12506
-454
-12864
-21932
-25550
-22896
-14574
-2477
10638
21787
28431
29056
23522
13087
128
-12405
-21658
-25525
-23124
-15003
-3011
10123
21406
28272
29155
23856
13580
668
-11941
-21376
-25488
-23342
-15426
-3542
9604
21018
28061
29160
24057
13903
1001
-11721
-21376
-25775
-23925
-16259
-4529
8582
20081
27340
28696
23832
13845
1000
-11788
-21617
-26259
-24665
-17209
-5598
7516
19137
26609
28222
23599
13783
1000
-11850
-21850
-26732
-25396
-18153
-6664
6447
18185
25868
27737
23357
13716
999
-11907
-22073
-27195
-26116
-19048
-7644
5501
17393
25326
27491
23398
13977
1374
-11542
-21830
-27148
-26284
-19436
-8162
4970
16970
25107
27527
23680
14441
1914
-11049
-21496
-27048
-26443
-19816
-8678
4436
16540
24878
27552
23952
14899
2454
-10551
-21153
-26938
-26591
-20189
-9190
3901
16104
24640
27566
24216
15352
2992
-10048
-20801
-26818
-26729
-20553
-9699
3365
15662
24393
27570
24470
15798
3530
-9542
-20442
-26687
-26856
-20910
-10203
2827
15213
24136
27563
24714
16239
4066
-9033
-20075
-26546
-26973
-21259
-10704
2288
14759
23869
27545
24950
16673
4601
-8520
-19700
-26395
-27080
-21600
-11201
1748
14299
23594
27517
25175
17101
5133
-8003
-19317
-26233
-27176
-21932
-11693
1207
13833
23309
27478
25391
17522
5664
-7484
-18928
-26062
-27262
-22256
-12181
666
13362
23016
27429
25597
17937
6193
-6961
-18530
-25880
-27338
-22571
-12706
42
12761
22547
27161
25543
18053
6386
-6811
-18543
-26147
-27903
-23419
-13726
-1041
11738
21694
26548
25188
17912
6368
-6825
-18673
-26487
-28499
-24258
-14741
-2124
10711
20832
25926
24822
17763
6347
-6837
-18796
-26818
-29084
-25089
-15751
-3207
9679
19962
25293
24447
17608
6323
-6847
-18872
-27055
-29534
-25743
-16547
-4039
8934
19417
25024
24478
17903
6796
-6313
-18440
-26824
-29556
-26014
-17004
-4578
8435
19072
24911
24623
18274
7308
-5777
-18002
-26584
-29568
-26275
-17455
-5116
7932
18761
24872
24884
18803
8024
-4991
-17267
-26001
-29194
-26110
-17442
-5154
7967
18941
25281
25551
19700
9069
-3911
-16275
-25200
-28643
-25811
-17340
-5148
7998
19114
25679
26207
20588
10111
-2830
-15278
-24390
-28081
-25503
-17231
-5140
8026
19279
26067
26853
21469
11148
-1748
-14275
-23571
-27509
-25226
-17199
-5256
7884
19228
26195
27197
22007
11807
-1082
-13725
-23242
-27468
-25439
-17619
-5786
7363
18837
26021
27281
22329
12293
-541
-13253
-22947
-27416
-25643
-18032
-6315
6840
18438
25837
27354
22642
12776
0
-12776
-22642
-27354
-25837
-18438
-6840
6315
18032
25643
27416
22947
13253
541
-12293
-22329
-27281
-26021
-18837
-7363
5786
17619
25439
27468
23242
13725
1082
-11807
-22007
-27197
-26195
-19228
-7884
5256
17199
25226
27509
23529
14192
1623
-11315
-21677
-27103
-26359
-19612
-8401
4724
16773
25003
27540
23807
14653
2163
-10819
-21338
-26999
-26512
-19989
-8915
4189
16340
24770
27560
24075
15109
2702
-10319
-20991
-26884
-26656
-20358
-9425
3654
15901
24527
27569
24334
15559
3241
-9815
-20636
-26759
-26789
-20719
-9932
3116
15455
24275
27568
24584
16002
3777
-9308
-20274
-26623
-26911
-21031
-10352
2703
15171
24222
27806
25116
16773
4688
-8380
-19444
-25978
-26482
-20834
-10309
2705
15255
24493
28325
25888
17747
5763
-7323
-18524
-25280
-26043
-20629
-10262
2707
15334
24755
28834
26651
18713
6837
-6264
-17597
-24572
-25592
-20416
-10211
2708
15408
25008
29332
27404
19673
7909
-5243
-16745
-23979
-25298
-20402
-10405
2416
15143
24877
29403
27689
20126
8436
-4719
-16345
-23793
-25369
-20713
-10886
1875
14665
24571
29338
27880
20530
8961
-4193
-15937
-23597
-25429
-21016
-11362
1334
14140
24172
29137
27895
20719
9234
-3956
-15856
-23766
-25895
-21768
-12333
251
13110
23307
28510
27525
20567
9211
-3967
-15976
-24092
-26475
-22594
-13340
-831
12076
22433
27872
27145
20408
9186
-3976
-16090
-24408
-27045
-23411
-14342
-1913
11038
21551
27223
26754
20242
9158
-3983
-16197
-24714
-27563
-24136
-15213
-2827
10203
20910
26856
26687
20442
9542
-3530
-15798
-24470
-27570
-24393
-15662
-3365
9699
20553
26729
26818
20801
10048
-2992
-15352
-24216
-27566
-24640
-16104
-3901
9190
20189
26591
26938
21153
10551
-2454
-14899
-23952
-27552
-24878
-16540
-4436
8678
19816
26443
27048
21496
11049
-1914
-14441
-23680
-27527
-25107
-16970
-4970
8162
19436
26284
27148
21830
11542
-1374
-13977
-23398
-27491
-25326
-17393
-5501
7644
19048
26116
27237
22157
12032
-833
-13508
-23107
-27445
-25535
-17810
-6030
7122
18653
25937
27316
22475
12517
-291
-13033
-22807
-27389
-25734
-18220
-6557
6598
18251
25749
27384
22784
12996
250
-12554
-22499
-27321
-25923
-18623
-7082
6071
17842
25550
27441
23084
13471
791
-12069
-22182
-27243
-26102
-19018
-7604
5542
17426
25342
27488
23376
13941
1332
-11580
-21856
-27155
-26230
-19323
-7998
5177
17211
25374
27816
23992
14780
2289
-10628
-21022
-26515
-25847
-19162
-7972
5186
17324
25688
28384
24807
15781
3370
-9589
-20138
-25864
-25455
-18994
-7942
5192
17429
25992
28940
25612
16775
4451
-8546
-19245
-25203
-25052
-18817
-7910
5198
17529
26287
29487
26409
17764
5488
-7582
-18470
-24698
-24847
-18883
-8165
4868
17248
26156
29564
26696
18205
6025
-7072
-18103
-24557
-24965
-19232
-8666
4329
16794
25890
29547
26932
18640
6559
-6559
-17729
-24407
-25072
-19574
-9163
3748
16251
25490
29353
26950
18818
6801
-6376
-17722
-24663
-25628
-20407
-10197
2665
15244
24665
28773
26625
18699
6790
-6399
-17874
-25034
-26256
-21273
-11227
1583
14232
23830
28183
26290
18572
6777
-6418
-18019
-25395
-26874
-22130
-12253
500
13215
22987
27582
25945
18438
6762
-6435
-18157
-25704
-27398
-22854
-13106
-375
12442
22426
27304
25965
18715
7203
-5949
-17746
-25503
-27453
-23152
-13580
-916
11957
22107
27224
26142
19108
7724
-5419
-17329
-25293
-27498
-23442
-14049
-1457
11467
21779
27133
26309
19495
8242
-4888
-16904
-25072
-27531
-23722
-14512
-1997
10972
21443
27032
26466
19874
8757
-4354
-16474
-24842
-27555
-23993
-14969
-2537
10474
21099
26920
26613
20245
9268
-3819
-16036
-24603
-27567
-24255
-15421
-3075
9971
20747
26798
26749
20609
9776
-3282
-15593
-24354
-27569
-24508
-15867
-3612
9464
20386
26666
26875
20964
10281
-2744
-15144
-24095
-27561
-24751
-16306
-4148
8954
20018
26524
26990
21312
10781
-2205
-14688
-23828
-27542
-24985
-16739
-4683
8440
19642
26371
27096
21651
11277
-1665
-14227
-23551
-27512
-25209
-17166
-5215
7923
19258
26208
27190
21982
11769
-1124
-13761
-23265
-27513
-25507
-17712
-5912
7195
18617
25743
26941
21930
11839
-1041
-13789
-23511
-28004
-26253
-18667
-6982
6131
17677
25018
26473
21702
11780
-1042
-13854
-23749
-28484
-26989
-19615
-8050
5063
16730
24283
25995
21465
11716
-1042
-13914
-23978
-28953
-27715
-20556
-9115
3994
15776
23539
25506
21220
11689
-959
-13844
-24032
-29204
-28182
-21198
-9844
3297
15231
23243
25506
21507
12156
-419
-13353
-23703
-29111
-28346
-21583
-10361
2765
14806
23020
25538
21786
12618
122
-12858
-23365
-29007
-28501
-21960
-10834
2314
14498
22955
25767
22305
13366
994
-11983
-22602
-28435
-28145
-21788
-10803
2320
14601
23254
26319
23106
14358
2074
-10938
-21706
-27769
-27737
-21608
-10768
2324
14698
23545
26860
23898
15344
3153
-9889
-20802
-27092
-27319
-21420
-10730
2328
14789
23826
27391
24681
16323
4230
-8836
-19932
-26489
-27016
-21391
-10896
2080
14582
23764
27536
25038
16839
4806
-8321
-19554
-26334
-27118
-21728
-11391
1540
14120
23486
27503
25259
17264
5338
-7804
-19168
-26169
-27211
-22057
-11882
999
13653
23197
27461
25471
17683
5868
-7283
-18776
-25993
-27293
-22378
-12368
458
13180
22900
27407
25674
18095
6396
-6760
-18376
-25808
-27364
-22690
-12849
-83
12702
22595
27343
25866
18499
6921
-6233
-17969
-25612
-27425
-22993
-13326
-625
12219
22280
27269
26048
18897
7444
-5705
-17555
-25407
-27475
-23287
-13797
-1166
11731
21957
27183
26221
19288
7963
-5174
-17134
-25192
-27515
-23572
-14263
-1706
11239
21625
27088
26383
19671
8480
-4642
-16706
-24967
-27544
-23849
-14723
-2246
10743
21285
26982
26535
20046
8993
-4107
-16273
-24733
-27562
-24116
-15178
-2785
10242
20937
26865
26677
20414
9503
-3571
-15832
-24531
-27653
-24498
-15794
-3532
9488
20289
26405
26433
20357
9551
-3534
-15928
-24819
-28192
-25288
-16779
-4610
8438
19384
25727
26013
20167
9512
-3537
-16017
-25098
-28720
-26069
-17757
-5687
7384
18470
25038
25582
19970
9469
-3539
-16101
-25368
-29238
-26840
-18729
-6762
6327
17549
24338
25141
19805
9505
-3415
-16013
-25420
-29495
-27309
-19361
-7460
5684
17078
24129
25231
20132
9994
-2874
-15544
-25130
-29449
-27519
-19778
-7990
5162
16684
23951
25310
20451
10479
-2333
-15070
-24831
-29393
-27719
-20147
-8434
4763
16449
23972
25629
21052
11293
-1417
-14174
-24064
-28827
-27367
-20009
-8417
4778
16582
24316
26229
21895
12310
-334
-13148
-23206
-28208
-27006
-19863
-8397
4791
16708
24650
26818
22729
13322
749
-12118
-22340
-27579
-26634
-19710
-8374
4802
16827
24974
27397
23554
14328
1831
-11125
-21548
-27064
-26419
-19758
-8599
4518
16607
24914
27549
23911
14829
2371
-10627
-21206
-26956
-26569
-20132
-9111
3984
16172
24677
27565
24176
15282
2909
-10126
-20856
-26837
-26708
-20498
-9621
3447
15730
24431
27570
24431
15730
3447
-9621
-20498
-26708
-26837
-20856
-10126
2909
15282
24176
27565
24677
16172
3984
-9111
-20132
-26569
-26956
-21206
-10627
2371
14829
23911
27549
24914
16607
4518
-8599
-19758
-26419
-27064
-21548
-11125
1831
14370
23637
27522
25141
17036
5052
-8083
-19377
-26259
-27162
-21881
-11618
1290
13905
23354
27485
25358
17458
5583
-7564
-18988
-26089
-27250
-22206
-12107
749
13435
23061
27437
25566
17874
6112
-7042
-18592
-25909
-27327
-22523
-12591
208
12960
22760
27379
25764
18282
6638
-6517
-18189
-25719
-27393
-22831
-13070
-333
12479
22451
27310
25951
18684
7162
-5990
-17737
-25436
-27324
-22963
-13336
-624
12286
22465
27606
26546
19537
8184
-4919
-16778
-24684
-26828
-22711
-13263
-624
12338
22680
28057
27255
20465
9244
-3845
-15812
-23923
-26321
-22451
-13185
-622
12385
22886
28499
27954
21387
10301
-2770
-14840
-23152
-25803
-22181
-13101
-620
12429
23084
28929
28602
22217
11229
-1860
-14070
-22622
-25567
-22236
-13386
-1034
12010
22774
28808
28739
22581
11738
-1323
-13627
-22373
-25570
-22489
-13832
-1571
11503
22414
28677
28865
22937
12242
-785
-13178
-22116
-25562
-22775
-14356
-2232
10827
21838
28285
28690
22952
12368
-663
-13182
-22349
-26085
-23551
-15331
-3308
9772
20921
27591
28255
22750
12322
-665
-13263
-22614
-26598
-24317
-16300
-4383
8713
19996
26887
27808
22540
12273
-666
-13339
-22870
-27100
-25074
-17263
-5455
7652
19064
26173
27352
22322
12219
-625
-13326
-22993
-27425
-25612
-17969
-6233
6921
18499
25866
27343
22595
12702
-83
-12849
-22690
-27364
-25808
-18376
-6760
6396
18095
25674
27407
22900
13180
458
-12368
-22378
-27293
-25993
-18776
-7283
5868
17683
25471
27461
23197
13653
999
-11882
-22057
-27211
-26169
-19168
-7804
5338
17264
25259
27503
23486
14120
1540
-11391
-21728
-27118
-26334
-19554
-8321
4806
16839
25038
27536
23764
14582
2080
-10896
-21391
-27016
-26489
-19932
-8836
4272
16407
24806
27557
24034
15039
2619
-10397
-21045
-26902
-26634
-20302
-9347
3736
15969
24565
27568
24295
15490
3158
-9893
-20692
-26779
-26769
-20664
-9854
3199
15524
24315
27569
24546
15935
3695
-9386
-20330
-26645
-26893
-21018
-10358
2661
15074
24055
27559
24788
16373
4231
-8875
-19960
-26501
-27007
-21365
-10858
2122
14618
23786
27538
25020
16806
4765
-8319
-19500
-26221
-26944
-21494
-11103
1873
14489
23882
27923
25701
17731
5839
-7260
-18573
-25515
-26496
-21282
-11052
1874
14564
24137
28423
26455
18692
6910
-6198
-17639
-24799
-26037
-21062
-10997
1875
14633
24382
28912
27200
19646
7980
-5133
-16698
-24072
-25567
-20833
-10937
1875
14697
24618
29348
27851
20469
8881
-4274
-16000
-23628
-25420
-20970
-11289
1417
14256
24305
29275
28035
20867
9403
-3746
-15587
-23423
-25471
-21265
-11761
876
13769
23982
29190
28208
21258
9923
-3215
-15166
-23209
-25554
-21634
-12352
169
13069
23401
28804
28037
21267
10024
-3141
-15239
-23527
-26125
-22453
-13355
-913
12031
22520
28157
27649
21101
9996
-3148
-15348
-23835
-26686
-23262
-14352
-1994
10989
21631
27500
27249
20928
9964
-3154
-15450
-24133
-27236
-24062
-15343
-3074
9943
20734
26832
26840
20747
9971
-3075
-15421
-24255
-27567
-24603
-16036
-3819
9268
20245
26613
26920
21099
10474
-2537
-14969
-23993
-27555
-24842
-16474
-4354
8757
19874
26466
27032
21443
10972
-1997
-14512
-23722
-27531
-25072
-16904
-4888
8242
19495
26309
27133
21779
11467
-1457
-14049
-23442
-27498
-25293
-17329
-5419
7724
19108
26142
27224
22107
11957
-916
-13580
-23152
-27453
-25503
-17746
-5949
7203
18715
25965
27304
22426
12442
-375
-13106
-22854
-27398
-25704
-18157
-6477
6679
18313
25778
27374
22737
12923
167
-12628
-22547
-27332
-25895
-18561
-7001
6152
17905
25581
27433
23039
13399
708
-12144
-22231
-27256
-26075
-18958
-7524
5623
17490
25375
27482
23332
13869
1249
-11656
-21907
-27169
-26246
-19347
-8043
5092
17068
25158
27520
23615
14334
1789
-11163
-21574
-27072
-26407
-19729
-8559
4559
16640
24932
27547
23890
14794
2287
-10749
-21357
-27131
-26766
-20353
-9364
3691
15830
24279
27105
23656
14706
2285
-10790
-21550
-27555
-27448
-21262
-10415
2613
14848
23492
26570
23370
14612
2281
-10826
-21734
-27968
-28119
-22162
-11462
1534
13859
22696
26024
23076
14513
2276
-10859
-21910
-28371
-28780
-23054
-12506
454
12864
21932
25550
22896
14574
2477
-10638
-21787
-28431
-29056
-23522
-13087
-128
12405
21658
25525
23124
15003
3011
-10123
-21406
-28272
-29155
-23856
-13580
-668
11941
21376
25488
23342
15426
3542
-9604
-21018
-28061
-29160
-24057
-13903
-1001
11721
21376
25775
23925
16259
4529
-8582
-20081
-27340
-28696
-23832
-13845
-1000
11788
21617
26259
24665
17209
5598
-7516
-19137
-26609
-28222
-23599
-13783
-1000
11850
21850
26732
25396
18153
6664
-6447
-18185
-25868
-27737
-23357
-13716
-999
11907
22073
27195
26116
19048
7644
-5501
-17393
-25326
-27491
-23398
-13977
-1374
11542
21830
27148
26284
19436
8162
-4970
-16970
-25107
-27527
-23680
-14441
-1914
11049
21496
27048
26443
19816
8678
-4436
-16540
-24878
-27552
-23952
-14899
-2454
10551
21153
26938
26591
20189
9190
-3901
-16104
-24640
-27566
-24216
-15352
-2992
10048
20801
26818
26729
20553
9699
-3365
-15662
-24393
-27570
-24470
-15798
-3530
9542
20442
26687
26856
20910
10203
-2827
-15213
-24136
-27563
-24714
-16239
-4066
9033
20075
26546
26973
21259
10704
-2288
-14759
-23869
-27545
-24950
-16673
-4601
8520
19700
26395
27080
21600
11201
-1748
-14299
-23594
-27517
-25175
-17101
-5133
8003
19317
26233
27176
21932
11693
-1207
-13833
-23309
-27478
-25391
-17522
-5664
7484
18928
26062
27262
22256
12181
-666
-13362
-23016
-27429
-25597
-17937
-6193
6961
18530
25880
27338
22571
12706
-42
-12761
-22547
-27161
-25543
-18053
-6386
6811
18543
26147
27903
23419
13726
1041
-11738
-21694
-26548
-25188
-17912
-6368
6825
18673
26487
28499
24258
14741
2124
-10711
-20832
-25926
-24822
-17763
-6347
6837
18796
26818
29084
25089
15751
3207
-9679
-19962
-25293
-24447
-17608
-6323
6847
18872
27055
29534
25743
16547
4039
-8934
-19417
-25024
-24478
-17903
-6796
6313
18440
26824
29556
26014
17004
4578
-8435
-19072
-24911
-24623
-18274
-7308
5777
18002
26584
29568
26275
17455
5116
-7932
-18761
-24872
-24884
-18803
-8024
4991
17267
26001
29194
26110
17442
5154
-7967
-18941
-25281
-25551
-19700
-9069
3911
16275
25200
28643
25811
17340
5148
-7998
-19114
-25679
-26207
-20588
-10111
2830
15278
24390
28081
25503
17231
5140
-8026
-19279
-26067
-26853
-21469
-11148
1748
14275
23571
27509
25226
17199
5256
-7884
-19228
-26195
-27197
-22007
-11807
1082
13725
23242
27468
25439
17619
5786
-7363
-18837
-26021
-27281
-22329
-12293
541
13253
22947
27416
25643
18032
6315
-6840
-18438
-25837
-27354
-22642
-12776
0
12776
22642
27354
25837
18438
6840
-6315
-18032
-25643
-27416
-22947
-13253
-541
12293
22329
27281
26021
18837
7363
-5786
-17619
-25439
-27468
-23242
-13725
-1082
11807
22007
27197
26195
19228
7884
-5256
-17199
-25226
-27509
-23529
-14192
-1623
11315
21677
27103
26359
19612
8401
-4724
-16773
-25003
-27540
-23807
-14653
-2163
10819
21338
26999
26512
19989
8915
-4189
-16340
-24770
-27560
-24075
-15109
-2702
10319
20991
26884
26656
20358
9425
-3654
-15901
-24527
-27569
-24334
-15559
-3241
9815
20636
26759
26789
20719
9932
-3116
-15455
-24275
-27568
-24584
-16002
-3777
9308
20274
26623
26911
21114
10518
-2453
-14837
-23806
-27306
-24533
-16107
-3938
9213
20361
26978
27566
22001
11559
-1372
-13839
-22993
-26742
-24222
-15997
-3930
9240
20524
27363
28209
22879
12596
-290
-12834
-22172
-26167
-23901
-15880
-3920
9264
20680
27739
28842
23749
13628
792
-11825
-21342
-25582
-23571
-15756
-3909
9243
20745
27979
29298
24402
14405
1584
-11143
-20877
-25403
-23689
-16126
-4436
8719
20345
27793
29369
24713
14886
2125
-10665
-20571
-25338
-23880
-16530
-4961
8193
19937
27597
29429
25016
15362
2666
-10223
-20339
-25387
-24229
-17136
-5734
7373
19189
27016
29062
24851
15333
2666
-10277
-20557
-25843
-24942
-18067
-6795
6300
18226
26258
28559
24594
15257
2664
-10326
-20766
-26288
-25645
-18992
-7853
5226
17257
25491
28045
24328
15175
2663
-10371
-20967
-26723
-26338
-19908
-8908
4149
16281
24714
27563
24136
15213
2827
-10203
-20910
-26856
-26687
-20442
-9542
3530
15798
24470
27570
24393
15662
3365
-9699
-20553
-26729
-26818
-20801
-10048
2992
15352
24216
27566
24640
16104
3901
-9190
-20189
-26591
-26938
-21153
-10551
2454
14899
23952
27552
24878
16540
4436
-8678
-19816
-26443
-27048
-21496
-11049
1914
14441
23680
27527
25107
16970
4970
-8162
-19436
-26284
-27148
-21830
-11542
1374
13977
23398
27491
25326
17393
5501
-7644
-19048
-26116
-27237
-22157
-12032
833
13508
23107
27445
25535
17810
6030
-7122
-18653
-25937
-27316
-22475
-12517
291
13033
22807
27389
25734
18220
6557
-6598
-18251
-25749
-27384
-22784
-12996
-250
12554
22499
27321
25923
18623
7082
-6071
-17842
-25550
-27441
-23084
-13471
-791
12069
22182
27243
26102
19018
7604
-5542
-17426
-25342
-27488
-23376
-13941
-1332
11580
21856
27155
26313
19490
8248
-4844
-16795
-24874
-27233
-23325
-14030
-1456
11545
22022
27598
27014
20412
9305
-3769
-15824
-24105
-26717
-23057
-13947
-1454
11589
22221
28030
27705
21327
10359
-2692
-14846
-23326
-26190
-22779
-13859
-1451
11629
22412
28453
28385
22234
11410
-1614
-13862
-22537
-25653
-22492
-13764
-1488
11582
22470
28698
28847
22883
12165
-868
-13248
-22156
-25564
-22696
-14205
-2025
11072
22103
28557
28965
23232
12666
-329
-12794
-21890
-25547
-22932
-14640
-2559
10559
21729
28407
29072
23574
13163
169
-12418
-21740
-25686
-23366
-15318
-3384
9710
20972
27830
28711
23407
13114
168
-12494
-21998
-26190
-24125
-16282
-4457
8649
20041
27117
28256
23189
13061
167
-12565
-22247
-26683
-24873
-17239
-5527
7585
19103
26395
27791
22963
13003
167
-12631
-22487
-27166
-25612
-18188
-6595
6518
18157
25704
27398
22854
13106
375
-12442
-22426
-27304
-25965
-18715
-7203
5949
17746
25503
27453
23152
13580
916
-11957
-22107
-27224
-26142
-19108
-7724
5419
17329
25293
27498
23442
14049
1457
-11467
-21779
-27133
-26309
-19495
-8242
4888
16904
25072
27531
23722
14512
1997
-10972
-21443
-27032
-26466
-19874
-8757
4354
16474
24842
27555
23993
14969
2537
-10474
-21099
-26920
-26613
-20245
-9268
3819
16036
24603
27567
24255
15421
3075
-9971
-20747
-26798
-26749
-20609
-9776
3282
15593
24354
27569
24508
15867
3612
-9464
-20386
-26666
-26875
-20964
-10281
2744
15144
24095
27561
24751
16306
4148
-8954
-20018
-26524
-26990
-21312
-10781
2205
14688
23828
27542
24985
16739
4683
-8440
-19642
-26371
-27096
-21651
-11277
1665
14227
23551
27512
25209
17166
5215
-7923
-19258
-26208
-27190
-21982
-11769
1124
13761
23265
27430
25340
17462
5579
-7612
-19117
-26326
-27608
-22680
-12673
125
12789
22428
26837
25003
17333
5566
-7631
-19260
-26685
-28223
-23535
-13697
-958
11771
21583
26234
24656
17198
5550
-7647
-19396
-27033
-28828
-24382
-14716
-2041
10747
20728
25620
24299
17056
5531
-7660
-19526
-27372
-29423
-25220
-15689
-3041
9844
20032
25204
24182
17198
5844
-7297
-19231
-27243
-29506
-25507
-16156
-3581
9353
19703
25111
24346
17583
6361
-6765
-18806
-27020
-29538
-25786
-16618
-4122
8858
19365
25007
24501
17960
6917
-6147
-18248
-26621
-29350
-25805
-16782
-4328
8733
19435
25352
25145
18872
7969
-5070
-17268
-25838
-28819
-25523
-16691
-4324
8771
19622
25769
25820
19775
9018
-3991
-16281
-25045
-28277
-25232
-16594
-4320
8805
19802
26176
26486
20670
10063
-2911
-15289
-24243
-27724
-24931
-16490
-4313
8836
19932
26489
27016
21391
10896
-2080
-14582
-23764
-27536
-25038
-16839
-4806
8321
19554
26334
27118
21728
11391
-1540
-14120
-23486
-27503
-25259
-17264
-5338
7804
19168
26169
27211
22057
11882
-999
-13653
-23197
-27461
-25471
-17683
-5868
7283
18776
25993
27293
22378
12368
-458
-13180
-22900
-27407
-25674
-18095
-6396
6760
18376
25808
27364
22690
12849
83
-12702
-22595
-27343
-25866
-18499
-6921
6233
17969
25612
27425
22993
13326
625
-12219
-22280
-27269
-26048
-18897
-7444
5705
17555
25407
27475
23287
13797
1166
-11731
-21957
-27183
-26221
-19288
-7963
5174
17134
25192
27515
23572
14263
1706
-11239
-21625
-27088
-26383
-19671
-8480
4642
16706
24967
27544
23849
14723
2246
-10743
-21285
-26982
-26535
-20046
-8993
4107
16273
24733
27562
24116
15178
2785
-10242
-20937
-26865
-26677
-20414
-9503
3571
15832
24447
27486
24248
15461
3115
-9988
-20873
-27072
-27183
-21191
-10468
2534
14845
23652
26942
23955
15362
3110
-10021
-21050
-27477
-27846
-22084
-11512
1453
13851
22848
26387
23652
15257
3103
-10051
-21220
-27871
-28499
-22970
-12552
372
12851
22034
25821
23340
15146
3095
-10077
-21382
-28255
-29141
-23805
-13505
-585
12013
21420
25495
23309
15361
3460
-9684
-21078
-28129
-29231
-24132
-13994
-1126
11544
21130
25449
23519
15778
3990
-9162
-20684
-27951
-29310
-24451
-14479
-1667
11070
20831
25393
23719
16230
4600
-8513
-20116
-27555
-29129
-24469
-14626
-1833
11007
20981
25827
24451
17175
5667
-7445
-19165
-26816
-28646
-24228
-14560
-1833
11065
21206
26291
25172
18113
6730
-6374
-18208
-26067
-28152
-23979
-14488
-1832
11118
21423
26746
25884
19043
7791
-5302
-17244
-25308
-27647
-23720
-14411
-1831
11125
21548
27064
26419
19758
8599
-4518
-16607
-24914
-27549
-23911
-14829
-2371
10627
21206
26956
26569
20132
9111
-3984
-16172
-24677
-27565
-24176
-15282
-2909
10126
20856
26837
26708
20498
9621
-3447
-15730
-24431
-27570
-24431
-15730
-3447
9621
20498
26708
26837
20856
10126
-2909
-15282
-24176
-27565
-24677
-16172
-3984
9111
20132
26569
26956
21206
10627
-2371
-14829
-23911
-27549
-24914
-16607
-4518
8599
19758
26419
27064
21548
11125
-1831
-14370
-23637
-27522
-25141
-17036
-5052
8083
19377
26259
27162
21881
11618
-1290
-13905
-23354
-27485
-25358
-17458
-5583
7564
18988
26089
27250
22206
12107
-749
-13435
-23061
-27437
-25566
-17874
-6112
7042
18592
25909
27327
22523
12591
-208
-12960
-22760
-27379
-25764
-18282
-6638
6517
18189
25719
27393
22831
13070
333
-12479
-22451
-27310
-25951
-18684
-7162
5990
17820
25602
27574
23296
13752
1124
-11703
-21799
-26856
-25712
-18620
-7184
6002
17944
25934
28161
24128
14763
2207
-10671
-20930
-26224
-25338
-18465
-7160
6012
18062
26256
28738
24951
15768
3289
-9635
-20053
-25582
-24954
-18303
-7134
6020
18174
26569
29303
25765
16767
4370
-8595
-19167
-24929
-24602
-18217
-7229
5860
18070
26622
29567
26236
17386
5034
-8010
-18774
-24808
-24739
-18581
-7738
5323
17627
26373
29570
26489
17832
5571
-7503
-18414
-24677
-24865
-18937
-8242
4785
17178
26116
29562
26691
18189
5982
-7160
-18255
-24785
-25274
-19619
-9118
3829
16265
25349
29002
26384
18081
5975
-7188
-18421
-25175
-25921
-20500
-10156
2748
15263
24531
28431
26067
17967
5966
-7213
-18579
-25554
-26558
-21374
-11190
1666
14255
23704
27850
25740
17846
5955
-7235
-18731
-25923
-27185
-22238
-12219
625
13326
22993
27425
25612
17969
6233
-6921
-18499
-25866
-27343
-22595
-12702
83
12849
22690
27364
25808
18376
6760
-6396
-18095
-25674
-27407
-22900
-13180
-458
12368
22378
27293
25993
18776
7283
-5868
-17683
-25471
-27461
-23197
-13653
-999
11882
22057
27211
26169
19168
7804
-5338
-17264
-25259
-27503
-23486
-14120
-1540
11391
21728
27118
26334
19554
8321
-4806
-16839
-25038
-27536
-23764
-14582
-2080
10896
21391
27016
26489
19932
8836
-4272
-16407
-24806
-27557
-24034
-15039
-2619
10397
21045
26902
26634
20302
9347
-3736
-15969
-24565
-27568
-24295
-15490
-3158
9893
20692
26779
26769
20664
9854
-3199
-15524
-24315
-27569
-24546
-15935
-3695
9386
20330
26645
26893
21018
10358
-2661
-15074
-24055
-27559
-24788
-16373
-4231
8875
19960
26501
27007
21365
10858
-2122
-14618
-23786
-27538
-25020
-16806
-4765
8403
19666
26471
27278
21911
11603
-1290
-13823
-23132
-27090
-24784
-16731
-4755
8427
19823
26848
27912
22782
12636
-207
-12814
-22303
-26506
-24455
-16609
-4744
8448
19973
27215
28537
23645
13664
875
-11800
-21465
-25912
-24117
-16480
-4730
8467
20115
27572
29150
24499
14687
1958
-10780
-20618
-25348
-23851
-16469
-4881
8274
20000
27628
29420
24970
15289
2583
-10256
-20305
-25275
-24035
-16867
-5403
7746
19587
27423
29471
25265
15761
3124
-9769
-19982
-25190
-24208
-17258
-5923
7215
19166
27209
29470
25467
16102
3498
-9485
-19901
-25387
-24704
-18017
-6857
6224
18239
26443
28958
25203
16022
3496
-9531
-20104
-25824
-25399
-18934
-7912
5148
17264
25668
28436
24929
15935
3494
-9572
-20298
-26250
-26083
-19844
-8964
4071
16283
24883
27903
24645
15843
3490
-9610
-20484
-26665
-26757
-20747
-9971
3075
15421
24255
27567
24603
16036
3819
-9268
-20245
-26613
-26920
-21099
-10474
2537
14969
23993
27555
24842
16474
4354
-8757
-19874
-26466
-27032
-21443
-10972
1997
14512
23722
27531
25072
16904
4888
-8242
-19495
-26309
-27133
-21779
-11467
1457
14049
23442
27498
25293
17329
5419
-7724
-19108
-26142
-27224
-22107
-11957
916
13580
23152
27453
25503
17746
5949
-7203
-18715
-25965
-27304
-22426
-12442
375
13106
22854
27398
25704
18157
6477
-6679
-18313
-25778
-27374
-22737
-12923
-167
12628
22547
27332
25895
18561
7001
-6152
-17905
-25581
-27433
-23039
-13399
-708
12144
22231
27256
26075
18958
7524
-5623
-17490
-25375
-27482
-23332
-13869
-1249
11656
21907
27169
26246
19347
8043
-5092
-17068
-25158
-27520
-23615
-14334
-1789
11163
21574
27072
26407
19729
8559
-4559
-16640
-24932
-27547
-23890
-14794
-2287
10749
21357
27131
26766
20353
9364
-3691
-15830
-24279
-27105
-23656
-14706
-2285
10790
21550
27555
27448
21262
10415
-2613
-14848
-23492
-26570
-23370
-14612
-2281
10826
21734
27968
28119
22162
11462
-1534
-13859
-22696
-26024
-23076
-14513
-2276
10859
21910
28371
28780
23054
12506
-454
-12864
-21932
-25550
-22896
-14574
-2477
10638
21787
28431
29056
23522
13087
128
-12405
-21658
-25525
-23124
-15003
-3011
10123
21406
28272
29155
23856
13580
668
-11941
-21376
-25488
-23342
-15426
-3542
9604
21018
28061
29160
24057
13903
1001
-11721
-21376
-25775
-23925
-16259
-4529
8582
20081
27340
28696
23832
13845
1000
-11788
-21617
-26259
-24665
-17209
-5598
7516
19137
26609
28222
23599
13783
1000
-11850
-21850
-26732
-25396
-18153
-6664
6447
18185
25868
27737
23357
13716
999
-11907
-22073
-27195
-26116
-19048
-7644
5501
17393
25326
27491
23398
13977
1374
-11542
-21830
-27148
-26284
-19436
-8162
4970
16970
25107
27527
23680
14441
1914
-11049
-21496
-27048
-26443
-19816
-8678
4436
16540
24878
27552
23952
14899
2454
-10551
-21153
-26938
-26591
-20189
-9190
3901
16104
24640
27566
24216
15352
2992
-10048
-20801
-26818
-26729
-20553
-9699
3365
15662
24393
27570
24470
15798
3530
-9542
-20442
-26687
-26856
-20910
-10203
2827
15213
24136
27563
24714
16239
4066
-9033
-20075
-26546
-26973
-21259
-10704
2288
14759
23869
27545
24950
16673
4601
-8520
-19700
-26395
-27080
-21600
-11201
1748
14299
23594
27517
25175
17101
5133
-8003
-19317
-26233
-27176
-21932
-11693
1207
13833
23309
27478
25391
17522
5664
-7484
-18928
-26062
-27262
-22256
-12181
666
13362
23016
27429
25597
17937
6193
-6961
-18530
-25880
-27338
-22571
-12706
42
12761
22547
27161
25543
18053
6386
-6811
-18543
-26147
-27903
-23419
-13726
-1041
11738
21694
26548
25188
17912
6368
-6825
-18673
-26487
-28499
-24258
-14741
-2124
10711
20832
25926
24822
17763
6347
-6837
-18796
-26818
-29084
-25089
-15751
-3207
9679
19962
25293
24447
17608
6323
-6847
-18872
-27055
-29534
-25743
-16547
-4039
8934
19417
25024
24478
17903
6796
-6313
-18440
-26824
-29556
-26014
-17004
-4578
8435
19072
24911
24623
18274
7308
-5777
-18002
-26584
-29568
-26275
-17455
-5116
7932
18761
24872
24884
18803
8024
-4991
-17267
-26001
-29194
-26110
-17442
-5154
7967
18941
25281
25551
19700
9069
-3911
-16275
-25200
-28643
-25811
-17340
-5148
7998
19114
25679
26207
20588
10111
-2830
-15278
-24390
-28081
-25503
-17231
-5140
8026
19279
26067
26853
21469
11148
-1748
-14275
-23571
-27509
-25226
-17199
-5256
7884
19228
26195
27197
22007
11807
-1082
-13725
-23242
-27468
-25439
-17619
-5786
7363
18837
26021
27281
22329
12293
-541
-13253
-22947
-27416
-25643
-18032
-6315
6840
18438
25837
27354
22642
12776
0
-12776
-22642
-27354
-25837
-18438
-6840
6315
18032
25643
27416
22947
13253
541
-12293
-22329
-27281
-26021
-18837
-7363
5786
17619
25439
27468
23242
13725
1082
-11807
-22007
-27197
-26195
-19228
-7884
5256
17199
25226
27509
23529
14192
1623
-11315
-21677
-27103
-26359
-19612
-8401
4724
16773
25003
27540
23807
14653
2163
-10819
-21338
-26999
-26512
-19989
-8915
4189
16340
24770
27560
24075
15109
2702
-10319
-20991
-26884
-26656
-20358
-9425
3654
15901
24527
27569
24334
15559
3241
-9815
-20636
-26759
-26789
-20719
-9932
3116
15455
24275
27568
24584
16002
3777
-9308
-20274
-26623
-26911
-21114
-10518
2453
14837
23806
27306
24533
16107
3938
-9213
-20361
-26978
-27566
-22001
-11559
1372
13839
22993
26742
24222
15997
3930
-9240
-20524
-27363
-28209
-22879
-12596
290
12834
22172
26167
23901
15880
3920
-9264
-20680
-27739
-28842
-23749
-13628
-792
11825
21342
25582
23571
15756
3909
-9243
-20745
-27979
-29298
-24402
-14405
-1584
11143
20877
25403
23689
16126
4436
-8719
-20345
-27793
-29369
-24713
-14886
-2125
10665
20571
25338
23880
16530
4961
-8193
-19937
-27597
-29429
-25016
-15362
-2666
10223
20339
25387
24229
17136
5734
-7373
-19189
-27016
-29062
-24851
-15333
-2666
10277
20557
25843
24942
18067
6795
-6300
-18226
-26258
-28559
-24594
-15257
-2664
10326
20766
26288
25645
18992
7853
-5226
-17257
-25491
-28045
-24328
-15175
-2663
10371
20967
26723
26338
19908
8908
-4149
-16281
-24714
-27563
-24136
-15213
-2827
10203
20910
26856
26687
20442
9542
-3530
-15798
-24470
-27570
-24393
-15662
-3365
9699
20553
26729
26818
20801
10048
-2992
-15352
-24216
-27566
-24640
-16104
-3901
9190
20189
26591
26938
21153
10551
-2454
-14899
-23952
-27552
-24878
-16540
-4436
8678
19816
26443
27048
21496
11049
-1914
-14441
-23680
-27527
-25107
-16970
-4970
8162
19436
26284
27148
21830
11542
-1374
-13977
-23398
-27491
-25326
-17393
-5501
7644
19048
26116
27237
22157
12032
-833
-13508
-23107
-27445
-25535
-17810
-6030
7122
18653
25937
27316
22475
12517
-291
-13033
-22807
-27389
-25734
-18220
-6557
6598
18251
25749
27384
22784
12996
250
-12554
-22499
-27321
-25923
-18623
-7082
6071
17842
25550
27441
23084
13471
791
-12069
-22182
-27243
-26102
-19018
-7604
5542
17426
25342
27488
23376
13941
1332
-11580
-21856
-27155
-26313
-19490
-8248
4844
16795
24874
27233
23325
14030
1456
-11545
-22022
-27598
-27014
-20412
-9305
3769
15824
24105
26717
23057
13947
1454
-11589
-22221
-28030
-27705
-21327
-10359
2692
14846
23326
26190
22779
13859
1451
-11629
-22412
-28453
-28385
-22234
-11410
1614
13862
22537
25653
22492
13764
1488
-11582
-22470
-28698
-28847
-22883
-12165
868
13248
22156
25564
22696
14205
2025
-11072
-22103
-28557
-28965
-23232
-12666
329
12794
21890
25547
22932
14640
2559
-10559
-21729
-28407
-29072
-23574
-13163
-169
12418
21740
25686
23366
15318
3384
-9710
-20972
-27830
-28711
-23407
-13114
-168
12494
21998
26190
24125
16282
4457
-8649
-20041
-27117
-28256
-23189
-13061
-167
12565
22247
26683
24873
17239
5527
-7585
-19103
-26395
-27791
-22963
-13003
-167
12631
22487
27166
25612
18188
6595
-6518
-18157
-25704
-27398
-22854
-13106
-375
12442
22426
27304
25965
18715
7203
-5949
-17746
-25503
-27453
-23152
-13580
-916
11957
22107
27224
26142
19108
7724
-5419
-17329
-25293
-27498
-23442
-14049
-1457
11467
21779
27133
26309
19495
8242
-4888
-16904
-25072
-27531
-23722
-14512
-1997
10972
21443
27032
26466
19874
8757
-4354
-16474
-24842
-27555
-23993
-14969
-2537
10474
21099
26920
26613
20245
9268
-3819
-16036
-24603
-27567
-24255
-15421
-3075
9971
20747
26798
26749
20609
9776
-3282
-15593
-24354
-27569
-24508
-15867
-3612
9464
20386
26666
26875
20964
10281
-2744
-15144
-24095
-27561
-24751
-16306
-4148
8954
20018
26524
26990
21312
10781
-2205
-14688
-23828
-27542
-24985
-16739
-4683
8440
19642
26371
27096
21651
11277
-1665
-14227
-23551
-27512
-25209
-17166
-5215
7923
19258
26208
27190
21982
11769
-1124
-13761
-23265
-27430
-25340
-17462
-5579
7612
19117
26326
27608
22680
12673
-125
-12789
-22428
-26837
-25003
-17333
-5566
7631
19260
26685
28223
23535
13697
958
-11771
-21583
-26234
-24656
-17198
-5550
7647
19396
27033
28828
24382
14716
2041
-10747
-20728
-25620
-24299
-17056
-5531
7660
19526
27372
29423
25220
15689
3041
-9844
-20032
-25204
-24182
-17198
-5844
7297
19231
27243
29506
25507
16156
3581
-9353
-19703
-25111
-24346
-17583
-6361
6765
18806
27020
29538
25786
16618
4122
-8858
-19365
-25007
-24501
-17960
-6917
6147
18248
26621
29350
25805
16782
4328
-8733
-19435
-25352
-25145
-18872
-7969
5070
17268
25838
28819
25523
16691
4324
-8771
-19622
-25769
-25820
-19775
-9018
3991
16281
25045
28277
25232
16594
4320
-8805
-19802
-26176
-26486
-20670
-10063
2911
15289
24243
27724
24931
16490
4313
-8836
-19932
-26489
-27016
-21391
-10896
2080
14582
23764
27536
25038
16839
4806
-8321
-19554
-26334
-27118
-21728
-11391
1540
14120
23486
27503
25259
17264
5338
-7804
-19168
-26169
-27211
-22057
-11882
999
13653
23197
27461
25471
17683
5868
-7283
-18776
-25993
-27293
-22378
-12368
458
13180
22900
27407
25674
18095
6396
-6760
-18376
-25808
-27364
-22690
-12849
-83
12702
22595
27343
25866
18499
6921
-6233
-17969
-25612
-27425
-22993
-13326
-625
12219
22280
27269
26048
18897
7444
-5705
-17555
-25407
-27475
-23287
-13797
-1166
11731
21957
27183
26221
19288
7963
-5174
-17134
-25192
-27515
-23572
-14263
-1706
11239
21625
27088
26383
19671
8480
-4642
-16706
-24967
-27544
-23849
-14723
-2246
10743
21285
26982
26535
20046
8993
-4107
-16273
-24733
-27562
-24116
-15178
-2785
10242
20937
26865
26677
20414
9503
-3571
-15832
-24531
-27653
-24498
-15794
-3532
9488
20289
26405
26433
20357
9551
-3534
-15928
-24819
-28192
-25288
-16779
-4610
8438
19384
25727
26013
20167
9512
-3537
-16017
-25098
-28720
-26069
-17757
-5687
7384
18470
25038
25582
19970
9469
-3539
-16101
-25368
-29238
-26840
-18729
-6762
6327
17549
24338
25141
19805
9505
-3415
-16013
-25420
-29495
-27309
-19361
-7460
5684
17078
24129
25231
20132
9994
-2874
-15544
-25130
-29449
-27519
-19778
-7990
5162
16684
23951
25310
20451
10479
-2333
-15070
-24831
-29393
-27719
-20147
-8434
4763
16449
23972
25629
21052
11293
-1417
-14174
-24064
-28827
-27367
-20009
-8417
4778
16582
24316
26229
21895
12310
-334
-13148
-23206
-28208
-27006
-19863
-8397
4791
16708
24650
26818
22729
13322
749
-12118
-22340
-27579
-26634
-19710
-8374
4802
16827
24974
27397
23554
14328
1831
-11125
-21548
-27064
-26419
-19758
-8599
4518
16607
24914
27549
23911
14829
2371
-10627
-21206
-26956
-26569
-20132
-9111
3984
16172
24677
27565
24176
15282
2909
-10126
-20856
-26837
-26708
-20498
-9621
3447
15730
24431
27570
24431
15730
3447
-9621
-20498
-26708
-26837
-20856
-10126
2909
15282
24176
27565
24677
16172
3984
-9111
-20132
-26569
-26956
-21206
-10627
2371
14829
23911
27549
24914
16607
4518
-8599
-19758
-26419
-27064
-21548
-11125
1831
14370
23637
27522
25141
17036
5052
-8083
-19377
-26259
-27162
-21881
-11618
1290
13905
23354
27485
25358
17458
5583
-7564
-18988
-26089
-27250
-22206
-12107
749
13435
23061
27437
25566
17874
6112
-7042
-18592
-25909
-27327
-22523
-12591
208
12960
22760
27379
25764
18282
6638
-6517
-18189
-25719
-27393
-22831
-13070
-333
12479
22451
27310
25951
18684
7162
-5990
-17820
-25602
-27574
-23296
-13752
-1124
11703
21799
26856
25712
18620
7184
-6002
-17944
-25934
-28161
-24128
-14763
-2207
10671
20930
26224
25338
18465
7160
-6012
-18062
-26256
-28738
-24951
-15768
-3289
9635
20053
25582
24954
18303
7134
-6020
-18174
-26569
-29303
-25765
-16767
-4370
8595
19167
24929
24602
18217
7229
-5860
-18070
-26622
-29567
-26236
-17386
-5034
8010
18774
24808
24739
18581
7738
-5323
-17627
-26373
-29570
-26489
-17832
-5571
7503
18414
24677
24865
18937
8242
-4785
-17178
-26116
-29562
-26691
-18189
-5982
7160
18255
24785
25274
19619
9118
-3829
-16265
-25349
-29002
-26384
-18081
-5975
7188
18421
25175
25921
20500
10156
-2748
-15263
-24531
-28431
-26067
-17967
-5966
7213
18579
25554
26558
21374
11190
-1666
-14255
-23704
-27850
-25740
-17846
-5955
7235
18731
25923
27185
22238
12219
-625
-13326
-22993
-27425
-25612
-17969
-6233
6921
18499
25866
27343
22595
12702
-83
-12849
-22690
-27364
-25808
-18376
-6760
6396
18095
25674
27407
22900
13180
458
-12368
-22378
-27293
-25993
-18776
-7283
5868
17683
25471
27461
23197
13653
999
-11882
-22057
-27211
-26169
-19168
-7804
5338
17264
25259
27503
23486
14120
1540
-11391
-21728
-27118
-26334
-19554
-8321
4806
16839
25038
27536
23764
14582
2080
-10896
-21391
-27016
-26489
-19932
-8836
4272
16407
24806
27557
24034
15039
2619
-10397
-21045
-26902
-26634
-20302
-9347
3736
15969
24565
27568
24295
15490
3158
-9893
-20692
-26779
-26769
-20664
-9854
3199
15524
24315
27569
24546
15935
3695
-9386
-20330
-26645
-26893
-21018
-10358
2661
15074
24055
27559
24788
16373
4231
-8875
-19960
-26501
-27007
-21365
-10858
2122
14618
23786
27538
25020
16806
4765
-8403
-19666
-26471
-27278
-21911
-11603
1290
13823
23132
27090
24784
16731
4755
-8427
-19823
-26848
-27912
-22782
-12636
207
12814
22303
26506
24455
16609
4744
-8448
-19973
-27215
-28537
-23645
-13664
-875
11800
21465
25912
24117
16480
4730
-8467
-20115
-27572
-29150
-24499
-14687
-1958
10780
20618
25348
23851
16469
4881
-8274
-20000
-27628
-29420
-24970
-15289
-2583
10256
20305
25275
24035
16867
5403
-7746
-19587
-27423
-29471
-25265
-15761
-3124
9769
19982
25190
24208
17258
5923
-7215
-19166
-27209
-29470
-25467
-16102
-3498
9485
19901
25387
24704
18017
6857
-6224
-18239
-26443
-28958
-25203
-16022
-3496
9531
20104
25824
25399
18934
7912
-5148
-17264
-25668
-28436
-24929
-15935
-3494
9572
20298
26250
26083
19844
8964
-4071
-16283
-24883
-27903
-24645
-15843
-3490
9610
20484
26665
26757
20747
9971
-3075
-15421
-24255
-27567
-24603
-16036
-3819
9268
20245
26613
26920
21099
10474
-2537
-14969
-23993
-27555
-24842
-16474
-4354
8757
19874
26466
27032
21443
10972
-1997
-14512
-23722
-27531
-25072
-16904
-4888
8242
19495
26309
27133
21779
11467
-1457
-14049
-23442
-27498
-25293
-17329
-5419
7724
19108
26142
27224
22107
11957
-916
-13580
-23152
-27453
-25503
-17746
-5949
7203
18715
25965
27304
22426
12442
-375
-13106
-22854
-27398
-25704
-18157
-6477
6679
18313
25778
27374
22737
12923
167
-12628
-22547
-27332
-25895
-18561
-7001
6152
17905
25581
27433
23039
13399
708
-12144
-22231
-27256
-26075
-18958
-7524
5623
17490
25375
27482
23332
13869
1249
-11656
-21907
-27169
-26246
-19347
-8043
5092
17068
25158
27520
23615
14334
1789
-11163
-21574
-27072
-26407
-19729
-8559
4559
16640
24932
27547
23890
14794
2371
-10583
-21107
-26798
-26349
-19853
-8780
4358
16580
25113
28022
24656
15789
3451
-9540
-20216
-26138
-25948
-19678
-8748
4363
16681
25409
28570
25454
16779
4531
-8493
-19317
-25468
-25536
-19495
-8712
4368
16775
25696
29107
26242
17763
5609
-7442
-18410
-24788
-25114
-19304
-8672
4370
16864
25932
29550
26896
18574
6477
-6638
-17787
-24431
-25056
-19522
-9087
3872
16405
25658
29525
27124
19003
7011
-6123
-17406
-24272
-25155
-19856
-9580
3332
15941
25376
29488
27342
19426
7542
-5604
-17018
-24144
-25327
-20307
-10236
2583
15221
24793
29108
27175
19425
7613
-5582
-17164
-24506
-25946
-21165
-11262
1500
14205
23951
28509
26832
19293
7598
-5599
-17303
-24859
-26555
-22016
-12283
417
13183
23100
27899
26479
19153
7581
-5614
-17435
-25201
-27154
-22857
-13299
-666
12157
22240
27279
26116
19048
7644
-5501
-17393
-25326
-27491
-23398
-13977
-1374
11542
21830
27148
26284
19436
8162
-4970
-16970
-25107
-27527
-23680
-14441
-1914
11049
21496
27048
26443
19816
8678
-4436
-16540
-24878
-27552
-23952
-14899
-2454
10551
21153
26938
26591
20189
9190
-3901
-16104
-24640
-27566
-24216
-15352
-2992
10048
20801
26818
26729
20553
9699
-3365
-15662
-24393
-27570
-24470
-15798
-3530
9542
20442
26687
26856
20910
10203
-2827
-15213
-24136
-27563
-24714
-16239
-4066
9033
20075
26546
26973
21259
10704
-2288
-14759
-23869
-27545
-24950
-16673
-4601
8520
19700
26395
27080
21600
11201
-1748
-14299
-23594
-27517
-25175
-17101
-5133
8003
19317
26233
27176
21932
11693
-1207
-13833
-23309
-27478
-25391
-17522
-5664
7484
18928
26062
27262
22256
12181
-666
-13362
-23016
-27429
-25597
-17937
-6193
6961
18530
25880
27338
22571
12623
-208
-13011
-22880
-27577
-26043
-18636
-7052
6061
17709
25230
26903
22336
12560
-209
-13072
-23110
-28048
-26771
-19578
-8118
4992
16756
24487
26415
22092
12491
-209
-13128
-23332
-28509
-27489
-20513
-9180
3920
15796
23734
25917
21839
12418
-210
-13179
-23546
-28959
-28197
-21441
-10240
2847
14872
23055
25534
21743
12547
39
-12934
-23417
-29024
-28478
-21903
-10796
2313
14440
22824
25556
22014
13004
578
-12435
-23072
-28911
-28623
-22274
-11308
1777
14002
22584
25568
22275
13455
1116
-11932
-22677
-28705
-28634
-22470
-11607
1491
13850
22667
25944
22944
14359
2154
-10883
-21775
-28031
-28217
-22283
-11569
1494
13942
22950
26476
23728
15340
3231
-9831
-20864
-27345
-27791
-22088
-11528
1496
14028
23223
26998
24503
16314
4307
-8776
-19946
-26650
-27353
-21885
-11482
1498
14108
23487
27509
25226
17199
5256
-7884
-19228
-26195
-27197
-22007
-11807
1082
13725
23242
27468
25439
17619
5786
-7363
-18837
-26021
-27281
-22329
-12293
541
13253
22947
27416
25643
18032
6315
-6840
-18438
-25837
-27354
-22642
-12776
0
12776
22642
27354
25837
18438
6840
-6315
-18032
-25643
-27416
-22947
-13253
-541
12293
22329
27281
26021
18837
7363
-5786
-17619
-25439
-27468
-23242
-13725
-1082
11807
22007
27197
26195
19228
7884
-5256
-17199
-25226
-27509
-23529
-14192
-1623
11315
21677
27103
26359
19612
8401
-4724
-16773
-25003
-27540
-23807
-14653
-2163
10819
21338
26999
26512
19989
8915
-4189
-16340
-24770
-27560
-24075
-15109
-2702
10319
20991
26884
26656
20358
9425
-3654
-15901
-24527
-27569
-24334
-15559
-3241
9815
20636
26759
26789
20719
9932
-3116
-15455
-24275
-27568
-24584
-16002
-3777
9308
20274
26623
26911
21031
10352
-2703
-15171
-24222
-27806
-25116
-16773
-4688
8380
19444
25978
26482
20834
10309
-2705
-15255
-24493
-28325
-25888
-17747
-5763
7323
18524
25280
26043
20629
10262
-2707
-15334
-24755
-28834
-26651
-18713
-6837
6264
17597
24572
25592
20416
10211
-2708
-15408
-25008
-29332
-27404
-19673
-7909
5243
16745
23979
25298
20402
10405
-2416
-15143
-24877
-29403
-27689
-20126
-8436
4719
16345
23793
25369
20713
10886
-1875
-14665
-24571
-29338
-27880
-20530
-8961
4193
15937
23597
25429
21016
11362
-1334
-14140
-24172
-29137
-27895
-20719
-9234
3956
15856
23766
25895
21768
12333
-251
-13110
-23307
-28510
-27525
-20567
-9211
3967
15976
24092
26475
22594
13340
831
-12076
-22433
-27872
-27145
-20408
-9186
3976
16090
24408
27045
23411
14342
1913
-11038
-21551
-27223
-26754
-20242
-9158
3983
16197
24714
27563
24136
15213
2827
-10203
-20910
-26856
-26687
-20442
-9542
3530
15798
24470
27570
24393
15662
3365
-9699
-20553
-26729
-26818
-20801
-10048
2992
15352
24216
27566
24640
16104
3901
-9190
-20189
-26591
-26938
-21153
-10551
2454
14899
23952
27552
24878
16540
4436
-8678
-19816
-26443
-27048
-21496
-11049
1914
14441
23680
27527
25107
16970
4970
-8162
-19436
-26284
-27148
-21830
-11542
1374
13977
23398
27491
25326
17393
5501
-7644
-19048
-26116
-27237
-22157
-12032
833
13508
23107
27445
25535
17810
6030
-7122
-18653
-25937
-27316
-22475
-12517
291
13033
22807
27389
25734
18220
6557
-6598
-18251
-25749
-27384
-22784
-12996
-250
12554
22499
27321
25923
18623
7082
-6071
-17842
-25550
-27441
-23084
-13471
-791
12069
22182
27243
26102
19018
7604
-5542
-17426
-25342
-27488
-23376
-13941
-1332
11580
21856
27155
26230
19323
7998
-5177
-17211
-25374
-27816
-23992
-14780
-2289
10628
21022
26515
25847
19162
7972
-5186
-17324
-25688
-28384
-24807
-15781
-3370
9589
20138
25864
25455
18994
7942
-5192
-17429
-25992
-28940
-25612
-16775
-4451
8546
19245
25203
25052
18817
7910
-5198
-17529
-26287
-29487
-26409
-17764
-5488
7582
18470
24698
24847
18883
8165
-4868
-17248
-26156
-29564
-26696
-18205
-6025
7072
18103
24557
24965
19232
8666
-4329
-16794
-25890
-29547
-26932
-18640
-6559
6559
17729
24407
25072
19574
9163
-3748
-16251
-25490
-29353
-26950
-18818
-6801
6376
17722
24663
25628
20407
10197
-2665
-15244
-24665
-28773
-26625
-18699
-6790
6399
17874
25034
26256
21273
11227
-1583
-14232
-23830
-28183
-26290
-18572
-6777
6418
18019
25395
26874
22130
12253
-500
-13215
-22987
-27582
-25945
-18438
-6762
6435
18157
25704
27398
22854
13106
375
-12442
-22426
-27304
-25965
-18715
-7203
5949
17746
25503
27453
23152
13580
916
-11957
-22107
-27224
-26142
-19108
-7724
5419
17329
25293
27498
23442
14049
1457
-11467
-21779
-27133
-26309
-19495
-8242
4888
16904
25072
27531
23722
14512
1997
-10972
-21443
-27032
-26466
-19874
-8757
4354
16474
24842
27555
23993
14969
2537
-10474
-21099
-26920
-26613
-20245
-9268
3819
16036
24603
27567
24255
15421
3075
-9971
-20747
-26798
-26749
-20609
-9776
3282
15593
24354
27569
24508
15867
3612
-9464
-20386
-26666
-26875
-20964
-10281
2744
15144
24095
27561
24751
16306
4148
-8954
-20018
-26524
-26990
-21312
-10781
2205
14688
23828
27542
24985
16739
4683
-8440
-19642
-26371
-27096
-21651
-11277
1665
14227
23551
27512
25209
17166
5215
-7923
-19258
-26208
-27190
-21982
-11769
1124
13761
23265
27513
25507
17712
5912
-7195
-18617
-25743
-26941
-21930
-11839
1041
13789
23511
28004
26253
18667
6982
-6131
-17677
-25018
-26473
-21702
-11780
1042
13854
23749
28484
26989
19615
8050
-5063
-16730
-24283
-25995
-21465
-11716
1042
13914
23978
28953
27715
20556
9115
-3994
-15776
-23539
-25506
-21220
-11689
959
13844
24032
29204
28182
21198
9844
-3297
-15231
-23243
-25506
-21507
-12156
419
13353
23703
29111
28346
21583
10361
-2765
-14806
-23020
-25538
-21786
-12618
-122
12858
23365
29007
28501
21960
10834
-2314
-14498
-22955
-25767
-22305
-13366
-994
11983
22602
28435
28145
21788
10803
-2320
-14601
-23254
-26319
-23106
-14358
-2074
10938
21706
27769
27737
21608
10768
-2324
-14698
-23545
-26860
-23898
-15344
-3153
9889
20802
27092
27319
21420
10730
-2328
-14789
-23826
-27391
-24681
-16323
-4230
8836
19932
26489
27016
21391
10896
-2080
-14582
-23764
-27536
-25038
-16839
-4806
8321
19554
26334
27118
21728
11391
-1540
-14120
-23486
-27503
-25259
-17264
-5338
7804
19168
26169
27211
22057
11882
-999
-13653
-23197
-27461
-25471
-17683
-5868
7283
18776
25993
27293
22378
12368
-458
-13180
-22900
-27407
-25674
-18095
-6396
6760
18376
25808
27364
22690
12849
83
-12702
-22595
-27343
-25866
-18499
-6921
6233
17969
25612
27425
22993
13326
625
-12219
-22280
-27269
-26048
-18897
-7444
5705
17555
25407
27475
23287
13797
1166
-11731
-21957
-27183
-26221
-19288
-7963
5174
17134
25192
27515
23572
14263
1706
-11239
-21625
-27088
-26383
-19671
-8480
4642
16706
24967
27544
23849
14723
2246
-10743
-21285
-26982
-26535
-20046
-8993
4107
16273
24733
27562
24116
15178
2785
-10242
-20937
-26865
-26677
-20414
-9503
3571
15832
24447
27486
24248
15461
3115
-9988
-20873
-27072
-27183
-21191
-10468
2534
14845
23652
26942
23955
15362
3110
-10021
-21050
-27477
-27846
-22084
-11512
1453
13851
22848
26387
23652
15257
3103
-10051
-21220
-27871
-28499
-22970
-12552
372
12851
22034
25821
23340
15146
3095
-10077
-21382
-28255
-29141
-23805
-13505
-585
12013
21420
25495
23309
15361
3460
-9684
-21078
-28129
-29231
-24132
-13994
-1126
11544
21130
25449
23519
15778
3990
-9162
-20684
-27951
-29310
-24451
-14479
-1667
11070
20831
25393
23719
16230
4600
-8513
-20116
-27555
-29129
-24469
-14626
-1833
11007
20981
25827
24451
17175
5667
-7445
-19165
-26816
-28646
-24228
-14560
-1833
11065
21206
26291
25172
18113
6730
-6374
-18208
-26067
-28152
-23979
-14488
-1832
11118
21423
26746
25884
19043
7791
-5302
-17244
-25308
-27647
-23720
-14411
-1831
11125
21548
27064
26419
19758
8599
-4518
-16607
-24914
-27549
-23911
-14829
-2371
10627
21206
26956
26569
20132
9111
-3984
-16172
-24677
-27565
-24176
-15282
-2909
10126
20856
26837
26708
20498
9621
-3447
-15730
-24431
-27570
-24431
-15730
-3447
9621
20498
26708
26837
20856
10126
-2909
-15282
-24176
-27565
-24677
-16172
-3984
9111
20132
26569
26956
21206
10627
-2371
-14829
-23911
-27549
-24914
-16607
-4518
8599
19758
26419
27064
21548
11125
-1831
-14370
-23637
-27522
-25141
-17036
-5052
8083
19377
26259
27162
21881
11618
-1290
-13905
-23354
-27485
-25358
-17458
-5583
7564
18988
26089
27250
22206
12107
-749
-13435
-23061
-27437
-25566
-17874
-6112
7042
18592
25909
27327
22523
12591
-208
-12960
-22760
-27379
-25764
-18282
-6638
6517
18189
25719
27393
22831
13070
333
-12479
-22451
-27310
-25951
-18684
-7162
5990
17820
25602
27574
23296
13752
1124
-11703
-21799
-26856
-25712
-18620
-7184
6002
17944
25934
28161
24128
14763
2207
-10671
-20930
-26224
-25338
-18465
-7160
6012
18062
26256
28738
24951
15768
3289
-9635
-20053
-25582
-24954
-18303
-7134
6020
18174
26569
29303
25765
16767
4370
-8595
-19167
-24929
-24602
-18217
-7229
5860
18070
26622
29567
26236
17386
5034
-8010
-18774
-24808
-24739
-18581
-7738
5323
17627
26373
29570
26489
17832
5571
-7503
-18414
-24677
-24865
-18937
-8242
4785
17178
26116
29562
26691
18189
5982
-7160
-18255
-24785
-25274
-19619
-9118
3829
16265
25349
29002
26384
18081
5975
-7188
-18421
-25175
-25921
-20500
-10156
2748
15263
24531
28431
26067
17967
5966
-7213
-18579
-25554
-26558
-21374
-11190
1666
14255
23704
27850
25740
17846
5955
-7235
-18731
-25923
-27185
-22238
-12219
625
13326
22993
27425
25612
17969
6233
-6921
-18499
-25866
-27343
-22595
-12702
83
12849
22690
27364
25808
18376
6760
-6396
-18095
-25674
-27407
-22900
-13180
-458
12368
22378
27293
25993
18776
7283
-5868
-17683
-25471
-27461
-23197
-13653
-999
11882
22057
27211
26169
19168
7804
-5338
-17264
-25259
-27503
-23486
-14120
-1540
11391
21728
27118
26334
19554
8321
-4806
-16839
-25038
-27536
-23764
-14582
-2080
10896
21391
27016
26489
19932
8836
-4272
-16407
-24806
-27557
-24034
-15039
-2619
10397
21045
26902
26634
20302
9347
-3736
-15969
-24565
-27568
-24295
-15490
-3158
9893
20692
26779
26769
20664
9854
-3199
-15524
-24315
-27569
-24546
-15935
-3695
9386
20330
26645
26893
21018
10358
-2661
-15074
-24055
-27559
-24788
-16373
-4231
8875
19960
26501
27007
21365
10858
-2122
-14618
-23786
-27538
-25020
-16806
-4765
8403
19666
26471
27278
21911
11603
-1290
-13823
-23132
-27090
-24784
-16731
-4755
8427
19823
26848
27912
22782
12636
-207
-12814
-22303
-26506
-24455
-16609
-4744
8448
19973
27215
28537
23645
13664
875
-11800
-21465
-25912
-24117
-16480
-4730
8467
20115
27572
29150
24499
14687
1958
-10780
-20618
-25348
-23851
-16469
-4881
8274
20000
27628
29420
24970
15289
2583
-10256
-20305
-25275
-24035
-16867
-5403
7746
19587
27423
29471
25265
15761
3124
-9769
-19982
-25190
-24208
-17258
-5923
7215
19166
27209
29470
25467
16102
3498
-9485
-19901
-25387
-24704
-18017
-6857
6224
18239
26443
28958
25203
16022
3496
-9531
-20104
-25824
-25399
-18934
-7912
5148
17264
25668
28436
24929
15935
3494
-9572
-20298
-26250
-26083
-19844
-8964
4071
16283
24883
27903
24645
15843
3490
-9610
-20484
-26665
-26757
-20747
-9971
3075
15421
24255
27567
24603
16036
3819
-9268
-20245
-26613
-26920
-21099
-10474
2537
14969
23993
27555
24842
16474
4354
-8757
-19874
-26466
-27032
-21443
-10972
1997
14512
23722
27531
25072
16904
4888
-8242
-19495
-26309
-27133
-21779
-11467
1457
14049
23442
27498
25293
17329
5419
-7724
-19108
-26142
-27224
-22107
-11957
916
13580
23152
27453
25503
17746
5949
-7203
-18715
-25965
-27304
-22426
-12442
375
13106
22854
27398
25704
18157
6477
-6679
-18313
-25778
-27374
-22737
-12923
-167
12628
22547
27332
25895
18561
7001
-6152
-17905
-25581
-27433
-23039
-13399
-708
12144
22231
27256
26075
18958
7524
-5623
-17490
-25375
-27482
-23332
-13869
-1249
11656
21907
27169
26246
19347
8043
-5092
-17068
-25158
-27520
-23615
-14334
-1789
11163
21574
27072
26407
19729
8559
-4559
-16640
-24932
-27547
-23890
-14794
-2287
10749
21357
27131
26766
20353
9364
-3691
-15830
-24279
-27105
-23656
-14706
-2285
10790
21550
27555
27448
21262
10415
-2613
-14848
-23492
-26570
-23370
-14612
-2281
10826
21734
27968
28119
22162
11462
-1534
-13859
-22696
-26024
-23076
-14513
-2276
10859
21910
28371
28780
23054
12506
-454
-12864
-21932
-25550
-22896
-14574
-2477
10638
21787
28431
29056
23522
13087
128
-12405
-21658
-25525
-23124
-15003
-3011
10123
21406
28272
29155
23856
13580
668
-11941
-21376
-25488
-23342
-15426
-3542
9604
21018
28061
29160
24057
13903
1001
-11721
-21376
-25775
-23925
-16259
-4529
8582
20081
27340
28696
23832
13845
1000
-11788
-21617
-26259
-24665
-17209
-5598
7516
19137
26609
28222
23599
13783
1000
-11850
-21850
-26732
-25396
-18153
-6664
6447
18185
25868
27737
23357
13716
999
-11907
-22073
-27195
-26116
-19048
-7644
5501
17393
25326
27491
23398
13977
1374
-11542
-21830
-27148
-26284
-19436
-8162
4970
16970
25107
27527
23680
14441
1914
-11049
-21496
-27048
-26443
-19816
-8678
4436
16540
24878
27552
23952
14899
2454
-10551
-21153
-26938
-26591
-20189
-9190
3901
16104
24640
27566
24216
15352
2992
-10048
-20801
-26818
-26729
-20553
-9699
3365
15662
24393
27570
24470
15798
3530
-9542
-20442
-26687
-26856
-20910
-10203
2827
15213
24136
27563
24714
16239
4066
-9033
-20075
-26546
-26973
-21259
-10704
2288
14759
23869
27545
24950
16673
4601
-8520
-19700
-26395
-27080
-21600
-11201
1748
14299
23594
27517
25175
17101
5133
-8003
-19317
-26233
-27176
-21932
-11693
1207
13833
23309
27478
25391
17522
5664
-7484
-18928
-26062
-27262
-22256
-12181
666
13362
23016
27429
25597
17937
6193
-6961
-18530
-25880
-27338
-22571
-12706
42
12761
22547
27161
25543
18053
6386
-6811
-18543
-26147
-27903
-23419
-13726
-1041
11738
21694
26548
25188
17912
6368
-6825
-18673
-26487
-28499
-24258
-14741
-2124
10711
20832
25926
24822
17763
6347
-6837
-18796
-26818
-29084
-25089
-15751
-3207
9679
19962
25293
24447
17608
6323
-6847
-18872
-27055
-29534
-25743
-16547
-4039
8934
19417
25024
24478
17903
6796
-6313
-18440
-26824
-29556
-26014
-17004
-4578
8435
19072
24911
24623
18274
7308
-5777
-18002
-26584
-29568
-26275
-17455
-5116
7932
18761
24872
24884
18803
8024
-4991
-17267
-26001
-29194
-26110
-17442
-5154
7967
18941
25281
25551
19700
9069
-3911
-16275
-25200
-28643
-25811
-17340
-5148
7998
19114
25679
26207
20588
10111
-2830
-15278
-24390
-28081
-25503
-17231
-5140
8026
19279
26067
26853
21469
11148
-1748
-14275
-23571
-27509
-25226
-17199
-5256
7884
19228
26195
27197
22007
11807
-1082
-13725
-23242
-27468
-25439
-17619
-5786
7363
18837
26021
27281
22329
12293
-541
-13253
-22947
-27416
-25643
-18032
-6315
6840
18438
25837
27354
22642
12776
0
-12776
-22642
-27354
-25837
-18438
-6840
6315
18032
25643
27416
22947
13253
541
-12293
-22329
-27281
-26021
-18837
-7363
5786
17619
25439
27468
23242
13725
1082
-11807
-22007
-27197
-26195
-19228
-7884
5256
17199
25226
27509
23529
14192
1623
-11315
-21677
-27103
-26359
-19612
-8401
4724
16773
25003
27540
23807
14653
2163
-10819
-21338
-26999
-26512
-19989
-8915
4189
16340
24770
27560
24075
15109
2702
-10319
-20991
-26884
-26656
-20358
-9425
3654
15901
24527
27569
24334
15559
3241
-9815
-20636
-26759
-26789
-20719
-9932
3116
15455
24275
27568
24584
16002
3777
-9308
-20274
-26623
-26911
-21031
-10352
2703
15171
24222
27806
25116
16773
4688
-8380
-19444
-25978
-26482
-20834
-10309
2705
15255
24493
28325
25888
17747
5763
-7323
-18524
-25280
-26043
-20629
-10262
2707
15334
24755
28834
26651
18713
6837
-6264
-17597
-24572
-25592
-20416
-10211
2708
15408
25008
29332
27404
19673
7909
-5243
-16745
-23979
-25298
-20402
-10405
2416
15143
24877
29403
27689
20126
8436
-4719
-16345
-23793
-25369
-20713
-10886
1875
14665
24571
29338
27880
20530
8961
-4193
-15937
-23597
-25429
-21016
-11362
1334
14140
24172
29137
27895
20719
9234
-3956
-15856
-23766
-25895
-21768
-12333
251
13110
23307
28510
27525
20567
9211
-3967
-15976
-24092
-26475
-22594
-13340
-831
12076
22433
27872
27145
20408
9186
-3976
-16090
-24408
-27045
-23411
-14342
-1913
11038
21551
27223
26754
20242
9158
-3983
-16197
-24714
-27563
-24136
-15213
-2827
10203
20910
26856
26687
20442
9542
-3530
-15798
-24470
-27570
-24393
-15662
-3365
9699
20553
26729
26818
20801
10048
-2992
-15352
-24216
-27566
-24640
-16104
-3901
9190
20189
26591
26938
21153
10551
-2454
-14899
-23952
-27552
-24878
-16540
-4436
8678
19816
26443
27048
21496
11049
-1914
-14441
-23680
-27527
-25107
-16970
-4970
8162
19436
26284
27148
21830
11542
-1374
-13977
-23398
-27491
-25326
-17393
-5501
7644
19048
26116
27237
22157
12032
-833
-13508
-23107
-27445
-25535
-17810
-6030
7122
18653
25937
27316
22475
12517
-291
-13033
-22807
-27389
-25734
-18220
-6557
6598
18251
25749
27384
22784
12996
250
-12554
-22499
-27321
-25923
-18623
-7082
6071
17842
25550
27441
23084
13471
791
-12069
-22182
-27243
-26102
-19018
-7604
5542
17426
25342
27488
23376
13941
1332
-11580
-21856
-27155
-26230
-19323
-7998
5177
17211
25374
27816
23992
14780
2289
-10628
-21022
-26515
-25847
-19162
-7972
5186
17324
25688
28384
24807
15781
3370
-9589
-20138
-25864
-25455
-18994
-7942
5192
17429
25992
28940
25612
16775
4451
-8546
-19245
-25203
-25052
-18817
-7910
5198
17529
26287
29487
26409
17764
5488
-7582
-18470
-24698
-24847
-18883
-8165
4868
17248
26156
29564
26696
18205
6025
-7072
-18103
-24557
-24965
-19232
-8666
4329
16794
25890
29547
26932
18640
6559
-6559
-17729
-24407
-25072
-19574
-9163
3748
16251
25490
29353
26950
18818
6801
-6376
-17722
-24663
-25628
-20407
-10197
2665
15244
24665
28773
26625
18699
6790
-6399
-17874
-25034
-26256
-21273
-11227
1583
14232
23830
28183
26290
18572
6777
-6418
-18019
-25395
-26874
-22130
-12253
500
13215
22987
27582
25945
18438
6762
-6435
-18157
-25704
-27398
-22854
-13106
-375
12442
22426
27304
25965
18715
7203
-5949
-17746
-25503
-27453
-23152
-13580
-916
11957
22107
27224
26142
19108
7724
-5419
-17329
-25293
-27498
-23442
-14049
-1457
11467
21779
27133
26309
19495
8242
-4888
-16904
-25072
-27531
-23722
-14512
-1997
10972
21443
27032
26466
19874
8757
-4354
-16474
-24842
-27555
-23993
-14969
-2537
10474
21099
26920
26613
20245
9268
-3819
-16036
-24603
-27567
-24255
-15421
-3075
9971
20747
26798
26749
20609
9776
-3282
-15593
-24354
-27569
-24508
-15867
-3612
9464
20386
26666
26875
20964
10281
-2744
-15144
-24095
-27561
-24751
-16306
-4148
8954
20018
26524
26990
21312
10781
-2205
-14688
-23828
-27542
-24985
-16739
-4683
8440
19642
26371
27096
21651
11277
-1665
-14227
-23551
-27512
-25209
-17166
-5215
7923
19258
26208
27190
21982
11769
-1124
-13761
-23265
-27513
-25507
-17712
-5912
7195
18617
25743
26941
21930
11839
-1041
-13789
-23511
-28004
-26253
-18667
-6982
6131
17677
25018
26473
21702
11780
-1042
-13854
-23749
-28484
-26989
-19615
-8050
5063
16730
24283
25995
21465
11716
-1042
-13914
-23978
-28953
-27715
-20556
-9115
3994
15776
23539
25506
21220
11689
-959
-13844
-24032
-29204
-28182
-21198
-9844
3297
15231
23243
25506
21507
12156
-419
-13353
-23703
-29111
-28346
-21583
-10361
2765
14806
23020
25538
21786
12618
122
-12858
-23365
-29007
-28501
-21960
-10834
2314
14498
22955
25767
22305
13366
994
-11983
-22602
-28435
-28145
-21788
-10803
2320
14601
23254
26319
23106
14358
2074
-10938
-21706
-27769
-27737
-21608
-10768
2324
14698
23545
26860
23898
15344
3153
-9889
-20802
-27092
-27319
-21420
-10730
2328
14789
23826
27391
24681
16323
4230
-8836
-19932
-26489
-27016
-21391
-10896
2080
14582
23764
27536
25038
16839
4806
-8321
-19554
-26334
-27118
-21728
-11391
1540
14120
23486
27503
25259
17264
5338
-7804
-19168
-26169
-27211
-22057
-11882
999
13653
23197
27461
25471
17683
5868
-7283
-18776
-25993
-27293
-22378
-12368
458
13180
22900
27407
25674
18095
6396
-6760
-18376
-25808
-27364
-22690
-12849
-83
12702
22595
27343
25866
18499
6921
-6233
-17969
-25612
-27425
-22993
-13326
-625
12219
22280
27269
26048
18897
7444
-5705
-17555
-25407
-27475
-23287
-13797
-1166
11731
21957
27183
26221
19288
7963
-5174
-17134
-25192
-27515
-23572
-14263
-1706
11239
21625
27088
26383
19671
8480
-4642
-16706
-24967
-27544
-23849
-14723
-2246
10743
21285
26982
26535
20046
8993
-4107
-16273
-24733
-27562
-24116
-15178
-2785
10242
20937
26865
26677
20414
9503
-3571
-15832
-24531
-27653
-24498
-15794
-3532
9488
20289
26405
26433
20357
9551
-3534
-15928
-24819
-28192
-25288
-16779
-4610
8438
19384
25727
26013
20167
9512
-3537
-16017
-25098
-28720
-26069
-17757
-5687
7384
18470
25038
25582
19970
9469
-3539
-16101
-25368
-29238
-26840
-18729
-6762
6327
17549
24338
25141
19805
9505
-3415
-16013
-25420
-29495
-27309
-19361
-7460
5684
17078
24129
25231
20132
9994
-2874
-15544
-25130
-29449
-27519
-19778
-7990
5162
16684
23951
25310
20451
10479
-2333
-15070
-24831
-29393
-27719
-20147
-8434
4763
16449
23972
25629
21052
11293
-1417
-14174
-24064
-28827
-27367
-20009
-8417
4778
16582
24316
26229
21895
12310
-334
-13148
-23206
-28208
-27006
-19863
-8397
4791
16708
24650
26818
22729
13322
749
-12118
-22340
-27579
-26634
-19710
-8374
4802
16827
24974
27397
23554
14328
1831
-11125
-21548
-27064
-26419
-19758
-8599
4518
16607
24914
27549
23911
14829
2371
-10627
-21206
-26956
-26569
-20132
-9111
3984
16172
24677
27565
24176
15282
2909
-10126
-20856
-26837
-26708
-20498
-9621
3447
15730
24431
27570
24431
15730
3447
-9621
-20498
-26708
-26837
-20856
-10126
2909
15282
24176
27565
24677
16172
3984
-9111
-20132
-26569
-26956
-21206
-10627
2371
14829
23911
27549
24914
16607
4518
-8599
-19758
-26419
-27064
-21548
-11125
1831
14370
23637
27522
25141
17036
5052
-8083
-19377
-26259
-27162
-21881
-11618
1290
13905
23354
27485
25358
17458
5583
-7564
-18988
-26089
-27250
-22206
-12107
749
13435
23061
27437
25566
17874
6112
-7042
-18592
-25909
-27327
-22523
-12591
208
12960
22760
27379
25764
18282
6638
-6517
-18189
-25719
-27393
-22831
-13070
-333
12479
22451
27310
25951
18684
7162
-5990
-17737
-25436
-27324
-22963
-13336
-624
12286
22465
27606
26546
19537
8184
-4919
-16778
-24684
-26828
-22711
-13263
-624
12338
22680
28057
27255
20465
9244
-3845
-15812
-23923
-26321
-22451
-13185
-622
12385
22886
28499
27954
21387
10301
-2770
-14840
-23152
-25803
-22181
-13101
-620
12429
23084
28929
28602
22217
11229
-1860
-14070
-22622
-25567
-22236
-13386
-1034
12010
22774
28808
28739
22581
11738
-1323
-13627
-22373
-25570
-22489
-13832
-1571
11503
22414
28677
28865
22937
12242
-785
-13178
-22116
-25562
-22775
-14356
-2232
10827
21838
28285
28690
22952
12368
-663
-13182
-22349
-26085
-23551
-15331
-3308
9772
20921
27591
28255
22750
12322
-665
-13263
-22614
-26598
-24317
-16300
-4383
8713
19996
26887
27808
22540
12273
-666
-13339
-22870
-27100
-25074
-17263
-5455
7652
19064
26173
27352
22322
12219
-625
-13326
-22993
-27425
-25612
-17969
-6233
6921
18499
25866
27343
22595
12702
-83
-12849
-22690
-27364
-25808
-18376
-6760
6396
18095
25674
27407
22900
13180
458
-12368
-22378
-27293
-25993
-18776
-7283
5868
17683
25471
27461
23197
13653
999
-11882
-22057
-27211
-26169
-19168
-7804
5338
17264
25259
27503
23486
14120
1540
-11391
-21728
-27118
-26334
-19554
-8321
4806
16839
25038
27536
23764
14582
2080
-10896
-21391
-27016
-26489
-19932
-8836
4272
16407
24806
27557
24034
15039
2619
-10397
-21045
-26902
-26634
-20302
-9347
3736
15969
24565
27568
24295
15490
3158
-9893
-20692
-26779
-26769
-20664
-9854
3199
15524
24315
27569
24546
15935
3695
-9386
-20330
-26645
-26893
-21018
-10358
2661
15074
24055
27559
24788
16373
4231
-8875
-19960
-26501
-27007
-21365
-10858
2122
14618
23786
27538
25020
16806
4765
-8403
-19666
-26471
-27278
-21911
-11603
1290
13823
23132
27090
24784
16731
4755
-8427
-19823
-26848
-27912
-22782
-12636
207
12814
22303
26506
24455
16609
4744
-8448
-19973
-27215
-28537
-23645
-13664
-875
11800
21465
25912
24117
16480
4730
-8467
-20115
-27572
-29150
-24499
-14687
-1958
10780
20618
25348
23851
16469
4881
-8274
-20000
-27628
-29420
-24970
-15289
-2583
10256
20305
25275
24035
16867
5403
-7746
-19587
-27423
-29471
-25265
-15761
-3124
9769
19982
25190
24208
17258
5923
-7215
-19166
-27209
-29470
-25467
-16102
-3498
9485
19901
25387
24704
18017
6857
-6224
-18239
-26443
-28958
-25203
-16022
-3496
9531
20104
25824
25399
18934
7912
-5148
-17264
-25668
-28436
-24929
-15935
-3494
9572
20298
26250
26083
19844
8964
-4071
-16283
-24883
-27903
-24645
-15843
-3490
9610
20484
26665
26757
20747
9971
-3075
-15421
-24255
-27567
-24603
-16036
-3819
9268
20245
26613
26920
21099
10474
-2537
-14969
-23993
-27555
-24842
-16474
-4354
8757
19874
26466
27032
21443
10972
-1997
-14512
-23722
-27531
-25072
-16904
-4888
8242
19495
26309
27133
21779
11467
-1457
-14049
-23442
-27498
-25293
-17329
-5419
7724
19108
26142
27224
22107
11957
-916
-13580
-23152
-27453
-25503
-17746
-5949
7203
18715
25965
27304
22426
12442
-375
-13106
-22854
-27398
-25704
-18157
-6477
6679
18313
25778
27374
22737
12923
167
-12628
-22547
-27332
-25895
-18561
-7001
6152
17905
25581
27433
23039
13399
708
-12144
-22231
-27256
-26075
-18958
-7524
5623
17490
25375
27482
23332
13869
1249
-11656
-21907
-27169
-26246
-19347
-8043
5092
17068
25158
27520
23615
14334
1789
-11163
-21574
-27072
-26407
-19729
-8559
4559
16640
24932
27547
23890
14794
2371
-10583
-21107
-26798
-26349
-19853
-8780
4358
16580
25113
28022
24656
15789
3451
-9540
-20216
-26138
-25948
-19678
-8748
4363
16681
25409
28570
25454
16779
4531
-8493
-19317
-25468
-25536
-19495
-8712
4368
16775
25696
29107
26242
17763
5609
-7442
-18410
-24788
-25114
-19304
-8672
4370
16864
25932
29550
26896
18574
6477
-6638
-17787
-24431
-25056
-19522
-9087
3872
16405
25658
29525
27124
19003
7011
-6123
-17406
-24272
-25155
-19856
-9580
3332
15941
25376
29488
27342
19426
7542
-5604
-17018
-24144
-25327
-20307
-10236
2583
15221
24793
29108
27175
19425
7613
-5582
-17164
-24506
-25946
-21165
-11262
1500
14205
23951
28509
26832
19293
7598
-5599
-17303
-24859
-26555
-22016
-12283
417
13183
23100
27899
26479
19153
7581
-5614
-17435
-25201
-27154
-22857
-13299
-666
12157
22240
27279
26116
19048
7644
-5501
-17393
-25326
-27491
-23398
-13977
-1374
11542
21830
27148
26284
19436
8162
-4970
-16970
-25107
-27527
-23680
-14441
-1914
11049
21496
27048
26443
19816
8678
-4436
-16540
-24878
-27552
-23952
-14899
-2454
10551
21153
26938
26591
20189
9190
-3901
-16104
-24640
-27566
-24216
-15352
-2992
10048
20801
26818
26729
20553
9699
-3365
-15662
-24393
-27570
-24470
-15798
-3530
9542
20442
26687
26856
20910
10203
-2827
-15213
-24136
-27563
-24714
-16239
-4066
9033
20075
26546
26973
21259
10704
-2288
-14759
-23869
-27545
-24950
-16673
-4601
8520
19700
26395
27080
21600
11201
-1748
-14299
-23594
-27517
-25175
-17101
-5133
8003
19317
26233
27176
21932
11693
-1207
-13833
-23309
-27478
-25391
-17522
-5664
7484
18928
26062
27262
22256
12181
-666
-13362
-23016
-27429
-25597
-17937
-6193
6961
18530
25880
27338
22571
12706
-42
-12761
-22547
-27161
-25543
-18053
-6386
6811
18543
26147
27903
23419
13726
1041
-11738
-21694
-26548
-25188
-17912
-6368
6825
18673
26487
28499
24258
14741
2124
-10711
-20832
-25926
-24822
-17763
-6347
6837
18796
26818
29084
25089
15751
3207
-9679
-19962
-25293
-24447
-17608
-6323
6847
18872
27055
29534
25743
16547
4039
-8934
-19417
-25024
-24478
-17903
-6796
6313
18440
26824
29556
26014
17004
4578
-8435
-19072
-24911
-24623
-18274
-7308
5777
18002
26584
29568
26275
17455
5116
-7932
-18761
-24872
-24884
-18803
-8024
4991
17267
26001
29194
26110
17442
5154
-7967
-18941
-25281
-25551
-19700
-9069
3911
16275
25200
28643
25811
17340
5148
-7998
-19114
-25679
-26207
-20588
-10111
2830
15278
24390
28081
25503
17231
5140
-8026
-19279
-26067
-26853
-21469
-11148
1748
14275
23571
27509
25226
17199
5256
-7884
-19228
-26195
-27197
-22007
-11807
1082
13725
23242
27468
25439
17619
5786
-7363
-18837
-26021
-27281
-22329
-12293
541
13253
22947
27416
25643
18032
6315
-6840
-18438
-25837
-27354
-22642
-12776
