0
12776
22642
27354
25837
18438
6840
-6315
-18032
-25643
-27416
-22947
-13253
-541
12293
22329
27281
26021
18837
7363
-5786
-17619
-25439
-27468
-23242
-13725
-1082
11807
22007
27197
26195
19228
7884
-5256
-17199
-25226
-27509
-23529
-14192
-1623
11315
21677
27103
26359
19612
8401
-4724
-16773
-25003
-27540
-23807
-14653
-2163
10819
21338
26999
26512
19989
8915
-4189
-16340
-24770
-27560
-24075
-15109
-2702
10319
20991
26884
26656
20358
9425
-3654
-15901
-24527
-27569
-24334
-15559
-3241
9815
20636
26759
26789
20719
9932
-3116
-15455
-24275
-27568
-24584
-16002
-3777
9308
20274
26623
26911
21093
10477
-2515
-14921
-23910
-27431
-24678
-16273
-4125
9005
20132
26728
27295
21709
11247
-1705
-14193
-23368
-27138
-24638
-16434
-4388
8761
20024
26842
27668
22316
12012
-894
-13459
-22818
-26834
-24588
-16588
-4649
8514
19909
26947
28030
22916
12773
-83
-12721
-22258
-26519
-24529
-16735
-4909
8264
19787
27042
28382
23506
13530
729
-11976
-21690
-26194
-24460
-16876
-5165
8011
19657
27126
28723
24088
14282
1542
-11227
-21112
-25859
-24380
-17009
-5420
7755
19520
27201
29054
24662
15029
2354
-10473
-20526
-25512
-24291
-17136
-5671
7498
19377
27266
29374
25226
15771
3166
-9714
-19932
-25176
-24233
-17317
-6003
7133
19101
27175
29517
25594
16299
3748
-9201
-19600
-25080
-24395
-17700
-6520
6601
18673
26950
29545
25869
16759
4288
-8704
-19259
-24973
-24546
-18075
-7033
6066
18239
26714
29542
26094
17151
4743
-8308
-19035
-25002
-24854
-18629
-7751
5301
17548
26199
29278
26080
17328
5010
-8074
-18949
-25145
-25255
-19260
-8528
4492
16831
25674
29004
26057
17500
5276
-7836
-18855
-25278
-25647
-19882
-9301
3683
16107
25140
28719
26024
17665
5540
-7595
-18754
-25401
-26028
-20496
-10069
2872
15378
24596
28423
25982
17824
5803
-7350
-18644
-25513
-26398
-21101
-10834
2061
14644
24044
28116
25930
17977
6064
-7102
-18527
-25616
-26758
-21698
-11594
1249
13903
23482
27799
25868
18123
6322
-6851
-18403
-25708
-27107
-22287
-12350
437
13158
22911
27472
25796
18262
6578
-6598
-18251
-25749
-27384
-22784
-12996
-250
12554
22499
27321
25923
18623
7082
-6071
-17842
-25550
-27441
-23084
-13471
-791
12069
22182
27243
26102
19018
7604
-5542
-17426
-25342
-27488
-23376
-13941
-1332
11580
21856
27155
26272
19406
8123
-5011
-17003
-25124
-27525
-23658
-14405
-1872
11087
21522
27056
26431
19787
8638
-4477
-16574
-24896
-27550
-23932
-14864
-2412
10589
21179
26947
26580
20160
9151
-3942
-16138
-24659
-27565
-24196
-15317
-2951
10087
20829
26828
26718
20526
9660
-3406
-15696
-24412
-27570
-24451
-15764
-3488
9582
20470
26698
26847
20883
10165
-2868
-15248
-24156
-27564
-24696
-16205
-4025
9072
20103
26557
26965
21232
10666
-2329
-14794
-23890
-27547
-24932
-16640
-4559
8559
19729
26407
27072
21574
11163
-1789
-14334
-23615
-27520
-25158
-17068
-5092
8043
19347
26246
27169
21907
11656
-1249
-13869
-23332
-27482
-25375
-17490
-5623
7524
18958
26075
27256
22231
12144
-708
-13399
-23039
-27433
-25581
-17905
-6152
7001
18561
25895
27332
22547
12628
-167
-12923
-22737
-27374
-25778
-18313
-6679
6477
18157
25704
27398
22854
13106
375
-12442
-22426
-27304
-25965
-18715
-7203
5949
17746
25503
27453
23152
13580
916
-11957
-22107
-27224
-26142
-19108
-7724
5419
17329
25293
27498
23442
14049
1457
-11467
-21779
-27133
-26309
-19495
-8242
4888
16904
25072
27531
23722
14512
1997
-10972
-21443
-27032
-26466
-19874
-8757
4354
16474
24842
27555
23993
14969
2537
-10474
-21099
-26920
-26613
-20245
-9268
3819
16036
24603
27567
24255
15421
3075
-9971
-20747
-26798
-26749
-20609
-9776
3282
15593
24354
27569
24508
15867
3612
-9464
-20386
-26666
-26875
-20964
-10281
2744
15144
24095
27561
24751
16306
4148
-8954
-20018
-26524
-26990
-21312
-10781
2205
14688
23828
27542
24985
16739
4683
-8440
-19642
-26371
-27096
-21651
-11277
1665
14227
23551
27512
25209
17166
5215
-7923
-19258
-26208
-27190
-21982
-11769
1124
13761
23265
27451
25382
17524
5662
-7508
-18992
-26180
-27441
-22492
-12464
354
13039
22699
27129
25315
17667
5920
-7256
-18864
-26268
-27786
-23077
-13218
-458
12292
22124
26796
25239
17802
6175
-7001
-18730
-26346
-28120
-23653
-13966
-1271
11539
21541
26453
25153
17931
6427
-6744
-18588
-26414
-28443
-24220
-14710
-2082
10782
20949
26100
25057
18052
6677
-6484
-18440
-26472
-28756
-24778
-15448
-2894
10020
20348
25736
24950
18166
6924
-6223
-18285
-26520
-29059
-25327
-16180
-3705
9253
19740
25361
24834
18273
7167
-5960
-18123
-26559
-29350
-25867
-16907
-4515
8483
19123
24977
24707
18372
7407
-5695
-17935
-26546
-29569
-26315
-17524
-5199
7854
18664
24769
24779
18692
7893
-5158
-17490
-26295
-29568
-26565
-17969
-5736
7347
18302
24634
24902
19045
8397
-4619
-17039
-26034
-29557
-26806
-18407
-6272
6836
17952
24531
25078
19474
9000
-3955
-16437
-25598
-29348
-26829
-18609
-6556
6592
17845
24647
25452
20082
9766
-3144
-15704
-25048
-29045
-26780
-18764
-6817
6345
17731
24752
25815
20682
10528
-2333
-14965
-24489
-28731
-26721
-18912
-7076
6096
17609
24847
26168
21274
11285
-1521
-14221
-23921
-28407
-26653
-19053
-7333
5843
17480
24933
26510
21856
12037
-708
-13473
-23345
-28072
-26574
-19187
-7588
5588
17344
25008
26841
22430
12784
104
-12719
-22759
-27727
-26486
-19314
-7839
5330
17200
25074
27162
22995
13526
916
-11960
-22165
-27371
-26387
-19434
-8088
5070
17050
25130
27473
23551
14263
1706
-11239
-21625
-27088
-26383
-19671
-8480
4642
16706
24967
27544
23849
14723
2246
-10743
-21285
-26982
-26535
-20046
-8993
4107
16273
24733
27562
24116
15178
2785
-10242
-20937
-26865
-26677
-20414
-9503
3571
15832
24489
27570
24373
15627
3323
-9738
-20581
-26739
-26808
-20774
-10010
3034
15386
24236
27567
24622
16070
3860
-9229
-20217
-26602
-26929
-21126
-10512
2495
14934
23973
27553
24860
16507
4395
-8717
-19845
-26454
-27040
-21470
-11010
1955
14476
23701
27529
25090
16937
4929
-8202
-19465
-26297
-27141
-21805
-11505
1415
14013
23420
27495
25309
17361
5460
-7684
-19078
-26129
-27231
-22132
-11994
874
13544
23130
27449
25519
17778
5990
-7162
-18684
-25951
-27310
-22451
-12479
333
13070
22831
27393
25719
18189
6517
-6638
-18282
-25764
-27379
-22760
-12960
-208
12591
22523
27327
25909
18592
7042
-6112
-17874
-25566
-27437
-23061
-13435
-749
12107
22206
27250
26089
18988
7564
-5583
-17458
-25358
-27485
-23354
-13905
-1290
11618
21881
27162
26259
19377
8083
-5052
-17036
-25141
-27522
-23637
-14370
-1831
11125
21548
27064
26419
19758
8599
-4518
-16607
-24914
-27549
-23911
-14829
-2371
10627
21206
26956
26569
20132
9111
-3984
-16172
-24677
-27565
-24176
-15282
-2909
10126
20856
26837
26708
20498
9621
-3447
-15730
-24431
-27570
-24431
-15730
-3447
9621
20498
26708
26837
20856
10126
-2909
-15282
-24176
-27565
-24677
-16172
-3984
9111
20132
26569
26956
21206
10627
-2371
-14829
-23911
-27549
-24914
-16607
-4518
8599
19758
26419
27064
21548
11125
-1831
-14370
-23637
-27522
-25141
-17036
-5052
8083
19377
26259
27162
21881
11618
-1290
-13905
-23354
-27485
-25358
-17458
-5583
7564
18988
26089
27250
22206
12107
-749
-13435
-23061
-27437
-25566
-17874
-6112
7042
18592
25909
27327
22523
12591
-208
-12960
-22760
-27379
-25764
-18282
-6638
6517
18189
25719
27393
22831
13070
333
-12479
-22451
-27310
-25951
-18684
-7162
5990
17799
25561
27512
23213
13648
999
-11848
-21965
-27043
-25921
-18849
-7434
5731
17653
25622
27828
23774
14388
1811
-11088
-21367
-26682
-25818
-18965
-7681
5470
17500
25673
28133
24326
15122
2622
-10323
-20761
-26311
-25704
-19074
-7926
5208
17340
25714
28428
24869
15851
3433
-9554
-20147
-25929
-25581
-19175
-8167
4943
17174
25747
28713
25402
16574
4242
-8780
-19524
-25537
-25447
-19269
-8404
4677
17002
25769
28986
25926
17291
5050
-8003
-18893
-25135
-25303
-19354
-8638
4410
16824
25782
29249
26441
18002
5857
-7223
-18255
-24722
-25149
-19431
-8868
4142
16640
25786
29502
26946
18706
6642
-6480
-17671
-24383
-25088
-19625
-9239
3706
16263
25572
29515
27192
19134
7174
-5963
-17288
-24221
-25183
-19957
-9731
3166
15797
25287
29475
27407
19555
7705
-5444
-16897
-24048
-25269
-20280
-10219
2604
15284
24930
29341
27508
19844
8088
-5088
-16687
-24074
-25572
-20845
-10973
1792
14537
24356
29010
27433
19980
8343
-4833
-16553
-24153
-25907
-21421
-11721
979
13785
23774
28668
27347
20109
8596
-4576
-16412
-24221
-26231
-21989
-12465
167
13028
23182
28315
27252
20231
8845
-4317
-16264
-24280
-26545
-22548
-13204
-644
12266
22582
27952
27147
20345
9092
-4056
-16109
-24329
-26848
-23098
-13937
-1455
11500
21974
27578
27031
20452
9336
-3793
-15948
-24369
-27141
-23639
-14664
-2265
10730
21358
27194
26905
20552
9576
-3528
-15781
-24398
-27423
-24170
-15386
-3074
9956
20733
26800
26769
20664
9854
-3199
-15524
-24315
-27569
-24546
-15935
-3695
9386
20330
26645
26893
21018
10358
-2661
-15074
-24055
-27559
-24788
-16373
-4231
8875
19960
26501
27007
21365
10858
-2122
-14618
-23786
-27538
-25020
-16806
-4765
8361
19583
26346
27111
21703
11353
-1581
-14156
-23507
-27506
-25243
-17231
-5297
7844
19198
26182
27204
22032
11844
-1041
-13689
-23220
-27464
-25455
-17651
-5827
7323
18806
26007
27287
22353
12331
-500
-13216
-22924
-27412
-25658
-18063
-6355
6800
18407
25822
27359
22666
12812
42
-12739
-22618
-27348
-25851
-18469
-6881
6274
18000
25628
27420
22970
13289
583
-12256
-22305
-27275
-26035
-18867
-7403
5746
17587
25423
27471
23265
13761
1124
-11769
-21982
-27190
-26208
-19258
-7923
5215
17166
25209
27512
23551
14227
1665
-11277
-21651
-27096
-26371
-19642
-8440
4683
16739
24985
27542
23828
14688
2205
-10781
-21312
-26990
-26524
-20018
-8954
4148
16306
24751
27561
24095
15144
2744
-10281
-20964
-26875
-26666
-20386
-9464
3612
15867
24508
27569
24354
15593
3282
-9776
-20609
-26749
-26798
-20747
-9971
3075
15421
24255
27567
24603
16036
3819
-9268
-20245
-26613
-26920
-21099
-10474
2537
14969
23993
27555
24842
16474
4354
-8757
-19874
-26466
-27032
-21443
-10972
1997
14512
23722
27531
25072
16904
4888
-8242
-19495
-26309
-27133
-21779
-11467
1457
14049
23442
27498
25293
17329
5419
-7724
-19108
-26142
-27224
-22107
-11957
916
13580
23152
27453
25503
17746
5949
-7203
-18715
-25965
-27304
-22426
-12442
375
13106
22854
27398
25704
18157
6477
-6679
-18313
-25778
-27374
-22737
-12923
-167
12628
22547
27332
25895
18561
7001
-6152
-17905
-25581
-27433
-23039
-13399
-708
12144
22231
27256
26075
18958
7524
-5623
-17490
-25375
-27482
-23332
-13869
-1249
11656
21907
27169
26246
19347
8043
-5092
-17068
-25158
-27520
-23615
-14334
-1789
11163
21574
27072
26407
19729
8559
-4559
-16640
-24932
-27547
-23890
-14794
-2350
10624
21170
26881
26453
19978
8926
-4191
-16393
-24904
-27793
-24406
-15519
-3160
9852
20550
26492
26323
20074
9165
-3926
-16223
-24930
-28070
-24933
-16237
-3968
9076
19921
26093
26182
20162
9400
-3659
-16046
-24946
-28336
-25451
-16950
-4776
8297
19285
25684
26030
20242
9631
-3391
-15864
-24952
-28592
-25959
-17657
-5581
7513
18641
25264
25869
20313
9858
-3122
-15676
-24950
-28837
-26457
-18357
-6386
6727
17990
24834
25697
20377
10080
-2853
-15483
-24938
-29072
-26946
-19051
-7188
5937
17331
24394
25514
20432
10298
-2583
-15284
-24918
-29295
-27425
-19738
-7988
5144
16664
23944
25321
20499
10554
-2250
-14996
-24784
-29384
-27749
-20251
-8598
4557
16220
23734
25389
20807
11033
-1709
-14517
-24475
-29316
-27937
-20653
-9122
4030
15810
23535
25445
21107
11508
-1167
-14032
-24157
-29237
-28116
-21027
-9602
3564
15477
23430
25616
21544
12144
-439
-13334
-23601
-28898
-28013
-21144
-9850
3303
15324
23482
25923
22096
12878
372
-12569
-22996
-28528
-27901
-21254
-10095
3040
15165
23524
26219
22640
13607
1183
-11801
-22382
-28147
-27778
-21355
-10336
2776
15000
23557
26504
23174
14331
1992
-11028
-21760
-27755
-27645
-21449
-10574
2510
14828
23580
26778
23699
15048
2801
-10251
-21129
-27354
-27502
-21535
-10808
2243
14651
23594
27042
24214
15760
3608
-9470
-20492
-26942
-27348
-21613
-11038
1975
14467
23599
27295
24720
16465
4413
-8686
-19846
-26520
-27184
-21683
-11264
1706
14278
23594
27517
25175
17101
5133
-8003
-19317
-26233
-27176
-21932
-11693
1207
13833
23309
27478
25391
17522
5664
-7484
-18928
-26062
-27262
-22256
-12181
666
13362
23016
27429
25597
17937
6193
-6961
-18530
-25880
-27338
-22571
-12665
125
12886
22713
27369
25793
18345
6719
-6436
-18126
-25689
-27403
-22877
-13143
-416
12405
22402
27298
25979
18745
7243
-5909
-17715
-25487
-27457
-23175
-13616
-958
11919
22082
27217
26156
19138
7764
-5379
-17296
-25276
-27501
-23464
-14084
-1498
11429
21754
27126
26322
19524
8282
-4847
-16872
-25055
-27534
-23743
-14547
-2039
10934
21417
27024
26478
19903
8796
-4313
-16440
-24824
-27556
-24014
-15004
-2578
10435
21072
26911
26623
20274
9308
-3777
-16002
-24584
-27568
-24275
-15455
-3116
9932
20719
26789
26759
20636
9815
-3241
-15559
-24334
-27569
-24527
-15901
-3654
9425
20358
26656
26884
20991
10319
-2702
-15109
-24075
-27560
-24770
-16340
-4189
8915
19989
26512
26999
21338
10819
-2163
-14653
-23807
-27540
-25003
-16773
-4724
8401
19612
26359
27103
21677
11315
-1623
-14192
-23529
-27509
-25226
-17199
-5256
7884
19228
26195
27197
22007
11807
-1082
-13725
-23242
-27468
-25439
-17619
-5786
7363
18837
26021
27281
22329
12293
-541
-13253
-22947
-27416
-25643
-18032
-6315
6840
18438
25837
27354
22642
12776
0
-12776
-22642
-27354
-25837
-18438
-6840
6315
18032
25643
27416
22947
13253
541
-12293
-22329
-27281
-26021
-18837
-7363
5786
17619
25439
27468
23242
13725
1082
-11807
-22007
-27197
-26195
-19228
-7884
5256
17199
25226
27509
23529
14192
1623
-11315
-21677
-27103
-26359
-19612
-8401
4724
16773
25003
27540
23807
14653
2163
-10819
-21338
-26999
-26512
-19989
-8915
4189
16340
24770
27560
24075
15109
2702
-10319
-20991
-26884
-26656
-20358
-9425
3654
15901
24527
27569
24334
15559
3241
-9815
-20636
-26759
-26789
-20719
-9932
3116
15455
24275
27568
24584
16002
3777
-9308
-20274
-26623
-26911
-21093
-10477
2515
14921
23910
27431
24678
16273
4125
-9005
-20132
-26728
-27295
-21709
-11247
1705
14193
23368
27138
24638
16434
4388
-8761
-20024
-26842
-27668
-22316
-12012
894
13459
22818
26834
24588
16588
4649
-8514
-19909
-26947
-28030
-22916
-12773
83
12721
22258
26519
24529
16735
4909
-8264
-19787
-27042
-28382
-23506
-13530
-729
11976
21690
26194
24460
16876
5165
-8011
-19657
-27126
-28723
-24088
-14282
-1542
11227
21112
25859
24380
17009
5420
-7755
-19520
-27201
-29054
-24662
-15029
-2354
10473
20526
25512
24291
17136
5671
-7498
-19377
-27266
-29374
-25226
-15771
-3166
9714
19932
25176
24233
17317
6003
-7133
-19101
-27175
-29517
-25594
-16299
-3748
9201
19600
25080
24395
17700
6520
-6601
-18673
-26950
-29545
-25869
-16759
-4288
8704
19259
24973
24546
18075
7033
-6066
-18239
-26714
-29542
-26094
-17151
-4743
8308
19035
25002
24854
18629
7751
-5301
-17548
-26199
-29278
-26080
-17328
-5010
8074
18949
25145
25255
19260
8528
-4492
-16831
-25674
-29004
-26057
-17500
-5276
7836
18855
25278
25647
19882
9301
-3683
-16107
-25140
-28719
-26024
-17665
-5540
7595
18754
25401
26028
20496
10069
-2872
-15378
-24596
-28423
-25982
-17824
-5803
7350
18644
25513
26398
21101
10834
-2061
-14644
-24044
-28116
-25930
-17977
-6064
7102
18527
25616
26758
21698
11594
-1249
-13903
-23482
-27799
-25868
-18123
-6322
6851
18403
25708
27107
22287
12350
-437
-13158
-22911
-27472
-25796
-18262
-6578
6598
18251
25749
27384
22784
12996
250
-12554
-22499
-27321
-25923
-18623
-7082
6071
17842
25550
27441
23084
13471
791
-12069
-22182
-27243
-26102
-19018
-7604
5542
17426
25342
27488
23376
13941
1332
-11580
-21856
-27155
-26272
-19406
-8123
5011
17003
25124
27525
23658
14405
1872
-11087
-21522
-27056
-26431
-19787
-8638
4477
16574
24896
27550
23932
14864
2412
-10589
-21179
-26947
-26580
-20160
-9151
3942
16138
24659
27565
24196
15317
2951
-10087
-20829
-26828
-26718
-20526
-9660
3406
15696
24412
27570
24451
15764
3488
-9582
-20470
-26698
-26847
-20883
-10165
2868
15248
24156
27564
24696
16205
4025
-9072
-20103
-26557
-26965
-21232
-10666
2329
14794
23890
27547
24932
16640
4559
-8559
-19729
-26407
-27072
-21574
-11163
1789
14334
23615
27520
25158
17068
5092
-8043
-19347
-26246
-27169
-21907
-11656
1249
13869
23332
27482
25375
17490
5623
-7524
-18958
-26075
-27256
-22231
-12144
708
13399
23039
27433
25581
17905
6152
-7001
-18561
-25895
-27332
-22547
-12628
167
12923
22737
27374
25778
18313
6679
-6477
-18157
-25704
-27398
-22854
-13106
-375
12442
22426
27304
25965
18715
7203
-5949
-17746
-25503
-27453
-23152
-13580
-916
11957
22107
27224
26142
19108
7724
-5419
-17329
-25293
-27498
-23442
-14049
-1457
11467
21779
27133
26309
19495
8242
-4888
-16904
-25072
-27531
-23722
-14512
-1997
10972
21443
27032
26466
19874
8757
-4354
-16474
-24842
-27555
-23993
-14969
-2537
10474
21099
26920
26613
20245
9268
-3819
-16036
-24603
-27567
-24255
-15421
-3075
9971
20747
26798
26749
20609
9776
-3282
-15593
-24354
-27569
-24508
-15867
-3612
9464
20386
26666
26875
20964
10281
-2744
-15144
-24095
-27561
-24751
-16306
-4148
8954
20018
26524
26990
21312
10781
-2205
-14688
-23828
-27542
-24985
-16739
-4683
8440
19642
26371
27096
21651
11277
-1665
-14227
-23551
-27512
-25209
-17166
-5215
7923
19258
26208
27190
21982
11769
-1124
-13761
-23265
-27492
-25465
-17649
-5829
7299
18742
25889
27108
22117
12048
-812
-13539
-23241
-27712
-25940
-18333
-6628
6506
18073
25435
26911
22160
12259
-542
-13333
-23208
-27921
-26406
-19011
-7425
5709
17396
24971
26703
22194
12466
-271
-13122
-23166
-28120
-26861
-19681
-8219
4910
16713
24497
26485
22220
12668
-1
-12907
-23116
-28308
-27307
-20344
-9010
4109
16023
24013
26256
22236
12864
269
-12686
-23057
-28486
-27742
-21000
-9799
3306
15326
23520
26017
22244
13055
538
-12462
-22990
-28653
-28167
-21648
-10584
2501
14623
23017
25767
22242
13241
807
-12233
-22914
-28810
-28582
-22288
-11365
1695
13935
22546
25569
22315
13524
1199
-11854
-22664
-28769
-28779
-22692
-11893
1158
13490
22295
25568
22565
13969
1736
-11347
-22302
-28634
-28902
-23045
-12397
619
13039
22034
25557
22806
14407
2272
-10836
-21911
-28448
-28953
-23308
-12792
205
12728
21931
25723
23246
15068
3056
-10051
-21262
-28022
-28785
-23374
-13016
-64
12537
21923
25962
23738
15764
3859
-9262
-20606
-27585
-28607
-23432
-13236
-334
12340
21906
26190
24221
16453
4659
-8471
-19942
-27139
-28418
-23482
-13451
-604
12138
21880
26407
24694
17136
5458
-7676
-19271
-26683
-28218
-23523
-13662
-875
11931
21845
26614
25158
17812
6254
-6879
-18594
-26217
-28008
-23555
-13867
-1145
11719
21801
26810
25611
18481
7048
-6080
-17909
-25740
-27787
-23579
-14068
-1416
11502
21749
26996
26054
19142
7838
-5278
-17217
-25255
-27556
-23593
-14263
-1706
11239
21625
27088
26383
19671
8480
-4642
-16706
-24967
-27544
-23849
-14723
-2246
10743
21285
26982
26535
20046
8993
-4107
-16273
-24733
-27562
-24116
-15178
-2785
10242
20937
26865
26677
20414
9503
-3571
-15832
-24489
-27570
-24373
-15627
-3323
9738
20581
26739
26808
20774
10010
-3034
-15386
-24236
-27567
-24622
-16070
-3860
9229
20217
26602
26929
21126
10512
-2495
-14934
-23973
-27553
-24860
-16507
-4395
8717
19845
26454
27040
21470
11010
-1955
-14476
-23701
-27529
-25090
-16937
-4929
8202
19465
26297
27141
21805
11505
-1415
-14013
-23420
-27495
-25309
-17361
-5460
7684
19078
26129
27231
22132
11994
-874
-13544
-23130
-27449
-25519
-17778
-5990
7162
18684
25951
27310
22451
12479
-333
-13070
-22831
-27393
-25719
-18189
-6517
6638
18282
25764
27379
22760
12960
208
-12591
-22523
-27327
-25909
-18592
-7042
6112
17874
25566
27437
23061
13435
749
-12107
-22206
-27250
-26089
-18988
-7564
5583
17458
25358
27485
23354
13905
1290
-11618
-21881
-27162
-26259
-19377
-8083
5052
17036
25141
27522
23637
14370
1831
-11125
-21548
-27064
-26419
-19758
-8599
4518
16607
24914
27549
23911
14829
2371
-10627
-21206
-26956
-26569
-20132
-9111
3984
16172
24677
27565
24176
15282
2909
-10126
-20856
-26837
-26708
-20498
-9621
3447
15730
24431
27570
24431
15730
3447
-9621
-20498
-26708
-26837
-20856
-10126
2909
15282
24176
27565
24677
16172
3984
-9111
-20132
-26569
-26956
-21206
-10627
2371
14829
23911
27549
24914
16607
4518
-8599
-19758
-26419
-27064
-21548
-11125
1831
14370
23637
27522
25141
17036
5052
-8083
-19377
-26259
-27162
-21881
-11618
1290
13905
23354
27485
25358
17458
5583
-7564
-18988
-26089
-27250
-22206
-12107
749
13435
23061
27437
25566
17874
6112
-7042
-18592
-25909
-27327
-22523
-12591
208
12960
22760
27379
25764
18282
6638
-6517
-18189
-25719
-27393
-22831
-13070
-333
12479
22451
27310
25951
18684
7162
-5990
-17799
-25561
-27512
-23213
-13648
-999
11848
21965
27043
25921
18849
7434
-5731
-17653
-25622
-27828
-23774
-14388
-1811
11088
21367
26682
25818
18965
7681
-5470
-17500
-25673
-28133
-24326
-15122
-2622
10323
20761
26311
25704
19074
7926
-5208
-17340
-25714
-28428
-24869
-15851
-3433
9554
20147
25929
25581
19175
8167
-4943
-17174
-25747
-28713
-25402
-16574
-4242
8780
19524
25537
25447
19269
8404
-4677
-17002
-25769
-28986
-25926
-17291
-5050
8003
18893
25135
25303
19354
8638
-4410
-16824
-25782
-29249
-26441
-18002
-5857
7223
18255
24722
25149
19431
8868
-4142
-16640
-25786
-29502
-26946
-18706
-6642
6480
17671
24383
25088
19625
9239
-3706
-16263
-25572
-29515
-27192
-19134
-7174
5963
17288
24221
25183
19957
9731
-3166
-15797
-25287
-29475
-27407
-19555
-7705
5444
16897
24048
25269
20280
10219
-2604
-15284
-24930
-29341
-27508
-19844
-8088
5088
16687
24074
25572
20845
10973
-1792
-14537
-24356
-29010
-27433
-19980
-8343
4833
16553
24153
25907
21421
11721
-979
-13785
-23774
-28668
-27347
-20109
-8596
4576
16412
24221
26231
21989
12465
-167
-13028
-23182
-28315
-27252
-20231
-8845
4317
16264
24280
26545
22548
13204
644
-12266
-22582
-27952
-27147
-20345
-9092
4056
16109
24329
26848
23098
13937
1455
-11500
-21974
-27578
-27031
-20452
-9336
3793
15948
24369
27141
23639
14664
2265
-10730
-21358
-27194
-26905
-20552
-9576
3528
15781
24398
27423
24170
15386
3074
-9956
-20733
-26800
-26769
-20664
-9854
3199
15524
24315
27569
24546
15935
3695
-9386
-20330
-26645
-26893
-21018
-10358
2661
15074
24055
27559
24788
16373
4231
-8875
-19960
-26501
-27007
-21365
-10858
2122
14618
23786
27538
25020
16806
4765
-8361
-19583
-26346
-27111
-21703
-11353
1581
14156
23507
27506
25243
17231
5297
-7844
-19198
-26182
-27204
-22032
-11844
1041
13689
23220
27464
25455
17651
5827
-7323
-18806
-26007
-27287
-22353
-12331
500
13216
22924
27412
25658
18063
6355
-6800
-18407
-25822
-27359
-22666
-12812
-42
12739
22618
27348
25851
18469
6881
-6274
-18000
-25628
-27420
-22970
-13289
-583
12256
22305
27275
26035
18867
7403
-5746
-17587
-25423
-27471
-23265
-13761
-1124
11769
21982
27190
26208
19258
7923
-5215
-17166
-25209
-27512
-23551
-14227
-1665
11277
21651
27096
26371
19642
8440
-4683
-16739
-24985
-27542
-23828
-14688
-2205
10781
21312
26990
26524
20018
8954
-4148
-16306
-24751
-27561
-24095
-15144
-2744
10281
20964
26875
26666
20386
9464
-3612
-15867
-24508
-27569
-24354
-15593
-3282
9776
20609
26749
26798
20747
9971
-3075
-15421
-24255
-27567
-24603
-16036
-3819
9268
20245
26613
26920
21099
10474
-2537
-14969
-23993
-27555
-24842
-16474
-4354
8757
19874
26466
27032
21443
10972
-1997
-14512
-23722
-27531
-25072
-16904
-4888
8242
19495
26309
27133
21779
11467
-1457
-14049
-23442
-27498
-25293
-17329
-5419
7724
19108
26142
27224
22107
11957
-916
-13580
-23152
-27453
-25503
-17746
-5949
7203
18715
25965
27304
22426
12442
-375
-13106
-22854
-27398
-25704
-18157
-6477
6679
18313
25778
27374
22737
12923
167
-12628
-22547
-27332
-25895
-18561
-7001
6152
17905
25581
27433
23039
13399
708
-12144
-22231
-27256
-26075
-18958
-7524
5623
17490
25375
27482
23332
13869
1249
-11656
-21907
-27169
-26246
-19347
-8043
5092
17068
25158
27520
23615
14334
1789
-11163
-21574
-27072
-26407
-19729
-8559
4559
16640
24932
27547
23890
14794
2350
-10624
-21170
-26881
-26453
-19978
-8926
4191
16393
24904
27793
24406
15519
3160
-9852
-20550
-26492
-26323
-20074
-9165
3926
16223
24930
28070
24933
16237
3968
-9076
-19921
-26093
-26182
-20162
-9400
3659
16046
24946
28336
25451
16950
4776
-8297
-19285
-25684
-26030
-20242
-9631
3391
15864
24952
28592
25959
17657
5581
-7513
-18641
-25264
-25869
-20313
-9858
3122
15676
24950
28837
26457
18357
6386
-6727
-17990
-24834
-25697
-20377
-10080
2853
15483
24938
29072
26946
19051
7188
-5937
-17331
-24394
-25514
-20432
-10298
2583
15284
24918
29295
27425
19738
7988
-5144
-16664
-23944
-25321
-20499
-10554
2250
14996
24784
29384
27749
20251
8598
-4557
-16220
-23734
-25389
-20807
-11033
1709
14517
24475
29316
27937
20653
9122
-4030
-15810
-23535
-25445
-21107
-11508
1167
14032
24157
29237
28116
21027
9602
-3564
-15477
-23430
-25616
-21544
-12144
439
13334
23601
28898
28013
21144
9850
-3303
-15324
-23482
-25923
-22096
-12878
-372
12569
22996
28528
27901
21254
10095
-3040
-15165
-23524
-26219
-22640
-13607
-1183
11801
22382
28147
27778
21355
10336
-2776
-15000
-23557
-26504
-23174
-14331
-1992
11028
21760
27755
27645
21449
10574
-2510
-14828
-23580
-26778
-23699
-15048
-2801
10251
21129
27354
27502
21535
10808
-2243
-14651
-23594
-27042
-24214
-15760
-3608
9470
20492
26942
27348
21613
11038
-1975
-14467
-23599
-27295
-24720
-16465
-4413
8686
19846
26520
27184
21683
11264
-1706
-14278
-23594
-27517
-25175
-17101
-5133
8003
19317
26233
27176
21932
11693
-1207
-13833
-23309
-27478
-25391
-17522
-5664
7484
18928
26062
27262
22256
12181
-666
-13362
-23016
-27429
-25597
-17937
-6193
6961
18530
25880
27338
22571
12665
-125
-12886
-22713
-27369
-25793
-18345
-6719
6436
18126
25689
27403
22877
13143
416
-12405
-22402
-27298
-25979
-18745
-7243
5909
17715
25487
27457
23175
13616
958
-11919
-22082
-27217
-26156
-19138
-7764
5379
17296
25276
27501
23464
14084
1498
-11429
-21754
-27126
-26322
-19524
-8282
4847
16872
25055
27534
23743
14547
2039
-10934
-21417
-27024
-26478
-19903
-8796
4313
16440
24824
27556
24014
15004
2578
-10435
-21072
-26911
-26623
-20274
-9308
3777
16002
24584
27568
24275
15455
3116
-9932
-20719
-26789
-26759
-20636
-9815
3241
15559
24334
27569
24527
15901
3654
-9425
-20358
-26656
-26884
-20991
-10319
2702
15109
24075
27560
24770
16340
4189
-8915
-19989
-26512
-26999
-21338
-10819
2163
14653
23807
27540
25003
16773
4724
-8401
-19612
-26359
-27103
-21677
-11315
1623
14192
23529
27509
25226
17199
5256
-7884
-19228
-26195
-27197
-22007
-11807
1082
13725
23242
27468
25439
17619
5786
-7363
-18837
-26021
-27281
-22329
-12293
541
13253
22947
27416
25643
18032
6315
-6840
-18438
-25837
-27354
-22642
-12776
0
12776
22642
27354
25837
18438
6840
-6315
-18032
-25643
-27416
-22947
-13253
-541
12293
22329
27281
26021
18837
7363
-5786
-17619
-25439
-27468
-23242
-13725
-1082
11807
22007
27197
26195
19228
7884
-5256
-17199
-25226
-27509
-23529
-14192
-1623
11315
21677
27103
26359
19612
8401
-4724
-16773
-25003
-27540
-23807
-14653
-2163
10819
21338
26999
26512
19989
8915
-4189
-16340
-24770
-27560
-24075
-15109
-2702
10319
20991
26884
26656
20358
9425
-3654
-15901
-24527
-27569
-24334
-15559
-3241
9815
20636
26759
26789
20719
9932
-3116
-15455
-24275
-27568
-24584
-16002
-3777
9308
20274
26623
26911
21093
10477
-2515
-14921
-23910
-27431
-24678
-16273
-4125
9005
20132
26728
27295
21709
11247
-1705
-14193
-23368
-27138
-24638
-16434
-4388
8761
20024
26842
27668
22316
12012
-894
-13459
-22818
-26834
-24588
-16588
-4649
8514
19909
26947
28030
22916
12773
-83
-12721
-22258
-26519
-24529
-16735
-4909
8264
19787
27042
28382
23506
13530
729
-11976
-21690
-26194
-24460
-16876
-5165
8011
19657
27126
28723
24088
14282
1542
-11227
-21112
-25859
-24380
-17009
-5420
7755
19520
27201
29054
24662
15029
2354
-10473
-20526
-25512
-24291
-17136
-5671
7498
19377
27266
29374
25226
15771
3166
-9714
-19932
-25176
-24233
-17317
-6003
7133
19101
27175
29517
25594
16299
3748
-9201
-19600
-25080
-24395
-17700
-6520
6601
18673
26950
29545
25869
16759
4288
-8704
-19259
-24973
-24546
-18075
-7033
6066
18239
26714
29542
26094
17151
4743
-8308
-19035
-25002
-24854
-18629
-7751
5301
17548
26199
29278
26080
17328
5010
-8074
-18949
-25145
-25255
-19260
-8528
4492
16831
25674
29004
26057
17500
5276
-7836
-18855
-25278
-25647
-19882
-9301
3683
16107
25140
28719
26024
17665
5540
-7595
-18754
-25401
-26028
-20496
-10069
2872
15378
24596
28423
25982
17824
5803
-7350
-18644
-25513
-26398
-21101
-10834
2061
14644
24044
28116
25930
17977
6064
-7102
-18527
-25616
-26758
-21698
-11594
1249
13903
23482
27799
25868
18123
6322
-6851
-18403
-25708
-27107
-22287
-12350
437
13158
22911
27472
25796
18262
6578
-6598
-18251
-25749
-27384
-22784
-12996
-250
12554
22499
27321
25923
18623
7082
-6071
-17842
-25550
-27441
-23084
-13471
-791
12069
22182
27243
26102
19018
7604
-5542
-17426
-25342
-27488
-23376
-13941
-1332
11580
21856
27155
26272
19406
8123
-5011
-17003
-25124
-27525
-23658
-14405
-1872
11087
21522
27056
26431
19787
8638
-4477
-16574
-24896
-27550
-23932
-14864
-2412
10589
21179
26947
26580
20160
9151
-3942
-16138
-24659
-27565
-24196
-15317
-2951
10087
20829
26828
26718
20526
9660
-3406
-15696
-24412
-27570
-24451
-15764
-3488
9582
20470
26698
26847
20883
10165
-2868
-15248
-24156
-27564
-24696
-16205
-4025
9072
20103
26557
26965
21232
10666
-2329
-14794
-23890
-27547
-24932
-16640
-4559
8559
19729
26407
27072
21574
11163
-1789
-14334
-23615
-27520
-25158
-17068
-5092
8043
19347
26246
27169
21907
11656
-1249
-13869
-23332
-27482
-25375
-17490
-5623
7524
18958
26075
27256
22231
12144
-708
-13399
-23039
-27433
-25581
-17905
-6152
7001
18561
25895
27332
22547
12628
-167
-12923
-22737
-27374
-25778
-18313
-6679
6477
18157
25704
27398
22854
13106
375
-12442
-22426
-27304
-25965
-18715
-7203
5949
17746
25503
27453
23152
13580
916
-11957
-22107
-27224
-26142
-19108
-7724
5419
17329
25293
27498
23442
14049
1457
-11467
-21779
-27133
-26309
-19495
-8242
4888
16904
25072
27531
23722
14512
1997
-10972
-21443
-27032
-26466
-19874
-8757
4354
16474
24842
27555
23993
14969
2537
-10474
-21099
-26920
-26613
-20245
-9268
3819
16036
24603
27567
24255
15421
3075
-9971
-20747
-26798
-26749
-20609
-9776
3282
15593
24354
27569
24508
15867
3612
-9464
-20386
-26666
-26875
-20964
-10281
2744
15144
24095
27561
24751
16306
4148
-8954
-20018
-26524
-26990
-21312
-10781
2205
14688
23828
27542
24985
16739
4683
-8440
-19642
-26371
-27096
-21651
-11277
1665
14227
23551
27512
25209
17166
5215
-7923
-19258
-26208
-27190
-21982
-11769
1124
13761
23265
27492
25465
17649
5829
-7299
-18742
-25889
-27108
-22117
-12048
812
13539
23241
27712
25940
18333
6628
-6506
-18073
-25435
-26911
-22160
-12259
542
13333
23208
27921
26406
19011
7425
-5709
-17396
-24971
-26703
-22194
-12466
271
13122
23166
28120
26861
19681
8219
-4910
-16713
-24497
-26485
-22220
-12668
1
12907
23116
28308
27307
20344
9010
-4109
-16023
-24013
-26256
-22236
-12864
-269
12686
23057
28486
27742
21000
9799
-3306
-15326
-23520
-26017
-22244
-13055
-538
12462
22990
28653
28167
21648
10584
-2501
-14623
-23017
-25767
-22242
-13241
-807
12233
22914
28810
28582
22288
11365
-1695
-13935
-22546
-25569
-22315
-13524
-1199
11854
22664
28769
28779
22692
11893
-1158
-13490
-22295
-25568
-22565
-13969
-1736
11347
22302
28634
28902
23045
12397
-619
-13039
-22034
-25557
-22806
-14407
-2272
10836
21911
28448
28953
23308
12792
-205
-12728
-21931
-25723
-23246
-15068
-3056
10051
21262
28022
28785
23374
13016
64
-12537
-21923
-25962
-23738
-15764
-3859
9262
20606
27585
28607
23432
13236
334
-12340
-21906
-26190
-24221
-16453
-4659
8471
19942
27139
28418
23482
13451
604
-12138
-21880
-26407
-24694
-17136
-5458
7676
19271
26683
28218
23523
13662
875
-11931
-21845
-26614
-25158
-17812
-6254
6879
18594
26217
28008
23555
13867
1145
-11719
-21801
-26810
-25611
-18481
-7048
6080
17909
25740
27787
23579
14068
1416
-11502
-21749
-26996
-26054
-19142
-7838
5278
17217
25255
27556
23593
14263
1706
-11239
-21625
-27088
-26383
-19671
-8480
4642
16706
24967
27544
23849
14723
2246
-10743
-21285
-26982
-26535
-20046
-8993
4107
16273
24733
27562
24116
15178
2785
-10242
-20937
-26865
-26677
-20414
-9503
3571
15832
24489
27570
24373
15627
3323
-9738
-20581
-26739
-26808
-20774
-10010
3034
15386
24236
27567
24622
16070
3860
-9229
-20217
-26602
-26929
-21126
-10512
2495
14934
23973
27553
24860
16507
4395
-8717
-19845
-26454
-27040
-21470
-11010
1955
14476
23701
27529
25090
16937
4929
-8202
-19465
-26297
-27141
-21805
-11505
1415
14013
23420
27495
25309
17361
5460
-7684
-19078
-26129
-27231
-22132
-11994
874
13544
23130
27449
25519
17778
5990
-7162
-18684
-25951
-27310
-22451
-12479
333
13070
22831
27393
25719
18189
6517
-6638
-18282
-25764
-27379
-22760
-12960
-208
12591
22523
27327
25909
18592
7042
-6112
-17874
-25566
-27437
-23061
-13435
-749
12107
22206
27250
26089
18988
7564
-5583
-17458
-25358
-27485
-23354
-13905
-1290
11618
21881
27162
26259
19377
8083
-5052
-17036
-25141
-27522
-23637
-14370
-1831
11125
21548
27064
26419
19758
8599
-4518
-16607
-24914
-27549
-23911
-14829
-2371
10627
21206
26956
26569
20132
9111
-3984
-16172
-24677
-27565
-24176
-15282
-2909
10126
20856
26837
26708
20498
9621
-3447
-15730
-24431
-27570
-24431
-15730
-3447
9621
20498
26708
26837
20856
10126
-2909
-15282
-24176
-27565
-24677
-16172
-3984
9111
20132
26569
26956
21206
10627
-2371
-14829
-23911
-27549
-24914
-16607
-4518
8599
19758
26419
27064
21548
11125
-1831
-14370
-23637
-27522
-25141
-17036
-5052
8083
19377
26259
27162
21881
11618
-1290
-13905
-23354
-27485
-25358
-17458
-5583
7564
18988
26089
27250
22206
12107
-749
-13435
-23061
-27437
-25566
-17874
-6112
7042
18592
25909
27327
22523
12591
-208
-12960
-22760
-27379
-25764
-18282
-6638
6517
18189
25719
27393
22831
13070
333
-12479
-22451
-27310
-25951
-18684
-7162
5990
17799
25561
27512
23213
13648
999
-11848
-21965
-27043
-25921
-18849
-7434
5731
17653
25622
27828
23774
14388
1811
-11088
-21367
-26682
-25818
-18965
-7681
5470
17500
25673
28133
24326
15122
2622
-10323
-20761
-26311
-25704
-19074
-7926
5208
17340
25714
28428
24869
15851
3433
-9554
-20147
-25929
-25581
-19175
-8167
4943
17174
25747
28713
25402
16574
4242
-8780
-19524
-25537
-25447
-19269
-8404
4677
17002
25769
28986
25926
17291
5050
-8003
-18893
-25135
-25303
-19354
-8638
4410
16824
25782
29249
26441
18002
5857
-7223
-18255
-24722
-25149
-19431
-8868
4142
16640
25786
29502
26946
18706
6642
-6480
-17671
-24383
-25088
-19625
-9239
3706
16263
25572
29515
27192
19134
7174
-5963
-17288
-24221
-25183
-19957
-9731
3166
15797
25287
29475
27407
19555
7705
-5444
-16897
-24048
-25269
-20280
-10219
2604
15284
24930
29341
27508
19844
8088
-5088
-16687
-24074
-25572
-20845
-10973
1792
14537
24356
29010
27433
19980
8343
-4833
-16553
-24153
-25907
-21421
-11721
979
13785
23774
28668
27347
20109
8596
-4576
-16412
-24221
-26231
-21989
-12465
167
13028
23182
28315
27252
20231
8845
-4317
-16264
-24280
-26545
-22548
-13204
-644
12266
22582
27952
27147
20345
9092
-4056
-16109
-24329
-26848
-23098
-13937
-1455
11500
21974
27578
27031
20452
9336
-3793
-15948
-24369
-27141
-23639
-14664
-2265
10730
21358
27194
26905
20552
9576
-3528
-15781
-24398
-27423
-24170
-15386
-3074
9956
20733
26800
26769
20664
9854
-3199
-15524
-24315
-27569
-24546
-15935
-3695
9386
20330
26645
26893
21018
10358
-2661
-15074
-24055
-27559
-24788
-16373
-4231
8875
19960
26501
27007
21365
10858
-2122
-14618
-23786
-27538
-25020
-16806
-4765
8361
19583
26346
27111
21703
11353
-1581
-14156
-23507
-27506
-25243
-17231
-5297
7844
19198
26182
27204
22032
11844
-1041
-13689
-23220
-27464
-25455
-17651
-5827
7323
18806
26007
27287
22353
12331
-500
-13216
-22924
-27412
-25658
-18063
-6355
6800
18407
25822
27359
22666
12812
42
-12739
-22618
-27348
-25851
-18469
-6881
6274
18000
25628
27420
22970
13289
583
-12256
-22305
-27275
-26035
-18867
-7403
5746
17587
25423
27471
23265
13761
1124
-11769
-21982
-27190
-26208
-19258
-7923
5215
17166
25209
27512
23551
14227
1665
-11277
-21651
-27096
-26371
-19642
-8440
4683
16739
24985
27542
23828
14688
2205
-10781
-21312
-26990
-26524
-20018
-8954
4148
16306
24751
27561
24095
15144
2744
-10281
-20964
-26875
-26666
-20386
-9464
3612
15867
24508
27569
24354
15593
3282
-9776
-20609
-26749
-26798
-20747
-9971
3075
15421
24255
27567
24603
16036
3819
-9268
-20245
-26613
-26920
-21099
-10474
2537
14969
23993
27555
24842
16474
4354
-8757
-19874
-26466
-27032
-21443
-10972
1997
14512
23722
27531
25072
16904
4888
-8242
-19495
-26309
-27133
-21779
-11467
1457
14049
23442
27498
25293
17329
5419
-7724
-19108
-26142
-27224
-22107
-11957
916
13580
23152
27453
25503
17746
5949
-7203
-18715
-25965
-27304
-22426
-12442
375
13106
22854
27398
25704
18157
6477
-6679
-18313
-25778
-27374
-22737
-12923
-167
12628
22547
27332
25895
18561
7001
-6152
-17905
-25581
-27433
-23039
-13399
-708
12144
22231
27256
26075
18958
7524
-5623
-17490
-25375
-27482
-23332
-13869
-1249
11656
21907
27169
26246
19347
8043
-5092
-17068
-25158
-27520
-23615
-14334
-1789
11163
21574
27072
26407
19729
8559
-4559
-16640
-24932
-27547
-23890
-14794
-2308
10708
21295
27048
26662
20228
9218
-3858
-16018
-24488
-27335
-23906
-14977
-2576
10477
21216
27201
27073
20866
9998
-3051
-15306
-23971
-27070
-23891
-15154
-2843
10243
21130
27343
27473
21495
10775
-2243
-14588
-23446
-26795
-23867
-15325
-3109
10005
21035
27475
27864
22117
11547
-1433
-13864
-22911
-26509
-23834
-15490
-3373
9763
20933
27597
28244
22730
12316
-622
-13134
-22367
-26212
-23791
-15649
-3636
9518
20823
27709
28613
23335
13080
189
-12399
-21813
-25905
-23738
-15801
-3896
9270
20706
27811
28973
23932
13840
1001
-11659
-21251
-25587
-23675
-15946
-4154
9019
20581
27902
29321
24499
14554
1750
-10996
-20784
-25384
-23749
-16251
-4598
8557
20220
27734
29389
24807
15033
2291
-10517
-20475
-25316
-23937
-16653
-5122
8030
19810
27535
29445
25107
15508
2833
-10032
-20157
-25237
-24116
-17069
-5685
7439
19310
27221
29366
25252
15810
3186
-9751
-20060
-25398
-24555
-17728
-6475
6636
18616
26732
29131
25263
16003
3456
-9528
-19996
-25569
-24984
-18379
-7261
5832
17915
26232
28885
25265
16191
3724
-9301
-19923
-25730
-25403
-19022
-8044
5026
17208
25724
28629
25257
16373
3992
-9069
-19843
-25880
-25812
-19658
-8824
4219
16495
25205
28362
25241
16548
4259
-8834
-19754
-26021
-26210
-20285
-9599
3410
15776
24677
28084
25214
16718
4524
-8595
-19658
-26150
-26598
-20905
-10371
2600
15050
24140
27795
25179
16882
4788
-8353
-19554
-26270
-26976
-21516
-11139
1789
14319
23594
27517
25175
17101
5133
-8003
-19317
-26233
-27176
-21932
-11693
1207
13833
23309
27478
25391
17522
5664
-7484
-18928
-26062
-27262
-22256
-12181
666
13362
23016
27429
25597
17937
6193
-6961
-18530
-25880
-27338
-22571
-12665
125
12886
22713
27369
25793
18345
6719
-6436
-18126
-25689
-27403
-22877
-13143
-416
12405
22402
27298
25979
18745
7243
-5909
-17715
-25487
-27457
-23175
-13616
-958
11919
22082
27217
26156
19138
7764
-5379
-17296
-25276
-27501
-23464
-14084
-1498
11429
21754
27126
26322
19524
8282
-4847
-16872
-25055
-27534
-23743
-14547
-2039
10934
21417
27024
26478
19903
8796
-4313
-16440
-24824
-27556
-24014
-15004
-2578
10435
21072
26911
26623
20274
9308
-3777
-16002
-24584
-27568
-24275
-15455
-3116
9932
20719
26789
26759
20636
9815
-3241
-15559
-24334
-27569
-24527
-15901
-3654
9425
20358
26656
26884
20991
10319
-2702
-15109
-24075
-27560
-24770
-16340
-4189
8915
19989
26512
26999
21338
10819
-2163
-14653
-23807
-27540
-25003
-16773
-4724
8401
19612
26359
27103
21677
11315
-1623
-14192
-23529
-27509
-25226
-17199
-5256
7884
19228
26195
27197
22007
11807
-1082
-13725
-23242
-27468
-25439
-17619
-5786
7363
18837
26021
27281
22329
12293
-541
-13253
-22947
-27416
-25643
-18032
-6315
6840
18438
25837
27354
22642
12776
0
-12776
-22642
-27354
-25837
-18438
-6840
6315
18032
25643
27416
22947
13253
541
-12293
-22329
-27281
-26021
-18837
-7363
5786
17619
25439
27468
23242
13725
1082
-11807
-22007
-27197
-26195
-19228
-7884
5256
17199
25226
27509
23529
14192
1623
-11315
-21677
-27103
-26359
-19612
-8401
4724
16773
25003
27540
23807
14653
2163
-10819
-21338
-26999
-26512
-19989
-8915
4189
16340
24770
27560
24075
15109
2702
-10319
-20991
-26884
-26656
-20358
-9425
3654
15901
24527
27569
24334
15559
3241
-9815
-20636
-26759
-26789
-20719
-9932
3116
15455
24275
27568
24584
16002
3777
-9308
-20274
-26623
-26911
-21093
-10477
2515
14921
23910
27431
24678
16273
4125
-9005
-20132
-26728
-27295
-21709
-11247
1705
14193
23368
27138
24638
16434
4388
-8761
-20024
-26842
-27668
-22316
-12012
894
13459
22818
26834
24588
16588
4649
-8514
-19909
-26947
-28030
-22916
-12773
83
12721
22258
26519
24529
16735
4909
-8264
-19787
-27042
-28382
-23506
-13530
-729
11976
21690
26194
24460
16876
5165
-8011
-19657
-27126
-28723
-24088
-14282
-1542
11227
21112
25859
24380
17009
5420
-7755
-19520
-27201
-29054
-24662
-15029
-2354
10473
20526
25512
24291
17136
5671
-7498
-19377
-27266
-29374
-25226
-15771
-3166
9714
19932
25176
24233
17317
6003
-7133
-19101
-27175
-29517
-25594
-16299
-3748
9201
19600
25080
24395
17700
6520
-6601
-18673
-26950
-29545
-25869
-16759
-4288
8704
19259
24973
24546
18075
7033
-6066
-18239
-26714
-29542
-26094
-17151
-4743
8308
19035
25002
24854
18629
7751
-5301
-17548
-26199
-29278
-26080
-17328
-5010
8074
18949
25145
25255
19260
8528
-4492
-16831
-25674
-29004
-26057
-17500
-5276
7836
18855
25278
25647
19882
9301
-3683
-16107
-25140
-28719
-26024
-17665
-5540
7595
18754
25401
26028
20496
10069
-2872
-15378
-24596
-28423
-25982
-17824
-5803
7350
18644
25513
26398
21101
10834
-2061
-14644
-24044
-28116
-25930
-17977
-6064
7102
18527
25616
26758
21698
11594
-1249
-13903
-23482
-27799
-25868
-18123
-6322
6851
18403
25708
27107
22287
12350
-437
-13158
-22911
-27472
-25796
-18262
-6578
6598
18251
25749
27384
22784
12996
250
-12554
-22499
-27321
-25923
-18623
-7082
6071
17842
25550
27441
23084
13471
791
-12069
-22182
-27243
-26102
-19018
-7604
5542
17426
25342
27488
23376
13941
1332
-11580
-21856
-27155
-26272
-19406
-8123
5011
17003
25124
27525
23658
14405
1872
-11087
-21522
-27056
-26431
-19787
-8638
4477
16574
24896
27550
23932
14864
2412
-10589
-21179
-26947
-26580
-20160
-9151
3942
16138
24659
27565
24196
15317
2951
-10087
-20829
-26828
-26718
-20526
-9660
3406
15696
24412
27570
24451
15764
3488
-9582
-20470
-26698
-26847
-20883
-10165
2868
15248
24156
27564
24696
16205
4025
-9072
-20103
-26557
-26965
-21232
-10666
2329
14794
23890
27547
24932
16640
4559
-8559
-19729
-26407
-27072
-21574
-11163
1789
14334
23615
27520
25158
17068
5092
-8043
-19347
-26246
-27169
-21907
-11656
1249
13869
23332
27482
25375
17490
5623
-7524
-18958
-26075
-27256
-22231
-12144
708
13399
23039
27433
25581
17905
6152
-7001
-18561
-25895
-27332
-22547
-12628
167
12923
22737
27374
25778
18313
6679
-6477
-18157
-25704
-27398
-22854
-13106
-375
12442
22426
27304
25965
18715
7203
-5949
-17746
-25503
-27453
-23152
-13580
-916
11957
22107
27224
26142
19108
7724
-5419
-17329
-25293
-27498
-23442
-14049
-1457
11467
21779
27133
26309
19495
8242
-4888
-16904
-25072
-27531
-23722
-14512
-1997
10972
21443
27032
26466
19874
8757
-4354
-16474
-24842
-27555
-23993
-14969
-2537
10474
21099
26920
26613
20245
9268
-3819
-16036
-24603
-27567
-24255
-15421
-3075
9971
20747
26798
26749
20609
9776
-3282
-15593
-24354
-27569
-24508
-15867
-3612
9464
20386
26666
26875
20964
10281
-2744
-15144
-24095
-27561
-24751
-16306
-4148
8954
20018
26524
26990
21312
10781
-2205
-14688
-23828
-27542
-24985
-16739
-4683
8440
19642
26371
27096
21651
11277
-1665
-14227
-23551
-27512
-25209
-17166
-5215
7923
19258
26208
27190
21982
11769
-1124
-13761
-23265
-27451
-25382
-17524
-5662
7508
18992
26180
27441
22492
12464
-354
-13039
-22699
-27129
-25315
-17667
-5920
7256
18864
26268
27786
23077
13218
458
-12292
-22124
-26796
-25239
-17802
-6175
7001
18730
26346
28120
23653
13966
1271
-11539
-21541
-26453
-25153
-17931
-6427
6744
18588
26414
28443
24220
14710
2082
-10782
-20949
-26100
-25057
-18052
-6677
6484
18440
26472
28756
24778
15448
2894
-10020
-20348
-25736
-24950
-18166
-6924
6223
18285
26520
29059
25327
16180
3705
-9253
-19740
-25361
-24834
-18273
-7167
5960
18123
26559
29350
25867
16907
4515
-8483
-19123
-24977
-24707
-18372
-7407
5695
17935
26546
29569
26315
17524
5199
-7854
-18664
-24769
-24779
-18692
-7893
5158
17490
26295
29568
26565
17969
5736
-7347
-18302
-24634
-24902
-19045
-8397
4619
17039
26034
29557
26806
18407
6272
-6836
-17952
-24531
-25078
-19474
-9000
3955
16437
25598
29348
26829
18609
6556
-6592
-17845
-24647
-25452
-20082
-9766
3144
15704
25048
29045
26780
18764
6817
-6345
-17731
-24752
-25815
-20682
-10528
2333
14965
24489
28731
26721
18912
7076
-6096
-17609
-24847
-26168
-21274
-11285
1521
14221
23921
28407
26653
19053
7333
-5843
-17480
-24933
-26510
-21856
-12037
708
13473
23345
28072
26574
19187
7588
-5588
-17344
-25008
-26841
-22430
-12784
-104
12719
22759
27727
26486
19314
7839
-5330
-17200
-25074
-27162
-22995
-13526
-916
11960
22165
27371
26387
19434
8088
-5070
-17050
-25130
-27473
-23551
-14263
-1706
11239
21625
27088
26383
19671
8480
-4642
-16706
-24967
-27544
-23849
-14723
-2246
10743
21285
26982
26535
20046
8993
-4107
-16273
-24733
-27562
-24116
-15178
-2785
10242
20937
26865
26677
20414
9503
-3571
-15832
-24489
-27570
-24373
-15627
-3323
9738
20581
26739
26808
20774
10010
-3034
-15386
-24236
-27567
-24622
-16070
-3860
9229
20217
26602
26929
21126
10512
-2495
-14934
-23973
-27553
-24860
-16507
-4395
8717
19845
26454
27040
21470
11010
-1955
-14476
-23701
-27529
-25090
-16937
-4929
8202
19465
26297
27141
21805
11505
-1415
-14013
-23420
-27495
-25309
-17361
-5460
7684
19078
26129
27231
22132
11994
-874
-13544
-23130
-27449
-25519
-17778
-5990
7162
18684
25951
27310
22451
12479
-333
-13070
-22831
-27393
-25719
-18189
-6517
6638
18282
25764
27379
22760
12960
208
-12591
-22523
-27327
-25909
-18592
-7042
6112
17874
25566
27437
23061
13435
749
-12107
-22206
-27250
-26089
-18988
-7564
5583
17458
25358
27485
23354
13905
1290
-11618
-21881
-27162
-26259
-19377
-8083
5052
17036
25141
27522
23637
14370
1831
-11125
-21548
-27064
-26419
-19758
-8599
4518
16607
24914
27549
23911
14829
2371
-10627
-21206
-26956
-26569
-20132
-9111
3984
16172
24677
27565
24176
15282
2909
-10126
-20856
-26837
-26708
-20498
-9621
3447
15730
24431
27570
24431
15730
3447
-9621
-20498
-26708
-26837
-20856
-10126
2909
15282
24176
27565
24677
16172
3984
-9111
-20132
-26569
-26956
-21206
-10627
2371
14829
23911
27549
24914
16607
4518
-8599
-19758
-26419
-27064
-21548
-11125
1831
14370
23637
27522
25141
17036
5052
-8083
-19377
-26259
-27162
-21881
-11618
1290
13905
23354
27485
25358
17458
5583
-7564
-18988
-26089
-27250
-22206
-12107
749
13435
23061
27437
25566
17874
6112
-7042
-18592
-25909
-27327
-22523
-12591
208
12960
22760
27379
25764
18282
6638
-6517
-18189
-25719
-27393
-22831
-13070
-333
12479
22451
27310
25951
18684
7162
-5990
-17799
-25561
-27512
-23213
-13648
-999
11848
21965
27043
25921
18849
7434
-5731
-17653
-25622
-27828
-23774
-14388
-1811
11088
21367
26682
25818
18965
7681
-5470
-17500
-25673
-28133
-24326
-15122
-2622
10323
20761
26311
25704
19074
7926
-5208
-17340
-25714
-28428
-24869
-15851
-3433
9554
20147
25929
25581
19175
8167
-4943
-17174
-25747
-28713
-25402
-16574
-4242
8780
19524
25537
25447
19269
8404
-4677
-17002
-25769
-28986
-25926
-17291
-5050
8003
18893
25135
25303
19354
8638
-4410
-16824
-25782
-29249
-26441
-18002
-5857
7223
18255
24722
25149
19431
8868
-4142
-16640
-25786
-29502
-26946
-18706
-6642
6480
17671
24383
25088
19625
9239
-3706
-16263
-25572
-29515
-27192
-19134
-7174
5963
17288
24221
25183
19957
9731
-3166
-15797
-25287
-29475
-27407
-19555
-7705
5444
16897
24048
25269
20280
10219
-2604
-15284
-24930
-29341
-27508
-19844
-8088
5088
16687
24074
25572
20845
10973
-1792
-14537
-24356
-29010
-27433
-19980
-8343
4833
16553
24153
25907
21421
11721
-979
-13785
-23774
-28668
-27347
-20109
-8596
4576
16412
24221
26231
21989
12465
-167
-13028
-23182
-28315
-27252
-20231
-8845
4317
16264
24280
26545
22548
13204
644
-12266
-22582
-27952
-27147
-20345
-9092
4056
16109
24329
26848
23098
13937
1455
-11500
-21974
-27578
-27031
-20452
-9336
3793
15948
24369
27141
23639
14664
2265
-10730
-21358
-27194
-26905
-20552
-9576
3528
15781
24398
27423
24170
15386
3074
-9956
-20733
-26800
-26769
-20664
-9854
3199
15524
24315
27569
24546
15935
3695
-9386
-20330
-26645
-26893
-21018
-10358
2661
15074
24055
27559
24788
16373
4231
-8875
-19960
-26501
-27007
-21365
-10858
2122
14618
23786
27538
25020
16806
4765
-8361
-19583
-26346
-27111
-21703
-11353
1581
14156
23507
27506
25243
17231
5297
-7844
-19198
-26182
-27204
-22032
-11844
1041
13689
23220
27464
25455
17651
5827
-7323
-18806
-26007
-27287
-22353
-12331
500
13216
22924
27412
25658
18063
6355
-6800
-18407
-25822
-27359
-22666
-12812
-42
12739
22618
27348
25851
18469
6881
-6274
-18000
-25628
-27420
-22970
-13289
-583
12256
22305
27275
26035
18867
7403
-5746
-17587
-25423
-27471
-23265
-13761
-1124
11769
21982
27190
26208
19258
7923
-5215
-17166
-25209
-27512
-23551
-14227
-1665
11277
21651
27096
26371
19642
8440
-4683
-16739
-24985
-27542
-23828
-14688
-2205
10781
21312
26990
26524
20018
8954
-4148
-16306
-24751
-27561
-24095
-15144
-2744
10281
20964
26875
26666
20386
9464
-3612
-15867
-24508
-27569
-24354
-15593
-3282
9776
20609
26749
26798
20747
9971
-3075
-15421
-24255
-27567
-24603
-16036
-3819
9268
20245
26613
26920
21099
10474
-2537
-14969
-23993
-27555
-24842
-16474
-4354
8757
19874
26466
27032
21443
10972
-1997
-14512
-23722
-27531
-25072
-16904
-4888
8242
19495
26309
27133
21779
11467
-1457
-14049
-23442
-27498
-25293
-17329
-5419
7724
19108
26142
27224
22107
11957
-916
-13580
-23152
-27453
-25503
-17746
-5949
7203
18715
25965
27304
22426
12442
-375
-13106
-22854
-27398
-25704
-18157
-6477
6679
18313
25778
27374
22737
12923
167
-12628
-22547
-27332
-25895
-18561
-7001
6152
17905
25581
27433
23039
13399
708
-12144
-22231
-27256
-26075
-18958
-7524
5623
17490
25375
27482
23332
13869
1249
-11656
-21907
-27169
-26246
-19347
-8043
5092
17068
25158
27520
23615
14334
1789
-11163
-21574
-27072
-26407
-19729
-8559
4559
16640
24932
27547
23890
14794
2308
-10708
-21295
-27048
-26662
-20228
-9218
3858
16018
24488
27335
23906
14977
2576
-10477
-21216
-27201
-27073
-20866
-9998
3051
15306
23971
27070
23891
15154
2843
-10243
-21130
-27343
-27473
-21495
-10775
2243
14588
23446
26795
23867
15325
3109
-10005
-21035
-27475
-27864
-22117
-11547
1433
13864
22911
26509
23834
15490
3373
-9763
-20933
-27597
-28244
-22730
-12316
622
13134
22367
26212
23791
15649
3636
-9518
-20823
-27709
-28613
-23335
-13080
-189
12399
21813
25905
23738
15801
3896
-9270
-20706
-27811
-28973
-23932
-13840
-1001
11659
21251
25587
23675
15946
4154
-9019
-20581
-27902
-29321
-24499
-14554
-1750
10996
20784
25384
23749
16251
4598
-8557
-20220
-27734
-29389
-24807
-15033
-2291
10517
20475
25316
23937
16653
5122
-8030
-19810
-27535
-29445
-25107
-15508
-2833
10032
20157
25237
24116
17069
5685
-7439
-19310
-27221
-29366
-25252
-15810
-3186
9751
20060
25398
24555
17728
6475
-6636
-18616
-26732
-29131
-25263
-16003
-3456
9528
19996
25569
24984
18379
7261
-5832
-17915
-26232
-28885
-25265
-16191
-3724
9301
19923
25730
25403
19022
8044
-5026
-17208
-25724
-28629
-25257
-16373
-3992
9069
19843
25880
25812
19658
8824
-4219
-16495
-25205
-28362
-25241
-16548
-4259
8834
19754
26021
26210
20285
9599
-3410
-15776
-24677
-28084
-25214
-16718
-4524
8595
19658
26150
26598
20905
10371
-2600
-15050
-24140
-27795
-25179
-16882
-4788
8353
19554
26270
26976
21516
11139
-1789
-14319
-23594
-27517
-25175
-17101
-5133
8003
19317
26233
27176
21932
11693
-1207
-13833
-23309
-27478
-25391
-17522
-5664
7484
18928
26062
27262
22256
12181
-666
-13362
-23016
-27429
-25597
-17937
-6193
6961
18530
25880
27338
22571
12665
-125
-12886
-22713
-27369
-25793
-18345
-6719
6436
18126
25689
27403
22877
13143
416
-12405
-22402
-27298
-25979
-18745
-7243
5909
17715
25487
27457
23175
13616
958
-11919
-22082
-27217
-26156
-19138
-7764
5379
17296
25276
27501
23464
14084
1498
-11429
-21754
-27126
-26322
-19524
-8282
4847
16872
25055
27534
23743
14547
2039
-10934
-21417
-27024
-26478
-19903
-8796
4313
16440
24824
27556
24014
15004
2578
-10435
-21072
-26911
-26623
-20274
-9308
3777
16002
24584
27568
24275
15455
3116
-9932
-20719
-26789
-26759
-20636
-9815
3241
15559
24334
27569
24527
15901
3654
-9425
-20358
-26656
-26884
-20991
-10319
2702
15109
24075
27560
24770
16340
4189
-8915
-19989
-26512
-26999
-21338
-10819
2163
14653
23807
27540
25003
16773
4724
-8401
-19612
-26359
-27103
-21677
-11315
1623
14192
23529
27509
25226
17199
5256
-7884
-19228
-26195
-27197
-22007
-11807
1082
13725
23242
27468
25439
17619
5786
-7363
-18837
-26021
-27281
-22329
-12293
541
13253
22947
27416
25643
18032
6315
-6840
-18438
-25837
-27354
-22642
-12776
0
12776
22642
27354
25837
18438
6840
-6315
-18032
-25643
-27416
-22947
-13253
-541
12293
22329
27281
26021
18837
7363
-5786
-17619
-25439
-27468
-23242
-13725
-1082
11807
22007
27197
26195
19228
7884
-5256
-17199
-25226
-27509
-23529
-14192
-1623
11315
21677
27103
26359
19612
8401
-4724
-16773
-25003
-27540
-23807
-14653
-2163
10819
21338
26999
26512
19989
8915
-4189
-16340
-24770
-27560
-24075
-15109
-2702
10319
20991
26884
26656
20358
9425
-3654
-15901
-24527
-27569
-24334
-15559
-3241
9815
20636
26759
26789
20719
9932
-3116
-15455
-24275
-27568
-24584
-16002
-3777
9308
20274
26623
26911
21051
10393
-2640
-15087
-24118
-27681
-24970
-16607
-4500
8588
19674
26228
26753
21126
10622
-2372
-14901
-24118
-27929
-25472
-17309
-5305
7802
19024
25801
26584
21191
10846
-2103
-14709
-24109
-28167
-25963
-18005
-6108
7014
18368
25364
26405
21249
11065
-1833
-14512
-24092
-28394
-26446
-18694
-6909
6222
17703
24917
26215
21298
11280
-1562
-14310
-24065
-28611
-26918
-19376
-7707
5427
17032
24460
26015
21338
11490
-1292
-14102
-24029
-28817
-27380
-20051
-8503
4630
16354
23993
25804
21370
11695
-1021
-13890
-23985
-29012
-27833
-20719
-9296
3831
15668
23516
25583
21393
11896
-751
-13673
-23932
-29176
-28233
-21317
-10003
3133
15101
23175
25517
21594
12299
-252
-13201
-23600
-29080
-28395
-21700
-10520
2601
14673
22950
25545
21869
12759
288
-12704
-23259
-28973
-28546
-22075
-11033
2066
14239
22714
25584
22177
13276
910
-12099
-22785
-28710
-28521
-22254
-11334
1759
14048
22741
25862
22705
13995
1719
-11324
-22158
-28312
-28380
-22343
-11569
1492
13873
22757
26129
23224
14708
2526
-10544
-21522
-27903
-28230
-22423
-11801
1224
13691
22765
26385
23732
15415
3332
-9761
-20879
-27484
-28069
-22496
-12028
956
13503
22763
26631
24232
16116
4136
-8975
-20228
-27055
-27898
-22560
-12251
686
13310
22752
26866
24721
16810
4939
-8185
-19569
-26616
-27716
-22615
-12469
416
13112
22732
27091
25201
17498
5739
-7393
-18903
-26166
-27524
-22662
-12683
146
12908
22703
27305
25671
18178
6537
-6598
-18251
-25749
-27384
-22784
-12996
-250
12554
22499
27321
25923
18623
7082
-6071
-17842
-25550
-27441
-23084
-13471
-791
12069
22182
27243
26102
19018
7604
-5542
-17426
-25342
-27488
-23376
-13941
-1332
11580
21856
27155
26272
19406
8123
-5011
-17003
-25124
-27525
-23658
-14405
-1872
11087
21522
27056
26431
19787
8638
-4477
-16574
-24896
-27550
-23932
-14864
-2412
10589
21179
26947
26580
20160
9151
-3942
-16138
-24659
-27565
-24196
-15317
-2951
10087
20829
26828
26718
20526
9660
-3406
-15696
-24412
-27570
-24451
-15764
-3488
9582
20470
26698
26847
20883
10165
-2868
-15248
-24156
-27564
-24696
-16205
-4025
9072
20103
26557
26965
21232
10666
-2329
-14794
-23890
-27547
-24932
-16640
-4559
8559
19729
26407
27072
21574
11163
-1789
-14334
-23615
-27520
-25158
-17068
-5092
8043
19347
26246
27169
21907
11656
-1249
-13869
-23332
-27482
-25375
-17490
-5623
7524
18958
26075
27256
22231
12144
-708
-13399
-23039
-27433
-25581
-17905
-6152
7001
18561
25895
27332
22547
12628
-167
-12923
-22737
-27374
-25778
-18313
-6679
6477
18157
25704
27398
22854
13106
375
-12442
-22426
-27304
-25965
-18715
-7203
5949
17746
25503
27453
23152
13580
916
-11957
-22107
-27224
-26142
-19108
-7724
5419
17329
25293
27498
23442
14049
1457
-11467
-21779
-27133
-26309
-19495
-8242
4888
16904
25072
27531
23722
14512
1997
-10972
-21443
-27032
-26466
-19874
-8757
4354
16474
24842
27555
23993
14969
2537
-10474
-21099
-26920
-26613
-20245
-9268
3819
16036
24603
27567
24255
15421
3075
-9971
-20747
-26798
-26749
-20609
-9776
3282
15593
24354
27569
24508
15867
3612
-9464
-20386
-26666
-26875
-20964
-10281
2744
15144
24095
27561
24751
16306
4148
-8954
-20018
-26524
-26990
-21312
-10781
2205
14688
23828
27542
24985
16739
4683
-8440
-19642
-26371
-27096
-21651
-11277
1665
14227
23551
27512
25209
17166
5215
-7923
-19258
-26208
-27190
-21982
-11769
1124
13761
23265
27451
25382
17524
5662
-7508
-18992
-26180
-27441
-22492
-12464
354
13039
22699
27129
25315
17667
5920
-7256
-18864
-26268
-27786
-23077
-13218
-458
12292
22124
26796
25239
17802
6175
-7001
-18730
-26346
-28120
-23653
-13966
-1271
11539
21541
26453
25153
17931
6427
-6744
-18588
-26414
-28443
-24220
-14710
-2082
10782
20949
26100
25057
18052
6677
-6484
-18440
-26472
-28756
-24778
-15448
-2894
10020
20348
25736
24950
18166
6924
-6223
-18285
-26520
-29059
-25327
-16180
-3705
9253
19740
25361
24834
18273
7167
-5960
-18123
-26559
-29350
-25867
-16907
-4515
8483
19123
24977
24707
18372
7407
-5695
-17935
-26546
-29569
-26315
-17524
-5199
7854
18664
24769
24779
18692
7893
-5158
-17490
-26295
-29568
-26565
-17969
-5736
7347
18302
24634
24902
19045
8397
-4619
-17039
-26034
-29557
-26806
-18407
-6272
6836
17952
24531
25078
19474
9000
-3955
-16437
-25598
-29348
-26829
-18609
-6556
6592
17845
24647
25452
20082
9766
-3144
-15704
-25048
-29045
-26780
-18764
-6817
6345
17731
24752
25815
20682
10528
-2333
-14965
-24489
-28731
-26721
-18912
-7076
6096
17609
24847
26168
21274
11285
-1521
-14221
-23921
-28407
-26653
-19053
-7333
5843
17480
24933
26510
21856
12037
-708
-13473
-23345
-28072
-26574
-19187
-7588
5588
17344
25008
26841
22430
12784
104
-12719
-22759
-27727
-26486
-19314
-7839
5330
17200
25074
27162
22995
13526
916
-11960
-22165
-27371
-26387
-19434
-8088
5070
17050
25130
27473
23551
14263
1706
-11239
-21625
-27088
-26383
-19671
-8480
4642
16706
24967
27544
23849
14723
2246
-10743
-21285
-26982
-26535
-20046
-8993
4107
16273
24733
27562
24116
15178
2785
-10242
-20937
-26865
-26677
-20414
-9503
3571
15832
24489
27570
24373
15627
3323
-9738
-20581
-26739
-26808
-20774
-10010
3034
15386
24236
27567
24622
16070
3860
-9229
-20217
-26602
-26929
-21126
-10512
2495
14934
23973
27553
24860
16507
4395
-8717
-19845
-26454
-27040
-21470
-11010
1955
14476
23701
27529
25090
16937
4929
-8202
-19465
-26297
-27141
-21805
-11505
1415
14013
23420
27495
25309
17361
5460
-7684
-19078
-26129
-27231
-22132
-11994
874
13544
23130
27449
25519
17778
5990
-7162
-18684
-25951
-27310
-22451
-12479
333
13070
22831
27393
25719
18189
6517
-6638
-18282
-25764
-27379
-22760
-12960
-208
12591
22523
27327
25909
18592
7042
-6112
-17874
-25566
-27437
-23061
-13435
-749
12107
22206
27250
26089
18988
7564
-5583
-17458
-25358
-27485
-23354
-13905
-1290
11618
21881
27162
26259
19377
8083
-5052
-17036
-25141
-27522
-23637
-14370
-1831
11125
21548
27064
26419
19758
8599
-4518
-16607
-24914
-27549
-23911
-14829
-2371
10627
21206
26956
26569
20132
9111
-3984
-16172
-24677
-27565
-24176
-15282
-2909
10126
20856
26837
26708
20498
9621
-3447
-15730
-24431
-27570
-24431
-15730
-3447
9621
20498
26708
26837
20856
10126
-2909
-15282
-24176
-27565
-24677
-16172
-3984
9111
20132
26569
26956
21206
10627
-2371
-14829
-23911
-27549
-24914
-16607
-4518
8599
19758
26419
27064
21548
11125
-1831
-14370
-23637
-27522
-25141
-17036
-5052
8083
19377
26259
27162
21881
11618
-1290
-13905
-23354
-27485
-25358
-17458
-5583
7564
18988
26089
27250
22206
12107
-749
-13435
-23061
-27437
-25566
-17874
-6112
7042
18592
25909
27327
22523
12591
-208
-12960
-22760
-27379
-25764
-18282
-6638
6517
18189
25719
27393
22831
13070
333
-12479
-22451
-27310
-25951
-18684
-7162
5990
17757
25477
27387
23046
13440
749
-12140
-22299
-27418
-26337
-19308
-7934
5189
17069
24997
27161
23066
13638
1019
-11921
-22242
-27599
-26776
-19965
-8723
4387
16375
24506
26925
23076
13830
1289
-11698
-22178
-27769
-27204
-20616
-9509
3583
15674
24006
26678
23077
14017
1558
-11470
-22105
-27929
-27622
-21259
-10292
2777
14966
23497
26421
23069
14199
1825
-11239
-22024
-28079
-28030
-21894
-11071
1969
14252
22977
26153
23051
14374
2092
-11003
-21935
-28218
-28428
-22521
-11846
1160
13532
22449
25874
23025
14543
2357
-10764
-21838
-28347
-28815
-23140
-12618
350
12807
21911
25585
22988
14706
2642
-10480
-21671
-28383
-29088
-23625
-13239
-294
12263
21572
25515
23192
15134
3174
-9963
-21288
-28221
-29183
-23957
-13731
-834
11797
21287
25475
23407
15555
3705
-9444
-20897
-28048
-29269
-24280
-14219
-1355
11367
21055
25508
23717
16094
4379
-8754
-20312
-27658
-29114
-24345
-14431
-1625
11162
21023
25718
24183
16771
5176
-7958
-19636
-27194
-28907
-24380
-14638
-1896
10951
20982
25918
24639
17442
5971
-7159
-18953
-26721
-28690
-24406
-14840
-2166
10736
20932
26107
25085
18106
6762
-6359
-18264
-26238
-28462
-24423
-15037
-2436
10516
20874
26285
25522
18762
7551
-5556
-17568
-25746
-28223
-24431
-15228
-2705
10292
20808
26453
25948
19411
8336
-4751
-16865
-25244
-27974
-24430
-15414
-2974
10063
20733
26611
26363
20052
9118
-3945
-16156
-24732
-27714
-24420
-15594
-3241
9831
20650
26758
26769
20664
9854
-3199
-15524
-24315
-27569
-24546
-15935
-3695
9386
20330
26645
26893
21018
10358
-2661
-15074
-24055
-27559
-24788
-16373
-4231
8875
19960
26501
27007
21365
10858
-2122
-14618
-23786
-27538
-25020
-16806
-4765
8361
19583
26346
27111
21703
11353
-1581
-14156
-23507
-27506
-25243
-17231
-5297
7844
19198
26182
27204
22032
11844
-1041
-13689
-23220
-27464
-25455
-17651
-5827
7323
18806
26007
27287
22353
12331
-500
-13216
-22924
-27412
-25658
-18063
-6355
6800
18407
25822
27359
22666
12812
42
-12739
-22618
-27348
-25851
-18469
-6881
6274
18000
25628
27420
22970
13289
583
-12256
-22305
-27275
-26035
-18867
-7403
5746
17587
25423
27471
23265
13761
1124
-11769
-21982
-27190
-26208
-19258
-7923
5215
17166
25209
27512
23551
14227
1665
-11277
-21651
-27096
-26371
-19642
-8440
4683
16739
24985
27542
23828
14688
2205
-10781
-21312
-26990
-26524
-20018
-8954
4148
16306
24751
27561
24095
15144
2744
-10281
-20964
-26875
-26666
-20386
-9464
3612
15867
24508
27569
24354
15593
3282
-9776
-20609
-26749
-26798
-20747
-9971
3075
15421
24255
27567
24603
16036
3819
-9268
-20245
-26613
-26920
-21099
-10474
2537
14969
23993
27555
24842
16474
4354
-8757
-19874
-26466
-27032
-21443
-10972
1997
14512
23722
27531
25072
16904
4888
-8242
-19495
-26309
-27133
-21779
-11467
1457
14049
23442
27498
25293
17329
5419
-7724
-19108
-26142
-27224
-22107
-11957
916
13580
23152
27453
25503
17746
5949
-7203
-18715
-25965
-27304
-22426
-12442
375
13106
22854
27398
25704
18157
6477
-6679
-18313
-25778
-27374
-22737
-12923
-167
12628
22547
27332
25895
18561
7001
-6152
-17905
-25581
-27433
-23039
-13399
-708
12144
22231
27256
26075
18958
7524
-5623
-17490
-25375
-27482
-23332
-13869
-1249
11656
21907
27169
26246
19347
8043
-5092
-17068
-25158
-27520
-23615
-14334
-1789
11163
21574
27072
26407
19729
8559
-4559
-16640
-24932
-27547
-23890
-14794
-2350
10624
21170
26881
26453
19978
8926
-4191
-16393
-24904
-27793
-24406
-15519
-3160
9852
20550
26492
26323
20074
9165
-3926
-16223
-24930
-28070
-24933
-16237
-3968
9076
19921
26093
26182
20162
9400
-3659
-16046
-24946
-28336
-25451
-16950
-4776
8297
19285
25684
26030
20242
9631
-3391
-15864
-24952
-28592
-25959
-17657
-5581
7513
18641
25264
25869
20313
9858
-3122
-15676
-24950
-28837
-26457
-18357
-6386
6727
17990
24834
25697
20377
10080
-2853
-15483
-24938
-29072
-26946
-19051
-7188
5937
17331
24394
25514
20432
10298
-2583
-15284
-24918
-29295
-27425
-19738
-7988
5144
16664
23944
25321
20499
10554
-2250
-14996
-24784
-29384
-27749
-20251
-8598
4557
16220
23734
25389
20807
11033
-1709
-14517
-24475
-29316
-27937
-20653
-9122
4030
15810
23535
25445
21107
11508
-1167
-14032
-24157
-29237
-28116
-21027
-9602
3564
15477
23430
25616
21544
12144
-439
-13334
-23601
-28898
-28013
-21144
-9850
3303
15324
23482
25923
22096
12878
372
-12569
-22996
-28528
-27901
-21254
-10095
3040
15165
23524
26219
22640
13607
1183
-11801
-22382
-28147
-27778
-21355
-10336
2776
15000
23557
26504
23174
14331
1992
-11028
-21760
-27755
-27645
-21449
-10574
2510
14828
23580
26778
23699
15048
2801
-10251
-21129
-27354
-27502
-21535
-10808
2243
14651
23594
27042
24214
15760
3608
-9470
-20492
-26942
-27348
-21613
-11038
1975
14467
23599
27295
24720
16465
4413
-8686
-19846
-26520
-27184
-21683
-11264
1706
14278
23594
27517
25175
17101
5133
-8003
-19317
-26233
-27176
-21932
-11693
1207
13833
23309
27478
25391
17522
5664
-7484
-18928
-26062
-27262
-22256
-12181
666
13362
23016
27429
25597
17937
6193
-6961
-18530
-25880
-27338
-22571
-12665
125
12886
22713
27369
25793
18345
6719
-6436
-18126
-25689
-27403
-22877
-13143
-416
12405
22402
27298
25979
18745
7243
-5909
-17715
-25487
-27457
-23175
-13616
-958
11919
22082
27217
26156
19138
7764
-5379
-17296
-25276
-27501
-23464
-14084
-1498
11429
21754
27126
26322
19524
8282
-4847
-16872
-25055
-27534
-23743
-14547
-2039
10934
21417
27024
26478
19903
8796
-4313
-16440
-24824
-27556
-24014
-15004
-2578
10435
21072
26911
26623
20274
9308
-3777
-16002
-24584
-27568
-24275
-15455
-3116
9932
20719
26789
26759
20636
9815
-3241
-15559
-24334
-27569
-24527
-15901
-3654
9425
20358
26656
26884
20991
10319
-2702
-15109
-24075
-27560
-24770
-16340
-4189
8915
19989
26512
26999
21338
10819
-2163
-14653
-23807
-27540
-25003
-16773
-4724
8401
19612
26359
27103
21677
11315
-1623
-14192
-23529
-27509
-25226
-17199
-5256
7884
19228
26195
27197
22007
11807
-1082
-13725
-23242
-27468
-25439
-17619
-5786
7363
18837
26021
27281
22329
12293
-541
-13253
-22947
-27416
-25643
-18032
-6315
6840
18438
25837
27354
22642
12776
0
-12776
-22642
-27354
-25837
-18438
-6840
6315
18032
25643
27416
22947
13253
541
-12293
-22329
-27281
-26021
-18837
-7363
5786
17619
25439
27468
23242
13725
1082
-11807
-22007
-27197
-26195
-19228
-7884
5256
17199
25226
27509
23529
14192
1623
-11315
-21677
-27103
-26359
-19612
-8401
4724
16773
25003
27540
23807
14653
2163
-10819
-21338
-26999
-26512
-19989
-8915
4189
16340
24770
27560
24075
15109
2702
-10319
-20991
-26884
-26656
-20358
-9425
3654
15901
24527
27569
24334
15559
3241
-9815
-20636
-26759
-26789
-20719
-9932
3116
15455
24275
27568
24584
16002
3777
-9308
-20274
-26623
-26911
-21051
-10393
2640
15087
24118
27681
24970
16607
4500
-8588
-19674
-26228
-26753
-21126
-10622
2372
14901
24118
27929
25472
17309
5305
-7802
-19024
-25801
-26584
-21191
-10846
2103
14709
24109
28167
25963
18005
6108
-7014
-18368
-25364
-26405
-21249
-11065
1833
14512
24092
28394
26446
18694
6909
-6222
-17703
-24917
-26215
-21298
-11280
1562
14310
24065
28611
26918
19376
7707
-5427
-17032
-24460
-26015
-21338
-11490
1292
14102
24029
28817
27380
20051
8503
-4630
-16354
-23993
-25804
-21370
-11695
1021
13890
23985
29012
27833
20719
9296
-3831
-15668
-23516
-25583
-21393
-11896
751
13673
23932
29176
28233
21317
10003
-3133
-15101
-23175
-25517
-21594
-12299
252
13201
23600
29080
28395
21700
10520
-2601
-14673
-22950
-25545
-21869
-12759
-288
12704
23259
28973
28546
22075
11033
-2066
-14239
-22714
-25584
-22177
-13276
-910
12099
22785
28710
28521
22254
11334
-1759
-14048
-22741
-25862
-22705
-13995
-1719
11324
22158
28312
28380
22343
11569
-1492
-13873
-22757
-26129
-23224
-14708
-2526
10544
21522
27903
28230
22423
11801
-1224
-13691
-22765
-26385
-23732
-15415
-3332
9761
20879
27484
28069
22496
12028
-956
-13503
-22763
-26631
-24232
-16116
-4136
8975
20228
27055
27898
22560
12251
-686
-13310
-22752
-26866
-24721
-16810
-4939
8185
19569
26616
27716
22615
12469
-416
-13112
-22732
-27091
-25201
-17498
-5739
7393
18903
26166
27524
22662
12683
-146
-12908
-22703
-27305
-25671
-18178
-6537
6598
18251
25749
27384
22784
12996
250
-12554
-22499
-27321
-25923
-18623
-7082
6071
17842
25550
27441
23084
13471
791
-12069
-22182
-27243
-26102
-19018
-7604
5542
17426
25342
27488
23376
13941
1332
-11580
-21856
-27155
-26272
-19406
-8123
5011
17003
25124
27525
23658
14405
1872
-11087
-21522
-27056
-26431
-19787
-8638
4477
16574
24896
27550
23932
14864
2412
-10589
-21179
-26947
-26580
-20160
-9151
3942
16138
24659
27565
24196
15317
2951
-10087
-20829
-26828
-26718
-20526
-9660
3406
15696
24412
27570
24451
15764
3488
-9582
-20470
-26698
-26847
-20883
-10165
2868
15248
24156
27564
24696
16205
4025
-9072
-20103
-26557
-26965
-21232
-10666
2329
14794
23890
27547
24932
16640
4559
-8559
-19729
-26407
-27072
-21574
-11163
1789
14334
23615
27520
25158
17068
5092
-8043
-19347
-26246
-27169
-21907
-11656
1249
13869
23332
27482
25375
17490
5623
-7524
-18958
-26075
-27256
-22231
-12144
708
13399
23039
27433
25581
17905
6152
-7001
-18561
-25895
-27332
-22547
-12628
167
12923
22737
27374
25778
18313
6679
-6477
-18157
-25704
-27398
-22854
-13106
-375
12442
22426
27304
25965
18715
7203
-5949
-17746
-25503
-27453
-23152
-13580
-916
11957
22107
27224
26142
19108
7724
-5419
-17329
-25293
-27498
-23442
-14049
-1457
11467
21779
27133
26309
19495
8242
-4888
-16904
-25072
-27531
-23722
-14512
-1997
10972
21443
27032
26466
19874
8757
-4354
-16474
-24842
-27555
-23993
-14969
-2537
10474
21099
26920
26613
20245
9268
-3819
-16036
-24603
-27567
-24255
-15421
-3075
9971
20747
26798
26749
20609
9776
-3282
-15593
-24354
-27569
-24508
-15867
-3612
9464
20386
26666
26875
20964
10281
-2744
-15144
-24095
-27561
-24751
-16306
-4148
8954
20018
26524
26990
21312
10781
-2205
-14688
-23828
-27542
-24985
-16739
-4683
8440
19642
26371
27096
21651
11277
-1665
-14227
-23551
-27512
-25209
-17166
-5215
7923
19258
26208
27190
21982
11769
-1124
-13761
-23265
-27451
-25382
-17524
-5662
7508
18992
26180
27441
22492
12464
-354
-13039
-22699
-27129
-25315
-17667
-5920
7256
18864
26268
27786
23077
13218
458
-12292
-22124
-26796
-25239
-17802
-6175
7001
18730
26346
28120
23653
13966
1271
-11539
-21541
-26453
-25153
-17931
-6427
6744
18588
26414
28443
24220
14710
2082
-10782
-20949
-26100
-25057
-18052
-6677
6484
18440
26472
28756
24778
15448
2894
-10020
-20348
-25736
-24950
-18166
-6924
6223
18285
26520
29059
25327
16180
3705
-9253
-19740
-25361
-24834
-18273
-7167
5960
18123
26559
29350
25867
16907
4515
-8483
-19123
-24977
-24707
-18372
-7407
5695
17935
26546
29569
26315
17524
5199
-7854
-18664
-24769
-24779
-18692
-7893
5158
17490
26295
29568
26565
17969
5736
-7347
-18302
-24634
-24902
-19045
-8397
4619
17039
26034
29557
26806
18407
6272
-6836
-17952
-24531
-25078
-19474
-9000
3955
16437
25598
29348
26829
18609
6556
-6592
-17845
-24647
-25452
-20082
-9766
3144
15704
25048
29045
26780
18764
6817
-6345
-17731
-24752
-25815
-20682
-10528
2333
14965
24489
28731
26721
18912
7076
-6096
-17609
-24847
-26168
-21274
-11285
1521
14221
23921
28407
26653
19053
7333
-5843
-17480
-24933
-26510
-21856
-12037
708
13473
23345
28072
26574
19187
7588
-5588
-17344
-25008
-26841
-22430
-12784
-104
12719
22759
27727
26486
19314
7839
-5330
-17200
-25074
-27162
-22995
-13526
-916
11960
22165
27371
26387
19434
8088
-5070
-17050
-25130
-27473
-23551
-14263
-1706
11239
21625
27088
26383
19671
8480
-4642
-16706
-24967
-27544
-23849
-14723
-2246
10743
21285
26982
26535
20046
8993
-4107
-16273
-24733
-27562
-24116
-15178
-2785
10242
20937
26865
26677
20414
9503
-3571
-15832
-24489
-27570
-24373
-15627
-3323
9738
20581
26739
26808
20774
10010
-3034
-15386
-24236
-27567
-24622
-16070
-3860
9229
20217
26602
26929
21126
10512
-2495
-14934
-23973
-27553
-24860
-16507
-4395
8717
19845
26454
27040
21470
11010
-1955
-14476
-23701
-27529
-25090
-16937
-4929
8202
19465
26297
27141
21805
11505
-1415
-14013
-23420
-27495
-25309
-17361
-5460
7684
19078
26129
27231
22132
11994
-874
-13544
-23130
-27449
-25519
-17778
-5990
7162
18684
25951
27310
22451
12479
-333
-13070
-22831
-27393
-25719
-18189
-6517
6638
18282
25764
27379
22760
12960
208
-12591
-22523
-27327
-25909
-18592
-7042
6112
17874
25566
27437
23061
13435
749
-12107
-22206
-27250
-26089
-18988
-7564
5583
17458
25358
27485
23354
13905
1290
-11618
-21881
-27162
-26259
-19377
-8083
5052
17036
25141
27522
23637
14370
1831
-11125
-21548
-27064
-26419
-19758
-8599
4518
16607
24914
27549
23911
14829
2371
-10627
-21206
-26956
-26569
-20132
-9111
3984
16172
24677
27565
24176
15282
2909
-10126
-20856
-26837
-26708
-20498
-9621
3447
15730
24431
27570
24431
15730
3447
-9621
-20498
-26708
-26837
-20856
-10126
2909
15282
24176
27565
24677
16172
3984
-9111
-20132
-26569
-26956
-21206
-10627
2371
14829
23911
27549
24914
16607
4518
-8599
-19758
-26419
-27064
-21548
-11125
1831
14370
23637
27522
25141
17036
5052
-8083
-19377
-26259
-27162
-21881
-11618
1290
13905
23354
27485
25358
17458
5583
-7564
-18988
-26089
-27250
-22206
-12107
749
13435
23061
27437
25566
17874
6112
-7042
-18592
-25909
-27327
-22523
-12591
208
12960
22760
27379
25764
18282
6638
-6517
-18189
-25719
-27393
-22831
-13070
-333
12479
22451
27310
25951
18684
7162
-5990
-17757
-25477
-27387
-23046
-13440
-749
12140
22299
27418
26337
19308
7934
-5189
-17069
-24997
-27161
-23066
-13638
-1019
11921
22242
27599
26776
19965
8723
-4387
-16375
-24506
-26925
-23076
-13830
-1289
11698
22178
27769
27204
20616
9509
-3583
-15674
-24006
-26678
-23077
-14017
-1558
11470
22105
27929
27622
21259
10292
-2777
-14966
-23497
-26421
-23069
-14199
-1825
11239
22024
28079
28030
21894
11071
-1969
-14252
-22977
-26153
-23051
-14374
-2092
11003
21935
28218
28428
22521
11846
-1160
-13532
-22449
-25874
-23025
-14543
-2357
10764
21838
28347
28815
23140
12618
-350
-12807
-21911
-25585
-22988
-14706
-2642
10480
21671
28383
29088
23625
13239
294
-12263
-21572
-25515
-23192
-15134
-3174
9963
21288
28221
29183
23957
13731
834
-11797
-21287
-25475
-23407
-15555
-3705
9444
20897
28048
29269
24280
14219
1355
-11367
-21055
-25508
-23717
-16094
-4379
8754
20312
27658
29114
24345
14431
1625
-11162
-21023
-25718
-24183
-16771
-5176
7958
19636
27194
28907
24380
14638
1896
-10951
-20982
-25918
-24639
-17442
-5971
7159
18953
26721
28690
24406
14840
2166
-10736
-20932
-26107
-25085
-18106
-6762
6359
18264
26238
28462
24423
15037
2436
-10516
-20874
-26285
-25522
-18762
-7551
5556
17568
25746
28223
24431
15228
2705
-10292
-20808
-26453
-25948
-19411
-8336
4751
16865
25244
27974
24430
15414
2974
-10063
-20733
-26611
-26363
-20052
-9118
3945
16156
24732
27714
24420
15594
3241
-9831
-20650
-26758
-26769
-20664
-9854
3199
15524
24315
27569
24546
15935
3695
-9386
-20330
-26645
-26893
-21018
-10358
2661
15074
24055
27559
24788
16373
4231
-8875
-19960
-26501
-27007
-21365
-10858
2122
14618
23786
27538
25020
16806
4765
-8361
-19583
-26346
-27111
-21703
-11353
1581
14156
23507
27506
25243
17231
5297
-7844
-19198
-26182
-27204
-22032
-11844
1041
13689
23220
27464
25455
17651
5827
-7323
-18806
-26007
-27287
-22353
-12331
500
13216
22924
27412
25658
18063
6355
-6800
-18407
-25822
-27359
-22666
-12812
-42
12739
22618
27348
25851
18469
6881
-6274
-18000
-25628
-27420
-22970
-13289
-583
12256
22305
27275
26035
18867
7403
-5746
-17587
-25423
-27471
-23265
-13761
-1124
11769
21982
27190
26208
19258
7923
-5215
-17166
-25209
-27512
-23551
-14227
-1665
11277
21651
27096
26371
19642
8440
-4683
-16739
-24985
-27542
-23828
-14688
-2205
10781
21312
26990
26524
20018
8954
-4148
-16306
-24751
-27561
-24095
-15144
-2744
10281
20964
26875
26666
20386
9464
-3612
-15867
-24508
-27569
-24354
-15593
-3282
9776
20609
26749
26798
20747
9971
-3075
-15421
-24255
-27567
-24603
-16036
-3819
9268
20245
26613
26920
21099
10474
-2537
-14969
-23993
-27555
-24842
-16474
-4354
8757
19874
26466
27032
21443
10972
-1997
-14512
-23722
-27531
-25072
-16904
-4888
8242
19495
26309
27133
21779
11467
-1457
-14049
-23442
-27498
-25293
-17329
-5419
7724
19108
26142
27224
22107
11957
-916
-13580
-23152
-27453
-25503
-17746
-5949
7203
18715
25965
27304
22426
12442
-375
-13106
-22854
-27398
-25704
-18157
-6477
6679
18313
25778
27374
22737
12923
167
-12628
-22547
-27332
-25895
-18561
-7001
6152
17905
25581
27433
23039
13399
708
-12144
-22231
-27256
-26075
-18958
-7524
5623
17490
25375
27482
23332
13869
1249
-11656
-21907
-27169
-26246
-19347
-8043
5092
17068
25158
27520
23615
14334
1789
-11163
-21574
-27072
-26407
-19729
-8559
4559
16640
24932
27547
23890
14794
2308
-10708
-21295
-27048
-26662
-20228
-9218
3858
16018
24488
27335
23906
14977
2576
-10477
-21216
-27201
-27073
-20866
-9998
3051
15306
23971
27070
23891
15154
2843
-10243
-21130
-27343
-27473
-21495
-10775
2243
14588
23446
26795
23867
15325
3109
-10005
-21035
-27475
-27864
-22117
-11547
1433
13864
22911
26509
23834
15490
3373
-9763
-20933
-27597
-28244
-22730
-12316
622
13134
22367
26212
23791
15649
3636
-9518
-20823
-27709
-28613
-23335
-13080
-189
12399
21813
25905
23738
15801
3896
-9270
-20706
-27811
-28973
-23932
-13840
-1001
11659
21251
25587
23675
15946
4154
-9019
-20581
-27902
-29321
-24499
-14554
-1750
10996
20784
25384
23749
16251
4598
-8557
-20220
-27734
-29389
-24807
-15033
-2291
10517
20475
25316
23937
16653
5122
-8030
-19810
-27535
-29445
-25107
-15508
-2833
10032
20157
25237
24116
17069
5685
-7439
-19310
-27221
-29366
-25252
-15810
-3186
9751
20060
25398
24555
17728
6475
-6636
-18616
-26732
-29131
-25263
-16003
-3456
9528
19996
25569
24984
18379
7261
-5832
-17915
-26232
-28885
-25265
-16191
-3724
9301
19923
25730
25403
19022
8044
-5026
-17208
-25724
-28629
-25257
-16373
-3992
9069
19843
25880
25812
19658
8824
-4219
-16495
-25205
-28362
-25241
-16548
-4259
8834
19754
26021
26210
20285
9599
-3410
-15776
-24677
-28084
-25214
-16718
-4524
8595
19658
26150
26598
20905
10371
-2600
-15050
-24140
-27795
-25179
-16882
-4788
8353
19554
26270
26976
21516
11139
-1789
-14319
-23594
-27517
-25175
-17101
-5133
8003
19317
26233
27176
21932
11693
-1207
-13833
-23309
-27478
-25391
-17522
-5664
7484
18928
26062
27262
22256
12181
-666
-13362
-23016
-27429
-25597
-17937
-6193
6961
18530
25880
27338
22571
12665
-125
-12886
-22713
-27369
-25793
-18345
-6719
6436
18126
25689
27403
22877
13143
416
-12405
-22402
-27298
-25979
-18745
-7243
5909
17715
25487
27457
23175
13616
958
-11919
-22082
-27217
-26156
-19138
-7764
5379
17296
25276
27501
23464
14084
1498
-11429
-21754
-27126
-26322
-19524
-8282
4847
16872
25055
27534
23743
14547
2039
-10934
-21417
-27024
-26478
-19903
-8796
4313
16440
24824
27556
24014
15004
2578
-10435
-21072
-26911
-26623
-20274
-9308
3777
16002
24584
27568
24275
15455
3116
-9932
-20719
-26789
-26759
-20636
-9815
3241
15559
24334
27569
24527
15901
3654
-9425
-20358
-26656
-26884
-20991
-10319
2702
15109
24075
27560
24770
16340
4189
-8915
-19989
-26512
-26999
-21338
-10819
2163
14653
23807
27540
25003
16773
4724
-8401
-19612
-26359
-27103
-21677
-11315
1623
14192
23529
27509
25226
17199
5256
-7884
-19228
-26195
-27197
-22007
-11807
1082
13725
23242
27468
25439
17619
5786
-7363
-18837
-26021
-27281
-22329
-12293
541
13253
22947
27416
25643
18032
6315
-6840
-18438
-25837
-27354
-22642
-12776
0
12776
22642
27354
25837
18438
6840
-6315
-18032
-25643
-27416
-22947
-13253
-541
12293
22329
27281
26021
18837
7363
-5786
-17619
-25439
-27468
-23242
-13725
-1082
11807
22007
27197
26195
19228
7884
-5256
-17199
-25226
-27509
-23529
-14192
-1623
11315
21677
27103
26359
19612
8401
-4724
-16773
-25003
-27540
-23807
-14653
-2163
10819
21338
26999
26512
19989
8915
-4189
-16340
-24770
-27560
-24075
-15109
-2702
10319
20991
26884
26656
20358
9425
-3654
-15901
-24527
-27569
-24334
-15559
-3241
9815
20636
26759
26789
20719
9932
-3116
-15455
-24275
-27568
-24584
-16002
-3777
9308
20274
26623
26911
21051
10393
-2640
-15087
-24118
-27681
-24970
-16607
-4500
8588
19674
26228
26753
21126
10622
-2372
-14901
-24118
-27929
-25472
-17309
-5305
7802
19024
25801
26584
21191
10846
-2103
-14709
-24109
-28167
-25963
-18005
-6108
7014
18368
25364
26405
21249
11065
-1833
-14512
-24092
-28394
-26446
-18694
-6909
6222
17703
24917
26215
21298
11280
-1562
-14310
-24065
-28611
-26918
-19376
-7707
5427
17032
24460
26015
21338
11490
-1292
-14102
-24029
-28817
-27380
-20051
-8503
4630
16354
23993
25804
21370
11695
-1021
-13890
-23985
-29012
-27833
-20719
-9296
3831
15668
23516
25583
21393
11896
-751
-13673
-23932
-29176
-28233
-21317
-10003
3133
15101
23175
25517
21594
12299
-252
-13201
-23600
-29080
-28395
-21700
-10520
2601
14673
22950
25545
21869
12759
288
-12704
-23259
-28973
-28546
-22075
-11033
2066
14239
22714
25584
22177
13276
910
-12099
-22785
-28710
-28521
-22254
-11334
1759
14048
22741
25862
22705
13995
1719
-11324
-22158
-28312
-28380
-22343
-11569
1492
13873
22757
26129
23224
14708
2526
-10544
-21522
-27903
-28230
-22423
-11801
1224
13691
22765
26385
23732
15415
3332
-9761
-20879
-27484
-28069
-22496
-12028
956
13503
22763
26631
24232
16116
4136
-8975
-20228
-27055
-27898
-22560
-12251
686
13310
22752
26866
24721
16810
4939
-8185
-19569
-26616
-27716
-22615
-12469
416
13112
22732
27091
25201
17498
5739
-7393
-18903
-26166
-27524
-22662
-12683
146
12908
22703
27305
25671
18178
6537
-6598
-18251
-25749
-27384
-22784
-12996
-250
12554
22499
27321
25923
18623
7082
-6071
-17842
-25550
-27441
-23084
-13471
-791
12069
22182
27243
26102
19018
7604
-5542
-17426
-25342
-27488
-23376
-13941
-1332
11580
21856
27155
26272
19406
8123
-5011
-17003
-25124
-27525
-23658
-14405
-1872
11087
21522
27056
26431
19787
8638
-4477
-16574
-24896
-27550
-23932
-14864
-2412
10589
21179
26947
26580
20160
9151
-3942
-16138
-24659
-27565
-24196
-15317
-2951
10087
20829
26828
26718
20526
9660
-3406
-15696
-24412
-27570
-24451
-15764
-3488
9582
20470
26698
26847
20883
10165
-2868
-15248
-24156
-27564
-24696
-16205
-4025
9072
20103
26557
26965
21232
10666
-2329
-14794
-23890
-27547
-24932
-16640
-4559
8559
19729
26407
27072
21574
11163
-1789
-14334
-23615
-27520
-25158
-17068
-5092
8043
19347
26246
27169
21907
11656
-1249
-13869
-23332
-27482
-25375
-17490
-5623
7524
18958
26075
27256
22231
12144
-708
-13399
-23039
-27433
-25581
-17905
-6152
7001
18561
25895
27332
22547
12628
-167
-12923
-22737
-27374
-25778
-18313
-6679
6477
18157
25704
27398
22854
13106
375
-12442
-22426
-27304
-25965
-18715
-7203
5949
17746
25503
27453
23152
13580
916
-11957
-22107
-27224
-26142
-19108
-7724
5419
17329
25293
27498
23442
14049
1457
-11467
-21779
-27133
-26309
-19495
-8242
4888
16904
25072
27531
23722
14512
1997
-10972
-21443
-27032
-26466
-19874
-8757
4354
16474
24842
27555
23993
14969
2537
-10474
-21099
-26920
-26613
-20245
-9268
3819
16036
24603
27567
24255
15421
3075
-9971
-20747
-26798
-26749
-20609
-9776
3282
15593
24354
27569
24508
15867
3612
-9464
-20386
-26666
-26875
-20964
-10281
2744
15144
24095
27561
24751
16306
4148
-8954
-20018
-26524
-26990
-21312
-10781
2205
14688
23828
27542
24985
16739
4683
-8440
-19642
-26371
-27096
-21651
-11277
1665
14227
23551
27512
25209
17166
5215
-7923
-19258
-26208
-27190
-21982
-11769
1124
13761
23265
27492
25465
17649
5829
-7299
-18742
-25889
-27108
-22117
-12048
812
13539
23241
27712
25940
18333
6628
-6506
-18073
-25435
-26911
-22160
-12259
542
13333
23208
27921
26406
19011
7425
-5709
-17396
-24971
-26703
-22194
-12466
271
13122
23166
28120
26861
19681
8219
-4910
-16713
-24497
-26485
-22220
-12668
1
12907
23116
28308
27307
20344
9010
-4109
-16023
-24013
-26256
-22236
-12864
-269
12686
23057
28486
27742
21000
9799
-3306
-15326
-23520
-26017
-22244
-13055
-538
12462
22990
28653
28167
21648
10584
-2501
-14623
-23017
-25767
-22242
-13241
-807
12233
22914
28810
28582
22288
11365
-1695
-13935
-22546
-25569
-22315
-13524
-1199
11854
22664
28769
28779
22692
11893
-1158
-13490
-22295
-25568
-22565
-13969
-1736
11347
22302
28634
28902
23045
12397
-619
-13039
-22034
-25557
-22806
-14407
-2272
10836
21911
28448
28953
23308
12792
-205
-12728
-21931
-25723
-23246
-15068
-3056
10051
21262
28022
28785
23374
13016
64
-12537
-21923
-25962
-23738
-15764
-3859
9262
20606
27585
28607
23432
13236
334
-12340
-21906
-26190
-24221
-16453
-4659
8471
19942
27139
28418
23482
13451
604
-12138
-21880
-26407
-24694
-17136
-5458
7676
19271
26683
28218
23523
13662
875
-11931
-21845
-26614
-25158
-17812
-6254
6879
18594
26217
28008
23555
13867
1145
-11719
-21801
-26810
-25611
-18481
-7048
6080
17909
25740
27787
23579
14068
1416
-11502
-21749
-26996
-26054
-19142
-7838
5278
17217
25255
27556
23593
14263
1706
-11239
-21625
-27088
-26383
-19671
-8480
4642
16706
24967
27544
23849
14723
2246
-10743
-21285
-26982
-26535
-20046
-8993
4107
16273
24733
27562
24116
15178
2785
-10242
-20937
-26865
-26677
-20414
-9503
3571
15832
24489
27570
24373
15627
3323
-9738
-20581
-26739
-26808
-20774
-10010
3034
15386
24236
27567
24622
16070
3860
-9229
-20217
-26602
-26929
-21126
-10512
2495
14934
23973
27553
24860
16507
4395
-8717
-19845
-26454
-27040
-21470
-11010
1955
14476
23701
27529
25090
16937
4929
-8202
-19465
-26297
-27141
-21805
-11505
1415
14013
23420
27495
25309
17361
5460
-7684
-19078
-26129
-27231
-22132
-11994
874
13544
23130
27449
25519
17778
5990
-7162
-18684
-25951
-27310
-22451
-12479
333
13070
22831
27393
25719
18189
6517
-6638
-18282
-25764
-27379
-22760
-12960
-208
12591
22523
27327
25909
18592
7042
-6112
-17874
-25566
-27437
-23061
-13435
-749
12107
22206
27250
26089
18988
7564
-5583
-17458
-25358
-27485
-23354
-13905
-1290
11618
21881
27162
26259
19377
8083
-5052
-17036
-25141
-27522
-23637
-14370
-1831
11125
21548
27064
26419
19758
8599
-4518
-16607
-24914
-27549
-23911
-14829
-2371
10627
21206
26956
26569
20132
9111
-3984
-16172
-24677
-27565
-24176
-15282
-2909
10126
20856
26837
26708
20498
9621
-3447
-15730
-24431
-27570
-24431
-15730
-3447
9621
20498
26708
26837
20856
10126
-2909
-15282
-24176
-27565
-24677
-16172
-3984
9111
20132
26569
26956
21206
10627
-2371
-14829
-23911
-27549
-24914
-16607
-4518
8599
19758
26419
27064
21548
11125
-1831
-14370
-23637
-27522
-25141
-17036
-5052
8083
19377
26259
27162
21881
11618
-1290
-13905
-23354
-27485
-25358
-17458
-5583
7564
18988
26089
27250
22206
12107
-749
-13435
-23061
-27437
-25566
-17874
-6112
7042
18592
25909
27327
22523
12591
-208
-12960
-22760
-27379
-25764
-18282
-6638
6517
18189
25719
27393
22831
13070
333
-12479
-22451
-27310
-25951
-18684
-7162
5990
17757
25477
27387
23046
13440
749
-12140
-22299
-27418
-26337
-19308
-7934
5189
17069
24997
27161
23066
13638
1019
-11921
-22242
-27599
-26776
-19965
-8723
4387
16375
24506
26925
23076
13830
1289
-11698
-22178
-27769
-27204
-20616
-9509
3583
15674
24006
26678
23077
14017
1558
-11470
-22105
-27929
-27622
-21259
-10292
2777
14966
23497
26421
23069
14199
1825
-11239
-22024
-28079
-28030
-21894
-11071
1969
14252
22977
26153
23051
14374
2092
-11003
-21935
-28218
-28428
-22521
-11846
1160
13532
22449
25874
23025
14543
2357
-10764
-21838
-28347
-28815
-23140
-12618
350
12807
21911
25585
22988
14706
2642
-10480
-21671
-28383
-29088
-23625
-13239
-294
12263
21572
25515
23192
15134
3174
-9963
-21288
-28221
-29183
-23957
-13731
-834
11797
21287
25475
23407
15555
3705
-9444
-20897
-28048
-29269
-24280
-14219
-1355
11367
21055
25508
23717
16094
4379
-8754
-20312
-27658
-29114
-24345
-14431
-1625
11162
21023
25718
24183
16771
5176
-7958
-19636
-27194
-28907
-24380
-14638
-1896
10951
20982
25918
24639
17442
5971
-7159
-18953
-26721
-28690
-24406
-14840
-2166
10736
20932
26107
25085
18106
6762
-6359
-18264
-26238
-28462
-24423
-15037
-2436
10516
20874
26285
25522
18762
7551
-5556
-17568
-25746
-28223
-24431
-15228
-2705
10292
20808
26453
25948
19411
8336
-4751
-16865
-25244
-27974
-24430
-15414
-2974
10063
20733
26611
26363
20052
9118
-3945
-16156
-24732
-27714
-24420
-15594
-3241
9831
20650
26758
26769
20664
9854
-3199
-15524
-24315
-27569
-24546
-15935
-3695
9386
20330
26645
26893
21018
10358
-2661
-15074
-24055
-27559
-24788
-16373
-4231
8875
19960
26501
27007
21365
10858
-2122
-14618
-23786
-27538
-25020
-16806
-4765
8361
19583
26346
27111
21703
11353
-1581
-14156
-23507
-27506
-25243
-17231
-5297
7844
19198
26182
27204
22032
11844
-1041
-13689
-23220
-27464
-25455
-17651
-5827
7323
18806
26007
27287
22353
12331
-500
-13216
-22924
-27412
-25658
-18063
-6355
6800
18407
25822
27359
22666
12812
42
-12739
-22618
-27348
-25851
-18469
-6881
6274
18000
25628
27420
22970
13289
583
-12256
-22305
-27275
-26035
-18867
-7403
5746
17587
25423
27471
23265
13761
1124
-11769
-21982
-27190
-26208
-19258
-7923
5215
17166
25209
27512
23551
14227
1665
-11277
-21651
-27096
-26371
-19642
-8440
4683
16739
24985
27542
23828
14688
2205
-10781
-21312
-26990
-26524
-20018
-8954
4148
16306
24751
27561
24095
15144
2744
-10281
-20964
-26875
-26666
-20386
-9464
3612
15867
24508
27569
24354
15593
3282
-9776
-20609
-26749
-26798
-20747
-9971
3075
15421
24255
27567
24603
16036
3819
-9268
-20245
-26613
-26920
-21099
-10474
2537
14969
23993
27555
24842
16474
4354
-8757
-19874
-26466
-27032
-21443
-10972
1997
14512
23722
27531
25072
16904
4888
-8242
-19495
-26309
-27133
-21779
-11467
1457
14049
23442
27498
25293
17329
5419
-7724
-19108
-26142
-27224
-22107
-11957
916
13580
23152
27453
25503
17746
5949
-7203
-18715
-25965
-27304
-22426
-12442
375
13106
22854
27398
25704
18157
6477
-6679
-18313
-25778
-27374
-22737
-12923
-167
12628
22547
27332
25895
18561
7001
-6152
-17905
-25581
-27433
-23039
-13399
-708
12144
22231
27256
26075
18958
7524
-5623
-17490
-25375
-27482
-23332
-13869
-1249
11656
21907
27169
26246
19347
8043
-5092
-17068
-25158
-27520
-23615
-14334
-1789
11163
21574
27072
26407
19729
8559
-4559
-16640
-24932
-27547
-23890
-14794
-2308
10708
21295
27048
26662
20228
9218
-3858
-16018
-24488
-27335
-23906
-14977
-2576
10477
21216
27201
27073
20866
9998
-3051
-15306
-23971
-27070
-23891
-15154
-2843
10243
21130
27343
27473
21495
10775
-2243
-14588
-23446
-26795
-23867
-15325
-3109
10005
21035
27475
27864
22117
11547
-1433
-13864
-22911
-26509
-23834
-15490
-3373
9763
20933
27597
28244
22730
12316
-622
-13134
-22367
-26212
-23791
-15649
-3636
9518
20823
27709
28613
23335
13080
189
-12399
-21813
-25905
-23738
-15801
-3896
9270
20706
27811
28973
23932
13840
1001
-11659
-21251
-25587
-23675
-15946
-4154
9019
20581
27902
29321
24499
14554
1750
-10996
-20784
-25384
-23749
-16251
-4598
8557
20220
27734
29389
24807
15033
2291
-10517
-20475
-25316
-23937
-16653
-5122
8030
19810
27535
29445
25107
15508
2833
-10032
-20157
-25237
-24116
-17069
-5685
7439
19310
27221
29366
25252
15810
3186
-9751
-20060
-25398
-24555
-17728
-6475
6636
18616
26732
29131
25263
16003
3456
-9528
-19996
-25569
-24984
-18379
-7261
5832
17915
26232
28885
25265
16191
3724
-9301
-19923
-25730
-25403
-19022
-8044
5026
17208
25724
28629
25257
16373
3992
-9069
-19843
-25880
-25812
-19658
-8824
4219
16495
25205
28362
25241
16548
4259
-8834
-19754
-26021
-26210
-20285
-9599
3410
15776
24677
28084
25214
16718
4524
-8595
-19658
-26150
-26598
-20905
-10371
2600
15050
24140
27795
25179
16882
4788
-8353
-19554
-26270
-26976
-21516
-11139
1789
14319
23594
27517
25175
17101
5133
-8003
-19317
-26233
-27176
-21932
-11693
1207
13833
23309
27478
25391
17522
5664
-7484
-18928
-26062
-27262
-22256
-12181
666
13362
23016
27429
25597
17937
6193
-6961
-18530
-25880
-27338
-22571
-12665
125
12886
22713
27369
25793
18345
6719
-6436
-18126
-25689
-27403
-22877
-13143
-416
12405
22402
27298
25979
18745
7243
-5909
-17715
-25487
-27457
-23175
-13616
-958
11919
22082
27217
26156
19138
7764
-5379
-17296
-25276
-27501
-23464
-14084
-1498
11429
21754
27126
26322
19524
8282
-4847
-16872
-25055
-27534
-23743
-14547
-2039
10934
21417
27024
26478
19903
8796
-4313
-16440
-24824
-27556
-24014
-15004
-2578
10435
21072
26911
26623
20274
9308
-3777
-16002
-24584
-27568
-24275
-15455
-3116
9932
20719
26789
26759
20636
9815
-3241
-15559
-24334
-27569
-24527
-15901
-3654
9425
20358
26656
26884
20991
10319
-2702
-15109
-24075
-27560
-24770
-16340
-4189
8915
19989
26512
26999
21338
10819
-2163
-14653
-23807
-27540
-25003
-16773
-4724
8401
19612
26359
27103
21677
11315
-1623
-14192
-23529
-27509
-25226
-17199
-5256
7884
19228
26195
27197
22007
11807
-1082
-13725
-23242
-27468
-25439
-17619
-5786
7363
18837
26021
27281
22329
12293
-541
-13253
-22947
-27416
-25643
-18032
-6315
6840
18438
25837
27354
22642
12776
0
-12776
-22642
-27354
-25837
-18438
-6840
6315
18032
25643
27416
22947
13253
541
-12293
-22329
-27281
-26021
-18837
-7363
5786
17619
25439
27468
23242
13725
1082
-11807
-22007
-27197
-26195
-19228
-7884
5256
17199
25226
27509
23529
14192
1623
-11315
-21677
-27103
-26359
-19612
-8401
4724
16773
25003
27540
23807
14653
2163
-10819
-21338
-26999
-26512
-19989
-8915
4189
16340
24770
27560
24075
15109
2702
-10319
-20991
-26884
-26656
-20358
-9425
3654
15901
24527
27569
24334
15559
3241
-9815
-20636
-26759
-26789
-20719
-9932
3116
15455
24275
27568
24584
16002
3777
-9308
-20274
-26623
-26911
-21051
-10393
2640
15087
24118
27681
24970
16607
4500
-8588
-19674
-26228
-26753
-21126
-10622
2372
14901
24118
27929
25472
17309
5305
-7802
-19024
-25801
-26584
-21191
-10846
2103
14709
24109
28167
25963
18005
6108
-7014
-18368
-25364
-26405
-21249
-11065
1833
14512
24092
28394
26446
18694
6909
-6222
-17703
-24917
-26215
-21298
-11280
1562
14310
24065
28611
26918
19376
7707
-5427
-17032
-24460
-26015
-21338
-11490
1292
14102
24029
28817
27380
20051
8503
-4630
-16354
-23993
-25804
-21370
-11695
1021
13890
23985
29012
27833
20719
9296
-3831
-15668
-23516
-25583
-21393
-11896
751
13673
23932
29176
28233
21317
10003
-3133
-15101
-23175
-25517
-21594
-12299
252
13201
23600
29080
28395
21700
10520
-2601
-14673
-22950
-25545
-21869
-12759
-288
12704
23259
28973
28546
22075
11033
-2066
-14239
-22714
-25584
-22177
-13276
-910
12099
22785
28710
28521
22254
11334
-1759
-14048
-22741
-25862
-22705
-13995
-1719
11324
22158
28312
28380
22343
11569
-1492
-13873
-22757
-26129
-23224
-14708
-2526
10544
21522
27903
28230
22423
11801
-1224
-13691
-22765
-26385
-23732
-15415
-3332
9761
20879
27484
28069
22496
12028
-956
-13503
-22763
-26631
-24232
-16116
-4136
8975
20228
27055
27898
22560
12251
-686
-13310
-22752
-26866
-24721
-16810
-4939
8185
19569
26616
27716
22615
12469
-416
-13112
-22732
-27091
-25201
-17498
-5739
7393
18903
26166
27524
22662
12683
-146
-12908
-22703
-27305
-25671
-18178
-6537
6598
18251
25749
27384
22784
12996
250
-12554
-22499
-27321
-25923
-18623
-7082
6071
17842
25550
27441
23084
13471
791
-12069
-22182
-27243
-26102
-19018
-7604
5542
17426
25342
27488
23376
13941
1332
-11580
-21856
-27155
-26272
-19406
-8123
5011
17003
25124
27525
23658
14405
1872
-11087
-21522
-27056
-26431
-19787
-8638
4477
16574
24896
27550
23932
14864
2412
-10589
-21179
-26947
-26580
-20160
-9151
3942
16138
24659
27565
24196
15317
2951
-10087
-20829
-26828
-26718
-20526
-9660
3406
15696
24412
27570
24451
15764
3488
-9582
-20470
-26698
-26847
-20883
-10165
2868
15248
24156
27564
24696
16205
4025
-9072
-20103
-26557
-26965
-21232
-10666
2329
14794
23890
27547
24932
16640
4559
-8559
-19729
-26407
-27072
-21574
-11163
1789
14334
23615
27520
25158
17068
5092
-8043
-19347
-26246
-27169
-21907
-11656
1249
13869
23332
27482
25375
17490
5623
-7524
-18958
-26075
-27256
-22231
-12144
708
13399
23039
27433
25581
17905
6152
-7001
-18561
-25895
-27332
-22547
-12628
167
12923
22737
27374
25778
18313
6679
-6477
-18157
-25704
-27398
-22854
-13106
-375
12442
22426
27304
25965
18715
7203
-5949
-17746
-25503
-27453
-23152
-13580
-916
11957
22107
27224
26142
19108
7724
-5419
-17329
-25293
-27498
-23442
-14049
-1457
11467
21779
27133
26309
19495
8242
-4888
-16904
-25072
-27531
-23722
-14512
-1997
10972
21443
27032
26466
19874
8757
-4354
-16474
-24842
-27555
-23993
-14969
-2537
10474
21099
26920
26613
20245
9268
-3819
-16036
-24603
-27567
-24255
-15421
-3075
9971
20747
26798
26749
20609
9776
-3282
-15593
-24354
-27569
-24508
-15867
-3612
9464
20386
26666
26875
20964
10281
-2744
-15144
-24095
-27561
-24751
-16306
-4148
8954
20018
26524
26990
21312
10781
-2205
-14688
-23828
-27542
-24985
-16739
-4683
8440
19642
26371
27096
21651
11277
-1665
-14227
-23551
-27512
-25209
-17166
-5215
7923
19258
26208
27190
21982
11769
-1124
-13761
-23265
-27451
-25382
-17524
-5662
7508
18992
26180
27441
22492
12464
-354
-13039
-22699
-27129
-25315
-17667
-5920
7256
18864
26268
27786
23077
13218
458
-12292
-22124
-26796
-25239
-17802
-6175
7001
18730
26346
28120
23653
13966
1271
-11539
-21541
-26453
-25153
-17931
-6427
6744
18588
26414
28443
24220
14710
2082
-10782
-20949
-26100
-25057
-18052
-6677
6484
18440
26472
28756
24778
15448
2894
-10020
-20348
-25736
-24950
-18166
-6924
6223
18285
26520
29059
25327
16180
3705
-9253
-19740
-25361
-24834
-18273
-7167
5960
18123
26559
29350
25867
16907
4515
-8483
-19123
-24977
-24707
-18372
-7407
5695
17935
26546
29569
26315
17524
5199
-7854
-18664
-24769
-24779
-18692
-7893
5158
17490
26295
29568
26565
17969
5736
-7347
-18302
-24634
-24902
-19045
-8397
4619
17039
26034
29557
26806
18407
6272
-6836
-17952
-24531
-25078
-19474
-9000
3955
16437
25598
29348
26829
18609
6556
-6592
-17845
-24647
-25452
-20082
-9766
3144
15704
25048
29045
26780
18764
6817
-6345
-17731
-24752
-25815
-20682
-10528
2333
14965
24489
28731
26721
18912
7076
-6096
-17609
-24847
-26168
-21274
-11285
1521
14221
23921
28407
26653
19053
7333
-5843
-17480
-24933
-26510
-21856
-12037
708
13473
23345
28072
26574
19187
7588
-5588
-17344
-25008
-26841
-22430
-12784
-104
12719
22759
27727
26486
19314
7839
-5330
-17200
-25074
-27162
-22995
-13526
-916
11960
22165
27371
26387
19434
8088
-5070
-17050
-25130
-27473
-23551
-14263
-1706
11239
21625
27088
26383
19671
8480
-4642
-16706
-24967
-27544
-23849
-14723
-2246
10743
21285
26982
26535
20046
8993
-4107
-16273
-24733
-27562
-24116
-15178
-2785
10242
20937
26865
26677
20414
9503
-3571
-15832
-24489
-27570
-24373
-15627
-3323
9738
20581
26739
26808
20774
10010
-3034
-15386
-24236
-27567
-24622
-16070
-3860
9229
20217
26602
26929
21126
10512
-2495
-14934
-23973
-27553
-24860
-16507
-4395
8717
19845
26454
27040
21470
11010
-1955
-14476
-23701
-27529
-25090
-16937
-4929
8202
19465
26297
27141
21805
11505
-1415
-14013
-23420
-27495
-25309
-17361
-5460
7684
19078
26129
27231
22132
11994
-874
-13544
-23130
-27449
-25519
-17778
-5990
7162
18684
25951
27310
22451
12479
-333
-13070
-22831
-27393
-25719
-18189
-6517
6638
18282
25764
27379
22760
12960
208
-12591
-22523
-27327
-25909
-18592
-7042
6112
17874
25566
27437
23061
13435
749
-12107
-22206
-27250
-26089
-18988
-7564
5583
17458
25358
27485
23354
13905
1290
-11618
-21881
-27162
-26259
-19377
-8083
5052
17036
25141
27522
23637
14370
1831
-11125
-21548
-27064
-26419
-19758
-8599
4518
16607
24914
27549
23911
14829
2371
-10627
-21206
-26956
-26569
-20132
-9111
3984
16172
24677
27565
24176
15282
2909
-10126
-20856
-26837
-26708
-20498
-9621
3447
15730
24431
27570
24431
15730
3447
-9621
-20498
-26708
-26837
-20856
-10126
2909
15282
24176
27565
24677
16172
3984
-9111
-20132
-26569
-26956
-21206
-10627
2371
14829
23911
27549
24914
16607
4518
-8599
-19758
-26419
-27064
-21548
-11125
1831
14370
23637
27522
25141
17036
5052
-8083
-19377
-26259
-27162
-21881
-11618
1290
13905
23354
27485
25358
17458
5583
-7564
-18988
-26089
-27250
-22206
-12107
749
13435
23061
27437
25566
17874
6112
-7042
-18592
-25909
-27327
-22523
-12591
208
12960
22760
27379
25764
18282
6638
-6517
-18189
-25719
-27393
-22831
-13070
-333
12479
22451
27310
25951
18684
7162
-5990
-17799
-25561
-27512
-23213
-13648
-999
11848
21965
27043
25921
18849
7434
-5731
-17653
-25622
-27828
-23774
-14388
-1811
11088
21367
26682
25818
18965
7681
-5470
-17500
-25673
-28133
-24326
-15122
-2622
10323
20761
26311
25704
19074
7926
-5208
-17340
-25714
-28428
-24869
-15851
-3433
9554
20147
25929
25581
19175
8167
-4943
-17174
-25747
-28713
-25402
-16574
-4242
8780
19524
25537
25447
19269
8404
-4677
-17002
-25769
-28986
-25926
-17291
-5050
8003
18893
25135
25303
19354
8638
-4410
-16824
-25782
-29249
-26441
-18002
-5857
7223
18255
24722
25149
19431
8868
-4142
-16640
-25786
-29502
-26946
-18706
-6642
6480
17671
24383
25088
19625
9239
-3706
-16263
-25572
-29515
-27192
-19134
-7174
5963
17288
24221
25183
19957
9731
-3166
-15797
-25287
-29475
-27407
-19555
-7705
5444
16897
24048
25269
20280
10219
-2604
-15284
-24930
-29341
-27508
-19844
-8088
5088
16687
24074
25572
20845
10973
-1792
-14537
-24356
-29010
-27433
-19980
-8343
4833
16553
24153
25907
21421
11721
-979
-13785
-23774
-28668
-27347
-20109
-8596
4576
16412
24221
26231
21989
12465
-167
-13028
-23182
-28315
-27252
-20231
-8845
4317
16264
24280
26545
22548
13204
644
-12266
-22582
-27952
-27147
-20345
-9092
4056
16109
24329
26848
23098
13937
1455
-11500
-21974
-27578
-27031
-20452
-9336
3793
15948
24369
27141
23639
14664
2265
-10730
-21358
-27194
-26905
-20552
-9576
3528
15781
24398
27423
24170
15386
3074
-9956
-20733
-26800
-26769
-20664
-9854
3199
15524
24315
27569
24546
15935
3695
-9386
-20330
-26645
-26893
-21018
-10358
2661
15074
24055
27559
24788
16373
4231
-8875
-19960
-26501
-27007
-21365
-10858
2122
14618
23786
27538
25020
16806
4765
-8361
-19583
-26346
-27111
-21703
-11353
1581
14156
23507
27506
25243
17231
5297
-7844
-19198
-26182
-27204
-22032
-11844
1041
13689
23220
27464
25455
17651
5827
-7323
-18806
-26007
-27287
-22353
-12331
500
13216
22924
27412
25658
18063
6355
-6800
-18407
-25822
-27359
-22666
-12812
-42
12739
22618
27348
25851
18469
6881
-6274
-18000
-25628
-27420
-22970
-13289
-583
12256
22305
27275
26035
18867
7403
-5746
-17587
-25423
-27471
-23265
-13761
-1124
11769
21982
27190
26208
19258
7923
-5215
-17166
-25209
-27512
-23551
-14227
-1665
11277
21651
27096
26371
19642
8440
-4683
-16739
-24985
-27542
-23828
-14688
-2205
10781
21312
26990
26524
20018
8954
-4148
-16306
-24751
-27561
-24095
-15144
-2744
10281
20964
26875
26666
20386
9464
-3612
-15867
-24508
-27569
-24354
-15593
-3282
9776
20609
26749
26798
20747
9971
-3075
-15421
-24255
-27567
-24603
-16036
-3819
9268
20245
26613
26920
21099
10474
-2537
-14969
-23993
-27555
-24842
-16474
-4354
8757
19874
26466
27032
21443
10972
-1997
-14512
-23722
-27531
-25072
-16904
-4888
8242
19495
26309
27133
21779
11467
-1457
-14049
-23442
-27498
-25293
-17329
-5419
7724
19108
26142
27224
22107
11957
-916
-13580
-23152
-27453
-25503
-17746
-5949
7203
18715
25965
27304
22426
12442
-375
-13106
-22854
-27398
-25704
-18157
-6477
6679
18313
25778
27374
22737
12923
167
-12628
-22547
-27332
-25895
-18561
-7001
6152
17905
25581
27433
23039
13399
708
-12144
-22231
-27256
-26075
-18958
-7524
5623
17490
25375
27482
23332
13869
1249
-11656
-21907
-27169
-26246
-19347
-8043
5092
17068
25158
27520
23615
14334
1789
-11163
-21574
-27072
-26407
-19729
-8559
4559
16640
24932
27547
23890
14794
2350
-10624
-21170
-26881
-26453
-19978
-8926
4191
16393
24904
27793
24406
15519
3160
-9852
-20550
-26492
-26323
-20074
-9165
3926
16223
24930
28070
24933
16237
3968
-9076
-19921
-26093
-26182
-20162
-9400
3659
16046
24946
28336
25451
16950
4776
-8297
-19285
-25684
-26030
-20242
-9631
3391
15864
24952
28592
25959
17657
5581
-7513
-18641
-25264
-25869
-20313
-9858
3122
15676
24950
28837
26457
18357
6386
-6727
-17990
-24834
-25697
-20377
-10080
2853
15483
24938
29072
26946
19051
7188
-5937
-17331
-24394
-25514
-20432
-10298
2583
15284
24918
29295
27425
19738
7988
-5144
-16664
-23944
-25321
-20499
-10554
2250
14996
24784
29384
27749
20251
8598
-4557
-16220
-23734
-25389
-20807
-11033
1709
14517
24475
29316
27937
20653
9122
-4030
-15810
-23535
-25445
-21107
-11508
1167
14032
24157
29237
28116
21027
9602
-3564
-15477
-23430
-25616
-21544
-12144
439
13334
23601
28898
28013
21144
9850
-3303
-15324
-23482
-25923
-22096
-12878
-372
12569
22996
28528
27901
21254
10095
-3040
-15165
-23524
-26219
-22640
-13607
-1183
11801
22382
28147
27778
21355
10336
-2776
-15000
-23557
-26504
-23174
-14331
-1992
11028
21760
27755
27645
21449
10574
-2510
-14828
-23580
-26778
-23699
-15048
-2801
10251
21129
27354
27502
21535
10808
-2243
-14651
-23594
-27042
-24214
-15760
-3608
9470
20492
26942
27348
21613
11038
-1975
-14467
-23599
-27295
-24720
-16465
-4413
8686
19846
26520
27184
21683
11264
-1706
-14278
-23594
-27517
-25175
-17101
-5133
8003
19317
26233
27176
21932
11693
-1207
-13833
-23309
-27478
-25391
-17522
-5664
7484
18928
26062
27262
22256
12181
-666
-13362
-23016
-27429
-25597
-17937
-6193
6961
18530
25880
27338
22571
12665
-125
-12886
-22713
-27369
-25793
-18345
-6719
6436
18126
25689
27403
22877
13143
416
-12405
-22402
-27298
-25979
-18745
-7243
5909
17715
25487
27457
23175
13616
958
-11919
-22082
-27217
-26156
-19138
-7764
5379
17296
25276
27501
23464
14084
1498
-11429
-21754
-27126
-26322
-19524
-8282
4847
16872
25055
27534
23743
14547
2039
-10934
-21417
-27024
-26478
-19903
-8796
4313
16440
24824
27556
24014
15004
2578
-10435
-21072
-26911
-26623
-20274
-9308
3777
16002
24584
27568
24275
15455
3116
-9932
-20719
-26789
-26759
-20636
-9815
3241
15559
24334
27569
24527
15901
3654
-9425
-20358
-26656
-26884
-20991
-10319
2702
15109
24075
27560
24770
16340
4189
-8915
-19989
-26512
-26999
-21338
-10819
2163
14653
23807
27540
25003
16773
4724
-8401
-19612
-26359
-27103
-21677
-11315
1623
14192
23529
27509
25226
17199
5256
-7884
-19228
-26195
-27197
-22007
-11807
1082
13725
23242
27468
25439
17619
5786
-7363
-18837
-26021
-27281
-22329
-12293
541
13253
22947
27416
25643
18032
6315
-6840
-18438
-25837
-27354
-22642
-12776
