0
12776
22642
27354
25837
18438
6840
-6315
-18032
-25643
-27416
-22947
-13253
-541
12293
22329
27281
26021
18837
7363
-5786
-17619
-25439
-27468
-23242
-13725
-1082
11807
22007
27197
26195
19228
7884
-5256
-17199
-25226
-27509
-23529
-14192
-1623
11315
21677
27103
26359
19612
8401
-4724
-16773
-25003
-27540
-23807
-14653
-2163
10819
21338
26999
26512
19989
8915
-4189
-16340
-24770
-27560
-24075
-15109
-2702
10319
20991
26884
26656
20358
9425
-3654
-15901
-24527
-27569
-24334
-15559
-3241
9815
20636
26759
26789
20719
9932
-3116
-15455
-24275
-27568
-24584
-16002
-3777
9308
20274
26623
26911
21072
11195
17
-10574
-18824
-22366
-19634
-11250
877
13986
25093
31668
32214
26607
16124
3151
-9357
-18553
-22344
-19865
-11682
-417
10877
20284
26322
27126
21754
11429
-1498
-14084
-23464
-27501
-25276
-17296
-5379
7764
19138
26156
27217
22082
11919
-958
-13616
-23175
-27457
-25487
-17715
-5909
7243
18745
25979
27298
22402
12405
-416
-13143
-22877
-27403
-25689
-18126
-6436
6719
18345
25793
27369
22713
12886
125
-12665
-22571
-27338
-25880
-18530
-6961
6193
17937
25597
27429
23016
13362
666
-12181
-22256
-27262
-26062
-18928
-7484
5664
17522
25391
27478
23309
13833
1207
-11693
-21932
-27176
-26233
-19317
-8003
5133
17101
25175
27517
23594
14299
1748
-11201
-21600
-27080
-26395
-19700
-8520
4601
16673
24950
27545
23869
14759
2288
-10704
-21259
-26973
-26546
-20075
-9033
4066
16239
24714
27563
24136
15213
2827
-10203
-20910
-26856
-26687
-20442
-9542
3530
15798
24470
27570
24393
15662
3365
-9699
-20553
-26729
-26818
-20801
-10048
2992
15352
24216
27566
24640
16104
3901
-9190
-20189
-26591
-26938
-21153
-10551
2454
14899
23952
27552
24878
16540
4436
-8678
-19816
-26443
-27048
-21496
-11049
1914
14441
23680
27527
25107
16970
4970
-8162
-19436
-26284
-27148
-21830
-11542
1374
13977
23398
27491
25326
17393
5501
-7644
-19048
-26116
-27237
-22157
-12032
833
13508
23107
27445
25535
17810
6030
-7122
-18653
-25937
-27316
-22475
-12517
291
13033
22807
27389
25734
18220
6557
-6598
-18251
-25749
-27384
-22784
-12996
-250
12554
22499
27321
25923
18623
7082
-6071
-17842
-25550
-27441
-23084
-13471
-791
12069
22182
27243
26102
19018
7604
-5542
-17426
-25342
-27488
-23376
-13941
-1332
11580
21856
27155
26272
18646
5528
-9441
-22193
-30314
-32715
-28848
-19595
-7062
5897
16332
21866
21241
14597
3448
-9667
-21764
-30086
-32740
-29122
-19294
-5007
9829
21179
26947
26580
20160
9151
-3942
-16138
-24659
-27565
-24196
-15317
-2951
10087
20829
26828
26718
20526
9660
-3406
-15696
-24412
-27570
-24451
-15764
-3488
9582
20470
26698
26847
20883
10165
-2868
-15248
-24156
-27564
-24696
-16205
-4025
9072
20103
26557
26965
21232
10666
-2329
-14794
-23890
-27547
-24932
-16640
-4559
8559
19729
26407
27072
21574
11163
-1789
-14334
-23615
-27520
-25158
-17068
-5092
8043
19347
26246
27169
21907
11656
-1249
-13869
-23332
-27482
-25375
-17490
-5623
7524
18958
26075
27256
22231
12144
-708
-13399
-23039
-27433
-25581
-17905
-6152
7001
18561
25895
27332
22547
12628
-167
-12923
-22737
-27374
-25778
-18313
-6679
6477
18157
25704
27398
22854
13106
375
-12442
-22426
-27304
-25965
-18715
-7203
5949
17746
25503
27453
23152
13580
916
-11957
-22107
-27224
-26142
-19108
-7724
5419
17329
25293
27498
23442
14049
1457
-11467
-21779
-27133
-26309
-19495
-8242
4888
16904
25072
27531
23722
14512
1997
-10972
-21443
-27032
-26466
-19874
-8757
4354
16474
24842
27555
23993
14969
2537
-10474
-21099
-26920
-26613
-20245
-9268
3819
16036
24603
27567
24255
15421
3075
-9971
-20747
-26798
-26749
-20609
-9776
3282
15593
24354
27569
24508
15867
3612
-9464
-20386
-26666
-26875
-20964
-10281
2744
15144
24095
27561
24751
16306
4148
-8954
-20018
-26524
-26990
-21312
-10781
2205
14688
23828
27542
24985
16739
4683
-8440
-19642
-26371
-27096
-21651
-11277
1665
14227
23551
27512
25209
17166
5215
-7923
-19258
-26208
-27190
-21982
-11769
1124
13761
23265
27471
24663
14992
1316
-12593
-24057
-31225
-32465
-27495
-17446
-4607
8099
17780
22230
20438
12810
1084
-12071
-23659
-31041
-32538
-27048
-15334
-718
12812
22666
27359
25822
18407
6800
-6355
-18063
-25658
-27412
-22924
-13216
-500
12331
22353
27287
26007
18806
7323
-5827
-17651
-25455
-27464
-23220
-13689
-1041
11844
22032
27204
26182
19198
7844
-5297
-17231
-25243
-27506
-23507
-14156
-1581
11353
21703
27111
26346
19583
8361
-4765
-16806
-25020
-27538
-23786
-14618
-2122
10858
21365
27007
26501
19960
8875
-4231
-16373
-24788
-27559
-24055
-15074
-2661
10358
21018
26893
26645
20330
9386
-3695
-15935
-24546
-27569
-24315
-15524
-3199
9854
20664
26769
26779
20692
9893
-3158
-15490
-24295
-27568
-24565
-15969
-3736
9347
20302
26634
26902
21045
10397
-2619
-15039
-24034
-27557
-24806
-16407
-4272
8836
19932
26489
27016
21391
10896
-2080
-14582
-23764
-27536
-25038
-16839
-4806
8321
19554
26334
27118
21728
11391
-1540
-14120
-23486
-27503
-25259
-17264
-5338
7804
19168
26169
27211
22057
11882
-999
-13653
-23197
-27461
-25471
-17683
-5868
7283
18776
25993
27293
22378
12368
-458
-13180
-22900
-27407
-25674
-18095
-6396
6760
18376
25808
27364
22690
12849
83
-12702
-22595
-27343
-25866
-18499
-6921
6233
17969
25612
27425
22993
13326
625
-12219
-22280
-27269
-26048
-18897
-7444
5705
17555
25407
27475
23287
13797
1166
-11731
-21957
-27183
-26221
-19288
-7963
5174
17134
25192
27515
23572
14263
1706
-11239
-21625
-27088
-26383
-19671
-8480
4642
16706
24967
27544
23849
14723
2246
-10743
-21285
-26982
-26535
-20046
-8993
4107
16273
24733
27562
24116
15178
2785
-10242
-20937
-26865
-26677
-20414
-9503
3571
15832
24489
28330
26968
20057
8513
-4548
-15391
-21549
-21618
-15584
-4820
8224
20576
29426
32757
29812
21260
9050
-4039
-15027
-21412
-22499
-18531
-9752
2495
14934
23973
27553
24860
16507
4395
-8717
-19845
-26454
-27040
-21470
-11010
1955
14476
23701
27529
25090
16937
4929
-8202
-19465
-26297
-27141
-21805
-11505
1415
14013
23420
27495
25309
17361
5460
-7684
-19078
-26129
-27231
-22132
-11994
874
13544
23130
27449
25519
17778
5990
-7162
-18684
-25951
-27310
-22451
-12479
333
13070
22831
27393
25719
18189
6517
-6638
-18282
-25764
-27379
-22760
-12960
-208
12591
22523
27327
25909
18592
7042
-6112
-17874
-25566
-27437
-23061
-13435
-749
12107
22206
27250
26089
18988
7564
-5583
-17458
-25358
-27485
-23354
-13905
-1290
11618
21881
27162
26259
19377
8083
-5052
-17036
-25141
-27522
-23637
-14370
-1831
11125
21548
27064
26419
19758
8599
-4518
-16607
-24914
-27549
-23911
-14829
-2371
10627
21206
26956
26569
20132
9111
-3984
-16172
-24677
-27565
-24176
-15282
-2909
10126
20856
26837
26708
20498
9621
-3447
-15730
-24431
-27570
-24431
-15730
-3447
9621
20498
26708
26837
20856
10126
-2909
-15282
-24176
-27565
-24677
-16172
-3984
9111
20132
26569
26956
21206
10627
-2371
-14829
-23911
-27549
-24914
-16607
-4518
8599
19758
26419
27064
21548
11125
-1831
-14370
-23637
-27522
-25141
-17036
-5052
8083
19377
26259
27162
21881
11618
-1290
-13905
-23354
-27485
-25358
-17458
-5583
7564
18988
26089
27250
22206
12107
-749
-13435
-23061
-27437
-25566
-17874
-6112
7042
18592
25909
27327
22523
12591
-208
-12960
-22760
-27379
-25764
-18282
-6638
6517
18189
25719
27393
22831
13070
333
-12479
-22451
-27310
-25951
-18684
-7162
5990
17778
26279
30044
27560
18734
6064
-6804
-16942
-22041
-20939
-13888
-2494
10650
22551
30499
32685
28610
19203
6605
-6315
-16615
-22711
-23702
-18705
-8202
4929
16937
25090
27529
23701
14476
1955
-11010
-21470
-27040
-26454
-19845
-8717
4395
16507
24860
27553
23973
14934
2495
-10512
-21126
-26929
-26602
-20217
-9229
3860
16070
24622
27567
24236
15386
3034
-10010
-20774
-26808
-26739
-20581
-9738
3323
15627
24373
27570
24489
15832
3571
-9503
-20414
-26677
-26865
-20937
-10242
2785
15178
24116
27562
24733
16273
4107
-8993
-20046
-26535
-26982
-21285
-10743
2246
14723
23849
27544
24967
16706
4642
-8480
-19671
-26383
-27088
-21625
-11239
1706
14263
23572
27515
25192
17134
5174
-7963
-19288
-26221
-27183
-21957
-11731
1166
13797
23287
27475
25407
17555
5705
-7444
-18897
-26048
-27269
-22280
-12219
625
13326
22993
27425
25612
17969
6233
-6921
-18499
-25866
-27343
-22595
-12702
83
12849
22690
27364
25808
18376
6760
-6396
-18095
-25674
-27407
-22900
-13180
-458
12368
22378
27293
25993
18776
7283
-5868
-17683
-25471
-27461
-23197
-13653
-999
11882
22057
27211
26169
19168
7804
-5338
-17264
-25259
-27503
-23486
-14120
-1540
11391
21728
27118
26334
19554
8321
-4806
-16839
-25038
-27536
-23764
-14582
-2080
10896
21391
27016
26489
19932
8836
-4272
-16407
-24806
-27557
-24034
-15039
-2619
10397
21045
26902
26634
20302
9347
-3736
-15969
-24565
-27568
-24295
-15490
-3158
9893
20692
26779
26769
20664
9854
-3199
-15524
-24315
-27569
-24546
-15935
-3695
9386
20330
26645
26893
21018
10358
-2661
-15074
-24055
-27559
-24788
-16373
-4231
8875
19960
26501
27007
21365
10858
-2122
-14618
-23786
-27538
-25020
-16806
-4765
8361
18823
23751
22681
16513
6163
-6771
-19346
-28697
-32696
-30433
-22421
-10487
2654
14008
20992
22014
16842
6654
-6231
-18879
-27650
-30059
-26215
-17651
-5827
7323
18806
26007
27287
22353
12331
-500
-13216
-22924
-27412
-25658
-18063
-6355
6800
18407
25822
27359
22666
12812
42
-12739
-22618
-27348
-25851
-18469
-6881
6274
18000
25628
27420
22970
13289
583
-12256
-22305
-27275
-26035
-18867
-7403
5746
17587
25423
27471
23265
13761
1124
-11769
-21982
-27190
-26208
-19258
-7923
5215
17166
25209
27512
23551
14227
1665
-11277
-21651
-27096
-26371
-19642
-8440
4683
16739
24985
27542
23828
14688
2205
-10781
-21312
-26990
-26524
-20018
-8954
4148
16306
24751
27561
24095
15144
2744
-10281
-20964
-26875
-26666
-20386
-9464
3612
15867
24508
27569
24354
15593
3282
-9776
-20609
-26749
-26798
-20747
-9971
3075
15421
24255
27567
24603
16036
3819
-9268
-20245
-26613
-26920
-21099
-10474
2537
14969
23993
27555
24842
16474
4354
-8757
-19874
-26466
-27032
-21443
-10972
1997
14512
23722
27531
25072
16904
4888
-8242
-19495
-26309
-27133
-21779
-11467
1457
14049
23442
27498
25293
17329
5419
-7724
-19108
-26142
-27224
-22107
-11957
916
13580
23152
27453
25503
17746
5949
-7203
-18715
-25965
-27304
-22426
-12442
375
13106
22854
27398
25704
18157
6477
-6679
-18313
-25778
-27374
-22737
-12923
-167
12628
22547
27332
25895
18561
7001
-6152
-17905
-25581
-27433
-23039
-13399
-708
12144
22231
27256
26075
18958
7524
-5623
-17490
-25375
-27482
-23332
-13869
-1249
11656
21907
27169
26246
19347
8043
-5092
-17068
-25158
-27520
-23615
-14334
-1789
11163
21574
27072
26407
19729
8559
-4559
-16640
-24932
-27547
-23890
-14794
-2329
11426
23827
31395
31747
25293
14262
1165
-11015
-19506
-22374
-18966
-10058
2322
15355
26073
32037
31888
25660
14772
1702
-11334
-21856
-26810
-24412
-15696
-3406
9660
20526
26718
26828
20829
10087
-2951
-15317
-24196
-27565
-24659
-16138
-3942
9151
20160
26580
26947
21179
10589
-2412
-14864
-23932
-27550
-24896
-16574
-4477
8638
19787
26431
27056
21522
11087
-1872
-14405
-23658
-27525
-25124
-17003
-5011
8123
19406
26272
27155
21856
11580
-1332
-13941
-23376
-27488
-25342
-17426
-5542
7604
19018
26102
27243
22182
12069
-791
-13471
-23084
-27441
-25550
-17842
-6071
7082
18623
25923
27321
22499
12554
-250
-12996
-22784
-27384
-25749
-18251
-6598
6557
18220
25734
27389
22807
13033
291
-12517
-22475
-27316
-25937
-18653
-7122
6030
17810
25535
27445
23107
13508
833
-12032
-22157
-27237
-26116
-19048
-7644
5501
17393
25326
27491
23398
13977
1374
-11542
-21830
-27148
-26284
-19436
-8162
4970
16970
25107
27527
23680
14441
1914
-11049
-21496
-27048
-26443
-19816
-8678
4436
16540
24878
27552
23952
14899
2454
-10551
-21153
-26938
-26591
-20189
-9190
3901
16104
24640
27566
24216
15352
2992
-10048
-20801
-26818
-26729
-20553
-9699
3365
15662
24393
27570
24470
15798
3530
-9542
-20442
-26687
-26856
-20910
-10203
2827
15213
24136
27563
24714
16239
4066
-9033
-20075
-26546
-26973
-21259
-10704
2288
14759
23869
27545
24950
16673
4601
-8520
-19700
-26395
-27080
-21600
-11201
1748
14299
23594
27517
25175
17101
5133
-8003
-19317
-26233
-27176
-21932
-11693
1207
13833
23309
27478
25391
17522
5664
-7484
-18928
-26062
-27262
-22256
-12181
666
13362
23016
27429
25597
17937
6193
-6961
-18530
-25880
-27338
-22571
-12665
885
15481
27143
32559
30983
23535
11909
-1246
-12936
-20499
-22213
-17687
-7953
4774
17595
27592
32488
31169
23935
12433
-1479
-15120
-24727
-27457
-23175
-13616
-958
11919
22082
27217
26156
19138
7764
-5379
-17296
-25276
-27501
-23464
-14084
-1498
11429
21754
27126
26322
19524
8282
-4847
-16872
-25055
-27534
-23743
-14547
-2039
10934
21417
27024
26478
19903
8796
-4313
-16440
-24824
-27556
-24014
-15004
-2578
10435
21072
26911
26623
20274
9308
-3777
-16002
-24584
-27568
-24275
-15455
-3116
9932
20719
26789
26759
20636
9815
-3241
-15559
-24334
-27569
-24527
-15901
-3654
9425
20358
26656
26884
20991
10319
-2702
-15109
-24075
-27560
-24770
-16340
-4189
8915
19989
26512
26999
21338
10819
-2163
-14653
-23807
-27540
-25003
-16773
-4724
8401
19612
26359
27103
21677
11315
-1623
-14192
-23529
-27509
-25226
-17199
-5256
7884
19228
26195
27197
22007
11807
-1082
-13725
-23242
-27468
-25439
-17619
-5786
7363
18837
26021
27281
22329
12293
-541
-13253
-22947
-27416
-25643
-18032
-6315
6840
18438
25837
27354
22642
12776
0
-12776
-22642
-27354
-25837
-18438
-6840
6315
18032
25643
27416
22947
13253
541
-12293
-22329
-27281
-26021
-18837
-7363
5786
17619
25439
27468
23242
13725
1082
-11807
-22007
-27197
-26195
-19228
-7884
5256
17199
25226
27509
23529
14192
1623
-11315
-21677
-27103
-26359
-19612
-8401
4724
16773
25003
27540
23807
14653
2163
-10819
-21338
-26999
-26512
-19989
-8915
4189
16340
24770
27560
24075
15109
2702
-10319
-20991
-26884
-26656
-20358
-9425
3654
15901
24527
27569
24334
15559
3241
-9815
-20636
-26759
-26789
-20719
-9932
3116
15455
24275
27568
24584
16002
3777
-9308
-20274
-26623
-26911
-21072
-11195
-17
10574
18824
22366
19634
11250
-877
-13986
-25093
-31668
-32214
-26607
-16124
-3151
9357
18553
22344
19865
11682
417
-10877
-20284
-26322
-27126
-21754
-11429
1498
14084
23464
27501
25276
17296
5379
-7764
-19138
-26156
-27217
-22082
-11919
958
13616
23175
27457
25487
17715
5909
-7243
-18745
-25979
-27298
-22402
-12405
416
13143
22877
27403
25689
18126
6436
-6719
-18345
-25793
-27369
-22713
-12886
-125
12665
22571
27338
25880
18530
6961
-6193
-17937
-25597
-27429
-23016
-13362
-666
12181
22256
27262
26062
18928
7484
-5664
-17522
-25391
-27478
-23309
-13833
-1207
11693
21932
27176
26233
19317
8003
-5133
-17101
-25175
-27517
-23594
-14299
-1748
11201
21600
27080
26395
19700
8520
-4601
-16673
-24950
-27545
-23869
-14759
-2288
10704
21259
26973
26546
20075
9033
-4066
-16239
-24714
-27563
-24136
-15213
-2827
10203
20910
26856
26687
20442
9542
-3530
-15798
-24470
-27570
-24393
-15662
-3365
9699
20553
26729
26818
20801
10048
-2992
-15352
-24216
-27566
-24640
-16104
-3901
9190
20189
26591
26938
21153
10551
-2454
-14899
-23952
-27552
-24878
-16540
-4436
8678
19816
26443
27048
21496
11049
-1914
-14441
-23680
-27527
-25107
-16970
-4970
8162
19436
26284
27148
21830
11542
-1374
-13977
-23398
-27491
-25326
-17393
-5501
7644
19048
26116
27237
22157
12032
-833
-13508
-23107
-27445
-25535
-17810
-6030
7122
18653
25937
27316
22475
12517
-291
-13033
-22807
-27389
-25734
-18220
-6557
6598
18251
25749
27384
22784
12996
250
-12554
-22499
-27321
-25923
-18623
-7082
6071
17842
25550
27441
23084
13471
791
-12069
-22182
-27243
-26102
-19018
-7604
5542
17426
25342
27488
23376
13941
1332
-11580
-21856
-27155
-26272
-18646
-5528
9441
22193
30314
32715
28848
19595
7062
-5897
-16332
-21866
-21241
-14597
-3448
9667
21764
30086
32740
29122
19294
5007
-9829
-21179
-26947
-26580
-20160
-9151
3942
16138
24659
27565
24196
15317
2951
-10087
-20829
-26828
-26718
-20526
-9660
3406
15696
24412
27570
24451
15764
3488
-9582
-20470
-26698
-26847
-20883
-10165
2868
15248
24156
27564
24696
16205
4025
-9072
-20103
-26557
-26965
-21232
-10666
2329
14794
23890
27547
24932
16640
4559
-8559
-19729
-26407
-27072
-21574
-11163
1789
14334
23615
27520
25158
17068
5092
-8043
-19347
-26246
-27169
-21907
-11656
1249
13869
23332
27482
25375
17490
5623
-7524
-18958
-26075
-27256
-22231
-12144
708
13399
23039
27433
25581
17905
6152
-7001
-18561
-25895
-27332
-22547
-12628
167
12923
22737
27374
25778
18313
6679
-6477
-18157
-25704
-27398
-22854
-13106
-375
12442
22426
27304
25965
18715
7203
-5949
-17746
-25503
-27453
-23152
-13580
-916
11957
22107
27224
26142
19108
7724
-5419
-17329
-25293
-27498
-23442
-14049
-1457
11467
21779
27133
26309
19495
8242
-4888
-16904
-25072
-27531
-23722
-14512
-1997
10972
21443
27032
26466
19874
8757
-4354
-16474
-24842
-27555
-23993
-14969
-2537
10474
21099
26920
26613
20245
9268
-3819
-16036
-24603
-27567
-24255
-15421
-3075
9971
20747
26798
26749
20609
9776
-3282
-15593
-24354
-27569
-24508
-15867
-3612
9464
20386
26666
26875
20964
10281
-2744
-15144
-24095
-27561
-24751
-16306
-4148
8954
20018
26524
26990
21312
10781
-2205
-14688
-23828
-27542
-24985
-16739
-4683
8440
19642
26371
27096
21651
11277
-1665
-14227
-23551
-27512
-25209
-17166
-5215
7923
19258
26208
27190
21982
11769
-1124
-13761
-23265
-27471
-24663
-14992
-1316
12593
24057
31225
32465
27495
17446
4607
-8099
-17780
-22230
-20438
-12810
-1084
12071
23659
31041
32538
27048
15334
718
-12812
-22666
-27359
-25822
-18407
-6800
6355
18063
25658
27412
22924
13216
500
-12331
-22353
-27287
-26007
-18806
-7323
5827
17651
25455
27464
23220
13689
1041
-11844
-22032
-27204
-26182
-19198
-7844
5297
17231
25243
27506
23507
14156
1581
-11353
-21703
-27111
-26346
-19583
-8361
4765
16806
25020
27538
23786
14618
2122
-10858
-21365
-27007
-26501
-19960
-8875
4231
16373
24788
27559
24055
15074
2661
-10358
-21018
-26893
-26645
-20330
-9386
3695
15935
24546
27569
24315
15524
3199
-9854
-20664
-26769
-26779
-20692
-9893
3158
15490
24295
27568
24565
15969
3736
-9347
-20302
-26634
-26902
-21045
-10397
2619
15039
24034
27557
24806
16407
4272
-8836
-19932
-26489
-27016
-21391
-10896
2080
14582
23764
27536
25038
16839
4806
-8321
-19554
-26334
-27118
-21728
-11391
1540
14120
23486
27503
25259
17264
5338
-7804
-19168
-26169
-27211
-22057
-11882
999
13653
23197
27461
25471
17683
5868
-7283
-18776
-25993
-27293
-22378
-12368
458
13180
22900
27407
25674
18095
6396
-6760
-18376
-25808
-27364
-22690
-12849
-83
12702
22595
27343
25866
18499
6921
-6233
-17969
-25612
-27425
-22993
-13326
-625
12219
22280
27269
26048
18897
7444
-5705
-17555
-25407
-27475
-23287
-13797
-1166
11731
21957
27183
26221
19288
7963
-5174
-17134
-25192
-27515
-23572
-14263
-1706
11239
21625
27088
26383
19671
8480
-4642
-16706
-24967
-27544
-23849
-14723
-2246
10743
21285
26982
26535
20046
8993
-4107
-16273
-24733
-27562
-24116
-15178
-2785
10242
20937
26865
26677
20414
9503
-3571
-15832
-24489
-26810
-21778
-11197
1867
14928
25771
31929
31998
25964
15200
2156
-10196
-19046
-22377
-19432
-10880
1330
14419
25407
31792
31359
23721
11272
-2495
-14934
-23973
-27553
-24860
-16507
-4395
8717
19845
26454
27040
21470
11010
-1955
-14476
-23701
-27529
-25090
-16937
-4929
8202
19465
26297
27141
21805
11505
-1415
-14013
-23420
-27495
-25309
-17361
-5460
7684
19078
26129
27231
22132
11994
-874
-13544
-23130
-27449
-25519
-17778
-5990
7162
18684
25951
27310
22451
12479
-333
-13070
-22831
-27393
-25719
-18189
-6517
6638
18282
25764
27379
22760
12960
208
-12591
-22523
-27327
-25909
-18592
-7042
6112
17874
25566
27437
23061
13435
749
-12107
-22206
-27250
-26089
-18988
-7564
5583
17458
25358
27485
23354
13905
1290
-11618
-21881
-27162
-26259
-19377
-8083
5052
17036
25141
27522
23637
14370
1831
-11125
-21548
-27064
-26419
-19758
-8599
4518
16607
24914
27549
23911
14829
2371
-10627
-21206
-26956
-26569
-20132
-9111
3984
16172
24677
27565
24176
15282
2909
-10126
-20856
-26837
-26708
-20498
-9621
3447
15730
24431
27570
24431
15730
3447
-9621
-20498
-26708
-26837
-20856
-10126
2909
15282
24176
27565
24677
16172
3984
-9111
-20132
-26569
-26956
-21206
-10627
2371
14829
23911
27549
24914
16607
4518
-8599
-19758
-26419
-27064
-21548
-11125
1831
14370
23637
27522
25141
17036
5052
-8083
-19377
-26259
-27162
-21881
-11618
1290
13905
23354
27485
25358
17458
5583
-7564
-18988
-26089
-27250
-22206
-12107
749
13435
23061
27437
25566
17874
6112
-7042
-18592
-25909
-27327
-22523
-12591
208
12960
22760
27379
25764
18282
6638
-6517
-18189
-25719
-27393
-22831
-13070
-333
12479
22451
27310
25951
18684
7162
-5990
-17778
-26279
-30044
-27560
-18734
-6064
6804
16942
22041
20939
13888
2494
-10650
-22551
-30499
-32685
-28610
-19203
-6605
6315
16615
22711
23702
18705
8202
-4929
-16937
-25090
-27529
-23701
-14476
-1955
11010
21470
27040
26454
19845
8717
-4395
-16507
-24860
-27553
-23973
-14934
-2495
10512
21126
26929
26602
20217
9229
-3860
-16070
-24622
-27567
-24236
-15386
-3034
10010
20774
26808
26739
20581
9738
-3323
-15627
-24373
-27570
-24489
-15832
-3571
9503
20414
26677
26865
20937
10242
-2785
-15178
-24116
-27562
-24733
-16273
-4107
8993
20046
26535
26982
21285
10743
-2246
-14723
-23849
-27544
-24967
-16706
-4642
8480
19671
26383
27088
21625
11239
-1706
-14263
-23572
-27515
-25192
-17134
-5174
7963
19288
26221
27183
21957
11731
-1166
-13797
-23287
-27475
-25407
-17555
-5705
7444
18897
26048
27269
22280
12219
-625
-13326
-22993
-27425
-25612
-17969
-6233
6921
18499
25866
27343
22595
12702
-83
-12849
-22690
-27364
-25808
-18376
-6760
6396
18095
25674
27407
22900
13180
458
-12368
-22378
-27293
-25993
-18776
-7283
5868
17683
25471
27461
23197
13653
999
-11882
-22057
-27211
-26169
-19168
-7804
5338
17264
25259
27503
23486
14120
1540
-11391
-21728
-27118
-26334
-19554
-8321
4806
16839
25038
27536
23764
14582
2080
-10896
-21391
-27016
-26489
-19932
-8836
4272
16407
24806
27557
24034
15039
2619
-10397
-21045
-26902
-26634
-20302
-9347
3736
15969
24565
27568
24295
15490
3158
-9893
-20692
-26779
-26769
-20664
-9854
3199
15524
24315
27569
24546
15935
3695
-9386
-20330
-26645
-26893
-21018
-10358
2661
15074
24055
27559
24788
16373
4231
-8875
-19960
-26501
-27007
-21365
-10858
2122
14618
23786
27538
25020
16806
4765
-8361
-20343
-28941
-31541
-26893
-16543
-3609
8966
18317
22316
20053
12041
107
-13034
-24388
-31372
-32394
-27222
-17034
-4149
8499
18790
24869
24695
17651
5827
-7323
-18806
-26007
-27287
-22353
-12331
500
13216
22924
27412
25658
18063
6355
-6800
-18407
-25822
-27359
-22666
-12812
-42
12739
22618
27348
25851
18469
6881
-6274
-18000
-25628
-27420
-22970
-13289
-583
12256
22305
27275
26035
18867
7403
-5746
-17587
-25423
-27471
-23265
-13761
-1124
11769
21982
27190
26208
19258
7923
-5215
-17166
-25209
-27512
-23551
-14227
-1665
11277
21651
27096
26371
19642
8440
-4683
-16739
-24985
-27542
-23828
-14688
-2205
10781
21312
26990
26524
20018
8954
-4148
-16306
-24751
-27561
-24095
-15144
-2744
10281
20964
26875
26666
20386
9464
-3612
-15867
-24508
-27569
-24354
-15593
-3282
9776
20609
26749
26798
20747
9971
-3075
-15421
-24255
-27567
-24603
-16036
-3819
9268
20245
26613
26920
21099
10474
-2537
-14969
-23993
-27555
-24842
-16474
-4354
8757
19874
26466
27032
21443
10972
-1997
-14512
-23722
-27531
-25072
-16904
-4888
8242
19495
26309
27133
21779
11467
-1457
-14049
-23442
-27498
-25293
-17329
-5419
7724
19108
26142
27224
22107
11957
-916
-13580
-23152
-27453
-25503
-17746
-5949
7203
18715
25965
27304
22426
12442
-375
-13106
-22854
-27398
-25704
-18157
-6477
6679
18313
25778
27374
22737
12923
167
-12628
-22547
-27332
-25895
-18561
-7001
6152
17905
25581
27433
23039
13399
708
-12144
-22231
-27256
-26075
-18958
-7524
5623
17490
25375
27482
23332
13869
1249
-11656
-21907
-27169
-26246
-19347
-8043
5092
17068
25158
27520
23615
14334
1789
-11163
-21574
-27072
-26407
-19729
-8559
4559
16640
24932
27547
23890
14794
2329
-11426
-23827
-31395
-31747
-25293
-14262
-1165
11015
19506
22374
18966
10058
-2322
-15355
-26073
-32037
-31888
-25660
-14772
-1702
11334
21856
26810
24412
15696
3406
-9660
-20526
-26718
-26828
-20829
-10087
2951
15317
24196
27565
24659
16138
3942
-9151
-20160
-26580
-26947
-21179
-10589
2412
14864
23932
27550
24896
16574
4477
-8638
-19787
-26431
-27056
-21522
-11087
1872
14405
23658
27525
25124
17003
5011
-8123
-19406
-26272
-27155
-21856
-11580
1332
13941
23376
27488
25342
17426
5542
-7604
-19018
-26102
-27243
-22182
-12069
791
13471
23084
27441
25550
17842
6071
-7082
-18623
-25923
-27321
-22499
-12554
250
12996
22784
27384
25749
18251
6598
-6557
-18220
-25734
-27389
-22807
-13033
-291
12517
22475
27316
25937
18653
7122
-6030
-17810
-25535
-27445
-23107
-13508
-833
12032
22157
27237
26116
19048
7644
-5501
-17393
-25326
-27491
-23398
-13977
-1374
11542
21830
27148
26284
19436
8162
-4970
-16970
-25107
-27527
-23680
-14441
-1914
11049
21496
27048
26443
19816
8678
-4436
-16540
-24878
-27552
-23952
-14899
-2454
10551
21153
26938
26591
20189
9190
-3901
-16104
-24640
-27566
-24216
-15352
-2992
10048
20801
26818
26729
20553
9699
-3365
-15662
-24393
-27570
-24470
-15798
-3530
9542
20442
26687
26856
20910
10203
-2827
-15213
-24136
-27563
-24714
-16239
-4066
9033
20075
26546
26973
21259
10704
-2288
-14759
-23869
-27545
-24950
-16673
-4601
8520
19700
26395
27080
21600
11201
-1748
-14299
-23594
-27517
-25175
-17101
-5133
8003
19317
26233
27176
21932
11693
-1207
-13833
-23309
-27478
-25391
-17522
-5664
7484
18928
26062
27262
22256
12181
-666
-13362
-23016
-27429
-25597
-17937
-6193
6961
18530
25880
27338
22571
12665
-885
-15481
-27143
-32559
-30983
-23535
-11909
1246
12936
20499
22213
17687
7953
-4774
-17595
-27592
-32488
-31169
-23935
-12433
1479
15120
24727
27457
23175
13616
958
-11919
-22082
-27217
-26156
-19138
-7764
5379
17296
25276
27501
23464
14084
1498
-11429
-21754
-27126
-26322
-19524
-8282
4847
16872
25055
27534
23743
14547
2039
-10934
-21417
-27024
-26478
-19903
-8796
4313
16440
24824
27556
24014
15004
2578
-10435
-21072
-26911
-26623
-20274
-9308
3777
16002
24584
27568
24275
15455
3116
-9932
-20719
-26789
-26759
-20636
-9815
3241
15559
24334
27569
24527
15901
3654
-9425
-20358
-26656
-26884
-20991
-10319
2702
15109
24075
27560
24770
16340
4189
-8915
-19989
-26512
-26999
-21338
-10819
2163
14653
23807
27540
25003
16773
4724
-8401
-19612
-26359
-27103
-21677
-11315
1623
14192
23529
27509
25226
17199
5256
-7884
-19228
-26195
-27197
-22007
-11807
1082
13725
23242
27468
25439
17619
5786
-7363
-18837
-26021
-27281
-22329
-12293
541
13253
22947
27416
25643
18032
6315
-6840
-18438
-25837
-27354
-22642
-12776
0
12776
22642
27354
25837
18438
6840
-6315
-18032
-25643
-27416
-22947
-13253
-541
12293
22329
27281
26021
18837
7363
-5786
-17619
-25439
-27468
-23242
-13725
-1082
11807
22007
27197
26195
19228
7884
-5256
-17199
-25226
-27509
-23529
-14192
-1623
11315
21677
27103
26359
19612
8401
-4724
-16773
-25003
-27540
-23807
-14653
-2163
10819
21338
26999
26512
19989
8915
-4189
-16340
-24770
-27560
-24075
-15109
-2702
10319
20991
26884
26656
20358
9425
-3654
-15901
-24527
-27569
-24334
-15559
-3241
9815
20636
26759
26789
20719
9932
-3116
-15455
-24275
-27568
-24584
-16002
-3777
9308
20274
26623
26911
21072
9675
-5173
-19434
-29204
-32746
-30014
-21630
-9503
3606
14713
21288
21834
16227
5744
-7229
-19737
-28933
-32724
-30245
-22062
-9277
5687
18764
26322
27126
21754
11429
-1498
-14084
-23464
-27501
-25276
-17296
-5379
7764
19138
26156
27217
22082
11919
-958
-13616
-23175
-27457
-25487
-17715
-5909
7243
18745
25979
27298
22402
12405
-416
-13143
-22877
-27403
-25689
-18126
-6436
6719
18345
25793
27369
22713
12886
125
-12665
-22571
-27338
-25880
-18530
-6961
6193
17937
25597
27429
23016
13362
666
-12181
-22256
-27262
-26062
-18928
-7484
5664
17522
25391
27478
23309
13833
1207
-11693
-21932
-27176
-26233
-19317
-8003
5133
17101
25175
27517
23594
14299
1748
-11201
-21600
-27080
-26395
-19700
-8520
4601
16673
24950
27545
23869
14759
2288
-10704
-21259
-26973
-26546
-20075
-9033
4066
16239
24714
27563
24136
15213
2827
-10203
-20910
-26856
-26687
-20442
-9542
3530
15798
24470
27570
24393
15662
3365
-9699
-20553
-26729
-26818
-20801
-10048
2992
15352
24216
27566
24640
16104
3901
-9190
-20189
-26591
-26938
-21153
-10551
2454
14899
23952
27552
24878
16540
4436
-8678
-19816
-26443
-27048
-21496
-11049
1914
14441
23680
27527
25107
16970
4970
-8162
-19436
-26284
-27148
-21830
-11542
1374
13977
23398
27491
25326
17393
5501
-7644
-19048
-26116
-27237
-22157
-12032
833
13508
23107
27445
25535
17810
6030
-7122
-18653
-25937
-27316
-22475
-12517
291
13033
22807
27389
25734
18220
6557
-6598
-18251
-25749
-27384
-22784
-12996
-250
12554
22499
27321
25923
18623
7082
-6071
-17842
-25550
-27441
-23084
-13471
-791
12069
22182
27243
26102
19018
7604
-5542
-17426
-25342
-27488
-23376
-13941
-1332
11580
21856
27155
26272
20166
10718
-581
-11813
-19934
-22335
-18468
-9215
3318
16277
26712
32246
31621
24977
13828
713
-11384
-19706
-22360
-18742
-10434
183
11349
21179
26947
26580
20160
9151
-3942
-16138
-24659
-27565
-24196
-15317
-2951
10087
20829
26828
26718
20526
9660
-3406
-15696
-24412
-27570
-24451
-15764
-3488
9582
20470
26698
26847
20883
10165
-2868
-15248
-24156
-27564
-24696
-16205
-4025
9072
20103
26557
26965
21232
10666
-2329
-14794
-23890
-27547
-24932
-16640
-4559
8559
19729
26407
27072
21574
11163
-1789
-14334
-23615
-27520
-25158
-17068
-5092
8043
19347
26246
27169
21907
11656
-1249
-13869
-23332
-27482
-25375
-17490
-5623
7524
18958
26075
27256
22231
12144
-708
-13399
-23039
-27433
-25581
-17905
-6152
7001
18561
25895
27332
22547
12628
-167
-12923
-22737
-27374
-25778
-18313
-6679
6477
18157
25704
27398
22854
13106
375
-12442
-22426
-27304
-25965
-18715
-7203
5949
17746
25503
27453
23152
13580
916
-11957
-22107
-27224
-26142
-19108
-7724
5419
17329
25293
27498
23442
14049
1457
-11467
-21779
-27133
-26309
-19495
-8242
4888
16904
25072
27531
23722
14512
1997
-10972
-21443
-27032
-26466
-19874
-8757
4354
16474
24842
27555
23993
14969
2537
-10474
-21099
-26920
-26613
-20245
-9268
3819
16036
24603
27567
24255
15421
3075
-9971
-20747
-26798
-26749
-20609
-9776
3282
15593
24354
27569
24508
15867
3612
-9464
-20386
-26666
-26875
-20964
-10281
2744
15144
24095
27561
24751
16306
4148
-8954
-20018
-26524
-26990
-21312
-10781
2205
14688
23828
27542
24985
16739
4683
-8440
-19642
-26371
-27096
-21651
-11277
1665
14227
23551
27512
25209
17166
5215
-7923
-19258
-26208
-27190
-21982
-11769
1124
13761
23265
27471
24663
14992
1316
-12593
-24057
-31225
-32465
-27495
-17446
-4607
8099
17780
22230
20438
12810
1084
-12071
-23659
-31041
-32538
-27048
-15334
-718
12812
22666
27359
25822
18407
6800
-6355
-18063
-25658
-27412
-22924
-13216
-500
12331
22353
27287
26007
18806
7323
-5827
-17651
-25455
-27464
-23220
-13689
-1041
11844
22032
27204
26182
19198
7844
-5297
-17231
-25243
-27506
-23507
-14156
-1581
11353
21703
27111
26346
19583
8361
-4765
-16806
-25020
-27538
-23786
-14618
-2122
10858
21365
27007
26501
19960
8875
-4231
-16373
-24788
-27559
-24055
-15074
-2661
10358
21018
26893
26645
20330
9386
-3695
-15935
-24546
-27569
-24315
-15524
-3199
9854
20664
26769
26779
20692
9893
-3158
-15490
-24295
-27568
-24565
-15969
-3736
9347
20302
26634
26902
21045
10397
-2619
-15039
-24034
-27557
-24806
-16407
-4272
8836
19932
26489
27016
21391
10896
-2080
-14582
-23764
-27536
-25038
-16839
-4806
8321
19554
26334
27118
21728
11391
-1540
-14120
-23486
-27503
-25259
-17264
-5338
7804
19168
26169
27211
22057
11882
-999
-13653
-23197
-27461
-25471
-17683
-5868
7283
18776
25993
27293
22378
12368
-458
-13180
-22900
-27407
-25674
-18095
-6396
6760
18376
25808
27364
22690
12849
83
-12702
-22595
-27343
-25866
-18499
-6921
6233
17969
25612
27425
22993
13326
625
-12219
-22280
-27269
-26048
-18897
-7444
5705
17555
25407
27475
23287
13797
1166
-11731
-21957
-27183
-26221
-19288
-7963
5174
17134
25192
27515
23572
14263
1706
-11239
-21625
-27088
-26383
-19671
-8480
4642
16706
24967
27544
23849
14723
2246
-10743
-21285
-26982
-26535
-20046
-8993
4107
16273
24733
27562
24116
15178
2785
-10242
-20937
-26865
-26677
-20414
-9503
3571
15832
24489
28330
26968
20057
8513
-4548
-15391
-21549
-21618
-15584
-4820
8224
20576
29426
32757
29812
21260
9050
-4039
-15027
-21412
-22499
-18531
-9752
2495
14934
23973
27553
24860
16507
4395
-8717
-19845
-26454
-27040
-21470
-11010
1955
14476
23701
27529
25090
16937
4929
-8202
-19465
-26297
-27141
-21805
-11505
1415
14013
23420
27495
25309
17361
5460
-7684
-19078
-26129
-27231
-22132
-11994
874
13544
23130
27449
25519
17778
5990
-7162
-18684
-25951
-27310
-22451
-12479
333
13070
22831
27393
25719
18189
6517
-6638
-18282
-25764
-27379
-22760
-12960
-208
12591
22523
27327
25909
18592
7042
-6112
-17874
-25566
-27437
-23061
-13435
-749
12107
22206
27250
26089
18988
7564
-5583
-17458
-25358
-27485
-23354
-13905
-1290
11618
21881
27162
26259
19377
8083
-5052
-17036
-25141
-27522
-23637
-14370
-1831
11125
21548
27064
26419
19758
8599
-4518
-16607
-24914
-27549
-23911
-14829
-2371
10627
21206
26956
26569
20132
9111
-3984
-16172
-24677
-27565
-24176
-15282
-2909
10126
20856
26837
26708
20498
9621
-3447
-15730
-24431
-27570
-24431
-15730
-3447
9621
20498
26708
26837
20856
10126
-2909
-15282
-24176
-27565
-24677
-16172
-3984
9111
20132
26569
26956
21206
10627
-2371
-14829
-23911
-27549
-24914
-16607
-4518
8599
19758
26419
27064
21548
11125
-1831
-14370
-23637
-27522
-25141
-17036
-5052
8083
19377
26259
27162
21881
11618
-1290
-13905
-23354
-27485
-25358
-17458
-5583
7564
18988
26089
27250
22206
12107
-749
-13435
-23061
-27437
-25566
-17874
-6112
7042
18592
25909
27327
22523
12591
-208
-12960
-22760
-27379
-25764
-18282
-6638
6517
18189
25719
27393
22831
13070
333
-12479
-22451
-27310
-25951
-18684
-7162
5990
17778
24759
24854
18700
8354
-4316
-17184
-27322
-32421
-31319
-24268
-12874
270
12171
20119
22305
18230
8823
-3775
-16695
-26995
-31571
-28892
-20226
-8202
4929
16937
25090
27529
23701
14476
1955
-11010
-21470
-27040
-26454
-19845
-8717
4395
16507
24860
27553
23973
14934
2495
-10512
-21126
-26929
-26602
-20217
-9229
3860
16070
24622
27567
24236
15386
3034
-10010
-20774
-26808
-26739
-20581
-9738
3323
15627
24373
27570
24489
15832
3571
-9503
-20414
-26677
-26865
-20937
-10242
2785
15178
24116
27562
24733
16273
4107
-8993
-20046
-26535
-26982
-21285
-10743
2246
14723
23849
27544
24967
16706
4642
-8480
-19671
-26383
-27088
-21625
-11239
1706
14263
23572
27515
25192
17134
5174
-7963
-19288
-26221
-27183
-21957
-11731
1166
13797
23287
27475
25407
17555
5705
-7444
-18897
-26048
-27269
-22280
-12219
625
13326
22993
27425
25612
17969
6233
-6921
-18499
-25866
-27343
-22595
-12702
83
12849
22690
27364
25808
18376
6760
-6396
-18095
-25674
-27407
-22900
-13180
-458
12368
22378
27293
25993
18776
7283
-5868
-17683
-25471
-27461
-23197
-13653
-999
11882
22057
27211
26169
19168
7804
-5338
-17264
-25259
-27503
-23486
-14120
-1540
11391
21728
27118
26334
19554
8321
-4806
-16839
-25038
-27536
-23764
-14582
-2080
10896
21391
27016
26489
19932
8836
-4272
-16407
-24806
-27557
-24034
-15039
-2619
10397
21045
26902
26634
20302
9347
-3736
-15969
-24565
-27568
-24295
-15490
-3158
9893
20692
26779
26769
20664
9854
-3199
-15524
-24315
-27569
-24546
-15935
-3695
9386
20330
26645
26893
21018
10358
-2661
-15074
-24055
-27559
-24788
-16373
-4231
8875
19960
26501
27007
21365
10858
-2122
-14618
-23786
-27538
-25020
-16806
-4765
8361
18823
23751
22681
16513
6163
-6771
-19346
-28697
-32696
-30433
-22421
-10487
2654
14008
20992
22014
16842
6654
-6231
-18879
-27650
-30059
-26215
-17651
-5827
7323
18806
26007
27287
22353
12331
-500
-13216
-22924
-27412
-25658
-18063
-6355
6800
18407
25822
27359
22666
12812
42
-12739
-22618
-27348
-25851
-18469
-6881
6274
18000
25628
27420
22970
13289
583
-12256
-22305
-27275
-26035
-18867
-7403
5746
17587
25423
27471
23265
13761
1124
-11769
-21982
-27190
-26208
-19258
-7923
5215
17166
25209
27512
23551
14227
1665
-11277
-21651
-27096
-26371
-19642
-8440
4683
16739
24985
27542
23828
14688
2205
-10781
-21312
-26990
-26524
-20018
-8954
4148
16306
24751
27561
24095
15144
2744
-10281
-20964
-26875
-26666
-20386
-9464
3612
15867
24508
27569
24354
15593
3282
-9776
-20609
-26749
-26798
-20747
-9971
3075
15421
24255
27567
24603
16036
3819
-9268
-20245
-26613
-26920
-21099
-10474
2537
14969
23993
27555
24842
16474
4354
-8757
-19874
-26466
-27032
-21443
-10972
1997
14512
23722
27531
25072
16904
4888
-8242
-19495
-26309
-27133
-21779
-11467
1457
14049
23442
27498
25293
17329
5419
-7724
-19108
-26142
-27224
-22107
-11957
916
13580
23152
27453
25503
17746
5949
-7203
-18715
-25965
-27304
-22426
-12442
375
13106
22854
27398
25704
18157
6477
-6679
-18313
-25778
-27374
-22737
-12923
-167
12628
22547
27332
25895
18561
7001
-6152
-17905
-25581
-27433
-23039
-13399
-708
12144
22231
27256
26075
18958
7524
-5623
-17490
-25375
-27482
-23332
-13869
-1249
11656
21907
27169
26246
19347
8043
-5092
-17068
-25158
-27520
-23615
-14334
-1789
11163
21574
27072
26407
19729
8559
-4559
-16640
-24932
-27547
-23890
-14794
-2329
11426
23827
31395
31747
25293
14262
1165
-11015
-19506
-22374
-18966
-10058
2322
15355
26073
32037
31888
25660
14772
1702
-11334
-21856
-26810
-24412
-15696
-3406
9660
20526
26718
26828
20829
10087
-2951
-15317
-24196
-27565
-24659
-16138
-3942
9151
20160
26580
26947
21179
10589
-2412
-14864
-23932
-27550
-24896
-16574
-4477
8638
19787
26431
27056
21522
11087
-1872
-14405
-23658
-27525
-25124
-17003
-5011
8123
19406
26272
27155
21856
11580
-1332
-13941
-23376
-27488
-25342
-17426
-5542
7604
19018
26102
27243
22182
12069
-791
-13471
-23084
-27441
-25550
-17842
-6071
7082
18623
25923
27321
22499
12554
-250
-12996
-22784
-27384
-25749
-18251
-6598
6557
18220
25734
27389
22807
13033
291
-12517
-22475
-27316
-25937
-18653
-7122
6030
17810
25535
27445
23107
13508
833
-12032
-22157
-27237
-26116
-19048
-7644
5501
17393
25326
27491
23398
13977
1374
-11542
-21830
-27148
-26284
-19436
-8162
4970
16970
25107
27527
23680
14441
1914
-11049
-21496
-27048
-26443
-19816
-8678
4436
16540
24878
27552
23952
14899
2454
-10551
-21153
-26938
-26591
-20189
-9190
3901
16104
24640
27566
24216
15352
2992
-10048
-20801
-26818
-26729
-20553
-9699
3365
15662
24393
27570
24470
15798
3530
-9542
-20442
-26687
-26856
-20910
-10203
2827
15213
24136
27563
24714
16239
4066
-9033
-20075
-26546
-26973
-21259
-10704
2288
14759
23869
27545
24950
16673
4601
-8520
-19700
-26395
-27080
-21600
-11201
1748
14299
23594
27517
25175
17101
5133
-8003
-19317
-26233
-27176
-21932
-11693
1207
13833
23309
27478
25391
17522
5664
-7484
-18928
-26062
-27262
-22256
-12181
666
13362
23016
27429
25597
17937
6193
-6961
-18530
-25880
-27338
-22571
-12665
-635
10291
18283
22179
20603
13155
1529
-11626
-23316
-30879
-32593
-28067
-18333
-5606
7215
17212
22108
20789
13555
2053
-10338
-20310
-26247
-27457
-23175
-13616
-958
11919
22082
27217
26156
19138
7764
-5379
-17296
-25276
-27501
-23464
-14084
-1498
11429
21754
27126
26322
19524
8282
-4847
-16872
-25055
-27534
-23743
-14547
-2039
10934
21417
27024
26478
19903
8796
-4313
-16440
-24824
-27556
-24014
-15004
-2578
10435
21072
26911
26623
20274
9308
-3777
-16002
-24584
-27568
-24275
-15455
-3116
9932
20719
26789
26759
20636
9815
-3241
-15559
-24334
-27569
-24527
-15901
-3654
9425
20358
26656
26884
20991
10319
-2702
-15109
-24075
-27560
-24770
-16340
-4189
8915
19989
26512
26999
21338
10819
-2163
-14653
-23807
-27540
-25003
-16773
-4724
8401
19612
26359
27103
21677
11315
-1623
-14192
-23529
-27509
-25226
-17199
-5256
7884
19228
26195
27197
22007
11807
-1082
-13725
-23242
-27468
-25439
-17619
-5786
7363
18837
26021
27281
22329
12293
-541
-13253
-22947
-27416
-25643
-18032
-6315
6840
18438
25837
27354
22642
12776
0
-12776
-22642
-27354
-25837
-18438
-6840
6315
18032
25643
27416
22947
13253
541
-12293
-22329
-27281
-26021
-18837
-7363
5786
17619
25439
27468
23242
13725
1082
-11807
-22007
-27197
-26195
-19228
-7884
5256
17199
25226
27509
23529
14192
1623
-11315
-21677
-27103
-26359
-19612
-8401
4724
16773
25003
27540
23807
14653
2163
-10819
-21338
-26999
-26512
-19989
-8915
4189
16340
24770
27560
24075
15109
2702
-10319
-20991
-26884
-26656
-20358
-9425
3654
15901
24527
27569
24334
15559
3241
-9815
-20636
-26759
-26789
-20719
-9932
3116
15455
24275
27568
24584
16002
3777
-9308
-20274
-26623
-26911
-21072
-9675
5173
19434
29204
32746
30014
21630
9503
-3606
-14713
-21288
-21834
-16227
-5744
7229
19737
28933
32724
30245
22062
9277
-5687
-18764
-26322
-27126
-21754
-11429
1498
14084
23464
27501
25276
17296
5379
-7764
-19138
-26156
-27217
-22082
-11919
958
13616
23175
27457
25487
17715
5909
-7243
-18745
-25979
-27298
-22402
-12405
416
13143
22877
27403
25689
18126
6436
-6719
-18345
-25793
-27369
-22713
-12886
-125
12665
22571
27338
25880
18530
6961
-6193
-17937
-25597
-27429
-23016
-13362
-666
12181
22256
27262
26062
18928
7484
-5664
-17522
-25391
-27478
-23309
-13833
-1207
11693
21932
27176
26233
19317
8003
-5133
-17101
-25175
-27517
-23594
-14299
-1748
11201
21600
27080
26395
19700
8520
-4601
-16673
-24950
-27545
-23869
-14759
-2288
10704
21259
26973
26546
20075
9033
-4066
-16239
-24714
-27563
-24136
-15213
-2827
10203
20910
26856
26687
20442
9542
-3530
-15798
-24470
-27570
-24393
-15662
-3365
9699
20553
26729
26818
20801
10048
-2992
-15352
-24216
-27566
-24640
-16104
-3901
9190
20189
26591
26938
21153
10551
-2454
-14899
-23952
-27552
-24878
-16540
-4436
8678
19816
26443
27048
21496
11049
-1914
-14441
-23680
-27527
-25107
-16970
-4970
8162
19436
26284
27148
21830
11542
-1374
-13977
-23398
-27491
-25326
-17393
-5501
7644
19048
26116
27237
22157
12032
-833
-13508
-23107
-27445
-25535
-17810
-6030
7122
18653
25937
27316
22475
12517
-291
-13033
-22807
-27389
-25734
-18220
-6557
6598
18251
25749
27384
22784
12996
250
-12554
-22499
-27321
-25923
-18623
-7082
6071
17842
25550
27441
23084
13471
791
-12069
-22182
-27243
-26102
-19018
-7604
5542
17426
25342
27488
23376
13941
1332
-11580
-21856
-27155
-26272
-18646
-5528
9441
22193
30314
32715
28848
19595
7062
-5897
-16332
-21866
-21241
-14597
-3448
9667
21764
30086
32740
29122
19294
5007
-9829
-21179
-26947
-26580
-20160
-9151
3942
16138
24659
27565
24196
15317
2951
-10087
-20829
-26828
-26718
-20526
-9660
3406
15696
24412
27570
24451
15764
3488
-9582
-20470
-26698
-26847
-20883
-10165
2868
15248
24156
27564
24696
16205
4025
-9072
-20103
-26557
-26965
-21232
-10666
2329
14794
23890
27547
24932
16640
4559
-8559
-19729
-26407
-27072
-21574
-11163
1789
14334
23615
27520
25158
17068
5092
-8043
-19347
-26246
-27169
-21907
-11656
1249
13869
23332
27482
25375
17490
5623
-7524
-18958
-26075
-27256
-22231
-12144
708
13399
23039
27433
25581
17905
6152
-7001
-18561
-25895
-27332
-22547
-12628
167
12923
22737
27374
25778
18313
6679
-6477
-18157
-25704
-27398
-22854
-13106
-375
12442
22426
27304
25965
18715
7203
-5949
-17746
-25503
-27453
-23152
-13580
-916
11957
22107
27224
26142
19108
7724
-5419
-17329
-25293
-27498
-23442
-14049
-1457
11467
21779
27133
26309
19495
8242
-4888
-16904
-25072
-27531
-23722
-14512
-1997
10972
21443
27032
26466
19874
8757
-4354
-16474
-24842
-27555
-23993
-14969
-2537
10474
21099
26920
26613
20245
9268
-3819
-16036
-24603
-27567
-24255
-15421
-3075
9971
20747
26798
26749
20609
9776
-3282
-15593
-24354
-27569
-24508
-15867
-3612
9464
20386
26666
26875
20964
10281
-2744
-15144
-24095
-27561
-24751
-16306
-4148
8954
20018
26524
26990
21312
10781
-2205
-14688
-23828
-27542
-24985
-16739
-4683
8440
19642
26371
27096
21651
11277
-1665
-14227
-23551
-27512
-25209
-17166
-5215
7923
19258
26208
27190
21982
11769
-1124
-13761
-23265
-27471
-26183
-20182
-10176
2213
13677
20845
22085
17115
7066
-5773
-18479
-28160
-32610
-30818
-23190
-11464
1691
13279
20661
22158
18189
10144
-802
-12812
-22666
-27359
-25822
-18407
-6800
6355
18063
25658
27412
22924
13216
500
-12331
-22353
-27287
-26007
-18806
-7323
5827
17651
25455
27464
23220
13689
1041
-11844
-22032
-27204
-26182
-19198
-7844
5297
17231
25243
27506
23507
14156
1581
-11353
-21703
-27111
-26346
-19583
-8361
4765
16806
25020
27538
23786
14618
2122
-10858
-21365
-27007
-26501
-19960
-8875
4231
16373
24788
27559
24055
15074
2661
-10358
-21018
-26893
-26645
-20330
-9386
3695
15935
24546
27569
24315
15524
3199
-9854
-20664
-26769
-26779
-20692
-9893
3158
15490
24295
27568
24565
15969
3736
-9347
-20302
-26634
-26902
-21045
-10397
2619
15039
24034
27557
24806
16407
4272
-8836
-19932
-26489
-27016
-21391
-10896
2080
14582
23764
27536
25038
16839
4806
-8321
-19554
-26334
-27118
-21728
-11391
1540
14120
23486
27503
25259
17264
5338
-7804
-19168
-26169
-27211
-22057
-11882
999
13653
23197
27461
25471
17683
5868
-7283
-18776
-25993
-27293
-22378
-12368
458
13180
22900
27407
25674
18095
6396
-6760
-18376
-25808
-27364
-22690
-12849
-83
12702
22595
27343
25866
18499
6921
-6233
-17969
-25612
-27425
-22993
-13326
-625
12219
22280
27269
26048
18897
7444
-5705
-17555
-25407
-27475
-23287
-13797
-1166
11731
21957
27183
26221
19288
7963
-5174
-17134
-25192
-27515
-23572
-14263
-1706
11239
21625
27088
26383
19671
8480
-4642
-16706
-24967
-27544
-23849
-14723
-2246
10743
21285
26982
26535
20046
8993
-4107
-16273
-24733
-27562
-24116
-15178
-2785
10242
20937
26865
26677
20414
9503
-3571
-15832
-24489
-28330
-26968
-20057
-8513
4548
15391
21549
21618
15584
4820
-8224
-20576
-29426
-32757
-29812
-21260
-9050
4039
15027
21412
22499
18531
9752
-2495
-14934
-23973
-27553
-24860
-16507
-4395
8717
19845
26454
27040
21470
11010
-1955
-14476
-23701
-27529
-25090
-16937
-4929
8202
19465
26297
27141
21805
11505
-1415
-14013
-23420
-27495
-25309
-17361
-5460
7684
19078
26129
27231
22132
11994
-874
-13544
-23130
-27449
-25519
-17778
-5990
7162
18684
25951
27310
22451
12479
-333
-13070
-22831
-27393
-25719
-18189
-6517
6638
18282
25764
27379
22760
12960
208
-12591
-22523
-27327
-25909
-18592
-7042
6112
17874
25566
27437
23061
13435
749
-12107
-22206
-27250
-26089
-18988
-7564
5583
17458
25358
27485
23354
13905
1290
-11618
-21881
-27162
-26259
-19377
-8083
5052
17036
25141
27522
23637
14370
1831
-11125
-21548
-27064
-26419
-19758
-8599
4518
16607
24914
27549
23911
14829
2371
-10627
-21206
-26956
-26569
-20132
-9111
3984
16172
24677
27565
24176
15282
2909
-10126
-20856
-26837
-26708
-20498
-9621
3447
15730
24431
27570
24431
15730
3447
-9621
-20498
-26708
-26837
-20856
-10126
2909
15282
24176
27565
24677
16172
3984
-9111
-20132
-26569
-26956
-21206
-10627
2371
14829
23911
27549
24914
16607
4518
-8599
-19758
-26419
-27064
-21548
-11125
1831
14370
23637
27522
25141
17036
5052
-8083
-19377
-26259
-27162
-21881
-11618
1290
13905
23354
27485
25358
17458
5583
-7564
-18988
-26089
-27250
-22206
-12107
749
13435
23061
27437
25566
17874
6112
-7042
-18592
-25909
-27327
-22523
-12591
208
12960
22760
27379
25764
18282
6638
-6517
-18189
-25719
-27393
-22831
-13070
-333
12479
22451
27310
25951
18684
7162
-5990
-17778
-24759
-24854
-18700
-8354
4316
17184
27322
32421
31319
24268
12874
-270
-12171
-20119
-22305
-18230
-8823
3775
16695
26995
31571
28892
20226
8202
-4929
-16937
-25090
-27529
-23701
-14476
-1955
11010
21470
27040
26454
19845
8717
-4395
-16507
-24860
-27553
-23973
-14934
-2495
10512
21126
26929
26602
20217
9229
-3860
-16070
-24622
-27567
-24236
-15386
-3034
10010
20774
26808
26739
20581
9738
-3323
-15627
-24373
-27570
-24489
-15832
-3571
9503
20414
26677
26865
20937
10242
-2785
-15178
-24116
-27562
-24733
-16273
-4107
8993
20046
26535
26982
21285
10743
-2246
-14723
-23849
-27544
-24967
-16706
-4642
8480
19671
26383
27088
21625
11239
-1706
-14263
-23572
-27515
-25192
-17134
-5174
7963
19288
26221
27183
21957
11731
-1166
-13797
-23287
-27475
-25407
-17555
-5705
7444
18897
26048
27269
22280
12219
-625
-13326
-22993
-27425
-25612
-17969
-6233
6921
18499
25866
27343
22595
12702
-83
-12849
-22690
-27364
-25808
-18376
-6760
6396
18095
25674
27407
22900
13180
458
-12368
-22378
-27293
-25993
-18776
-7283
5868
17683
25471
27461
23197
13653
999
-11882
-22057
-27211
-26169
-19168
-7804
5338
17264
25259
27503
23486
14120
1540
-11391
-21728
-27118
-26334
-19554
-8321
4806
16839
25038
27536
23764
14582
2080
-10896
-21391
-27016
-26489
-19932
-8836
4272
16407
24806
27557
24034
15039
2619
-10397
-21045
-26902
-26634
-20302
-9347
3736
15969
24565
27568
24295
15490
3158
-9893
-20692
-26779
-26769
-20664
-9854
3199
15524
24315
27569
24546
15935
3695
-9386
-20330
-26645
-26893
-21018
-10358
2661
15074
24055
27559
24788
16373
4231
-8875
-19960
-26501
-27007
-21365
-10858
2122
14618
23786
27538
25020
16806
4765
-8361
-18823
-23751
-22681
-16513
-6163
6771
19346
28697
32696
30433
22421
10487
-2654
-14008
-20992
-22014
-16842
-6654
6231
18879
27650
30059
26215
17651
5827
-7323
-18806
-26007
-27287
-22353
-12331
500
13216
22924
27412
25658
18063
6355
-6800
-18407
-25822
-27359
-22666
-12812
-42
12739
22618
27348
25851
18469
6881
-6274
-18000
-25628
-27420
-22970
-13289
-583
12256
22305
27275
26035
18867
7403
-5746
-17587
-25423
-27471
-23265
-13761
-1124
11769
21982
27190
26208
19258
7923
-5215
-17166
-25209
-27512
-23551
-14227
-1665
11277
21651
27096
26371
19642
8440
-4683
-16739
-24985
-27542
-23828
-14688
-2205
10781
21312
26990
26524
20018
8954
-4148
-16306
-24751
-27561
-24095
-15144
-2744
10281
20964
26875
26666
20386
9464
-3612
-15867
-24508
-27569
-24354
-15593
-3282
9776
20609
26749
26798
20747
9971
-3075
-15421
-24255
-27567
-24603
-16036
-3819
9268
20245
26613
26920
21099
10474
-2537
-14969
-23993
-27555
-24842
-16474
-4354
8757
19874
26466
27032
21443
10972
-1997
-14512
-23722
-27531
-25072
-16904
-4888
8242
19495
26309
27133
21779
11467
-1457
-14049
-23442
-27498
-25293
-17329
-5419
7724
19108
26142
27224
22107
11957
-916
-13580
-23152
-27453
-25503
-17746
-5949
7203
18715
25965
27304
22426
12442
-375
-13106
-22854
-27398
-25704
-18157
-6477
6679
18313
25778
27374
22737
12923
167
-12628
-22547
-27332
-25895
-18561
-7001
6152
17905
25581
27433
23039
13399
708
-12144
-22231
-27256
-26075
-18958
-7524
5623
17490
25375
27482
23332
13869
1249
-11656
-21907
-27169
-26246
-19347
-8043
5092
17068
25158
27520
23615
14334
1789
-11163
-21574
-27072
-26407
-19729
-8559
4559
16640
24932
27547
23890
14794
2329
-11426
-23827
-31395
-31747
-25293
-14262
-1165
11015
19506
22374
18966
10058
-2322
-15355
-26073
-32037
-31888
-25660
-14772
-1702
11334
21856
26810
24412
15696
3406
-9660
-20526
-26718
-26828
-20829
-10087
2951
15317
24196
27565
24659
16138
3942
-9151
-20160
-26580
-26947
-21179
-10589
2412
14864
23932
27550
24896
16574
4477
-8638
-19787
-26431
-27056
-21522
-11087
1872
14405
23658
27525
25124
17003
5011
-8123
-19406
-26272
-27155
-21856
-11580
1332
13941
23376
27488
25342
17426
5542
-7604
-19018
-26102
-27243
-22182
-12069
791
13471
23084
27441
25550
17842
6071
-7082
-18623
-25923
-27321
-22499
-12554
250
12996
22784
27384
25749
18251
6598
-6557
-18220
-25734
-27389
-22807
-13033
-291
12517
22475
27316
25937
18653
7122
-6030
-17810
-25535
-27445
-23107
-13508
-833
12032
22157
27237
26116
19048
7644
-5501
-17393
-25326
-27491
-23398
-13977
-1374
11542
21830
27148
26284
19436
8162
-4970
-16970
-25107
-27527
-23680
-14441
-1914
11049
21496
27048
26443
19816
8678
-4436
-16540
-24878
-27552
-23952
-14899
-2454
10551
21153
26938
26591
20189
9190
-3901
-16104
-24640
-27566
-24216
-15352
-2992
10048
20801
26818
26729
20553
9699
-3365
-15662
-24393
-27570
-24470
-15798
-3530
9542
20442
26687
26856
20910
10203
-2827
-15213
-24136
-27563
-24714
-16239
-4066
9033
20075
26546
26973
21259
10704
-2288
-14759
-23869
-27545
-24950
-16673
-4601
8520
19700
26395
27080
21600
11201
-1748
-14299
-23594
-27517
-25175
-17101
-5133
8003
19317
26233
27176
21932
11693
-1207
-13833
-23309
-27478
-25391
-17522
-5664
7484
18928
26062
27262
22256
12181
-666
-13362
-23016
-27429
-25597
-17937
-6193
6961
18530
25880
27338
22571
12665
635
-10291
-18283
-22179
-20603
-13155
-1529
11626
23316
30879
32593
28067
18333
5606
-7215
-17212
-22108
-20789
-13555
-2053
10338
20310
26247
27457
23175
13616
958
-11919
-22082
-27217
-26156
-19138
-7764
5379
17296
25276
27501
23464
14084
1498
-11429
-21754
-27126
-26322
-19524
-8282
4847
16872
25055
27534
23743
14547
2039
-10934
-21417
-27024
-26478
-19903
-8796
4313
16440
24824
27556
24014
15004
2578
-10435
-21072
-26911
-26623
-20274
-9308
3777
16002
24584
27568
24275
15455
3116
-9932
-20719
-26789
-26759
-20636
-9815
3241
15559
24334
27569
24527
15901
3654
-9425
-20358
-26656
-26884
-20991
-10319
2702
15109
24075
27560
24770
16340
4189
-8915
-19989
-26512
-26999
-21338
-10819
2163
14653
23807
27540
25003
16773
4724
-8401
-19612
-26359
-27103
-21677
-11315
1623
14192
23529
27509
25226
17199
5256
-7884
-19228
-26195
-27197
-22007
-11807
1082
13725
23242
27468
25439
17619
5786
-7363
-18837
-26021
-27281
-22329
-12293
541
13253
22947
27416
25643
18032
6315
-6840
-18438
-25837
-27354
-22642
-12776
0
12776
22642
27354
25837
18438
6840
-6315
-18032
-25643
-27416
-22947
-13253
-541
12293
22329
27281
26021
18837
7363
-5786
-17619
-25439
-27468
-23242
-13725
-1082
11807
22007
27197
26195
19228
7884
-5256
-17199
-25226
-27509
-23529
-14192
-1623
11315
21677
27103
26359
19612
8401
-4724
-16773
-25003
-27540
-23807
-14653
-2163
10819
21338
26999
26512
19989
8915
-4189
-16340
-24770
-27560
-24075
-15109
-2702
10319
20991
26884
26656
20358
9425
-3654
-15901
-24527
-27569
-24334
-15559
-3241
9815
20636
26759
26789
20719
9932
-3116
-15455
-24275
-27568
-24584
-16002
-3777
9308
20274
26623
26911
21072
11195
17
-10574
-18824
-22366
-19634
-11250
877
13986
25093
31668
32214
26607
16124
3151
-9357
-18553
-22344
-19865
-11682
-417
10877
20284
26322
27126
21754
11429
-1498
-14084
-23464
-27501
-25276
-17296
-5379
7764
19138
26156
27217
22082
11919
-958
-13616
-23175
-27457
-25487
-17715
-5909
7243
18745
25979
27298
22402
12405
-416
-13143
-22877
-27403
-25689
-18126
-6436
6719
18345
25793
27369
22713
12886
125
-12665
-22571
-27338
-25880
-18530
-6961
6193
17937
25597
27429
23016
13362
666
-12181
-22256
-27262
-26062
-18928
-7484
5664
17522
25391
27478
23309
13833
1207
-11693
-21932
-27176
-26233
-19317
-8003
5133
17101
25175
27517
23594
14299
1748
-11201
-21600
-27080
-26395
-19700
-8520
4601
16673
24950
27545
23869
14759
2288
-10704
-21259
-26973
-26546
-20075
-9033
4066
16239
24714
27563
24136
15213
2827
-10203
-20910
-26856
-26687
-20442
-9542
3530
15798
24470
27570
24393
15662
3365
-9699
-20553
-26729
-26818
-20801
-10048
2992
15352
24216
27566
24640
16104
3901
-9190
-20189
-26591
-26938
-21153
-10551
2454
14899
23952
27552
24878
16540
4436
-8678
-19816
-26443
-27048
-21496
-11049
1914
14441
23680
27527
25107
16970
4970
-8162
-19436
-26284
-27148
-21830
-11542
1374
13977
23398
27491
25326
17393
5501
-7644
-19048
-26116
-27237
-22157
-12032
833
13508
23107
27445
25535
17810
6030
-7122
-18653
-25937
-27316
-22475
-12517
291
13033
22807
27389
25734
18220
6557
-6598
-18251
-25749
-27384
-22784
-12996
-250
12554
22499
27321
25923
18623
7082
-6071
-17842
-25550
-27441
-23084
-13471
-791
12069
22182
27243
26102
19018
7604
-5542
-17426
-25342
-27488
-23376
-13941
-1332
11580
21856
27155
26272
20166
10718
-581
-11813
-19934
-22335
-18468
-9215
3318
16277
26712
32246
31621
24977
13828
713
-11384
-19706
-22360
-18742
-10434
183
11349
21179
26947
26580
20160
9151
-3942
-16138
-24659
-27565
-24196
-15317
-2951
10087
20829
26828
26718
20526
9660
-3406
-15696
-24412
-27570
-24451
-15764
-3488
9582
20470
26698
26847
20883
10165
-2868
-15248
-24156
-27564
-24696
-16205
-4025
9072
20103
26557
26965
21232
10666
-2329
-14794
-23890
-27547
-24932
-16640
-4559
8559
19729
26407
27072
21574
11163
-1789
-14334
-23615
-27520
-25158
-17068
-5092
8043
19347
26246
27169
21907
11656
-1249
-13869
-23332
-27482
-25375
-17490
-5623
7524
18958
26075
27256
22231
12144
-708
-13399
-23039
-27433
-25581
-17905
-6152
7001
18561
25895
27332
22547
12628
-167
-12923
-22737
-27374
-25778
-18313
-6679
6477
18157
25704
27398
22854
13106
375
-12442
-22426
-27304
-25965
-18715
-7203
5949
17746
25503
27453
23152
13580
916
-11957
-22107
-27224
-26142
-19108
-7724
5419
17329
25293
27498
23442
14049
1457
-11467
-21779
-27133
-26309
-19495
-8242
4888
16904
25072
27531
23722
14512
1997
-10972
-21443
-27032
-26466
-19874
-8757
4354
16474
24842
27555
23993
14969
2537
-10474
-21099
-26920
-26613
-20245
-9268
3819
16036
24603
27567
24255
15421
3075
-9971
-20747
-26798
-26749
-20609
-9776
3282
15593
24354
27569
24508
15867
3612
-9464
-20386
-26666
-26875
-20964
-10281
2744
15144
24095
27561
24751
16306
4148
-8954
-20018
-26524
-26990
-21312
-10781
2205
14688
23828
27542
24985
16739
4683
-8440
-19642
-26371
-27096
-21651
-11277
1665
14227
23551
27512
25209
17166
5215
-7923
-19258
-26208
-27190
-21982
-11769
1124
13761
23265
27471
24663
14992
1316
-12593
-24057
-31225
-32465
-27495
-17446
-4607
8099
17780
22230
20438
12810
1084
-12071
-23659
-31041
-32538
-27048
-15334
-718
12812
22666
27359
25822
18407
6800
-6355
-18063
-25658
-27412
-22924
-13216
-500
12331
22353
27287
26007
18806
7323
-5827
-17651
-25455
-27464
-23220
-13689
-1041
11844
22032
27204
26182
19198
7844
-5297
-17231
-25243
-27506
-23507
-14156
-1581
11353
21703
27111
26346
19583
8361
-4765
-16806
-25020
-27538
-23786
-14618
-2122
10858
21365
27007
26501
19960
8875
-4231
-16373
-24788
-27559
-24055
-15074
-2661
10358
21018
26893
26645
20330
9386
-3695
-15935
-24546
-27569
-24315
-15524
-3199
9854
20664
26769
26779
20692
9893
-3158
-15490
-24295
-27568
-24565
-15969
-3736
9347
20302
26634
26902
21045
10397
-2619
-15039
-24034
-27557
-24806
-16407
-4272
8836
19932
26489
27016
21391
10896
-2080
-14582
-23764
-27536
-25038
-16839
-4806
8321
19554
26334
27118
21728
11391
-1540
-14120
-23486
-27503
-25259
-17264
-5338
7804
19168
26169
27211
22057
11882
-999
-13653
-23197
-27461
-25471
-17683
-5868
7283
18776
25993
27293
22378
12368
-458
-13180
-22900
-27407
-25674
-18095
-6396
6760
18376
25808
27364
22690
12849
83
-12702
-22595
-27343
-25866
-18499
-6921
6233
17969
25612
27425
22993
13326
625
-12219
-22280
-27269
-26048
-18897
-7444
5705
17555
25407
27475
23287
13797
1166
-11731
-21957
-27183
-26221
-19288
-7963
5174
17134
25192
27515
23572
14263
1706
-11239
-21625
-27088
-26383
-19671
-8480
4642
16706
24967
27544
23849
14723
2246
-10743
-21285
-26982
-26535
-20046
-8993
4107
16273
24733
27562
24116
15178
2785
-10242
-20937
-26865
-26677
-20414
-9503
3571
15832
24489
26810
21778
11197
-1867
-14928
-25771
-31929
-31998
-25964
-15200
-2156
10196
19046
22377
19432
10880
-1330
-14419
-25407
-31792
-31359
-23721
-11272
2495
14934
23973
27553
24860
16507
4395
-8717
-19845
-26454
-27040
-21470
-11010
1955
14476
23701
27529
25090
16937
4929
-8202
-19465
-26297
-27141
-21805
-11505
1415
14013
23420
27495
25309
17361
5460
-7684
-19078
-26129
-27231
-22132
-11994
874
13544
23130
27449
25519
17778
5990
-7162
-18684
-25951
-27310
-22451
-12479
333
13070
22831
27393
25719
18189
6517
-6638
-18282
-25764
-27379
-22760
-12960
-208
12591
22523
27327
25909
18592
7042
-6112
-17874
-25566
-27437
-23061
-13435
-749
12107
22206
27250
26089
18988
7564
-5583
-17458
-25358
-27485
-23354
-13905
-1290
11618
21881
27162
26259
19377
8083
-5052
-17036
-25141
-27522
-23637
-14370
-1831
11125
21548
27064
26419
19758
8599
-4518
-16607
-24914
-27549
-23911
-14829
-2371
10627
21206
26956
26569
20132
9111
-3984
-16172
-24677
-27565
-24176
-15282
-2909
10126
20856
26837
26708
20498
9621
-3447
-15730
-24431
-27570
-24431
-15730
-3447
9621
20498
26708
26837
20856
10126
-2909
-15282
-24176
-27565
-24677
-16172
-3984
9111
20132
26569
26956
21206
10627
-2371
-14829
-23911
-27549
-24914
-16607
-4518
8599
19758
26419
27064
21548
11125
-1831
-14370
-23637
-27522
-25141
-17036
-5052
8083
19377
26259
27162
21881
11618
-1290
-13905
-23354
-27485
-25358
-17458
-5583
7564
18988
26089
27250
22206
12107
-749
-13435
-23061
-27437
-25566
-17874
-6112
7042
18592
25909
27327
22523
12591
-208
-12960
-22760
-27379
-25764
-18282
-6638
6517
18189
25719
27393
22831
13070
333
-12479
-22451
-27310
-25951
-18684
-7162
5990
17778
26279
30044
27560
18734
6064
-6804
-16942
-22041
-20939
-13888
-2494
10650
22551
30499
32685
28610
19203
6605
-6315
-16615
-22711
-23702
-18705
-8202
4929
16937
25090
27529
23701
14476
1955
-11010
-21470
-27040
-26454
-19845
-8717
4395
16507
24860
27553
23973
14934
2495
-10512
-21126
-26929
-26602
-20217
-9229
3860
16070
24622
27567
24236
15386
3034
-10010
-20774
-26808
-26739
-20581
-9738
3323
15627
24373
27570
24489
15832
3571
-9503
-20414
-26677
-26865
-20937
-10242
2785
15178
24116
27562
24733
16273
4107
-8993
-20046
-26535
-26982
-21285
-10743
2246
14723
23849
27544
24967
16706
4642
-8480
-19671
-26383
-27088
-21625
-11239
1706
14263
23572
27515
25192
17134
5174
-7963
-19288
-26221
-27183
-21957
-11731
1166
13797
23287
27475
25407
17555
5705
-7444
-18897
-26048
-27269
-22280
-12219
625
13326
22993
27425
25612
17969
6233
-6921
-18499
-25866
-27343
-22595
-12702
83
12849
22690
27364
25808
18376
6760
-6396
-18095
-25674
-27407
-22900
-13180
-458
12368
22378
27293
25993
18776
7283
-5868
-17683
-25471
-27461
-23197
-13653
-999
11882
22057
27211
26169
19168
7804
-5338
-17264
-25259
-27503
-23486
-14120
-1540
11391
21728
27118
26334
19554
8321
-4806
-16839
-25038
-27536
-23764
-14582
-2080
10896
21391
27016
26489
19932
8836
-4272
-16407
-24806
-27557
-24034
-15039
-2619
10397
21045
26902
26634
20302
9347
-3736
-15969
-24565
-27568
-24295
-15490
-3158
9893
20692
26779
26769
20664
9854
-3199
-15524
-24315
-27569
-24546
-15935
-3695
9386
20330
26645
26893
21018
10358
-2661
-15074
-24055
-27559
-24788
-16373
-4231
8875
19960
26501
27007
21365
10858
-2122
-14618
-23786
-27538
-25020
-16806
-4765
8361
20343
28941
31541
26893
16543
3609
-8966
-18317
-22316
-20053
-12041
-107
13034
24388
31372
32394
27222
17034
4149
-8499
-18790
-24869
-24695
-17651
-5827
7323
18806
26007
27287
22353
12331
-500
-13216
-22924
-27412
-25658
-18063
-6355
6800
18407
25822
27359
22666
12812
42
-12739
-22618
-27348
-25851
-18469
-6881
6274
18000
25628
27420
22970
13289
583
-12256
-22305
-27275
-26035
-18867
-7403
5746
17587
25423
27471
23265
13761
1124
-11769
-21982
-27190
-26208
-19258
-7923
5215
17166
25209
27512
23551
14227
1665
-11277
-21651
-27096
-26371
-19642
-8440
4683
16739
24985
27542
23828
14688
2205
-10781
-21312
-26990
-26524
-20018
-8954
4148
16306
24751
27561
24095
15144
2744
-10281
-20964
-26875
-26666
-20386
-9464
3612
15867
24508
27569
24354
15593
3282
-9776
-20609
-26749
-26798
-20747
-9971
3075
15421
24255
27567
24603
16036
3819
-9268
-20245
-26613
-26920
-21099
-10474
2537
14969
23993
27555
24842
16474
4354
-8757
-19874
-26466
-27032
-21443
-10972
1997
14512
23722
27531
25072
16904
4888
-8242
-19495
-26309
-27133
-21779
-11467
1457
14049
23442
27498
25293
17329
5419
-7724
-19108
-26142
-27224
-22107
-11957
916
13580
23152
27453
25503
17746
5949
-7203
-18715
-25965
-27304
-22426
-12442
375
13106
22854
27398
25704
18157
6477
-6679
-18313
-25778
-27374
-22737
-12923
-167
12628
22547
27332
25895
18561
7001
-6152
-17905
-25581
-27433
-23039
-13399
-708
12144
22231
27256
26075
18958
7524
-5623
-17490
-25375
-27482
-23332
-13869
-1249
11656
21907
27169
26246
19347
8043
-5092
-17068
-25158
-27520
-23615
-14334
-1789
11163
21574
27072
26407
19729
8559
-4559
-16640
-24932
-27547
-23890
-14794
-2329
11426
23827
31395
31747
25293
14262
1165
-11015
-19506
-22374
-18966
-10058
2322
15355
26073
32037
31888
25660
14772
1702
-11334
-21856
-26810
-24412
-15696
-3406
9660
20526
26718
26828
20829
10087
-2951
-15317
-24196
-27565
-24659
-16138
-3942
9151
20160
26580
26947
21179
10589
-2412
-14864
-23932
-27550
-24896
-16574
-4477
8638
19787
26431
27056
21522
11087
-1872
-14405
-23658
-27525
-25124
-17003
-5011
8123
19406
26272
27155
21856
11580
-1332
-13941
-23376
-27488
-25342
-17426
-5542
7604
19018
26102
27243
22182
12069
-791
-13471
-23084
-27441
-25550
-17842
-6071
7082
18623
25923
27321
22499
12554
-250
-12996
-22784
-27384
-25749
-18251
-6598
6557
18220
25734
27389
22807
13033
291
-12517
-22475
-27316
-25937
-18653
-7122
6030
17810
25535
27445
23107
13508
833
-12032
-22157
-27237
-26116
-19048
-7644
5501
17393
25326
27491
23398
13977
1374
-11542
-21830
-27148
-26284
-19436
-8162
4970
16970
25107
27527
23680
14441
1914
-11049
-21496
-27048
-26443
-19816
-8678
4436
16540
24878
27552
23952
14899
2454
-10551
-21153
-26938
-26591
-20189
-9190
3901
16104
24640
27566
24216
15352
2992
-10048
-20801
-26818
-26729
-20553
-9699
3365
15662
24393
27570
24470
15798
3530
-9542
-20442
-26687
-26856
-20910
-10203
2827
15213
24136
27563
24714
16239
4066
-9033
-20075
-26546
-26973
-21259
-10704
2288
14759
23869
27545
24950
16673
4601
-8520
-19700
-26395
-27080
-21600
-11201
1748
14299
23594
27517
25175
17101
5133
-8003
-19317
-26233
-27176
-21932
-11693
1207
13833
23309
27478
25391
17522
5664
-7484
-18928
-26062
-27262
-22256
-12181
666
13362
23016
27429
25597
17937
6193
-6961
-18530
-25880
-27338
-22571
-12665
-635
10291
18283
22179
20603
13155
1529
-11626
-23316
-30879
-32593
-28067
-18333
-5606
7215
17212
22108
20789
13555
2053
-10338
-20310
-26247
-27457
-23175
-13616
-958
11919
22082
27217
26156
19138
7764
-5379
-17296
-25276
-27501
-23464
-14084
-1498
11429
21754
27126
26322
19524
8282
-4847
-16872
-25055
-27534
-23743
-14547
-2039
10934
21417
27024
26478
19903
8796
-4313
-16440
-24824
-27556
-24014
-15004
-2578
10435
21072
26911
26623
20274
9308
-3777
-16002
-24584
-27568
-24275
-15455
-3116
9932
20719
26789
26759
20636
9815
-3241
-15559
-24334
-27569
-24527
-15901
-3654
9425
20358
26656
26884
20991
10319
-2702
-15109
-24075
-27560
-24770
-16340
-4189
8915
19989
26512
26999
21338
10819
-2163
-14653
-23807
-27540
-25003
-16773
-4724
8401
19612
26359
27103
21677
11315
-1623
-14192
-23529
-27509
-25226
-17199
-5256
7884
19228
26195
27197
22007
11807
-1082
-13725
-23242
-27468
-25439
-17619
-5786
7363
18837
26021
27281
22329
12293
-541
-13253
-22947
-27416
-25643
-18032
-6315
6840
18438
25837
27354
22642
12776
0
-12776
-22642
-27354
-25837
-18438
-6840
6315
18032
25643
27416
22947
13253
541
-12293
-22329
-27281
-26021
-18837
-7363
5786
17619
25439
27468
23242
13725
1082
-11807
-22007
-27197
-26195
-19228
-7884
5256
17199
25226
27509
23529
14192
1623
-11315
-21677
-27103
-26359
-19612
-8401
4724
16773
25003
27540
23807
14653
2163
-10819
-21338
-26999
-26512
-19989
-8915
4189
16340
24770
27560
24075
15109
2702
-10319
-20991
-26884
-26656
-20358
-9425
3654
15901
24527
27569
24334
15559
3241
-9815
-20636
-26759
-26789
-20719
-9932
3116
15455
24275
27568
24584
16002
3777
-9308
-20274
-26623
-26911
-21072
-11195
-17
10574
18824
22366
19634
11250
-877
-13986
-25093
-31668
-32214
-26607
-16124
-3151
9357
18553
22344
19865
11682
417
-10877
-20284
-26322
-27126
-21754
-11429
1498
14084
23464
27501
25276
17296
5379
-7764
-19138
-26156
-27217
-22082
-11919
958
13616
23175
27457
25487
17715
5909
-7243
-18745
-25979
-27298
-22402
-12405
416
13143
22877
27403
25689
18126
6436
-6719
-18345
-25793
-27369
-22713
-12886
-125
12665
22571
27338
25880
18530
6961
-6193
-17937
-25597
-27429
-23016
-13362
-666
12181
22256
27262
26062
18928
7484
-5664
-17522
-25391
-27478
-23309
-13833
-1207
11693
21932
27176
26233
19317
8003
-5133
-17101
-25175
-27517
-23594
-14299
-1748
11201
21600
27080
26395
19700
8520
-4601
-16673
-24950
-27545
-23869
-14759
-2288
10704
21259
26973
26546
20075
9033
-4066
-16239
-24714
-27563
-24136
-15213
-2827
10203
20910
26856
26687
20442
9542
-3530
-15798
-24470
-27570
-24393
-15662
-3365
9699
20553
26729
26818
20801
10048
-2992
-15352
-24216
-27566
-24640
-16104
-3901
9190
20189
26591
26938
21153
10551
-2454
-14899
-23952
-27552
-24878
-16540
-4436
8678
19816
26443
27048
21496
11049
-1914
-14441
-23680
-27527
-25107
-16970
-4970
8162
19436
26284
27148
21830
11542
-1374
-13977
-23398
-27491
-25326
-17393
-5501
7644
19048
26116
27237
22157
12032
-833
-13508
-23107
-27445
-25535
-17810
-6030
7122
18653
25937
27316
22475
12517
-291
-13033
-22807
-27389
-25734
-18220
-6557
6598
18251
25749
27384
22784
12996
250
-12554
-22499
-27321
-25923
-18623
-7082
6071
17842
25550
27441
23084
13471
791
-12069
-22182
-27243
-26102
-19018
-7604
5542
17426
25342
27488
23376
13941
1332
-11580
-21856
-27155
-26272
-20166
-10718
581
11813
19934
22335
18468
9215
-3318
-16277
-26712
-32246
-31621
-24977
-13828
-713
11384
19706
22360
18742
10434
-183
-11349
-21179
-26947
-26580
-20160
-9151
3942
16138
24659
27565
24196
15317
2951
-10087
-20829
-26828
-26718
-20526
-9660
3406
15696
24412
27570
24451
15764
3488
-9582
-20470
-26698
-26847
-20883
-10165
2868
15248
24156
27564
24696
16205
4025
-9072
-20103
-26557
-26965
-21232
-10666
2329
14794
23890
27547
24932
16640
4559
-8559
-19729
-26407
-27072
-21574
-11163
1789
14334
23615
27520
25158
17068
5092
-8043
-19347
-26246
-27169
-21907
-11656
1249
13869
23332
27482
25375
17490
5623
-7524
-18958
-26075
-27256
-22231
-12144
708
13399
23039
27433
25581
17905
6152
-7001
-18561
-25895
-27332
-22547
-12628
167
12923
22737
27374
25778
18313
6679
-6477
-18157
-25704
-27398
-22854
-13106
-375
12442
22426
27304
25965
18715
7203
-5949
-17746
-25503
-27453
-23152
-13580
-916
11957
22107
27224
26142
19108
7724
-5419
-17329
-25293
-27498
-23442
-14049
-1457
11467
21779
27133
26309
19495
8242
-4888
-16904
-25072
-27531
-23722
-14512
-1997
10972
21443
27032
26466
19874
8757
-4354
-16474
-24842
-27555
-23993
-14969
-2537
10474
21099
26920
26613
20245
9268
-3819
-16036
-24603
-27567
-24255
-15421
-3075
9971
20747
26798
26749
20609
9776
-3282
-15593
-24354
-27569
-24508
-15867
-3612
9464
20386
26666
26875
20964
10281
-2744
-15144
-24095
-27561
-24751
-16306
-4148
8954
20018
26524
26990
21312
10781
-2205
-14688
-23828
-27542
-24985
-16739
-4683
8440
19642
26371
27096
21651
11277
-1665
-14227
-23551
-27512
-25209
-17166
-5215
7923
19258
26208
27190
21982
11769
-1124
-13761
-23265
-27471
-24663
-14992
-1316
12593
24057
31225
32465
27495
17446
4607
-8099
-17780
-22230
-20438
-12810
-1084
12071
23659
31041
32538
27048
15334
718
-12812
-22666
-27359
-25822
-18407
-6800
6355
18063
25658
27412
22924
13216
500
-12331
-22353
-27287
-26007
-18806
-7323
5827
17651
25455
27464
23220
13689
1041
-11844
-22032
-27204
-26182
-19198
-7844
5297
17231
25243
27506
23507
14156
1581
-11353
-21703
-27111
-26346
-19583
-8361
4765
16806
25020
27538
23786
14618
2122
-10858
-21365
-27007
-26501
-19960
-8875
4231
16373
24788
27559
24055
15074
2661
-10358
-21018
-26893
-26645
-20330
-9386
3695
15935
24546
27569
24315
15524
3199
-9854
-20664
-26769
-26779
-20692
-9893
3158
15490
24295
27568
24565
15969
3736
-9347
-20302
-26634
-26902
-21045
-10397
2619
15039
24034
27557
24806
16407
4272
-8836
-19932
-26489
-27016
-21391
-10896
2080
14582
23764
27536
25038
16839
4806
-8321
-19554
-26334
-27118
-21728
-11391
1540
14120
23486
27503
25259
17264
5338
-7804
-19168
-26169
-27211
-22057
-11882
999
13653
23197
27461
25471
17683
5868
-7283
-18776
-25993
-27293
-22378
-12368
458
13180
22900
27407
25674
18095
6396
-6760
-18376
-25808
-27364
-22690
-12849
-83
12702
22595
27343
25866
18499
6921
-6233
-17969
-25612
-27425
-22993
-13326
-625
12219
22280
27269
26048
18897
7444
-5705
-17555
-25407
-27475
-23287
-13797
-1166
11731
21957
27183
26221
19288
7963
-5174
-17134
-25192
-27515
-23572
-14263
-1706
11239
21625
27088
26383
19671
8480
-4642
-16706
-24967
-27544
-23849
-14723
-2246
10743
21285
26982
26535
20046
8993
-4107
-16273
-24733
-27562
-24116
-15178
-2785
10242
20937
26865
26677
20414
9503
-3571
-15832
-24489
-28330
-26968
-20057
-8513
4548
15391
21549
21618
15584
4820
-8224
-20576
-29426
-32757
-29812
-21260
-9050
4039
15027
21412
22499
18531
9752
-2495
-14934
-23973
-27553
-24860
-16507
-4395
8717
19845
26454
27040
21470
11010
-1955
-14476
-23701
-27529
-25090
-16937
-4929
8202
19465
26297
27141
21805
11505
-1415
-14013
-23420
-27495
-25309
-17361
-5460
7684
19078
26129
27231
22132
11994
-874
-13544
-23130
-27449
-25519
-17778
-5990
7162
18684
25951
27310
22451
12479
-333
-13070
-22831
-27393
-25719
-18189
-6517
6638
18282
25764
27379
22760
12960
208
-12591
-22523
-27327
-25909
-18592
-7042
6112
17874
25566
27437
23061
13435
749
-12107
-22206
-27250
-26089
-18988
-7564
5583
17458
25358
27485
23354
13905
1290
-11618
-21881
-27162
-26259
-19377
-8083
5052
17036
25141
27522
23637
14370
1831
-11125
-21548
-27064
-26419
-19758
-8599
4518
16607
24914
27549
23911
14829
2371
-10627
-21206
-26956
-26569
-20132
-9111
3984
16172
24677
27565
24176
15282
2909
-10126
-20856
-26837
-26708
-20498
-9621
3447
15730
24431
27570
24431
15730
3447
-9621
-20498
-26708
-26837
-20856
-10126
2909
15282
24176
27565
24677
16172
3984
-9111
-20132
-26569
-26956
-21206
-10627
2371
14829
23911
27549
24914
16607
4518
-8599
-19758
-26419
-27064
-21548
-11125
1831
14370
23637
27522
25141
17036
5052
-8083
-19377
-26259
-27162
-21881
-11618
1290
13905
23354
27485
25358
17458
5583
-7564
-18988
-26089
-27250
-22206
-12107
749
13435
23061
27437
25566
17874
6112
-7042
-18592
-25909
-27327
-22523
-12591
208
12960
22760
27379
25764
18282
6638
-6517
-18189
-25719
-27393
-22831
-13070
-333
12479
22451
27310
25951
18684
7162
-5990
-17778
-26279
-30044
-27560
-18734
-6064
6804
16942
22041
20939
13888
2494
-10650
-22551
-30499
-32685
-28610
-19203
-6605
6315
16615
22711
23702
18705
8202
-4929
-16937
-25090
-27529
-23701
-14476
-1955
11010
21470
27040
26454
19845
8717
-4395
-16507
-24860
-27553
-23973
-14934
-2495
10512
21126
26929
26602
20217
9229
-3860
-16070
-24622
-27567
-24236
-15386
-3034
10010
20774
26808
26739
20581
9738
-3323
-15627
-24373
-27570
-24489
-15832
-3571
9503
20414
26677
26865
20937
10242
-2785
-15178
-24116
-27562
-24733
-16273
-4107
8993
20046
26535
26982
21285
10743
-2246
-14723
-23849
-27544
-24967
-16706
-4642
8480
19671
26383
27088
21625
11239
-1706
-14263
-23572
-27515
-25192
-17134
-5174
7963
19288
26221
27183
21957
11731
-1166
-13797
-23287
-27475
-25407
-17555
-5705
7444
18897
26048
27269
22280
12219
-625
-13326
-22993
-27425
-25612
-17969
-6233
6921
18499
25866
27343
22595
12702
-83
-12849
-22690
-27364
-25808
-18376
-6760
6396
18095
25674
27407
22900
13180
458
-12368
-22378
-27293
-25993
-18776
-7283
5868
17683
25471
27461
23197
13653
999
-11882
-22057
-27211
-26169
-19168
-7804
5338
17264
25259
27503
23486
14120
1540
-11391
-21728
-27118
-26334
-19554
-8321
4806
16839
25038
27536
23764
14582
2080
-10896
-21391
-27016
-26489
-19932
-8836
4272
16407
24806
27557
24034
15039
2619
-10397
-21045
-26902
-26634
-20302
-9347
3736
15969
24565
27568
24295
15490
3158
-9893
-20692
-26779
-26769
-20664
-9854
3199
15524
24315
27569
24546
15935
3695
-9386
-20330
-26645
-26893
-21018
-10358
2661
15074
24055
27559
24788
16373
4231
-8875
-19960
-26501
-27007
-21365
-10858
2122
14618
23786
27538
25020
16806
4765
-8361
-20343
-28941
-31541
-26893
-16543
-3609
8966
18317
22316
20053
12041
107
-13034
-24388
-31372
-32394
-27222
-17034
-4149
8499
18790
24869
24695
17651
5827
-7323
-18806
-26007
-27287
-22353
-12331
500
13216
22924
27412
25658
18063
6355
-6800
-18407
-25822
-27359
-22666
-12812
-42
12739
22618
27348
25851
18469
6881
-6274
-18000
-25628
-27420
-22970
-13289
-583
12256
22305
27275
26035
18867
7403
-5746
-17587
-25423
-27471
-23265
-13761
-1124
11769
21982
27190
26208
19258
7923
-5215
-17166
-25209
-27512
-23551
-14227
-1665
11277
21651
27096
26371
19642
8440
-4683
-16739
-24985
-27542
-23828
-14688
-2205
10781
21312
26990
26524
20018
8954
-4148
-16306
-24751
-27561
-24095
-15144
-2744
10281
20964
26875
26666
20386
9464
-3612
-15867
-24508
-27569
-24354
-15593
-3282
9776
20609
26749
26798
20747
9971
-3075
-15421
-24255
-27567
-24603
-16036
-3819
9268
20245
26613
26920
21099
10474
-2537
-14969
-23993
-27555
-24842
-16474
-4354
8757
19874
26466
27032
21443
10972
-1997
-14512
-23722
-27531
-25072
-16904
-4888
8242
19495
26309
27133
21779
11467
-1457
-14049
-23442
-27498
-25293
-17329
-5419
7724
19108
26142
27224
22107
11957
-916
-13580
-23152
-27453
-25503
-17746
-5949
7203
18715
25965
27304
22426
12442
-375
-13106
-22854
-27398
-25704
-18157
-6477
6679
18313
25778
27374
22737
12923
167
-12628
-22547
-27332
-25895
-18561
-7001
6152
17905
25581
27433
23039
13399
708
-12144
-22231
-27256
-26075
-18958
-7524
5623
17490
25375
27482
23332
13869
1249
-11656
-21907
-27169
-26246
-19347
-8043
5092
17068
25158
27520
23615
14334
1789
-11163
-21574
-27072
-26407
-19729
-8559
4559
16640
24932
27547
23890
14794
2329
-9906
-18637
-22535
-21367
-14913
-3882
9215
21395
29886
32754
29346
20438
8058
-4975
-15693
-21657
-21508
-15280
-4392
8678
20194
27046
28330
24412
15696
3406
-9660
-20526
-26718
-26828
-20829
-10087
2951
15317
24196
27565
24659
16138
3942
-9151
-20160
-26580
-26947
-21179
-10589
2412
14864
23932
27550
24896
16574
4477
-8638
-19787
-26431
-27056
-21522
-11087
1872
14405
23658
27525
25124
17003
5011
-8123
-19406
-26272
-27155
-21856
-11580
1332
13941
23376
27488
25342
17426
5542
-7604
-19018
-26102
-27243
-22182
-12069
791
13471
23084
27441
25550
17842
6071
-7082
-18623
-25923
-27321
-22499
-12554
250
12996
22784
27384
25749
18251
6598
-6557
-18220
-25734
-27389
-22807
-13033
-291
12517
22475
27316
25937
18653
7122
-6030
-17810
-25535
-27445
-23107
-13508
-833
12032
22157
27237
26116
19048
7644
-5501
-17393
-25326
-27491
-23398
-13977
-1374
11542
21830
27148
26284
19436
8162
-4970
-16970
-25107
-27527
-23680
-14441
-1914
11049
21496
27048
26443
19816
8678
-4436
-16540
-24878
-27552
-23952
-14899
-2454
10551
21153
26938
26591
20189
9190
-3901
-16104
-24640
-27566
-24216
-15352
-2992
10048
20801
26818
26729
20553
9699
-3365
-15662
-24393
-27570
-24470
-15798
-3530
9542
20442
26687
26856
20910
10203
-2827
-15213
-24136
-27563
-24714
-16239
-4066
9033
20075
26546
26973
21259
10704
-2288
-14759
-23869
-27545
-24950
-16673
-4601
8520
19700
26395
27080
21600
11201
-1748
-14299
-23594
-27517
-25175
-17101
-5133
8003
19317
26233
27176
21932
11693
-1207
-13833
-23309
-27478
-25391
-17522
-5664
7484
18928
26062
27262
22256
12181
-666
-13362
-23016
-27429
-25597
-17937
-6193
6961
18530
25880
27338
22571
12665
-885
-15481
-27143
-32559
-30983
-23535
-11909
1246
12936
20499
22213
17687
7953
-4774
-17595
-27592
-32488
-31169
-23935
-12433
1479
15120
24727
27457
23175
13616
958
-11919
-22082
-27217
-26156
-19138
-7764
5379
17296
25276
27501
23464
14084
1498
-11429
-21754
-27126
-26322
-19524
-8282
4847
16872
25055
27534
23743
14547
2039
-10934
-21417
-27024
-26478
-19903
-8796
4313
16440
24824
27556
24014
15004
2578
-10435
-21072
-26911
-26623
-20274
-9308
3777
16002
24584
27568
24275
15455
3116
-9932
-20719
-26789
-26759
-20636
-9815
3241
15559
24334
27569
24527
15901
3654
-9425
-20358
-26656
-26884
-20991
-10319
2702
15109
24075
27560
24770
16340
4189
-8915
-19989
-26512
-26999
-21338
-10819
2163
14653
23807
27540
25003
16773
4724
-8401
-19612
-26359
-27103
-21677
-11315
1623
14192
23529
27509
25226
17199
5256
-7884
-19228
-26195
-27197
-22007
-11807
1082
13725
23242
27468
25439
17619
5786
-7363
-18837
-26021
-27281
-22329
-12293
541
13253
22947
27416
25643
18032
6315
-6840
-18438
-25837
-27354
-22642
-12776
0
12776
22642
27354
25837
18438
6840
-6315
-18032
-25643
-27416
-22947
-13253
-541
12293
22329
27281
26021
18837
7363
-5786
-17619
-25439
-27468
-23242
-13725
-1082
11807
22007
27197
26195
19228
7884
-5256
-17199
-25226
-27509
-23529
-14192
-1623
11315
21677
27103
26359
19612
8401
-4724
-16773
-25003
-27540
-23807
-14653
-2163
10819
21338
26999
26512
19989
8915
-4189
-16340
-24770
-27560
-24075
-15109
-2702
10319
20991
26884
26656
20358
9425
-3654
-15901
-24527
-27569
-24334
-15559
-3241
9815
20636
26759
26789
20719
9932
-3116
-15455
-24275
-27568
-24584
-16002
-3777
9308
20274
26623
26911
21072
9675
-5173
-19434
-29204
-32746
-30014
-21630
-9503
3606
14713
21288
21834
16227
5744
-7229
-19737
-28933
-32724
-30245
-22062
-9277
5687
18764
26322
27126
21754
11429
-1498
-14084
-23464
-27501
-25276
-17296
-5379
7764
19138
26156
27217
22082
11919
-958
-13616
-23175
-27457
-25487
-17715
-5909
7243
18745
25979
27298
22402
12405
-416
-13143
-22877
-27403
-25689
-18126
-6436
6719
18345
25793
27369
22713
12886
125
-12665
-22571
-27338
-25880
-18530
-6961
6193
17937
25597
27429
23016
13362
666
-12181
-22256
-27262
-26062
-18928
-7484
5664
17522
25391
27478
23309
13833
1207
-11693
-21932
-27176
-26233
-19317
-8003
5133
17101
25175
27517
23594
14299
1748
-11201
-21600
-27080
-26395
-19700
-8520
4601
16673
24950
27545
23869
14759
2288
-10704
-21259
-26973
-26546
-20075
-9033
4066
16239
24714
27563
24136
15213
2827
-10203
-20910
-26856
-26687
-20442
-9542
3530
15798
24470
27570
24393
15662
3365
-9699
-20553
-26729
-26818
-20801
-10048
2992
15352
24216
27566
24640
16104
3901
-9190
-20189
-26591
-26938
-21153
-10551
2454
14899
23952
27552
24878
16540
4436
-8678
-19816
-26443
-27048
-21496
-11049
1914
14441
23680
27527
25107
16970
4970
-8162
-19436
-26284
-27148
-21830
-11542
1374
13977
23398
27491
25326
17393
5501
-7644
-19048
-26116
-27237
-22157
-12032
833
13508
23107
27445
25535
17810
6030
-7122
-18653
-25937
-27316
-22475
-12517
291
13033
22807
27389
25734
18220
6557
-6598
-18251
-25749
-27384
-22784
-12996
-250
12554
22499
27321
25923
18623
7082
-6071
-17842
-25550
-27441
-23084
-13471
-791
12069
22182
27243
26102
19018
7604
-5542
-17426
-25342
-27488
-23376
-13941
-1332
11580
21856
27155
26272
18646
5528
-9441
-22193
-30314
-32715
-28848
-19595
-7062
5897
16332
21866
21241
14597
3448
-9667
-21764
-30086
-32740
-29122
-19294
-5007
9829
21179
26947
26580
20160
9151
-3942
-16138
-24659
-27565
-24196
-15317
-2951
10087
20829
26828
26718
20526
9660
-3406
-15696
-24412
-27570
-24451
-15764
-3488
9582
20470
26698
26847
20883
10165
-2868
-15248
-24156
-27564
-24696
-16205
-4025
9072
20103
26557
26965
21232
10666
-2329
-14794
-23890
-27547
-24932
-16640
-4559
8559
19729
26407
27072
21574
11163
-1789
-14334
-23615
-27520
-25158
-17068
-5092
8043
19347
26246
27169
21907
11656
-1249
-13869
-23332
-27482
-25375
-17490
-5623
7524
18958
26075
27256
22231
12144
-708
-13399
-23039
-27433
-25581
-17905
-6152
7001
18561
25895
27332
22547
12628
-167
-12923
-22737
-27374
-25778
-18313
-6679
6477
18157
25704
27398
22854
13106
375
-12442
-22426
-27304
-25965
-18715
-7203
5949
17746
25503
27453
23152
13580
916
-11957
-22107
-27224
-26142
-19108
-7724
5419
17329
25293
27498
23442
14049
1457
-11467
-21779
-27133
-26309
-19495
-8242
4888
16904
25072
27531
23722
14512
1997
-10972
-21443
-27032
-26466
-19874
-8757
4354
16474
24842
27555
23993
14969
2537
-10474
-21099
-26920
-26613
-20245
-9268
3819
16036
24603
27567
24255
15421
3075
-9971
-20747
-26798
-26749
-20609
-9776
3282
15593
24354
27569
24508
15867
3612
-9464
-20386
-26666
-26875
-20964
-10281
2744
15144
24095
27561
24751
16306
4148
-8954
-20018
-26524
-26990
-21312
-10781
2205
14688
23828
27542
24985
16739
4683
-8440
-19642
-26371
-27096
-21651
-11277
1665
14227
23551
27512
25209
17166
5215
-7923
-19258
-26208
-27190
-21982
-11769
1124
13761
23265
27471
26183
20182
10176
-2213
-13677
-20845
-22085
-17115
-7066
5773
18479
28160
32610
30818
23190
11464
-1691
-13279
-20661
-22158
-18189
-10144
802
12812
22666
27359
25822
18407
6800
-6355
-18063
-25658
-27412
-22924
-13216
-500
12331
22353
27287
26007
18806
7323
-5827
-17651
-25455
-27464
-23220
-13689
-1041
11844
22032
27204
26182
19198
7844
-5297
-17231
-25243
-27506
-23507
-14156
-1581
11353
21703
27111
26346
19583
8361
-4765
-16806
-25020
-27538
-23786
-14618
-2122
10858
21365
27007
26501
19960
8875
-4231
-16373
-24788
-27559
-24055
-15074
-2661
10358
21018
26893
26645
20330
9386
-3695
-15935
-24546
-27569
-24315
-15524
-3199
9854
20664
26769
26779
20692
9893
-3158
-15490
-24295
-27568
-24565
-15969
-3736
9347
20302
26634
26902
21045
10397
-2619
-15039
-24034
-27557
-24806
-16407
-4272
8836
19932
26489
27016
21391
10896
-2080
-14582
-23764
-27536
-25038
-16839
-4806
8321
19554
26334
27118
21728
11391
-1540
-14120
-23486
-27503
-25259
-17264
-5338
7804
19168
26169
27211
22057
11882
-999
-13653
-23197
-27461
-25471
-17683
-5868
7283
18776
25993
27293
22378
12368
-458
-13180
-22900
-27407
-25674
-18095
-6396
6760
18376
25808
27364
22690
12849
83
-12702
-22595
-27343
-25866
-18499
-6921
6233
17969
25612
27425
22993
13326
625
-12219
-22280
-27269
-26048
-18897
-7444
5705
17555
25407
27475
23287
13797
1166
-11731
-21957
-27183
-26221
-19288
-7963
5174
17134
25192
27515
23572
14263
1706
-11239
-21625
-27088
-26383
-19671
-8480
4642
16706
24967
27544
23849
14723
2246
-10743
-21285
-26982
-26535
-20046
-8993
4107
16273
24733
27562
24116
15178
2785
-10242
-20937
-26865
-26677
-20414
-9503
3571
15832
24489
26810
21778
11197
-1867
-14928
-25771
-31929
-31998
-25964
-15200
-2156
10196
19046
22377
19432
10880
-1330
-14419
-25407
-31792
-31359
-23721
-11272
2495
14934
23973
27553
24860
16507
4395
-8717
-19845
-26454
-27040
-21470
-11010
1955
14476
23701
27529
25090
16937
4929
-8202
-19465
-26297
-27141
-21805
-11505
1415
14013
23420
27495
25309
17361
5460
-7684
-19078
-26129
-27231
-22132
-11994
874
13544
23130
27449
25519
17778
5990
-7162
-18684
-25951
-27310
-22451
-12479
333
13070
22831
27393
25719
18189
6517
-6638
-18282
-25764
-27379
-22760
-12960
-208
12591
22523
27327
25909
18592
7042
-6112
-17874
-25566
-27437
-23061
-13435
-749
12107
22206
27250
26089
18988
7564
-5583
-17458
-25358
-27485
-23354
-13905
-1290
11618
21881
27162
26259
19377
8083
-5052
-17036
-25141
-27522
-23637
-14370
-1831
11125
21548
27064
26419
19758
8599
-4518
-16607
-24914
-27549
-23911
-14829
-2371
10627
21206
26956
26569
20132
9111
-3984
-16172
-24677
-27565
-24176
-15282
-2909
10126
20856
26837
26708
20498
9621
-3447
-15730
-24431
-27570
-24431
-15730
-3447
9621
20498
26708
26837
20856
10126
-2909
-15282
-24176
-27565
-24677
-16172
-3984
9111
20132
26569
26956
21206
10627
-2371
-14829
-23911
-27549
-24914
-16607
-4518
8599
19758
26419
27064
21548
11125
-1831
-14370
-23637
-27522
-25141
-17036
-5052
8083
19377
26259
27162
21881
11618
-1290
-13905
-23354
-27485
-25358
-17458
-5583
7564
18988
26089
27250
22206
12107
-749
-13435
-23061
-27437
-25566
-17874
-6112
7042
18592
25909
27327
22523
12591
-208
-12960
-22760
-27379
-25764
-18282
-6638
6517
18189
25719
27393
22831
13070
333
-12479
-22451
-27310
-25951
-18684
-7162
5990
17778
26279
30044
27560
18734
6064
-6804
-16942
-22041
-20939
-13888
-2494
10650
22551
30499
32685
28610
19203
6605
-6315
-16615
-22711
-23702
-18705
-8202
4929
16937
25090
27529
23701
14476
1955
-11010
-21470
-27040
-26454
-19845
-8717
4395
16507
24860
27553
23973
14934
2495
-10512
-21126
-26929
-26602
-20217
-9229
3860
16070
24622
27567
24236
15386
3034
-10010
-20774
-26808
-26739
-20581
-9738
3323
15627
24373
27570
24489
15832
3571
-9503
-20414
-26677
-26865
-20937
-10242
2785
15178
24116
27562
24733
16273
4107
-8993
-20046
-26535
-26982
-21285
-10743
2246
14723
23849
27544
24967
16706
4642
-8480
-19671
-26383
-27088
-21625
-11239
1706
14263
23572
27515
25192
17134
5174
-7963
-19288
-26221
-27183
-21957
-11731
1166
13797
23287
27475
25407
17555
5705
-7444
-18897
-26048
-27269
-22280
-12219
625
13326
22993
27425
25612
17969
6233
-6921
-18499
-25866
-27343
-22595
-12702
83
12849
22690
27364
25808
18376
6760
-6396
-18095
-25674
-27407
-22900
-13180
-458
12368
22378
27293
25993
18776
7283
-5868
-17683
-25471
-27461
-23197
-13653
-999
11882
22057
27211
26169
19168
7804
-5338
-17264
-25259
-27503
-23486
-14120
-1540
11391
21728
27118
26334
19554
8321
-4806
-16839
-25038
-27536
-23764
-14582
-2080
10896
21391
27016
26489
19932
8836
-4272
-16407
-24806
-27557
-24034
-15039
-2619
10397
21045
26902
26634
20302
9347
-3736
-15969
-24565
-27568
-24295
-15490
-3158
9893
20692
26779
26769
20664
9854
-3199
-15524
-24315
-27569
-24546
-15935
-3695
9386
20330
26645
26893
21018
10358
-2661
-15074
-24055
-27559
-24788
-16373
-4231
8875
19960
26501
27007
21365
10858
-2122
-14618
-23786
-27538
-25020
-16806
-4765
8361
20343
28941
31541
26893
16543
3609
-8966
-18317
-22316
-20053
-12041
-107
13034
24388
31372
32394
27222
17034
4149
-8499
-18790
-24869
-24695
-17651
-5827
7323
18806
26007
27287
22353
12331
-500
-13216
-22924
-27412
-25658
-18063
-6355
6800
18407
25822
27359
22666
12812
42
-12739
-22618
-27348
-25851
-18469
-6881
6274
18000
25628
27420
22970
13289
583
-12256
-22305
-27275
-26035
-18867
-7403
5746
17587
25423
27471
23265
13761
1124
-11769
-21982
-27190
-26208
-19258
-7923
5215
17166
25209
27512
23551
14227
1665
-11277
-21651
-27096
-26371
-19642
-8440
4683
16739
24985
27542
23828
14688
2205
-10781
-21312
-26990
-26524
-20018
-8954
4148
16306
24751
27561
24095
15144
2744
-10281
-20964
-26875
-26666
-20386
-9464
3612
15867
24508
27569
24354
15593
3282
-9776
-20609
-26749
-26798
-20747
-9971
3075
15421
24255
27567
24603
16036
3819
-9268
-20245
-26613
-26920
-21099
-10474
2537
14969
23993
27555
24842
16474
4354
-8757
-19874
-26466
-27032
-21443
-10972
1997
14512
23722
27531
25072
16904
4888
-8242
-19495
-26309
-27133
-21779
-11467
1457
14049
23442
27498
25293
17329
5419
-7724
-19108
-26142
-27224
-22107
-11957
916
13580
23152
27453
25503
17746
5949
-7203
-18715
-25965
-27304
-22426
-12442
375
13106
22854
27398
25704
18157
6477
-6679
-18313
-25778
-27374
-22737
-12923
-167
12628
22547
27332
25895
18561
7001
-6152
-17905
-25581
-27433
-23039
-13399
-708
12144
22231
27256
26075
18958
7524
-5623
-17490
-25375
-27482
-23332
-13869
-1249
11656
21907
27169
26246
19347
8043
-5092
-17068
-25158
-27520
-23615
-14334
-1789
11163
21574
27072
26407
19729
8559
-4559
-16640
-24932
-27547
-23890
-14794
-2329
11426
23827
31395
31747
25293
14262
1165
-11015
-19506
-22374
-18966
-10058
2322
15355
26073
32037
31888
25660
14772
1702
-11334
-21856
-26810
-24412
-15696
-3406
9660
20526
26718
26828
20829
10087
-2951
-15317
-24196
-27565
-24659
-16138
-3942
9151
20160
26580
26947
21179
10589
-2412
-14864
-23932
-27550
-24896
-16574
-4477
8638
19787
26431
27056
21522
11087
-1872
-14405
-23658
-27525
-25124
-17003
-5011
8123
19406
26272
27155
21856
11580
-1332
-13941
-23376
-27488
-25342
-17426
-5542
7604
19018
26102
27243
22182
12069
-791
-13471
-23084
-27441
-25550
-17842
-6071
7082
18623
25923
27321
22499
12554
-250
-12996
-22784
-27384
-25749
-18251
-6598
6557
18220
25734
27389
22807
13033
291
-12517
-22475
-27316
-25937
-18653
-7122
6030
17810
25535
27445
23107
13508
833
-12032
-22157
-27237
-26116
-19048
-7644
5501
17393
25326
27491
23398
13977
1374
-11542
-21830
-27148
-26284
-19436
-8162
4970
16970
25107
27527
23680
14441
1914
-11049
-21496
-27048
-26443
-19816
-8678
4436
16540
24878
27552
23952
14899
2454
-10551
-21153
-26938
-26591
-20189
-9190
3901
16104
24640
27566
24216
15352
2992
-10048
-20801
-26818
-26729
-20553
-9699
3365
15662
24393
27570
24470
15798
3530
-9542
-20442
-26687
-26856
-20910
-10203
2827
15213
24136
27563
24714
16239
4066
-9033
-20075
-26546
-26973
-21259
-10704
2288
14759
23869
27545
24950
16673
4601
-8520
-19700
-26395
-27080
-21600
-11201
1748
14299
23594
27517
25175
17101
5133
-8003
-19317
-26233
-27176
-21932
-11693
1207
13833
23309
27478
25391
17522
5664
-7484
-18928
-26062
-27262
-22256
-12181
666
13362
23016
27429
25597
17937
6193
-6961
-18530
-25880
-27338
-22571
-12665
-635
10291
18283
22179
20603
13155
1529
-11626
-23316
-30879
-32593
-28067
-18333
-5606
7215
17212
22108
20789
13555
2053
-10338
-20310
-26247
-27457
-23175
-13616
-958
11919
22082
27217
26156
19138
7764
-5379
-17296
-25276
-27501
-23464
-14084
-1498
11429
21754
27126
26322
19524
8282
-4847
-16872
-25055
-27534
-23743
-14547
-2039
10934
21417
27024
26478
19903
8796
-4313
-16440
-24824
-27556
-24014
-15004
-2578
10435
21072
26911
26623
20274
9308
-3777
-16002
-24584
-27568
-24275
-15455
-3116
9932
20719
26789
26759
20636
9815
-3241
-15559
-24334
-27569
-24527
-15901
-3654
9425
20358
26656
26884
20991
10319
-2702
-15109
-24075
-27560
-24770
-16340
-4189
8915
19989
26512
26999
21338
10819
-2163
-14653
-23807
-27540
-25003
-16773
-4724
8401
19612
26359
27103
21677
11315
-1623
-14192
-23529
-27509
-25226
-17199
-5256
7884
19228
26195
27197
22007
11807
-1082
-13725
-23242
-27468
-25439
-17619
-5786
7363
18837
26021
27281
22329
12293
-541
-13253
-22947
-27416
-25643
-18032
-6315
6840
18438
25837
27354
22642
12776
0
-12776
-22642
-27354
-25837
-18438
-6840
6315
18032
25643
27416
22947
13253
541
-12293
-22329
-27281
-26021
-18837
-7363
5786
17619
25439
27468
23242
13725
1082
-11807
-22007
-27197
-26195
-19228
-7884
5256
17199
25226
27509
23529
14192
1623
-11315
-21677
-27103
-26359
-19612
-8401
4724
16773
25003
27540
23807
14653
2163
-10819
-21338
-26999
-26512
-19989
-8915
4189
16340
24770
27560
24075
15109
2702
-10319
-20991
-26884
-26656
-20358
-9425
3654
15901
24527
27569
24334
15559
3241
-9815
-20636
-26759
-26789
-20719
-9932
3116
15455
24275
27568
24584
16002
3777
-9308
-20274
-26623
-26911
-21072
-9675
5173
19434
29204
32746
30014
21630
9503
-3606
-14713
-21288
-21834
-16227
-5744
7229
19737
28933
32724
30245
22062
9277
-5687
-18764
-26322
-27126
-21754
-11429
1498
14084
23464
27501
25276
17296
5379
-7764
-19138
-26156
-27217
-22082
-11919
958
13616
23175
27457
25487
17715
5909
-7243
-18745
-25979
-27298
-22402
-12405
416
13143
22877
27403
25689
18126
6436
-6719
-18345
-25793
-27369
-22713
-12886
-125
12665
22571
27338
25880
18530
6961
-6193
-17937
-25597
-27429
-23016
-13362
-666
12181
22256
27262
26062
18928
7484
-5664
-17522
-25391
-27478
-23309
-13833
-1207
11693
21932
27176
26233
19317
8003
-5133
-17101
-25175
-27517
-23594
-14299
-1748
11201
21600
27080
26395
19700
8520
-4601
-16673
-24950
-27545
-23869
-14759
-2288
10704
21259
26973
26546
20075
9033
-4066
-16239
-24714
-27563
-24136
-15213
-2827
10203
20910
26856
26687
20442
9542
-3530
-15798
-24470
-27570
-24393
-15662
-3365
9699
20553
26729
26818
20801
10048
-2992
-15352
-24216
-27566
-24640
-16104
-3901
9190
20189
26591
26938
21153
10551
-2454
-14899
-23952
-27552
-24878
-16540
-4436
8678
19816
26443
27048
21496
11049
-1914
-14441
-23680
-27527
-25107
-16970
-4970
8162
19436
26284
27148
21830
11542
-1374
-13977
-23398
-27491
-25326
-17393
-5501
7644
19048
26116
27237
22157
12032
-833
-13508
-23107
-27445
-25535
-17810
-6030
7122
18653
25937
27316
22475
12517
-291
-13033
-22807
-27389
-25734
-18220
-6557
6598
18251
25749
27384
22784
12996
250
-12554
-22499
-27321
-25923
-18623
-7082
6071
17842
25550
27441
23084
13471
791
-12069
-22182
-27243
-26102
-19018
-7604
5542
17426
25342
27488
23376
13941
1332
-11580
-21856
-27155
-26272
-18646
-5528
9441
22193
30314
32715
28848
19595
7062
-5897
-16332
-21866
-21241
-14597
-3448
9667
21764
30086
32740
29122
19294
5007
-9829
-21179
-26947
-26580
-20160
-9151
3942
16138
24659
27565
24196
15317
2951
-10087
-20829
-26828
-26718
-20526
-9660
3406
15696
24412
27570
24451
15764
3488
-9582
-20470
-26698
-26847
-20883
-10165
2868
15248
24156
27564
24696
16205
4025
-9072
-20103
-26557
-26965
-21232
-10666
2329
14794
23890
27547
24932
16640
4559
-8559
-19729
-26407
-27072
-21574
-11163
1789
14334
23615
27520
25158
17068
5092
-8043
-19347
-26246
-27169
-21907
-11656
1249
13869
23332
27482
25375
17490
5623
-7524
-18958
-26075
-27256
-22231
-12144
708
13399
23039
27433
25581
17905
6152
-7001
-18561
-25895
-27332
-22547
-12628
167
12923
22737
27374
25778
18313
6679
-6477
-18157
-25704
-27398
-22854
-13106
-375
12442
22426
27304
25965
18715
7203
-5949
-17746
-25503
-27453
-23152
-13580
-916
11957
22107
27224
26142
19108
7724
-5419
-17329
-25293
-27498
-23442
-14049
-1457
11467
21779
27133
26309
19495
8242
-4888
-16904
-25072
-27531
-23722
-14512
-1997
10972
21443
27032
26466
19874
8757
-4354
-16474
-24842
-27555
-23993
-14969
-2537
10474
21099
26920
26613
20245
9268
-3819
-16036
-24603
-27567
-24255
-15421
-3075
9971
20747
26798
26749
20609
9776
-3282
-15593
-24354
-27569
-24508
-15867
-3612
9464
20386
26666
26875
20964
10281
-2744
-15144
-24095
-27561
-24751
-16306
-4148
8954
20018
26524
26990
21312
10781
-2205
-14688
-23828
-27542
-24985
-16739
-4683
8440
19642
26371
27096
21651
11277
-1665
-14227
-23551
-27512
-25209
-17166
-5215
7923
19258
26208
27190
21982
11769
-1124
-13761
-23265
-27471
-26183
-20182
-10176
2213
13677
20845
22085
17115
7066
-5773
-18479
-28160
-32610
-30818
-23190
-11464
1691
13279
20661
22158
18189
10144
-802
-12812
-22666
-27359
-25822
-18407
-6800
6355
18063
25658
27412
22924
13216
500
-12331
-22353
-27287
-26007
-18806
-7323
5827
17651
25455
27464
23220
13689
1041
-11844
-22032
-27204
-26182
-19198
-7844
5297
17231
25243
27506
23507
14156
1581
-11353
-21703
-27111
-26346
-19583
-8361
4765
16806
25020
27538
23786
14618
2122
-10858
-21365
-27007
-26501
-19960
-8875
4231
16373
24788
27559
24055
15074
2661
-10358
-21018
-26893
-26645
-20330
-9386
3695
15935
24546
27569
24315
15524
3199
-9854
-20664
-26769
-26779
-20692
-9893
3158
15490
24295
27568
24565
15969
3736
-9347
-20302
-26634
-26902
-21045
-10397
2619
15039
24034
27557
24806
16407
4272
-8836
-19932
-26489
-27016
-21391
-10896
2080
14582
23764
27536
25038
16839
4806
-8321
-19554
-26334
-27118
-21728
-11391
1540
14120
23486
27503
25259
17264
5338
-7804
-19168
-26169
-27211
-22057
-11882
999
13653
23197
27461
25471
17683
5868
-7283
-18776
-25993
-27293
-22378
-12368
458
13180
22900
27407
25674
18095
6396
-6760
-18376
-25808
-27364
-22690
-12849
-83
12702
22595
27343
25866
18499
6921
-6233
-17969
-25612
-27425
-22993
-13326
-625
12219
22280
27269
26048
18897
7444
-5705
-17555
-25407
-27475
-23287
-13797
-1166
11731
21957
27183
26221
19288
7963
-5174
-17134
-25192
-27515
-23572
-14263
-1706
11239
21625
27088
26383
19671
8480
-4642
-16706
-24967
-27544
-23849
-14723
-2246
10743
21285
26982
26535
20046
8993
-4107
-16273
-24733
-27562
-24116
-15178
-2785
10242
20937
26865
26677
20414
9503
-3571
-15832
-24489
-28330
-26968
-20057
-8513
4548
15391
21549
21618
15584
4820
-8224
-20576
-29426
-32757
-29812
-21260
-9050
4039
15027
21412
22499
18531
9752
-2495
-14934
-23973
-27553
-24860
-16507
-4395
8717
19845
26454
27040
21470
11010
-1955
-14476
-23701
-27529
-25090
-16937
-4929
8202
19465
26297
27141
21805
11505
-1415
-14013
-23420
-27495
-25309
-17361
-5460
7684
19078
26129
27231
22132
11994
-874
-13544
-23130
-27449
-25519
-17778
-5990
7162
18684
25951
27310
22451
12479
-333
-13070
-22831
-27393
-25719
-18189
-6517
6638
18282
25764
27379
22760
12960
208
-12591
-22523
-27327
-25909
-18592
-7042
6112
17874
25566
27437
23061
13435
749
-12107
-22206
-27250
-26089
-18988
-7564
5583
17458
25358
27485
23354
13905
1290
-11618
-21881
-27162
-26259
-19377
-8083
5052
17036
25141
27522
23637
14370
1831
-11125
-21548
-27064
-26419
-19758
-8599
4518
16607
24914
27549
23911
14829
2371
-10627
-21206
-26956
-26569
-20132
-9111
3984
16172
24677
27565
24176
15282
2909
-10126
-20856
-26837
-26708
-20498
-9621
3447
15730
24431
27570
24431
15730
3447
-9621
-20498
-26708
-26837
-20856
-10126
2909
15282
24176
27565
24677
16172
3984
-9111
-20132
-26569
-26956
-21206
-10627
2371
14829
23911
27549
24914
16607
4518
-8599
-19758
-26419
-27064
-21548
-11125
1831
14370
23637
27522
25141
17036
5052
-8083
-19377
-26259
-27162
-21881
-11618
1290
13905
23354
27485
25358
17458
5583
-7564
-18988
-26089
-27250
-22206
-12107
749
13435
23061
27437
25566
17874
6112
-7042
-18592
-25909
-27327
-22523
-12591
208
12960
22760
27379
25764
18282
6638
-6517
-18189
-25719
-27393
-22831
-13070
-333
12479
22451
27310
25951
18684
7162
-5990
-17778
-24759
-24854
-18700
-8354
4316
17184
27322
32421
31319
24268
12874
-270
-12171
-20119
-22305
-18230
-8823
3775
16695
26995
31571
28892
20226
8202
-4929
-16937
-25090
-27529
-23701
-14476
-1955
11010
21470
27040
26454
19845
8717
-4395
-16507
-24860
-27553
-23973
-14934
-2495
10512
21126
26929
26602
20217
9229
-3860
-16070
-24622
-27567
-24236
-15386
-3034
10010
20774
26808
26739
20581
9738
-3323
-15627
-24373
-27570
-24489
-15832
-3571
9503
20414
26677
26865
20937
10242
-2785
-15178
-24116
-27562
-24733
-16273
-4107
8993
20046
26535
26982
21285
10743
-2246
-14723
-23849
-27544
-24967
-16706
-4642
8480
19671
26383
27088
21625
11239
-1706
-14263
-23572
-27515
-25192
-17134
-5174
7963
19288
26221
27183
21957
11731
-1166
-13797
-23287
-27475
-25407
-17555
-5705
7444
18897
26048
27269
22280
12219
-625
-13326
-22993
-27425
-25612
-17969
-6233
6921
18499
25866
27343
22595
12702
-83
-12849
-22690
-27364
-25808
-18376
-6760
6396
18095
25674
27407
22900
13180
458
-12368
-22378
-27293
-25993
-18776
-7283
5868
17683
25471
27461
23197
13653
999
-11882
-22057
-27211
-26169
-19168
-7804
5338
17264
25259
27503
23486
14120
1540
-11391
-21728
-27118
-26334
-19554
-8321
4806
16839
25038
27536
23764
14582
2080
-10896
-21391
-27016
-26489
-19932
-8836
4272
16407
24806
27557
24034
15039
2619
-10397
-21045
-26902
-26634
-20302
-9347
3736
15969
24565
27568
24295
15490
3158
-9893
-20692
-26779
-26769
-20664
-9854
3199
15524
24315
27569
24546
15935
3695
-9386
-20330
-26645
-26893
-21018
-10358
2661
15074
24055
27559
24788
16373
4231
-8875
-19960
-26501
-27007
-21365
-10858
2122
14618
23786
27538
25020
16806
4765
-8361
-20343
-28941
-31541
-26893
-16543
-3609
8966
18317
22316
20053
12041
107
-13034
-24388
-31372
-32394
-27222
-17034
-4149
8499
18790
24869
24695
17651
5827
-7323
-18806
-26007
-27287
-22353
-12331
500
13216
22924
27412
25658
18063
6355
-6800
-18407
-25822
-27359
-22666
-12812
-42
12739
22618
27348
25851
18469
6881
-6274
-18000
-25628
-27420
-22970
-13289
-583
12256
22305
27275
26035
18867
7403
-5746
-17587
-25423
-27471
-23265
-13761
-1124
11769
21982
27190
26208
19258
7923
-5215
-17166
-25209
-27512
-23551
-14227
-1665
11277
21651
27096
26371
19642
8440
-4683
-16739
-24985
-27542
-23828
-14688
-2205
10781
21312
26990
26524
20018
8954
-4148
-16306
-24751
-27561
-24095
-15144
-2744
10281
20964
26875
26666
20386
9464
-3612
-15867
-24508
-27569
-24354
-15593
-3282
9776
20609
26749
26798
20747
9971
-3075
-15421
-24255
-27567
-24603
-16036
-3819
9268
20245
26613
26920
21099
10474
-2537
-14969
-23993
-27555
-24842
-16474
-4354
8757
19874
26466
27032
21443
10972
-1997
-14512
-23722
-27531
-25072
-16904
-4888
8242
19495
26309
27133
21779
11467
-1457
-14049
-23442
-27498
-25293
-17329
-5419
7724
19108
26142
27224
22107
11957
-916
-13580
-23152
-27453
-25503
-17746
-5949
7203
18715
25965
27304
22426
12442
-375
-13106
-22854
-27398
-25704
-18157
-6477
6679
18313
25778
27374
22737
12923
167
-12628
-22547
-27332
-25895
-18561
-7001
6152
17905
25581
27433
23039
13399
708
-12144
-22231
-27256
-26075
-18958
-7524
5623
17490
25375
27482
23332
13869
1249
-11656
-21907
-27169
-26246
-19347
-8043
5092
17068
25158
27520
23615
14334
1789
-11163
-21574
-27072
-26407
-19729
-8559
4559
16640
24932
27547
23890
14794
2329
-9906
-18637
-22535
-21367
-14913
-3882
9215
21395
29886
32754
29346
20438
8058
-4975
-15693
-21657
-21508
-15280
-4392
8678
20194
27046
28330
24412
15696
3406
-9660
-20526
-26718
-26828
-20829
-10087
2951
15317
24196
27565
24659
16138
3942
-9151
-20160
-26580
-26947
-21179
-10589
2412
14864
23932
27550
24896
16574
4477
-8638
-19787
-26431
-27056
-21522
-11087
1872
14405
23658
27525
25124
17003
5011
-8123
-19406
-26272
-27155
-21856
-11580
1332
13941
23376
27488
25342
17426
5542
-7604
-19018
-26102
-27243
-22182
-12069
791
13471
23084
27441
25550
17842
6071
-7082
-18623
-25923
-27321
-22499
-12554
250
12996
22784
27384
25749
18251
6598
-6557
-18220
-25734
-27389
-22807
-13033
-291
12517
22475
27316
25937
18653
7122
-6030
-17810
-25535
-27445
-23107
-13508
-833
12032
22157
27237
26116
19048
7644
-5501
-17393
-25326
-27491
-23398
-13977
-1374
11542
21830
27148
26284
19436
8162
-4970
-16970
-25107
-27527
-23680
-14441
-1914
11049
21496
27048
26443
19816
8678
-4436
-16540
-24878
-27552
-23952
-14899
-2454
10551
21153
26938
26591
20189
9190
-3901
-16104
-24640
-27566
-24216
-15352
-2992
10048
20801
26818
26729
20553
9699
-3365
-15662
-24393
-27570
-24470
-15798
-3530
9542
20442
26687
26856
20910
10203
-2827
-15213
-24136
-27563
-24714
-16239
-4066
9033
20075
26546
26973
21259
10704
-2288
-14759
-23869
-27545
-24950
-16673
-4601
8520
19700
26395
27080
21600
11201
-1748
-14299
-23594
-27517
-25175
-17101
-5133
8003
19317
26233
27176
21932
11693
-1207
-13833
-23309
-27478
-25391
-17522
-5664
7484
18928
26062
27262
22256
12181
-666
-13362
-23016
-27429
-25597
-17937
-6193
6961
18530
25880
27338
22571
12665
635
-10291
-18283
-22179
-20603
-13155
-1529
11626
23316
30879
32593
28067
18333
5606
-7215
-17212
-22108
-20789
-13555
-2053
10338
20310
26247
27457
23175
13616
958
-11919
-22082
-27217
-26156
-19138
-7764
5379
17296
25276
27501
23464
14084
1498
-11429
-21754
-27126
-26322
-19524
-8282
4847
16872
25055
27534
23743
14547
2039
-10934
-21417
-27024
-26478
-19903
-8796
4313
16440
24824
27556
24014
15004
2578
-10435
-21072
-26911
-26623
-20274
-9308
3777
16002
24584
27568
24275
15455
3116
-9932
-20719
-26789
-26759
-20636
-9815
3241
15559
24334
27569
24527
15901
3654
-9425
-20358
-26656
-26884
-20991
-10319
2702
15109
24075
27560
24770
16340
4189
-8915
-19989
-26512
-26999
-21338
-10819
2163
14653
23807
27540
25003
16773
4724
-8401
-19612
-26359
-27103
-21677
-11315
1623
14192
23529
27509
25226
17199
5256
-7884
-19228
-26195
-27197
-22007
-11807
1082
13725
23242
27468
25439
17619
5786
-7363
-18837
-26021
-27281
-22329
-12293
541
13253
22947
27416
25643
18032
6315
-6840
-18438
-25837
-27354
-22642
-12776
