32729
32724
32707
32681
32643
32595
32536
32466
32386
32295
32193
32081
31958
31825
31681
31527
31362
31188
31003
30807
30602
30387
30161
29926
29681
29426
29162
28888
28604
28311
28009
27697
27377
27047
26709
26362
26006
25641
25268
24887
24498
24101
23695
23282
22862
22433
21998
21555
21105
20648
20185
19714
19238
18755
18265
17770
17269
16762
16250
15733
15210
14682
14150
13612
13071
12525
11975
11421
10863
10302
9737
9169
8598
8024
7448
6869
6288
5705
5120
4533
3945
3356
2765
2173
1581
989
395
-198
-791
-1384
-1976
-2568
-3159
-3749
-4337
-4925
-5510
-6094
-6676
-7255
-7833
-8407
-8979
-9548
-10114
-10676
-11235
-11791
-12342
-12889
-13432
-13971
-14505
-15035
-15559
-16078
-16592
-17101
-17604
-18101
-18592
-19077
-19556
-20029
-20494
-20954
-21406
-21851
-22289
-22720
-23143
-23559
-23966
-24366
-24758
-25142
-25518
-25885
-26244
-26594
-26935
-27268
-27592
-27906
-28211
-28507
-28794
-29071
-29339
-29597
-29846
-30084
-30313
-30531
-30740
-30939
-31127
-31305
-31473
-31631
-31778
-31915
-32041
-32157
-32262
-32356
-32440
-32514
-32576
-32628
-32669
-32700
-32719
-32728
-32727
-32714
-32691
-32657
-32612
-32557
-32490
-32414
-32326
-32228
-32119
-32000
-31870
-31730
-31579
-31418
-31247
-31065
-30874
-30672
-30460
-30238
-30006
-29764
-29512
-29251
-28980
-28700
-28410
-28111
-27802
-27485
-27158
-26823
-26478
-26125
-25764
-25394
-25015
-24629
-24234
-23831
-23421
-23003
-22577
-22144
-21703
-21256
-20801
-20340
-19872
-19397
-18916
-18429
-17936
-17437
-16932
-16422
-15906
-15385
-14859
-14328
-13792
-13252
-12707
-12159
-11606
-11049
-10489
-9926
-9359
-8789
-8216
-7640
-7062
-6482
-5900
-5315
-4729
-4141
-3552
-2962
-2371
-1779
-1186
-593
0
593
1186
1779
2371
2962
3552
4141
4729
5315
5900
6482
7062
7640
8216
8789
9359
9926
10489
11049
11606
12159
12707
13252
13792
14328
14859
15385
15906
16422
16932
17437
17936
18429
18916
19397
19872
20340
20801
21256
21703
22144
22577
23003
23421
23831
24234
24629
25015
25394
25764
26125
26478
26823
27158
27485
27802
28111
28410
28700
28980
29251
29512
29764
30006
30238
30460
30672
30874
31065
31247
31418
31579
31730
31870
32000
32119
32228
32326
32414
32490
32557
32612
32657
32691
32714
32727
32728
32719
32700
32669
32628
32576
32514
32440
32356
32262
32157
32041
31915
31778
31631
31473
31305
31127
30939
30740
30531
30313
30084
29846
29597
29339
29071
28794
28507
28211
27906
27592
27268
26935
26594
26244
25885
25518
25142
24758
24366
23966
23559
23143
22720
22289
21851
21406
20954
20494
20029
19556
19077
18592
18101
17604
17101
16592
16078
15559
15035
14505
13971
13432
12889
12342
11791
11235
10676
10114
9548
8979
8407
7833
7255
6676
6094
5510
4925
4337
3749
3159
2568
1976
1384
791
198
-395
-989
-1581
-2173
-2765
-3356
-3945
-4533
-5120
-5705
-6288
-6869
-7448
-8024
-8598
-9169
-9737
-10302
-10863
-11421
-11975
-12525
-13071
-13612
-14150
-14682
-15210
-15733
-16250
-16762
-17269
-17770
-18265
-18755
-19238
-19714
-20185
-20648
-21105
-21555
-21998
-22433
-22862
-23282
-23695
-24101
-24498
-24887
-25268
-25641
-26006
-26362
-26709
-27047
-27377
-27697
-28009
-28311
-28604
-28888
-29162
-29426
-29681
-29926
-30161
-30387
-30602
-30807
-31003
-31188
-31362
-31527
-31681
-31825
-31958
-32081
-32193
-32295
-32386
-32466
-32536
-32595
-32643
-32681
-32707
-32724
-32729
-32724
-32707
-32681
-32643
-32595
-32536
-32466
-32386
-32295
-32193
-32081
-31958
-31825
-31681
-31527
-31362
-31188
-31003
-30807
-30602
-30387
-30161
-29926
-29681
-29426
-29162
-28888
-28604
-28311
-28009
-27697
-27377
-27047
-26709
-26362
-26006
-25641
-25268
-24887
-24498
-24101
-23695
-23282
-22862
-22433
-21998
-21555
-21105
-20648
-20185
-19714
-19238
-18755
-18265
-17770
-17269
-16762
-16250
-15733
-15210
-14682
-14150
-13612
-13071
-12525
-11975
-11421
-10863
-10302
-9737
-9169
-8598
-8024
-7448
-6869
-6288
-5705
-5120
-4533
-3945
-3356
-2765
-2173
-1581
-989
-395
198
791
1384
1976
2568
3159
3749
4337
4925
5510
6094
6676
7255
7833
8407
8979
9548
10114
10676
11235
11791
12342
12889
13432
13971
14505
15035
15559
16078
16592
17101
17604
18101
18592
19077
19556
20029
20494
20954
21406
21851
22289
22720
23143
23559
23966
24366
24758
25142
25518
25885
26244
26594
26935
27268
27592
27906
28211
28507
28794
29071
29339
29597
29846
30084
30313
30531
30740
30939
31127
31305
31473
31631
31778
31915
32041
32157
32262
32356
32440
32514
32576
32628
32669
32700
32719
32728
32727
32714
32691
32657
32612
32557
32490
32414
32326
32228
32119
32000
31870
31730
31579
31418
31247
31065
30874
30672
30460
30238
30006
29764
29512
29251
28980
28700
28410
28111
27802
27485
27158
26823
26478
26125
25764
25394
25015
24629
24234
23831
23421
23003
22577
22144
21703
21256
20801
20340
19872
19397
18916
18429
17936
17437
16932
16422
15906
15385
14859
14328
13792
13252
12707
12159
11606
11049
10489
9926
9359
8789
8216
7640
7062
6482
5900
5315
4729
4141
3552
2962
2371
1779
1186
593
0
-593
-1186
-1779
-2371
-2962
-3552
-4141
-4729
-5315
-5900
-6482
-7062
-7640
-8216
-8789
-9359
-9926
-10489
-11049
-11606
-12159
-12707
-13252
-13792
-14328
-14859
-15385
-15906
-16422
-16932
-17437
-17936
-18429
-18916
-19397
-19872
-20340
-20801
-21256
-21703
-22144
-22577
-23003
-23421
-23831
-24234
-24629
-25015
-25394
-25764
-26125
-26478
-26823
-27158
-27485
-27802
-28111
-28410
-28700
-28980
-29251
-29512
-29764
-30006
-30238
-30460
-30672
-30874
-31065
-31247
-31418
-31579
-31730
-31870
-32000
-32119
-32228
-32326
-32414
-32490
-32557
-32612
-32657
-32691
-32714
-32727
-32728
-32719
-32700
-32669
-32628
-32576
-32514
-32440
-32356
-32262
-32157
-32041
-31915
-31778
-31631
-31473
-31305
-31127
-30939
-30740
-30531
-30313
-30084
-29846
-29597
-29339
-29071
-28794
-28507
-28211
-27906
-27592
-27268
-26935
-26594
-26244
-25885
-25518
-25142
-24758
-24366
-23966
-23559
-23143
-22720
-22289
-21851
-21406
-20954
-20494
-20029
-19556
-19077
-18592
-18101
-17604
-17101
-16592
-16078
-15559
-15035
-14505
-13971
-13432
-12889
-12342
-11791
-11235
-10676
-10114
-9548
-8979
-8407
-7833
-7255
-6676
-6094
-5510
-4925
-4337
-3749
-3159
-2568
-1976
-1384
-791
-198
395
989
1581
2173
2765
3356
3945
4533
5120
5705
6288
6869
7448
8024
8598
9169
9737
10302
10863
11421
11975
12525
13071
13612
14150
14682
15210
15733
16250
16762
17269
17770
18265
18755
19238
19714
20185
20648
21105
21555
21998
22433
22862
23282
23695
24101
24498
24887
25268
25641
26006
26362
26709
27047
27377
27697
28009
28311
28604
28888
29162
29426
29681
29926
30161
30387
30602
30807
31003
31188
31362
31527
31681
31825
31958
32081
32193
32295
32386
32466
32536
32595
32643
32681
32707
32724
32729
32724
32707
32681
32643
32595
32536
32466
32386
32295
32193
32081
31958
31825
31681
31527
31362
31188
31003
30807
30602
30387
30161
29926
29681
29426
29162
28888
28604
28311
28009
27697
27377
27047
26709
26362
26006
25641
25268
24887
24498
24101
23695
23282
22862
22433
21998
21555
21105
20648
20185
19714
19238
18755
18265
17770
17269
16762
16250
15733
15210
14682
14150
13612
13071
12525
11975
11421
10863
10302
9737
9169
8598
8024
7448
6869
6288
5705
5120
4533
3945
3356
2765
2173
1581
989
395
-198
-791
-1384
-1976
-2568
-3159
-3749
-4337
-4925
-5510
-6094
-6676
-7255
-7833
-8407
-8979
-9548
-10114
-10676
-11235
-11791
-12342
-12889
-13432
-13971
-14505
-15035
-15559
-16078
-16592
-17101
-17604
-18101
-18592
-19077
-19556
-20029
-20494
-20954
-21406
-21851
-22289
-22720
-23143
-23559
-23966
-24366
-24758
-25142
-25518
-25885
-26244
-26594
-26935
-27268
-27592
-27906
-28211
-28507
-28794
-29071
-29339
-29597
-29846
-30084
-30313
-30531
-30740
-30939
-31127
-31305
-31473
-31631
-31778
-31915
-32041
-32157
-32262
-32356
-32440
-32514
-32576
-32628
-32669
-32700
-32719
-32728
-32727
-32714
-32691
-32657
-32612
-32557
-32490
-32414
-32326
-32228
-32119
-32000
-31870
-31730
-31579
-31418
-31247
-31065
-30874
-30672
-30460
-30238
-30006
-29764
-29512
-29251
-28980
-28700
-28410
-28111
-27802
-27485
-27158
-26823
-26478
-26125
-25764
-25394
-25015
-24629
-24234
-23831
-23421
-23003
-22577
-22144
-21703
-21256
-20801
-20340
-19872
-19397
-18916
-18429
-17936
-17437
-16932
-16422
-15906
-15385
-14859
-14328
-13792
-13252
-12707
-12159
-11606
-11049
-10489
-9926
-9359
-8789
-8216
-7640
-7062
-6482
-5900
-5315
-4729
-4141
-3552
-2962
-2371
-1779
-1186
-593
0
593
1186
1779
2371
2962
3552
4141
4729
5315
5900
6482
7062
7640
8216
8789
9359
9926
10489
11049
11606
12159
12707
13252
13792
14328
14859
15385
15906
16422
16932
17437
17936
18429
18916
19397
19872
20340
20801
21256
21703
22144
22577
23003
23421
23831
24234
24629
25015
25394
25764
26125
26478
26823
27158
27485
27802
28111
28410
28700
28980
29251
29512
29764
30006
30238
30460
30672
30874
31065
31247
31418
31579
31730
31870
32000
32119
32228
32326
32414
32490
32557
32612
32657
32691
32714
32727
32728
32719
32700
32669
32628
32576
32514
32440
32356
32262
32157
32041
31915
31778
31631
31473
31305
31127
30939
30740
30531
30313
30084
29846
29597
29339
29071
28794
28507
28211
27906
27592
27268
26935
26594
26244
25885
25518
25142
24758
24366
23966
23559
23143
22720
22289
21851
21406
20954
20494
20029
19556
19077
18592
18101
17604
17101
16592
16078
15559
15035
14505
13971
13432
12889
12342
11791
11235
10676
10114
9548
8979
8407
7833
7255
6676
6094
5510
4925
4337
3749
3159
2568
1976
1384
791
198
-395
-989
-1581
-2173
-2765
-3356
-3945
-4533
-5120
-5705
-6288
-6869
-7448
-8024
-8598
-9169
-9737
-10302
-10863
-11421
-11975
-12525
-13071
-13612
-14150
-14682
-15210
-15733
-16250
-16762
-17269
-17770
-18265
-18755
-19238
-19714
-20185
-20648
-21105
-21555
-21998
-22433
-22862
-23282
-23695
-24101
-24498
-24887
-25268
-25641
-26006
-26362
-26709
-27047
-27377
-27697
-28009
-28311
-28604
-28888
-29162
-29426
-29681
-29926
-30161
-30387
-30602
-30807
-31003
-31188
-31362
-31527
-31681
-31825
-31958
-32081
-32193
-32295
-32386
-32466
-32536
-32595
-32643
-32681
-32707
-32724
-32729
-32724
-32707
-32681
-32643
-32595
-32536
-32466
-32386
-32295
-32193
-32081
-31958
-31825
-31681
-31527
-31362
-31188
-31003
-30807
-30602
-30387
-30161
-29926
-29681
-29426
-29162
-28888
-28604
-28311
-28009
-27697
-27377
-27047
-26709
-26362
-26006
-25641
-25268
-24887
-24498
-24101
-23695
-23282
-22862
-22433
-21998
-21555
-21105
-20648
-20185
-19714
-19238
-18755
-18265
-17770
-17269
-16762
-16250
-15733
-15210
-14682
-14150
-13612
-13071
-12525
-11975
-11421
-10863
-10302
-9737
-9169
-8598
-8024
-7448
-6869
-6288
-5705
-5120
-4533
-3945
-3356
-2765
-2173
-1581
-989
-395
198
791
1384
1976
2568
3159
3749
4337
4925
5510
6094
6676
7255
7833
8407
8979
9548
10114
10676
11235
11791
12342
12889
13432
13971
14505
15035
15559
16078
16592
17101
17604
18101
18592
19077
19556
20029
20494
20954
21406
21851
22289
22720
23143
23559
23966
24366
24758
25142
25518
25885
26244
26594
26935
27268
27592
27906
28211
28507
28794
29071
29339
29597
29846
30084
30313
30531
30740
30939
31127
31305
31473
31631
31778
31915
32041
32157
32262
32356
32440
32514
32576
32628
32669
32700
32719
32728
32727
32714
32691
32657
32612
32557
32490
32414
32326
32228
32119
32000
31870
31730
31579
31418
31247
31065
30874
30672
30460
30238
30006
29764
29512
29251
28980
28700
28410
28111
27802
27485
27158
26823
26478
26125
25764
25394
25015
24629
24234
23831
23421
23003
22577
22144
21703
21256
20801
20340
19872
19397
18916
18429
17936
17437
16932
16422
15906
15385
14859
14328
13792
13252
12707
12159
11606
11049
10489
9926
9359
8789
8216
7640
7062
6482
5900
5315
4729
4141
3552
2962
2371
1779
1186
593
0
-593
-1186
-1779
-2371
-2962
-3552
-4141
-4729
-5315
-5900
-6482
-7062
-7640
-8216
-8789
-9359
-9926
-10489
-11049
-11606
-12159
-12707
-13252
-13792
-14328
-14859
-15385
-15906
-16422
-16932
-17437
-17936
-18429
-18916
-19397
-19872
-20340
-20801
-21256
-21703
-22144
-22577
-23003
-23421
-23831
-24234
-24629
-25015
-25394
-25764
-26125
-26478
-26823
-27158
-27485
-27802
-28111
-28410
-28700
-28980
-29251
-29512
-29764
-30006
-30238
-30460
-30672
-30874
-31065
-31247
-31418
-31579
-31730
-31870
-32000
-32119
-32228
-32326
-32414
-32490
-32557
-32612
-32657
-32691
-32714
-32727
-32728
-32719
-32700
-32669
-32628
-32576
-32514
-32440
-32356
-32262
-32157
-32041
-31915
-31778
-31631
-31473
-31305
-31127
-30939
-30740
-30531
-30313
-30084
-29846
-29597
-29339
-29071
-28794
-28507
-28211
-27906
-27592
-27268
-26935
-26594
-26244
-25885
-25518
-25142
-24758
-24366
-23966
-23559
-23143
-22720
-22289
-21851
-21406
-20954
-20494
-20029
-19556
-19077
-18592
-18101
-17604
-17101
-16592
-16078
-15559
-15035
-14505
-13971
-13432
-12889
-12342
-11791
-11235
-10676
-10114
-9548
-8979
-8407
-7833
-7255
-6676
-6094
-5510
-4925
-4337
-3749
-3159
-2568
-1976
-1384
-791
-198
395
989
1581
2173
2765
3356
3945
4533
5120
5705
6288
6869
7448
8024
8598
9169
9737
10302
10863
11421
11975
12525
13071
13612
14150
14682
15210
15733
16250
16762
17269
17770
18265
18755
19238
19714
20185
20648
21105
21555
21998
22433
22862
23282
23695
24101
24498
24887
25268
25641
26006
26362
26709
27047
27377
27697
28009
28311
28604
28888
29162
29426
29681
29926
30161
30387
30602
30807
31003
31188
31362
31527
31681
31825
31958
32081
32193
32295
32386
32466
32536
32595
32643
32681
32707
32724
32729
32724
32707
32681
32643
32595
32536
32466
32386
32295
32193
32081
31958
31825
31681
31527
31362
31188
31003
30807
30602
30387
30161
29926
29681
29426
29162
28888
28604
28311
28009
27697
27377
27047
26709
26362
26006
25641
25268
24887
24498
24101
23695
23282
22862
22433
21998
21555
21105
20648
20185
19714
19238
18755
18265
17770
17269
16762
16250
15733
15210
14682
14150
13612
13071
12525
11975
11421
10863
10302
9737
9169
8598
8024
7448
6869
6288
5705
5120
4533
3945
3356
2765
2173
1581
989
395
-198
-791
-1384
-1976
-2568
-3159
-3749
-4337
-4925
-5510
-6094
-6676
-7255
-7833
-8407
-8979
-9548
-10114
-10676
-11235
-11791
-12342
-12889
-13432
-13971
-14505
-15035
-15559
-16078
-16592
-17101
-17604
-18101
-18592
-19077
-19556
-20029
-20494
-20954
-21406
-21851
-22289
-22720
-23143
-23559
-23966
-24366
-24758
-25142
-25518
-25885
-26244
-26594
-26935
-27268
-27592
-27906
-28211
-28507
-28794
-29071
-29339
-29597
-29846
-30084
-30313
-30531
-30740
-30939
-31127
-31305
-31473
-31631
-31778
-31915
-32041
-32157
-32262
-32356
-32440
-32514
-32576
-32628
-32669
-32700
-32719
-32728
-32727
-32714
-32691
-32657
-32612
-32557
-32490
-32414
-32326
-32228
-32119
-32000
-31870
-31730
-31579
-31418
-31247
-31065
-30874
-30672
-30460
-30238
-30006
-29764
-29512
-29251
-28980
-28700
-28410
-28111
-27802
-27485
-27158
-26823
-26478
-26125
-25764
-25394
-25015
-24629
-24234
-23831
-23421
-23003
-22577
-22144
-21703
-21256
-20801
-20340
-19872
-19397
-18916
-18429
-17936
-17437
-16932
-16422
-15906
-15385
-14859
-14328
-13792
-13252
-12707
-12159
-11606
-11049
-10489
-9926
-9359
-8789
-8216
-7640
-7062
-6482
-5900
-5315
-4729
-4141
-3552
-2962
-2371
-1779
-1186
-593
0
593
1186
1779
2371
2962
3552
4141
4729
5315
5900
6482
7062
7640
8216
8789
9359
9926
10489
11049
11606
12159
12707
13252
13792
14328
14859
15385
15906
16422
16932
17437
17936
18429
18916
19397
19872
20340
20801
21256
21703
22144
22577
23003
23421
23831
24234
24629
25015
25394
25764
26125
26478
26823
27158
27485
27802
28111
28410
28700
28980
29251
29512
29764
30006
30238
30460
30672
30874
31065
31247
31418
31579
31730
31870
32000
32119
32228
32326
32414
32490
32557
32612
32657
32691
32714
32727
32728
32719
32700
32669
32628
32576
32514
32440
32356
32262
32157
32041
31915
31778
31631
31473
31305
31127
30939
30740
30531
30313
30084
29846
29597
29339
29071
28794
28507
28211
27906
27592
27268
26935
26594
26244
25885
25518
25142
24758
24366
23966
23559
23143
22720
22289
21851
21406
20954
20494
20029
19556
19077
18592
18101
17604
17101
16592
16078
15559
15035
14505
13971
13432
12889
12342
11791
11235
10676
10114
9548
8979
8407
7833
7255
6676
6094
5510
4925
4337
3749
3159
2568
1976
1384
791
198
-395
-989
-1581
-2173
-2765
-3356
-3945
-4533
-5120
-5705
-6288
-6869
-7448
-8024
-8598
-9169
-9737
-10302
-10863
-11421
-11975
-12525
-13071
-13612
-14150
-14682
-15210
-15733
-16250
-16762
-17269
-17770
-18265
-18755
-19238
-19714
-20185
-20648
-21105
-21555
-21998
-22433
-22862
-23282
-23695
-24101
-24498
-24887
-25268
-25641
-26006
-26362
-26709
-27047
-27377
-27697
-28009
-28311
-28604
-28888
-29162
-29426
-29681
-29926
-30161
-30387
-30602
-30807
-31003
-31188
-31362
-31527
-31681
-31825
-31958
-32081
-32193
-32295
-32386
-32466
-32536
-32595
-32643
-32681
-32707
-32724
-32729
-32724
-32707
-32681
-32643
-32595
-32536
-32466
-32386
-32295
-32193
-32081
-31958
-31825
-31681
-31527
-31362
-31188
-31003
-30807
-30602
-30387
-30161
-29926
-29681
-29426
-29162
-28888
-28604
-28311
-28009
-27697
-27377
-27047
-26709
-26362
-26006
-25641
-25268
-24887
-24498
-24101
-23695
-23282
-22862
-22433
-21998
-21555
-21105
-20648
-20185
-19714
-19238
-18755
-18265
-17770
-17269
-16762
-16250
-15733
-15210
-14682
-14150
-13612
-13071
-12525
-11975
-11421
-10863
-10302
-9737
-9169
-8598
-8024
-7448
-6869
-6288
-5705
-5120
-4533
-3945
-3356
-2765
-2173
-1581
-989
-395
198
791
1384
1976
2568
3159
3749
4337
4925
5510
6094
6676
7255
7833
8407
8979
9548
10114
10676
11235
11791
12342
12889
13432
13971
14505
15035
15559
16078
16592
17101
17604
18101
18592
19077
19556
20029
20494
20954
21406
21851
22289
22720
23143
23559
23966
24366
24758
25142
25518
25885
26244
26594
26935
27268
27592
27906
28211
28507
28794
29071
29339
29597
29846
30084
30313
30531
30740
30939
31127
31305
31473
31631
31778
31915
32041
32157
32262
32356
32440
32514
32576
32628
32669
32700
32719
32728
32727
32714
32691
32657
32612
32557
32490
32414
32326
32228
32119
32000
31870
31730
31579
31418
31247
31065
30874
30672
30460
30238
30006
29764
29512
29251
28980
28700
28410
28111
27802
27485
27158
26823
26478
26125
25764
25394
25015
24629
24234
23831
23421
23003
22577
22144
21703
21256
20801
20340
19872
19397
18916
18429
17936
17437
16932
16422
15906
15385
14859
14328
13792
13252
12707
12159
11606
11049
10489
9926
9359
8789
8216
7640
7062
6482
5900
5315
4729
4141
3552
2962
2371
1779
1186
593
0
-593
-1186
-1779
-2371
-2962
-3552
-4141
-4729
-5315
-5900
-6482
-7062
-7640
-8216
-8789
-9359
-9926
-10489
-11049
-11606
-12159
-12707
-13252
-13792
-14328
-14859
-15385
-15906
-16422
-16932
-17437
-17936
-18429
-18916
-19397
-19872
-20340
-20801
-21256
-21703
-22144
-22577
-23003
-23421
-23831
-24234
-24629
-25015
-25394
-25764
-26125
-26478
-26823
-27158
-27485
-27802
-28111
-28410
-28700
-28980
-29251
-29512
-29764
-30006
-30238
-30460
-30672
-30874
-31065
-31247
-31418
-31579
-31730
-31870
-32000
-32119
-32228
-32326
-32414
-32490
-32557
-32612
-32657
-32691
-32714
-32727
-32728
-32719
-32700
-32669
-32628
-32576
-32514
-32440
-32356
-32262
-32157
-32041
-31915
-31778
-31631
-31473
-31305
-31127
-30939
-30740
-30531
-30313
-30084
-29846
-29597
-29339
-29071
-28794
-28507
-28211
-27906
-27592
-27268
-26935
-26594
-26244
-25885
-25518
-25142
-24758
-24366
-23966
-23559
-23143
-22720
-22289
-21851
-21406
-20954
-20494
-20029
-19556
-19077
-18592
-18101
-17604
-17101
-16592
-16078
-15559
-15035
-14505
-13971
-13432
-12889
-12342
-11791
-11235
-10676
-10114
-9548
-8979
-8407
-7833
-7255
-6676
-6094
-5510
-4925
-4337
-3749
-3159
-2568
-1976
-1384
-791
-198
395
989
1581
2173
2765
3356
3945
4533
5120
5705
6288
6869
7448
8024
8598
9169
9737
10302
10863
11421
11975
12525
13071
13612
14150
14682
15210
15733
16250
16762
17269
17770
18265
18755
19238
19714
20185
20648
21105
21555
21998
22433
22862
23282
23695
24101
24498
24887
25268
25641
26006
26362
26709
27047
27377
27697
28009
28311
28604
28888
29162
29426
29681
29926
30161
30387
30602
30807
31003
31188
31362
31527
31681
31825
31958
32081
32193
32295
32386
32466
32536
32595
32643
32681
32707
32724
32729
32724
32707
32681
32643
32595
32536
32466
32386
32295
32193
32081
31958
31825
31681
31527
31362
31188
31003
30807
30602
30387
30161
29926
29681
29426
29162
28888
28604
28311
28009
27697
27377
27047
26709
26362
26006
25641
25268
24887
24498
24101
23695
23282
22862
22433
21998
21555
21105
20648
20185
19714
19238
18755
18265
17770
17269
16762
16250
15733
15210
14682
14150
13612
13071
12525
11975
11421
10863
10302
9737
9169
8598
8024
7448
6869
6288
5705
5120
4533
3945
3356
2765
2173
1581
989
395
-198
-791
-1384
-1976
-2568
-3159
-3749
-4337
-4925
-5510
-6094
-6676
-7255
-7833
-8407
-8979
-9548
-10114
-10676
-11235
-11791
-12342
-12889
-13432
-13971
-14505
-15035
-15559
-16078
-16592
-17101
-17604
-18101
-18592
-19077
-19556
-20029
-20494
-20954
-21406
-21851
-22289
-22720
-23143
-23559
-23966
-24366
-24758
-25142
-25518
-25885
-26244
-26594
-26935
-27268
-27592
-27906
-28211
-28507
-28794
-29071
-29339
-29597
-29846
-30084
-30313
-30531
-30740
-30939
-31127
-31305
-31473
-31631
-31778
-31915
-32041
-32157
-32262
-32356
-32440
-32514
-32576
-32628
-32669
-32700
-32719
-32728
-32727
-32714
-32691
-32657
-32612
-32557
-32490
-32414
-32326
-32228
-32119
-32000
-31870
-31730
-31579
-31418
-31247
-31065
-30874
-30672
-30460
-30238
-30006
-29764
-29512
-29251
-28980
-28700
-28410
-28111
-27802
-27485
-27158
-26823
-26478
-26125
-25764
-25394
-25015
-24629
-24234
-23831
-23421
-23003
-22577
-22144
-21703
-21256
-20801
-20340
-19872
-19397
-18916
-18429
-17936
-17437
-16932
-16422
-15906
-15385
-14859
-14328
-13792
-13252
-12707
-12159
-11606
-11049
-10489
-9926
-9359
-8789
-8216
-7640
-7062
-6482
-5900
-5315
-4729
-4141
-3552
-2962
-2371
-1779
-1186
-593
0
593
1186
1779
2371
2962
3552
4141
4729
5315
5900
6482
7062
7640
8216
8789
9359
9926
10489
11049
11606
12159
12707
13252
13792
14328
14859
15385
15906
16422
16932
17437
17936
18429
18916
19397
19872
20340
20801
21256
21703
22144
22577
23003
23421
23831
24234
24629
25015
25394
25764
26125
26478
26823
27158
27485
27802
28111
28410
28700
28980
29251
29512
29764
30006
30238
30460
30672
30874
31065
31247
31418
31579
31730
31870
32000
32119
32228
32326
32414
32490
32557
32612
32657
32691
32714
32727
32728
32719
32700
32669
32628
32576
32514
32440
32356
32262
32157
32041
31915
31778
31631
31473
31305
31127
30939
30740
30531
30313
30084
29846
29597
29339
29071
28794
28507
28211
27906
27592
27268
26935
26594
26244
25885
25518
25142
24758
24366
23966
23559
23143
22720
22289
21851
21406
20954
20494
20029
19556
19077
18592
18101
17604
17101
16592
16078
15559
15035
14505
13971
13432
12889
12342
11791
11235
10676
10114
9548
8979
8407
7833
7255
6676
6094
5510
4925
4337
3749
3159
2568
1976
1384
791
198
-395
-989
-1581
-2173
-2765
-3356
-3945
-4533
-5120
-5705
-6288
-6869
-7448
-8024
-8598
-9169
-9737
-10302
-10863
-11421
-11975
-12525
-13071
-13612
-14150
-14682
-15210
-15733
-16250
-16762
-17269
-17770
-18265
-18755
-19238
-19714
-20185
-20648
-21105
-21555
-21998
-22433
-22862
-23282
-23695
-24101
-24498
-24887
-25268
-25641
-26006
-26362
-26709
-27047
-27377
-27697
-28009
-28311
-28604
-28888
-29162
-29426
-29681
-29926
-30161
-30387
-30602
-30807
-31003
-31188
-31362
-31527
-31681
-31825
-31958
-32081
-32193
-32295
-32386
-32466
-32536
-32595
-32643
-32681
-32707
-32724
-32729
-32724
-32707
-32681
-32643
-32595
-32536
-32466
-32386
-32295
-32193
-32081
-31958
-31825
-31681
-31527
-31362
-31188
-31003
-30807
-30602
-30387
-30161
-29926
-29681
-29426
-29162
-28888
-28604
-28311
-28009
-27697
-27377
-27047
-26709
-26362
-26006
-25641
-25268
-24887
-24498
-24101
-23695
-23282
-22862
-22433
-21998
-21555
-21105
-20648
-20185
-19714
-19238
-18755
-18265
-17770
-17269
-16762
-16250
-15733
-15210
-14682
-14150
-13612
-13071
-12525
-11975
-11421
-10863
-10302
-9737
-9169
-8598
-8024
-7448
-6869
-6288
-5705
-5120
-4533
-3945
-3356
-2765
-2173
-1581
-989
-395
198
791
1384
1976
2568
3159
3749
4337
4925
5510
6094
6676
7255
7833
8407
8979
9548
10114
10676
11235
11791
12342
12889
13432
13971
14505
15035
15559
16078
16592
17101
17604
18101
18592
19077
19556
20029
20494
20954
21406
21851
22289
22720
23143
23559
23966
24366
24758
25142
25518
25885
26244
26594
26935
27268
27592
27906
28211
28507
28794
29071
29339
29597
29846
30084
30313
30531
30740
30939
31127
31305
31473
31631
31778
31915
32041
32157
32262
32356
32440
32514
32576
32628
32669
32700
32719
32728
32727
32714
32691
32657
32612
32557
32490
32414
32326
32228
32119
32000
31870
31730
31579
31418
31247
31065
30874
30672
30460
30238
30006
29764
29512
29251
28980
28700
28410
28111
27802
27485
27158
26823
26478
26125
25764
25394
25015
24629
24234
23831
23421
23003
22577
22144
21703
21256
20801
20340
19872
19397
18916
18429
17936
17437
16932
16422
15906
15385
14859
14328
13792
13252
12707
12159
11606
11049
10489
9926
9359
8789
8216
7640
7062
6482
5900
5315
4729
4141
3552
2962
2371
1779
1186
593
0
-593
-1186
-1779
-2371
-2962
-3552
-4141
-4729
-5315
-5900
-6482
-7062
-7640
-8216
-8789
-9359
-9926
-10489
-11049
-11606
-12159
-12707
-13252
-13792
-14328
-14859
-15385
-15906
-16422
-16932
-17437
-17936
-18429
-18916
-19397
-19872
-20340
-20801
-21256
-21703
-22144
-22577
-23003
-23421
-23831
-24234
-24629
-25015
-25394
-25764
-26125
-26478
-26823
-27158
-27485
-27802
-28111
-28410
-28700
-28980
-29251
-29512
-29764
-30006
-30238
-30460
-30672
-30874
-31065
-31247
-31418
-31579
-31730
-31870
-32000
-32119
-32228
-32326
-32414
-32490
-32557
-32612
-32657
-32691
-32714
-32727
-32728
-32719
-32700
-32669
-32628
-32576
-32514
-32440
-32356
-32262
-32157
-32041
-31915
-31778
-31631
-31473
-31305
-31127
-30939
-30740
-30531
-30313
-30084
-29846
-29597
-29339
-29071
-28794
-28507
-28211
-27906
-27592
-27268
-26935
-26594
-26244
-25885
-25518
-25142
-24758
-24366
-23966
-23559
-23143
-22720
-22289
-21851
-21406
-20954
-20494
-20029
-19556
-19077
-18592
-18101
-17604
-17101
-16592
-16078
-15559
-15035
-14505
-13971
-13432
-12889
-12342
-11791
-11235
-10676
-10114
-9548
-8979
-8407
-7833
-7255
-6676
-6094
-5510
-4925
-4337
-3749
-3159
-2568
-1976
-1384
-791
-198
395
989
1581
2173
2765
3356
3945
4533
5120
5705
6288
6869
7448
8024
8598
9169
9737
10302
10863
11421
11975
12525
13071
13612
14150
14682
15210
15733
16250
16762
17269
17770
18265
18755
19238
19714
20185
20648
21105
21555
21998
22433
22862
23282
23695
24101
24498
24887
25268
25641
26006
26362
26709
27047
27377
27697
28009
28311
28604
28888
29162
29426
29681
29926
30161
30387
30602
30807
31003
31188
31362
31527
31681
31825
31958
32081
32193
32295
32386
32466
32536
32595
32643
32681
32707
32724
32729
32724
32707
32681
32643
32595
32536
32466
32386
32295
32193
32081
31958
31825
31681
31527
31362
31188
31003
30807
30602
30387
30161
29926
29681
29426
29162
28888
28604
28311
28009
27697
27377
27047
26709
26362
26006
25641
25268
24887
24498
24101
23695
23282
22862
22433
21998
21555
21105
20648
20185
19714
19238
18755
18265
17770
17269
16762
16250
15733
15210
14682
14150
13612
13071
12525
11975
11421
10863
10302
9737
9169
8598
8024
7448
6869
6288
5705
5120
4533
3945
3356
2765
2173
1581
989
395
-198
-791
-1384
-1976
-2568
-3159
-3749
-4337
-4925
-5510
-6094
-6676
-7255
-7833
-8407
-8979
-9548
-10114
-10676
-11235
-11791
-12342
-12889
-13432
-13971
-14505
-15035
-15559
-16078
-16592
-17101
-17604
-18101
-18592
-19077
-19556
-20029
-20494
-20954
-21406
-21851
-22289
-22720
-23143
-23559
-23966
-24366
-24758
-25142
-25518
-25885
-26244
-26594
-26935
-27268
-27592
-27906
-28211
-28507
-28794
-29071
-29339
-29597
-29846
-30084
-30313
-30531
-30740
-30939
-31127
-31305
-31473
-31631
-31778
-31915
-32041
-32157
-32262
-32356
-32440
-32514
-32576
-32628
-32669
-32700
-32719
-32728
-32727
-32714
-32691
-32657
-32612
-32557
-32490
-32414
-32326
-32228
-32119
-32000
-31870
-31730
-31579
-31418
-31247
-31065
-30874
-30672
-30460
-30238
-30006
-29764
-29512
-29251
-28980
-28700
-28410
-28111
-27802
-27485
-27158
-26823
-26478
-26125
-25764
-25394
-25015
-24629
-24234
-23831
-23421
-23003
-22577
-22144
-21703
-21256
-20801
-20340
-19872
-19397
-18916
-18429
-17936
-17437
-16932
-16422
-15906
-15385
-14859
-14328
-13792
-13252
-12707
-12159
-11606
-11049
-10489
-9926
-9359
-8789
-8216
-7640
-7062
-6482
-5900
-5315
-4729
-4141
-3552
-2962
-2371
-1779
-1186
-593
0
593
1186
1779
2371
2962
3552
4141
4729
5315
5900
6482
7062
7640
8216
8789
9359
9926
10489
11049
11606
12159
12707
13252
13792
14328
14859
15385
15906
16422
16932
17437
17936
18429
18916
19397
19872
20340
20801
21256
21703
22144
22577
23003
23421
23831
24234
24629
25015
25394
25764
26125
26478
26823
27158
27485
27802
28111
28410
28700
28980
29251
29512
29764
30006
30238
30460
30672
30874
31065
31247
31418
31579
31730
31870
32000
32119
32228
32326
32414
32490
32557
32612
32657
32691
32714
32727
32728
32719
32700
32669
32628
32576
32514
32440
32356
32262
32157
32041
31915
31778
31631
31473
31305
31127
30939
30740
30531
30313
30084
29846
29597
29339
29071
28794
28507
28211
27906
27592
27268
26935
26594
26244
25885
25518
25142
24758
24366
23966
23559
23143
22720
22289
21851
21406
20954
20494
20029
19556
19077
18592
18101
17604
17101
16592
16078
15559
15035
14505
13971
13432
12889
12342
11791
11235
10676
10114
9548
8979
8407
7833
7255
6676
6094
5510
4925
4337
3749
3159
2568
1976
1384
791
198
-395
-989
-1581
-2173
-2765
-3356
-3945
-4533
-5120
-5705
-6288
-6869
-7448
-8024
-8598
-9169
-9737
-10302
-10863
-11421
-11975
-12525
-13071
-13612
-14150
-14682
-15210
-15733
-16250
-16762
-17269
-17770
-18265
-18755
-19238
-19714
-20185
-20648
-21105
-21555
-21998
-22433
-22862
-23282
-23695
-24101
-24498
-24887
-25268
-25641
-26006
-26362
-26709
-27047
-27377
-27697
-28009
-28311
-28604
-28888
-29162
-29426
-29681
-29926
-30161
-30387
-30602
-30807
-31003
-31188
-31362
-31527
-31681
-31825
-31958
-32081
-32193
-32295
-32386
-32466
-32536
-32595
-32643
-32681
-32707
-32724
-32729
-32724
-32707
-32681
-32643
-32595
-32536
-32466
-32386
-32295
-32193
-32081
-31958
-31825
-31681
-31527
-31362
-31188
-31003
-30807
-30602
-30387
-30161
-29926
-29681
-29426
-29162
-28888
-28604
-28311
-28009
-27697
-27377
-27047
-26709
-26362
-26006
-25641
-25268
-24887
-24498
-24101
-23695
-23282
-22862
-22433
-21998
-21555
-21105
-20648
-20185
-19714
-19238
-18755
-18265
-17770
-17269
-16762
-16250
-15733
-15210
-14682
-14150
-13612
-13071
-12525
-11975
-11421
-10863
-10302
-9737
-9169
-8598
-8024
-7448
-6869
-6288
-5705
-5120
-4533
-3945
-3356
-2765
-2173
-1581
-989
-395
198
791
1384
1976
2568
3159
3749
4337
4925
5510
6094
6676
7255
7833
8407
8979
9548
10114
10676
11235
11791
12342
12889
13432
13971
14505
15035
15559
16078
16592
17101
17604
18101
18592
19077
19556
20029
20494
20954
21406
21851
22289
22720
23143
23559
23966
24366
24758
25142
25518
25885
26244
26594
26935
27268
27592
27906
28211
28507
28794
29071
29339
29597
29846
30084
30313
30531
30740
30939
31127
31305
31473
31631
31778
31915
32041
32157
32262
32356
32440
32514
32576
32628
32669
32700
32719
32728
32727
32714
32691
32657
32612
32557
32490
32414
32326
32228
32119
32000
31870
31730
31579
31418
31247
31065
30874
30672
30460
30238
30006
29764
29512
29251
28980
28700
28410
28111
27802
27485
27158
26823
26478
26125
25764
25394
25015
24629
24234
23831
23421
23003
22577
22144
21703
21256
20801
20340
19872
19397
18916
18429
17936
17437
16932
16422
15906
15385
14859
14328
13792
13252
12707
12159
11606
11049
10489
9926
9359
8789
8216
7640
7062
6482
5900
5315
4729
4141
3552
2962
2371
1779
1186
593
0
-593
-1186
-1779
-2371
-2962
-3552
-4141
-4729
-5315
-5900
-6482
-7062
-7640
-8216
-8789
-9359
-9926
-10489
-11049
-11606
-12159
-12707
-13252
-13792
-14328
-14859
-15385
-15906
-16422
-16932
-17437
-17936
-18429
-18916
-19397
-19872
-20340
-20801
-21256
-21703
-22144
-22577
-23003
-23421
-23831
-24234
-24629
-25015
-25394
-25764
-26125
-26478
-26823
-27158
-27485
-27802
-28111
-28410
-28700
-28980
-29251
-29512
-29764
-30006
-30238
-30460
-30672
-30874
-31065
-31247
-31418
-31579
-31730
-31870
-32000
-32119
-32228
-32326
-32414
-32490
-32557
-32612
-32657
-32691
-32714
-32727
-32728
-32719
-32700
-32669
-32628
-32576
-32514
-32440
-32356
-32262
-32157
-32041
-31915
-31778
-31631
-31473
-31305
-31127
-30939
-30740
-30531
-30313
-30084
-29846
-29597
-29339
-29071
-28794
-28507
-28211
-27906
-27592
-27268
-26935
-26594
-26244
-25885
-25518
-25142
-24758
-24366
-23966
-23559
-23143
-22720
-22289
-21851
-21406
-20954
-20494
-20029
-19556
-19077
-18592
-18101
-17604
-17101
-16592
-16078
-15559
-15035
-14505
-13971
-13432
-12889
-12342
-11791
-11235
-10676
-10114
-9548
-8979
-8407
-7833
-7255
-6676
-6094
-5510
-4925
-4337
-3749
-3159
-2568
-1976
-1384
-791
-198
395
989
1581
2173
2765
3356
3945
4533
5120
5705
6288
6869
7448
8024
8598
9169
9737
10302
10863
11421
11975
12525
13071
13612
14150
14682
15210
15733
16250
16762
17269
17770
18265
18755
19238
19714
20185
20648
21105
21555
21998
22433
22862
23282
23695
24101
24498
24887
25268
25641
26006
26362
26709
27047
27377
27697
28009
28311
28604
28888
29162
29426
29681
29926
30161
30387
30602
30807
31003
31188
31362
31527
31681
31825
31958
32081
32193
32295
32386
32466
32536
32595
32643
32681
32707
32724
32729
32724
32707
32681
32643
32595
32536
32466
32386
32295
32193
32081
31958
31825
31681
31527
31362
31188
31003
30807
30602
30387
30161
29926
29681
29426
29162
28888
28604
28311
28009
27697
27377
27047
26709
26362
26006
25641
25268
24887
24498
24101
23695
23282
22862
22433
21998
21555
21105
20648
20185
19714
19238
18755
18265
17770
17269
16762
16250
15733
15210
14682
14150
13612
13071
12525
11975
11421
10863
10302
9737
9169
8598
8024
7448
6869
6288
5705
5120
4533
3945
3356
2765
2173
1581
989
395
-198
-791
-1384
-1976
-2568
-3159
-3749
-4337
-4925
-5510
-6094
-6676
-7255
-7833
-8407
-8979
-9548
-10114
-10676
-11235
-11791
-12342
-12889
-13432
-13971
-14505
-15035
-15559
-16078
-16592
-17101
-17604
-18101
-18592
-19077
-19556
-20029
-20494
-20954
-21406
-21851
-22289
-22720
-23143
-23559
-23966
-24366
-24758
-25142
-25518
-25885
-26244
-26594
-26935
-27268
-27592
-27906
-28211
-28507
-28794
-29071
-29339
-29597
-29846
-30084
-30313
-30531
-30740
-30939
-31127
-31305
-31473
-31631
-31778
-31915
-32041
-32157
-32262
-32356
-32440
-32514
-32576
-32628
-32669
-32700
-32719
-32728
-32727
-32714
-32691
-32657
-32612
-32557
-32490
-32414
-32326
-32228
-32119
-32000
-31870
-31730
-31579
-31418
-31247
-31065
-30874
-30672
-30460
-30238
-30006
-29764
-29512
-29251
-28980
-28700
-28410
-28111
-27802
-27485
-27158
-26823
-26478
-26125
-25764
-25394
-25015
-24629
-24234
-23831
-23421
-23003
-22577
-22144
-21703
-21256
-20801
-20340
-19872
-19397
-18916
-18429
-17936
-17437
-16932
-16422
-15906
-15385
-14859
-14328
-13792
-13252
-12707
-12159
-11606
-11049
-10489
-9926
-9359
-8789
-8216
-7640
-7062
-6482
-5900
-5315
-4729
-4141
-3552
-2962
-2371
-1779
-1186
-593
0
593
1186
1779
2371
2962
3552
4141
4729
5315
5900
6482
7062
7640
8216
8789
9359
9926
10489
11049
11606
12159
12707
13252
13792
14328
14859
15385
15906
16422
16932
17437
17936
18429
18916
19397
19872
20340
20801
21256
21703
22144
22577
23003
23421
23831
24234
24629
25015
25394
25764
26125
26478
26823
27158
27485
27802
28111
28410
28700
28980
29251
29512
29764
30006
30238
30460
30672
30874
31065
31247
31418
31579
31730
31870
32000
32119
32228
32326
32414
32490
32557
32612
32657
32691
32714
32727
32728
32719
32700
32669
32628
32576
32514
32440
32356
32262
32157
32041
31915
31778
31631
31473
31305
31127
30939
30740
30531
30313
30084
29846
29597
29339
29071
28794
28507
28211
27906
27592
27268
26935
26594
26244
25885
25518
25142
24758
24366
23966
23559
23143
22720
22289
21851
21406
20954
20494
20029
19556
19077
18592
18101
17604
17101
16592
16078
15559
15035
14505
13971
13432
12889
12342
11791
11235
10676
10114
9548
8979
8407
7833
7255
6676
6094
5510
4925
4337
3749
3159
2568
1976
1384
791
198
-395
-989
-1581
-2173
-2765
-3356
-3945
-4533
-5120
-5705
-6288
-6869
-7448
-8024
-8598
-9169
-9737
-10302
-10863
-11421
-11975
-12525
-13071
-13612
-14150
-14682
-15210
-15733
-16250
-16762
-17269
-17770
-18265
-18755
-19238
-19714
-20185
-20648
-21105
-21555
-21998
-22433
-22862
-23282
-23695
-24101
-24498
-24887
-25268
-25641
-26006
-26362
-26709
-27047
-27377
-27697
-28009
-28311
-28604
-28888
-29162
-29426
-29681
-29926
-30161
-30387
-30602
-30807
-31003
-31188
-31362
-31527
-31681
-31825
-31958
-32081
-32193
-32295
-32386
-32466
-32536
-32595
-32643
-32681
-32707
-32724
-32729
-32724
-32707
-32681
-32643
-32595
-32536
-32466
-32386
-32295
-32193
-32081
-31958
-31825
-31681
-31527
-31362
-31188
-31003
-30807
-30602
-30387
-30161
-29926
-29681
-29426
-29162
-28888
-28604
-28311
-28009
-27697
-27377
-27047
-26709
-26362
-26006
-25641
-25268
-24887
-24498
-24101
-23695
-23282
-22862
-22433
-21998
-21555
-21105
-20648
-20185
-19714
-19238
-18755
-18265
-17770
-17269
-16762
-16250
-15733
-15210
-14682
-14150
-13612
-13071
-12525
-11975
-11421
-10863
-10302
-9737
-9169
-8598
-8024
-7448
-6869
-6288
-5705
-5120
-4533
-3945
-3356
-2765
-2173
-1581
-989
-395
198
791
1384
1976
2568
3159
3749
4337
4925
5510
6094
6676
7255
7833
8407
8979
9548
10114
10676
11235
11791
12342
12889
13432
13971
14505
15035
15559
16078
16592
17101
17604
18101
18592
19077
19556
20029
20494
20954
21406
21851
22289
22720
23143
23559
23966
24366
24758
25142
25518
25885
26244
26594
26935
27268
27592
27906
28211
28507
28794
29071
29339
29597
29846
30084
30313
30531
30740
30939
31127
31305
31473
31631
31778
31915
32041
32157
32262
32356
32440
32514
32576
32628
32669
32700
32719
32728
32727
32714
32691
32657
32612
32557
32490
32414
32326
32228
32119
32000
31870
31730
31579
31418
31247
31065
30874
30672
30460
30238
30006
29764
29512
29251
28980
28700
28410
28111
27802
27485
27158
26823
26478
26125
25764
25394
25015
24629
24234
23831
23421
23003
22577
22144
21703
21256
20801
20340
19872
19397
18916
18429
17936
17437
16932
16422
15906
15385
14859
14328
13792
13252
12707
12159
11606
11049
10489
9926
9359
8789
8216
7640
7062
6482
5900
5315
4729
4141
3552
2962
2371
1779
1186
593
0
-593
-1186
-1779
-2371
-2962
-3552
-4141
-4729
-5315
-5900
-6482
-7062
-7640
-8216
-8789
-9359
-9926
-10489
-11049
-11606
-12159
-12707
-13252
-13792
-14328
-14859
-15385
-15906
-16422
-16932
-17437
-17936
-18429
-18916
-19397
-19872
-20340
-20801
-21256
-21703
-22144
-22577
-23003
-23421
-23831
-24234
-24629
-25015
-25394
-25764
-26125
-26478
-26823
-27158
-27485
-27802
-28111
-28410
-28700
-28980
-29251
-29512
-29764
-30006
-30238
-30460
-30672
-30874
-31065
-31247
-31418
-31579
-31730
-31870
-32000
-32119
-32228
-32326
-32414
-32490
-32557
-32612
-32657
-32691
-32714
-32727
-32728
-32719
-32700
-32669
-32628
-32576
-32514
-32440
-32356
-32262
-32157
-32041
-31915
-31778
-31631
-31473
-31305
-31127
-30939
-30740
-30531
-30313
-30084
-29846
-29597
-29339
-29071
-28794
-28507
-28211
-27906
-27592
-27268
-26935
-26594
-26244
-25885
-25518
-25142
-24758
-24366
-23966
-23559
-23143
-22720
-22289
-21851
-21406
-20954
-20494
-20029
-19556
-19077
-18592
-18101
-17604
-17101
-16592
-16078
-15559
-15035
-14505
-13971
-13432
-12889
-12342
-11791
-11235
-10676
-10114
-9548
-8979
-8407
-7833
-7255
-6676
-6094
-5510
-4925
-4337
-3749
-3159
-2568
-1976
-1384
-791
-198
395
989
1581
2173
2765
3356
3945
4533
5120
5705
6288
6869
7448
8024
8598
9169
9737
10302
10863
11421
11975
12525
13071
13612
14150
14682
15210
15733
16250
16762
17269
17770
18265
18755
19238
19714
20185
20648
21105
21555
21998
22433
22862
23282
23695
24101
24498
24887
25268
25641
26006
26362
26709
27047
27377
27697
28009
28311
28604
28888
29162
29426
29681
29926
30161
30387
30602
30807
31003
31188
31362
31527
31681
31825
31958
32081
32193
32295
32386
32466
32536
32595
32643
32681
32707
32724
32729
32724
32707
32681
32643
32595
32536
32466
32386
32295
32193
32081
31958
31825
31681
31527
31362
31188
31003
30807
30602
30387
30161
29926
29681
29426
29162
28888
28604
28311
28009
27697
27377
27047
26709
26362
26006
25641
25268
24887
24498
24101
23695
23282
22862
22433
21998
21555
21105
20648
20185
19714
19238
18755
18265
17770
17269
16762
16250
15733
15210
14682
14150
13612
13071
12525
11975
11421
10863
10302
9737
9169
8598
8024
7448
6869
6288
5705
5120
4533
3945
3356
2765
2173
1581
989
395
-198
-791
-1384
-1976
-2568
-3159
-3749
-4337
-4925
-5510
-6094
-6676
-7255
-7833
-8407
-8979
-9548
-10114
-10676
-11235
-11791
-12342
-12889
-13432
-13971
-14505
-15035
-15559
-16078
-16592
-17101
-17604
-18101
-18592
-19077
-19556
-20029
-20494
-20954
-21406
-21851
-22289
-22720
-23143
-23559
-23966
-24366
-24758
-25142
-25518
-25885
-26244
-26594
-26935
-27268
-27592
-27906
-28211
-28507
-28794
-29071
-29339
-29597
-29846
-30084
-30313
-30531
-30740
-30939
-31127
-31305
-31473
-31631
-31778
-31915
-32041
-32157
-32262
-32356
-32440
-32514
-32576
-32628
-32669
-32700
-32719
-32728
-32727
-32714
-32691
-32657
-32612
-32557
-32490
-32414
-32326
-32228
-32119
-32000
-31870
-31730
-31579
-31418
-31247
-31065
-30874
-30672
-30460
-30238
-30006
-29764
-29512
-29251
-28980
-28700
-28410
-28111
-27802
-27485
-27158
-26823
-26478
-26125
-25764
-25394
-25015
-24629
-24234
-23831
-23421
-23003
-22577
-22144
-21703
-21256
-20801
-20340
-19872
-19397
-18916
-18429
-17936
-17437
-16932
-16422
-15906
-15385
-14859
-14328
-13792
-13252
-12707
-12159
-11606
-11049
-10489
-9926
-9359
-8789
-8216
-7640
-7062
-6482
-5900
-5315
-4729
-4141
-3552
-2962
-2371
-1779
-1186
-593
0
593
1186
1779
2371
2962
3552
4141
4729
5315
5900
6482
7062
7640
8216
8789
9359
9926
10489
11049
11606
12159
12707
13252
13792
14328
14859
15385
15906
16422
16932
17437
17936
18429
18916
19397
19872
20340
20801
21256
21703
22144
22577
23003
23421
23831
24234
24629
25015
25394
25764
26125
26478
26823
27158
27485
27802
28111
28410
28700
28980
29251
29512
29764
30006
30238
30460
30672
30874
31065
31247
31418
31579
31730
31870
32000
32119
32228
32326
32414
32490
32557
32612
32657
32691
32714
32727
32728
32719
32700
32669
32628
32576
32514
32440
32356
32262
32157
32041
31915
31778
31631
31473
31305
31127
30939
30740
30531
30313
30084
29846
29597
29339
29071
28794
28507
28211
27906
27592
27268
26935
26594
26244
25885
25518
25142
24758
24366
23966
23559
23143
22720
22289
21851
21406
20954
20494
20029
19556
19077
18592
18101
17604
17101
16592
16078
15559
15035
14505
13971
13432
12889
12342
11791
11235
10676
10114
9548
8979
8407
7833
7255
6676
6094
5510
4925
4337
3749
3159
2568
1976
1384
791
198
-395
-989
-1581
-2173
-2765
-3356
-3945
-4533
-5120
-5705
-6288
-6869
-7448
-8024
-8598
-9169
-9737
-10302
-10863
-11421
-11975
-12525
-13071
-13612
-14150
-14682
-15210
-15733
-16250
-16762
-17269
-17770
-18265
-18755
-19238
-19714
-20185
-20648
-21105
-21555
-21998
-22433
-22862
-23282
-23695
-24101
-24498
-24887
-25268
-25641
-26006
-26362
-26709
-27047
-27377
-27697
-28009
-28311
-28604
-28888
-29162
-29426
-29681
-29926
-30161
-30387
-30602
-30807
-31003
-31188
-31362
-31527
-31681
-31825
-31958
-32081
-32193
-32295
-32386
-32466
-32536
-32595
-32643
-32681
-32707
-32724
-32729
-32724
-32707
-32681
-32643
-32595
-32536
-32466
-32386
-32295
-32193
-32081
-31958
-31825
-31681
-31527
-31362
-31188
-31003
-30807
-30602
-30387
-30161
-29926
-29681
-29426
-29162
-28888
-28604
-28311
-28009
-27697
-27377
-27047
-26709
-26362
-26006
-25641
-25268
-24887
-24498
-24101
-23695
-23282
-22862
-22433
-21998
-21555
-21105
-20648
-20185
-19714
-19238
-18755
-18265
-17770
-17269
-16762
-16250
-15733
-15210
-14682
-14150
-13612
-13071
-12525
-11975
-11421
-10863
-10302
-9737
-9169
-8598
-8024
-7448
-6869
-6288
-5705
-5120
-4533
-3945
-3356
-2765
-2173
-1581
-989
-395
198
791
1384
1976
2568
3159
3749
4337
4925
5510
6094
6676
7255
7833
8407
8979
9548
10114
10676
11235
11791
12342
12889
13432
13971
14505
15035
15559
16078
16592
17101
17604
18101
18592
19077
19556
20029
20494
20954
21406
21851
22289
22720
23143
23559
23966
24366
24758
25142
25518
25885
26244
26594
26935
27268
27592
27906
28211
28507
28794
29071
29339
29597
29846
30084
30313
30531
30740
30939
31127
31305
31473
31631
31778
31915
32041
32157
32262
32356
32440
32514
32576
32628
32669
32700
32719
32728
32727
32714
32691
32657
32612
32557
32490
32414
32326
32228
32119
32000
31870
31730
31579
31418
31247
31065
30874
30672
30460
30238
30006
29764
29512
29251
28980
28700
28410
28111
27802
27485
27158
26823
26478
26125
25764
25394
25015
24629
24234
23831
23421
23003
22577
22144
21703
21256
20801
20340
19872
19397
18916
18429
17936
17437
16932
16422
15906
15385
14859
14328
13792
13252
12707
12159
11606
11049
10489
9926
9359
8789
8216
7640
7062
6482
5900
5315
4729
4141
3552
2962
2371
1779
1186
593
0
-593
-1186
-1779
-2371
-2962
-3552
-4141
-4729
-5315
-5900
-6482
-7062
-7640
-8216
-8789
-9359
-9926
-10489
-11049
-11606
-12159
-12707
-13252
-13792
-14328
-14859
-15385
-15906
-16422
-16932
-17437
-17936
-18429
-18916
-19397
-19872
-20340
-20801
-21256
-21703
-22144
-22577
-23003
-23421
-23831
-24234
-24629
-25015
-25394
-25764
-26125
-26478
-26823
-27158
-27485
-27802
-28111
-28410
-28700
-28980
-29251
-29512
-29764
-30006
-30238
-30460
-30672
-30874
-31065
-31247
-31418
-31579
-31730
-31870
-32000
-32119
-32228
-32326
-32414
-32490
-32557
-32612
-32657
-32691
-32714
-32727
-32728
-32719
-32700
-32669
-32628
-32576
-32514
-32440
-32356
-32262
-32157
-32041
-31915
-31778
-31631
-31473
-31305
-31127
-30939
-30740
-30531
-30313
-30084
-29846
-29597
-29339
-29071
-28794
-28507
-28211
-27906
-27592
-27268
-26935
-26594
-26244
-25885
-25518
-25142
-24758
-24366
-23966
-23559
-23143
-22720
-22289
-21851
-21406
-20954
-20494
-20029
-19556
-19077
-18592
-18101
-17604
-17101
-16592
-16078
-15559
-15035
-14505
-13971
-13432
-12889
-12342
-11791
-11235
-10676
-10114
-9548
-8979
-8407
-7833
-7255
-6676
-6094
-5510
-4925
-4337
-3749
-3159
-2568
-1976
-1384
-791
-198
395
989
1581
2173
2765
3356
3945
4533
5120
5705
6288
6869
7448
8024
8598
9169
9737
10302
10863
11421
11975
12525
13071
13612
14150
14682
15210
15733
16250
16762
17269
17770
18265
18755
19238
19714
20185
20648
21105
21555
21998
22433
22862
23282
23695
24101
24498
24887
25268
25641
26006
26362
26709
27047
27377
27697
28009
28311
28604
28888
29162
29426
29681
29926
30161
30387
30602
30807
31003
31188
31362
31527
31681
31825
31958
32081
32193
32295
32386
32466
32536
32595
32643
32681
32707
32724
32729
32724
32707
32681
32643
32595
32536
32466
32386
32295
32193
32081
31958
31825
31681
31527
31362
31188
31003
30807
30602
30387
30161
29926
29681
29426
29162
28888
28604
28311
28009
27697
27377
27047
26709
26362
26006
25641
25268
24887
24498
24101
23695
23282
22862
22433
21998
21555
21105
20648
20185
19714
19238
18755
18265
17770
17269
16762
16250
15733
15210
14682
14150
13612
13071
12525
11975
11421
10863
10302
9737
9169
8598
8024
7448
6869
6288
5705
5120
4533
3945
3356
2765
2173
1581
989
395
-198
-791
-1384
-1976
-2568
-3159
-3749
-4337
-4925
-5510
-6094
-6676
-7255
-7833
-8407
-8979
-9548
-10114
-10676
-11235
-11791
-12342
-12889
-13432
-13971
-14505
-15035
-15559
-16078
-16592
-17101
-17604
-18101
-18592
-19077
-19556
-20029
-20494
-20954
-21406
-21851
-22289
-22720
-23143
-23559
-23966
-24366
-24758
-25142
-25518
-25885
-26244
-26594
-26935
-27268
-27592
-27906
-28211
-28507
-28794
-29071
-29339
-29597
-29846
-30084
-30313
-30531
-30740
-30939
-31127
-31305
-31473
-31631
-31778
-31915
-32041
-32157
-32262
-32356
-32440
-32514
-32576
-32628
-32669
-32700
-32719
-32728
-32727
-32714
-32691
-32657
-32612
-32557
-32490
-32414
-32326
-32228
-32119
-32000
-31870
-31730
-31579
-31418
-31247
-31065
-30874
-30672
-30460
-30238
-30006
-29764
-29512
-29251
-28980
-28700
-28410
-28111
-27802
-27485
-27158
-26823
-26478
-26125
-25764
-25394
-25015
-24629
-24234
-23831
-23421
-23003
-22577
-22144
-21703
-21256
-20801
-20340
-19872
-19397
-18916
-18429
-17936
-17437
-16932
-16422
-15906
-15385
-14859
-14328
-13792
-13252
-12707
-12159
-11606
-11049
-10489
-9926
-9359
-8789
-8216
-7640
-7062
-6482
-5900
-5315
-4729
-4141
-3552
-2962
-2371
-1779
-1186
-593
0
593
1186
1779
2371
2962
3552
4141
4729
5315
5900
6482
7062
7640
8216
8789
9359
9926
10489
11049
11606
12159
12707
13252
13792
14328
14859
15385
15906
16422
16932
17437
17936
18429
18916
19397
19872
20340
20801
21256
21703
22144
22577
23003
23421
23831
24234
24629
25015
25394
25764
26125
26478
26823
27158
27485
27802
28111
28410
28700
28980
29251
29512
29764
30006
30238
30460
30672
30874
31065
31247
31418
31579
31730
31870
32000
32119
32228
32326
32414
32490
32557
32612
32657
32691
32714
32727
32728
32719
32700
32669
32628
32576
32514
32440
32356
32262
32157
32041
31915
31778
31631
31473
31305
31127
30939
30740
30531
30313
30084
29846
29597
29339
29071
28794
28507
28211
27906
27592
27268
26935
26594
26244
25885
25518
25142
24758
24366
23966
23559
23143
22720
22289
21851
21406
20954
20494
20029
19556
19077
18592
18101
17604
17101
16592
16078
15559
15035
14505
13971
13432
12889
12342
11791
11235
10676
10114
9548
8979
8407
7833
7255
6676
6094
5510
4925
4337
3749
3159
2568
1976
1384
791
198
-395
-989
-1581
-2173
-2765
-3356
-3945
-4533
-5120
-5705
-6288
-6869
-7448
-8024
-8598
-9169
-9737
-10302
-10863
-11421
-11975
-12525
-13071
-13612
-14150
-14682
-15210
-15733
-16250
-16762
-17269
-17770
-18265
-18755
-19238
-19714
-20185
-20648
-21105
-21555
-21998
-22433
-22862
-23282
-23695
-24101
-24498
-24887
-25268
-25641
-26006
-26362
-26709
-27047
-27377
-27697
-28009
-28311
-28604
-28888
-29162
-29426
-29681
-29926
-30161
-30387
-30602
-30807
-31003
-31188
-31362
-31527
-31681
-31825
-31958
-32081
-32193
-32295
-32386
-32466
-32536
-32595
-32643
-32681
-32707
-32724
-32729
-32724
-32707
-32681
-32643
-32595
-32536
-32466
-32386
-32295
-32193
-32081
-31958
-31825
-31681
-31527
-31362
-31188
-31003
-30807
-30602
-30387
-30161
-29926
-29681
-29426
-29162
-28888
-28604
-28311
-28009
-27697
-27377
-27047
-26709
-26362
-26006
-25641
-25268
-24887
-24498
-24101
-23695
-23282
-22862
-22433
-21998
-21555
-21105
-20648
-20185
-19714
-19238
-18755
-18265
-17770
-17269
-16762
-16250
-15733
-15210
-14682
-14150
-13612
-13071
-12525
-11975
-11421
-10863
-10302
-9737
-9169
-8598
-8024
-7448
-6869
-6288
-5705
-5120
-4533
-3945
-3356
-2765
-2173
-1581
-989
-395
198
791
1384
1976
2568
3159
3749
4337
4925
5510
6094
6676
7255
7833
8407
8979
9548
10114
10676
11235
11791
12342
12889
13432
13971
14505
15035
15559
16078
16592
17101
17604
18101
18592
19077
19556
20029
20494
20954
21406
21851
22289
22720
23143
23559
23966
24366
24758
25142
25518
25885
26244
26594
26935
27268
27592
27906
28211
28507
28794
29071
29339
29597
29846
30084
30313
30531
30740
30939
31127
31305
31473
31631
31778
31915
32041
32157
32262
32356
32440
32514
32576
32628
32669
32700
32719
32728
32727
32714
32691
32657
32612
32557
32490
32414
32326
32228
32119
32000
31870
31730
31579
31418
31247
31065
30874
30672
30460
30238
30006
29764
29512
29251
28980
28700
28410
28111
27802
27485
27158
26823
26478
26125
25764
25394
25015
24629
24234
23831
23421
23003
22577
22144
21703
21256
20801
20340
19872
19397
18916
18429
17936
17437
16932
16422
15906
15385
14859
14328
13792
13252
12707
12159
11606
11049
10489
9926
9359
8789
8216
7640
7062
6482
5900
5315
4729
4141
3552
2962
2371
1779
1186
593
0
-593
-1186
-1779
-2371
-2962
-3552
-4141
-4729
-5315
-5900
-6482
-7062
-7640
-8216
-8789
-9359
-9926
-10489
-11049
-11606
-12159
-12707
-13252
-13792
-14328
-14859
-15385
-15906
-16422
-16932
-17437
-17936
-18429
-18916
-19397
-19872
-20340
-20801
-21256
-21703
-22144
-22577
-23003
-23421
-23831
-24234
-24629
-25015
-25394
-25764
-26125
-26478
-26823
-27158
-27485
-27802
-28111
-28410
-28700
-28980
-29251
-29512
-29764
-30006
-30238
-30460
-30672
-30874
-31065
-31247
-31418
-31579
-31730
-31870
-32000
-32119
-32228
-32326
-32414
-32490
-32557
-32612
-32657
-32691
-32714
-32727
-32728
-32719
-32700
-32669
-32628
-32576
-32514
-32440
-32356
-32262
-32157
-32041
-31915
-31778
-31631
-31473
-31305
-31127
-30939
-30740
-30531
-30313
-30084
-29846
-29597
-29339
-29071
-28794
-28507
-28211
-27906
-27592
-27268
-26935
-26594
-26244
-25885
-25518
-25142
-24758
-24366
-23966
-23559
-23143
-22720
-22289
-21851
-21406
-20954
-20494
-20029
-19556
-19077
-18592
-18101
-17604
-17101
-16592
-16078
-15559
-15035
-14505
-13971
-13432
-12889
-12342
-11791
-11235
-10676
-10114
-9548
-8979
-8407
-7833
-7255
-6676
-6094
-5510
-4925
-4337
-3749
-3159
-2568
-1976
-1384
-791
-198
395
989
1581
2173
2765
3356
3945
4533
5120
5705
6288
6869
7448
8024
8598
9169
9737
10302
10863
11421
11975
12525
13071
13612
14150
14682
15210
15733
16250
16762
17269
17770
18265
18755
19238
19714
20185
20648
21105
21555
21998
22433
22862
23282
23695
24101
24498
24887
25268
25641
26006
26362
26709
27047
27377
27697
28009
28311
28604
28888
29162
29426
29681
29926
30161
30387
30602
30807
31003
31188
31362
31527
31681
31825
31958
32081
32193
32295
32386
32466
32536
32595
32643
32681
32707
32724
32729
32724
32707
32681
32643
32595
32536
32466
32386
32295
32193
32081
31958
31825
31681
31527
31362
31188
31003
30807
30602
30387
30161
29926
29681
29426
29162
28888
28604
28311
28009
27697
27377
27047
26709
26362
26006
25641
25268
24887
24498
24101
23695
23282
22862
22433
21998
21555
21105
20648
20185
19714
19238
18755
18265
17770
17269
16762
16250
15733
15210
14682
14150
13612
13071
12525
11975
11421
10863
10302
9737
9169
8598
8024
7448
6869
6288
5705
5120
4533
3945
3356
2765
2173
1581
989
395
-198
-791
-1384
-1976
-2568
-3159
-3749
-4337
-4925
-5510
-6094
-6676
-7255
-7833
-8407
-8979
-9548
-10114
-10676
-11235
-11791
-12342
-12889
-13432
-13971
-14505
-15035
-15559
-16078
-16592
-17101
-17604
-18101
-18592
-19077
-19556
-20029
-20494
-20954
-21406
-21851
-22289
-22720
-23143
-23559
-23966
-24366
-24758
-25142
-25518
-25885
-26244
-26594
-26935
-27268
-27592
-27906
-28211
-28507
-28794
-29071
-29339
-29597
-29846
-30084
-30313
-30531
-30740
-30939
-31127
-31305
-31473
-31631
-31778
-31915
-32041
-32157
-32262
-32356
-32440
-32514
-32576
-32628
-32669
-32700
-32719
-32728
-32727
-32714
-32691
-32657
-32612
-32557
-32490
-32414
-32326
-32228
-32119
-32000
-31870
-31730
-31579
-31418
-31247
-31065
-30874
-30672
-30460
-30238
-30006
-29764
-29512
-29251
-28980
-28700
-28410
-28111
-27802
-27485
-27158
-26823
-26478
-26125
-25764
-25394
-25015
-24629
-24234
-23831
-23421
-23003
-22577
-22144
-21703
-21256
-20801
-20340
-19872
-19397
-18916
-18429
-17936
-17437
-16932
-16422
-15906
-15385
-14859
-14328
-13792
-13252
-12707
-12159
-11606
-11049
-10489
-9926
-9359
-8789
-8216
-7640
-7062
-6482
-5900
-5315
-4729
-4141
-3552
-2962
-2371
-1779
-1186
-593
0
593
1186
1779
2371
2962
3552
4141
4729
5315
5900
6482
7062
7640
8216
8789
9359
9926
10489
11049
11606
12159
12707
13252
13792
14328
14859
15385
15906
16422
16932
17437
17936
18429
18916
19397
19872
20340
20801
21256
21703
22144
22577
23003
23421
23831
24234
24629
25015
25394
25764
26125
26478
26823
27158
27485
27802
28111
28410
28700
28980
29251
29512
29764
30006
30238
30460
30672
30874
31065
31247
31418
31579
31730
31870
32000
32119
32228
32326
32414
32490
32557
32612
32657
32691
32714
32727
32728
32719
32700
32669
32628
32576
32514
32440
32356
32262
32157
32041
31915
31778
31631
31473
31305
31127
30939
30740
30531
30313
30084
29846
29597
29339
29071
28794
28507
28211
27906
27592
27268
26935
26594
26244
25885
25518
25142
24758
24366
23966
23559
23143
22720
22289
21851
21406
20954
20494
20029
19556
19077
18592
18101
17604
17101
16592
16078
15559
15035
14505
13971
13432
12889
12342
11791
11235
10676
10114
9548
8979
8407
7833
7255
6676
6094
5510
4925
4337
3749
3159
2568
1976
1384
791
198
-395
-989
-1581
-2173
-2765
-3356
-3945
-4533
-5120
-5705
-6288
-6869
-7448
-8024
-8598
-9169
-9737
-10302
-10863
-11421
-11975
-12525
-13071
-13612
-14150
-14682
-15210
-15733
-16250
-16762
-17269
-17770
-18265
-18755
-19238
-19714
-20185
-20648
-21105
-21555
-21998
-22433
-22862
-23282
-23695
-24101
-24498
-24887
-25268
-25641
-26006
-26362
-26709
-27047
-27377
-27697
-28009
-28311
-28604
-28888
-29162
-29426
-29681
-29926
-30161
-30387
-30602
-30807
-31003
-31188
-31362
-31527
-31681
-31825
-31958
-32081
-32193
-32295
-32386
-32466
-32536
-32595
-32643
-32681
-32707
-32724
-32729
-32724
-32707
-32681
-32643
-32595
-32536
-32466
-32386
-32295
-32193
-32081
-31958
-31825
-31681
-31527
-31362
-31188
-31003
-30807
-30602
-30387
-30161
-29926
-29681
-29426
-29162
-28888
-28604
-28311
-28009
-27697
-27377
-27047
-26709
-26362
-26006
-25641
-25268
-24887
-24498
-24101
-23695
-23282
-22862
-22433
-21998
-21555
-21105
-20648
-20185
-19714
-19238
-18755
-18265
-17770
-17269
-16762
-16250
-15733
-15210
-14682
-14150
-13612
-13071
-12525
-11975
-11421
-10863
-10302
-9737
-9169
-8598
-8024
-7448
-6869
-6288
-5705
-5120
-4533
-3945
-3356
-2765
-2173
-1581
-989
-395
198
791
1384
1976
2568
3159
3749
4337
4925
5510
6094
6676
7255
7833
8407
8979
9548
10114
10676
11235
11791
12342
12889
13432
13971
14505
15035
15559
16078
16592
17101
17604
18101
18592
19077
19556
20029
20494
20954
21406
21851
22289
22720
23143
23559
23966
24366
24758
25142
25518
25885
26244
26594
26935
27268
27592
27906
28211
28507
28794
29071
29339
29597
29846
30084
30313
30531
30740
30939
31127
31305
31473
31631
31778
31915
32041
32157
32262
32356
32440
32514
32576
32628
32669
32700
32719
32728
32727
32714
32691
32657
32612
32557
32490
32414
32326
32228
32119
32000
31870
31730
31579
31418
31247
31065
30874
30672
30460
30238
30006
29764
29512
29251
28980
28700
28410
28111
27802
27485
27158
26823
26478
26125
25764
25394
25015
24629
24234
23831
23421
23003
22577
22144
21703
21256
20801
20340
19872
19397
18916
18429
17936
17437
16932
16422
15906
15385
14859
14328
13792
13252
12707
12159
11606
11049
10489
9926
9359
8789
8216
7640
7062
6482
5900
5315
4729
4141
3552
2962
2371
1779
1186
593
0
-593
-1186
-1779
-2371
-2962
-3552
-4141
-4729
-5315
-5900
-6482
-7062
-7640
-8216
-8789
-9359
-9926
-10489
-11049
-11606
-12159
-12707
-13252
-13792
-14328
-14859
-15385
-15906
-16422
-16932
-17437
-17936
-18429
-18916
-19397
-19872
-20340
-20801
-21256
-21703
-22144
-22577
-23003
-23421
-23831
-24234
-24629
-25015
-25394
-25764
-26125
-26478
-26823
-27158
-27485
-27802
-28111
-28410
-28700
-28980
-29251
-29512
-29764
-30006
-30238
-30460
-30672
-30874
-31065
-31247
-31418
-31579
-31730
-31870
-32000
-32119
-32228
-32326
-32414
-32490
-32557
-32612
-32657
-32691
-32714
-32727
-32728
-32719
-32700
-32669
-32628
-32576
-32514
-32440
-32356
-32262
-32157
-32041
-31915
-31778
-31631
-31473
-31305
-31127
-30939
-30740
-30531
-30313
-30084
-29846
-29597
-29339
-29071
-28794
-28507
-28211
-27906
-27592
-27268
-26935
-26594
-26244
-25885
-25518
-25142
-24758
-24366
-23966
-23559
-23143
-22720
-22289
-21851
-21406
-20954
-20494
-20029
-19556
-19077
-18592
-18101
-17604
-17101
-16592
-16078
-15559
-15035
-14505
-13971
-13432
-12889
-12342
-11791
-11235
-10676
-10114
-9548
-8979
-8407
-7833
-7255
-6676
-6094
-5510
-4925
-4337
-3749
-3159
-2568
-1976
-1384
-791
-198
395
989
1581
2173
2765
3356
3945
4533
5120
5705
6288
6869
7448
8024
8598
9169
9737
10302
10863
11421
11975
12525
13071
13612
14150
14682
15210
15733
16250
16762
17269
17770
18265
18755
19238
19714
20185
20648
21105
21555
21998
22433
22862
23282
23695
24101
24498
24887
25268
25641
26006
26362
26709
27047
27377
27697
28009
28311
28604
28888
29162
29426
29681
29926
30161
30387
30602
30807
31003
31188
31362
31527
31681
31825
31958
32081
32193
32295
32386
32466
32536
32595
32643
32681
32707
32724
32729
32724
32707
32681
32643
32595
32536
32466
32386
32295
32193
32081
31958
31825
31681
31527
31362
31188
31003
30807
30602
30387
30161
29926
29681
29426
29162
28888
28604
28311
28009
27697
27377
27047
26709
26362
26006
25641
25268
24887
24498
24101
23695
23282
22862
22433
21998
21555
21105
20648
20185
19714
19238
18755
18265
17770
17269
16762
16250
15733
15210
14682
14150
13612
13071
12525
11975
11421
10863
10302
9737
9169
8598
8024
7448
6869
6288
5705
5120
4533
3945
3356
2765
2173
1581
989
395
-198
-791
-1384
-1976
-2568
-3159
-3749
-4337
-4925
-5510
-6094
-6676
-7255
-7833
-8407
-8979
-9548
-10114
-10676
-11235
-11791
-12342
-12889
-13432
-13971
-14505
-15035
-15559
-16078
-16592
-17101
-17604
-18101
-18592
-19077
-19556
-20029
-20494
-20954
-21406
-21851
-22289
-22720
-23143
-23559
-23966
-24366
-24758
-25142
-25518
-25885
-26244
-26594
-26935
-27268
-27592
-27906
-28211
-28507
-28794
-29071
-29339
-29597
-29846
-30084
-30313
-30531
-30740
-30939
-31127
-31305
-31473
-31631
-31778
-31915
-32041
-32157
-32262
-32356
-32440
-32514
-32576
-32628
-32669
-32700
-32719
-32728
-32727
-32714
-32691
-32657
-32612
-32557
-32490
-32414
-32326
-32228
-32119
-32000
-31870
-31730
-31579
-31418
-31247
-31065
-30874
-30672
-30460
-30238
-30006
-29764
-29512
-29251
-28980
-28700
-28410
-28111
-27802
-27485
-27158
-26823
-26478
-26125
-25764
-25394
-25015
-24629
-24234
-23831
-23421
-23003
-22577
-22144
-21703
-21256
-20801
-20340
-19872
-19397
-18916
-18429
-17936
-17437
-16932
-16422
-15906
-15385
-14859
-14328
-13792
-13252
-12707
-12159
-11606
-11049
-10489
-9926
-9359
-8789
-8216
-7640
-7062
-6482
-5900
-5315
-4729
-4141
-3552
-2962
-2371
-1779
-1186
-593
0
593
1186
1779
2371
2962
3552
4141
4729
5315
5900
6482
7062
7640
8216
8789
9359
9926
10489
11049
11606
12159
12707
13252
13792
14328
14859
15385
15906
16422
16932
17437
17936
18429
18916
19397
19872
20340
20801
21256
21703
22144
22577
23003
23421
23831
24234
24629
25015
25394
25764
26125
26478
26823
27158
27485
27802
28111
28410
28700
28980
29251
29512
29764
30006
30238
30460
30672
30874
31065
31247
31418
31579
31730
31870
32000
32119
32228
32326
32414
32490
32557
32612
32657
32691
32714
32727
32728
32719
32700
32669
32628
32576
32514
32440
32356
32262
32157
32041
31915
31778
31631
31473
31305
31127
30939
30740
30531
30313
30084
29846
29597
29339
29071
28794
28507
28211
27906
27592
27268
26935
26594
26244
25885
25518
25142
24758
24366
23966
23559
23143
22720
22289
21851
21406
20954
20494
20029
19556
19077
18592
18101
17604
17101
16592
16078
15559
15035
14505
13971
13432
12889
12342
11791
11235
10676
10114
9548
8979
8407
7833
7255
6676
6094
5510
4925
4337
3749
3159
2568
1976
1384
791
198
-395
-989
-1581
-2173
-2765
-3356
-3945
-4533
-5120
-5705
-6288
-6869
-7448
-8024
-8598
-9169
-9737
-10302
-10863
-11421
-11975
-12525
-13071
-13612
-14150
-14682
-15210
-15733
-16250
-16762
-17269
-17770
-18265
-18755
-19238
-19714
-20185
-20648
-21105
-21555
-21998
-22433
-22862
-23282
-23695
-24101
-24498
-24887
-25268
-25641
-26006
-26362
-26709
-27047
-27377
-27697
-28009
-28311
-28604
-28888
-29162
-29426
-29681
-29926
-30161
-30387
-30602
-30807
-31003
-31188
-31362
-31527
-31681
-31825
-31958
-32081
-32193
-32295
-32386
-32466
-32536
-32595
-32643
-32681
-32707
-32724
-32729
-32724
-32707
-32681
-32643
-32595
-32536
-32466
-32386
-32295
-32193
-32081
-31958
-31825
-31681
-31527
-31362
-31188
-31003
-30807
-30602
-30387
-30161
-29926
-29681
-29426
-29162
-28888
-28604
-28311
-28009
-27697
-27377
-27047
-26709
-26362
-26006
-25641
-25268
-24887
-24498
-24101
-23695
-23282
-22862
-22433
-21998
-21555
-21105
-20648
-20185
-19714
-19238
-18755
-18265
-17770
-17269
-16762
-16250
-15733
-15210
-14682
-14150
-13612
-13071
-12525
-11975
-11421
-10863
-10302
-9737
-9169
-8598
-8024
-7448
-6869
-6288
-5705
-5120
-4533
-3945
-3356
-2765
-2173
-1581
-989
-395
198
791
1384
1976
2568
3159
3749
4337
4925
5510
6094
6676
7255
7833
8407
8979
9548
10114
10676
11235
11791
12342
12889
13432
13971
14505
15035
15559
16078
16592
17101
17604
18101
18592
19077
19556
20029
20494
20954
21406
21851
22289
22720
23143
23559
23966
24366
24758
25142
25518
25885
26244
26594
26935
27268
27592
27906
28211
28507
28794
29071
29339
29597
29846
30084
30313
30531
30740
30939
31127
31305
31473
31631
31778
31915
32041
32157
32262
32356
32440
32514
32576
32628
32669
32700
32719
32728
32727
32714
32691
32657
32612
32557
32490
32414
32326
32228
32119
32000
31870
31730
31579
31418
31247
31065
30874
30672
30460
30238
30006
29764
29512
29251
28980
28700
28410
28111
27802
27485
27158
26823
26478
26125
25764
25394
25015
24629
24234
23831
23421
23003
22577
22144
21703
21256
20801
20340
19872
19397
18916
18429
17936
17437
16932
16422
15906
15385
14859
14328
13792
13252
12707
12159
11606
11049
10489
9926
9359
8789
8216
7640
7062
6482
5900
5315
4729
4141
3552
2962
2371
1779
1186
593
0
-593
-1186
-1779
-2371
-2962
-3552
-4141
-4729
-5315
-5900
-6482
-7062
-7640
-8216
-8789
-9359
-9926
-10489
-11049
-11606
-12159
-12707
-13252
-13792
-14328
-14859
-15385
-15906
-16422
-16932
-17437
-17936
-18429
-18916
-19397
-19872
-20340
-20801
-21256
-21703
-22144
-22577
-23003
-23421
-23831
-24234
-24629
-25015
-25394
-25764
-26125
-26478
-26823
-27158
-27485
-27802
-28111
-28410
-28700
-28980
-29251
-29512
-29764
-30006
-30238
-30460
-30672
-30874
-31065
-31247
-31418
-31579
-31730
-31870
-32000
-32119
-32228
-32326
-32414
-32490
-32557
-32612
-32657
-32691
-32714
-32727
-32728
-32719
-32700
-32669
-32628
-32576
-32514
-32440
-32356
-32262
-32157
-32041
-31915
-31778
-31631
-31473
-31305
-31127
-30939
-30740
-30531
-30313
-30084
-29846
-29597
-29339
-29071
-28794
-28507
-28211
-27906
-27592
-27268
-26935
-26594
-26244
-25885
-25518
-25142
-24758
-24366
-23966
-23559
-23143
-22720
-22289
-21851
-21406
-20954
-20494
-20029
-19556
-19077
-18592
-18101
-17604
-17101
-16592
-16078
-15559
-15035
-14505
-13971
-13432
-12889
-12342
-11791
-11235
-10676
-10114
-9548
-8979
-8407
-7833
-7255
-6676
-6094
-5510
-4925
-4337
-3749
-3159
-2568
-1976
-1384
-791
-198
395
989
1581
2173
2765
3356
3945
4533
5120
5705
6288
6869
7448
8024
8598
9169
9737
10302
10863
11421
11975
12525
13071
13612
14150
14682
15210
15733
16250
16762
17269
17770
18265
18755
19238
19714
20185
20648
21105
21555
21998
22433
22862
23282
23695
24101
24498
24887
25268
25641
26006
26362
26709
27047
27377
27697
28009
28311
28604
28888
29162
29426
29681
29926
30161
30387
30602
30807
31003
31188
31362
31527
31681
31825
31958
32081
32193
32295
32386
32466
32536
32595
32643
32681
32707
32724
32729
32724
32707
32681
32643
32595
32536
32466
32386
32295
32193
32081
31958
31825
31681
31527
31362
31188
31003
30807
30602
30387
30161
29926
29681
29426
29162
28888
28604
28311
28009
27697
27377
27047
26709
26362
26006
25641
25268
24887
24498
24101
23695
23282
22862
22433
21998
21555
21105
20648
20185
19714
19238
18755
18265
17770
17269
16762
16250
15733
15210
14682
14150
13612
13071
12525
11975
11421
10863
10302
9737
9169
8598
8024
7448
6869
6288
5705
5120
4533
3945
3356
2765
2173
1581
989
395
-198
-791
-1384
-1976
-2568
-3159
-3749
-4337
-4925
-5510
-6094
-6676
-7255
-7833
-8407
-8979
-9548
-10114
-10676
-11235
-11791
-12342
-12889
-13432
-13971
-14505
-15035
-15559
-16078
-16592
-17101
-17604
-18101
-18592
-19077
-19556
-20029
-20494
-20954
-21406
-21851
-22289
-22720
-23143
-23559
-23966
-24366
-24758
-25142
-25518
-25885
-26244
-26594
-26935
-27268
-27592
-27906
-28211
-28507
-28794
-29071
-29339
-29597
-29846
-30084
-30313
-30531
-30740
-30939
-31127
-31305
-31473
-31631
-31778
-31915
-32041
-32157
-32262
-32356
-32440
-32514
-32576
-32628
-32669
-32700
-32719
-32728
-32727
-32714
-32691
-32657
-32612
-32557
-32490
-32414
-32326
-32228
-32119
-32000
-31870
-31730
-31579
-31418
-31247
-31065
-30874
-30672
-30460
-30238
-30006
-29764
-29512
-29251
-28980
-28700
-28410
-28111
-27802
-27485
-27158
-26823
-26478
-26125
-25764
-25394
-25015
-24629
-24234
-23831
-23421
-23003
-22577
-22144
-21703
-21256
-20801
-20340
-19872
-19397
-18916
-18429
-17936
-17437
-16932
-16422
-15906
-15385
-14859
-14328
-13792
-13252
-12707
-12159
-11606
-11049
-10489
-9926
-9359
-8789
-8216
-7640
-7062
-6482
-5900
-5315
-4729
-4141
-3552
-2962
-2371
-1779
-1186
-593
0
593
1186
1779
2371
2962
3552
4141
4729
5315
5900
6482
7062
7640
8216
8789
9359
9926
10489
11049
11606
12159
12707
13252
13792
14328
14859
15385
15906
16422
16932
17437
17936
18429
18916
19397
19872
20340
20801
21256
21703
22144
22577
23003
23421
23831
24234
24629
25015
25394
25764
26125
26478
26823
27158
27485
27802
28111
28410
28700
28980
29251
29512
29764
30006
30238
30460
30672
30874
31065
31247
31418
31579
31730
31870
32000
32119
32228
32326
32414
32490
32557
32612
32657
32691
32714
32727
32728
32719
32700
32669
32628
32576
32514
32440
32356
32262
32157
32041
31915
31778
31631
31473
31305
31127
30939
30740
30531
30313
30084
29846
29597
29339
29071
28794
28507
28211
27906
27592
27268
26935
26594
26244
25885
25518
25142
24758
24366
23966
23559
23143
22720
22289
21851
21406
20954
20494
20029
19556
19077
18592
18101
17604
17101
16592
16078
15559
15035
14505
13971
13432
12889
12342
11791
11235
10676
10114
9548
8979
8407
7833
7255
6676
6094
5510
4925
4337
3749
3159
2568
1976
1384
791
198
-395
-989
-1581
-2173
-2765
-3356
-3945
-4533
-5120
-5705
-6288
-6869
-7448
-8024
-8598
-9169
-9737
-10302
-10863
-11421
-11975
-12525
-13071
-13612
-14150
-14682
-15210
-15733
-16250
-16762
-17269
-17770
-18265
-18755
-19238
-19714
-20185
-20648
-21105
-21555
-21998
-22433
-22862
-23282
-23695
-24101
-24498
-24887
-25268
-25641
-26006
-26362
-26709
-27047
-27377
-27697
-28009
-28311
-28604
-28888
-29162
-29426
-29681
-29926
-30161
-30387
-30602
-30807
-31003
-31188
-31362
-31527
-31681
-31825
-31958
-32081
-32193
-32295
-32386
-32466
-32536
-32595
-32643
-32681
-32707
-32724
-32729
-32724
-32707
-32681
-32643
-32595
-32536
-32466
-32386
-32295
-32193
-32081
-31958
-31825
-31681
-31527
-31362
-31188
-31003
-30807
-30602
-30387
-30161
-29926
-29681
-29426
-29162
-28888
-28604
-28311
-28009
-27697
-27377
-27047
-26709
-26362
-26006
-25641
-25268
-24887
-24498
-24101
-23695
-23282
-22862
-22433
-21998
-21555
-21105
-20648
-20185
-19714
-19238
-18755
-18265
-17770
-17269
-16762
-16250
-15733
-15210
-14682
-14150
-13612
-13071
-12525
-11975
-11421
-10863
-10302
-9737
-9169
-8598
-8024
-7448
-6869
-6288
-5705
-5120
-4533
-3945
-3356
-2765
-2173
-1581
-989
-395
198
791
1384
1976
2568
3159
3749
4337
4925
5510
6094
6676
7255
7833
8407
8979
9548
10114
10676
11235
11791
12342
12889
13432
13971
14505
15035
15559
16078
16592
17101
17604
18101
18592
19077
19556
20029
20494
20954
21406
21851
22289
22720
23143
23559
23966
24366
24758
25142
25518
25885
26244
26594
26935
27268
27592
27906
28211
28507
28794
29071
29339
29597
29846
30084
30313
30531
30740
30939
31127
31305
31473
31631
31778
31915
32041
32157
32262
32356
32440
32514
32576
32628
32669
32700
32719
32728
32727
32714
32691
32657
32612
32557
32490
32414
32326
32228
32119
32000
31870
31730
31579
31418
31247
31065
30874
30672
30460
30238
30006
29764
29512
29251
28980
28700
28410
28111
27802
27485
27158
26823
26478
26125
25764
25394
25015
24629
24234
23831
23421
23003
22577
22144
21703
21256
20801
20340
19872
19397
18916
18429
17936
17437
16932
16422
15906
15385
14859
14328
13792
13252
12707
12159
11606
11049
10489
9926
9359
8789
8216
7640
7062
6482
5900
5315
4729
4141
3552
2962
2371
1779
1186
593
0
-593
-1186
-1779
-2371
-2962
-3552
-4141
-4729
-5315
-5900
-6482
-7062
-7640
-8216
-8789
-9359
-9926
-10489
-11049
-11606
-12159
-12707
-13252
-13792
-14328
-14859
-15385
-15906
-16422
-16932
-17437
-17936
-18429
-18916
-19397
-19872
-20340
-20801
-21256
-21703
-22144
-22577
-23003
-23421
-23831
-24234
-24629
-25015
-25394
-25764
-26125
-26478
-26823
-27158
-27485
-27802
-28111
-28410
-28700
-28980
-29251
-29512
-29764
-30006
-30238
-30460
-30672
-30874
-31065
-31247
-31418
-31579
-31730
-31870
-32000
-32119
-32228
-32326
-32414
-32490
-32557
-32612
-32657
-32691
-32714
-32727
-32728
-32719
-32700
-32669
-32628
-32576
-32514
-32440
-32356
-32262
-32157
-32041
-31915
-31778
-31631
-31473
-31305
-31127
-30939
-30740
-30531
-30313
-30084
-29846
-29597
-29339
-29071
-28794
-28507
-28211
-27906
-27592
-27268
-26935
-26594
-26244
-25885
-25518
-25142
-24758
-24366
-23966
-23559
-23143
-22720
-22289
-21851
-21406
-20954
-20494
-20029
-19556
-19077
-18592
-18101
-17604
-17101
-16592
-16078
-15559
-15035
-14505
-13971
-13432
-12889
-12342
-11791
-11235
-10676
-10114
-9548
-8979
-8407
-7833
-7255
-6676
-6094
-5510
-4925
-4337
-3749
-3159
-2568
-1976
-1384
-791
-198
395
989
1581
2173
2765
3356
3945
4533
5120
5705
6288
6869
7448
8024
8598
9169
9737
10302
10863
11421
11975
12525
13071
13612
14150
14682
15210
15733
16250
16762
17269
17770
18265
18755
19238
19714
20185
20648
21105
21555
21998
22433
22862
23282
23695
24101
24498
24887
25268
25641
26006
26362
26709
27047
27377
27697
28009
28311
28604
28888
29162
29426
29681
29926
30161
30387
30602
30807
31003
31188
31362
31527
31681
31825
31958
32081
32193
32295
32386
32466
32536
32595
32643
32681
32707
32724
32729
32724
32707
32681
32643
32595
32536
32466
32386
32295
32193
32081
31958
31825
31681
31527
31362
31188
31003
30807
30602
30387
30161
29926
29681
29426
29162
28888
28604
28311
28009
27697
27377
27047
26709
26362
26006
25641
25268
24887
24498
24101
23695
23282
22862
22433
21998
21555
21105
20648
20185
19714
19238
18755
18265
17770
17269
16762
16250
15733
15210
14682
14150
13612
13071
12525
11975
11421
10863
10302
9737
9169
8598
8024
7448
6869
6288
5705
5120
4533
3945
3356
2765
2173
1581
989
395
-198
-791
-1384
-1976
-2568
-3159
-3749
-4337
-4925
-5510
-6094
-6676
-7255
-7833
-8407
-8979
-9548
-10114
-10676
-11235
-11791
-12342
-12889
-13432
-13971
-14505
-15035
-15559
-16078
-16592
-17101
-17604
-18101
-18592
-19077
-19556
-20029
-20494
-20954
-21406
-21851
-22289
-22720
-23143
-23559
-23966
-24366
-24758
-25142
-25518
-25885
-26244
-26594
-26935
-27268
-27592
-27906
-28211
-28507
-28794
-29071
-29339
-29597
-29846
-30084
-30313
-30531
-30740
-30939
-31127
-31305
-31473
-31631
-31778
-31915
-32041
-32157
-32262
-32356
-32440
-32514
-32576
-32628
-32669
-32700
-32719
-32728
-32727
-32714
-32691
-32657
-32612
-32557
-32490
-32414
-32326
-32228
-32119
-32000
-31870
-31730
-31579
-31418
-31247
-31065
-30874
-30672
-30460
-30238
-30006
-29764
-29512
-29251
-28980
-28700
-28410
-28111
-27802
-27485
-27158
-26823
-26478
-26125
-25764
-25394
-25015
-24629
-24234
-23831
-23421
-23003
-22577
-22144
-21703
-21256
-20801
-20340
-19872
-19397
-18916
-18429
-17936
-17437
-16932
-16422
-15906
-15385
-14859
-14328
-13792
-13252
-12707
-12159
-11606
-11049
-10489
-9926
-9359
-8789
-8216
-7640
-7062
-6482
-5900
-5315
-4729
-4141
-3552
-2962
-2371
-1779
-1186
-593
0
593
1186
1779
2371
2962
3552
4141
4729
5315
5900
6482
7062
7640
8216
8789
9359
9926
10489
11049
11606
12159
12707
13252
13792
14328
14859
15385
15906
16422
16932
17437
17936
18429
18916
19397
19872
20340
20801
21256
21703
22144
22577
23003
23421
23831
24234
24629
25015
25394
25764
26125
26478
26823
27158
27485
27802
28111
28410
28700
28980
29251
29512
29764
30006
30238
30460
30672
30874
31065
31247
31418
31579
31730
31870
32000
32119
32228
32326
32414
32490
32557
32612
32657
32691
32714
32727
32728
32719
32700
32669
32628
32576
32514
32440
32356
32262
32157
32041
31915
31778
31631
31473
31305
31127
30939
30740
30531
30313
30084
29846
29597
29339
29071
28794
28507
28211
27906
27592
27268
26935
26594
26244
25885
25518
25142
24758
24366
23966
23559
23143
22720
22289
21851
21406
20954
20494
20029
19556
19077
18592
18101
17604
17101
16592
16078
15559
15035
14505
13971
13432
12889
12342
11791
11235
10676
10114
9548
8979
8407
7833
7255
6676
6094
5510
4925
4337
3749
3159
2568
1976
1384
791
198
-395
-989
-1581
-2173
-2765
-3356
-3945
-4533
-5120
-5705
-6288
-6869
-7448
-8024
-8598
-9169
-9737
-10302
-10863
-11421
-11975
-12525
-13071
-13612
-14150
-14682
-15210
-15733
-16250
-16762
-17269
-17770
-18265
-18755
-19238
-19714
-20185
-20648
-21105
-21555
-21998
-22433
-22862
-23282
-23695
-24101
-24498
-24887
-25268
-25641
-26006
-26362
-26709
-27047
-27377
-27697
-28009
-28311
-28604
-28888
-29162
-29426
-29681
-29926
-30161
-30387
-30602
-30807
-31003
-31188
-31362
-31527
-31681
-31825
-31958
-32081
-32193
-32295
-32386
-32466
-32536
-32595
-32643
-32681
-32707
-32724
-32729
-32724
-32707
-32681
-32643
-32595
-32536
-32466
-32386
-32295
-32193
-32081
-31958
-31825
-31681
-31527
-31362
-31188
-31003
-30807
-30602
-30387
-30161
-29926
-29681
-29426
-29162
-28888
-28604
-28311
-28009
-27697
-27377
-27047
-26709
-26362
-26006
-25641
-25268
-24887
-24498
-24101
-23695
-23282
-22862
-22433
-21998
-21555
-21105
-20648
-20185
-19714
-19238
-18755
-18265
-17770
-17269
-16762
-16250
-15733
-15210
-14682
-14150
-13612
-13071
-12525
-11975
-11421
-10863
-10302
-9737
-9169
-8598
-8024
-7448
-6869
-6288
-5705
-5120
-4533
-3945
-3356
-2765
-2173
-1581
-989
-395
198
791
1384
1976
2568
3159
3749
4337
4925
5510
6094
6676
7255
7833
8407
8979
9548
10114
10676
11235
11791
12342
12889
13432
13971
14505
15035
15559
16078
16592
17101
17604
18101
18592
19077
19556
20029
20494
20954
21406
21851
22289
22720
23143
23559
23966
24366
24758
25142
25518
25885
26244
26594
26935
27268
27592
27906
28211
28507
28794
29071
29339
29597
29846
30084
30313
30531
30740
30939
31127
31305
31473
31631
31778
31915
32041
32157
32262
32356
32440
32514
32576
32628
32669
32700
32719
32728
32727
32714
32691
32657
32612
32557
32490
32414
32326
32228
32119
32000
31870
31730
31579
31418
31247
31065
30874
30672
30460
30238
30006
29764
29512
29251
28980
28700
28410
28111
27802
27485
27158
26823
26478
26125
25764
25394
25015
24629
24234
23831
23421
23003
22577
22144
21703
21256
20801
20340
19872
19397
18916
18429
17936
17437
16932
16422
15906
15385
14859
14328
13792
13252
12707
12159
11606
11049
10489
9926
9359
8789
8216
7640
7062
6482
5900
5315
4729
4141
3552
2962
2371
1779
1186
593
0
-593
-1186
-1779
-2371
-2962
-3552
-4141
-4729
-5315
-5900
-6482
-7062
-7640
-8216
-8789
-9359
-9926
-10489
-11049
-11606
-12159
-12707
-13252
-13792
-14328
-14859
-15385
-15906
-16422
-16932
-17437
-17936
-18429
-18916
-19397
-19872
-20340
-20801
-21256
-21703
-22144
-22577
-23003
-23421
-23831
-24234
-24629
-25015
-25394
-25764
-26125
-26478
-26823
-27158
-27485
-27802
-28111
-28410
-28700
-28980
-29251
-29512
-29764
-30006
-30238
-30460
-30672
-30874
-31065
-31247
-31418
-31579
-31730
-31870
-32000
-32119
-32228
-32326
-32414
-32490
-32557
-32612
-32657
-32691
-32714
-32727
-32728
-32719
-32700
-32669
-32628
-32576
-32514
-32440
-32356
-32262
-32157
-32041
-31915
-31778
-31631
-31473
-31305
-31127
-30939
-30740
-30531
-30313
-30084
-29846
-29597
-29339
-29071
-28794
-28507
-28211
-27906
-27592
-27268
-26935
-26594
-26244
-25885
-25518
-25142
-24758
-24366
-23966
-23559
-23143
-22720
-22289
-21851
-21406
-20954
-20494
-20029
-19556
-19077
-18592
-18101
-17604
-17101
-16592
-16078
-15559
-15035
-14505
-13971
-13432
-12889
-12342
-11791
-11235
-10676
-10114
-9548
-8979
-8407
-7833
-7255
-6676
-6094
-5510
-4925
-4337
-3749
-3159
-2568
-1976
-1384
-791
-198
395
989
1581
2173
2765
3356
3945
4533
5120
5705
6288
6869
7448
8024
8598
9169
9737
10302
10863
11421
11975
12525
13071
13612
14150
14682
15210
15733
16250
16762
17269
17770
18265
18755
19238
19714
20185
20648
21105
21555
21998
22433
22862
23282
23695
24101
24498
24887
25268
25641
26006
26362
26709
27047
27377
27697
28009
28311
28604
28888
29162
29426
29681
29926
30161
30387
30602
30807
31003
31188
31362
31527
31681
31825
31958
32081
32193
32295
32386
32466
32536
32595
32643
32681
32707
32724
32729
32724
32707
32681
32643
32595
32536
32466
32386
32295
32193
32081
31958
31825
31681
31527
31362
31188
31003
30807
30602
30387
30161
29926
29681
29426
29162
28888
28604
28311
28009
27697
27377
27047
26709
26362
26006
25641
25268
24887
24498
24101
23695
23282
22862
22433
21998
21555
21105
20648
20185
19714
19238
18755
18265
17770
17269
16762
16250
15733
15210
14682
14150
13612
13071
12525
11975
11421
10863
10302
9737
9169
8598
8024
7448
6869
6288
5705
5120
4533
3945
3356
2765
2173
1581
989
395
-198
-791
-1384
-1976
-2568
-3159
-3749
-4337
-4925
-5510
-6094
-6676
-7255
-7833
-8407
-8979
-9548
-10114
-10676
-11235
-11791
-12342
-12889
-13432
-13971
-14505
-15035
-15559
-16078
-16592
-17101
-17604
-18101
-18592
-19077
-19556
-20029
-20494
-20954
-21406
-21851
-22289
-22720
-23143
-23559
-23966
-24366
-24758
-25142
-25518
-25885
-26244
-26594
-26935
-27268
-27592
-27906
-28211
-28507
-28794
-29071
-29339
-29597
-29846
-30084
-30313
-30531
-30740
-30939
-31127
-31305
-31473
-31631
-31778
-31915
-32041
-32157
-32262
-32356
-32440
-32514
-32576
-32628
-32669
-32700
-32719
-32728
-32727
-32714
-32691
-32657
-32612
-32557
-32490
-32414
-32326
-32228
-32119
-32000
-31870
-31730
-31579
-31418
-31247
-31065
-30874
-30672
-30460
-30238
-30006
-29764
-29512
-29251
-28980
-28700
-28410
-28111
-27802
-27485
-27158
-26823
-26478
-26125
-25764
-25394
-25015
-24629
-24234
-23831
-23421
-23003
-22577
-22144
-21703
-21256
-20801
-20340
-19872
-19397
-18916
-18429
-17936
-17437
-16932
-16422
-15906
-15385
-14859
-14328
-13792
-13252
-12707
-12159
-11606
-11049
-10489
-9926
-9359
-8789
-8216
-7640
-7062
-6482
-5900
-5315
-4729
-4141
-3552
-2962
-2371
-1779
-1186
-593
0
593
1186
1779
2371
2962
3552
4141
4729
5315
5900
6482
7062
7640
8216
8789
9359
9926
10489
11049
11606
12159
12707
13252
13792
14328
14859
15385
15906
16422
16932
17437
17936
18429
18916
19397
19872
20340
20801
21256
21703
22144
22577
23003
23421
23831
24234
24629
25015
25394
25764
26125
26478
26823
27158
27485
27802
28111
28410
28700
28980
29251
29512
29764
30006
30238
30460
30672
30874
31065
31247
31418
31579
31730
31870
32000
32119
32228
32326
32414
32490
32557
32612
32657
32691
32714
32727
32728
32719
32700
32669
32628
32576
32514
32440
32356
32262
32157
32041
31915
31778
31631
31473
31305
31127
30939
30740
30531
30313
30084
29846
29597
29339
29071
28794
28507
28211
27906
27592
27268
26935
26594
26244
25885
25518
25142
24758
24366
23966
23559
23143
22720
22289
21851
21406
20954
20494
20029
19556
19077
18592
18101
17604
17101
16592
16078
15559
15035
14505
13971
13432
12889
12342
11791
11235
10676
10114
9548
8979
8407
7833
7255
6676
6094
5510
4925
4337
3749
3159
2568
1976
1384
791
198
-395
-989
-1581
-2173
-2765
-3356
-3945
-4533
-5120
-5705
-6288
-6869
-7448
-8024
-8598
-9169
-9737
-10302
-10863
-11421
-11975
-12525
-13071
-13612
-14150
-14682
-15210
-15733
-16250
-16762
-17269
-17770
-18265
-18755
-19238
-19714
-20185
-20648
-21105
-21555
-21998
-22433
-22862
-23282
-23695
-24101
-24498
-24887
-25268
-25641
-26006
-26362
-26709
-27047
-27377
-27697
-28009
-28311
-28604
-28888
-29162
-29426
-29681
-29926
-30161
-30387
-30602
-30807
-31003
-31188
-31362
-31527
-31681
-31825
-31958
-32081
-32193
-32295
-32386
-32466
-32536
-32595
-32643
-32681
-32707
-32724
-32729
-32724
-32707
-32681
-32643
-32595
-32536
-32466
-32386
-32295
-32193
-32081
-31958
-31825
-31681
-31527
-31362
-31188
-31003
-30807
-30602
-30387
-30161
-29926
-29681
-29426
-29162
-28888
-28604
-28311
-28009
-27697
-27377
-27047
-26709
-26362
-26006
-25641
-25268
-24887
-24498
-24101
-23695
-23282
-22862
-22433
-21998
-21555
-21105
-20648
-20185
-19714
-19238
-18755
-18265
-17770
-17269
-16762
-16250
-15733
-15210
-14682
-14150
-13612
-13071
-12525
-11975
-11421
-10863
-10302
-9737
-9169
-8598
-8024
-7448
-6869
-6288
-5705
-5120
-4533
-3945
-3356
-2765
-2173
-1581
-989
-395
198
791
1384
1976
2568
3159
3749
4337
4925
5510
6094
6676
7255
7833
8407
8979
9548
10114
10676
11235
11791
12342
12889
13432
13971
14505
15035
15559
16078
16592
17101
17604
18101
18592
19077
19556
20029
20494
20954
21406
21851
22289
22720
23143
23559
23966
24366
24758
25142
25518
25885
26244
26594
26935
27268
27592
27906
28211
28507
28794
29071
29339
29597
29846
30084
30313
30531
30740
30939
31127
31305
31473
31631
31778
31915
32041
32157
32262
32356
32440
32514
32576
32628
32669
32700
32719
32728
32727
32714
32691
32657
32612
32557
32490
32414
32326
32228
32119
32000
31870
31730
31579
31418
31247
31065
30874
30672
30460
30238
30006
29764
29512
29251
28980
28700
28410
28111
27802
27485
27158
26823
26478
26125
25764
25394
25015
24629
24234
23831
23421
23003
22577
22144
21703
21256
20801
20340
19872
19397
18916
18429
17936
17437
16932
16422
15906
15385
14859
14328
13792
13252
12707
12159
11606
11049
10489
9926
9359
8789
8216
7640
7062
6482
5900
5315
4729
4141
3552
2962
2371
1779
1186
593
0
-593
-1186
-1779
-2371
-2962
-3552
-4141
-4729
-5315
-5900
-6482
-7062
-7640
-8216
-8789
-9359
-9926
-10489
-11049
-11606
-12159
-12707
-13252
-13792
-14328
-14859
-15385
-15906
-16422
-16932
-17437
-17936
-18429
-18916
-19397
-19872
-20340
-20801
-21256
-21703
-22144
-22577
-23003
-23421
-23831
-24234
-24629
-25015
-25394
-25764
-26125
-26478
-26823
-27158
-27485
-27802
-28111
-28410
-28700
-28980
-29251
-29512
-29764
-30006
-30238
-30460
-30672
-30874
-31065
-31247
-31418
-31579
-31730
-31870
-32000
-32119
-32228
-32326
-32414
-32490
-32557
-32612
-32657
-32691
-32714
-32727
-32728
-32719
-32700
-32669
-32628
-32576
-32514
-32440
-32356
-32262
-32157
-32041
-31915
-31778
-31631
-31473
-31305
-31127
-30939
-30740
-30531
-30313
-30084
-29846
-29597
-29339
-29071
-28794
-28507
-28211
-27906
-27592
-27268
-26935
-26594
-26244
-25885
-25518
-25142
-24758
-24366
-23966
-23559
-23143
-22720
-22289
-21851
-21406
-20954
-20494
-20029
-19556
-19077
-18592
-18101
-17604
-17101
-16592
-16078
-15559
-15035
-14505
-13971
-13432
-12889
-12342
-11791
-11235
-10676
-10114
-9548
-8979
-8407
-7833
-7255
-6676
-6094
-5510
-4925
-4337
-3749
-3159
-2568
-1976
-1384
-791
-198
395
989
1581
2173
2765
3356
3945
4533
5120
5705
6288
6869
7448
8024
8598
9169
9737
10302
10863
11421
11975
12525
13071
13612
14150
14682
15210
15733
16250
16762
17269
17770
18265
18755
19238
19714
20185
20648
21105
21555
21998
22433
22862
23282
23695
24101
24498
24887
25268
25641
26006
26362
26709
27047
27377
27697
28009
28311
28604
28888
29162
29426
29681
29926
30161
30387
30602
30807
31003
31188
31362
31527
31681
31825
31958
32081
32193
32295
32386
32466
32536
32595
32643
32681
32707
32724
32729
32724
32707
32681
32643
32595
32536
32466
32386
32295
32193
32081
31958
31825
31681
31527
31362
31188
31003
30807
30602
30387
30161
29926
29681
29426
29162
28888
28604
28311
28009
27697
27377
27047
26709
26362
26006
25641
25268
24887
24498
24101
23695
23282
22862
22433
21998
21555
21105
20648
20185
19714
19238
18755
18265
17770
17269
16762
16250
15733
15210
14682
14150
13612
13071
12525
11975
11421
10863
10302
9737
9169
8598
8024
7448
6869
6288
5705
5120
4533
3945
3356
2765
2173
1581
989
395
-198
-791
-1384
-1976
-2568
-3159
-3749
-4337
-4925
-5510
-6094
-6676
-7255
-7833
-8407
-8979
-9548
-10114
-10676
-11235
-11791
-12342
-12889
-13432
-13971
-14505
-15035
-15559
-16078
-16592
-17101
-17604
-18101
-18592
-19077
-19556
-20029
-20494
-20954
-21406
-21851
-22289
-22720
-23143
-23559
-23966
-24366
-24758
-25142
-25518
-25885
-26244
-26594
-26935
-27268
-27592
-27906
-28211
-28507
-28794
-29071
-29339
-29597
-29846
-30084
-30313
-30531
-30740
-30939
-31127
-31305
-31473
-31631
-31778
-31915
-32041
-32157
-32262
-32356
-32440
-32514
-32576
-32628
-32669
-32700
-32719
-32728
-32727
-32714
-32691
-32657
-32612
-32557
-32490
-32414
-32326
-32228
-32119
-32000
-31870
-31730
-31579
-31418
-31247
-31065
-30874
-30672
-30460
-30238
-30006
-29764
-29512
-29251
-28980
-28700
-28410
-28111
-27802
-27485
-27158
-26823
-26478
-26125
-25764
-25394
-25015
-24629
-24234
-23831
-23421
-23003
-22577
-22144
-21703
-21256
-20801
-20340
-19872
-19397
-18916
-18429
-17936
-17437
-16932
-16422
-15906
-15385
-14859
-14328
-13792
-13252
-12707
-12159
-11606
-11049
-10489
-9926
-9359
-8789
-8216
-7640
-7062
-6482
-5900
-5315
-4729
-4141
-3552
-2962
-2371
-1779
-1186
-593
0
593
1186
1779
2371
2962
3552
4141
4729
5315
5900
6482
7062
7640
8216
8789
9359
9926
10489
11049
11606
12159
12707
13252
13792
14328
14859
15385
15906
16422
16932
17437
17936
18429
18916
19397
19872
20340
20801
21256
21703
22144
22577
23003
23421
23831
24234
24629
25015
25394
25764
26125
26478
26823
27158
27485
27802
28111
28410
28700
28980
29251
29512
29764
30006
30238
30460
30672
30874
31065
31247
31418
31579
31730
31870
32000
32119
32228
32326
32414
32490
32557
32612
32657
32691
32714
32727
32728
32719
32700
32669
32628
32576
32514
32440
32356
32262
32157
32041
31915
31778
31631
31473
31305
31127
30939
30740
30531
30313
30084
29846
29597
29339
29071
28794
28507
28211
27906
27592
27268
26935
26594
26244
25885
25518
25142
24758
24366
23966
23559
23143
22720
22289
21851
21406
20954
20494
20029
19556
19077
18592
18101
17604
17101
16592
16078
15559
15035
14505
13971
13432
12889
12342
11791
11235
10676
10114
9548
8979
8407
7833
7255
6676
6094
5510
4925
4337
3749
3159
2568
1976
1384
791
198
-395
-989
-1581
-2173
-2765
-3356
-3945
-4533
-5120
-5705
-6288
-6869
-7448
-8024
-8598
-9169
-9737
-10302
-10863
-11421
-11975
-12525
-13071
-13612
-14150
-14682
-15210
-15733
-16250
-16762
-17269
-17770
-18265
-18755
-19238
-19714
-20185
-20648
-21105
-21555
-21998
-22433
-22862
-23282
-23695
-24101
-24498
-24887
-25268
-25641
-26006
-26362
-26709
-27047
-27377
-27697
-28009
-28311
-28604
-28888
-29162
-29426
-29681
-29926
-30161
-30387
-30602
-30807
-31003
-31188
-31362
-31527
-31681
-31825
-31958
-32081
-32193
-32295
-32386
-32466
-32536
-32595
-32643
-32681
-32707
-32724
-32729
-32724
-32707
-32681
-32643
-32595
-32536
-32466
-32386
-32295
-32193
-32081
-31958
-31825
-31681
-31527
-31362
-31188
-31003
-30807
-30602
-30387
-30161
-29926
-29681
-29426
-29162
-28888
-28604
-28311
-28009
-27697
-27377
-27047
-26709
-26362
-26006
-25641
-25268
-24887
-24498
-24101
-23695
-23282
-22862
-22433
-21998
-21555
-21105
-20648
-20185
-19714
-19238
-18755
-18265
-17770
-17269
-16762
-16250
-15733
-15210
-14682
-14150
-13612
-13071
-12525
-11975
-11421
-10863
-10302
-9737
-9169
-8598
-8024
-7448
-6869
-6288
-5705
-5120
-4533
-3945
-3356
-2765
-2173
-1581
-989
-395
198
791
1384
1976
2568
3159
3749
4337
4925
5510
6094
6676
7255
7833
8407
8979
9548
10114
10676
11235
11791
12342
12889
13432
13971
14505
15035
15559
16078
16592
17101
17604
18101
18592
19077
19556
20029
20494
20954
21406
21851
22289
22720
23143
23559
23966
24366
24758
25142
25518
25885
26244
26594
26935
27268
27592
27906
28211
28507
28794
29071
29339
29597
29846
30084
30313
30531
30740
30939
31127
31305
31473
31631
31778
31915
32041
32157
32262
32356
32440
32514
32576
32628
32669
32700
32719
32728
32727
32714
32691
32657
32612
32557
32490
32414
32326
32228
32119
32000
31870
31730
31579
31418
31247
31065
30874
30672
30460
30238
30006
29764
29512
29251
28980
28700
28410
28111
27802
27485
27158
26823
26478
26125
25764
25394
25015
24629
24234
23831
23421
23003
22577
22144
21703
21256
20801
20340
19872
19397
18916
18429
17936
17437
16932
16422
15906
15385
14859
14328
13792
13252
12707
12159
11606
11049
10489
9926
9359
8789
8216
7640
7062
6482
5900
5315
4729
4141
3552
2962
2371
1779
1186
593
0
-593
-1186
-1779
-2371
-2962
-3552
-4141
-4729
-5315
-5900
-6482
-7062
-7640
-8216
-8789
-9359
-9926
-10489
-11049
-11606
-12159
-12707
-13252
-13792
-14328
-14859
-15385
-15906
-16422
-16932
-17437
-17936
-18429
-18916
-19397
-19872
-20340
-20801
-21256
-21703
-22144
-22577
-23003
-23421
-23831
-24234
-24629
-25015
-25394
-25764
-26125
-26478
-26823
-27158
-27485
-27802
-28111
-28410
-28700
-28980
-29251
-29512
-29764
-30006
-30238
-30460
-30672
-30874
-31065
-31247
-31418
-31579
-31730
-31870
-32000
-32119
-32228
-32326
-32414
-32490
-32557
-32612
-32657
-32691
-32714
-32727
-32728
-32719
-32700
-32669
-32628
-32576
-32514
-32440
-32356
-32262
-32157
-32041
-31915
-31778
-31631
-31473
-31305
-31127
-30939
-30740
-30531
-30313
-30084
-29846
-29597
-29339
-29071
-28794
-28507
-28211
-27906
-27592
-27268
-26935
-26594
-26244
-25885
-25518
-25142
-24758
-24366
-23966
-23559
-23143
-22720
-22289
-21851
-21406
-20954
-20494
-20029
-19556
-19077
-18592
-18101
-17604
-17101
-16592
-16078
-15559
-15035
-14505
-13971
-13432
-12889
-12342
-11791
-11235
-10676
-10114
-9548
-8979
-8407
-7833
-7255
-6676
-6094
-5510
-4925
-4337
-3749
-3159
-2568
-1976
-1384
-791
-198
395
989
1581
2173
2765
3356
3945
4533
5120
5705
6288
6869
7448
8024
8598
9169
9737
10302
10863
11421
11975
12525
13071
13612
14150
14682
15210
15733
16250
16762
17269
17770
18265
18755
19238
19714
20185
20648
21105
21555
21998
22433
22862
23282
23695
24101
24498
24887
25268
25641
26006
26362
26709
27047
27377
27697
28009
28311
28604
28888
29162
29426
29681
29926
30161
30387
30602
30807
31003
31188
31362
31527
31681
31825
31958
32081
32193
32295
32386
32466
32536
32595
32643
32681
32707
32724
32729
32724
32707
32681
32643
32595
32536
32466
32386
32295
32193
32081
31958
31825
31681
31527
31362
31188
31003
30807
30602
30387
30161
29926
29681
29426
29162
28888
28604
28311
28009
27697
27377
27047
26709
26362
26006
25641
25268
24887
24498
24101
23695
23282
22862
22433
21998
21555
21105
20648
20185
19714
19238
18755
18265
17770
17269
16762
16250
15733
15210
14682
14150
13612
13071
12525
11975
11421
10863
10302
9737
9169
8598
8024
7448
6869
6288
5705
5120
4533
3945
3356
2765
2173
1581
989
395
-198
-791
-1384
-1976
-2568
-3159
-3749
-4337
-4925
-5510
-6094
-6676
-7255
-7833
-8407
-8979
-9548
-10114
-10676
-11235
-11791
-12342
-12889
-13432
-13971
-14505
-15035
-15559
-16078
-16592
-17101
-17604
-18101
-18592
-19077
-19556
-20029
-20494
-20954
-21406
-21851
-22289
-22720
-23143
-23559
-23966
-24366
-24758
-25142
-25518
-25885
-26244
-26594
-26935
-27268
-27592
-27906
-28211
-28507
-28794
-29071
-29339
-29597
-29846
-30084
-30313
-30531
-30740
-30939
-31127
-31305
-31473
-31631
-31778
-31915
-32041
-32157
-32262
-32356
-32440
-32514
-32576
-32628
-32669
-32700
-32719
-32728
-32727
-32714
-32691
-32657
-32612
-32557
-32490
-32414
-32326
-32228
-32119
-32000
-31870
-31730
-31579
-31418
-31247
-31065
-30874
-30672
-30460
-30238
-30006
-29764
-29512
-29251
-28980
-28700
-28410
-28111
-27802
-27485
-27158
-26823
-26478
-26125
-25764
-25394
-25015
-24629
-24234
-23831
-23421
-23003
-22577
-22144
-21703
-21256
-20801
-20340
-19872
-19397
-18916
-18429
-17936
-17437
-16932
-16422
-15906
-15385
-14859
-14328
-13792
-13252
-12707
-12159
-11606
-11049
-10489
-9926
-9359
-8789
-8216
-7640
-7062
-6482
-5900
-5315
-4729
-4141
-3552
-2962
-2371
-1779
-1186
-593
0
593
1186
1779
2371
2962
3552
4141
4729
5315
5900
6482
7062
7640
8216
8789
9359
9926
10489
11049
11606
12159
12707
13252
13792
14328
14859
15385
15906
16422
16932
17437
17936
18429
18916
19397
19872
20340
20801
21256
21703
22144
22577
23003
23421
23831
24234
24629
25015
25394
25764
26125
26478
26823
27158
27485
27802
28111
28410
28700
28980
29251
29512
29764
30006
30238
30460
30672
30874
31065
31247
31418
31579
31730
31870
32000
32119
32228
32326
32414
32490
32557
32612
32657
32691
32714
32727
32728
32719
32700
32669
32628
32576
32514
32440
32356
32262
32157
32041
31915
31778
31631
31473
31305
31127
30939
30740
30531
30313
30084
29846
29597
29339
29071
28794
28507
28211
27906
27592
27268
26935
26594
26244
25885
25518
25142
24758
24366
23966
23559
23143
22720
22289
21851
21406
20954
20494
20029
19556
19077
18592
18101
17604
17101
16592
16078
15559
15035
14505
13971
13432
12889
12342
11791
11235
10676
10114
9548
8979
8407
7833
7255
6676
6094
5510
4925
4337
3749
3159
2568
1976
1384
791
198
-395
-989
-1581
-2173
-2765
-3356
-3945
-4533
-5120
-5705
-6288
-6869
-7448
-8024
-8598
-9169
-9737
-10302
-10863
-11421
-11975
-12525
-13071
-13612
-14150
-14682
-15210
-15733
-16250
-16762
-17269
-17770
-18265
-18755
-19238
-19714
-20185
-20648
-21105
-21555
-21998
-22433
-22862
-23282
-23695
-24101
-24498
-24887
-25268
-25641
-26006
-26362
-26709
-27047
-27377
-27697
-28009
-28311
-28604
-28888
-29162
-29426
-29681
-29926
-30161
-30387
-30602
-30807
-31003
-31188
-31362
-31527
-31681
-31825
-31958
-32081
-32193
-32295
-32386
-32466
-32536
-32595
-32643
-32681
-32707
-32724
-32729
-32724
-32707
-32681
-32643
-32595
-32536
-32466
-32386
-32295
-32193
-32081
-31958
-31825
-31681
-31527
-31362
-31188
-31003
-30807
-30602
-30387
-30161
-29926
-29681
-29426
-29162
-28888
-28604
-28311
-28009
-27697
-27377
-27047
-26709
-26362
-26006
-25641
-25268
-24887
-24498
-24101
-23695
-23282
-22862
-22433
-21998
-21555
-21105
-20648
-20185
-19714
-19238
-18755
-18265
-17770
-17269
-16762
-16250
-15733
-15210
-14682
-14150
-13612
-13071
-12525
-11975
-11421
-10863
-10302
-9737
-9169
-8598
-8024
-7448
-6869
-6288
-5705
-5120
-4533
-3945
-3356
-2765
-2173
-1581
-989
-395
198
791
1384
1976
2568
3159
3749
4337
4925
5510
6094
6676
7255
7833
8407
8979
9548
10114
10676
11235
11791
12342
12889
13432
13971
14505
15035
15559
16078
16592
17101
17604
18101
18592
19077
19556
20029
20494
20954
21406
21851
22289
22720
23143
23559
23966
24366
24758
25142
25518
25885
26244
26594
26935
27268
27592
27906
28211
28507
28794
29071
29339
29597
29846
30084
30313
30531
30740
30939
31127
31305
31473
31631
31778
31915
32041
32157
32262
32356
32440
32514
32576
32628
32669
32700
32719
32728
32727
32714
32691
32657
32612
32557
32490
32414
32326
32228
32119
32000
31870
31730
31579
31418
31247
31065
30874
30672
30460
30238
30006
29764
29512
29251
28980
28700
28410
28111
27802
27485
27158
26823
26478
26125
25764
25394
25015
24629
24234
23831
23421
23003
22577
22144
21703
21256
20801
20340
19872
19397
18916
18429
17936
17437
16932
16422
15906
15385
14859
14328
13792
13252
12707
12159
11606
11049
10489
9926
9359
8789
8216
7640
7062
6482
5900
5315
4729
4141
3552
2962
2371
1779
1186
593
0
-593
-1186
-1779
-2371
-2962
-3552
-4141
-4729
-5315
-5900
-6482
-7062
-7640
-8216
-8789
-9359
-9926
-10489
-11049
-11606
-12159
-12707
-13252
-13792
-14328
-14859
-15385
-15906
-16422
-16932
-17437
-17936
-18429
-18916
-19397
-19872
-20340
-20801
-21256
-21703
-22144
-22577
-23003
-23421
-23831
-24234
-24629
-25015
-25394
-25764
-26125
-26478
-26823
-27158
-27485
-27802
-28111
-28410
-28700
-28980
-29251
-29512
-29764
-30006
-30238
-30460
-30672
-30874
-31065
-31247
-31418
-31579
-31730
-31870
-32000
-32119
-32228
-32326
-32414
-32490
-32557
-32612
-32657
-32691
-32714
-32727
-32728
-32719
-32700
-32669
-32628
-32576
-32514
-32440
-32356
-32262
-32157
-32041
-31915
-31778
-31631
-31473
-31305
-31127
-30939
-30740
-30531
-30313
-30084
-29846
-29597
-29339
-29071
-28794
-28507
-28211
-27906
-27592
-27268
-26935
-26594
-26244
-25885
-25518
-25142
-24758
-24366
-23966
-23559
-23143
-22720
-22289
-21851
-21406
-20954
-20494
-20029
-19556
-19077
-18592
-18101
-17604
-17101
-16592
-16078
-15559
-15035
-14505
-13971
-13432
-12889
-12342
-11791
-11235
-10676
-10114
-9548
-8979
-8407
-7833
-7255
-6676
-6094
-5510
-4925
-4337
-3749
-3159
-2568
-1976
-1384
-791
-198
395
989
1581
2173
2765
3356
3945
4533
5120
5705
6288
6869
7448
8024
8598
9169
9737
10302
10863
11421
11975
12525
13071
13612
14150
14682
15210
15733
16250
16762
17269
17770
18265
18755
19238
19714
20185
20648
21105
21555
21998
22433
22862
23282
23695
24101
24498
24887
25268
25641
26006
26362
26709
27047
27377
27697
28009
28311
28604
28888
29162
29426
29681
29926
30161
30387
30602
30807
31003
31188
31362
31527
31681
31825
31958
32081
32193
32295
32386
32466
32536
32595
32643
32681
32707
32724
32729
32724
32707
32681
32643
32595
32536
32466
32386
32295
32193
32081
31958
31825
31681
31527
31362
31188
31003
30807
30602
30387
30161
29926
29681
29426
29162
28888
28604
28311
28009
27697
27377
27047
26709
26362
26006
25641
25268
24887
24498
24101
23695
23282
22862
22433
21998
21555
21105
20648
20185
19714
19238
18755
18265
17770
17269
16762
16250
15733
15210
14682
14150
13612
13071
12525
11975
11421
10863
10302
9737
9169
8598
8024
7448
6869
6288
5705
5120
4533
3945
3356
2765
2173
1581
989
395
-198
-791
-1384
-1976
-2568
-3159
-3749
-4337
-4925
-5510
-6094
-6676
-7255
-7833
-8407
-8979
-9548
-10114
-10676
-11235
-11791
-12342
-12889
-13432
-13971
-14505
-15035
-15559
-16078
-16592
-17101
-17604
-18101
-18592
-19077
-19556
-20029
-20494
-20954
-21406
-21851
-22289
-22720
-23143
-23559
-23966
-24366
-24758
-25142
-25518
-25885
-26244
-26594
-26935
-27268
-27592
-27906
-28211
-28507
-28794
-29071
-29339
-29597
-29846
-30084
-30313
-30531
-30740
-30939
-31127
-31305
-31473
-31631
-31778
-31915
-32041
-32157
-32262
-32356
-32440
-32514
-32576
-32628
-32669
-32700
-32719
-32728
-32727
-32714
-32691
-32657
-32612
-32557
-32490
-32414
-32326
-32228
-32119
-32000
-31870
-31730
-31579
-31418
-31247
-31065
-30874
-30672
-30460
-30238
-30006
-29764
-29512
-29251
-28980
-28700
-28410
-28111
-27802
-27485
-27158
-26823
-26478
-26125
-25764
-25394
-25015
-24629
-24234
-23831
-23421
-23003
-22577
-22144
-21703
-21256
-20801
-20340
-19872
-19397
-18916
-18429
-17936
-17437
-16932
-16422
-15906
-15385
-14859
-14328
-13792
-13252
-12707
-12159
-11606
-11049
-10489
-9926
-9359
-8789
-8216
-7640
-7062
-6482
-5900
-5315
-4729
-4141
-3552
-2962
-2371
-1779
-1186
-593
0
593
1186
1779
2371
2962
3552
4141
4729
5315
5900
6482
7062
7640
8216
8789
9359
9926
10489
11049
11606
12159
12707
13252
13792
14328
14859
15385
15906
16422
16932
17437
17936
18429
18916
19397
19872
20340
20801
21256
21703
22144
22577
23003
23421
23831
24234
24629
25015
25394
25764
26125
26478
26823
27158
27485
27802
28111
28410
28700
28980
29251
29512
29764
30006
30238
30460
30672
30874
31065
31247
31418
31579
31730
31870
32000
32119
32228
32326
32414
32490
32557
32612
32657
32691
32714
32727
32728
32719
32700
32669
32628
32576
32514
32440
32356
32262
32157
32041
31915
31778
31631
31473
31305
31127
30939
30740
30531
30313
30084
29846
29597
29339
29071
28794
28507
28211
27906
27592
27268
26935
26594
26244
25885
25518
25142
24758
24366
23966
23559
23143
22720
22289
21851
21406
20954
20494
20029
19556
19077
18592
18101
17604
17101
16592
16078
15559
15035
14505
13971
13432
12889
12342
11791
11235
10676
10114
9548
8979
8407
7833
7255
6676
6094
5510
4925
4337
3749
3159
2568
1976
1384
791
198
-395
-989
-1581
-2173
-2765
-3356
-3945
-4533
-5120
-5705
-6288
-6869
-7448
-8024
-8598
-9169
-9737
-10302
-10863
-11421
-11975
-12525
-13071
-13612
-14150
-14682
-15210
-15733
-16250
-16762
-17269
-17770
-18265
-18755
-19238
-19714
-20185
-20648
-21105
-21555
-21998
-22433
-22862
-23282
-23695
-24101
-24498
-24887
-25268
-25641
-26006
-26362
-26709
-27047
-27377
-27697
-28009
-28311
-28604
-28888
-29162
-29426
-29681
-29926
-30161
-30387
-30602
-30807
-31003
-31188
-31362
-31527
-31681
-31825
-31958
-32081
-32193
-32295
-32386
-32466
-32536
-32595
-32643
-32681
-32707
-32724
-32729
-32724
-32707
-32681
-32643
-32595
-32536
-32466
-32386
-32295
-32193
-32081
-31958
-31825
-31681
-31527
-31362
-31188
-31003
-30807
-30602
-30387
-30161
-29926
-29681
-29426
-29162
-28888
-28604
-28311
-28009
-27697
-27377
-27047
-26709
-26362
-26006
-25641
-25268
-24887
-24498
-24101
-23695
-23282
-22862
-22433
-21998
-21555
-21105
-20648
-20185
-19714
-19238
-18755
-18265
-17770
-17269
-16762
-16250
-15733
-15210
-14682
-14150
-13612
-13071
-12525
-11975
-11421
-10863
-10302
-9737
-9169
-8598
-8024
-7448
-6869
-6288
-5705
-5120
-4533
-3945
-3356
-2765
-2173
-1581
-989
-395
198
791
1384
1976
2568
3159
3749
4337
4925
5510
6094
6676
7255
7833
8407
8979
9548
10114
10676
11235
11791
12342
12889
13432
13971
14505
15035
15559
16078
16592
17101
17604
18101
18592
19077
19556
20029
20494
20954
21406
21851
22289
22720
23143
23559
23966
24366
24758
25142
25518
25885
26244
26594
26935
27268
27592
27906
28211
28507
28794
29071
29339
29597
29846
30084
30313
30531
30740
30939
31127
31305
31473
31631
31778
31915
32041
32157
32262
32356
32440
32514
32576
32628
32669
32700
32719
32728
32727
32714
32691
32657
32612
32557
32490
32414
32326
32228
32119
32000
31870
31730
31579
31418
31247
31065
30874
30672
30460
30238
30006
29764
29512
29251
28980
28700
28410
28111
27802
27485
27158
26823
26478
26125
25764
25394
25015
24629
24234
23831
23421
23003
22577
22144
21703
21256
20801
20340
19872
19397
18916
18429
17936
17437
16932
16422
15906
15385
14859
14328
13792
13252
12707
12159
11606
11049
10489
9926
9359
8789
8216
7640
7062
6482
5900
5315
4729
4141
3552
2962
2371
1779
1186
593
0
-593
-1186
-1779
-2371
-2962
-3552
-4141
-4729
-5315
-5900
-6482
-7062
-7640
-8216
-8789
-9359
-9926
-10489
-11049
-11606
-12159
-12707
-13252
-13792
-14328
-14859
-15385
-15906
-16422
-16932
-17437
-17936
-18429
-18916
-19397
-19872
-20340
-20801
-21256
-21703
-22144
-22577
-23003
-23421
-23831
-24234
-24629
-25015
-25394
-25764
-26125
-26478
-26823
-27158
-27485
-27802
-28111
-28410
-28700
-28980
-29251
-29512
-29764
-30006
-30238
-30460
-30672
-30874
-31065
-31247
-31418
-31579
-31730
-31870
-32000
-32119
-32228
-32326
-32414
-32490
-32557
-32612
-32657
-32691
-32714
-32727
-32728
-32719
-32700
-32669
-32628
-32576
-32514
-32440
-32356
-32262
-32157
-32041
-31915
-31778
-31631
-31473
-31305
-31127
-30939
-30740
-30531
-30313
-30084
-29846
-29597
-29339
-29071
-28794
-28507
-28211
-27906
-27592
-27268
-26935
-26594
-26244
-25885
-25518
-25142
-24758
-24366
-23966
-23559
-23143
-22720
-22289
-21851
-21406
-20954
-20494
-20029
-19556
-19077
-18592
-18101
-17604
-17101
-16592
-16078
-15559
-15035
-14505
-13971
-13432
-12889
-12342
-11791
-11235
-10676
-10114
-9548
-8979
-8407
-7833
-7255
-6676
-6094
-5510
-4925
-4337
-3749
-3159
-2568
-1976
-1384
-791
-198
395
989
1581
2173
2765
3356
3945
4533
5120
5705
6288
6869
7448
8024
8598
9169
9737
10302
10863
11421
11975
12525
13071
13612
14150
14682
15210
15733
16250
16762
17269
17770
18265
18755
19238
19714
20185
20648
21105
21555
21998
22433
22862
23282
23695
24101
24498
24887
25268
25641
26006
26362
26709
27047
27377
27697
28009
28311
28604
28888
29162
29426
29681
29926
30161
30387
30602
30807
31003
31188
31362
31527
31681
31825
31958
32081
32193
32295
32386
32466
32536
32595
32643
32681
32707
32724
