32729
32728
32727
32724
32719
32714
32707
32700
32691
32681
32669
32657
32643
32628
32612
32595
32576
32557
32536
32514
32490
32466
32440
32414
32386
32356
32326
32295
32262
32228
32193
32157
32119
32081
32041
32000
31958
31915
31870
31825
31778
31730
31681
31631
31579
31527
31473
31418
31362
31305
31247
31188
31127
31065
31003
30939
30874
30807
30740
30672
30602
30531
30460
30387
30313
30238
30161
30084
30006
29926
29846
29764
29681
29597
29512
29426
29339
29251
29162
29071
28980
28888
28794
28700
28604
28507
28410
28311
28211
28111
28009
27906
27802
27697
27592
27485
27377
27268
27158
27047
26935
26823
26709
26594
26478
26362
26244
26125
26006
25885
25764
25641
25518
25394
25268
25142
25015
24887
24758
24629
24498
24366
24234
24101
23966
23831
23695
23559
23421
23282
23143
23003
22862
22720
22577
22433
22289
22144
21998
21851
21703
21555
21406
21256
21105
20954
20801
20648
20494
20340
20185
20029
19872
19714
19556
19397
19238
19077
18916
18755
18592
18429
18265
18101
17936
17770
17604
17437
17269
17101
16932
16762
16592
16422
16250
16078
15906
15733
15559
15385
15210
15035
14859
14682
14505
14328
14150
13971
13792
13612
13432
13252
13071
12889
12707
12525
12342
12159
11975
11791
11606
11421
11235
11049
10863
10676
10489
10302
10114
9926
9737
9548
9359
9169
8979
8789
8598
8407
8216
8024
7833
7640
7448
7255
7062
6869
6676
6482
6288
6094
5900
5705
5510
5315
5120
4925
4729
4533
4337
4141
3945
3749
3552
3356
3159
2962
2765
2568
2371
2173
1976
1779
1581
1384
1186
989
791
593
395
198
0
-198
-395
-593
-791
-989
-1186
-1384
-1581
-1779
-1976
-2173
-2371
-2568
-2765
-2962
-3159
-3356
-3552
-3749
-3945
-4141
-4337
-4533
-4729
-4925
-5120
-5315
-5510
-5705
-5900
-6094
-6288
-6482
-6676
-6869
-7062
-7255
-7448
-7640
-7833
-8024
-8216
-8407
-8598
-8789
-8979
-9169
-9359
-9548
-9737
-9926
-10114
-10302
-10489
-10676
-10863
-11049
-11235
-11421
-11606
-11791
-11975
-12159
-12342
-12525
-12707
-12889
-13071
-13252
-13432
-13612
-13792
-13971
-14150
-14328
-14505
-14682
-14859
-15035
-15210
-15385
-15559
-15733
-15906
-16078
-16250
-16422
-16592
-16762
-16932
-17101
-17269
-17437
-17604
-17770
-17936
-18101
-18265
-18429
-18592
-18755
-18916
-19077
-19238
-19397
-19556
-19714
-19872
-20029
-20185
-20340
-20494
-20648
-20801
-20954
-21105
-21256
-21406
-21555
-21703
-21851
-21998
-22144
-22289
-22433
-22577
-22720
-22862
-23003
-23143
-23282
-23421
-23559
-23695
-23831
-23966
-24101
-24234
-24366
-24498
-24629
-24758
-24887
-25015
-25142
-25268
-25394
-25518
-25641
-25764
-25885
-26006
-26125
-26244
-26362
-26478
-26594
-26709
-26823
-26935
-27047
-27158
-27268
-27377
-27485
-27592
-27697
-27802
-27906
-28009
-28111
-28211
-28311
-28410
-28507
-28604
-28700
-28794
-28888
-28980
-29071
-29162
-29251
-29339
-29426
-29512
-29597
-29681
-29764
-29846
-29926
-30006
-30084
-30161
-30238
-30313
-30387
-30460
-30531
-30602
-30672
-30740
-30807
-30874
-30939
-31003
-31065
-31127
-31188
-31247
-31305
-31362
-31418
-31473
-31527
-31579
-31631
-31681
-31730
-31778
-31825
-31870
-31915
-31958
-32000
-32041
-32081
-32119
-32157
-32193
-32228
-32262
-32295
-32326
-32356
-32386
-32414
-32440
-32466
-32490
-32514
-32536
-32557
-32576
-32595
-32612
-32628
-32643
-32657
-32669
-32681
-32691
-32700
-32707
-32714
-32719
-32724
-32727
-32728
-32729
-32728
-32727
-32724
-32719
-32714
-32707
-32700
-32691
-32681
-32669
-32657
-32643
-32628
-32612
-32595
-32576
-32557
-32536
-32514
-32490
-32466
-32440
-32414
-32386
-32356
-32326
-32295
-32262
-32228
-32193
-32157
-32119
-32081
-32041
-32000
-31958
-31915
-31870
-31825
-31778
-31730
-31681
-31631
-31579
-31527
-31473
-31418
-31362
-31305
-31247
-31188
-31127
-31065
-31003
-30939
-30874
-30807
-30740
-30672
-30602
-30531
-30460
-30387
-30313
-30238
-30161
-30084
-30006
-29926
-29846
-29764
-29681
-29597
-29512
-29426
-29339
-29251
-29162
-29071
-28980
-28888
-28794
-28700
-28604
-28507
-28410
-28311
-28211
-28111
-28009
-27906
-27802
-27697
-27592
-27485
-27377
-27268
-27158
-27047
-26935
-26823
-26709
-26594
-26478
-26362
-26244
-26125
-26006
-25885
-25764
-25641
-25518
-25394
-25268
-25142
-25015
-24887
-24758
-24629
-24498
-24366
-24234
-24101
-23966
-23831
-23695
-23559
-23421
-23282
-23143
-23003
-22862
-22720
-22577
-22433
-22289
-22144
-21998
-21851
-21703
-21555
-21406
-21256
-21105
-20954
-20801
-20648
-20494
-20340
-20185
-20029
-19872
-19714
-19556
-19397
-19238
-19077
-18916
-18755
-18592
-18429
-18265
-18101
-17936
-17770
-17604
-17437
-17269
-17101
-16932
-16762
-16592
-16422
-16250
-16078
-15906
-15733
-15559
-15385
-15210
-15035
-14859
-14682
-14505
-14328
-14150
-13971
-13792
-13612
-13432
-13252
-13071
-12889
-12707
-12525
-12342
-12159
-11975
-11791
-11606
-11421
-11235
-11049
-10863
-10676
-10489
-10302
-10114
-9926
-9737
-9548
-9359
-9169
-8979
-8789
-8598
-8407
-8216
-8024
-7833
-7640
-7448
-7255
-7062
-6869
-6676
-6482
-6288
-6094
-5900
-5705
-5510
-5315
-5120
-4925
-4729
-4533
-4337
-4141
-3945
-3749
-3552
-3356
-3159
-2962
-2765
-2568
-2371
-2173
-1976
-1779
-1581
-1384
-1186
-989
-791
-593
-395
-198
0
198
395
593
791
989
1186
1384
1581
1779
1976
2173
2371
2568
2765
2962
3159
3356
3552
3749
3945
4141
4337
4533
4729
4925
5120
5315
5510
5705
5900
6094
6288
6482
6676
6869
7062
7255
7448
7640
7833
8024
8216
8407
8598
8789
8979
9169
9359
9548
9737
9926
10114
10302
10489
10676
10863
11049
11235
11421
11606
11791
11975
12159
12342
12525
12707
12889
13071
13252
13432
13612
13792
13971
14150
14328
14505
14682
14859
15035
15210
15385
15559
15733
15906
16078
16250
16422
16592
16762
16932
17101
17269
17437
17604
17770
17936
18101
18265
18429
18592
18755
18916
19077
19238
19397
19556
19714
19872
20029
20185
20340
20494
20648
20801
20954
21105
21256
21406
21555
21703
21851
21998
22144
22289
22433
22577
22720
22862
23003
23143
23282
23421
23559
23695
23831
23966
24101
24234
24366
24498
24629
24758
24887
25015
25142
25268
25394
25518
25641
25764
25885
26006
26125
26244
26362
26478
26594
26709
26823
26935
27047
27158
27268
27377
27485
27592
27697
27802
27906
28009
28111
28211
28311
28410
28507
28604
28700
28794
28888
28980
29071
29162
29251
29339
29426
29512
29597
29681
29764
29846
29926
30006
30084
30161
30238
30313
30387
30460
30531
30602
30672
30740
30807
30874
30939
31003
31065
31127
31188
31247
31305
31362
31418
31473
31527
31579
31631
31681
31730
31778
31825
31870
31915
31958
32000
32041
32081
32119
32157
32193
32228
32262
32295
32326
32356
32386
32414
32440
32466
32490
32514
32536
32557
32576
32595
32612
32628
32643
32657
32669
32681
32691
32700
32707
32714
32719
32724
32727
32728
32729
32728
32727
32724
32719
32714
32707
32700
32691
32681
32669
32657
32643
32628
32612
32595
32576
32557
32536
32514
32490
32466
32440
32414
32386
32356
32326
32295
32262
32228
32193
32157
32119
32081
32041
32000
31958
31915
31870
31825
31778
31730
31681
31631
31579
31527
31473
31418
31362
31305
31247
31188
31127
31065
31003
30939
30874
30807
30740
30672
30602
30531
30460
30387
30313
30238
30161
30084
30006
29926
29846
29764
29681
29597
29512
29426
29339
29251
29162
29071
28980
28888
28794
28700
28604
28507
28410
28311
28211
28111
28009
27906
27802
27697
27592
27485
27377
27268
27158
27047
26935
26823
26709
26594
26478
26362
26244
26125
26006
25885
25764
25641
25518
25394
25268
25142
25015
24887
24758
24629
24498
24366
24234
24101
23966
23831
23695
23559
23421
23282
23143
23003
22862
22720
22577
22433
22289
22144
21998
21851
21703
21555
21406
21256
21105
20954
20801
20648
20494
20340
20185
20029
19872
19714
19556
19397
19238
19077
18916
18755
18592
18429
18265
18101
17936
17770
17604
17437
17269
17101
16932
16762
16592
16422
16250
16078
15906
15733
15559
15385
15210
15035
14859
14682
14505
14328
14150
13971
13792
13612
13432
13252
13071
12889
12707
12525
12342
12159
11975
11791
11606
11421
11235
11049
10863
10676
10489
10302
10114
9926
9737
9548
9359
9169
8979
8789
8598
8407
8216
8024
7833
7640
7448
7255
7062
6869
6676
6482
6288
6094
5900
5705
5510
5315
5120
4925
4729
4533
4337
4141
3945
3749
3552
3356
3159
2962
2765
2568
2371
2173
1976
1779
1581
1384
1186
989
791
593
395
198
0
-198
-395
-593
-791
-989
-1186
-1384
-1581
-1779
-1976
-2173
-2371
-2568
-2765
-2962
-3159
-3356
-3552
-3749
-3945
-4141
-4337
-4533
-4729
-4925
-5120
-5315
-5510
-5705
-5900
-6094
-6288
-6482
-6676
-6869
-7062
-7255
-7448
-7640
-7833
-8024
-8216
-8407
-8598
-8789
-8979
-9169
-9359
-9548
-9737
-9926
-10114
-10302
-10489
-10676
-10863
-11049
-11235
-11421
-11606
-11791
-11975
-12159
-12342
-12525
-12707
-12889
-13071
-13252
-13432
-13612
-13792
-13971
-14150
-14328
-14505
-14682
-14859
-15035
-15210
-15385
-15559
-15733
-15906
-16078
-16250
-16422
-16592
-16762
-16932
-17101
-17269
-17437
-17604
-17770
-17936
-18101
-18265
-18429
-18592
-18755
-18916
-19077
-19238
-19397
-19556
-19714
-19872
-20029
-20185
-20340
-20494
-20648
-20801
-20954
-21105
-21256
-21406
-21555
-21703
-21851
-21998
-22144
-22289
-22433
-22577
-22720
-22862
-23003
-23143
-23282
-23421
-23559
-23695
-23831
-23966
-24101
-24234
-24366
-24498
-24629
-24758
-24887
-25015
-25142
-25268
-25394
-25518
-25641
-25764
-25885
-26006
-26125
-26244
-26362
-26478
-26594
-26709
-26823
-26935
-27047
-27158
-27268
-27377
-27485
-27592
-27697
-27802
-27906
-28009
-28111
-28211
-28311
-28410
-28507
-28604
-28700
-28794
-28888
-28980
-29071
-29162
-29251
-29339
-29426
-29512
-29597
-29681
-29764
-29846
-29926
-30006
-30084
-30161
-30238
-30313
-30387
-30460
-30531
-30602
-30672
-30740
-30807
-30874
-30939
-31003
-31065
-31127
-31188
-31247
-31305
-31362
-31418
-31473
-31527
-31579
-31631
-31681
-31730
-31778
-31825
-31870
-31915
-31958
-32000
-32041
-32081
-32119
-32157
-32193
-32228
-32262
-32295
-32326
-32356
-32386
-32414
-32440
-32466
-32490
-32514
-32536
-32557
-32576
-32595
-32612
-32628
-32643
-32657
-32669
-32681
-32691
-32700
-32707
-32714
-32719
-32724
-32727
-32728
-32729
-32728
-32727
-32724
-32719
-32714
-32707
-32700
-32691
-32681
-32669
-32657
-32643
-32628
-32612
-32595
-32576
-32557
-32536
-32514
-32490
-32466
-32440
-32414
-32386
-32356
-32326
-32295
-32262
-32228
-32193
-32157
-32119
-32081
-32041
-32000
-31958
-31915
-31870
-31825
-31778
-31730
-31681
-31631
-31579
-31527
-31473
-31418
-31362
-31305
-31247
-31188
-31127
-31065
-31003
-30939
-30874
-30807
-30740
-30672
-30602
-30531
-30460
-30387
-30313
-30238
-30161
-30084
-30006
-29926
-29846
-29764
-29681
-29597
-29512
-29426
-29339
-29251
-29162
-29071
-28980
-28888
-28794
-28700
-28604
-28507
-28410
-28311
-28211
-28111
-28009
-27906
-27802
-27697
-27592
-27485
-27377
-27268
-27158
-27047
-26935
-26823
-26709
-26594
-26478
-26362
-26244
-26125
-26006
-25885
-25764
-25641
-25518
-25394
-25268
-25142
-25015
-24887
-24758
-24629
-24498
-24366
-24234
-24101
-23966
-23831
-23695
-23559
-23421
-23282
-23143
-23003
-22862
-22720
-22577
-22433
-22289
-22144
-21998
-21851
-21703
-21555
-21406
-21256
-21105
-20954
-20801
-20648
-20494
-20340
-20185
-20029
-19872
-19714
-19556
-19397
-19238
-19077
-18916
-18755
-18592
-18429
-18265
-18101
-17936
-17770
-17604
-17437
-17269
-17101
-16932
-16762
-16592
-16422
-16250
-16078
-15906
-15733
-15559
-15385
-15210
-15035
-14859
-14682
-14505
-14328
-14150
-13971
-13792
-13612
-13432
-13252
-13071
-12889
-12707
-12525
-12342
-12159
-11975
-11791
-11606
-11421
-11235
-11049
-10863
-10676
-10489
-10302
-10114
-9926
-9737
-9548
-9359
-9169
-8979
-8789
-8598
-8407
-8216
-8024
-7833
-7640
-7448
-7255
-7062
-6869
-6676
-6482
-6288
-6094
-5900
-5705
-5510
-5315
-5120
-4925
-4729
-4533
-4337
-4141
-3945
-3749
-3552
-3356
-3159
-2962
-2765
-2568
-2371
-2173
-1976
-1779
-1581
-1384
-1186
-989
-791
-593
-395
-198
0
198
395
593
791
989
1186
1384
1581
1779
1976
2173
2371
2568
2765
2962
3159
3356
3552
3749
3945
4141
4337
4533
4729
4925
5120
5315
5510
5705
5900
6094
6288
6482
6676
6869
7062
7255
7448
7640
7833
8024
8216
8407
8598
8789
8979
9169
9359
9548
9737
9926
10114
10302
10489
10676
10863
11049
11235
11421
11606
11791
11975
12159
12342
12525
12707
12889
13071
13252
13432
13612
13792
13971
14150
14328
14505
14682
14859
15035
15210
15385
15559
15733
15906
16078
16250
16422
16592
16762
16932
17101
17269
17437
17604
17770
17936
18101
18265
18429
18592
18755
18916
19077
19238
19397
19556
19714
19872
20029
20185
20340
20494
20648
20801
20954
21105
21256
21406
21555
21703
21851
21998
22144
22289
22433
22577
22720
22862
23003
23143
23282
23421
23559
23695
23831
23966
24101
24234
24366
24498
24629
24758
24887
25015
25142
25268
25394
25518
25641
25764
25885
26006
26125
26244
26362
26478
26594
26709
26823
26935
27047
27158
27268
27377
27485
27592
27697
27802
27906
28009
28111
28211
28311
28410
28507
28604
28700
28794
28888
28980
29071
29162
29251
29339
29426
29512
29597
29681
29764
29846
29926
30006
30084
30161
30238
30313
30387
30460
30531
30602
30672
30740
30807
30874
30939
31003
31065
31127
31188
31247
31305
31362
31418
31473
31527
31579
31631
31681
31730
31778
31825
31870
31915
31958
32000
32041
32081
32119
32157
32193
32228
32262
32295
32326
32356
32386
32414
32440
32466
32490
32514
32536
32557
32576
32595
32612
32628
32643
32657
32669
32681
32691
32700
32707
32714
32719
32724
32727
32728
32729
32728
32727
32724
32719
32714
32707
32700
32691
32681
32669
32657
32643
32628
32612
32595
32576
32557
32536
32514
32490
32466
32440
32414
32386
32356
32326
32295
32262
32228
32193
32157
32119
32081
32041
32000
31958
31915
31870
31825
31778
31730
31681
31631
31579
31527
31473
31418
31362
31305
31247
31188
31127
31065
31003
30939
30874
30807
30740
30672
30602
30531
30460
30387
30313
30238
30161
30084
30006
29926
29846
29764
29681
29597
29512
29426
29339
29251
29162
29071
28980
28888
28794
28700
28604
28507
28410
28311
28211
28111
28009
27906
27802
27697
27592
27485
27377
27268
27158
27047
26935
26823
26709
26594
26478
26362
26244
26125
26006
25885
25764
25641
25518
25394
25268
25142
25015
24887
24758
24629
24498
24366
24234
24101
23966
23831
23695
23559
23421
23282
23143
23003
22862
22720
22577
22433
22289
22144
21998
21851
21703
21555
21406
21256
21105
20954
20801
20648
20494
20340
20185
20029
19872
19714
19556
19397
19238
19077
18916
18755
18592
18429
18265
18101
17936
17770
17604
17437
17269
17101
16932
16762
16592
16422
16250
16078
15906
15733
15559
15385
15210
15035
14859
14682
14505
14328
14150
13971
13792
13612
13432
13252
13071
12889
12707
12525
12342
12159
11975
11791
11606
11421
11235
11049
10863
10676
10489
10302
10114
9926
9737
9548
9359
9169
8979
8789
8598
8407
8216
8024
7833
7640
7448
7255
7062
6869
6676
6482
6288
6094
5900
5705
5510
5315
5120
4925
4729
4533
4337
4141
3945
3749
3552
3356
3159
2962
2765
2568
2371
2173
1976
1779
1581
1384
1186
989
791
593
395
198
0
-198
-395
-593
-791
-989
-1186
-1384
-1581
-1779
-1976
-2173
-2371
-2568
-2765
-2962
-3159
-3356
-3552
-3749
-3945
-4141
-4337
-4533
-4729
-4925
-5120
-5315
-5510
-5705
-5900
-6094
-6288
-6482
-6676
-6869
-7062
-7255
-7448
-7640
-7833
-8024
-8216
-8407
-8598
-8789
-8979
-9169
-9359
-9548
-9737
-9926
-10114
-10302
-10489
-10676
-10863
-11049
-11235
-11421
-11606
-11791
-11975
-12159
-12342
-12525
-12707
-12889
-13071
-13252
-13432
-13612
-13792
-13971
-14150
-14328
-14505
-14682
-14859
-15035
-15210
-15385
-15559
-15733
-15906
-16078
-16250
-16422
-16592
-16762
-16932
-17101
-17269
-17437
-17604
-17770
-17936
-18101
-18265
-18429
-18592
-18755
-18916
-19077
-19238
-19397
-19556
-19714
-19872
-20029
-20185
-20340
-20494
-20648
-20801
-20954
-21105
-21256
-21406
-21555
-21703
-21851
-21998
-22144
-22289
-22433
-22577
-22720
-22862
-23003
-23143
-23282
-23421
-23559
-23695
-23831
-23966
-24101
-24234
-24366
-24498
-24629
-24758
-24887
-25015
-25142
-25268
-25394
-25518
-25641
-25764
-25885
-26006
-26125
-26244
-26362
-26478
-26594
-26709
-26823
-26935
-27047
-27158
-27268
-27377
-27485
-27592
-27697
-27802
-27906
-28009
-28111
-28211
-28311
-28410
-28507
-28604
-28700
-28794
-28888
-28980
-29071
-29162
-29251
-29339
-29426
-29512
-29597
-29681
-29764
-29846
-29926
-30006
-30084
-30161
-30238
-30313
-30387
-30460
-30531
-30602
-30672
-30740
-30807
-30874
-30939
-31003
-31065
-31127
-31188
-31247
-31305
-31362
-31418
-31473
-31527
-31579
-31631
-31681
-31730
-31778
-31825
-31870
-31915
-31958
-32000
-32041
-32081
-32119
-32157
-32193
-32228
-32262
-32295
-32326
-32356
-32386
-32414
-32440
-32466
-32490
-32514
-32536
-32557
-32576
-32595
-32612
-32628
-32643
-32657
-32669
-32681
-32691
-32700
-32707
-32714
-32719
-32724
-32727
-32728
-32729
-32728
-32727
-32724
-32719
-32714
-32707
-32700
-32691
-32681
-32669
-32657
-32643
-32628
-32612
-32595
-32576
-32557
-32536
-32514
-32490
-32466
-32440
-32414
-32386
-32356
-32326
-32295
-32262
-32228
-32193
-32157
-32119
-32081
-32041
-32000
-31958
-31915
-31870
-31825
-31778
-31730
-31681
-31631
-31579
-31527
-31473
-31418
-31362
-31305
-31247
-31188
-31127
-31065
-31003
-30939
-30874
-30807
-30740
-30672
-30602
-30531
-30460
-30387
-30313
-30238
-30161
-30084
-30006
-29926
-29846
-29764
-29681
-29597
-29512
-29426
-29339
-29251
-29162
-29071
-28980
-28888
-28794
-28700
-28604
-28507
-28410
-28311
-28211
-28111
-28009
-27906
-27802
-27697
-27592
-27485
-27377
-27268
-27158
-27047
-26935
-26823
-26709
-26594
-26478
-26362
-26244
-26125
-26006
-25885
-25764
-25641
-25518
-25394
-25268
-25142
-25015
-24887
-24758
-24629
-24498
-24366
-24234
-24101
-23966
-23831
-23695
-23559
-23421
-23282
-23143
-23003
-22862
-22720
-22577
-22433
-22289
-22144
-21998
-21851
-21703
-21555
-21406
-21256
-21105
-20954
-20801
-20648
-20494
-20340
-20185
-20029
-19872
-19714
-19556
-19397
-19238
-19077
-18916
-18755
-18592
-18429
-18265
-18101
-17936
-17770
-17604
-17437
-17269
-17101
-16932
-16762
-16592
-16422
-16250
-16078
-15906
-15733
-15559
-15385
-15210
-15035
-14859
-14682
-14505
-14328
-14150
-13971
-13792
-13612
-13432
-13252
-13071
-12889
-12707
-12525
-12342
-12159
-11975
-11791
-11606
-11421
-11235
-11049
-10863
-10676
-10489
-10302
-10114
-9926
-9737
-9548
-9359
-9169
-8979
-8789
-8598
-8407
-8216
-8024
-7833
-7640
-7448
-7255
-7062
-6869
-6676
-6482
-6288
-6094
-5900
-5705
-5510
-5315
-5120
-4925
-4729
-4533
-4337
-4141
-3945
-3749
-3552
-3356
-3159
-2962
-2765
-2568
-2371
-2173
-1976
-1779
-1581
-1384
-1186
-989
-791
-593
-395
-198
0
198
395
593
791
989
1186
1384
1581
1779
1976
2173
2371
2568
2765
2962
3159
3356
3552
3749
3945
4141
4337
4533
4729
4925
5120
5315
5510
5705
5900
6094
6288
6482
6676
6869
7062
7255
7448
7640
7833
8024
8216
8407
8598
8789
8979
9169
9359
9548
9737
9926
10114
10302
10489
10676
10863
11049
11235
11421
11606
11791
11975
12159
12342
12525
12707
12889
13071
13252
13432
13612
13792
13971
14150
14328
14505
14682
14859
15035
15210
15385
15559
15733
15906
16078
16250
16422
16592
16762
16932
17101
17269
17437
17604
17770
17936
18101
18265
18429
18592
18755
18916
19077
19238
19397
19556
19714
19872
20029
20185
20340
20494
20648
20801
20954
21105
21256
21406
21555
21703
21851
21998
22144
22289
22433
22577
22720
22862
23003
23143
23282
23421
23559
23695
23831
23966
24101
24234
24366
24498
24629
24758
24887
25015
25142
25268
25394
25518
25641
25764
25885
26006
26125
26244
26362
26478
26594
26709
26823
26935
27047
27158
27268
27377
27485
27592
27697
27802
27906
28009
28111
28211
28311
28410
28507
28604
28700
28794
28888
28980
29071
29162
29251
29339
29426
29512
29597
29681
29764
29846
29926
30006
30084
30161
30238
30313
30387
30460
30531
30602
30672
30740
30807
30874
30939
31003
31065
31127
31188
31247
31305
31362
31418
31473
31527
31579
31631
31681
31730
31778
31825
31870
31915
31958
32000
32041
32081
32119
32157
32193
32228
32262
32295
32326
32356
32386
32414
32440
32466
32490
32514
32536
32557
32576
32595
32612
32628
32643
32657
32669
32681
32691
32700
32707
32714
32719
32724
32727
32728
32729
32728
32727
32724
32719
32714
32707
32700
32691
32681
32669
32657
32643
32628
32612
32595
32576
32557
32536
32514
32490
32466
32440
32414
32386
32356
32326
32295
32262
32228
32193
32157
32119
32081
32041
32000
31958
31915
31870
31825
31778
31730
31681
31631
31579
31527
31473
31418
31362
31305
31247
31188
31127
31065
31003
30939
30874
30807
30740
30672
30602
30531
30460
30387
30313
30238
30161
30084
30006
29926
29846
29764
29681
29597
29512
29426
29339
29251
29162
29071
28980
28888
28794
28700
28604
28507
28410
28311
28211
28111
28009
27906
27802
27697
27592
27485
27377
27268
27158
27047
26935
26823
26709
26594
26478
26362
26244
26125
26006
25885
25764
25641
25518
25394
25268
25142
25015
24887
24758
24629
24498
24366
24234
24101
23966
23831
23695
23559
23421
23282
23143
23003
22862
22720
22577
22433
22289
22144
21998
21851
21703
21555
21406
21256
21105
20954
20801
20648
20494
20340
20185
20029
19872
19714
19556
19397
19238
19077
18916
18755
18592
18429
18265
18101
17936
17770
17604
17437
17269
17101
16932
16762
16592
16422
16250
16078
15906
15733
15559
15385
15210
15035
14859
14682
14505
14328
14150
13971
13792
13612
13432
13252
13071
12889
12707
12525
12342
12159
11975
11791
11606
11421
11235
11049
10863
10676
10489
10302
10114
9926
9737
9548
9359
9169
8979
8789
8598
8407
8216
8024
7833
7640
7448
7255
7062
6869
6676
6482
6288
6094
5900
5705
5510
5315
5120
4925
4729
4533
4337
4141
3945
3749
3552
3356
3159
2962
2765
2568
2371
2173
1976
1779
1581
1384
1186
989
791
593
395
198
0
-198
-395
-593
-791
-989
-1186
-1384
-1581
-1779
-1976
-2173
-2371
-2568
-2765
-2962
-3159
-3356
-3552
-3749
-3945
-4141
-4337
-4533
-4729
-4925
-5120
-5315
-5510
-5705
-5900
-6094
-6288
-6482
-6676
-6869
-7062
-7255
-7448
-7640
-7833
-8024
-8216
-8407
-8598
-8789
-8979
-9169
-9359
-9548
-9737
-9926
-10114
-10302
-10489
-10676
-10863
-11049
-11235
-11421
-11606
-11791
-11975
-12159
-12342
-12525
-12707
-12889
-13071
-13252
-13432
-13612
-13792
-13971
-14150
-14328
-14505
-14682
-14859
-15035
-15210
-15385
-15559
-15733
-15906
-16078
-16250
-16422
-16592
-16762
-16932
-17101
-17269
-17437
-17604
-17770
-17936
-18101
-18265
-18429
-18592
-18755
-18916
-19077
-19238
-19397
-19556
-19714
-19872
-20029
-20185
-20340
-20494
-20648
-20801
-20954
-21105
-21256
-21406
-21555
-21703
-21851
-21998
-22144
-22289
-22433
-22577
-22720
-22862
-23003
-23143
-23282
-23421
-23559
-23695
-23831
-23966
-24101
-24234
-24366
-24498
-24629
-24758
-24887
-25015
-25142
-25268
-25394
-25518
-25641
-25764
-25885
-26006
-26125
-26244
-26362
-26478
-26594
-26709
-26823
-26935
-27047
-27158
-27268
-27377
-27485
-27592
-27697
-27802
-27906
-28009
-28111
-28211
-28311
-28410
-28507
-28604
-28700
-28794
-28888
-28980
-29071
-29162
-29251
-29339
-29426
-29512
-29597
-29681
-29764
-29846
-29926
-30006
-30084
-30161
-30238
-30313
-30387
-30460
-30531
-30602
-30672
-30740
-30807
-30874
-30939
-31003
-31065
-31127
-31188
-31247
-31305
-31362
-31418
-31473
-31527
-31579
-31631
-31681
-31730
-31778
-31825
-31870
-31915
-31958
-32000
-32041
-32081
-32119
-32157
-32193
-32228
-32262
-32295
-32326
-32356
-32386
-32414
-32440
-32466
-32490
-32514
-32536
-32557
-32576
-32595
-32612
-32628
-32643
-32657
-32669
-32681
-32691
-32700
-32707
-32714
-32719
-32724
-32727
-32728
-32729
-32728
-32727
-32724
-32719
-32714
-32707
-32700
-32691
-32681
-32669
-32657
-32643
-32628
-32612
-32595
-32576
-32557
-32536
-32514
-32490
-32466
-32440
-32414
-32386
-32356
-32326
-32295
-32262
-32228
-32193
-32157
-32119
-32081
-32041
-32000
-31958
-31915
-31870
-31825
-31778
-31730
-31681
-31631
-31579
-31527
-31473
-31418
-31362
-31305
-31247
-31188
-31127
-31065
-31003
-30939
-30874
-30807
-30740
-30672
-30602
-30531
-30460
-30387
-30313
-30238
-30161
-30084
-30006
-29926
-29846
-29764
-29681
-29597
-29512
-29426
-29339
-29251
-29162
-29071
-28980
-28888
-28794
-28700
-28604
-28507
-28410
-28311
-28211
-28111
-28009
-27906
-27802
-27697
-27592
-27485
-27377
-27268
-27158
-27047
-26935
-26823
-26709
-26594
-26478
-26362
-26244
-26125
-26006
-25885
-25764
-25641
-25518
-25394
-25268
-25142
-25015
-24887
-24758
-24629
-24498
-24366
-24234
-24101
-23966
-23831
-23695
-23559
-23421
-23282
-23143
-23003
-22862
-22720
-22577
-22433
-22289
-22144
-21998
-21851
-21703
-21555
-21406
-21256
-21105
-20954
-20801
-20648
-20494
-20340
-20185
-20029
-19872
-19714
-19556
-19397
-19238
-19077
-18916
-18755
-18592
-18429
-18265
-18101
-17936
-17770
-17604
-17437
-17269
-17101
-16932
-16762
-16592
-16422
-16250
-16078
-15906
-15733
-15559
-15385
-15210
-15035
-14859
-14682
-14505
-14328
-14150
-13971
-13792
-13612
-13432
-13252
-13071
-12889
-12707
-12525
-12342
-12159
-11975
-11791
-11606
-11421
-11235
-11049
-10863
-10676
-10489
-10302
-10114
-9926
-9737
-9548
-9359
-9169
-8979
-8789
-8598
-8407
-8216
-8024
-7833
-7640
-7448
-7255
-7062
-6869
-6676
-6482
-6288
-6094
-5900
-5705
-5510
-5315
-5120
-4925
-4729
-4533
-4337
-4141
-3945
-3749
-3552
-3356
-3159
-2962
-2765
-2568
-2371
-2173
-1976
-1779
-1581
-1384
-1186
-989
-791
-593
-395
-198
0
198
395
593
791
989
1186
1384
1581
1779
1976
2173
2371
2568
2765
2962
3159
3356
3552
3749
3945
4141
4337
4533
4729
4925
5120
5315
5510
5705
5900
6094
6288
6482
6676
6869
7062
7255
7448
7640
7833
8024
8216
8407
8598
8789
8979
9169
9359
9548
9737
9926
10114
10302
10489
10676
10863
11049
11235
11421
11606
11791
11975
12159
12342
12525
12707
12889
13071
13252
13432
13612
13792
13971
14150
14328
14505
14682
14859
15035
15210
15385
15559
15733
15906
16078
16250
16422
16592
16762
16932
17101
17269
17437
17604
17770
17936
18101
18265
18429
18592
18755
18916
19077
19238
19397
19556
19714
19872
20029
20185
20340
20494
20648
20801
20954
21105
21256
21406
21555
21703
21851
21998
22144
22289
22433
22577
22720
22862
23003
23143
23282
23421
23559
23695
23831
23966
24101
24234
24366
24498
24629
24758
24887
25015
25142
25268
25394
25518
25641
25764
25885
26006
26125
26244
26362
26478
26594
26709
26823
26935
27047
27158
27268
27377
27485
27592
27697
27802
27906
28009
28111
28211
28311
28410
28507
28604
28700
28794
28888
28980
29071
29162
29251
29339
29426
29512
29597
29681
29764
29846
29926
30006
30084
30161
30238
30313
30387
30460
30531
30602
30672
30740
30807
30874
30939
31003
31065
31127
31188
31247
31305
31362
31418
31473
31527
31579
31631
31681
31730
31778
31825
31870
31915
31958
32000
32041
32081
32119
32157
32193
32228
32262
32295
32326
32356
32386
32414
32440
32466
32490
32514
32536
32557
32576
32595
32612
32628
32643
32657
32669
32681
32691
32700
32707
32714
32719
32724
32727
32728
32729
32728
32727
32724
32719
32714
32707
32700
32691
32681
32669
32657
32643
32628
32612
32595
32576
32557
32536
32514
32490
32466
32440
32414
32386
32356
32326
32295
32262
32228
32193
32157
32119
32081
32041
32000
31958
31915
31870
31825
31778
31730
31681
31631
31579
31527
31473
31418
31362
31305
31247
31188
31127
31065
31003
30939
30874
30807
30740
30672
30602
30531
30460
30387
30313
30238
30161
30084
30006
29926
29846
29764
29681
29597
29512
29426
29339
29251
29162
29071
28980
28888
28794
28700
28604
28507
28410
28311
28211
28111
28009
27906
27802
27697
27592
27485
27377
27268
27158
27047
26935
26823
26709
26594
26478
26362
26244
26125
26006
25885
25764
25641
25518
25394
25268
25142
25015
24887
24758
24629
24498
24366
24234
24101
23966
23831
23695
23559
23421
23282
23143
23003
22862
22720
22577
22433
22289
22144
21998
21851
21703
21555
21406
21256
21105
20954
20801
20648
20494
20340
20185
20029
19872
19714
19556
19397
19238
19077
18916
18755
18592
18429
18265
18101
17936
17770
17604
17437
17269
17101
16932
16762
16592
16422
16250
16078
15906
15733
15559
15385
15210
15035
14859
14682
14505
14328
14150
13971
13792
13612
13432
13252
13071
12889
12707
12525
12342
12159
11975
11791
11606
11421
11235
11049
10863
10676
10489
10302
10114
9926
9737
9548
9359
9169
8979
8789
8598
8407
8216
8024
7833
7640
7448
7255
7062
6869
6676
6482
6288
6094
5900
5705
5510
5315
5120
4925
4729
4533
4337
4141
3945
3749
3552
3356
3159
2962
2765
2568
2371
2173
1976
1779
1581
1384
1186
989
791
593
395
198
0
-198
-395
-593
-791
-989
-1186
-1384
-1581
-1779
-1976
-2173
-2371
-2568
-2765
-2962
-3159
-3356
-3552
-3749
-3945
-4141
-4337
-4533
-4729
-4925
-5120
-5315
-5510
-5705
-5900
-6094
-6288
-6482
-6676
-6869
-7062
-7255
-7448
-7640
-7833
-8024
-8216
-8407
-8598
-8789
-8979
-9169
-9359
-9548
-9737
-9926
-10114
-10302
-10489
-10676
-10863
-11049
-11235
-11421
-11606
-11791
-11975
-12159
-12342
-12525
-12707
-12889
-13071
-13252
-13432
-13612
-13792
-13971
-14150
-14328
-14505
-14682
-14859
-15035
-15210
-15385
-15559
-15733
-15906
-16078
-16250
-16422
-16592
-16762
-16932
-17101
-17269
-17437
-17604
-17770
-17936
-18101
-18265
-18429
-18592
-18755
-18916
-19077
-19238
-19397
-19556
-19714
-19872
-20029
-20185
-20340
-20494
-20648
-20801
-20954
-21105
-21256
-21406
-21555
-21703
-21851
-21998
-22144
-22289
-22433
-22577
-22720
-22862
-23003
-23143
-23282
-23421
-23559
-23695
-23831
-23966
-24101
-24234
-24366
-24498
-24629
-24758
-24887
-25015
-25142
-25268
-25394
-25518
-25641
-25764
-25885
-26006
-26125
-26244
-26362
-26478
-26594
-26709
-26823
-26935
-27047
-27158
-27268
-27377
-27485
-27592
-27697
-27802
-27906
-28009
-28111
-28211
-28311
-28410
-28507
-28604
-28700
-28794
-28888
-28980
-29071
-29162
-29251
-29339
-29426
-29512
-29597
-29681
-29764
-29846
-29926
-30006
-30084
-30161
-30238
-30313
-30387
-30460
-30531
-30602
-30672
-30740
-30807
-30874
-30939
-31003
-31065
-31127
-31188
-31247
-31305
-31362
-31418
-31473
-31527
-31579
-31631
-31681
-31730
-31778
-31825
-31870
-31915
-31958
-32000
-32041
-32081
-32119
-32157
-32193
-32228
-32262
-32295
-32326
-32356
-32386
-32414
-32440
-32466
-32490
-32514
-32536
-32557
-32576
-32595
-32612
-32628
-32643
-32657
-32669
-32681
-32691
-32700
-32707
-32714
-32719
-32724
-32727
-32728
-32729
-32728
-32727
-32724
-32719
-32714
-32707
-32700
-32691
-32681
-32669
-32657
-32643
-32628
-32612
-32595
-32576
-32557
-32536
-32514
-32490
-32466
-32440
-32414
-32386
-32356
-32326
-32295
-32262
-32228
-32193
-32157
-32119
-32081
-32041
-32000
-31958
-31915
-31870
-31825
-31778
-31730
-31681
-31631
-31579
-31527
-31473
-31418
-31362
-31305
-31247
-31188
-31127
-31065
-31003
-30939
-30874
-30807
-30740
-30672
-30602
-30531
-30460
-30387
-30313
-30238
-30161
-30084
-30006
-29926
-29846
-29764
-29681
-29597
-29512
-29426
-29339
-29251
-29162
-29071
-28980
-28888
-28794
-28700
-28604
-28507
-28410
-28311
-28211
-28111
-28009
-27906
-27802
-27697
-27592
-27485
-27377
-27268
-27158
-27047
-26935
-26823
-26709
-26594
-26478
-26362
-26244
-26125
-26006
-25885
-25764
-25641
-25518
-25394
-25268
-25142
-25015
-24887
-24758
-24629
-24498
-24366
-24234
-24101
-23966
-23831
-23695
-23559
-23421
-23282
-23143
-23003
-22862
-22720
-22577
-22433
-22289
-22144
-21998
-21851
-21703
-21555
-21406
-21256
-21105
-20954
-20801
-20648
-20494
-20340
-20185
-20029
-19872
-19714
-19556
-19397
-19238
-19077
-18916
-18755
-18592
-18429
-18265
-18101
-17936
-17770
-17604
-17437
-17269
-17101
-16932
-16762
-16592
-16422
-16250
-16078
-15906
-15733
-15559
-15385
-15210
-15035
-14859
-14682
-14505
-14328
-14150
-13971
-13792
-13612
-13432
-13252
-13071
-12889
-12707
-12525
-12342
-12159
-11975
-11791
-11606
-11421
-11235
-11049
-10863
-10676
-10489
-10302
-10114
-9926
-9737
-9548
-9359
-9169
-8979
-8789
-8598
-8407
-8216
-8024
-7833
-7640
-7448
-7255
-7062
-6869
-6676
-6482
-6288
-6094
-5900
-5705
-5510
-5315
-5120
-4925
-4729
-4533
-4337
-4141
-3945
-3749
-3552
-3356
-3159
-2962
-2765
-2568
-2371
-2173
-1976
-1779
-1581
-1384
-1186
-989
-791
-593
-395
-198
0
198
395
593
791
989
1186
1384
1581
1779
1976
2173
2371
2568
2765
2962
3159
3356
3552
3749
3945
4141
4337
4533
4729
4925
5120
5315
5510
5705
5900
6094
6288
6482
6676
6869
7062
7255
7448
7640
7833
8024
8216
8407
8598
8789
8979
9169
9359
9548
9737
9926
10114
10302
10489
10676
10863
11049
11235
11421
11606
11791
11975
12159
12342
12525
12707
12889
13071
13252
13432
13612
13792
13971
14150
14328
14505
14682
14859
15035
15210
15385
15559
15733
15906
16078
16250
16422
16592
16762
16932
17101
17269
17437
17604
17770
17936
18101
18265
18429
18592
18755
18916
19077
19238
19397
19556
19714
19872
20029
20185
20340
20494
20648
20801
20954
21105
21256
21406
21555
21703
21851
21998
22144
22289
22433
22577
22720
22862
23003
23143
23282
23421
23559
23695
23831
23966
24101
24234
24366
24498
24629
24758
24887
25015
25142
25268
25394
25518
25641
25764
25885
26006
26125
26244
26362
26478
26594
26709
26823
26935
27047
27158
27268
27377
27485
27592
27697
27802
27906
28009
28111
28211
28311
28410
28507
28604
28700
28794
28888
28980
29071
29162
29251
29339
29426
29512
29597
29681
29764
29846
29926
30006
30084
30161
30238
30313
30387
30460
30531
30602
30672
30740
30807
30874
30939
31003
31065
31127
31188
31247
31305
31362
31418
31473
31527
31579
31631
31681
31730
31778
31825
31870
31915
31958
32000
32041
32081
32119
32157
32193
32228
32262
32295
32326
32356
32386
32414
32440
32466
32490
32514
32536
32557
32576
32595
32612
32628
32643
32657
32669
32681
32691
32700
32707
32714
32719
32724
32727
32728
32729
32728
32727
32724
32719
32714
32707
32700
32691
32681
32669
32657
32643
32628
32612
32595
32576
32557
32536
32514
32490
32466
32440
32414
32386
32356
32326
32295
32262
32228
32193
32157
32119
32081
32041
32000
31958
31915
31870
31825
31778
31730
31681
31631
31579
31527
31473
31418
31362
31305
31247
31188
31127
31065
31003
30939
30874
30807
30740
30672
30602
30531
30460
30387
30313
30238
30161
30084
30006
29926
29846
29764
29681
29597
29512
29426
29339
29251
29162
29071
28980
28888
28794
28700
28604
28507
28410
28311
28211
28111
28009
27906
27802
27697
27592
27485
27377
27268
27158
27047
26935
26823
26709
26594
26478
26362
26244
26125
26006
25885
25764
25641
25518
25394
25268
25142
25015
24887
24758
24629
24498
24366
24234
24101
23966
23831
23695
23559
23421
23282
23143
23003
22862
22720
22577
22433
22289
22144
21998
21851
21703
21555
21406
21256
21105
20954
20801
20648
20494
20340
20185
20029
19872
19714
19556
19397
19238
19077
18916
18755
18592
18429
18265
18101
17936
17770
17604
17437
17269
17101
16932
16762
16592
16422
16250
16078
15906
15733
15559
15385
15210
15035
14859
14682
14505
14328
14150
13971
13792
13612
13432
13252
13071
12889
12707
12525
12342
12159
11975
11791
11606
11421
11235
11049
10863
10676
10489
10302
10114
9926
9737
9548
9359
9169
8979
8789
8598
8407
8216
8024
7833
7640
7448
7255
7062
6869
6676
6482
6288
6094
5900
5705
5510
5315
5120
4925
4729
4533
4337
4141
3945
3749
3552
3356
3159
2962
2765
2568
2371
2173
1976
1779
1581
1384
1186
989
791
593
395
198
0
-198
-395
-593
-791
-989
-1186
-1384
-1581
-1779
-1976
-2173
-2371
-2568
-2765
-2962
-3159
-3356
-3552
-3749
-3945
-4141
-4337
-4533
-4729
-4925
-5120
-5315
-5510
-5705
-5900
-6094
-6288
-6482
-6676
-6869
-7062
-7255
-7448
-7640
-7833
-8024
-8216
-8407
-8598
-8789
-8979
-9169
-9359
-9548
-9737
-9926
-10114
-10302
-10489
-10676
-10863
-11049
-11235
-11421
-11606
-11791
-11975
-12159
-12342
-12525
-12707
-12889
-13071
-13252
-13432
-13612
-13792
-13971
-14150
-14328
-14505
-14682
-14859
-15035
-15210
-15385
-15559
-15733
-15906
-16078
-16250
-16422
-16592
-16762
-16932
-17101
-17269
-17437
-17604
-17770
-17936
-18101
-18265
-18429
-18592
-18755
-18916
-19077
-19238
-19397
-19556
-19714
-19872
-20029
-20185
-20340
-20494
-20648
-20801
-20954
-21105
-21256
-21406
-21555
-21703
-21851
-21998
-22144
-22289
-22433
-22577
-22720
-22862
-23003
-23143
-23282
-23421
-23559
-23695
-23831
-23966
-24101
-24234
-24366
-24498
-24629
-24758
-24887
-25015
-25142
-25268
-25394
-25518
-25641
-25764
-25885
-26006
-26125
-26244
-26362
-26478
-26594
-26709
-26823
-26935
-27047
-27158
-27268
-27377
-27485
-27592
-27697
-27802
-27906
-28009
-28111
-28211
-28311
-28410
-28507
-28604
-28700
-28794
-28888
-28980
-29071
-29162
-29251
-29339
-29426
-29512
-29597
-29681
-29764
-29846
-29926
-30006
-30084
-30161
-30238
-30313
-30387
-30460
-30531
-30602
-30672
-30740
-30807
-30874
-30939
-31003
-31065
-31127
-31188
-31247
-31305
-31362
-31418
-31473
-31527
-31579
-31631
-31681
-31730
-31778
-31825
-31870
-31915
-31958
-32000
-32041
-32081
-32119
-32157
-32193
-32228
-32262
-32295
-32326
-32356
-32386
-32414
-32440
-32466
-32490
-32514
-32536
-32557
-32576
-32595
-32612
-32628
-32643
-32657
-32669
-32681
-32691
-32700
-32707
-32714
-32719
-32724
-32727
-32728
-32729
-32728
-32727
-32724
-32719
-32714
-32707
-32700
-32691
-32681
-32669
-32657
-32643
-32628
-32612
-32595
-32576
-32557
-32536
-32514
-32490
-32466
-32440
-32414
-32386
-32356
-32326
-32295
-32262
-32228
-32193
-32157
-32119
-32081
-32041
-32000
-31958
-31915
-31870
-31825
-31778
-31730
-31681
-31631
-31579
-31527
-31473
-31418
-31362
-31305
-31247
-31188
-31127
-31065
-31003
-30939
-30874
-30807
-30740
-30672
-30602
-30531
-30460
-30387
-30313
-30238
-30161
-30084
-30006
-29926
-29846
-29764
-29681
-29597
-29512
-29426
-29339
-29251
-29162
-29071
-28980
-28888
-28794
-28700
-28604
-28507
-28410
-28311
-28211
-28111
-28009
-27906
-27802
-27697
-27592
-27485
-27377
-27268
-27158
-27047
-26935
-26823
-26709
-26594
-26478
-26362
-26244
-26125
-26006
-25885
-25764
-25641
-25518
-25394
-25268
-25142
-25015
-24887
-24758
-24629
-24498
-24366
-24234
-24101
-23966
-23831
-23695
-23559
-23421
-23282
-23143
-23003
-22862
-22720
-22577
-22433
-22289
-22144
-21998
-21851
-21703
-21555
-21406
-21256
-21105
-20954
-20801
-20648
-20494
-20340
-20185
-20029
-19872
-19714
-19556
-19397
-19238
-19077
-18916
-18755
-18592
-18429
-18265
-18101
-17936
-17770
-17604
-17437
-17269
-17101
-16932
-16762
-16592
-16422
-16250
-16078
-15906
-15733
-15559
-15385
-15210
-15035
-14859
-14682
-14505
-14328
-14150
-13971
-13792
-13612
-13432
-13252
-13071
-12889
-12707
-12525
-12342
-12159
-11975
-11791
-11606
-11421
-11235
-11049
-10863
-10676
-10489
-10302
-10114
-9926
-9737
-9548
-9359
-9169
-8979
-8789
-8598
-8407
-8216
-8024
-7833
-7640
-7448
-7255
-7062
-6869
-6676
-6482
-6288
-6094
-5900
-5705
-5510
-5315
-5120
-4925
-4729
-4533
-4337
-4141
-3945
-3749
-3552
-3356
-3159
-2962
-2765
-2568
-2371
-2173
-1976
-1779
-1581
-1384
-1186
-989
-791
-593
-395
-198
0
198
395
593
791
989
1186
1384
1581
1779
1976
2173
2371
2568
2765
2962
3159
3356
3552
3749
3945
4141
4337
4533
4729
4925
5120
5315
5510
5705
5900
6094
6288
6482
6676
6869
7062
7255
7448
7640
7833
8024
8216
8407
8598
8789
8979
9169
9359
9548
9737
9926
10114
10302
10489
10676
10863
11049
11235
11421
11606
11791
11975
12159
12342
12525
12707
12889
13071
13252
13432
13612
13792
13971
14150
14328
14505
14682
14859
15035
15210
15385
15559
15733
15906
16078
16250
16422
16592
16762
16932
17101
17269
17437
17604
17770
17936
18101
18265
18429
18592
18755
18916
19077
19238
19397
19556
19714
19872
20029
20185
20340
20494
20648
20801
20954
21105
21256
21406
21555
21703
21851
21998
22144
22289
22433
22577
22720
22862
23003
23143
23282
23421
23559
23695
23831
23966
24101
24234
24366
24498
24629
24758
24887
25015
25142
25268
25394
25518
25641
25764
25885
26006
26125
26244
26362
26478
26594
26709
26823
26935
27047
27158
27268
27377
27485
27592
27697
27802
27906
28009
28111
28211
28311
28410
28507
28604
28700
28794
28888
28980
29071
29162
29251
29339
29426
29512
29597
29681
29764
29846
29926
30006
30084
30161
30238
30313
30387
30460
30531
30602
30672
30740
30807
30874
30939
31003
31065
31127
31188
31247
31305
31362
31418
31473
31527
31579
31631
31681
31730
31778
31825
31870
31915
31958
32000
32041
32081
32119
32157
32193
32228
32262
32295
32326
32356
32386
32414
32440
32466
32490
32514
32536
32557
32576
32595
32612
32628
32643
32657
32669
32681
32691
32700
32707
32714
32719
32724
32727
32728
32729
32728
32727
32724
32719
32714
32707
32700
32691
32681
32669
32657
32643
32628
32612
32595
32576
32557
32536
32514
32490
32466
32440
32414
32386
32356
32326
32295
32262
32228
32193
32157
32119
32081
32041
32000
31958
31915
31870
31825
31778
31730
31681
31631
31579
31527
31473
31418
31362
31305
31247
31188
31127
31065
31003
30939
30874
30807
30740
30672
30602
30531
30460
30387
30313
30238
30161
30084
30006
29926
29846
29764
29681
29597
29512
29426
29339
29251
29162
29071
28980
28888
28794
28700
28604
28507
28410
28311
28211
28111
28009
27906
27802
27697
27592
27485
27377
27268
27158
27047
26935
26823
26709
26594
26478
26362
26244
26125
26006
25885
25764
25641
25518
25394
25268
25142
25015
24887
24758
24629
24498
24366
24234
24101
23966
23831
23695
23559
23421
23282
23143
23003
22862
22720
22577
22433
22289
22144
21998
21851
21703
21555
21406
21256
21105
20954
20801
20648
20494
20340
20185
20029
19872
19714
19556
19397
19238
19077
18916
18755
18592
18429
18265
18101
17936
17770
17604
17437
17269
17101
16932
16762
16592
16422
16250
16078
15906
15733
15559
15385
15210
15035
14859
14682
14505
14328
14150
13971
13792
13612
13432
13252
13071
12889
12707
12525
12342
12159
11975
11791
11606
11421
11235
11049
10863
10676
10489
10302
10114
9926
9737
9548
9359
9169
8979
8789
8598
8407
8216
8024
7833
7640
7448
7255
7062
6869
6676
6482
6288
6094
5900
5705
5510
5315
5120
4925
4729
4533
4337
4141
3945
3749
3552
3356
3159
2962
2765
2568
2371
2173
1976
1779
1581
1384
1186
989
791
593
395
198
0
-198
-395
-593
-791
-989
-1186
-1384
-1581
-1779
-1976
-2173
-2371
-2568
-2765
-2962
-3159
-3356
-3552
-3749
-3945
-4141
-4337
-4533
-4729
-4925
-5120
-5315
-5510
-5705
-5900
-6094
-6288
-6482
-6676
-6869
-7062
-7255
-7448
-7640
-7833
-8024
-8216
-8407
-8598
-8789
-8979
-9169
-9359
-9548
-9737
-9926
-10114
-10302
-10489
-10676
-10863
-11049
-11235
-11421
-11606
-11791
-11975
-12159
-12342
-12525
-12707
-12889
-13071
-13252
-13432
-13612
-13792
-13971
-14150
-14328
-14505
-14682
-14859
-15035
-15210
-15385
-15559
-15733
-15906
-16078
-16250
-16422
-16592
-16762
-16932
-17101
-17269
-17437
-17604
-17770
-17936
-18101
-18265
-18429
-18592
-18755
-18916
-19077
-19238
-19397
-19556
-19714
-19872
-20029
-20185
-20340
-20494
-20648
-20801
-20954
-21105
-21256
-21406
-21555
-21703
-21851
-21998
-22144
-22289
-22433
-22577
-22720
-22862
-23003
-23143
-23282
-23421
-23559
-23695
-23831
-23966
-24101
-24234
-24366
-24498
-24629
-24758
-24887
-25015
-25142
-25268
-25394
-25518
-25641
-25764
-25885
-26006
-26125
-26244
-26362
-26478
-26594
-26709
-26823
-26935
-27047
-27158
-27268
-27377
-27485
-27592
-27697
-27802
-27906
-28009
-28111
-28211
-28311
-28410
-28507
-28604
-28700
-28794
-28888
-28980
-29071
-29162
-29251
-29339
-29426
-29512
-29597
-29681
-29764
-29846
-29926
-30006
-30084
-30161
-30238
-30313
-30387
-30460
-30531
-30602
-30672
-30740
-30807
-30874
-30939
-31003
-31065
-31127
-31188
-31247
-31305
-31362
-31418
-31473
-31527
-31579
-31631
-31681
-31730
-31778
-31825
-31870
-31915
-31958
-32000
-32041
-32081
-32119
-32157
-32193
-32228
-32262
-32295
-32326
-32356
-32386
-32414
-32440
-32466
-32490
-32514
-32536
-32557
-32576
-32595
-32612
-32628
-32643
-32657
-32669
-32681
-32691
-32700
-32707
-32714
-32719
-32724
-32727
-32728
-32729
-32728
-32727
-32724
-32719
-32714
-32707
-32700
-32691
-32681
-32669
-32657
-32643
-32628
-32612
-32595
-32576
-32557
-32536
-32514
-32490
-32466
-32440
-32414
-32386
-32356
-32326
-32295
-32262
-32228
-32193
-32157
-32119
-32081
-32041
-32000
-31958
-31915
-31870
-31825
-31778
-31730
-31681
-31631
-31579
-31527
-31473
-31418
-31362
-31305
-31247
-31188
-31127
-31065
-31003
-30939
-30874
-30807
-30740
-30672
-30602
-30531
-30460
-30387
-30313
-30238
-30161
-30084
-30006
-29926
-29846
-29764
-29681
-29597
-29512
-29426
-29339
-29251
-29162
-29071
-28980
-28888
-28794
-28700
-28604
-28507
-28410
-28311
-28211
-28111
-28009
-27906
-27802
-27697
-27592
-27485
-27377
-27268
-27158
-27047
-26935
-26823
-26709
-26594
-26478
-26362
-26244
-26125
-26006
-25885
-25764
-25641
-25518
-25394
-25268
-25142
-25015
-24887
-24758
-24629
-24498
-24366
-24234
-24101
-23966
-23831
-23695
-23559
-23421
-23282
-23143
-23003
-22862
-22720
-22577
-22433
-22289
-22144
-21998
-21851
-21703
-21555
-21406
-21256
-21105
-20954
-20801
-20648
-20494
-20340
-20185
-20029
-19872
-19714
-19556
-19397
-19238
-19077
-18916
-18755
-18592
-18429
-18265
-18101
-17936
-17770
-17604
-17437
-17269
-17101
-16932
-16762
-16592
-16422
-16250
-16078
-15906
-15733
-15559
-15385
-15210
-15035
-14859
-14682
-14505
-14328
-14150
-13971
-13792
-13612
-13432
-13252
-13071
-12889
-12707
-12525
-12342
-12159
-11975
-11791
-11606
-11421
-11235
-11049
-10863
-10676
-10489
-10302
-10114
-9926
-9737
-9548
-9359
-9169
-8979
-8789
-8598
-8407
-8216
-8024
-7833
-7640
-7448
-7255
-7062
-6869
-6676
-6482
-6288
-6094
-5900
-5705
-5510
-5315
-5120
-4925
-4729
-4533
-4337
-4141
-3945
-3749
-3552
-3356
-3159
-2962
-2765
-2568
-2371
-2173
-1976
-1779
-1581
-1384
-1186
-989
-791
-593
-395
-198
0
198
395
593
791
989
1186
1384
1581
1779
1976
2173
2371
2568
2765
2962
3159
3356
3552
3749
3945
4141
4337
4533
4729
4925
5120
5315
5510
5705
5900
6094
6288
6482
6676
6869
7062
7255
7448
7640
7833
8024
8216
8407
8598
8789
8979
9169
9359
9548
9737
9926
10114
10302
10489
10676
10863
11049
11235
11421
11606
11791
11975
12159
12342
12525
12707
12889
13071
13252
13432
13612
13792
13971
14150
14328
14505
14682
14859
15035
15210
15385
15559
15733
15906
16078
16250
16422
16592
16762
16932
17101
17269
17437
17604
17770
17936
18101
18265
18429
18592
18755
18916
19077
19238
19397
19556
19714
19872
20029
20185
20340
20494
20648
20801
20954
21105
21256
21406
21555
21703
21851
21998
22144
22289
22433
22577
22720
22862
23003
23143
23282
23421
23559
23695
23831
23966
24101
24234
24366
24498
24629
24758
24887
25015
25142
25268
25394
25518
25641
25764
25885
26006
26125
26244
26362
26478
26594
26709
26823
26935
27047
27158
27268
27377
27485
27592
27697
27802
27906
28009
28111
28211
28311
28410
28507
28604
28700
28794
28888
28980
29071
29162
29251
29339
29426
29512
29597
29681
29764
29846
29926
30006
30084
30161
30238
30313
30387
30460
30531
30602
30672
30740
30807
30874
30939
31003
31065
31127
31188
31247
31305
31362
31418
31473
31527
31579
31631
31681
31730
31778
31825
31870
31915
31958
32000
32041
32081
32119
32157
32193
32228
32262
32295
32326
32356
32386
32414
32440
32466
32490
32514
32536
32557
32576
32595
32612
32628
32643
32657
32669
32681
32691
32700
32707
32714
32719
32724
32727
32728
32729
32728
32727
32724
32719
32714
32707
32700
32691
32681
32669
32657
32643
32628
32612
32595
32576
32557
32536
32514
32490
32466
32440
32414
32386
32356
32326
32295
32262
32228
32193
32157
32119
32081
32041
32000
31958
31915
31870
31825
31778
31730
31681
31631
31579
31527
31473
31418
31362
31305
31247
31188
31127
31065
31003
30939
30874
30807
30740
30672
30602
30531
30460
30387
30313
30238
30161
30084
30006
29926
29846
29764
29681
29597
29512
29426
29339
29251
29162
29071
28980
28888
28794
28700
28604
28507
28410
28311
28211
28111
28009
27906
27802
27697
27592
27485
27377
27268
27158
27047
26935
26823
26709
26594
26478
26362
26244
26125
26006
25885
25764
25641
25518
25394
25268
25142
25015
24887
24758
24629
24498
24366
24234
24101
23966
23831
23695
23559
23421
23282
23143
23003
22862
22720
22577
22433
22289
22144
21998
21851
21703
21555
21406
21256
21105
20954
20801
20648
20494
20340
20185
20029
19872
19714
19556
19397
19238
19077
18916
18755
18592
18429
18265
18101
17936
17770
17604
17437
17269
17101
16932
16762
16592
16422
16250
16078
15906
15733
15559
15385
15210
15035
14859
14682
14505
14328
14150
13971
13792
13612
13432
13252
13071
12889
12707
12525
12342
12159
11975
11791
11606
11421
11235
11049
10863
10676
10489
10302
10114
9926
9737
9548
9359
9169
8979
8789
8598
8407
8216
8024
7833
7640
7448
7255
7062
6869
6676
6482
6288
6094
5900
5705
5510
5315
5120
4925
4729
4533
4337
4141
3945
3749
3552
3356
3159
2962
2765
2568
2371
2173
1976
1779
1581
1384
1186
989
791
593
395
198
0
-198
-395
-593
-791
-989
-1186
-1384
-1581
-1779
-1976
-2173
-2371
-2568
-2765
-2962
-3159
-3356
-3552
-3749
-3945
-4141
-4337
-4533
-4729
-4925
-5120
-5315
-5510
-5705
-5900
-6094
-6288
-6482
-6676
-6869
-7062
-7255
-7448
-7640
-7833
-8024
-8216
-8407
-8598
-8789
-8979
-9169
-9359
-9548
-9737
-9926
-10114
-10302
-10489
-10676
-10863
-11049
-11235
-11421
-11606
-11791
-11975
-12159
-12342
-12525
-12707
-12889
-13071
-13252
-13432
-13612
-13792
-13971
-14150
-14328
-14505
-14682
-14859
-15035
-15210
-15385
-15559
-15733
-15906
-16078
-16250
-16422
-16592
-16762
-16932
-17101
-17269
-17437
-17604
-17770
-17936
-18101
-18265
-18429
-18592
-18755
-18916
-19077
-19238
-19397
-19556
-19714
-19872
-20029
-20185
-20340
-20494
-20648
-20801
-20954
-21105
-21256
-21406
-21555
-21703
-21851
-21998
-22144
-22289
-22433
-22577
-22720
-22862
-23003
-23143
-23282
-23421
-23559
-23695
-23831
-23966
-24101
-24234
-24366
-24498
-24629
-24758
-24887
-25015
-25142
-25268
-25394
-25518
-25641
-25764
-25885
-26006
-26125
-26244
-26362
-26478
-26594
-26709
-26823
-26935
-27047
-27158
-27268
-27377
-27485
-27592
-27697
-27802
-27906
-28009
-28111
-28211
-28311
-28410
-28507
-28604
-28700
-28794
-28888
-28980
-29071
-29162
-29251
-29339
-29426
-29512
-29597
-29681
-29764
-29846
-29926
-30006
-30084
-30161
-30238
-30313
-30387
-30460
-30531
-30602
-30672
-30740
-30807
-30874
-30939
-31003
-31065
-31127
-31188
-31247
-31305
-31362
-31418
-31473
-31527
-31579
-31631
-31681
-31730
-31778
-31825
-31870
-31915
-31958
-32000
-32041
-32081
-32119
-32157
-32193
-32228
-32262
-32295
-32326
-32356
-32386
-32414
-32440
-32466
-32490
-32514
-32536
-32557
-32576
-32595
-32612
-32628
-32643
-32657
-32669
-32681
-32691
-32700
-32707
-32714
-32719
-32724
-32727
-32728
-32729
-32728
-32727
-32724
-32719
-32714
-32707
-32700
-32691
-32681
-32669
-32657
-32643
-32628
-32612
-32595
-32576
-32557
-32536
-32514
-32490
-32466
-32440
-32414
-32386
-32356
-32326
-32295
-32262
-32228
-32193
-32157
-32119
-32081
-32041
-32000
-31958
-31915
-31870
-31825
-31778
-31730
-31681
-31631
-31579
-31527
-31473
-31418
-31362
-31305
-31247
-31188
-31127
-31065
-31003
-30939
-30874
-30807
-30740
-30672
-30602
-30531
-30460
-30387
-30313
-30238
-30161
-30084
-30006
-29926
-29846
-29764
-29681
-29597
-29512
-29426
-29339
-29251
-29162
-29071
-28980
-28888
-28794
-28700
-28604
-28507
-28410
-28311
-28211
-28111
-28009
-27906
-27802
-27697
-27592
-27485
-27377
-27268
-27158
-27047
-26935
-26823
-26709
-26594
-26478
-26362
-26244
-26125
-26006
-25885
-25764
-25641
-25518
-25394
-25268
-25142
-25015
-24887
-24758
-24629
-24498
-24366
-24234
-24101
-23966
-23831
-23695
-23559
-23421
-23282
-23143
-23003
-22862
-22720
-22577
-22433
-22289
-22144
-21998
-21851
-21703
-21555
-21406
-21256
-21105
-20954
-20801
-20648
-20494
-20340
-20185
-20029
-19872
-19714
-19556
-19397
-19238
-19077
-18916
-18755
-18592
-18429
-18265
-18101
-17936
-17770
-17604
-17437
-17269
-17101
-16932
-16762
-16592
-16422
-16250
-16078
-15906
-15733
-15559
-15385
-15210
-15035
-14859
-14682
-14505
-14328
-14150
-13971
-13792
-13612
-13432
-13252
-13071
-12889
-12707
-12525
-12342
-12159
-11975
-11791
-11606
-11421
-11235
-11049
-10863
-10676
-10489
-10302
-10114
-9926
-9737
-9548
-9359
-9169
-8979
-8789
-8598
-8407
-8216
-8024
-7833
-7640
-7448
-7255
-7062
-6869
-6676
-6482
-6288
-6094
-5900
-5705
-5510
-5315
-5120
-4925
-4729
-4533
-4337
-4141
-3945
-3749
-3552
-3356
-3159
-2962
-2765
-2568
-2371
-2173
-1976
-1779
-1581
-1384
-1186
-989
-791
-593
-395
-198
0
198
395
593
791
989
1186
1384
1581
1779
1976
2173
2371
2568
2765
2962
3159
3356
3552
3749
3945
4141
4337
4533
4729
4925
5120
5315
5510
5705
5900
6094
6288
6482
6676
6869
7062
7255
7448
7640
7833
8024
8216
8407
8598
8789
8979
9169
9359
9548
9737
9926
10114
10302
10489
10676
10863
11049
11235
11421
11606
11791
11975
12159
12342
12525
12707
12889
13071
13252
13432
13612
13792
13971
14150
14328
14505
14682
14859
15035
15210
15385
15559
15733
15906
16078
16250
16422
16592
16762
16932
17101
17269
17437
17604
17770
17936
18101
18265
18429
18592
18755
18916
19077
19238
19397
19556
19714
19872
20029
20185
20340
20494
20648
20801
20954
21105
21256
21406
21555
21703
21851
21998
22144
22289
22433
22577
22720
22862
23003
23143
23282
23421
23559
23695
23831
23966
24101
24234
24366
24498
24629
24758
24887
25015
25142
25268
25394
25518
25641
25764
25885
26006
26125
26244
26362
26478
26594
26709
26823
26935
27047
27158
27268
27377
27485
27592
27697
27802
27906
28009
28111
28211
28311
28410
28507
28604
28700
28794
28888
28980
29071
29162
29251
29339
29426
29512
29597
29681
29764
29846
29926
30006
30084
30161
30238
30313
30387
30460
30531
30602
30672
30740
30807
30874
30939
31003
31065
31127
31188
31247
31305
31362
31418
31473
31527
31579
31631
31681
31730
31778
31825
31870
31915
31958
32000
32041
32081
32119
32157
32193
32228
32262
32295
32326
32356
32386
32414
32440
32466
32490
32514
32536
32557
32576
32595
32612
32628
32643
32657
32669
32681
32691
32700
32707
32714
32719
32724
32727
32728
32729
32728
32727
32724
32719
32714
32707
32700
32691
32681
32669
32657
32643
32628
32612
32595
32576
32557
32536
32514
32490
32466
32440
32414
32386
32356
32326
32295
32262
32228
32193
32157
32119
32081
32041
32000
31958
31915
31870
31825
31778
31730
31681
31631
31579
31527
31473
31418
31362
31305
31247
31188
31127
31065
31003
30939
30874
30807
30740
30672
30602
30531
30460
30387
30313
30238
30161
30084
30006
29926
29846
29764
29681
29597
29512
29426
29339
29251
29162
29071
28980
28888
28794
28700
28604
28507
28410
28311
28211
28111
28009
27906
27802
27697
27592
27485
27377
27268
27158
27047
26935
26823
26709
26594
26478
26362
26244
26125
26006
25885
25764
25641
25518
25394
25268
25142
25015
24887
24758
24629
24498
24366
24234
24101
23966
23831
23695
23559
23421
23282
23143
23003
22862
22720
22577
22433
22289
22144
21998
21851
21703
21555
21406
21256
21105
20954
20801
20648
20494
20340
20185
20029
19872
19714
19556
19397
19238
19077
18916
18755
18592
18429
18265
18101
17936
17770
17604
17437
17269
17101
16932
16762
16592
16422
16250
16078
15906
15733
15559
15385
15210
15035
14859
14682
14505
14328
14150
13971
13792
13612
13432
13252
13071
12889
12707
12525
12342
12159
11975
11791
11606
11421
11235
11049
10863
10676
10489
10302
10114
9926
9737
9548
9359
9169
8979
8789
8598
8407
8216
8024
7833
7640
7448
7255
7062
6869
6676
6482
6288
6094
5900
5705
5510
5315
5120
4925
4729
4533
4337
4141
3945
3749
3552
3356
3159
2962
2765
2568
2371
2173
1976
1779
1581
1384
1186
989
791
593
395
198
0
-198
-395
-593
-791
-989
-1186
-1384
-1581
-1779
-1976
-2173
-2371
-2568
-2765
-2962
-3159
-3356
-3552
-3749
-3945
-4141
-4337
-4533
-4729
-4925
-5120
-5315
-5510
-5705
-5900
-6094
-6288
-6482
-6676
-6869
-7062
-7255
-7448
-7640
-7833
-8024
-8216
-8407
-8598
-8789
-8979
-9169
-9359
-9548
-9737
-9926
-10114
-10302
-10489
-10676
-10863
-11049
-11235
-11421
-11606
-11791
-11975
-12159
-12342
-12525
-12707
-12889
-13071
-13252
-13432
-13612
-13792
-13971
-14150
-14328
-14505
-14682
-14859
-15035
-15210
-15385
-15559
-15733
-15906
-16078
-16250
-16422
-16592
-16762
-16932
-17101
-17269
-17437
-17604
-17770
-17936
-18101
-18265
-18429
-18592
-18755
-18916
-19077
-19238
-19397
-19556
-19714
-19872
-20029
-20185
-20340
-20494
-20648
-20801
-20954
-21105
-21256
-21406
-21555
-21703
-21851
-21998
-22144
-22289
-22433
-22577
-22720
-22862
-23003
-23143
-23282
-23421
-23559
-23695
-23831
-23966
-24101
-24234
-24366
-24498
-24629
-24758
-24887
-25015
-25142
-25268
-25394
-25518
-25641
-25764
-25885
-26006
-26125
-26244
-26362
-26478
-26594
-26709
-26823
-26935
-27047
-27158
-27268
-27377
-27485
-27592
-27697
-27802
-27906
-28009
-28111
-28211
-28311
-28410
-28507
-28604
-28700
-28794
-28888
-28980
-29071
-29162
-29251
-29339
-29426
-29512
-29597
-29681
-29764
-29846
-29926
-30006
-30084
-30161
-30238
-30313
-30387
-30460
-30531
-30602
-30672
-30740
-30807
-30874
-30939
-31003
-31065
-31127
-31188
-31247
-31305
-31362
-31418
-31473
-31527
-31579
-31631
-31681
-31730
-31778
-31825
-31870
-31915
-31958
-32000
-32041
-32081
-32119
-32157
-32193
-32228
-32262
-32295
-32326
-32356
-32386
-32414
-32440
-32466
-32490
-32514
-32536
-32557
-32576
-32595
-32612
-32628
-32643
-32657
-32669
-32681
-32691
-32700
-32707
-32714
-32719
-32724
-32727
-32728
-32729
-32728
-32727
-32724
-32719
-32714
-32707
-32700
-32691
-32681
-32669
-32657
-32643
-32628
-32612
-32595
-32576
-32557
-32536
-32514
-32490
-32466
-32440
-32414
-32386
-32356
-32326
-32295
-32262
-32228
-32193
-32157
-32119
-32081
-32041
-32000
-31958
-31915
-31870
-31825
-31778
-31730
-31681
-31631
-31579
-31527
-31473
-31418
-31362
-31305
-31247
-31188
-31127
-31065
-31003
-30939
-30874
-30807
-30740
-30672
-30602
-30531
-30460
-30387
-30313
-30238
-30161
-30084
-30006
-29926
-29846
-29764
-29681
-29597
-29512
-29426
-29339
-29251
-29162
-29071
-28980
-28888
-28794
-28700
-28604
-28507
-28410
-28311
-28211
-28111
-28009
-27906
-27802
-27697
-27592
-27485
-27377
-27268
-27158
-27047
-26935
-26823
-26709
-26594
-26478
-26362
-26244
-26125
-26006
-25885
-25764
-25641
-25518
-25394
-25268
-25142
-25015
-24887
-24758
-24629
-24498
-24366
-24234
-24101
-23966
-23831
-23695
-23559
-23421
-23282
-23143
-23003
-22862
-22720
-22577
-22433
-22289
-22144
-21998
-21851
-21703
-21555
-21406
-21256
-21105
-20954
-20801
-20648
-20494
-20340
-20185
-20029
-19872
-19714
-19556
-19397
-19238
-19077
-18916
-18755
-18592
-18429
-18265
-18101
-17936
-17770
-17604
-17437
-17269
-17101
-16932
-16762
-16592
-16422
-16250
-16078
-15906
-15733
-15559
-15385
-15210
-15035
-14859
-14682
-14505
-14328
-14150
-13971
-13792
-13612
-13432
-13252
-13071
-12889
-12707
-12525
-12342
-12159
-11975
-11791
-11606
-11421
-11235
-11049
-10863
-10676
-10489
-10302
-10114
-9926
-9737
-9548
-9359
-9169
-8979
-8789
-8598
-8407
-8216
-8024
-7833
-7640
-7448
-7255
-7062
-6869
-6676
-6482
-6288
-6094
-5900
-5705
-5510
-5315
-5120
-4925
-4729
-4533
-4337
-4141
-3945
-3749
-3552
-3356
-3159
-2962
-2765
-2568
-2371
-2173
-1976
-1779
-1581
-1384
-1186
-989
-791
-593
-395
-198
0
198
395
593
791
989
1186
1384
1581
1779
1976
2173
2371
2568
2765
2962
3159
3356
3552
3749
3945
4141
4337
4533
4729
4925
5120
5315
5510
5705
5900
6094
6288
6482
6676
6869
7062
7255
7448
7640
7833
8024
8216
8407
8598
8789
8979
9169
9359
9548
9737
9926
10114
10302
10489
10676
10863
11049
11235
11421
11606
11791
11975
12159
12342
12525
12707
12889
13071
13252
13432
13612
13792
13971
14150
14328
14505
14682
14859
15035
15210
15385
15559
15733
15906
16078
16250
16422
16592
16762
16932
17101
17269
17437
17604
17770
17936
18101
18265
18429
18592
18755
18916
19077
19238
19397
19556
19714
19872
20029
20185
20340
20494
20648
20801
20954
21105
21256
21406
21555
21703
21851
21998
22144
22289
22433
22577
22720
22862
23003
23143
23282
23421
23559
23695
23831
23966
24101
24234
24366
24498
24629
24758
24887
25015
25142
25268
25394
25518
25641
25764
25885
26006
26125
26244
26362
26478
26594
26709
26823
26935
27047
27158
27268
27377
27485
27592
27697
27802
27906
28009
28111
28211
28311
28410
28507
28604
28700
28794
28888
28980
29071
29162
29251
29339
29426
29512
29597
29681
29764
29846
29926
30006
30084
30161
30238
30313
30387
30460
30531
30602
30672
30740
30807
30874
30939
31003
31065
31127
31188
31247
31305
31362
31418
31473
31527
31579
31631
31681
31730
31778
31825
31870
31915
31958
32000
32041
32081
32119
32157
32193
32228
32262
32295
32326
32356
32386
32414
32440
32466
32490
32514
32536
32557
32576
32595
32612
32628
32643
32657
32669
32681
32691
32700
32707
32714
32719
32724
32727
32728
32729
32728
32727
32724
32719
32714
32707
32700
32691
32681
32669
32657
32643
32628
32612
32595
32576
32557
32536
32514
32490
32466
32440
32414
32386
32356
32326
32295
32262
32228
32193
32157
32119
32081
32041
32000
31958
31915
31870
31825
31778
31730
31681
31631
31579
31527
31473
31418
31362
31305
31247
31188
31127
31065
31003
30939
30874
30807
30740
30672
30602
30531
30460
30387
30313
30238
30161
30084
30006
29926
29846
29764
29681
29597
29512
29426
29339
29251
29162
29071
28980
28888
28794
28700
28604
28507
28410
28311
28211
28111
28009
27906
27802
27697
27592
27485
27377
27268
27158
27047
26935
26823
26709
26594
26478
26362
26244
26125
26006
25885
25764
25641
25518
25394
25268
25142
25015
24887
24758
24629
24498
24366
24234
24101
23966
23831
23695
23559
23421
23282
23143
23003
22862
22720
22577
22433
22289
22144
21998
21851
21703
21555
21406
21256
21105
20954
20801
20648
20494
20340
20185
20029
19872
19714
19556
19397
19238
19077
18916
18755
18592
18429
18265
18101
17936
17770
17604
17437
17269
17101
16932
16762
16592
16422
16250
16078
15906
15733
15559
15385
15210
15035
14859
14682
14505
14328
14150
13971
13792
13612
13432
13252
13071
12889
12707
12525
12342
12159
11975
11791
11606
11421
11235
11049
10863
10676
10489
10302
10114
9926
9737
9548
9359
9169
8979
8789
8598
8407
8216
8024
7833
7640
7448
7255
7062
6869
6676
6482
6288
6094
5900
5705
5510
5315
5120
4925
4729
4533
4337
4141
3945
3749
3552
3356
3159
2962
2765
2568
2371
2173
1976
1779
1581
1384
1186
989
791
593
395
198
0
-198
-395
-593
-791
-989
-1186
-1384
-1581
-1779
-1976
-2173
-2371
-2568
-2765
-2962
-3159
-3356
-3552
-3749
-3945
-4141
-4337
-4533
-4729
-4925
-5120
-5315
-5510
-5705
-5900
-6094
-6288
-6482
-6676
-6869
-7062
-7255
-7448
-7640
-7833
-8024
-8216
-8407
-8598
-8789
-8979
-9169
-9359
-9548
-9737
-9926
-10114
-10302
-10489
-10676
-10863
-11049
-11235
-11421
-11606
-11791
-11975
-12159
-12342
-12525
-12707
-12889
-13071
-13252
-13432
-13612
-13792
-13971
-14150
-14328
-14505
-14682
-14859
-15035
-15210
-15385
-15559
-15733
-15906
-16078
-16250
-16422
-16592
-16762
-16932
-17101
-17269
-17437
-17604
-17770
-17936
-18101
-18265
-18429
-18592
-18755
-18916
-19077
-19238
-19397
-19556
-19714
-19872
-20029
-20185
-20340
-20494
-20648
-20801
-20954
-21105
-21256
-21406
-21555
-21703
-21851
-21998
-22144
-22289
-22433
-22577
-22720
-22862
-23003
-23143
-23282
-23421
-23559
-23695
-23831
-23966
-24101
-24234
-24366
-24498
-24629
-24758
-24887
-25015
-25142
-25268
-25394
-25518
-25641
-25764
-25885
-26006
-26125
-26244
-26362
-26478
-26594
-26709
-26823
-26935
-27047
-27158
-27268
-27377
-27485
-27592
-27697
-27802
-27906
-28009
-28111
-28211
-28311
-28410
-28507
-28604
-28700
-28794
-28888
-28980
-29071
-29162
-29251
-29339
-29426
-29512
-29597
-29681
-29764
-29846
-29926
-30006
-30084
-30161
-30238
-30313
-30387
-30460
-30531
-30602
-30672
-30740
-30807
-30874
-30939
-31003
-31065
-31127
-31188
-31247
-31305
-31362
-31418
-31473
-31527
-31579
-31631
-31681
-31730
-31778
-31825
-31870
-31915
-31958
-32000
-32041
-32081
-32119
-32157
-32193
-32228
-32262
-32295
-32326
-32356
-32386
-32414
-32440
-32466
-32490
-32514
-32536
-32557
-32576
-32595
-32612
-32628
-32643
-32657
-32669
-32681
-32691
-32700
-32707
-32714
-32719
-32724
-32727
-32728
-32729
-32728
-32727
-32724
-32719
-32714
-32707
-32700
-32691
-32681
-32669
-32657
-32643
-32628
-32612
-32595
-32576
-32557
-32536
-32514
-32490
-32466
-32440
-32414
-32386
-32356
-32326
-32295
-32262
-32228
-32193
-32157
-32119
-32081
-32041
-32000
-31958
-31915
-31870
-31825
-31778
-31730
-31681
-31631
-31579
-31527
-31473
-31418
-31362
-31305
-31247
-31188
-31127
-31065
-31003
-30939
-30874
-30807
-30740
-30672
-30602
-30531
-30460
-30387
-30313
-30238
-30161
-30084
-30006
-29926
-29846
-29764
-29681
-29597
-29512
-29426
-29339
-29251
-29162
-29071
-28980
-28888
-28794
-28700
-28604
-28507
-28410
-28311
-28211
-28111
-28009
-27906
-27802
-27697
-27592
-27485
-27377
-27268
-27158
-27047
-26935
-26823
-26709
-26594
-26478
-26362
-26244
-26125
-26006
-25885
-25764
-25641
-25518
-25394
-25268
-25142
-25015
-24887
-24758
-24629
-24498
-24366
-24234
-24101
-23966
-23831
-23695
-23559
-23421
-23282
-23143
-23003
-22862
-22720
-22577
-22433
-22289
-22144
-21998
-21851
-21703
-21555
-21406
-21256
-21105
-20954
-20801
-20648
-20494
-20340
-20185
-20029
-19872
-19714
-19556
-19397
-19238
-19077
-18916
-18755
-18592
-18429
-18265
-18101
-17936
-17770
-17604
-17437
-17269
-17101
-16932
-16762
-16592
-16422
-16250
-16078
-15906
-15733
-15559
-15385
-15210
-15035
-14859
-14682
-14505
-14328
-14150
-13971
-13792
-13612
-13432
-13252
-13071
-12889
-12707
-12525
-12342
-12159
-11975
-11791
-11606
-11421
-11235
-11049
-10863
-10676
-10489
-10302
-10114
-9926
-9737
-9548
-9359
-9169
-8979
-8789
-8598
-8407
-8216
-8024
-7833
-7640
-7448
-7255
-7062
-6869
-6676
-6482
-6288
-6094
-5900
-5705
-5510
-5315
-5120
-4925
-4729
-4533
-4337
-4141
-3945
-3749
-3552
-3356
-3159
-2962
-2765
-2568
-2371
-2173
-1976
-1779
-1581
-1384
-1186
-989
-791
-593
-395
-198
0
198
395
593
791
989
1186
1384
1581
1779
1976
2173
2371
2568
2765
2962
3159
3356
3552
3749
3945
4141
4337
4533
4729
4925
5120
5315
5510
5705
5900
6094
6288
6482
6676
6869
7062
7255
7448
7640
7833
8024
8216
8407
8598
8789
8979
9169
9359
9548
9737
9926
10114
10302
10489
10676
10863
11049
11235
11421
11606
11791
11975
12159
12342
12525
12707
12889
13071
13252
13432
13612
13792
13971
14150
14328
14505
14682
14859
15035
15210
15385
15559
15733
15906
16078
16250
16422
16592
16762
16932
17101
17269
17437
17604
17770
17936
18101
18265
18429
18592
18755
18916
19077
19238
19397
19556
19714
19872
20029
20185
20340
20494
20648
20801
20954
21105
21256
21406
21555
21703
21851
21998
22144
22289
22433
22577
22720
22862
23003
23143
23282
23421
23559
23695
23831
23966
24101
24234
24366
24498
24629
24758
24887
25015
25142
25268
25394
25518
25641
25764
25885
26006
26125
26244
26362
26478
26594
26709
26823
26935
27047
27158
27268
27377
27485
27592
27697
27802
27906
28009
28111
28211
28311
28410
28507
28604
28700
28794
28888
28980
29071
29162
29251
29339
29426
29512
29597
29681
29764
29846
29926
30006
30084
30161
30238
30313
30387
30460
30531
30602
30672
30740
30807
30874
30939
31003
31065
31127
31188
31247
31305
31362
31418
31473
31527
31579
31631
31681
31730
31778
31825
31870
31915
31958
32000
32041
32081
32119
32157
32193
32228
32262
32295
32326
32356
32386
32414
32440
32466
32490
32514
32536
32557
32576
32595
32612
32628
32643
32657
32669
32681
32691
32700
32707
32714
32719
32724
32727
32728
32729
32728
32727
32724
32719
32714
32707
32700
32691
32681
32669
32657
32643
32628
32612
32595
32576
32557
32536
32514
32490
32466
32440
32414
32386
32356
32326
32295
32262
32228
32193
32157
32119
32081
32041
32000
31958
31915
31870
31825
31778
31730
31681
31631
31579
31527
31473
31418
31362
31305
31247
31188
31127
31065
31003
30939
30874
30807
30740
30672
30602
30531
30460
30387
30313
30238
30161
30084
30006
29926
29846
29764
29681
29597
29512
29426
29339
29251
29162
29071
28980
28888
28794
28700
28604
28507
28410
28311
28211
28111
28009
27906
27802
27697
27592
27485
27377
27268
27158
27047
26935
26823
26709
26594
26478
26362
26244
26125
26006
25885
25764
25641
25518
25394
25268
25142
25015
24887
24758
24629
24498
24366
24234
24101
23966
23831
23695
23559
23421
23282
23143
23003
22862
22720
22577
22433
22289
22144
21998
21851
21703
21555
21406
21256
21105
20954
20801
20648
20494
20340
20185
20029
19872
19714
19556
19397
19238
19077
18916
18755
18592
18429
18265
18101
17936
17770
17604
17437
17269
17101
16932
16762
16592
16422
16250
16078
15906
15733
15559
15385
15210
15035
14859
14682
14505
14328
14150
13971
13792
13612
13432
13252
13071
12889
12707
12525
12342
12159
11975
11791
11606
11421
11235
11049
10863
10676
10489
10302
10114
9926
9737
9548
9359
9169
8979
8789
8598
8407
8216
8024
7833
7640
7448
7255
7062
6869
6676
6482
6288
6094
5900
5705
5510
5315
5120
4925
4729
4533
4337
4141
3945
3749
3552
3356
3159
2962
2765
2568
2371
2173
1976
1779
1581
1384
1186
989
791
593
395
198
0
-198
-395
-593
-791
-989
-1186
-1384
-1581
-1779
-1976
-2173
-2371
-2568
-2765
-2962
-3159
-3356
-3552
-3749
-3945
-4141
-4337
-4533
-4729
-4925
-5120
-5315
-5510
-5705
-5900
-6094
-6288
-6482
-6676
-6869
-7062
-7255
-7448
-7640
-7833
-8024
-8216
-8407
-8598
-8789
-8979
-9169
-9359
-9548
-9737
-9926
-10114
-10302
-10489
-10676
-10863
-11049
-11235
-11421
-11606
-11791
-11975
-12159
-12342
-12525
-12707
-12889
-13071
-13252
-13432
-13612
-13792
-13971
-14150
-14328
-14505
-14682
-14859
-15035
-15210
-15385
-15559
-15733
-15906
-16078
-16250
-16422
-16592
-16762
-16932
-17101
-17269
-17437
-17604
-17770
-17936
-18101
-18265
-18429
-18592
-18755
-18916
-19077
-19238
-19397
-19556
-19714
-19872
-20029
-20185
-20340
-20494
-20648
-20801
-20954
-21105
-21256
-21406
-21555
-21703
-21851
-21998
-22144
-22289
-22433
-22577
-22720
-22862
-23003
-23143
-23282
-23421
-23559
-23695
-23831
-23966
-24101
-24234
-24366
-24498
-24629
-24758
-24887
-25015
-25142
-25268
-25394
-25518
-25641
-25764
-25885
-26006
-26125
-26244
-26362
-26478
-26594
-26709
-26823
-26935
-27047
-27158
-27268
-27377
-27485
-27592
-27697
-27802
-27906
-28009
-28111
-28211
-28311
-28410
-28507
-28604
-28700
-28794
-28888
-28980
-29071
-29162
-29251
-29339
-29426
-29512
-29597
-29681
-29764
-29846
-29926
-30006
-30084
-30161
-30238
-30313
-30387
-30460
-30531
-30602
-30672
-30740
-30807
-30874
-30939
-31003
-31065
-31127
-31188
-31247
-31305
-31362
-31418
-31473
-31527
-31579
-31631
-31681
-31730
-31778
-31825
-31870
-31915
-31958
-32000
-32041
-32081
-32119
-32157
-32193
-32228
-32262
-32295
-32326
-32356
-32386
-32414
-32440
-32466
-32490
-32514
-32536
-32557
-32576
-32595
-32612
-32628
-32643
-32657
-32669
-32681
-32691
-32700
-32707
-32714
-32719
-32724
-32727
-32728
-32729
-32728
-32727
-32724
-32719
-32714
-32707
-32700
-32691
-32681
-32669
-32657
-32643
-32628
-32612
-32595
-32576
-32557
-32536
-32514
-32490
-32466
-32440
-32414
-32386
-32356
-32326
-32295
-32262
-32228
-32193
-32157
-32119
-32081
-32041
-32000
-31958
-31915
-31870
-31825
-31778
-31730
-31681
-31631
-31579
-31527
-31473
-31418
-31362
-31305
-31247
-31188
-31127
-31065
-31003
-30939
-30874
-30807
-30740
-30672
-30602
-30531
-30460
-30387
-30313
-30238
-30161
-30084
-30006
-29926
-29846
-29764
-29681
-29597
-29512
-29426
-29339
-29251
-29162
-29071
-28980
-28888
-28794
-28700
-28604
-28507
-28410
-28311
-28211
-28111
-28009
-27906
-27802
-27697
-27592
-27485
-27377
-27268
-27158
-27047
-26935
-26823
-26709
-26594
-26478
-26362
-26244
-26125
-26006
-25885
-25764
-25641
-25518
-25394
-25268
-25142
-25015
-24887
-24758
-24629
-24498
-24366
-24234
-24101
-23966
-23831
-23695
-23559
-23421
-23282
-23143
-23003
-22862
-22720
-22577
-22433
-22289
-22144
-21998
-21851
-21703
-21555
-21406
-21256
-21105
-20954
-20801
-20648
-20494
-20340
-20185
-20029
-19872
-19714
-19556
-19397
-19238
-19077
-18916
-18755
-18592
-18429
-18265
-18101
-17936
-17770
-17604
-17437
-17269
-17101
-16932
-16762
-16592
-16422
-16250
-16078
-15906
-15733
-15559
-15385
-15210
-15035
-14859
-14682
-14505
-14328
-14150
-13971
-13792
-13612
-13432
-13252
-13071
-12889
-12707
-12525
-12342
-12159
-11975
-11791
-11606
-11421
-11235
-11049
-10863
-10676
-10489
-10302
-10114
-9926
-9737
-9548
-9359
-9169
-8979
-8789
-8598
-8407
-8216
-8024
-7833
-7640
-7448
-7255
-7062
-6869
-6676
-6482
-6288
-6094
-5900
-5705
-5510
-5315
-5120
-4925
-4729
-4533
-4337
-4141
-3945
-3749
-3552
-3356
-3159
-2962
-2765
-2568
-2371
-2173
-1976
-1779
-1581
-1384
-1186
-989
-791
-593
-395
-198
0
198
395
593
791
989
1186
1384
1581
1779
1976
2173
2371
2568
2765
2962
3159
3356
3552
3749
3945
4141
4337
4533
4729
4925
5120
5315
5510
5705
5900
6094
6288
6482
6676
6869
7062
7255
7448
7640
7833
8024
8216
8407
8598
8789
8979
9169
9359
9548
9737
9926
10114
10302
10489
10676
10863
11049
11235
11421
11606
11791
11975
12159
12342
12525
12707
12889
13071
13252
13432
13612
13792
13971
14150
14328
14505
14682
14859
15035
15210
15385
15559
15733
15906
16078
16250
16422
16592
16762
16932
17101
17269
17437
17604
17770
17936
18101
18265
18429
18592
18755
18916
19077
19238
19397
19556
19714
19872
20029
20185
20340
20494
20648
20801
20954
21105
21256
21406
21555
21703
21851
21998
22144
22289
22433
22577
22720
22862
23003
23143
23282
23421
23559
23695
23831
23966
24101
24234
24366
24498
24629
24758
24887
25015
25142
25268
25394
25518
25641
25764
25885
26006
26125
26244
26362
26478
26594
26709
26823
26935
27047
27158
27268
27377
27485
27592
27697
27802
27906
28009
28111
28211
28311
28410
28507
28604
28700
28794
28888
28980
29071
29162
29251
29339
29426
29512
29597
29681
29764
29846
29926
30006
30084
30161
30238
30313
30387
30460
30531
30602
30672
30740
30807
30874
30939
31003
31065
31127
31188
31247
31305
31362
31418
31473
31527
31579
31631
31681
31730
31778
31825
31870
31915
31958
32000
32041
32081
32119
32157
32193
32228
32262
32295
32326
32356
32386
32414
32440
32466
32490
32514
32536
32557
32576
32595
32612
32628
32643
32657
32669
32681
32691
32700
32707
32714
32719
32724
32727
32728
32729
32728
32727
32724
32719
32714
32707
32700
32691
32681
32669
32657
32643
32628
32612
32595
32576
32557
32536
32514
32490
32466
32440
32414
32386
32356
32326
32295
32262
32228
32193
32157
32119
32081
32041
32000
31958
31915
31870
31825
31778
31730
31681
31631
31579
31527
31473
31418
31362
31305
31247
31188
31127
31065
31003
30939
30874
30807
30740
30672
30602
30531
30460
30387
30313
30238
30161
30084
30006
29926
29846
29764
29681
29597
29512
29426
29339
29251
29162
29071
28980
28888
28794
28700
28604
28507
28410
28311
28211
28111
28009
27906
27802
27697
27592
27485
27377
27268
27158
27047
26935
26823
26709
26594
26478
26362
26244
26125
26006
25885
25764
25641
25518
25394
25268
25142
25015
24887
24758
24629
24498
24366
24234
24101
23966
23831
23695
23559
23421
23282
23143
23003
22862
22720
22577
22433
22289
22144
21998
21851
21703
21555
21406
21256
21105
20954
20801
20648
20494
20340
20185
20029
19872
19714
19556
19397
19238
19077
18916
18755
18592
18429
18265
18101
17936
17770
17604
17437
17269
17101
16932
16762
16592
16422
16250
16078
15906
15733
15559
15385
15210
15035
14859
14682
14505
14328
14150
13971
13792
13612
13432
13252
13071
12889
12707
12525
12342
12159
11975
11791
11606
11421
11235
11049
10863
10676
10489
10302
10114
9926
9737
9548
9359
9169
8979
8789
8598
8407
8216
8024
7833
7640
7448
7255
7062
6869
6676
6482
6288
6094
5900
5705
5510
5315
5120
4925
4729
4533
4337
4141
3945
3749
3552
3356
3159
2962
2765
2568
2371
2173
1976
1779
1581
1384
1186
989
791
593
395
198
0
-198
-395
-593
-791
-989
-1186
-1384
-1581
-1779
-1976
-2173
-2371
-2568
-2765
-2962
-3159
-3356
-3552
-3749
-3945
-4141
-4337
-4533
-4729
-4925
-5120
-5315
-5510
-5705
-5900
-6094
-6288
-6482
-6676
-6869
-7062
-7255
-7448
-7640
-7833
-8024
-8216
-8407
-8598
-8789
-8979
-9169
-9359
-9548
-9737
-9926
-10114
-10302
-10489
-10676
-10863
-11049
-11235
-11421
-11606
-11791
-11975
-12159
-12342
-12525
-12707
-12889
-13071
-13252
-13432
-13612
-13792
-13971
-14150
-14328
-14505
-14682
-14859
-15035
-15210
-15385
-15559
-15733
-15906
-16078
-16250
-16422
-16592
-16762
-16932
-17101
-17269
-17437
-17604
-17770
-17936
-18101
-18265
-18429
-18592
-18755
-18916
-19077
-19238
-19397
-19556
-19714
-19872
-20029
-20185
-20340
-20494
-20648
-20801
-20954
-21105
-21256
-21406
-21555
-21703
-21851
-21998
-22144
-22289
-22433
-22577
-22720
-22862
-23003
-23143
-23282
-23421
-23559
-23695
-23831
-23966
-24101
-24234
-24366
-24498
-24629
-24758
-24887
-25015
-25142
-25268
-25394
-25518
-25641
-25764
-25885
-26006
-26125
-26244
-26362
-26478
-26594
-26709
-26823
-26935
-27047
-27158
-27268
-27377
-27485
-27592
-27697
-27802
-27906
-28009
-28111
-28211
-28311
-28410
-28507
-28604
-28700
-28794
-28888
-28980
-29071
-29162
-29251
-29339
-29426
-29512
-29597
-29681
-29764
-29846
-29926
-30006
-30084
-30161
-30238
-30313
-30387
-30460
-30531
-30602
-30672
-30740
-30807
-30874
-30939
-31003
-31065
-31127
-31188
-31247
-31305
-31362
-31418
-31473
-31527
-31579
-31631
-31681
-31730
-31778
-31825
-31870
-31915
-31958
-32000
-32041
-32081
-32119
-32157
-32193
-32228
-32262
-32295
-32326
-32356
-32386
-32414
-32440
-32466
-32490
-32514
-32536
-32557
-32576
-32595
-32612
-32628
-32643
-32657
-32669
-32681
-32691
-32700
-32707
-32714
-32719
-32724
-32727
-32728
-32729
-32728
-32727
-32724
-32719
-32714
-32707
-32700
-32691
-32681
-32669
-32657
-32643
-32628
-32612
-32595
-32576
-32557
-32536
-32514
-32490
-32466
-32440
-32414
-32386
-32356
-32326
-32295
-32262
-32228
-32193
-32157
-32119
-32081
-32041
-32000
-31958
-31915
-31870
-31825
-31778
-31730
-31681
-31631
-31579
-31527
-31473
-31418
-31362
-31305
-31247
-31188
-31127
-31065
-31003
-30939
-30874
-30807
-30740
-30672
-30602
-30531
-30460
-30387
-30313
-30238
-30161
-30084
-30006
-29926
-29846
-29764
-29681
-29597
-29512
-29426
-29339
-29251
-29162
-29071
-28980
-28888
-28794
-28700
-28604
-28507
-28410
-28311
-28211
-28111
-28009
-27906
-27802
-27697
-27592
-27485
-27377
-27268
-27158
-27047
-26935
-26823
-26709
-26594
-26478
-26362
-26244
-26125
-26006
-25885
-25764
-25641
-25518
-25394
-25268
-25142
-25015
-24887
-24758
-24629
-24498
-24366
-24234
-24101
-23966
-23831
-23695
-23559
-23421
-23282
-23143
-23003
-22862
-22720
-22577
-22433
-22289
-22144
-21998
-21851
-21703
-21555
-21406
-21256
-21105
-20954
-20801
-20648
-20494
-20340
-20185
-20029
-19872
-19714
-19556
-19397
-19238
-19077
-18916
-18755
-18592
-18429
-18265
-18101
-17936
-17770
-17604
-17437
-17269
-17101
-16932
-16762
-16592
-16422
-16250
-16078
-15906
-15733
-15559
-15385
-15210
-15035
-14859
-14682
-14505
-14328
-14150
-13971
-13792
-13612
-13432
-13252
-13071
-12889
-12707
-12525
-12342
-12159
-11975
-11791
-11606
-11421
-11235
-11049
-10863
-10676
-10489
-10302
-10114
-9926
-9737
-9548
-9359
-9169
-8979
-8789
-8598
-8407
-8216
-8024
-7833
-7640
-7448
-7255
-7062
-6869
-6676
-6482
-6288
-6094
-5900
-5705
-5510
-5315
-5120
-4925
-4729
-4533
-4337
-4141
-3945
-3749
-3552
-3356
-3159
-2962
-2765
-2568
-2371
-2173
-1976
-1779
-1581
-1384
-1186
-989
-791
-593
-395
-198
0
198
395
593
791
989
1186
1384
1581
1779
1976
2173
2371
2568
2765
2962
3159
3356
3552
3749
3945
4141
4337
4533
4729
4925
5120
5315
5510
5705
5900
6094
6288
6482
6676
6869
7062
7255
7448
7640
7833
8024
8216
8407
8598
8789
8979
9169
9359
9548
9737
9926
10114
10302
10489
10676
10863
11049
11235
11421
11606
11791
11975
12159
12342
12525
12707
12889
13071
13252
13432
13612
13792
13971
14150
14328
14505
14682
14859
15035
15210
15385
15559
15733
15906
16078
16250
16422
16592
16762
16932
17101
17269
17437
17604
17770
17936
18101
18265
18429
18592
18755
18916
19077
19238
19397
19556
19714
19872
20029
20185
20340
20494
20648
20801
20954
21105
21256
21406
21555
21703
21851
21998
22144
22289
22433
22577
22720
22862
23003
23143
23282
23421
23559
23695
23831
23966
24101
24234
24366
24498
24629
24758
24887
25015
25142
25268
25394
25518
25641
25764
25885
26006
26125
26244
26362
26478
26594
26709
26823
26935
27047
27158
27268
27377
27485
27592
27697
27802
27906
28009
28111
28211
28311
28410
28507
28604
28700
28794
28888
28980
29071
29162
29251
29339
29426
29512
29597
29681
29764
29846
29926
30006
30084
30161
30238
30313
30387
30460
30531
30602
30672
30740
30807
30874
30939
31003
31065
31127
31188
31247
31305
31362
31418
31473
31527
31579
31631
31681
31730
31778
31825
31870
31915
31958
32000
32041
32081
32119
32157
32193
32228
32262
32295
32326
32356
32386
32414
32440
32466
32490
32514
32536
32557
32576
32595
32612
32628
32643
32657
32669
32681
32691
32700
32707
32714
32719
32724
32727
32728
32729
32728
32727
32724
32719
32714
32707
32700
32691
32681
32669
32657
32643
32628
32612
32595
32576
32557
32536
32514
32490
32466
32440
32414
32386
32356
32326
32295
32262
32228
32193
32157
32119
32081
32041
32000
31958
31915
31870
31825
31778
31730
31681
31631
31579
31527
31473
31418
31362
31305
31247
31188
31127
31065
31003
30939
30874
30807
30740
30672
30602
30531
30460
30387
30313
30238
30161
30084
30006
29926
29846
29764
29681
29597
29512
29426
29339
29251
29162
29071
28980
28888
28794
28700
28604
28507
28410
28311
28211
28111
28009
27906
27802
27697
27592
27485
27377
27268
27158
27047
26935
26823
26709
26594
26478
26362
26244
26125
26006
25885
25764
25641
25518
25394
25268
25142
25015
24887
24758
24629
24498
24366
24234
24101
23966
23831
23695
23559
23421
23282
23143
23003
22862
22720
22577
22433
22289
22144
21998
21851
21703
21555
21406
21256
21105
20954
20801
20648
20494
20340
20185
20029
19872
19714
19556
19397
19238
19077
18916
18755
18592
18429
18265
18101
17936
17770
17604
17437
17269
17101
16932
16762
16592
16422
16250
16078
15906
15733
15559
15385
15210
15035
14859
14682
14505
14328
14150
13971
13792
13612
13432
13252
13071
12889
12707
12525
12342
12159
11975
11791
11606
11421
11235
11049
10863
10676
10489
10302
10114
9926
9737
9548
9359
9169
8979
8789
8598
8407
8216
8024
7833
7640
7448
7255
7062
6869
6676
6482
6288
6094
5900
5705
5510
5315
5120
4925
4729
4533
4337
4141
3945
3749
3552
3356
3159
2962
2765
2568
2371
2173
1976
1779
1581
1384
1186
989
791
593
395
198
0
-198
-395
-593
-791
-989
-1186
-1384
-1581
-1779
-1976
-2173
-2371
-2568
-2765
-2962
-3159
-3356
-3552
-3749
-3945
-4141
-4337
-4533
-4729
-4925
-5120
-5315
-5510
-5705
-5900
-6094
-6288
-6482
-6676
-6869
-7062
-7255
-7448
-7640
-7833
-8024
-8216
-8407
-8598
-8789
-8979
-9169
-9359
-9548
-9737
-9926
-10114
-10302
-10489
-10676
-10863
-11049
-11235
-11421
-11606
-11791
-11975
-12159
-12342
-12525
-12707
-12889
-13071
-13252
-13432
-13612
-13792
-13971
-14150
-14328
-14505
-14682
-14859
-15035
-15210
-15385
-15559
-15733
-15906
-16078
-16250
-16422
-16592
-16762
-16932
-17101
-17269
-17437
-17604
-17770
-17936
-18101
-18265
-18429
-18592
-18755
-18916
-19077
-19238
-19397
-19556
-19714
-19872
-20029
-20185
-20340
-20494
-20648
-20801
-20954
-21105
-21256
-21406
-21555
-21703
-21851
-21998
-22144
-22289
-22433
-22577
-22720
-22862
-23003
-23143
-23282
-23421
-23559
-23695
-23831
-23966
-24101
-24234
-24366
-24498
-24629
-24758
-24887
-25015
-25142
-25268
-25394
-25518
-25641
-25764
-25885
-26006
-26125
-26244
-26362
-26478
-26594
-26709
-26823
-26935
-27047
-27158
-27268
-27377
-27485
-27592
-27697
-27802
-27906
-28009
-28111
-28211
-28311
-28410
-28507
-28604
-28700
-28794
-28888
-28980
-29071
-29162
-29251
-29339
-29426
-29512
-29597
-29681
-29764
-29846
-29926
-30006
-30084
-30161
-30238
-30313
-30387
-30460
-30531
-30602
-30672
-30740
-30807
-30874
-30939
-31003
-31065
-31127
-31188
-31247
-31305
-31362
-31418
-31473
-31527
-31579
-31631
-31681
-31730
-31778
-31825
-31870
-31915
-31958
-32000
-32041
-32081
-32119
-32157
-32193
-32228
-32262
-32295
-32326
-32356
-32386
-32414
-32440
-32466
-32490
-32514
-32536
-32557
-32576
-32595
-32612
-32628
-32643
-32657
-32669
-32681
-32691
-32700
-32707
-32714
-32719
-32724
-32727
-32728
-32729
-32728
-32727
-32724
-32719
-32714
-32707
-32700
-32691
-32681
-32669
-32657
-32643
-32628
-32612
-32595
-32576
-32557
-32536
-32514
-32490
-32466
-32440
-32414
-32386
-32356
-32326
-32295
-32262
-32228
-32193
-32157
-32119
-32081
-32041
-32000
-31958
-31915
-31870
-31825
-31778
-31730
-31681
-31631
-31579
-31527
-31473
-31418
-31362
-31305
-31247
-31188
-31127
-31065
-31003
-30939
-30874
-30807
-30740
-30672
-30602
-30531
-30460
-30387
-30313
-30238
-30161
-30084
-30006
-29926
-29846
-29764
-29681
-29597
-29512
-29426
-29339
-29251
-29162
-29071
-28980
-28888
-28794
-28700
-28604
-28507
-28410
-28311
-28211
-28111
-28009
-27906
-27802
-27697
-27592
-27485
-27377
-27268
-27158
-27047
-26935
-26823
-26709
-26594
-26478
-26362
-26244
-26125
-26006
-25885
-25764
-25641
-25518
-25394
-25268
-25142
-25015
-24887
-24758
-24629
-24498
-24366
-24234
-24101
-23966
-23831
-23695
-23559
-23421
-23282
-23143
-23003
-22862
-22720
-22577
-22433
-22289
-22144
-21998
-21851
-21703
-21555
-21406
-21256
-21105
-20954
-20801
-20648
-20494
-20340
-20185
-20029
-19872
-19714
-19556
-19397
-19238
-19077
-18916
-18755
-18592
-18429
-18265
-18101
-17936
-17770
-17604
-17437
-17269
-17101
-16932
-16762
-16592
-16422
-16250
-16078
-15906
-15733
-15559
-15385
-15210
-15035
-14859
-14682
-14505
-14328
-14150
-13971
-13792
-13612
-13432
-13252
-13071
-12889
-12707
-12525
-12342
-12159
-11975
-11791
-11606
-11421
-11235
-11049
-10863
-10676
-10489
-10302
-10114
-9926
-9737
-9548
-9359
-9169
-8979
-8789
-8598
-8407
-8216
-8024
-7833
-7640
-7448
-7255
-7062
-6869
-6676
-6482
-6288
-6094
-5900
-5705
-5510
-5315
-5120
-4925
-4729
-4533
-4337
-4141
-3945
-3749
-3552
-3356
-3159
-2962
-2765
-2568
-2371
-2173
-1976
-1779
-1581
-1384
-1186
-989
-791
-593
-395
-198
0
198
395
593
791
989
1186
1384
1581
1779
1976
2173
2371
2568
2765
2962
3159
3356
3552
3749
3945
4141
4337
4533
4729
4925
5120
5315
5510
5705
5900
6094
6288
6482
6676
6869
7062
7255
7448
7640
7833
8024
8216
8407
8598
8789
8979
9169
9359
9548
9737
9926
10114
10302
10489
10676
10863
11049
11235
11421
11606
11791
11975
12159
12342
12525
12707
12889
13071
13252
13432
13612
13792
13971
14150
14328
14505
14682
14859
15035
15210
15385
15559
15733
15906
16078
16250
16422
16592
16762
16932
17101
17269
17437
17604
17770
17936
18101
18265
18429
18592
18755
18916
19077
19238
19397
19556
19714
19872
20029
20185
20340
20494
20648
20801
20954
21105
21256
21406
21555
21703
21851
21998
22144
22289
22433
22577
22720
22862
23003
23143
23282
23421
23559
23695
23831
23966
24101
24234
24366
24498
24629
24758
24887
25015
25142
25268
25394
25518
25641
25764
25885
26006
26125
26244
26362
26478
26594
26709
26823
26935
27047
27158
27268
27377
27485
27592
27697
27802
27906
28009
28111
28211
28311
28410
28507
28604
28700
28794
28888
28980
29071
29162
29251
29339
29426
29512
29597
29681
29764
29846
29926
30006
30084
30161
30238
30313
30387
30460
30531
30602
30672
30740
30807
30874
30939
31003
31065
31127
31188
31247
31305
31362
31418
31473
31527
31579
31631
31681
31730
31778
31825
31870
31915
31958
32000
32041
32081
32119
32157
32193
32228
32262
32295
32326
32356
32386
32414
32440
32466
32490
32514
32536
32557
32576
32595
32612
32628
32643
32657
32669
32681
32691
32700
32707
32714
32719
32724
32727
32728
32729
32728
32727
32724
32719
32714
32707
32700
32691
32681
32669
32657
32643
32628
32612
32595
32576
32557
32536
32514
32490
32466
32440
32414
32386
32356
32326
32295
32262
32228
32193
32157
32119
32081
32041
32000
31958
31915
31870
31825
31778
31730
31681
31631
31579
31527
31473
31418
31362
31305
31247
31188
31127
31065
31003
30939
30874
30807
30740
30672
30602
30531
30460
30387
30313
30238
30161
30084
30006
29926
29846
29764
29681
29597
29512
29426
29339
29251
29162
29071
28980
28888
28794
28700
28604
28507
28410
28311
28211
28111
28009
27906
27802
27697
27592
27485
27377
27268
27158
27047
26935
26823
26709
26594
26478
26362
26244
26125
26006
25885
25764
25641
25518
25394
25268
25142
25015
24887
24758
24629
24498
24366
24234
24101
23966
23831
23695
23559
23421
23282
23143
23003
22862
22720
22577
22433
22289
22144
21998
21851
21703
21555
21406
21256
21105
20954
20801
20648
20494
20340
20185
20029
19872
19714
19556
19397
19238
19077
18916
18755
18592
18429
18265
18101
17936
17770
17604
17437
17269
17101
16932
16762
16592
16422
16250
16078
15906
15733
15559
15385
15210
15035
14859
14682
14505
14328
14150
13971
13792
13612
13432
13252
13071
12889
12707
12525
12342
12159
11975
11791
11606
11421
11235
11049
10863
10676
10489
10302
10114
9926
9737
9548
9359
9169
8979
8789
8598
8407
8216
8024
7833
7640
7448
7255
7062
6869
6676
6482
6288
6094
5900
5705
5510
5315
5120
4925
4729
4533
4337
4141
3945
3749
3552
3356
3159
2962
2765
2568
2371
2173
1976
1779
1581
1384
1186
989
791
593
395
198
0
-198
-395
-593
-791
-989
-1186
-1384
-1581
-1779
-1976
-2173
-2371
-2568
-2765
-2962
-3159
-3356
-3552
-3749
-3945
-4141
-4337
-4533
-4729
-4925
-5120
-5315
-5510
-5705
-5900
-6094
-6288
-6482
-6676
-6869
-7062
-7255
-7448
-7640
-7833
-8024
-8216
-8407
-8598
-8789
-8979
-9169
-9359
-9548
-9737
-9926
-10114
-10302
-10489
-10676
-10863
-11049
-11235
-11421
-11606
-11791
-11975
-12159
-12342
-12525
-12707
-12889
-13071
-13252
-13432
-13612
-13792
-13971
-14150
-14328
-14505
-14682
-14859
-15035
-15210
-15385
-15559
-15733
-15906
-16078
-16250
-16422
-16592
-16762
-16932
-17101
-17269
-17437
-17604
-17770
-17936
-18101
-18265
-18429
-18592
-18755
-18916
-19077
-19238
-19397
-19556
-19714
-19872
-20029
-20185
-20340
-20494
-20648
-20801
-20954
-21105
-21256
-21406
-21555
-21703
-21851
-21998
-22144
-22289
-22433
-22577
-22720
-22862
-23003
-23143
-23282
-23421
-23559
-23695
-23831
-23966
-24101
-24234
-24366
-24498
-24629
-24758
-24887
-25015
-25142
-25268
-25394
-25518
-25641
-25764
-25885
-26006
-26125
-26244
-26362
-26478
-26594
-26709
-26823
-26935
-27047
-27158
-27268
-27377
-27485
-27592
-27697
-27802
-27906
-28009
-28111
-28211
-28311
-28410
-28507
-28604
-28700
-28794
-28888
-28980
-29071
-29162
-29251
-29339
-29426
-29512
-29597
-29681
-29764
-29846
-29926
-30006
-30084
-30161
-30238
-30313
-30387
-30460
-30531
-30602
-30672
-30740
-30807
-30874
-30939
-31003
-31065
-31127
-31188
-31247
-31305
-31362
-31418
-31473
-31527
-31579
-31631
-31681
-31730
-31778
-31825
-31870
-31915
-31958
-32000
-32041
-32081
-32119
-32157
-32193
-32228
-32262
-32295
-32326
-32356
-32386
-32414
-32440
-32466
-32490
-32514
-32536
-32557
-32576
-32595
-32612
-32628
-32643
-32657
-32669
-32681
-32691
-32700
-32707
-32714
-32719
-32724
-32727
-32728
-32729
-32728
-32727
-32724
-32719
-32714
-32707
-32700
-32691
-32681
-32669
-32657
-32643
-32628
-32612
-32595
-32576
-32557
-32536
-32514
-32490
-32466
-32440
-32414
-32386
-32356
-32326
-32295
-32262
-32228
-32193
-32157
-32119
-32081
-32041
-32000
-31958
-31915
-31870
-31825
-31778
-31730
-31681
-31631
-31579
-31527
-31473
-31418
-31362
-31305
-31247
-31188
-31127
-31065
-31003
-30939
-30874
-30807
-30740
-30672
-30602
-30531
-30460
-30387
-30313
-30238
-30161
-30084
-30006
-29926
-29846
-29764
-29681
-29597
-29512
-29426
-29339
-29251
-29162
-29071
-28980
-28888
-28794
-28700
-28604
-28507
-28410
-28311
-28211
-28111
-28009
-27906
-27802
-27697
-27592
-27485
-27377
-27268
-27158
-27047
-26935
-26823
-26709
-26594
-26478
-26362
-26244
-26125
-26006
-25885
-25764
-25641
-25518
-25394
-25268
-25142
-25015
-24887
-24758
-24629
-24498
-24366
-24234
-24101
-23966
-23831
-23695
-23559
-23421
-23282
-23143
-23003
-22862
-22720
-22577
-22433
-22289
-22144
-21998
-21851
-21703
-21555
-21406
-21256
-21105
-20954
-20801
-20648
-20494
-20340
-20185
-20029
-19872
-19714
-19556
-19397
-19238
-19077
-18916
-18755
-18592
-18429
-18265
-18101
-17936
-17770
-17604
-17437
-17269
-17101
-16932
-16762
-16592
-16422
-16250
-16078
-15906
-15733
-15559
-15385
-15210
-15035
-14859
-14682
-14505
-14328
-14150
-13971
-13792
-13612
-13432
-13252
-13071
-12889
-12707
-12525
-12342
-12159
-11975
-11791
-11606
-11421
-11235
-11049
-10863
-10676
-10489
-10302
-10114
-9926
-9737
-9548
-9359
-9169
-8979
-8789
-8598
-8407
-8216
-8024
-7833
-7640
-7448
-7255
-7062
-6869
-6676
-6482
-6288
-6094
-5900
-5705
-5510
-5315
-5120
-4925
-4729
-4533
-4337
-4141
-3945
-3749
-3552
-3356
-3159
-2962
-2765
-2568
-2371
-2173
-1976
-1779
-1581
-1384
-1186
-989
-791
-593
-395
-198
0
198
395
593
791
989
1186
1384
1581
1779
1976
2173
2371
2568
2765
2962
3159
3356
3552
3749
3945
4141
4337
4533
4729
4925
5120
5315
5510
5705
5900
6094
6288
6482
6676
6869
7062
7255
7448
7640
7833
8024
8216
8407
8598
8789
8979
9169
9359
9548
9737
9926
10114
10302
10489
10676
10863
11049
11235
11421
11606
11791
11975
12159
12342
12525
12707
12889
13071
13252
13432
13612
13792
13971
14150
14328
14505
14682
14859
15035
15210
15385
15559
15733
15906
16078
16250
16422
16592
16762
16932
17101
17269
17437
17604
17770
17936
18101
18265
18429
18592
18755
18916
19077
19238
19397
19556
19714
19872
20029
20185
20340
20494
20648
20801
20954
21105
21256
21406
21555
21703
21851
21998
22144
22289
22433
22577
22720
22862
23003
23143
23282
23421
23559
23695
23831
23966
24101
24234
24366
24498
24629
24758
24887
25015
25142
25268
25394
25518
25641
25764
25885
26006
26125
26244
26362
26478
26594
26709
26823
26935
27047
27158
27268
27377
27485
27592
27697
27802
27906
28009
28111
28211
28311
28410
28507
28604
28700
28794
28888
28980
29071
29162
29251
29339
29426
29512
29597
29681
29764
29846
29926
30006
30084
30161
30238
30313
30387
30460
30531
30602
30672
30740
30807
30874
30939
31003
31065
31127
31188
31247
31305
31362
31418
31473
31527
31579
31631
31681
31730
31778
31825
31870
31915
31958
32000
32041
32081
32119
32157
32193
32228
32262
32295
32326
32356
32386
32414
32440
32466
32490
32514
32536
32557
32576
32595
32612
32628
32643
32657
32669
32681
32691
32700
32707
32714
32719
32724
32727
32728
32729
32728
32727
32724
32719
32714
32707
32700
32691
32681
32669
32657
32643
32628
32612
32595
32576
32557
32536
32514
32490
32466
32440
32414
32386
32356
32326
32295
32262
32228
32193
32157
32119
32081
32041
32000
31958
31915
31870
31825
31778
31730
31681
31631
31579
31527
31473
31418
31362
31305
31247
31188
31127
31065
31003
30939
30874
30807
30740
30672
30602
30531
30460
30387
30313
30238
30161
30084
30006
29926
29846
29764
29681
29597
29512
29426
29339
29251
29162
29071
28980
28888
28794
28700
28604
28507
28410
28311
28211
28111
28009
27906
27802
27697
27592
27485
27377
27268
27158
27047
26935
26823
26709
26594
26478
26362
26244
26125
26006
25885
25764
25641
25518
25394
25268
25142
25015
24887
24758
24629
24498
24366
24234
24101
23966
23831
23695
23559
23421
23282
23143
23003
22862
22720
22577
22433
22289
22144
21998
21851
21703
21555
21406
21256
21105
20954
20801
20648
20494
20340
20185
20029
19872
19714
19556
19397
19238
19077
18916
18755
18592
18429
18265
18101
17936
17770
17604
17437
17269
17101
16932
16762
16592
16422
16250
16078
15906
15733
15559
15385
15210
15035
14859
14682
14505
14328
14150
13971
13792
13612
13432
13252
13071
12889
12707
12525
12342
12159
11975
11791
11606
11421
11235
11049
10863
10676
10489
10302
10114
9926
9737
9548
9359
9169
8979
8789
8598
8407
8216
8024
7833
7640
7448
7255
7062
6869
6676
6482
6288
6094
5900
5705
5510
5315
5120
4925
4729
4533
4337
4141
3945
3749
3552
3356
3159
2962
2765
2568
2371
2173
1976
1779
1581
1384
1186
989
791
593
395
198
0
-198
-395
-593
-791
-989
-1186
-1384
-1581
-1779
-1976
-2173
-2371
-2568
-2765
-2962
-3159
-3356
-3552
-3749
-3945
-4141
-4337
-4533
-4729
-4925
-5120
-5315
-5510
-5705
-5900
-6094
-6288
-6482
-6676
-6869
-7062
-7255
-7448
-7640
-7833
-8024
-8216
-8407
-8598
-8789
-8979
-9169
-9359
-9548
-9737
-9926
-10114
-10302
-10489
-10676
-10863
-11049
-11235
-11421
-11606
-11791
-11975
-12159
-12342
-12525
-12707
-12889
-13071
-13252
-13432
-13612
-13792
-13971
-14150
-14328
-14505
-14682
-14859
-15035
-15210
-15385
-15559
-15733
-15906
-16078
-16250
-16422
-16592
-16762
-16932
-17101
-17269
-17437
-17604
-17770
-17936
-18101
-18265
-18429
-18592
-18755
-18916
-19077
-19238
-19397
-19556
-19714
-19872
-20029
-20185
-20340
-20494
-20648
-20801
-20954
-21105
-21256
-21406
-21555
-21703
-21851
-21998
-22144
-22289
-22433
-22577
-22720
-22862
-23003
-23143
-23282
-23421
-23559
-23695
-23831
-23966
-24101
-24234
-24366
-24498
-24629
-24758
-24887
-25015
-25142
-25268
-25394
-25518
-25641
-25764
-25885
-26006
-26125
-26244
-26362
-26478
-26594
-26709
-26823
-26935
-27047
-27158
-27268
-27377
-27485
-27592
-27697
-27802
-27906
-28009
-28111
-28211
-28311
-28410
-28507
-28604
-28700
-28794
-28888
-28980
-29071
-29162
-29251
-29339
-29426
-29512
-29597
-29681
-29764
-29846
-29926
-30006
-30084
-30161
-30238
-30313
-30387
-30460
-30531
-30602
-30672
-30740
-30807
-30874
-30939
-31003
-31065
-31127
-31188
-31247
-31305
-31362
-31418
-31473
-31527
-31579
-31631
-31681
-31730
-31778
-31825
-31870
-31915
-31958
-32000
-32041
-32081
-32119
-32157
-32193
-32228
-32262
-32295
-32326
-32356
-32386
-32414
-32440
-32466
-32490
-32514
-32536
-32557
-32576
-32595
-32612
-32628
-32643
-32657
-32669
-32681
-32691
-32700
-32707
-32714
-32719
-32724
-32727
-32728
-32729
-32728
-32727
-32724
-32719
-32714
-32707
-32700
-32691
-32681
-32669
-32657
-32643
-32628
-32612
-32595
-32576
-32557
-32536
-32514
-32490
-32466
-32440
-32414
-32386
-32356
-32326
-32295
-32262
-32228
-32193
-32157
-32119
-32081
-32041
-32000
-31958
-31915
-31870
-31825
-31778
-31730
-31681
-31631
-31579
-31527
-31473
-31418
-31362
-31305
-31247
-31188
-31127
-31065
-31003
-30939
-30874
-30807
-30740
-30672
-30602
-30531
-30460
-30387
-30313
-30238
-30161
-30084
-30006
-29926
-29846
-29764
-29681
-29597
-29512
-29426
-29339
-29251
-29162
-29071
-28980
-28888
-28794
-28700
-28604
-28507
-28410
-28311
-28211
-28111
-28009
-27906
-27802
-27697
-27592
-27485
-27377
-27268
-27158
-27047
-26935
-26823
-26709
-26594
-26478
-26362
-26244
-26125
-26006
-25885
-25764
-25641
-25518
-25394
-25268
-25142
-25015
-24887
-24758
-24629
-24498
-24366
-24234
-24101
-23966
-23831
-23695
-23559
-23421
-23282
-23143
-23003
-22862
-22720
-22577
-22433
-22289
-22144
-21998
-21851
-21703
-21555
-21406
-21256
-21105
-20954
-20801
-20648
-20494
-20340
-20185
-20029
-19872
-19714
-19556
-19397
-19238
-19077
-18916
-18755
-18592
-18429
-18265
-18101
-17936
-17770
-17604
-17437
-17269
-17101
-16932
-16762
-16592
-16422
-16250
-16078
-15906
-15733
-15559
-15385
-15210
-15035
-14859
-14682
-14505
-14328
-14150
-13971
-13792
-13612
-13432
-13252
-13071
-12889
-12707
-12525
-12342
-12159
-11975
-11791
-11606
-11421
-11235
-11049
-10863
-10676
-10489
-10302
-10114
-9926
-9737
-9548
-9359
-9169
-8979
-8789
-8598
-8407
-8216
-8024
-7833
-7640
-7448
-7255
-7062
-6869
-6676
-6482
-6288
-6094
-5900
-5705
-5510
-5315
-5120
-4925
-4729
-4533
-4337
-4141
-3945
-3749
-3552
-3356
-3159
-2962
-2765
-2568
-2371
-2173
-1976
-1779
-1581
-1384
-1186
-989
-791
-593
-395
-198
0
198
395
593
791
989
1186
1384
1581
1779
1976
2173
2371
2568
2765
2962
3159
3356
3552
3749
3945
4141
4337
4533
4729
4925
5120
5315
5510
5705
5900
6094
6288
6482
6676
6869
7062
7255
7448
7640
7833
8024
8216
8407
8598
8789
8979
9169
9359
9548
9737
9926
10114
10302
10489
10676
10863
11049
11235
11421
11606
11791
11975
12159
12342
12525
12707
12889
13071
13252
13432
13612
13792
13971
14150
14328
14505
14682
14859
15035
15210
15385
15559
15733
15906
16078
16250
16422
16592
16762
16932
17101
17269
17437
17604
17770
17936
18101
18265
18429
18592
18755
18916
19077
19238
19397
19556
19714
19872
20029
20185
20340
20494
20648
20801
20954
21105
21256
21406
21555
21703
21851
21998
22144
22289
22433
22577
22720
22862
23003
23143
23282
23421
23559
23695
23831
23966
24101
24234
24366
24498
24629
24758
24887
25015
25142
25268
25394
25518
25641
25764
25885
26006
26125
26244
26362
26478
26594
26709
26823
26935
27047
27158
27268
27377
27485
27592
27697
27802
27906
28009
28111
28211
28311
28410
28507
28604
28700
28794
28888
28980
29071
29162
29251
29339
29426
29512
29597
29681
29764
29846
29926
30006
30084
30161
30238
30313
30387
30460
30531
30602
30672
30740
30807
30874
30939
31003
31065
31127
31188
31247
31305
31362
31418
31473
31527
31579
31631
31681
31730
31778
31825
31870
31915
31958
32000
32041
32081
32119
32157
32193
32228
32262
32295
32326
32356
32386
32414
32440
32466
32490
32514
32536
32557
32576
32595
32612
32628
32643
32657
32669
32681
32691
32700
32707
32714
32719
32724
32727
32728
32729
32728
32727
32724
32719
32714
32707
32700
32691
32681
32669
32657
32643
32628
32612
32595
32576
32557
32536
32514
32490
32466
32440
32414
32386
32356
32326
32295
32262
32228
32193
32157
32119
32081
32041
32000
31958
31915
31870
31825
31778
31730
31681
31631
31579
31527
31473
31418
31362
31305
31247
31188
31127
31065
31003
30939
30874
30807
30740
30672
30602
30531
30460
30387
30313
30238
30161
30084
30006
29926
29846
29764
29681
29597
29512
29426
29339
29251
29162
29071
28980
28888
28794
28700
28604
28507
28410
28311
28211
28111
28009
27906
27802
27697
27592
27485
27377
27268
27158
27047
26935
26823
26709
26594
26478
26362
26244
26125
26006
25885
25764
25641
25518
25394
25268
25142
25015
24887
24758
24629
24498
24366
24234
24101
23966
23831
23695
23559
23421
23282
23143
23003
22862
22720
22577
22433
22289
22144
21998
21851
21703
21555
21406
21256
21105
20954
20801
20648
20494
20340
20185
20029
19872
19714
19556
19397
19238
19077
18916
18755
18592
18429
18265
18101
17936
17770
17604
17437
17269
17101
16932
16762
16592
16422
16250
16078
15906
15733
15559
15385
15210
15035
14859
14682
14505
14328
14150
13971
13792
13612
13432
13252
13071
12889
12707
12525
12342
12159
11975
11791
11606
11421
11235
11049
10863
10676
10489
10302
10114
9926
9737
9548
9359
9169
8979
8789
8598
8407
8216
8024
7833
7640
7448
7255
7062
6869
6676
6482
6288
6094
5900
5705
5510
5315
5120
4925
4729
4533
4337
4141
3945
3749
3552
3356
3159
2962
2765
2568
2371
2173
1976
1779
1581
1384
1186
989
791
593
395
198
0
-198
-395
-593
-791
-989
-1186
-1384
-1581
-1779
-1976
-2173
-2371
-2568
-2765
-2962
-3159
-3356
-3552
-3749
-3945
-4141
-4337
-4533
-4729
-4925
-5120
-5315
-5510
-5705
-5900
-6094
-6288
-6482
-6676
-6869
-7062
-7255
-7448
-7640
-7833
-8024
-8216
-8407
-8598
-8789
-8979
-9169
-9359
-9548
-9737
-9926
-10114
-10302
-10489
-10676
-10863
-11049
-11235
-11421
-11606
-11791
-11975
-12159
-12342
-12525
-12707
-12889
-13071
-13252
-13432
-13612
-13792
-13971
-14150
-14328
-14505
-14682
-14859
-15035
-15210
-15385
-15559
-15733
-15906
-16078
-16250
-16422
-16592
-16762
-16932
-17101
-17269
-17437
-17604
-17770
-17936
-18101
-18265
-18429
-18592
-18755
-18916
-19077
-19238
-19397
-19556
-19714
-19872
-20029
-20185
-20340
-20494
-20648
-20801
-20954
-21105
-21256
-21406
-21555
-21703
-21851
-21998
-22144
-22289
-22433
-22577
-22720
-22862
-23003
-23143
-23282
-23421
-23559
-23695
-23831
-23966
-24101
-24234
-24366
-24498
-24629
-24758
-24887
-25015
-25142
-25268
-25394
-25518
-25641
-25764
-25885
-26006
-26125
-26244
-26362
-26478
-26594
-26709
-26823
-26935
-27047
-27158
-27268
-27377
-27485
-27592
-27697
-27802
-27906
-28009
-28111
-28211
-28311
-28410
-28507
-28604
-28700
-28794
-28888
-28980
-29071
-29162
-29251
-29339
-29426
-29512
-29597
-29681
-29764
-29846
-29926
-30006
-30084
-30161
-30238
-30313
-30387
-30460
-30531
-30602
-30672
-30740
-30807
-30874
-30939
-31003
-31065
-31127
-31188
-31247
-31305
-31362
-31418
-31473
-31527
-31579
-31631
-31681
-31730
-31778
-31825
-31870
-31915
-31958
-32000
-32041
-32081
-32119
-32157
-32193
-32228
-32262
-32295
-32326
-32356
-32386
-32414
-32440
-32466
-32490
-32514
-32536
-32557
-32576
-32595
-32612
-32628
-32643
-32657
-32669
-32681
-32691
-32700
-32707
-32714
-32719
-32724
-32727
-32728
-32729
-32728
-32727
-32724
-32719
-32714
-32707
-32700
-32691
-32681
-32669
-32657
-32643
-32628
-32612
-32595
-32576
-32557
-32536
-32514
-32490
-32466
-32440
-32414
-32386
-32356
-32326
-32295
-32262
-32228
-32193
-32157
-32119
-32081
-32041
-32000
-31958
-31915
-31870
-31825
-31778
-31730
-31681
-31631
-31579
-31527
-31473
-31418
-31362
-31305
-31247
-31188
-31127
-31065
-31003
-30939
-30874
-30807
-30740
-30672
-30602
-30531
-30460
-30387
-30313
-30238
-30161
-30084
-30006
-29926
-29846
-29764
-29681
-29597
-29512
-29426
-29339
-29251
-29162
-29071
-28980
-28888
-28794
-28700
-28604
-28507
-28410
-28311
-28211
-28111
-28009
-27906
-27802
-27697
-27592
-27485
-27377
-27268
-27158
-27047
-26935
-26823
-26709
-26594
-26478
-26362
-26244
-26125
-26006
-25885
-25764
-25641
-25518
-25394
-25268
-25142
-25015
-24887
-24758
-24629
-24498
-24366
-24234
-24101
-23966
-23831
-23695
-23559
-23421
-23282
-23143
-23003
-22862
-22720
-22577
-22433
-22289
-22144
-21998
-21851
-21703
-21555
-21406
-21256
-21105
-20954
-20801
-20648
-20494
-20340
-20185
-20029
-19872
-19714
-19556
-19397
-19238
-19077
-18916
-18755
-18592
-18429
-18265
-18101
-17936
-17770
-17604
-17437
-17269
-17101
-16932
-16762
-16592
-16422
-16250
-16078
-15906
-15733
-15559
-15385
-15210
-15035
-14859
-14682
-14505
-14328
-14150
-13971
-13792
-13612
-13432
-13252
-13071
-12889
-12707
-12525
-12342
-12159
-11975
-11791
-11606
-11421
-11235
-11049
-10863
-10676
-10489
-10302
-10114
-9926
-9737
-9548
-9359
-9169
-8979
-8789
-8598
-8407
-8216
-8024
-7833
-7640
-7448
-7255
-7062
-6869
-6676
-6482
-6288
-6094
-5900
-5705
-5510
-5315
-5120
-4925
-4729
-4533
-4337
-4141
-3945
-3749
-3552
-3356
-3159
-2962
-2765
-2568
-2371
-2173
-1976
-1779
-1581
-1384
-1186
-989
-791
-593
-395
-198
0
198
395
593
791
989
1186
1384
1581
1779
1976
2173
2371
2568
2765
2962
3159
3356
3552
3749
3945
4141
4337
4533
4729
4925
5120
5315
5510
5705
5900
6094
6288
6482
6676
6869
7062
7255
7448
7640
7833
8024
8216
8407
8598
8789
8979
9169
9359
9548
9737
9926
10114
10302
10489
10676
10863
11049
11235
11421
11606
11791
11975
12159
12342
12525
12707
12889
13071
13252
13432
13612
13792
13971
14150
14328
14505
14682
14859
15035
15210
15385
15559
15733
15906
16078
16250
16422
16592
16762
16932
17101
17269
17437
17604
17770
17936
18101
18265
18429
18592
18755
18916
19077
19238
19397
19556
19714
19872
20029
20185
20340
20494
20648
20801
20954
21105
21256
21406
21555
21703
21851
21998
22144
22289
22433
22577
22720
22862
23003
23143
23282
23421
23559
23695
23831
23966
24101
24234
24366
24498
24629
24758
24887
25015
25142
25268
25394
25518
25641
25764
25885
26006
26125
26244
26362
26478
26594
26709
26823
26935
27047
27158
27268
27377
27485
27592
27697
27802
27906
28009
28111
28211
28311
28410
28507
28604
28700
28794
28888
28980
29071
29162
29251
29339
29426
29512
29597
29681
29764
29846
29926
30006
30084
30161
30238
30313
30387
30460
30531
30602
30672
30740
30807
30874
30939
31003
31065
31127
31188
31247
31305
31362
31418
31473
31527
31579
31631
31681
31730
31778
31825
31870
31915
31958
32000
32041
32081
32119
32157
32193
32228
32262
32295
32326
32356
32386
32414
32440
32466
32490
32514
32536
32557
32576
32595
32612
32628
32643
32657
32669
32681
32691
32700
32707
32714
32719
32724
32727
32728
