32729
32729
32728
32728
32727
32725
32724
32722
32719
32717
32714
32711
32707
32704
32700
32695
32691
32686
32681
32675
32669
32663
32657
32650
32643
32636
32628
32620
32612
32603
32595
32586
32576
32567
32557
32546
32536
32525
32514
32502
32490
32478
32466
32453
32440
32427
32414
32400
32386
32371
32356
32341
32326
32310
32295
32278
32262
32245
32228
32211
32193
32175
32157
32138
32119
32100
32081
32061
32041
32021
32000
31979
31958
31936
31915
31893
31870
31848
31825
31801
31778
31754
31730
31706
31681
31656
31631
31605
31579
31553
31527
31500
31473
31446
31418
31391
31362
31334
31305
31276
31247
31218
31188
31158
31127
31096
31065
31034
31003
30971
30939
30906
30874
30841
30807
30774
30740
30706
30672
30637
30602
30567
30531
30496
30460
30423
30387
30350
30313
30275
30238
30200
30161
30123
30084
30045
30006
29966
29926
29886
29846
29805
29764
29723
29681
29639
29597
29555
29512
29469
29426
29383
29339
29295
29251
29207
29162
29117
29071
29026
28980
28934
28888
28841
28794
28747
28700
28652
28604
28556
28507
28459
28410
28361
28311
28261
28211
28161
28111
28060
28009
27958
27906
27854
27802
27750
27697
27645
27592
27538
27485
27431
27377
27323
27268
27213
27158
27103
27047
26991
26935
26879
26823
26766
26709
26652
26594
26536
26478
26420
26362
26303
26244
26185
26125
26066
26006
25946
25885
25825
25764
25703
25641
25580
25518
25456
25394
25331
25268
25206
25142
25079
25015
24951
24887
24823
24758
24694
24629
24563
24498
24432
24366
24300
24234
24167
24101
24034
23966
23899
23831
23763
23695
23627
23559
23490
23421
23352
23282
23213
23143
23073
23003
22932
22862
22791
22720
22648
22577
22505
22433
22361
22289
22216
22144
22071
21998
21924
21851
21777
21703
21629
21555
21480
21406
21331
21256
21181
21105
21029
20954
20877
20801
20725
20648
20571
20494
20417
20340
20262
20185
20107
20029
19950
19872
19793
19714
19635
19556
19477
19397
19318
19238
19158
19077
18997
18916
18836
18755
18673
18592
18511
18429
18347
18265
18183
18101
18019
17936
17853
17770
17687
17604
17520
17437
17353
17269
17185
17101
17016
16932
16847
16762
16677
16592
16507
16422
16336
16250
16164
16078
15992
15906
15819
15733
15646
15559
15472
15385
15297
15210
15122
15035
14947
14859
14770
14682
14594
14505
14417
14328
14239
14150
14060
13971
13882
13792
13702
13612
13522
13432
13342
13252
13161
13071
12980
12889
12798
12707
12616
12525
12433
12342
12250
12159
12067
11975
11883
11791
11698
11606
11513
11421
11328
11235
11142
11049
10956
10863
10770
10676
10583
10489
10395
10302
10208
10114
10020
9926
9831
9737
9643
9548
9453
9359
9264
9169
9074
8979
8884
8789
8694
8598
8503
8407
8312
8216
8120
8024
7929
7833
7737
7640
7544
7448
7352
7255
7159
7062
6966
6869
6773
6676
6579
6482
6385
6288
6191
6094
5997
5900
5802
5705
5608
5510
5413
5315
5218
5120
5022
4925
4827
4729
4631
4533
4435
4337
4239
4141
4043
3945
3847
3749
3650
3552
3454
3356
3257
3159
3060
2962
2863
2765
2666
2568
2469
2371
2272
2173
2075
1976
1877
1779
1680
1581
1482
1384
1285
1186
1087
989
890
791
692
593
494
395
297
198
99
0
-99
-198
-297
-395
-494
-593
-692
-791
-890
-989
-1087
-1186
-1285
-1384
-1482
-1581
-1680
-1779
-1877
-1976
-2075
-2173
-2272
-2371
-2469
-2568
-2666
-2765
-2863
-2962
-3060
-3159
-3257
-3356
-3454
-3552
-3650
-3749
-3847
-3945
-4043
-4141
-4239
-4337
-4435
-4533
-4631
-4729
-4827
-4925
-5022
-5120
-5218
-5315
-5413
-5510
-5608
-5705
-5802
-5900
-5997
-6094
-6191
-6288
-6385
-6482
-6579
-6676
-6773
-6869
-6966
-7062
-7159
-7255
-7352
-7448
-7544
-7640
-7737
-7833
-7929
-8024
-8120
-8216
-8312
-8407
-8503
-8598
-8694
-8789
-8884
-8979
-9074
-9169
-9264
-9359
-9453
-9548
-9643
-9737
-9831
-9926
-10020
-10114
-10208
-10302
-10395
-10489
-10583
-10676
-10770
-10863
-10956
-11049
-11142
-11235
-11328
-11421
-11513
-11606
-11698
-11791
-11883
-11975
-12067
-12159
-12250
-12342
-12433
-12525
-12616
-12707
-12798
-12889
-12980
-13071
-13161
-13252
-13342
-13432
-13522
-13612
-13702
-13792
-13882
-13971
-14060
-14150
-14239
-14328
-14417
-14505
-14594
-14682
-14770
-14859
-14947
-15035
-15122
-15210
-15297
-15385
-15472
-15559
-15646
-15733
-15819
-15906
-15992
-16078
-16164
-16250
-16336
-16422
-16507
-16592
-16677
-16762
-16847
-16932
-17016
-17101
-17185
-17269
-17353
-17437
-17520
-17604
-17687
-17770
-17853
-17936
-18019
-18101
-18183
-18265
-18347
-18429
-18511
-18592
-18673
-18755
-18836
-18916
-18997
-19077
-19158
-19238
-19318
-19397
-19477
-19556
-19635
-19714
-19793
-19872
-19950
-20029
-20107
-20185
-20262
-20340
-20417
-20494
-20571
-20648
-20725
-20801
-20877
-20954
-21029
-21105
-21181
-21256
-21331
-21406
-21480
-21555
-21629
-21703
-21777
-21851
-21924
-21998
-22071
-22144
-22216
-22289
-22361
-22433
-22505
-22577
-22648
-22720
-22791
-22862
-22932
-23003
-23073
-23143
-23213
-23282
-23352
-23421
-23490
-23559
-23627
-23695
-23763
-23831
-23899
-23966
-24034
-24101
-24167
-24234
-24300
-24366
-24432
-24498
-24563
-24629
-24694
-24758
-24823
-24887
-24951
-25015
-25079
-25142
-25206
-25268
-25331
-25394
-25456
-25518
-25580
-25641
-25703
-25764
-25825
-25885
-25946
-26006
-26066
-26125
-26185
-26244
-26303
-26362
-26420
-26478
-26536
-26594
-26652
-26709
-26766
-26823
-26879
-26935
-26991
-27047
-27103
-27158
-27213
-27268
-27323
-27377
-27431
-27485
-27538
-27592
-27645
-27697
-27750
-27802
-27854
-27906
-27958
-28009
-28060
-28111
-28161
-28211
-28261
-28311
-28361
-28410
-28459
-28507
-28556
-28604
-28652
-28700
-28747
-28794
-28841
-28888
-28934
-28980
-29026
-29071
-29117
-29162
-29207
-29251
-29295
-29339
-29383
-29426
-29469
-29512
-29555
-29597
-29639
-29681
-29723
-29764
-29805
-29846
-29886
-29926
-29966
-30006
-30045
-30084
-30123
-30161
-30200
-30238
-30275
-30313
-30350
-30387
-30423
-30460
-30496
-30531
-30567
-30602
-30637
-30672
-30706
-30740
-30774
-30807
-30841
-30874
-30906
-30939
-30971
-31003
-31034
-31065
-31096
-31127
-31158
-31188
-31218
-31247
-31276
-31305
-31334
-31362
-31391
-31418
-31446
-31473
-31500
-31527
-31553
-31579
-31605
-31631
-31656
-31681
-31706
-31730
-31754
-31778
-31801
-31825
-31848
-31870
-31893
-31915
-31936
-31958
-31979
-32000
-32021
-32041
-32061
-32081
-32100
-32119
-32138
-32157
-32175
-32193
-32211
-32228
-32245
-32262
-32278
-32295
-32310
-32326
-32341
-32356
-32371
-32386
-32400
-32414
-32427
-32440
-32453
-32466
-32478
-32490
-32502
-32514
-32525
-32536
-32546
-32557
-32567
-32576
-32586
-32595
-32603
-32612
-32620
-32628
-32636
-32643
-32650
-32657
-32663
-32669
-32675
-32681
-32686
-32691
-32695
-32700
-32704
-32707
-32711
-32714
-32717
-32719
-32722
-32724
-32725
-32727
-32728
-32728
-32729
-32729
-32729
-32728
-32728
-32727
-32725
-32724
-32722
-32719
-32717
-32714
-32711
-32707
-32704
-32700
-32695
-32691
-32686
-32681
-32675
-32669
-32663
-32657
-32650
-32643
-32636
-32628
-32620
-32612
-32603
-32595
-32586
-32576
-32567
-32557
-32546
-32536
-32525
-32514
-32502
-32490
-32478
-32466
-32453
-32440
-32427
-32414
-32400
-32386
-32371
-32356
-32341
-32326
-32310
-32295
-32278
-32262
-32245
-32228
-32211
-32193
-32175
-32157
-32138
-32119
-32100
-32081
-32061
-32041
-32021
-32000
-31979
-31958
-31936
-31915
-31893
-31870
-31848
-31825
-31801
-31778
-31754
-31730
-31706
-31681
-31656
-31631
-31605
-31579
-31553
-31527
-31500
-31473
-31446
-31418
-31391
-31362
-31334
-31305
-31276
-31247
-31218
-31188
-31158
-31127
-31096
-31065
-31034
-31003
-30971
-30939
-30906
-30874
-30841
-30807
-30774
-30740
-30706
-30672
-30637
-30602
-30567
-30531
-30496
-30460
-30423
-30387
-30350
-30313
-30275
-30238
-30200
-30161
-30123
-30084
-30045
-30006
-29966
-29926
-29886
-29846
-29805
-29764
-29723
-29681
-29639
-29597
-29555
-29512
-29469
-29426
-29383
-29339
-29295
-29251
-29207
-29162
-29117
-29071
-29026
-28980
-28934
-28888
-28841
-28794
-28747
-28700
-28652
-28604
-28556
-28507
-28459
-28410
-28361
-28311
-28261
-28211
-28161
-28111
-28060
-28009
-27958
-27906
-27854
-27802
-27750
-27697
-27645
-27592
-27538
-27485
-27431
-27377
-27323
-27268
-27213
-27158
-27103
-27047
-26991
-26935
-26879
-26823
-26766
-26709
-26652
-26594
-26536
-26478
-26420
-26362
-26303
-26244
-26185
-26125
-26066
-26006
-25946
-25885
-25825
-25764
-25703
-25641
-25580
-25518
-25456
-25394
-25331
-25268
-25206
-25142
-25079
-25015
-24951
-24887
-24823
-24758
-24694
-24629
-24563
-24498
-24432
-24366
-24300
-24234
-24167
-24101
-24034
-23966
-23899
-23831
-23763
-23695
-23627
-23559
-23490
-23421
-23352
-23282
-23213
-23143
-23073
-23003
-22932
-22862
-22791
-22720
-22648
-22577
-22505
-22433
-22361
-22289
-22216
-22144
-22071
-21998
-21924
-21851
-21777
-21703
-21629
-21555
-21480
-21406
-21331
-21256
-21181
-21105
-21029
-20954
-20877
-20801
-20725
-20648
-20571
-20494
-20417
-20340
-20262
-20185
-20107
-20029
-19950
-19872
-19793
-19714
-19635
-19556
-19477
-19397
-19318
-19238
-19158
-19077
-18997
-18916
-18836
-18755
-18673
-18592
-18511
-18429
-18347
-18265
-18183
-18101
-18019
-17936
-17853
-17770
-17687
-17604
-17520
-17437
-17353
-17269
-17185
-17101
-17016
-16932
-16847
-16762
-16677
-16592
-16507
-16422
-16336
-16250
-16164
-16078
-15992
-15906
-15819
-15733
-15646
-15559
-15472
-15385
-15297
-15210
-15122
-15035
-14947
-14859
-14770
-14682
-14594
-14505
-14417
-14328
-14239
-14150
-14060
-13971
-13882
-13792
-13702
-13612
-13522
-13432
-13342
-13252
-13161
-13071
-12980
-12889
-12798
-12707
-12616
-12525
-12433
-12342
-12250
-12159
-12067
-11975
-11883
-11791
-11698
-11606
-11513
-11421
-11328
-11235
-11142
-11049
-10956
-10863
-10770
-10676
-10583
-10489
-10395
-10302
-10208
-10114
-10020
-9926
-9831
-9737
-9643
-9548
-9453
-9359
-9264
-9169
-9074
-8979
-8884
-8789
-8694
-8598
-8503
-8407
-8312
-8216
-8120
-8024
-7929
-7833
-7737
-7640
-7544
-7448
-7352
-7255
-7159
-7062
-6966
-6869
-6773
-6676
-6579
-6482
-6385
-6288
-6191
-6094
-5997
-5900
-5802
-5705
-5608
-5510
-5413
-5315
-5218
-5120
-5022
-4925
-4827
-4729
-4631
-4533
-4435
-4337
-4239
-4141
-4043
-3945
-3847
-3749
-3650
-3552
-3454
-3356
-3257
-3159
-3060
-2962
-2863
-2765
-2666
-2568
-2469
-2371
-2272
-2173
-2075
-1976
-1877
-1779
-1680
-1581
-1482
-1384
-1285
-1186
-1087
-989
-890
-791
-692
-593
-494
-395
-297
-198
-99
0
99
198
297
395
494
593
692
791
890
989
1087
1186
1285
1384
1482
1581
1680
1779
1877
1976
2075
2173
2272
2371
2469
2568
2666
2765
2863
2962
3060
3159
3257
3356
3454
3552
3650
3749
3847
3945
4043
4141
4239
4337
4435
4533
4631
4729
4827
4925
5022
5120
5218
5315
5413
5510
5608
5705
5802
5900
5997
6094
6191
6288
6385
6482
6579
6676
6773
6869
6966
7062
7159
7255
7352
7448
7544
7640
7737
7833
7929
8024
8120
8216
8312
8407
8503
8598
8694
8789
8884
8979
9074
9169
9264
9359
9453
9548
9643
9737
9831
9926
10020
10114
10208
10302
10395
10489
10583
10676
10770
10863
10956
11049
11142
11235
11328
11421
11513
11606
11698
11791
11883
11975
12067
12159
12250
12342
12433
12525
12616
12707
12798
12889
12980
13071
13161
13252
13342
13432
13522
13612
13702
13792
13882
13971
14060
14150
14239
14328
14417
14505
14594
14682
14770
14859
14947
15035
15122
15210
15297
15385
15472
15559
15646
15733
15819
15906
15992
16078
16164
16250
16336
16422
16507
16592
16677
16762
16847
16932
17016
17101
17185
17269
17353
17437
17520
17604
17687
17770
17853
17936
18019
18101
18183
18265
18347
18429
18511
18592
18673
18755
18836
18916
18997
19077
19158
19238
19318
19397
19477
19556
19635
19714
19793
19872
19950
20029
20107
20185
20262
20340
20417
20494
20571
20648
20725
20801
20877
20954
21029
21105
21181
21256
21331
21406
21480
21555
21629
21703
21777
21851
21924
21998
22071
22144
22216
22289
22361
22433
22505
22577
22648
22720
22791
22862
22932
23003
23073
23143
23213
23282
23352
23421
23490
23559
23627
23695
23763
23831
23899
23966
24034
24101
24167
24234
24300
24366
24432
24498
24563
24629
24694
24758
24823
24887
24951
25015
25079
25142
25206
25268
25331
25394
25456
25518
25580
25641
25703
25764
25825
25885
25946
26006
26066
26125
26185
26244
26303
26362
26420
26478
26536
26594
26652
26709
26766
26823
26879
26935
26991
27047
27103
27158
27213
27268
27323
27377
27431
27485
27538
27592
27645
27697
27750
27802
27854
27906
27958
28009
28060
28111
28161
28211
28261
28311
28361
28410
28459
28507
28556
28604
28652
28700
28747
28794
28841
28888
28934
28980
29026
29071
29117
29162
29207
29251
29295
29339
29383
29426
29469
29512
29555
29597
29639
29681
29723
29764
29805
29846
29886
29926
29966
30006
30045
30084
30123
30161
30200
30238
30275
30313
30350
30387
30423
30460
30496
30531
30567
30602
30637
30672
30706
30740
30774
30807
30841
30874
30906
30939
30971
31003
31034
31065
31096
31127
31158
31188
31218
31247
31276
31305
31334
31362
31391
31418
31446
31473
31500
31527
31553
31579
31605
31631
31656
31681
31706
31730
31754
31778
31801
31825
31848
31870
31893
31915
31936
31958
31979
32000
32021
32041
32061
32081
32100
32119
32138
32157
32175
32193
32211
32228
32245
32262
32278
32295
32310
32326
32341
32356
32371
32386
32400
32414
32427
32440
32453
32466
32478
32490
32502
32514
32525
32536
32546
32557
32567
32576
32586
32595
32603
32612
32620
32628
32636
32643
32650
32657
32663
32669
32675
32681
32686
32691
32695
32700
32704
32707
32711
32714
32717
32719
32722
32724
32725
32727
32728
32728
32729
32729
32729
32728
32728
32727
32725
32724
32722
32719
32717
32714
32711
32707
32704
32700
32695
32691
32686
32681
32675
32669
32663
32657
32650
32643
32636
32628
32620
32612
32603
32595
32586
32576
32567
32557
32546
32536
32525
32514
32502
32490
32478
32466
32453
32440
32427
32414
32400
32386
32371
32356
32341
32326
32310
32295
32278
32262
32245
32228
32211
32193
32175
32157
32138
32119
32100
32081
32061
32041
32021
32000
31979
31958
31936
31915
31893
31870
31848
31825
31801
31778
31754
31730
31706
31681
31656
31631
31605
31579
31553
31527
31500
31473
31446
31418
31391
31362
31334
31305
31276
31247
31218
31188
31158
31127
31096
31065
31034
31003
30971
30939
30906
30874
30841
30807
30774
30740
30706
30672
30637
30602
30567
30531
30496
30460
30423
30387
30350
30313
30275
30238
30200
30161
30123
30084
30045
30006
29966
29926
29886
29846
29805
29764
29723
29681
29639
29597
29555
29512
29469
29426
29383
29339
29295
29251
29207
29162
29117
29071
29026
28980
28934
28888
28841
28794
28747
28700
28652
28604
28556
28507
28459
28410
28361
28311
28261
28211
28161
28111
28060
28009
27958
27906
27854
27802
27750
27697
27645
27592
27538
27485
27431
27377
27323
27268
27213
27158
27103
27047
26991
26935
26879
26823
26766
26709
26652
26594
26536
26478
26420
26362
26303
26244
26185
26125
26066
26006
25946
25885
25825
25764
25703
25641
25580
25518
25456
25394
25331
25268
25206
25142
25079
25015
24951
24887
24823
24758
24694
24629
24563
24498
24432
24366
24300
24234
24167
24101
24034
23966
23899
23831
23763
23695
23627
23559
23490
23421
23352
23282
23213
23143
23073
23003
22932
22862
22791
22720
22648
22577
22505
22433
22361
22289
22216
22144
22071
21998
21924
21851
21777
21703
21629
21555
21480
21406
21331
21256
21181
21105
21029
20954
20877
20801
20725
20648
20571
20494
20417
20340
20262
20185
20107
20029
19950
19872
19793
19714
19635
19556
19477
19397
19318
19238
19158
19077
18997
18916
18836
18755
18673
18592
18511
18429
18347
18265
18183
18101
18019
17936
17853
17770
17687
17604
17520
17437
17353
17269
17185
17101
17016
16932
16847
16762
16677
16592
16507
16422
16336
16250
16164
16078
15992
15906
15819
15733
15646
15559
15472
15385
15297
15210
15122
15035
14947
14859
14770
14682
14594
14505
14417
14328
14239
14150
14060
13971
13882
13792
13702
13612
13522
13432
13342
13252
13161
13071
12980
12889
12798
12707
12616
12525
12433
12342
12250
12159
12067
11975
11883
11791
11698
11606
11513
11421
11328
11235
11142
11049
10956
10863
10770
10676
10583
10489
10395
10302
10208
10114
10020
9926
9831
9737
9643
9548
9453
9359
9264
9169
9074
8979
8884
8789
8694
8598
8503
8407
8312
8216
8120
8024
7929
7833
7737
7640
7544
7448
7352
7255
7159
7062
6966
6869
6773
6676
6579
6482
6385
6288
6191
6094
5997
5900
5802
5705
5608
5510
5413
5315
5218
5120
5022
4925
4827
4729
4631
4533
4435
4337
4239
4141
4043
3945
3847
3749
3650
3552
3454
3356
3257
3159
3060
2962
2863
2765
2666
2568
2469
2371
2272
2173
2075
1976
1877
1779
1680
1581
1482
1384
1285
1186
1087
989
890
791
692
593
494
395
297
198
99
0
-99
-198
-297
-395
-494
-593
-692
-791
-890
-989
-1087
-1186
-1285
-1384
-1482
-1581
-1680
-1779
-1877
-1976
-2075
-2173
-2272
-2371
-2469
-2568
-2666
-2765
-2863
-2962
-3060
-3159
-3257
-3356
-3454
-3552
-3650
-3749
-3847
-3945
-4043
-4141
-4239
-4337
-4435
-4533
-4631
-4729
-4827
-4925
-5022
-5120
-5218
-5315
-5413
-5510
-5608
-5705
-5802
-5900
-5997
-6094
-6191
-6288
-6385
-6482
-6579
-6676
-6773
-6869
-6966
-7062
-7159
-7255
-7352
-7448
-7544
-7640
-7737
-7833
-7929
-8024
-8120
-8216
-8312
-8407
-8503
-8598
-8694
-8789
-8884
-8979
-9074
-9169
-9264
-9359
-9453
-9548
-9643
-9737
-9831
-9926
-10020
-10114
-10208
-10302
-10395
-10489
-10583
-10676
-10770
-10863
-10956
-11049
-11142
-11235
-11328
-11421
-11513
-11606
-11698
-11791
-11883
-11975
-12067
-12159
-12250
-12342
-12433
-12525
-12616
-12707
-12798
-12889
-12980
-13071
-13161
-13252
-13342
-13432
-13522
-13612
-13702
-13792
-13882
-13971
-14060
-14150
-14239
-14328
-14417
-14505
-14594
-14682
-14770
-14859
-14947
-15035
-15122
-15210
-15297
-15385
-15472
-15559
-15646
-15733
-15819
-15906
-15992
-16078
-16164
-16250
-16336
-16422
-16507
-16592
-16677
-16762
-16847
-16932
-17016
-17101
-17185
-17269
-17353
-17437
-17520
-17604
-17687
-17770
-17853
-17936
-18019
-18101
-18183
-18265
-18347
-18429
-18511
-18592
-18673
-18755
-18836
-18916
-18997
-19077
-19158
-19238
-19318
-19397
-19477
-19556
-19635
-19714
-19793
-19872
-19950
-20029
-20107
-20185
-20262
-20340
-20417
-20494
-20571
-20648
-20725
-20801
-20877
-20954
-21029
-21105
-21181
-21256
-21331
-21406
-21480
-21555
-21629
-21703
-21777
-21851
-21924
-21998
-22071
-22144
-22216
-22289
-22361
-22433
-22505
-22577
-22648
-22720
-22791
-22862
-22932
-23003
-23073
-23143
-23213
-23282
-23352
-23421
-23490
-23559
-23627
-23695
-23763
-23831
-23899
-23966
-24034
-24101
-24167
-24234
-24300
-24366
-24432
-24498
-24563
-24629
-24694
-24758
-24823
-24887
-24951
-25015
-25079
-25142
-25206
-25268
-25331
-25394
-25456
-25518
-25580
-25641
-25703
-25764
-25825
-25885
-25946
-26006
-26066
-26125
-26185
-26244
-26303
-26362
-26420
-26478
-26536
-26594
-26652
-26709
-26766
-26823
-26879
-26935
-26991
-27047
-27103
-27158
-27213
-27268
-27323
-27377
-27431
-27485
-27538
-27592
-27645
-27697
-27750
-27802
-27854
-27906
-27958
-28009
-28060
-28111
-28161
-28211
-28261
-28311
-28361
-28410
-28459
-28507
-28556
-28604
-28652
-28700
-28747
-28794
-28841
-28888
-28934
-28980
-29026
-29071
-29117
-29162
-29207
-29251
-29295
-29339
-29383
-29426
-29469
-29512
-29555
-29597
-29639
-29681
-29723
-29764
-29805
-29846
-29886
-29926
-29966
-30006
-30045
-30084
-30123
-30161
-30200
-30238
-30275
-30313
-30350
-30387
-30423
-30460
-30496
-30531
-30567
-30602
-30637
-30672
-30706
-30740
-30774
-30807
-30841
-30874
-30906
-30939
-30971
-31003
-31034
-31065
-31096
-31127
-31158
-31188
-31218
-31247
-31276
-31305
-31334
-31362
-31391
-31418
-31446
-31473
-31500
-31527
-31553
-31579
-31605
-31631
-31656
-31681
-31706
-31730
-31754
-31778
-31801
-31825
-31848
-31870
-31893
-31915
-31936
-31958
-31979
-32000
-32021
-32041
-32061
-32081
-32100
-32119
-32138
-32157
-32175
-32193
-32211
-32228
-32245
-32262
-32278
-32295
-32310
-32326
-32341
-32356
-32371
-32386
-32400
-32414
-32427
-32440
-32453
-32466
-32478
-32490
-32502
-32514
-32525
-32536
-32546
-32557
-32567
-32576
-32586
-32595
-32603
-32612
-32620
-32628
-32636
-32643
-32650
-32657
-32663
-32669
-32675
-32681
-32686
-32691
-32695
-32700
-32704
-32707
-32711
-32714
-32717
-32719
-32722
-32724
-32725
-32727
-32728
-32728
-32729
-32729
-32729
-32728
-32728
-32727
-32725
-32724
-32722
-32719
-32717
-32714
-32711
-32707
-32704
-32700
-32695
-32691
-32686
-32681
-32675
-32669
-32663
-32657
-32650
-32643
-32636
-32628
-32620
-32612
-32603
-32595
-32586
-32576
-32567
-32557
-32546
-32536
-32525
-32514
-32502
-32490
-32478
-32466
-32453
-32440
-32427
-32414
-32400
-32386
-32371
-32356
-32341
-32326
-32310
-32295
-32278
-32262
-32245
-32228
-32211
-32193
-32175
-32157
-32138
-32119
-32100
-32081
-32061
-32041
-32021
-32000
-31979
-31958
-31936
-31915
-31893
-31870
-31848
-31825
-31801
-31778
-31754
-31730
-31706
-31681
-31656
-31631
-31605
-31579
-31553
-31527
-31500
-31473
-31446
-31418
-31391
-31362
-31334
-31305
-31276
-31247
-31218
-31188
-31158
-31127
-31096
-31065
-31034
-31003
-30971
-30939
-30906
-30874
-30841
-30807
-30774
-30740
-30706
-30672
-30637
-30602
-30567
-30531
-30496
-30460
-30423
-30387
-30350
-30313
-30275
-30238
-30200
-30161
-30123
-30084
-30045
-30006
-29966
-29926
-29886
-29846
-29805
-29764
-29723
-29681
-29639
-29597
-29555
-29512
-29469
-29426
-29383
-29339
-29295
-29251
-29207
-29162
-29117
-29071
-29026
-28980
-28934
-28888
-28841
-28794
-28747
-28700
-28652
-28604
-28556
-28507
-28459
-28410
-28361
-28311
-28261
-28211
-28161
-28111
-28060
-28009
-27958
-27906
-27854
-27802
-27750
-27697
-27645
-27592
-27538
-27485
-27431
-27377
-27323
-27268
-27213
-27158
-27103
-27047
-26991
-26935
-26879
-26823
-26766
-26709
-26652
-26594
-26536
-26478
-26420
-26362
-26303
-26244
-26185
-26125
-26066
-26006
-25946
-25885
-25825
-25764
-25703
-25641
-25580
-25518
-25456
-25394
-25331
-25268
-25206
-25142
-25079
-25015
-24951
-24887
-24823
-24758
-24694
-24629
-24563
-24498
-24432
-24366
-24300
-24234
-24167
-24101
-24034
-23966
-23899
-23831
-23763
-23695
-23627
-23559
-23490
-23421
-23352
-23282
-23213
-23143
-23073
-23003
-22932
-22862
-22791
-22720
-22648
-22577
-22505
-22433
-22361
-22289
-22216
-22144
-22071
-21998
-21924
-21851
-21777
-21703
-21629
-21555
-21480
-21406
-21331
-21256
-21181
-21105
-21029
-20954
-20877
-20801
-20725
-20648
-20571
-20494
-20417
-20340
-20262
-20185
-20107
-20029
-19950
-19872
-19793
-19714
-19635
-19556
-19477
-19397
-19318
-19238
-19158
-19077
-18997
-18916
-18836
-18755
-18673
-18592
-18511
-18429
-18347
-18265
-18183
-18101
-18019
-17936
-17853
-17770
-17687
-17604
-17520
-17437
-17353
-17269
-17185
-17101
-17016
-16932
-16847
-16762
-16677
-16592
-16507
-16422
-16336
-16250
-16164
-16078
-15992
-15906
-15819
-15733
-15646
-15559
-15472
-15385
-15297
-15210
-15122
-15035
-14947
-14859
-14770
-14682
-14594
-14505
-14417
-14328
-14239
-14150
-14060
-13971
-13882
-13792
-13702
-13612
-13522
-13432
-13342
-13252
-13161
-13071
-12980
-12889
-12798
-12707
-12616
-12525
-12433
-12342
-12250
-12159
-12067
-11975
-11883
-11791
-11698
-11606
-11513
-11421
-11328
-11235
-11142
-11049
-10956
-10863
-10770
-10676
-10583
-10489
-10395
-10302
-10208
-10114
-10020
-9926
-9831
-9737
-9643
-9548
-9453
-9359
-9264
-9169
-9074
-8979
-8884
-8789
-8694
-8598
-8503
-8407
-8312
-8216
-8120
-8024
-7929
-7833
-7737
-7640
-7544
-7448
-7352
-7255
-7159
-7062
-6966
-6869
-6773
-6676
-6579
-6482
-6385
-6288
-6191
-6094
-5997
-5900
-5802
-5705
-5608
-5510
-5413
-5315
-5218
-5120
-5022
-4925
-4827
-4729
-4631
-4533
-4435
-4337
-4239
-4141
-4043
-3945
-3847
-3749
-3650
-3552
-3454
-3356
-3257
-3159
-3060
-2962
-2863
-2765
-2666
-2568
-2469
-2371
-2272
-2173
-2075
-1976
-1877
-1779
-1680
-1581
-1482
-1384
-1285
-1186
-1087
-989
-890
-791
-692
-593
-494
-395
-297
-198
-99
0
99
198
297
395
494
593
692
791
890
989
1087
1186
1285
1384
1482
1581
1680
1779
1877
1976
2075
2173
2272
2371
2469
2568
2666
2765
2863
2962
3060
3159
3257
3356
3454
3552
3650
3749
3847
3945
4043
4141
4239
4337
4435
4533
4631
4729
4827
4925
5022
5120
5218
5315
5413
5510
5608
5705
5802
5900
5997
6094
6191
6288
6385
6482
6579
6676
6773
6869
6966
7062
7159
7255
7352
7448
7544
7640
7737
7833
7929
8024
8120
8216
8312
8407
8503
8598
8694
8789
8884
8979
9074
9169
9264
9359
9453
9548
9643
9737
9831
9926
10020
10114
10208
10302
10395
10489
10583
10676
10770
10863
10956
11049
11142
11235
11328
11421
11513
11606
11698
11791
11883
11975
12067
12159
12250
12342
12433
12525
12616
12707
12798
12889
12980
13071
13161
13252
13342
13432
13522
13612
13702
13792
13882
13971
14060
14150
14239
14328
14417
14505
14594
14682
14770
14859
14947
15035
15122
15210
15297
15385
15472
15559
15646
15733
15819
15906
15992
16078
16164
16250
16336
16422
16507
16592
16677
16762
16847
16932
17016
17101
17185
17269
17353
17437
17520
17604
17687
17770
17853
17936
18019
18101
18183
18265
18347
18429
18511
18592
18673
18755
18836
18916
18997
19077
19158
19238
19318
19397
19477
19556
19635
19714
19793
19872
19950
20029
20107
20185
20262
20340
20417
20494
20571
20648
20725
20801
20877
20954
21029
21105
21181
21256
21331
21406
21480
21555
21629
21703
21777
21851
21924
21998
22071
22144
22216
22289
22361
22433
22505
22577
22648
22720
22791
22862
22932
23003
23073
23143
23213
23282
23352
23421
23490
23559
23627
23695
23763
23831
23899
23966
24034
24101
24167
24234
24300
24366
24432
24498
24563
24629
24694
24758
24823
24887
24951
25015
25079
25142
25206
25268
25331
25394
25456
25518
25580
25641
25703
25764
25825
25885
25946
26006
26066
26125
26185
26244
26303
26362
26420
26478
26536
26594
26652
26709
26766
26823
26879
26935
26991
27047
27103
27158
27213
27268
27323
27377
27431
27485
27538
27592
27645
27697
27750
27802
27854
27906
27958
28009
28060
28111
28161
28211
28261
28311
28361
28410
28459
28507
28556
28604
28652
28700
28747
28794
28841
28888
28934
28980
29026
29071
29117
29162
29207
29251
29295
29339
29383
29426
29469
29512
29555
29597
29639
29681
29723
29764
29805
29846
29886
29926
29966
30006
30045
30084
30123
30161
30200
30238
30275
30313
30350
30387
30423
30460
30496
30531
30567
30602
30637
30672
30706
30740
30774
30807
30841
30874
30906
30939
30971
31003
31034
31065
31096
31127
31158
31188
31218
31247
31276
31305
31334
31362
31391
31418
31446
31473
31500
31527
31553
31579
31605
31631
31656
31681
31706
31730
31754
31778
31801
31825
31848
31870
31893
31915
31936
31958
31979
32000
32021
32041
32061
32081
32100
32119
32138
32157
32175
32193
32211
32228
32245
32262
32278
32295
32310
32326
32341
32356
32371
32386
32400
32414
32427
32440
32453
32466
32478
32490
32502
32514
32525
32536
32546
32557
32567
32576
32586
32595
32603
32612
32620
32628
32636
32643
32650
32657
32663
32669
32675
32681
32686
32691
32695
32700
32704
32707
32711
32714
32717
32719
32722
32724
32725
32727
32728
32728
32729
32729
32729
32728
32728
32727
32725
32724
32722
32719
32717
32714
32711
32707
32704
32700
32695
32691
32686
32681
32675
32669
32663
32657
32650
32643
32636
32628
32620
32612
32603
32595
32586
32576
32567
32557
32546
32536
32525
32514
32502
32490
32478
32466
32453
32440
32427
32414
32400
32386
32371
32356
32341
32326
32310
32295
32278
32262
32245
32228
32211
32193
32175
32157
32138
32119
32100
32081
32061
32041
32021
32000
31979
31958
31936
31915
31893
31870
31848
31825
31801
31778
31754
31730
31706
31681
31656
31631
31605
31579
31553
31527
31500
31473
31446
31418
31391
31362
31334
31305
31276
31247
31218
31188
31158
31127
31096
31065
31034
31003
30971
30939
30906
30874
30841
30807
30774
30740
30706
30672
30637
30602
30567
30531
30496
30460
30423
30387
30350
30313
30275
30238
30200
30161
30123
30084
30045
30006
29966
29926
29886
29846
29805
29764
29723
29681
29639
29597
29555
29512
29469
29426
29383
29339
29295
29251
29207
29162
29117
29071
29026
28980
28934
28888
28841
28794
28747
28700
28652
28604
28556
28507
28459
28410
28361
28311
28261
28211
28161
28111
28060
28009
27958
27906
27854
27802
27750
27697
27645
27592
27538
27485
27431
27377
27323
27268
27213
27158
27103
27047
26991
26935
26879
26823
26766
26709
26652
26594
26536
26478
26420
26362
26303
26244
26185
26125
26066
26006
25946
25885
25825
25764
25703
25641
25580
25518
25456
25394
25331
25268
25206
25142
25079
25015
24951
24887
24823
24758
24694
24629
24563
24498
24432
24366
24300
24234
24167
24101
24034
23966
23899
23831
23763
23695
23627
23559
23490
23421
23352
23282
23213
23143
23073
23003
22932
22862
22791
22720
22648
22577
22505
22433
22361
22289
22216
22144
22071
21998
21924
21851
21777
21703
21629
21555
21480
21406
21331
21256
21181
21105
21029
20954
20877
20801
20725
20648
20571
20494
20417
20340
20262
20185
20107
20029
19950
19872
19793
19714
19635
19556
19477
19397
19318
19238
19158
19077
18997
18916
18836
18755
18673
18592
18511
18429
18347
18265
18183
18101
18019
17936
17853
17770
17687
17604
17520
17437
17353
17269
17185
17101
17016
16932
16847
16762
16677
16592
16507
16422
16336
16250
16164
16078
15992
15906
15819
15733
15646
15559
15472
15385
15297
15210
15122
15035
14947
14859
14770
14682
14594
14505
14417
14328
14239
14150
14060
13971
13882
13792
13702
13612
13522
13432
13342
13252
13161
13071
12980
12889
12798
12707
12616
12525
12433
12342
12250
12159
12067
11975
11883
11791
11698
11606
11513
11421
11328
11235
11142
11049
10956
10863
10770
10676
10583
10489
10395
10302
10208
10114
10020
9926
9831
9737
9643
9548
9453
9359
9264
9169
9074
8979
8884
8789
8694
8598
8503
8407
8312
8216
8120
8024
7929
7833
7737
7640
7544
7448
7352
7255
7159
7062
6966
6869
6773
6676
6579
6482
6385
6288
6191
6094
5997
5900
5802
5705
5608
5510
5413
5315
5218
5120
5022
4925
4827
4729
4631
4533
4435
4337
4239
4141
4043
3945
3847
3749
3650
3552
3454
3356
3257
3159
3060
2962
2863
2765
2666
2568
2469
2371
2272
2173
2075
1976
1877
1779
1680
1581
1482
1384
1285
1186
1087
989
890
791
692
593
494
395
297
198
99
0
-99
-198
-297
-395
-494
-593
-692
-791
-890
-989
-1087
-1186
-1285
-1384
-1482
-1581
-1680
-1779
-1877
-1976
-2075
-2173
-2272
-2371
-2469
-2568
-2666
-2765
-2863
-2962
-3060
-3159
-3257
-3356
-3454
-3552
-3650
-3749
-3847
-3945
-4043
-4141
-4239
-4337
-4435
-4533
-4631
-4729
-4827
-4925
-5022
-5120
-5218
-5315
-5413
-5510
-5608
-5705
-5802
-5900
-5997
-6094
-6191
-6288
-6385
-6482
-6579
-6676
-6773
-6869
-6966
-7062
-7159
-7255
-7352
-7448
-7544
-7640
-7737
-7833
-7929
-8024
-8120
-8216
-8312
-8407
-8503
-8598
-8694
-8789
-8884
-8979
-9074
-9169
-9264
-9359
-9453
-9548
-9643
-9737
-9831
-9926
-10020
-10114
-10208
-10302
-10395
-10489
-10583
-10676
-10770
-10863
-10956
-11049
-11142
-11235
-11328
-11421
-11513
-11606
-11698
-11791
-11883
-11975
-12067
-12159
-12250
-12342
-12433
-12525
-12616
-12707
-12798
-12889
-12980
-13071
-13161
-13252
-13342
-13432
-13522
-13612
-13702
-13792
-13882
-13971
-14060
-14150
-14239
-14328
-14417
-14505
-14594
-14682
-14770
-14859
-14947
-15035
-15122
-15210
-15297
-15385
-15472
-15559
-15646
-15733
-15819
-15906
-15992
-16078
-16164
-16250
-16336
-16422
-16507
-16592
-16677
-16762
-16847
-16932
-17016
-17101
-17185
-17269
-17353
-17437
-17520
-17604
-17687
-17770
-17853
-17936
-18019
-18101
-18183
-18265
-18347
-18429
-18511
-18592
-18673
-18755
-18836
-18916
-18997
-19077
-19158
-19238
-19318
-19397
-19477
-19556
-19635
-19714
-19793
-19872
-19950
-20029
-20107
-20185
-20262
-20340
-20417
-20494
-20571
-20648
-20725
-20801
-20877
-20954
-21029
-21105
-21181
-21256
-21331
-21406
-21480
-21555
-21629
-21703
-21777
-21851
-21924
-21998
-22071
-22144
-22216
-22289
-22361
-22433
-22505
-22577
-22648
-22720
-22791
-22862
-22932
-23003
-23073
-23143
-23213
-23282
-23352
-23421
-23490
-23559
-23627
-23695
-23763
-23831
-23899
-23966
-24034
-24101
-24167
-24234
-24300
-24366
-24432
-24498
-24563
-24629
-24694
-24758
-24823
-24887
-24951
-25015
-25079
-25142
-25206
-25268
-25331
-25394
-25456
-25518
-25580
-25641
-25703
-25764
-25825
-25885
-25946
-26006
-26066
-26125
-26185
-26244
-26303
-26362
-26420
-26478
-26536
-26594
-26652
-26709
-26766
-26823
-26879
-26935
-26991
-27047
-27103
-27158
-27213
-27268
-27323
-27377
-27431
-27485
-27538
-27592
-27645
-27697
-27750
-27802
-27854
-27906
-27958
-28009
-28060
-28111
-28161
-28211
-28261
-28311
-28361
-28410
-28459
-28507
-28556
-28604
-28652
-28700
-28747
-28794
-28841
-28888
-28934
-28980
-29026
-29071
-29117
-29162
-29207
-29251
-29295
-29339
-29383
-29426
-29469
-29512
-29555
-29597
-29639
-29681
-29723
-29764
-29805
-29846
-29886
-29926
-29966
-30006
-30045
-30084
-30123
-30161
-30200
-30238
-30275
-30313
-30350
-30387
-30423
-30460
-30496
-30531
-30567
-30602
-30637
-30672
-30706
-30740
-30774
-30807
-30841
-30874
-30906
-30939
-30971
-31003
-31034
-31065
-31096
-31127
-31158
-31188
-31218
-31247
-31276
-31305
-31334
-31362
-31391
-31418
-31446
-31473
-31500
-31527
-31553
-31579
-31605
-31631
-31656
-31681
-31706
-31730
-31754
-31778
-31801
-31825
-31848
-31870
-31893
-31915
-31936
-31958
-31979
-32000
-32021
-32041
-32061
-32081
-32100
-32119
-32138
-32157
-32175
-32193
-32211
-32228
-32245
-32262
-32278
-32295
-32310
-32326
-32341
-32356
-32371
-32386
-32400
-32414
-32427
-32440
-32453
-32466
-32478
-32490
-32502
-32514
-32525
-32536
-32546
-32557
-32567
-32576
-32586
-32595
-32603
-32612
-32620
-32628
-32636
-32643
-32650
-32657
-32663
-32669
-32675
-32681
-32686
-32691
-32695
-32700
-32704
-32707
-32711
-32714
-32717
-32719
-32722
-32724
-32725
-32727
-32728
-32728
-32729
-32729
-32729
-32728
-32728
-32727
-32725
-32724
-32722
-32719
-32717
-32714
-32711
-32707
-32704
-32700
-32695
-32691
-32686
-32681
-32675
-32669
-32663
-32657
-32650
-32643
-32636
-32628
-32620
-32612
-32603
-32595
-32586
-32576
-32567
-32557
-32546
-32536
-32525
-32514
-32502
-32490
-32478
-32466
-32453
-32440
-32427
-32414
-32400
-32386
-32371
-32356
-32341
-32326
-32310
-32295
-32278
-32262
-32245
-32228
-32211
-32193
-32175
-32157
-32138
-32119
-32100
-32081
-32061
-32041
-32021
-32000
-31979
-31958
-31936
-31915
-31893
-31870
-31848
-31825
-31801
-31778
-31754
-31730
-31706
-31681
-31656
-31631
-31605
-31579
-31553
-31527
-31500
-31473
-31446
-31418
-31391
-31362
-31334
-31305
-31276
-31247
-31218
-31188
-31158
-31127
-31096
-31065
-31034
-31003
-30971
-30939
-30906
-30874
-30841
-30807
-30774
-30740
-30706
-30672
-30637
-30602
-30567
-30531
-30496
-30460
-30423
-30387
-30350
-30313
-30275
-30238
-30200
-30161
-30123
-30084
-30045
-30006
-29966
-29926
-29886
-29846
-29805
-29764
-29723
-29681
-29639
-29597
-29555
-29512
-29469
-29426
-29383
-29339
-29295
-29251
-29207
-29162
-29117
-29071
-29026
-28980
-28934
-28888
-28841
-28794
-28747
-28700
-28652
-28604
-28556
-28507
-28459
-28410
-28361
-28311
-28261
-28211
-28161
-28111
-28060
-28009
-27958
-27906
-27854
-27802
-27750
-27697
-27645
-27592
-27538
-27485
-27431
-27377
-27323
-27268
-27213
-27158
-27103
-27047
-26991
-26935
-26879
-26823
-26766
-26709
-26652
-26594
-26536
-26478
-26420
-26362
-26303
-26244
-26185
-26125
-26066
-26006
-25946
-25885
-25825
-25764
-25703
-25641
-25580
-25518
-25456
-25394
-25331
-25268
-25206
-25142
-25079
-25015
-24951
-24887
-24823
-24758
-24694
-24629
-24563
-24498
-24432
-24366
-24300
-24234
-24167
-24101
-24034
-23966
-23899
-23831
-23763
-23695
-23627
-23559
-23490
-23421
-23352
-23282
-23213
-23143
-23073
-23003
-22932
-22862
-22791
-22720
-22648
-22577
-22505
-22433
-22361
-22289
-22216
-22144
-22071
-21998
-21924
-21851
-21777
-21703
-21629
-21555
-21480
-21406
-21331
-21256
-21181
-21105
-21029
-20954
-20877
-20801
-20725
-20648
-20571
-20494
-20417
-20340
-20262
-20185
-20107
-20029
-19950
-19872
-19793
-19714
-19635
-19556
-19477
-19397
-19318
-19238
-19158
-19077
-18997
-18916
-18836
-18755
-18673
-18592
-18511
-18429
-18347
-18265
-18183
-18101
-18019
-17936
-17853
-17770
-17687
-17604
-17520
-17437
-17353
-17269
-17185
-17101
-17016
-16932
-16847
-16762
-16677
-16592
-16507
-16422
-16336
-16250
-16164
-16078
-15992
-15906
-15819
-15733
-15646
-15559
-15472
-15385
-15297
-15210
-15122
-15035
-14947
-14859
-14770
-14682
-14594
-14505
-14417
-14328
-14239
-14150
-14060
-13971
-13882
-13792
-13702
-13612
-13522
-13432
-13342
-13252
-13161
-13071
-12980
-12889
-12798
-12707
-12616
-12525
-12433
-12342
-12250
-12159
-12067
-11975
-11883
-11791
-11698
-11606
-11513
-11421
-11328
-11235
-11142
-11049
-10956
-10863
-10770
-10676
-10583
-10489
-10395
-10302
-10208
-10114
-10020
-9926
-9831
-9737
-9643
-9548
-9453
-9359
-9264
-9169
-9074
-8979
-8884
-8789
-8694
-8598
-8503
-8407
-8312
-8216
-8120
-8024
-7929
-7833
-7737
-7640
-7544
-7448
-7352
-7255
-7159
-7062
-6966
-6869
-6773
-6676
-6579
-6482
-6385
-6288
-6191
-6094
-5997
-5900
-5802
-5705
-5608
-5510
-5413
-5315
-5218
-5120
-5022
-4925
-4827
-4729
-4631
-4533
-4435
-4337
-4239
-4141
-4043
-3945
-3847
-3749
-3650
-3552
-3454
-3356
-3257
-3159
-3060
-2962
-2863
-2765
-2666
-2568
-2469
-2371
-2272
-2173
-2075
-1976
-1877
-1779
-1680
-1581
-1482
-1384
-1285
-1186
-1087
-989
-890
-791
-692
-593
-494
-395
-297
-198
-99
0
99
198
297
395
494
593
692
791
890
989
1087
1186
1285
1384
1482
1581
1680
1779
1877
1976
2075
2173
2272
2371
2469
2568
2666
2765
2863
2962
3060
3159
3257
3356
3454
3552
3650
3749
3847
3945
4043
4141
4239
4337
4435
4533
4631
4729
4827
4925
5022
5120
5218
5315
5413
5510
5608
5705
5802
5900
5997
6094
6191
6288
6385
6482
6579
6676
6773
6869
6966
7062
7159
7255
7352
7448
7544
7640
7737
7833
7929
8024
8120
8216
8312
8407
8503
8598
8694
8789
8884
8979
9074
9169
9264
9359
9453
9548
9643
9737
9831
9926
10020
10114
10208
10302
10395
10489
10583
10676
10770
10863
10956
11049
11142
11235
11328
11421
11513
11606
11698
11791
11883
11975
12067
12159
12250
12342
12433
12525
12616
12707
12798
12889
12980
13071
13161
13252
13342
13432
13522
13612
13702
13792
13882
13971
14060
14150
14239
14328
14417
14505
14594
14682
14770
14859
14947
15035
15122
15210
15297
15385
15472
15559
15646
15733
15819
15906
15992
16078
16164
16250
16336
16422
16507
16592
16677
16762
16847
16932
17016
17101
17185
17269
17353
17437
17520
17604
17687
17770
17853
17936
18019
18101
18183
18265
18347
18429
18511
18592
18673
18755
18836
18916
18997
19077
19158
19238
19318
19397
19477
19556
19635
19714
19793
19872
19950
20029
20107
20185
20262
20340
20417
20494
20571
20648
20725
20801
20877
20954
21029
21105
21181
21256
21331
21406
21480
21555
21629
21703
21777
21851
21924
21998
22071
22144
22216
22289
22361
22433
22505
22577
22648
22720
22791
22862
22932
23003
23073
23143
23213
23282
23352
23421
23490
23559
23627
23695
23763
23831
23899
23966
24034
24101
24167
24234
24300
24366
24432
24498
24563
24629
24694
24758
24823
24887
24951
25015
25079
25142
25206
25268
25331
25394
25456
25518
25580
25641
25703
25764
25825
25885
25946
26006
26066
26125
26185
26244
26303
26362
26420
26478
26536
26594
26652
26709
26766
26823
26879
26935
26991
27047
27103
27158
27213
27268
27323
27377
27431
27485
27538
27592
27645
27697
27750
27802
27854
27906
27958
28009
28060
28111
28161
28211
28261
28311
28361
28410
28459
28507
28556
28604
28652
28700
28747
28794
28841
28888
28934
28980
29026
29071
29117
29162
29207
29251
29295
29339
29383
29426
29469
29512
29555
29597
29639
29681
29723
29764
29805
29846
29886
29926
29966
30006
30045
30084
30123
30161
30200
30238
30275
30313
30350
30387
30423
30460
30496
30531
30567
30602
30637
30672
30706
30740
30774
30807
30841
30874
30906
30939
30971
31003
31034
31065
31096
31127
31158
31188
31218
31247
31276
31305
31334
31362
31391
31418
31446
31473
31500
31527
31553
31579
31605
31631
31656
31681
31706
31730
31754
31778
31801
31825
31848
31870
31893
31915
31936
31958
31979
32000
32021
32041
32061
32081
32100
32119
32138
32157
32175
32193
32211
32228
32245
32262
32278
32295
32310
32326
32341
32356
32371
32386
32400
32414
32427
32440
32453
32466
32478
32490
32502
32514
32525
32536
32546
32557
32567
32576
32586
32595
32603
32612
32620
32628
32636
32643
32650
32657
32663
32669
32675
32681
32686
32691
32695
32700
32704
32707
32711
32714
32717
32719
32722
32724
32725
32727
32728
32728
32729
32729
32729
32728
32728
32727
32725
32724
32722
32719
32717
32714
32711
32707
32704
32700
32695
32691
32686
32681
32675
32669
32663
32657
32650
32643
32636
32628
32620
32612
32603
32595
32586
32576
32567
32557
32546
32536
32525
32514
32502
32490
32478
32466
32453
32440
32427
32414
32400
32386
32371
32356
32341
32326
32310
32295
32278
32262
32245
32228
32211
32193
32175
32157
32138
32119
32100
32081
32061
32041
32021
32000
31979
31958
31936
31915
31893
31870
31848
31825
31801
31778
31754
31730
31706
31681
31656
31631
31605
31579
31553
31527
31500
31473
31446
31418
31391
31362
31334
31305
31276
31247
31218
31188
31158
31127
31096
31065
31034
31003
30971
30939
30906
30874
30841
30807
30774
30740
30706
30672
30637
30602
30567
30531
30496
30460
30423
30387
30350
30313
30275
30238
30200
30161
30123
30084
30045
30006
29966
29926
29886
29846
29805
29764
29723
29681
29639
29597
29555
29512
29469
29426
29383
29339
29295
29251
29207
29162
29117
29071
29026
28980
28934
28888
28841
28794
28747
28700
28652
28604
28556
28507
28459
28410
28361
28311
28261
28211
28161
28111
28060
28009
27958
27906
27854
27802
27750
27697
27645
27592
27538
27485
27431
27377
27323
27268
27213
27158
27103
27047
26991
26935
26879
26823
26766
26709
26652
26594
26536
26478
26420
26362
26303
26244
26185
26125
26066
26006
25946
25885
25825
25764
25703
25641
25580
25518
25456
25394
25331
25268
25206
25142
25079
25015
24951
24887
24823
24758
24694
24629
24563
24498
24432
24366
24300
24234
24167
24101
24034
23966
23899
23831
23763
23695
23627
23559
23490
23421
23352
23282
23213
23143
23073
23003
22932
22862
22791
22720
22648
22577
22505
22433
22361
22289
22216
22144
22071
21998
21924
21851
21777
21703
21629
21555
21480
21406
21331
21256
21181
21105
21029
20954
20877
20801
20725
20648
20571
20494
20417
20340
20262
20185
20107
20029
19950
19872
19793
19714
19635
19556
19477
19397
19318
19238
19158
19077
18997
18916
18836
18755
18673
18592
18511
18429
18347
18265
18183
18101
18019
17936
17853
17770
17687
17604
17520
17437
17353
17269
17185
17101
17016
16932
16847
16762
16677
16592
16507
16422
16336
16250
16164
16078
15992
15906
15819
15733
15646
15559
15472
15385
15297
15210
15122
15035
14947
14859
14770
14682
14594
14505
14417
14328
14239
14150
14060
13971
13882
13792
13702
13612
13522
13432
13342
13252
13161
13071
12980
12889
12798
12707
12616
12525
12433
12342
12250
12159
12067
11975
11883
11791
11698
11606
11513
11421
11328
11235
11142
11049
10956
10863
10770
10676
10583
10489
10395
10302
10208
10114
10020
9926
9831
9737
9643
9548
9453
9359
9264
9169
9074
8979
8884
8789
8694
8598
8503
8407
8312
8216
8120
8024
7929
7833
7737
7640
7544
7448
7352
7255
7159
7062
6966
6869
6773
6676
6579
6482
6385
6288
6191
6094
5997
5900
5802
5705
5608
5510
5413
5315
5218
5120
5022
4925
4827
4729
4631
4533
4435
4337
4239
4141
4043
3945
3847
3749
3650
3552
3454
3356
3257
3159
3060
2962
2863
2765
2666
2568
2469
2371
2272
2173
2075
1976
1877
1779
1680
1581
1482
1384
1285
1186
1087
989
890
791
692
593
494
395
297
198
99
0
-99
-198
-297
-395
-494
-593
-692
-791
-890
-989
-1087
-1186
-1285
-1384
-1482
-1581
-1680
-1779
-1877
-1976
-2075
-2173
-2272
-2371
-2469
-2568
-2666
-2765
-2863
-2962
-3060
-3159
-3257
-3356
-3454
-3552
-3650
-3749
-3847
-3945
-4043
-4141
-4239
-4337
-4435
-4533
-4631
-4729
-4827
-4925
-5022
-5120
-5218
-5315
-5413
-5510
-5608
-5705
-5802
-5900
-5997
-6094
-6191
-6288
-6385
-6482
-6579
-6676
-6773
-6869
-6966
-7062
-7159
-7255
-7352
-7448
-7544
-7640
-7737
-7833
-7929
-8024
-8120
-8216
-8312
-8407
-8503
-8598
-8694
-8789
-8884
-8979
-9074
-9169
-9264
-9359
-9453
-9548
-9643
-9737
-9831
-9926
-10020
-10114
-10208
-10302
-10395
-10489
-10583
-10676
-10770
-10863
-10956
-11049
-11142
-11235
-11328
-11421
-11513
-11606
-11698
-11791
-11883
-11975
-12067
-12159
-12250
-12342
-12433
-12525
-12616
-12707
-12798
-12889
-12980
-13071
-13161
-13252
-13342
-13432
-13522
-13612
-13702
-13792
-13882
-13971
-14060
-14150
-14239
-14328
-14417
-14505
-14594
-14682
-14770
-14859
-14947
-15035
-15122
-15210
-15297
-15385
-15472
-15559
-15646
-15733
-15819
-15906
-15992
-16078
-16164
-16250
-16336
-16422
-16507
-16592
-16677
-16762
-16847
-16932
-17016
-17101
-17185
-17269
-17353
-17437
-17520
-17604
-17687
-17770
-17853
-17936
-18019
-18101
-18183
-18265
-18347
-18429
-18511
-18592
-18673
-18755
-18836
-18916
-18997
-19077
-19158
-19238
-19318
-19397
-19477
-19556
-19635
-19714
-19793
-19872
-19950
-20029
-20107
-20185
-20262
-20340
-20417
-20494
-20571
-20648
-20725
-20801
-20877
-20954
-21029
-21105
-21181
-21256
-21331
-21406
-21480
-21555
-21629
-21703
-21777
-21851
-21924
-21998
-22071
-22144
-22216
-22289
-22361
-22433
-22505
-22577
-22648
-22720
-22791
-22862
-22932
-23003
-23073
-23143
-23213
-23282
-23352
-23421
-23490
-23559
-23627
-23695
-23763
-23831
-23899
-23966
-24034
-24101
-24167
-24234
-24300
-24366
-24432
-24498
-24563
-24629
-24694
-24758
-24823
-24887
-24951
-25015
-25079
-25142
-25206
-25268
-25331
-25394
-25456
-25518
-25580
-25641
-25703
-25764
-25825
-25885
-25946
-26006
-26066
-26125
-26185
-26244
-26303
-26362
-26420
-26478
-26536
-26594
-26652
-26709
-26766
-26823
-26879
-26935
-26991
-27047
-27103
-27158
-27213
-27268
-27323
-27377
-27431
-27485
-27538
-27592
-27645
-27697
-27750
-27802
-27854
-27906
-27958
-28009
-28060
-28111
-28161
-28211
-28261
-28311
-28361
-28410
-28459
-28507
-28556
-28604
-28652
-28700
-28747
-28794
-28841
-28888
-28934
-28980
-29026
-29071
-29117
-29162
-29207
-29251
-29295
-29339
-29383
-29426
-29469
-29512
-29555
-29597
-29639
-29681
-29723
-29764
-29805
-29846
-29886
-29926
-29966
-30006
-30045
-30084
-30123
-30161
-30200
-30238
-30275
-30313
-30350
-30387
-30423
-30460
-30496
-30531
-30567
-30602
-30637
-30672
-30706
-30740
-30774
-30807
-30841
-30874
-30906
-30939
-30971
-31003
-31034
-31065
-31096
-31127
-31158
-31188
-31218
-31247
-31276
-31305
-31334
-31362
-31391
-31418
-31446
-31473
-31500
-31527
-31553
-31579
-31605
-31631
-31656
-31681
-31706
-31730
-31754
-31778
-31801
-31825
-31848
-31870
-31893
-31915
-31936
-31958
-31979
-32000
-32021
-32041
-32061
-32081
-32100
-32119
-32138
-32157
-32175
-32193
-32211
-32228
-32245
-32262
-32278
-32295
-32310
-32326
-32341
-32356
-32371
-32386
-32400
-32414
-32427
-32440
-32453
-32466
-32478
-32490
-32502
-32514
-32525
-32536
-32546
-32557
-32567
-32576
-32586
-32595
-32603
-32612
-32620
-32628
-32636
-32643
-32650
-32657
-32663
-32669
-32675
-32681
-32686
-32691
-32695
-32700
-32704
-32707
-32711
-32714
-32717
-32719
-32722
-32724
-32725
-32727
-32728
-32728
-32729
-32729
-32729
-32728
-32728
-32727
-32725
-32724
-32722
-32719
-32717
-32714
-32711
-32707
-32704
-32700
-32695
-32691
-32686
-32681
-32675
-32669
-32663
-32657
-32650
-32643
-32636
-32628
-32620
-32612
-32603
-32595
-32586
-32576
-32567
-32557
-32546
-32536
-32525
-32514
-32502
-32490
-32478
-32466
-32453
-32440
-32427
-32414
-32400
-32386
-32371
-32356
-32341
-32326
-32310
-32295
-32278
-32262
-32245
-32228
-32211
-32193
-32175
-32157
-32138
-32119
-32100
-32081
-32061
-32041
-32021
-32000
-31979
-31958
-31936
-31915
-31893
-31870
-31848
-31825
-31801
-31778
-31754
-31730
-31706
-31681
-31656
-31631
-31605
-31579
-31553
-31527
-31500
-31473
-31446
-31418
-31391
-31362
-31334
-31305
-31276
-31247
-31218
-31188
-31158
-31127
-31096
-31065
-31034
-31003
-30971
-30939
-30906
-30874
-30841
-30807
-30774
-30740
-30706
-30672
-30637
-30602
-30567
-30531
-30496
-30460
-30423
-30387
-30350
-30313
-30275
-30238
-30200
-30161
-30123
-30084
-30045
-30006
-29966
-29926
-29886
-29846
-29805
-29764
-29723
-29681
-29639
-29597
-29555
-29512
-29469
-29426
-29383
-29339
-29295
-29251
-29207
-29162
-29117
-29071
-29026
-28980
-28934
-28888
-28841
-28794
-28747
-28700
-28652
-28604
-28556
-28507
-28459
-28410
-28361
-28311
-28261
-28211
-28161
-28111
-28060
-28009
-27958
-27906
-27854
-27802
-27750
-27697
-27645
-27592
-27538
-27485
-27431
-27377
-27323
-27268
-27213
-27158
-27103
-27047
-26991
-26935
-26879
-26823
-26766
-26709
-26652
-26594
-26536
-26478
-26420
-26362
-26303
-26244
-26185
-26125
-26066
-26006
-25946
-25885
-25825
-25764
-25703
-25641
-25580
-25518
-25456
-25394
-25331
-25268
-25206
-25142
-25079
-25015
-24951
-24887
-24823
-24758
-24694
-24629
-24563
-24498
-24432
-24366
-24300
-24234
-24167
-24101
-24034
-23966
-23899
-23831
-23763
-23695
-23627
-23559
-23490
-23421
-23352
-23282
-23213
-23143
-23073
-23003
-22932
-22862
-22791
-22720
-22648
-22577
-22505
-22433
-22361
-22289
-22216
-22144
-22071
-21998
-21924
-21851
-21777
-21703
-21629
-21555
-21480
-21406
-21331
-21256
-21181
-21105
-21029
-20954
-20877
-20801
-20725
-20648
-20571
-20494
-20417
-20340
-20262
-20185
-20107
-20029
-19950
-19872
-19793
-19714
-19635
-19556
-19477
-19397
-19318
-19238
-19158
-19077
-18997
-18916
-18836
-18755
-18673
-18592
-18511
-18429
-18347
-18265
-18183
-18101
-18019
-17936
-17853
-17770
-17687
-17604
-17520
-17437
-17353
-17269
-17185
-17101
-17016
-16932
-16847
-16762
-16677
-16592
-16507
-16422
-16336
-16250
-16164
-16078
-15992
-15906
-15819
-15733
-15646
-15559
-15472
-15385
-15297
-15210
-15122
-15035
-14947
-14859
-14770
-14682
-14594
-14505
-14417
-14328
-14239
-14150
-14060
-13971
-13882
-13792
-13702
-13612
-13522
-13432
-13342
-13252
-13161
-13071
-12980
-12889
-12798
-12707
-12616
-12525
-12433
-12342
-12250
-12159
-12067
-11975
-11883
-11791
-11698
-11606
-11513
-11421
-11328
-11235
-11142
-11049
-10956
-10863
-10770
-10676
-10583
-10489
-10395
-10302
-10208
-10114
-10020
-9926
-9831
-9737
-9643
-9548
-9453
-9359
-9264
-9169
-9074
-8979
-8884
-8789
-8694
-8598
-8503
-8407
-8312
-8216
-8120
-8024
-7929
-7833
-7737
-7640
-7544
-7448
-7352
-7255
-7159
-7062
-6966
-6869
-6773
-6676
-6579
-6482
-6385
-6288
-6191
-6094
-5997
-5900
-5802
-5705
-5608
-5510
-5413
-5315
-5218
-5120
-5022
-4925
-4827
-4729
-4631
-4533
-4435
-4337
-4239
-4141
-4043
-3945
-3847
-3749
-3650
-3552
-3454
-3356
-3257
-3159
-3060
-2962
-2863
-2765
-2666
-2568
-2469
-2371
-2272
-2173
-2075
-1976
-1877
-1779
-1680
-1581
-1482
-1384
-1285
-1186
-1087
-989
-890
-791
-692
-593
-494
-395
-297
-198
-99
0
99
198
297
395
494
593
692
791
890
989
1087
1186
1285
1384
1482
1581
1680
1779
1877
1976
2075
2173
2272
2371
2469
2568
2666
2765
2863
2962
3060
3159
3257
3356
3454
3552
3650
3749
3847
3945
4043
4141
4239
4337
4435
4533
4631
4729
4827
4925
5022
5120
5218
5315
5413
5510
5608
5705
5802
5900
5997
6094
6191
6288
6385
6482
6579
6676
6773
6869
6966
7062
7159
7255
7352
7448
7544
7640
7737
7833
7929
8024
8120
8216
8312
8407
8503
8598
8694
8789
8884
8979
9074
9169
9264
9359
9453
9548
9643
9737
9831
9926
10020
10114
10208
10302
10395
10489
10583
10676
10770
10863
10956
11049
11142
11235
11328
11421
11513
11606
11698
11791
11883
11975
12067
12159
12250
12342
12433
12525
12616
12707
12798
12889
12980
13071
13161
13252
13342
13432
13522
13612
13702
13792
13882
13971
14060
14150
14239
14328
14417
14505
14594
14682
14770
14859
14947
15035
15122
15210
15297
15385
15472
15559
15646
15733
15819
15906
15992
16078
16164
16250
16336
16422
16507
16592
16677
16762
16847
16932
17016
17101
17185
17269
17353
17437
17520
17604
17687
17770
17853
17936
18019
18101
18183
18265
18347
18429
18511
18592
18673
18755
18836
18916
18997
19077
19158
19238
19318
19397
19477
19556
19635
19714
19793
19872
19950
20029
20107
20185
20262
20340
20417
20494
20571
20648
20725
20801
20877
20954
21029
21105
21181
21256
21331
21406
21480
21555
21629
21703
21777
21851
21924
21998
22071
22144
22216
22289
22361
22433
22505
22577
22648
22720
22791
22862
22932
23003
23073
23143
23213
23282
23352
23421
23490
23559
23627
23695
23763
23831
23899
23966
24034
24101
24167
24234
24300
24366
24432
24498
24563
24629
24694
24758
24823
24887
24951
25015
25079
25142
25206
25268
25331
25394
25456
25518
25580
25641
25703
25764
25825
25885
25946
26006
26066
26125
26185
26244
26303
26362
26420
26478
26536
26594
26652
26709
26766
26823
26879
26935
26991
27047
27103
27158
27213
27268
27323
27377
27431
27485
27538
27592
27645
27697
27750
27802
27854
27906
27958
28009
28060
28111
28161
28211
28261
28311
28361
28410
28459
28507
28556
28604
28652
28700
28747
28794
28841
28888
28934
28980
29026
29071
29117
29162
29207
29251
29295
29339
29383
29426
29469
29512
29555
29597
29639
29681
29723
29764
29805
29846
29886
29926
29966
30006
30045
30084
30123
30161
30200
30238
30275
30313
30350
30387
30423
30460
30496
30531
30567
30602
30637
30672
30706
30740
30774
30807
30841
30874
30906
30939
30971
31003
31034
31065
31096
31127
31158
31188
31218
31247
31276
31305
31334
31362
31391
31418
31446
31473
31500
31527
31553
31579
31605
31631
31656
31681
31706
31730
31754
31778
31801
31825
31848
31870
31893
31915
31936
31958
31979
32000
32021
32041
32061
32081
32100
32119
32138
32157
32175
32193
32211
32228
32245
32262
32278
32295
32310
32326
32341
32356
32371
32386
32400
32414
32427
32440
32453
32466
32478
32490
32502
32514
32525
32536
32546
32557
32567
32576
32586
32595
32603
32612
32620
32628
32636
32643
32650
32657
32663
32669
32675
32681
32686
32691
32695
32700
32704
32707
32711
32714
32717
32719
32722
32724
32725
32727
32728
32728
32729
32729
32729
32728
32728
32727
32725
32724
32722
32719
32717
32714
32711
32707
32704
32700
32695
32691
32686
32681
32675
32669
32663
32657
32650
32643
32636
32628
32620
32612
32603
32595
32586
32576
32567
32557
32546
32536
32525
32514
32502
32490
32478
32466
32453
32440
32427
32414
32400
32386
32371
32356
32341
32326
32310
32295
32278
32262
32245
32228
32211
32193
32175
32157
32138
32119
32100
32081
32061
32041
32021
32000
31979
31958
31936
31915
31893
31870
31848
31825
31801
31778
31754
31730
31706
31681
31656
31631
31605
31579
31553
31527
31500
31473
31446
31418
31391
31362
31334
31305
31276
31247
31218
31188
31158
31127
31096
31065
31034
31003
30971
30939
30906
30874
30841
30807
30774
30740
30706
30672
30637
30602
30567
30531
30496
30460
30423
30387
30350
30313
30275
30238
30200
30161
30123
30084
30045
30006
29966
29926
29886
29846
29805
29764
29723
29681
29639
29597
29555
29512
29469
29426
29383
29339
29295
29251
29207
29162
29117
29071
29026
28980
28934
28888
28841
28794
28747
28700
28652
28604
28556
28507
28459
28410
28361
28311
28261
28211
28161
28111
28060
28009
27958
27906
27854
27802
27750
27697
27645
27592
27538
27485
27431
27377
27323
27268
27213
27158
27103
27047
26991
26935
26879
26823
26766
26709
26652
26594
26536
26478
26420
26362
26303
26244
26185
26125
26066
26006
25946
25885
25825
25764
25703
25641
25580
25518
25456
25394
25331
25268
25206
25142
25079
25015
24951
24887
24823
24758
24694
24629
24563
24498
24432
24366
24300
24234
24167
24101
24034
23966
23899
23831
23763
23695
23627
23559
23490
23421
23352
23282
23213
23143
23073
23003
22932
22862
22791
22720
22648
22577
22505
22433
22361
22289
22216
22144
22071
21998
21924
21851
21777
21703
21629
21555
21480
21406
21331
21256
21181
21105
21029
20954
20877
20801
20725
20648
20571
20494
20417
20340
20262
20185
20107
20029
19950
19872
19793
19714
19635
19556
19477
19397
19318
19238
19158
19077
18997
18916
18836
18755
18673
18592
18511
18429
18347
18265
18183
18101
18019
17936
17853
17770
17687
17604
17520
17437
17353
17269
17185
17101
17016
16932
16847
16762
16677
16592
16507
16422
16336
16250
16164
16078
15992
15906
15819
15733
15646
15559
15472
15385
15297
15210
15122
15035
14947
14859
14770
14682
14594
14505
14417
14328
14239
14150
14060
13971
13882
13792
13702
13612
13522
13432
13342
13252
13161
13071
12980
12889
12798
12707
12616
12525
12433
12342
12250
12159
12067
11975
11883
11791
11698
11606
11513
11421
11328
11235
11142
11049
10956
10863
10770
10676
10583
10489
10395
10302
10208
10114
10020
9926
9831
9737
9643
9548
9453
9359
9264
9169
9074
8979
8884
8789
8694
8598
8503
8407
8312
8216
8120
8024
7929
7833
7737
7640
7544
7448
7352
7255
7159
7062
6966
6869
6773
6676
6579
6482
6385
6288
6191
6094
5997
5900
5802
5705
5608
5510
5413
5315
5218
5120
5022
4925
4827
4729
4631
4533
4435
4337
4239
4141
4043
3945
3847
3749
3650
3552
3454
3356
3257
3159
3060
2962
2863
2765
2666
2568
2469
2371
2272
2173
2075
1976
1877
1779
1680
1581
1482
1384
1285
1186
1087
989
890
791
692
593
494
395
297
198
99
0
-99
-198
-297
-395
-494
-593
-692
-791
-890
-989
-1087
-1186
-1285
-1384
-1482
-1581
-1680
-1779
-1877
-1976
-2075
-2173
-2272
-2371
-2469
-2568
-2666
-2765
-2863
-2962
-3060
-3159
-3257
-3356
-3454
-3552
-3650
-3749
-3847
-3945
-4043
-4141
-4239
-4337
-4435
-4533
-4631
-4729
-4827
-4925
-5022
-5120
-5218
-5315
-5413
-5510
-5608
-5705
-5802
-5900
-5997
-6094
-6191
-6288
-6385
-6482
-6579
-6676
-6773
-6869
-6966
-7062
-7159
-7255
-7352
-7448
-7544
-7640
-7737
-7833
-7929
-8024
-8120
-8216
-8312
-8407
-8503
-8598
-8694
-8789
-8884
-8979
-9074
-9169
-9264
-9359
-9453
-9548
-9643
-9737
-9831
-9926
-10020
-10114
-10208
-10302
-10395
-10489
-10583
-10676
-10770
-10863
-10956
-11049
-11142
-11235
-11328
-11421
-11513
-11606
-11698
-11791
-11883
-11975
-12067
-12159
-12250
-12342
-12433
-12525
-12616
-12707
-12798
-12889
-12980
-13071
-13161
-13252
-13342
-13432
-13522
-13612
-13702
-13792
-13882
-13971
-14060
-14150
-14239
-14328
-14417
-14505
-14594
-14682
-14770
-14859
-14947
-15035
-15122
-15210
-15297
-15385
-15472
-15559
-15646
-15733
-15819
-15906
-15992
-16078
-16164
-16250
-16336
-16422
-16507
-16592
-16677
-16762
-16847
-16932
-17016
-17101
-17185
-17269
-17353
-17437
-17520
-17604
-17687
-17770
-17853
-17936
-18019
-18101
-18183
-18265
-18347
-18429
-18511
-18592
-18673
-18755
-18836
-18916
-18997
-19077
-19158
-19238
-19318
-19397
-19477
-19556
-19635
-19714
-19793
-19872
-19950
-20029
-20107
-20185
-20262
-20340
-20417
-20494
-20571
-20648
-20725
-20801
-20877
-20954
-21029
-21105
-21181
-21256
-21331
-21406
-21480
-21555
-21629
-21703
-21777
-21851
-21924
-21998
-22071
-22144
-22216
-22289
-22361
-22433
-22505
-22577
-22648
-22720
-22791
-22862
-22932
-23003
-23073
-23143
-23213
-23282
-23352
-23421
-23490
-23559
-23627
-23695
-23763
-23831
-23899
-23966
-24034
-24101
-24167
-24234
-24300
-24366
-24432
-24498
-24563
-24629
-24694
-24758
-24823
-24887
-24951
-25015
-25079
-25142
-25206
-25268
-25331
-25394
-25456
-25518
-25580
-25641
-25703
-25764
-25825
-25885
-25946
-26006
-26066
-26125
-26185
-26244
-26303
-26362
-26420
-26478
-26536
-26594
-26652
-26709
-26766
-26823
-26879
-26935
-26991
-27047
-27103
-27158
-27213
-27268
-27323
-27377
-27431
-27485
-27538
-27592
-27645
-27697
-27750
-27802
-27854
-27906
-27958
-28009
-28060
-28111
-28161
-28211
-28261
-28311
-28361
-28410
-28459
-28507
-28556
-28604
-28652
-28700
-28747
-28794
-28841
-28888
-28934
-28980
-29026
-29071
-29117
-29162
-29207
-29251
-29295
-29339
-29383
-29426
-29469
-29512
-29555
-29597
-29639
-29681
-29723
-29764
-29805
-29846
-29886
-29926
-29966
-30006
-30045
-30084
-30123
-30161
-30200
-30238
-30275
-30313
-30350
-30387
-30423
-30460
-30496
-30531
-30567
-30602
-30637
-30672
-30706
-30740
-30774
-30807
-30841
-30874
-30906
-30939
-30971
-31003
-31034
-31065
-31096
-31127
-31158
-31188
-31218
-31247
-31276
-31305
-31334
-31362
-31391
-31418
-31446
-31473
-31500
-31527
-31553
-31579
-31605
-31631
-31656
-31681
-31706
-31730
-31754
-31778
-31801
-31825
-31848
-31870
-31893
-31915
-31936
-31958
-31979
-32000
-32021
-32041
-32061
-32081
-32100
-32119
-32138
-32157
-32175
-32193
-32211
-32228
-32245
-32262
-32278
-32295
-32310
-32326
-32341
-32356
-32371
-32386
-32400
-32414
-32427
-32440
-32453
-32466
-32478
-32490
-32502
-32514
-32525
-32536
-32546
-32557
-32567
-32576
-32586
-32595
-32603
-32612
-32620
-32628
-32636
-32643
-32650
-32657
-32663
-32669
-32675
-32681
-32686
-32691
-32695
-32700
-32704
-32707
-32711
-32714
-32717
-32719
-32722
-32724
-32725
-32727
-32728
-32728
-32729
-32729
-32729
-32728
-32728
-32727
-32725
-32724
-32722
-32719
-32717
-32714
-32711
-32707
-32704
-32700
-32695
-32691
-32686
-32681
-32675
-32669
-32663
-32657
-32650
-32643
-32636
-32628
-32620
-32612
-32603
-32595
-32586
-32576
-32567
-32557
-32546
-32536
-32525
-32514
-32502
-32490
-32478
-32466
-32453
-32440
-32427
-32414
-32400
-32386
-32371
-32356
-32341
-32326
-32310
-32295
-32278
-32262
-32245
-32228
-32211
-32193
-32175
-32157
-32138
-32119
-32100
-32081
-32061
-32041
-32021
-32000
-31979
-31958
-31936
-31915
-31893
-31870
-31848
-31825
-31801
-31778
-31754
-31730
-31706
-31681
-31656
-31631
-31605
-31579
-31553
-31527
-31500
-31473
-31446
-31418
-31391
-31362
-31334
-31305
-31276
-31247
-31218
-31188
-31158
-31127
-31096
-31065
-31034
-31003
-30971
-30939
-30906
-30874
-30841
-30807
-30774
-30740
-30706
-30672
-30637
-30602
-30567
-30531
-30496
-30460
-30423
-30387
-30350
-30313
-30275
-30238
-30200
-30161
-30123
-30084
-30045
-30006
-29966
-29926
-29886
-29846
-29805
-29764
-29723
-29681
-29639
-29597
-29555
-29512
-29469
-29426
-29383
-29339
-29295
-29251
-29207
-29162
-29117
-29071
-29026
-28980
-28934
-28888
-28841
-28794
-28747
-28700
-28652
-28604
-28556
-28507
-28459
-28410
-28361
-28311
-28261
-28211
-28161
-28111
-28060
-28009
-27958
-27906
-27854
-27802
-27750
-27697
-27645
-27592
-27538
-27485
-27431
-27377
-27323
-27268
-27213
-27158
-27103
-27047
-26991
-26935
-26879
-26823
-26766
-26709
-26652
-26594
-26536
-26478
-26420
-26362
-26303
-26244
-26185
-26125
-26066
-26006
-25946
-25885
-25825
-25764
-25703
-25641
-25580
-25518
-25456
-25394
-25331
-25268
-25206
-25142
-25079
-25015
-24951
-24887
-24823
-24758
-24694
-24629
-24563
-24498
-24432
-24366
-24300
-24234
-24167
-24101
-24034
-23966
-23899
-23831
-23763
-23695
-23627
-23559
-23490
-23421
-23352
-23282
-23213
-23143
-23073
-23003
-22932
-22862
-22791
-22720
-22648
-22577
-22505
-22433
-22361
-22289
-22216
-22144
-22071
-21998
-21924
-21851
-21777
-21703
-21629
-21555
-21480
-21406
-21331
-21256
-21181
-21105
-21029
-20954
-20877
-20801
-20725
-20648
-20571
-20494
-20417
-20340
-20262
-20185
-20107
-20029
-19950
-19872
-19793
-19714
-19635
-19556
-19477
-19397
-19318
-19238
-19158
-19077
-18997
-18916
-18836
-18755
-18673
-18592
-18511
-18429
-18347
-18265
-18183
-18101
-18019
-17936
-17853
-17770
-17687
-17604
-17520
-17437
-17353
-17269
-17185
-17101
-17016
-16932
-16847
-16762
-16677
-16592
-16507
-16422
-16336
-16250
-16164
-16078
-15992
-15906
-15819
-15733
-15646
-15559
-15472
-15385
-15297
-15210
-15122
-15035
-14947
-14859
-14770
-14682
-14594
-14505
-14417
-14328
-14239
-14150
-14060
-13971
-13882
-13792
-13702
-13612
-13522
-13432
-13342
-13252
-13161
-13071
-12980
-12889
-12798
-12707
-12616
-12525
-12433
-12342
-12250
-12159
-12067
-11975
-11883
-11791
-11698
-11606
-11513
-11421
-11328
-11235
-11142
-11049
-10956
-10863
-10770
-10676
-10583
-10489
-10395
-10302
-10208
-10114
-10020
-9926
-9831
-9737
-9643
-9548
-9453
-9359
-9264
-9169
-9074
-8979
-8884
-8789
-8694
-8598
-8503
-8407
-8312
-8216
-8120
-8024
-7929
-7833
-7737
-7640
-7544
-7448
-7352
-7255
-7159
-7062
-6966
-6869
-6773
-6676
-6579
-6482
-6385
-6288
-6191
-6094
-5997
-5900
-5802
-5705
-5608
-5510
-5413
-5315
-5218
-5120
-5022
-4925
-4827
-4729
-4631
-4533
-4435
-4337
-4239
-4141
-4043
-3945
-3847
-3749
-3650
-3552
-3454
-3356
-3257
-3159
-3060
-2962
-2863
-2765
-2666
-2568
-2469
-2371
-2272
-2173
-2075
-1976
-1877
-1779
-1680
-1581
-1482
-1384
-1285
-1186
-1087
-989
-890
-791
-692
-593
-494
-395
-297
-198
-99
0
99
198
297
395
494
593
692
791
890
989
1087
1186
1285
1384
1482
1581
1680
1779
1877
1976
2075
2173
2272
2371
2469
2568
2666
2765
2863
2962
3060
3159
3257
3356
3454
3552
3650
3749
3847
3945
4043
4141
4239
4337
4435
4533
4631
4729
4827
4925
5022
5120
5218
5315
5413
5510
5608
5705
5802
5900
5997
6094
6191
6288
6385
6482
6579
6676
6773
6869
6966
7062
7159
7255
7352
7448
7544
7640
7737
7833
7929
8024
8120
8216
8312
8407
8503
8598
8694
8789
8884
8979
9074
9169
9264
9359
9453
9548
9643
9737
9831
9926
10020
10114
10208
10302
10395
10489
10583
10676
10770
10863
10956
11049
11142
11235
11328
11421
11513
11606
11698
11791
11883
11975
12067
12159
12250
12342
12433
12525
12616
12707
12798
12889
12980
13071
13161
13252
13342
13432
13522
13612
13702
13792
13882
13971
14060
14150
14239
14328
14417
14505
14594
14682
14770
14859
14947
15035
15122
15210
15297
15385
15472
15559
15646
15733
15819
15906
15992
16078
16164
16250
16336
16422
16507
16592
16677
16762
16847
16932
17016
17101
17185
17269
17353
17437
17520
17604
17687
17770
17853
17936
18019
18101
18183
18265
18347
18429
18511
18592
18673
18755
18836
18916
18997
19077
19158
19238
19318
19397
19477
19556
19635
19714
19793
19872
19950
20029
20107
20185
20262
20340
20417
20494
20571
20648
20725
20801
20877
20954
21029
21105
21181
21256
21331
21406
21480
21555
21629
21703
21777
21851
21924
21998
22071
22144
22216
22289
22361
22433
22505
22577
22648
22720
22791
22862
22932
23003
23073
23143
23213
23282
23352
23421
23490
23559
23627
23695
23763
23831
23899
23966
24034
24101
24167
24234
24300
24366
24432
24498
24563
24629
24694
24758
24823
24887
24951
25015
25079
25142
25206
25268
25331
25394
25456
25518
25580
25641
25703
25764
25825
25885
25946
26006
26066
26125
26185
26244
26303
26362
26420
26478
26536
26594
26652
26709
26766
26823
26879
26935
26991
27047
27103
27158
27213
27268
27323
27377
27431
27485
27538
27592
27645
27697
27750
27802
27854
27906
27958
28009
28060
28111
28161
28211
28261
28311
28361
28410
28459
28507
28556
28604
28652
28700
28747
28794
28841
28888
28934
28980
29026
29071
29117
29162
29207
29251
29295
29339
29383
29426
29469
29512
29555
29597
29639
29681
29723
29764
29805
29846
29886
29926
29966
30006
30045
30084
30123
30161
30200
30238
30275
30313
30350
30387
30423
30460
30496
30531
30567
30602
30637
30672
30706
30740
30774
30807
30841
30874
30906
30939
30971
31003
31034
31065
31096
31127
31158
31188
31218
31247
31276
31305
31334
31362
31391
31418
31446
31473
31500
31527
31553
31579
31605
31631
31656
31681
31706
31730
31754
31778
31801
31825
31848
31870
31893
31915
31936
31958
31979
32000
32021
32041
32061
32081
32100
32119
32138
32157
32175
32193
32211
32228
32245
32262
32278
32295
32310
32326
32341
32356
32371
32386
32400
32414
32427
32440
32453
32466
32478
32490
32502
32514
32525
32536
32546
32557
32567
32576
32586
32595
32603
32612
32620
32628
32636
32643
32650
32657
32663
32669
32675
32681
32686
32691
32695
32700
32704
32707
32711
32714
32717
32719
32722
32724
32725
32727
32728
32728
32729
32729
32729
32728
32728
32727
32725
32724
32722
32719
32717
32714
32711
32707
32704
32700
32695
32691
32686
32681
32675
32669
32663
32657
32650
32643
32636
32628
32620
32612
32603
32595
32586
32576
32567
32557
32546
32536
32525
32514
32502
32490
32478
32466
32453
32440
32427
32414
32400
32386
32371
32356
32341
32326
32310
32295
32278
32262
32245
32228
32211
32193
32175
32157
32138
32119
32100
32081
32061
32041
32021
32000
31979
31958
31936
31915
31893
31870
31848
31825
31801
31778
31754
31730
31706
31681
31656
31631
31605
31579
31553
31527
31500
31473
31446
31418
31391
31362
31334
31305
31276
31247
31218
31188
31158
31127
31096
31065
31034
31003
30971
30939
30906
30874
30841
30807
30774
30740
30706
30672
30637
30602
30567
30531
30496
30460
30423
30387
30350
30313
30275
30238
30200
30161
30123
30084
30045
30006
29966
29926
29886
29846
29805
29764
29723
29681
29639
29597
29555
29512
29469
29426
29383
29339
29295
29251
29207
29162
29117
29071
29026
28980
28934
28888
28841
28794
28747
28700
28652
28604
28556
28507
28459
28410
28361
28311
28261
28211
28161
28111
28060
28009
27958
27906
27854
27802
27750
27697
27645
27592
27538
27485
27431
27377
27323
27268
27213
27158
27103
27047
26991
26935
26879
26823
26766
26709
26652
26594
26536
26478
26420
26362
26303
26244
26185
26125
26066
26006
25946
25885
25825
25764
25703
25641
25580
25518
25456
25394
25331
25268
25206
25142
25079
25015
24951
24887
24823
24758
24694
24629
24563
24498
24432
24366
24300
24234
24167
24101
24034
23966
23899
23831
23763
23695
23627
23559
23490
23421
23352
23282
23213
23143
23073
23003
22932
22862
22791
22720
22648
22577
22505
22433
22361
22289
22216
22144
22071
21998
21924
21851
21777
21703
21629
21555
21480
21406
21331
21256
21181
21105
21029
20954
20877
20801
20725
20648
20571
20494
20417
20340
20262
20185
20107
20029
19950
19872
19793
19714
19635
19556
19477
19397
19318
19238
19158
19077
18997
18916
18836
18755
18673
18592
18511
18429
18347
18265
18183
18101
18019
17936
17853
17770
17687
17604
17520
17437
17353
17269
17185
17101
17016
16932
16847
16762
16677
16592
16507
16422
16336
16250
16164
16078
15992
15906
15819
15733
15646
15559
15472
15385
15297
15210
15122
15035
14947
14859
14770
14682
14594
14505
14417
14328
14239
14150
14060
13971
13882
13792
13702
13612
13522
13432
13342
13252
13161
13071
12980
12889
12798
12707
12616
12525
12433
12342
12250
12159
12067
11975
11883
11791
11698
11606
11513
11421
11328
11235
11142
11049
10956
10863
10770
10676
10583
10489
10395
10302
10208
10114
10020
9926
9831
9737
9643
9548
9453
9359
9264
9169
9074
8979
8884
8789
8694
8598
8503
8407
8312
8216
8120
8024
7929
7833
7737
7640
7544
7448
7352
7255
7159
7062
6966
6869
6773
6676
6579
6482
6385
6288
6191
6094
5997
5900
5802
5705
5608
5510
5413
5315
5218
5120
5022
4925
4827
4729
4631
4533
4435
4337
4239
4141
4043
3945
3847
3749
3650
3552
3454
3356
3257
3159
3060
2962
2863
2765
2666
2568
2469
2371
2272
2173
2075
1976
1877
1779
1680
1581
1482
1384
1285
1186
1087
989
890
791
692
593
494
395
297
198
99
0
-99
-198
-297
-395
-494
-593
-692
-791
-890
-989
-1087
-1186
-1285
-1384
-1482
-1581
-1680
-1779
-1877
-1976
-2075
-2173
-2272
-2371
-2469
-2568
-2666
-2765
-2863
-2962
-3060
-3159
-3257
-3356
-3454
-3552
-3650
-3749
-3847
-3945
-4043
-4141
-4239
-4337
-4435
-4533
-4631
-4729
-4827
-4925
-5022
-5120
-5218
-5315
-5413
-5510
-5608
-5705
-5802
-5900
-5997
-6094
-6191
-6288
-6385
-6482
-6579
-6676
-6773
-6869
-6966
-7062
-7159
-7255
-7352
-7448
-7544
-7640
-7737
-7833
-7929
-8024
-8120
-8216
-8312
-8407
-8503
-8598
-8694
-8789
-8884
-8979
-9074
-9169
-9264
-9359
-9453
-9548
-9643
-9737
-9831
-9926
-10020
-10114
-10208
-10302
-10395
-10489
-10583
-10676
-10770
-10863
-10956
-11049
-11142
-11235
-11328
-11421
-11513
-11606
-11698
-11791
-11883
-11975
-12067
-12159
-12250
-12342
-12433
-12525
-12616
-12707
-12798
-12889
-12980
-13071
-13161
-13252
-13342
-13432
-13522
-13612
-13702
-13792
-13882
-13971
-14060
-14150
-14239
-14328
-14417
-14505
-14594
-14682
-14770
-14859
-14947
-15035
-15122
-15210
-15297
-15385
-15472
-15559
-15646
-15733
-15819
-15906
-15992
-16078
-16164
-16250
-16336
-16422
-16507
-16592
-16677
-16762
-16847
-16932
-17016
-17101
-17185
-17269
-17353
-17437
-17520
-17604
-17687
-17770
-17853
-17936
-18019
-18101
-18183
-18265
-18347
-18429
-18511
-18592
-18673
-18755
-18836
-18916
-18997
-19077
-19158
-19238
-19318
-19397
-19477
-19556
-19635
-19714
-19793
-19872
-19950
-20029
-20107
-20185
-20262
-20340
-20417
-20494
-20571
-20648
-20725
-20801
-20877
-20954
-21029
-21105
-21181
-21256
-21331
-21406
-21480
-21555
-21629
-21703
-21777
-21851
-21924
-21998
-22071
-22144
-22216
-22289
-22361
-22433
-22505
-22577
-22648
-22720
-22791
-22862
-22932
-23003
-23073
-23143
-23213
-23282
-23352
-23421
-23490
-23559
-23627
-23695
-23763
-23831
-23899
-23966
-24034
-24101
-24167
-24234
-24300
-24366
-24432
-24498
-24563
-24629
-24694
-24758
-24823
-24887
-24951
-25015
-25079
-25142
-25206
-25268
-25331
-25394
-25456
-25518
-25580
-25641
-25703
-25764
-25825
-25885
-25946
-26006
-26066
-26125
-26185
-26244
-26303
-26362
-26420
-26478
-26536
-26594
-26652
-26709
-26766
-26823
-26879
-26935
-26991
-27047
-27103
-27158
-27213
-27268
-27323
-27377
-27431
-27485
-27538
-27592
-27645
-27697
-27750
-27802
-27854
-27906
-27958
-28009
-28060
-28111
-28161
-28211
-28261
-28311
-28361
-28410
-28459
-28507
-28556
-28604
-28652
-28700
-28747
-28794
-28841
-28888
-28934
-28980
-29026
-29071
-29117
-29162
-29207
-29251
-29295
-29339
-29383
-29426
-29469
-29512
-29555
-29597
-29639
-29681
-29723
-29764
-29805
-29846
-29886
-29926
-29966
-30006
-30045
-30084
-30123
-30161
-30200
-30238
-30275
-30313
-30350
-30387
-30423
-30460
-30496
-30531
-30567
-30602
-30637
-30672
-30706
-30740
-30774
-30807
-30841
-30874
-30906
-30939
-30971
-31003
-31034
-31065
-31096
-31127
-31158
-31188
-31218
-31247
-31276
-31305
-31334
-31362
-31391
-31418
-31446
-31473
-31500
-31527
-31553
-31579
-31605
-31631
-31656
-31681
-31706
-31730
-31754
-31778
-31801
-31825
-31848
-31870
-31893
-31915
-31936
-31958
-31979
-32000
-32021
-32041
-32061
-32081
-32100
-32119
-32138
-32157
-32175
-32193
-32211
-32228
-32245
-32262
-32278
-32295
-32310
-32326
-32341
-32356
-32371
-32386
-32400
-32414
-32427
-32440
-32453
-32466
-32478
-32490
-32502
-32514
-32525
-32536
-32546
-32557
-32567
-32576
-32586
-32595
-32603
-32612
-32620
-32628
-32636
-32643
-32650
-32657
-32663
-32669
-32675
-32681
-32686
-32691
-32695
-32700
-32704
-32707
-32711
-32714
-32717
-32719
-32722
-32724
-32725
-32727
-32728
-32728
-32729
-32729
-32729
-32728
-32728
-32727
-32725
-32724
-32722
-32719
-32717
-32714
-32711
-32707
-32704
-32700
-32695
-32691
-32686
-32681
-32675
-32669
-32663
-32657
-32650
-32643
-32636
-32628
-32620
-32612
-32603
-32595
-32586
-32576
-32567
-32557
-32546
-32536
-32525
-32514
-32502
-32490
-32478
-32466
-32453
-32440
-32427
-32414
-32400
-32386
-32371
-32356
-32341
-32326
-32310
-32295
-32278
-32262
-32245
-32228
-32211
-32193
-32175
-32157
-32138
-32119
-32100
-32081
-32061
-32041
-32021
-32000
-31979
-31958
-31936
-31915
-31893
-31870
-31848
-31825
-31801
-31778
-31754
-31730
-31706
-31681
-31656
-31631
-31605
-31579
-31553
-31527
-31500
-31473
-31446
-31418
-31391
-31362
-31334
-31305
-31276
-31247
-31218
-31188
-31158
-31127
-31096
-31065
-31034
-31003
-30971
-30939
-30906
-30874
-30841
-30807
-30774
-30740
-30706
-30672
-30637
-30602
-30567
-30531
-30496
-30460
-30423
-30387
-30350
-30313
-30275
-30238
-30200
-30161
-30123
-30084
-30045
-30006
-29966
-29926
-29886
-29846
-29805
-29764
-29723
-29681
-29639
-29597
-29555
-29512
-29469
-29426
-29383
-29339
-29295
-29251
-29207
-29162
-29117
-29071
-29026
-28980
-28934
-28888
-28841
-28794
-28747
-28700
-28652
-28604
-28556
-28507
-28459
-28410
-28361
-28311
-28261
-28211
-28161
-28111
-28060
-28009
-27958
-27906
-27854
-27802
-27750
-27697
-27645
-27592
-27538
-27485
-27431
-27377
-27323
-27268
-27213
-27158
-27103
-27047
-26991
-26935
-26879
-26823
-26766
-26709
-26652
-26594
-26536
-26478
-26420
-26362
-26303
-26244
-26185
-26125
-26066
-26006
-25946
-25885
-25825
-25764
-25703
-25641
-25580
-25518
-25456
-25394
-25331
-25268
-25206
-25142
-25079
-25015
-24951
-24887
-24823
-24758
-24694
-24629
-24563
-24498
-24432
-24366
-24300
-24234
-24167
-24101
-24034
-23966
-23899
-23831
-23763
-23695
-23627
-23559
-23490
-23421
-23352
-23282
-23213
-23143
-23073
-23003
-22932
-22862
-22791
-22720
-22648
-22577
-22505
-22433
-22361
-22289
-22216
-22144
-22071
-21998
-21924
-21851
-21777
-21703
-21629
-21555
-21480
-21406
-21331
-21256
-21181
-21105
-21029
-20954
-20877
-20801
-20725
-20648
-20571
-20494
-20417
-20340
-20262
-20185
-20107
-20029
-19950
-19872
-19793
-19714
-19635
-19556
-19477
-19397
-19318
-19238
-19158
-19077
-18997
-18916
-18836
-18755
-18673
-18592
-18511
-18429
-18347
-18265
-18183
-18101
-18019
-17936
-17853
-17770
-17687
-17604
-17520
-17437
-17353
-17269
-17185
-17101
-17016
-16932
-16847
-16762
-16677
-16592
-16507
-16422
-16336
-16250
-16164
-16078
-15992
-15906
-15819
-15733
-15646
-15559
-15472
-15385
-15297
-15210
-15122
-15035
-14947
-14859
-14770
-14682
-14594
-14505
-14417
-14328
-14239
-14150
-14060
-13971
-13882
-13792
-13702
-13612
-13522
-13432
-13342
-13252
-13161
-13071
-12980
-12889
-12798
-12707
-12616
-12525
-12433
-12342
-12250
-12159
-12067
-11975
-11883
-11791
-11698
-11606
-11513
-11421
-11328
-11235
-11142
-11049
-10956
-10863
-10770
-10676
-10583
-10489
-10395
-10302
-10208
-10114
-10020
-9926
-9831
-9737
-9643
-9548
-9453
-9359
-9264
-9169
-9074
-8979
-8884
-8789
-8694
-8598
-8503
-8407
-8312
-8216
-8120
-8024
-7929
-7833
-7737
-7640
-7544
-7448
-7352
-7255
-7159
-7062
-6966
-6869
-6773
-6676
-6579
-6482
-6385
-6288
-6191
-6094
-5997
-5900
-5802
-5705
-5608
-5510
-5413
-5315
-5218
-5120
-5022
-4925
-4827
-4729
-4631
-4533
-4435
-4337
-4239
-4141
-4043
-3945
-3847
-3749
-3650
-3552
-3454
-3356
-3257
-3159
-3060
-2962
-2863
-2765
-2666
-2568
-2469
-2371
-2272
-2173
-2075
-1976
-1877
-1779
-1680
-1581
-1482
-1384
-1285
-1186
-1087
-989
-890
-791
-692
-593
-494
-395
-297
-198
-99
0
99
198
297
395
494
593
692
791
890
989
1087
1186
1285
1384
1482
1581
1680
1779
1877
1976
2075
2173
2272
2371
2469
2568
2666
2765
2863
2962
3060
3159
3257
3356
3454
3552
3650
3749
3847
3945
4043
4141
4239
4337
4435
4533
4631
4729
4827
4925
5022
5120
5218
5315
5413
5510
5608
5705
5802
5900
5997
6094
6191
6288
6385
6482
6579
6676
6773
6869
6966
7062
7159
7255
7352
7448
7544
7640
7737
7833
7929
8024
8120
8216
8312
8407
8503
8598
8694
8789
8884
8979
9074
9169
9264
9359
9453
9548
9643
9737
9831
9926
10020
10114
10208
10302
10395
10489
10583
10676
10770
10863
10956
11049
11142
11235
11328
11421
11513
11606
11698
11791
11883
11975
12067
12159
12250
12342
12433
12525
12616
12707
12798
12889
12980
13071
13161
13252
13342
13432
13522
13612
13702
13792
13882
13971
14060
14150
14239
14328
14417
14505
14594
14682
14770
14859
14947
15035
15122
15210
15297
15385
15472
15559
15646
15733
15819
15906
15992
16078
16164
16250
16336
16422
16507
16592
16677
16762
16847
16932
17016
17101
17185
17269
17353
17437
17520
17604
17687
17770
17853
17936
18019
18101
18183
18265
18347
18429
18511
18592
18673
18755
18836
18916
18997
19077
19158
19238
19318
19397
19477
19556
19635
19714
19793
19872
19950
20029
20107
20185
20262
20340
20417
20494
20571
20648
20725
20801
20877
20954
21029
21105
21181
21256
21331
21406
21480
21555
21629
21703
21777
21851
21924
21998
22071
22144
22216
22289
22361
22433
22505
22577
22648
22720
22791
22862
22932
23003
23073
23143
23213
23282
23352
23421
23490
23559
23627
23695
23763
23831
23899
23966
24034
24101
24167
24234
24300
24366
24432
24498
24563
24629
24694
24758
24823
24887
24951
25015
25079
25142
25206
25268
25331
25394
25456
25518
25580
25641
25703
25764
25825
25885
25946
26006
26066
26125
26185
26244
26303
26362
26420
26478
26536
26594
26652
26709
26766
26823
26879
26935
26991
27047
27103
27158
27213
27268
27323
27377
27431
27485
27538
27592
27645
27697
27750
27802
27854
27906
27958
28009
28060
28111
28161
28211
28261
28311
28361
28410
28459
28507
28556
28604
28652
28700
28747
28794
28841
28888
28934
28980
29026
29071
29117
29162
29207
29251
29295
29339
29383
29426
29469
29512
29555
29597
29639
29681
29723
29764
29805
29846
29886
29926
29966
30006
30045
30084
30123
30161
30200
30238
30275
30313
30350
30387
30423
30460
30496
30531
30567
30602
30637
30672
30706
30740
30774
30807
30841
30874
30906
30939
30971
31003
31034
31065
31096
31127
31158
31188
31218
31247
31276
31305
31334
31362
31391
31418
31446
31473
31500
31527
31553
31579
31605
31631
31656
31681
31706
31730
31754
31778
31801
31825
31848
31870
31893
31915
31936
31958
31979
32000
32021
32041
32061
32081
32100
32119
32138
32157
32175
32193
32211
32228
32245
32262
32278
32295
32310
32326
32341
32356
32371
32386
32400
32414
32427
32440
32453
32466
32478
32490
32502
32514
32525
32536
32546
32557
32567
32576
32586
32595
32603
32612
32620
32628
32636
32643
32650
32657
32663
32669
32675
32681
32686
32691
32695
32700
32704
32707
32711
32714
32717
32719
32722
32724
32725
32727
32728
32728
32729
32729
32729
32728
32728
32727
32725
32724
32722
32719
32717
32714
32711
32707
32704
32700
32695
32691
32686
32681
32675
32669
32663
32657
32650
32643
32636
32628
32620
32612
32603
32595
32586
32576
32567
32557
32546
32536
32525
32514
32502
32490
32478
32466
32453
32440
32427
32414
32400
32386
32371
32356
32341
32326
32310
32295
32278
32262
32245
32228
32211
32193
32175
32157
32138
32119
32100
32081
32061
32041
32021
32000
31979
31958
31936
31915
31893
31870
31848
31825
31801
31778
31754
31730
31706
31681
31656
31631
31605
31579
31553
31527
31500
31473
31446
31418
31391
31362
31334
31305
31276
31247
31218
31188
31158
31127
31096
31065
31034
31003
30971
30939
30906
30874
30841
30807
30774
30740
30706
30672
30637
30602
30567
30531
30496
30460
30423
30387
30350
30313
30275
30238
30200
30161
30123
30084
30045
30006
29966
29926
29886
29846
29805
29764
29723
29681
29639
29597
29555
29512
29469
29426
29383
29339
29295
29251
29207
29162
29117
29071
29026
28980
28934
28888
28841
28794
28747
28700
28652
28604
28556
28507
28459
28410
28361
28311
28261
28211
28161
28111
28060
28009
27958
27906
27854
27802
27750
27697
27645
27592
27538
27485
27431
27377
27323
27268
27213
27158
27103
27047
26991
26935
26879
26823
26766
26709
26652
26594
26536
26478
26420
26362
26303
26244
26185
26125
26066
26006
25946
25885
25825
25764
25703
25641
25580
25518
25456
25394
25331
25268
25206
25142
25079
25015
24951
24887
24823
24758
24694
24629
24563
24498
24432
24366
24300
24234
24167
24101
24034
23966
23899
23831
23763
23695
23627
23559
23490
23421
23352
23282
23213
23143
23073
23003
22932
22862
22791
22720
22648
22577
22505
22433
22361
22289
22216
22144
22071
21998
21924
21851
21777
21703
21629
21555
21480
21406
21331
21256
21181
21105
21029
20954
20877
20801
20725
20648
20571
20494
20417
20340
20262
20185
20107
20029
19950
19872
19793
19714
19635
19556
19477
19397
19318
19238
19158
19077
18997
18916
18836
18755
18673
18592
18511
18429
18347
18265
18183
18101
18019
17936
17853
17770
17687
17604
17520
17437
17353
17269
17185
17101
17016
16932
16847
16762
16677
16592
16507
16422
16336
16250
16164
16078
15992
15906
15819
15733
15646
15559
15472
15385
15297
15210
15122
15035
14947
14859
14770
14682
14594
14505
14417
14328
14239
14150
14060
13971
13882
13792
13702
13612
13522
13432
13342
13252
13161
13071
12980
12889
12798
12707
12616
12525
12433
12342
12250
12159
12067
11975
11883
11791
11698
11606
11513
11421
11328
11235
11142
11049
10956
10863
10770
10676
10583
10489
10395
10302
10208
10114
10020
9926
9831
9737
9643
9548
9453
9359
9264
9169
9074
8979
8884
8789
8694
8598
8503
8407
8312
8216
8120
8024
7929
7833
7737
7640
7544
7448
7352
7255
7159
7062
6966
6869
6773
6676
6579
6482
6385
6288
6191
6094
5997
5900
5802
5705
5608
5510
5413
5315
5218
5120
5022
4925
4827
4729
4631
4533
4435
4337
4239
4141
4043
3945
3847
3749
3650
3552
3454
3356
3257
3159
3060
2962
2863
2765
2666
2568
2469
2371
2272
2173
2075
1976
1877
1779
1680
1581
1482
1384
1285
1186
1087
989
890
791
692
593
494
395
297
198
99
0
-99
-198
-297
-395
-494
-593
-692
-791
-890
-989
-1087
-1186
-1285
-1384
-1482
-1581
-1680
-1779
-1877
-1976
-2075
-2173
-2272
-2371
-2469
-2568
-2666
-2765
-2863
-2962
-3060
-3159
-3257
-3356
-3454
-3552
-3650
-3749
-3847
-3945
-4043
-4141
-4239
-4337
-4435
-4533
-4631
-4729
-4827
-4925
-5022
-5120
-5218
-5315
-5413
-5510
-5608
-5705
-5802
-5900
-5997
-6094
-6191
-6288
-6385
-6482
-6579
-6676
-6773
-6869
-6966
-7062
-7159
-7255
-7352
-7448
-7544
-7640
-7737
-7833
-7929
-8024
-8120
-8216
-8312
-8407
-8503
-8598
-8694
-8789
-8884
-8979
-9074
-9169
-9264
-9359
-9453
-9548
-9643
-9737
-9831
-9926
-10020
-10114
-10208
-10302
-10395
-10489
-10583
-10676
-10770
-10863
-10956
-11049
-11142
-11235
-11328
-11421
-11513
-11606
-11698
-11791
-11883
-11975
-12067
-12159
-12250
-12342
-12433
-12525
-12616
-12707
-12798
-12889
-12980
-13071
-13161
-13252
-13342
-13432
-13522
-13612
-13702
-13792
-13882
-13971
-14060
-14150
-14239
-14328
-14417
-14505
-14594
-14682
-14770
-14859
-14947
-15035
-15122
-15210
-15297
-15385
-15472
-15559
-15646
-15733
-15819
-15906
-15992
-16078
-16164
-16250
-16336
-16422
-16507
-16592
-16677
-16762
-16847
-16932
-17016
-17101
-17185
-17269
-17353
-17437
-17520
-17604
-17687
-17770
-17853
-17936
-18019
-18101
-18183
-18265
-18347
-18429
-18511
-18592
-18673
-18755
-18836
-18916
-18997
-19077
-19158
-19238
-19318
-19397
-19477
-19556
-19635
-19714
-19793
-19872
-19950
-20029
-20107
-20185
-20262
-20340
-20417
-20494
-20571
-20648
-20725
-20801
-20877
-20954
-21029
-21105
-21181
-21256
-21331
-21406
-21480
-21555
-21629
-21703
-21777
-21851
-21924
-21998
-22071
-22144
-22216
-22289
-22361
-22433
-22505
-22577
-22648
-22720
-22791
-22862
-22932
-23003
-23073
-23143
-23213
-23282
-23352
-23421
-23490
-23559
-23627
-23695
-23763
-23831
-23899
-23966
-24034
-24101
-24167
-24234
-24300
-24366
-24432
-24498
-24563
-24629
-24694
-24758
-24823
-24887
-24951
-25015
-25079
-25142
-25206
-25268
-25331
-25394
-25456
-25518
-25580
-25641
-25703
-25764
-25825
-25885
-25946
-26006
-26066
-26125
-26185
-26244
-26303
-26362
-26420
-26478
-26536
-26594
-26652
-26709
-26766
-26823
-26879
-26935
-26991
-27047
-27103
-27158
-27213
-27268
-27323
-27377
-27431
-27485
-27538
-27592
-27645
-27697
-27750
-27802
-27854
-27906
-27958
-28009
-28060
-28111
-28161
-28211
-28261
-28311
-28361
-28410
-28459
-28507
-28556
-28604
-28652
-28700
-28747
-28794
-28841
-28888
-28934
-28980
-29026
-29071
-29117
-29162
-29207
-29251
-29295
-29339
-29383
-29426
-29469
-29512
-29555
-29597
-29639
-29681
-29723
-29764
-29805
-29846
-29886
-29926
-29966
-30006
-30045
-30084
-30123
-30161
-30200
-30238
-30275
-30313
-30350
-30387
-30423
-30460
-30496
-30531
-30567
-30602
-30637
-30672
-30706
-30740
-30774
-30807
-30841
-30874
-30906
-30939
-30971
-31003
-31034
-31065
-31096
-31127
-31158
-31188
-31218
-31247
-31276
-31305
-31334
-31362
-31391
-31418
-31446
-31473
-31500
-31527
-31553
-31579
-31605
-31631
-31656
-31681
-31706
-31730
-31754
-31778
-31801
-31825
-31848
-31870
-31893
-31915
-31936
-31958
-31979
-32000
-32021
-32041
-32061
-32081
-32100
-32119
-32138
-32157
-32175
-32193
-32211
-32228
-32245
-32262
-32278
-32295
-32310
-32326
-32341
-32356
-32371
-32386
-32400
-32414
-32427
-32440
-32453
-32466
-32478
-32490
-32502
-32514
-32525
-32536
-32546
-32557
-32567
-32576
-32586
-32595
-32603
-32612
-32620
-32628
-32636
-32643
-32650
-32657
-32663
-32669
-32675
-32681
-32686
-32691
-32695
-32700
-32704
-32707
-32711
-32714
-32717
-32719
-32722
-32724
-32725
-32727
-32728
-32728
-32729
-32729
-32729
-32728
-32728
-32727
-32725
-32724
-32722
-32719
-32717
-32714
-32711
-32707
-32704
-32700
-32695
-32691
-32686
-32681
-32675
-32669
-32663
-32657
-32650
-32643
-32636
-32628
-32620
-32612
-32603
-32595
-32586
-32576
-32567
-32557
-32546
-32536
-32525
-32514
-32502
-32490
-32478
-32466
-32453
-32440
-32427
-32414
-32400
-32386
-32371
-32356
-32341
-32326
-32310
-32295
-32278
-32262
-32245
-32228
-32211
-32193
-32175
-32157
-32138
-32119
-32100
-32081
-32061
-32041
-32021
-32000
-31979
-31958
-31936
-31915
-31893
-31870
-31848
-31825
-31801
-31778
-31754
-31730
-31706
-31681
-31656
-31631
-31605
-31579
-31553
-31527
-31500
-31473
-31446
-31418
-31391
-31362
-31334
-31305
-31276
-31247
-31218
-31188
-31158
-31127
-31096
-31065
-31034
-31003
-30971
-30939
-30906
-30874
-30841
-30807
-30774
-30740
-30706
-30672
-30637
-30602
-30567
-30531
-30496
-30460
-30423
-30387
-30350
-30313
-30275
-30238
-30200
-30161
-30123
-30084
-30045
-30006
-29966
-29926
-29886
-29846
-29805
-29764
-29723
-29681
-29639
-29597
-29555
-29512
-29469
-29426
-29383
-29339
-29295
-29251
-29207
-29162
-29117
-29071
-29026
-28980
-28934
-28888
-28841
-28794
-28747
-28700
-28652
-28604
-28556
-28507
-28459
-28410
-28361
-28311
-28261
-28211
-28161
-28111
-28060
-28009
-27958
-27906
-27854
-27802
-27750
-27697
-27645
-27592
-27538
-27485
-27431
-27377
-27323
-27268
-27213
-27158
-27103
-27047
-26991
-26935
-26879
-26823
-26766
-26709
-26652
-26594
-26536
-26478
-26420
-26362
-26303
-26244
-26185
-26125
-26066
-26006
-25946
-25885
-25825
-25764
-25703
-25641
-25580
-25518
-25456
-25394
-25331
-25268
-25206
-25142
-25079
-25015
-24951
-24887
-24823
-24758
-24694
-24629
-24563
-24498
-24432
-24366
-24300
-24234
-24167
-24101
-24034
-23966
-23899
-23831
-23763
-23695
-23627
-23559
-23490
-23421
-23352
-23282
-23213
-23143
-23073
-23003
-22932
-22862
-22791
-22720
-22648
-22577
-22505
-22433
-22361
-22289
-22216
-22144
-22071
-21998
-21924
-21851
-21777
-21703
-21629
-21555
-21480
-21406
-21331
-21256
-21181
-21105
-21029
-20954
-20877
-20801
-20725
-20648
-20571
-20494
-20417
-20340
-20262
-20185
-20107
-20029
-19950
-19872
-19793
-19714
-19635
-19556
-19477
-19397
-19318
-19238
-19158
-19077
-18997
-18916
-18836
-18755
-18673
-18592
-18511
-18429
-18347
-18265
-18183
-18101
-18019
-17936
-17853
-17770
-17687
-17604
-17520
-17437
-17353
-17269
-17185
-17101
-17016
-16932
-16847
-16762
-16677
-16592
-16507
-16422
-16336
-16250
-16164
-16078
-15992
-15906
-15819
-15733
-15646
-15559
-15472
-15385
-15297
-15210
-15122
-15035
-14947
-14859
-14770
-14682
-14594
-14505
-14417
-14328
-14239
-14150
-14060
-13971
-13882
-13792
-13702
-13612
-13522
-13432
-13342
-13252
-13161
-13071
-12980
-12889
-12798
-12707
-12616
-12525
-12433
-12342
-12250
-12159
-12067
-11975
-11883
-11791
-11698
-11606
-11513
-11421
-11328
-11235
-11142
-11049
-10956
-10863
-10770
-10676
-10583
-10489
-10395
-10302
-10208
-10114
-10020
-9926
-9831
-9737
-9643
-9548
-9453
-9359
-9264
-9169
-9074
-8979
-8884
-8789
-8694
-8598
-8503
-8407
-8312
-8216
-8120
-8024
-7929
-7833
-7737
-7640
-7544
-7448
-7352
-7255
-7159
-7062
-6966
-6869
-6773
-6676
-6579
-6482
-6385
-6288
-6191
-6094
-5997
-5900
-5802
-5705
-5608
-5510
-5413
-5315
-5218
-5120
-5022
-4925
-4827
-4729
-4631
-4533
-4435
-4337
-4239
-4141
-4043
-3945
-3847
-3749
-3650
-3552
-3454
-3356
-3257
-3159
-3060
-2962
-2863
-2765
-2666
-2568
-2469
-2371
-2272
-2173
-2075
-1976
-1877
-1779
-1680
-1581
-1482
-1384
-1285
-1186
-1087
-989
-890
-791
-692
-593
-494
-395
-297
-198
-99
0
99
198
297
395
494
593
692
791
890
989
1087
1186
1285
1384
1482
1581
1680
1779
1877
1976
2075
2173
2272
2371
2469
2568
2666
2765
2863
2962
3060
3159
3257
3356
3454
3552
3650
3749
3847
3945
4043
4141
4239
4337
4435
4533
4631
4729
4827
4925
5022
5120
5218
5315
5413
5510
5608
5705
5802
5900
5997
6094
6191
6288
6385
6482
6579
6676
6773
6869
6966
7062
7159
7255
7352
7448
7544
7640
7737
7833
7929
8024
8120
8216
8312
8407
8503
8598
8694
8789
8884
8979
9074
9169
9264
9359
9453
9548
9643
9737
9831
9926
10020
10114
10208
10302
10395
10489
10583
10676
10770
10863
10956
11049
11142
11235
11328
11421
11513
11606
11698
11791
11883
11975
12067
12159
12250
12342
12433
12525
12616
12707
12798
12889
12980
13071
13161
13252
13342
13432
13522
13612
13702
13792
13882
13971
14060
14150
14239
14328
14417
14505
14594
14682
14770
14859
14947
15035
15122
15210
15297
15385
15472
15559
15646
15733
15819
15906
15992
16078
16164
16250
16336
16422
16507
16592
16677
16762
16847
16932
17016
17101
17185
17269
17353
17437
17520
17604
17687
17770
17853
17936
18019
18101
18183
18265
18347
18429
18511
18592
18673
18755
18836
18916
18997
19077
19158
19238
19318
19397
19477
19556
19635
19714
19793
19872
19950
20029
20107
20185
20262
20340
20417
20494
20571
20648
20725
20801
20877
20954
21029
21105
21181
21256
21331
21406
21480
21555
21629
21703
21777
21851
21924
21998
22071
22144
22216
22289
22361
22433
22505
22577
22648
22720
22791
22862
22932
23003
23073
23143
23213
23282
23352
23421
23490
23559
23627
23695
23763
23831
23899
23966
24034
24101
24167
24234
24300
24366
24432
24498
24563
24629
24694
24758
24823
24887
24951
25015
25079
25142
25206
25268
25331
25394
25456
25518
25580
25641
25703
25764
25825
25885
25946
26006
26066
26125
26185
26244
26303
26362
26420
26478
26536
26594
26652
26709
26766
26823
26879
26935
26991
27047
27103
27158
27213
27268
27323
27377
27431
27485
27538
27592
27645
27697
27750
27802
27854
27906
27958
28009
28060
28111
28161
28211
28261
28311
28361
28410
28459
28507
28556
28604
28652
28700
28747
28794
28841
28888
28934
28980
29026
29071
29117
29162
29207
29251
29295
29339
29383
29426
29469
29512
29555
29597
29639
29681
29723
29764
29805
29846
29886
29926
29966
30006
30045
30084
30123
30161
30200
30238
30275
30313
30350
30387
30423
30460
30496
30531
30567
30602
30637
30672
30706
30740
30774
30807
30841
30874
30906
30939
30971
31003
31034
31065
31096
31127
31158
31188
31218
31247
31276
31305
31334
31362
31391
31418
31446
31473
31500
31527
31553
31579
31605
31631
31656
31681
31706
31730
31754
31778
31801
31825
31848
31870
31893
31915
31936
31958
31979
32000
32021
32041
32061
32081
32100
32119
32138
32157
32175
32193
32211
32228
32245
32262
32278
32295
32310
32326
32341
32356
32371
32386
32400
32414
32427
32440
32453
32466
32478
32490
32502
32514
32525
32536
32546
32557
32567
32576
32586
32595
32603
32612
32620
32628
32636
32643
32650
32657
32663
32669
32675
32681
32686
32691
32695
32700
32704
32707
32711
32714
32717
32719
32722
32724
32725
32727
32728
32728
32729
32729
32729
32728
32728
32727
32725
32724
32722
32719
32717
32714
32711
32707
32704
32700
32695
32691
32686
32681
32675
32669
32663
32657
32650
32643
32636
32628
32620
32612
32603
32595
32586
32576
32567
32557
32546
32536
32525
32514
32502
32490
32478
32466
32453
32440
32427
32414
32400
32386
32371
32356
32341
32326
32310
32295
32278
32262
32245
32228
32211
32193
32175
32157
32138
32119
32100
32081
32061
32041
32021
32000
31979
31958
31936
31915
31893
31870
31848
31825
31801
31778
31754
31730
31706
31681
31656
31631
31605
31579
31553
31527
31500
31473
31446
31418
31391
31362
31334
31305
31276
31247
31218
31188
31158
31127
31096
31065
31034
31003
30971
30939
30906
30874
30841
30807
30774
30740
30706
30672
30637
30602
30567
30531
30496
30460
30423
30387
30350
30313
30275
30238
30200
30161
30123
30084
30045
30006
29966
29926
29886
29846
29805
29764
29723
29681
29639
29597
29555
29512
29469
29426
29383
29339
29295
29251
29207
29162
29117
29071
29026
28980
28934
28888
28841
28794
28747
28700
28652
28604
28556
28507
28459
28410
28361
28311
28261
28211
28161
28111
28060
28009
27958
27906
27854
27802
27750
27697
27645
27592
27538
27485
27431
27377
27323
27268
27213
27158
27103
27047
26991
26935
26879
26823
26766
26709
26652
26594
26536
26478
26420
26362
26303
26244
26185
26125
26066
26006
25946
25885
25825
25764
25703
25641
25580
25518
25456
25394
25331
25268
25206
25142
25079
25015
24951
24887
24823
24758
24694
24629
24563
24498
24432
24366
24300
24234
24167
24101
24034
23966
23899
23831
23763
23695
23627
23559
23490
23421
23352
23282
23213
23143
23073
23003
22932
22862
22791
22720
22648
22577
22505
22433
22361
22289
22216
22144
22071
21998
21924
21851
21777
21703
21629
21555
21480
21406
21331
21256
21181
21105
21029
20954
20877
20801
20725
20648
20571
20494
20417
20340
20262
20185
20107
20029
19950
19872
19793
19714
19635
19556
19477
19397
19318
19238
19158
19077
18997
18916
18836
18755
18673
18592
18511
18429
18347
18265
18183
18101
18019
17936
17853
17770
17687
17604
17520
17437
17353
17269
17185
17101
17016
16932
16847
16762
16677
16592
16507
16422
16336
16250
16164
16078
15992
15906
15819
15733
15646
15559
15472
15385
15297
15210
15122
15035
14947
14859
14770
14682
14594
14505
14417
14328
14239
14150
14060
13971
13882
13792
13702
13612
13522
13432
13342
13252
13161
13071
12980
12889
12798
12707
12616
12525
12433
12342
12250
12159
12067
11975
11883
11791
11698
11606
11513
11421
11328
11235
11142
11049
10956
10863
10770
10676
10583
10489
10395
10302
10208
10114
10020
9926
9831
9737
9643
9548
9453
9359
9264
9169
9074
8979
8884
8789
8694
8598
8503
8407
8312
8216
8120
8024
7929
7833
7737
7640
7544
7448
7352
7255
7159
7062
6966
6869
6773
6676
6579
6482
6385
6288
6191
6094
5997
5900
5802
5705
5608
5510
5413
5315
5218
5120
5022
4925
4827
4729
4631
4533
4435
4337
4239
4141
4043
3945
3847
3749
3650
3552
3454
3356
3257
3159
3060
2962
2863
2765
2666
2568
2469
2371
2272
2173
2075
1976
1877
1779
1680
1581
1482
1384
1285
1186
1087
989
890
791
692
593
494
395
297
198
99
0
-99
-198
-297
-395
-494
-593
-692
-791
-890
-989
-1087
-1186
-1285
-1384
-1482
-1581
-1680
-1779
-1877
-1976
-2075
-2173
-2272
-2371
-2469
-2568
-2666
-2765
-2863
-2962
-3060
-3159
-3257
-3356
-3454
-3552
-3650
-3749
-3847
-3945
-4043
-4141
-4239
-4337
-4435
-4533
-4631
-4729
-4827
-4925
-5022
-5120
-5218
-5315
-5413
-5510
-5608
-5705
-5802
-5900
-5997
-6094
-6191
-6288
-6385
-6482
-6579
-6676
-6773
-6869
-6966
-7062
-7159
-7255
-7352
-7448
-7544
-7640
-7737
-7833
-7929
-8024
-8120
-8216
-8312
-8407
-8503
-8598
-8694
-8789
-8884
-8979
-9074
-9169
-9264
-9359
-9453
-9548
-9643
-9737
-9831
-9926
-10020
-10114
-10208
-10302
-10395
-10489
-10583
-10676
-10770
-10863
-10956
-11049
-11142
-11235
-11328
-11421
-11513
-11606
-11698
-11791
-11883
-11975
-12067
-12159
-12250
-12342
-12433
-12525
-12616
-12707
-12798
-12889
-12980
-13071
-13161
-13252
-13342
-13432
-13522
-13612
-13702
-13792
-13882
-13971
-14060
-14150
-14239
-14328
-14417
-14505
-14594
-14682
-14770
-14859
-14947
-15035
-15122
-15210
-15297
-15385
-15472
-15559
-15646
-15733
-15819
-15906
-15992
-16078
-16164
-16250
-16336
-16422
-16507
-16592
-16677
-16762
-16847
-16932
-17016
-17101
-17185
-17269
-17353
-17437
-17520
-17604
-17687
-17770
-17853
-17936
-18019
-18101
-18183
-18265
-18347
-18429
-18511
-18592
-18673
-18755
-18836
-18916
-18997
-19077
-19158
-19238
-19318
-19397
-19477
-19556
-19635
-19714
-19793
-19872
-19950
-20029
-20107
-20185
-20262
-20340
-20417
-20494
-20571
-20648
-20725
-20801
-20877
-20954
-21029
-21105
-21181
-21256
-21331
-21406
-21480
-21555
-21629
-21703
-21777
-21851
-21924
-21998
-22071
-22144
-22216
-22289
-22361
-22433
-22505
-22577
-22648
-22720
-22791
-22862
-22932
-23003
-23073
-23143
-23213
-23282
-23352
-23421
-23490
-23559
-23627
-23695
-23763
-23831
-23899
-23966
-24034
-24101
-24167
-24234
-24300
-24366
-24432
-24498
-24563
-24629
-24694
-24758
-24823
-24887
-24951
-25015
-25079
-25142
-25206
-25268
-25331
-25394
-25456
-25518
-25580
-25641
-25703
-25764
-25825
-25885
-25946
-26006
-26066
-26125
-26185
-26244
-26303
-26362
-26420
-26478
-26536
-26594
-26652
-26709
-26766
-26823
-26879
-26935
-26991
-27047
-27103
-27158
-27213
-27268
-27323
-27377
-27431
-27485
-27538
-27592
-27645
-27697
-27750
-27802
-27854
-27906
-27958
-28009
-28060
-28111
-28161
-28211
-28261
-28311
-28361
-28410
-28459
-28507
-28556
-28604
-28652
-28700
-28747
-28794
-28841
-28888
-28934
-28980
-29026
-29071
-29117
-29162
-29207
-29251
-29295
-29339
-29383
-29426
-29469
-29512
-29555
-29597
-29639
-29681
-29723
-29764
-29805
-29846
-29886
-29926
-29966
-30006
-30045
-30084
-30123
-30161
-30200
-30238
-30275
-30313
-30350
-30387
-30423
-30460
-30496
-30531
-30567
-30602
-30637
-30672
-30706
-30740
-30774
-30807
-30841
-30874
-30906
-30939
-30971
-31003
-31034
-31065
-31096
-31127
-31158
-31188
-31218
-31247
-31276
-31305
-31334
-31362
-31391
-31418
-31446
-31473
-31500
-31527
-31553
-31579
-31605
-31631
-31656
-31681
-31706
-31730
-31754
-31778
-31801
-31825
-31848
-31870
-31893
-31915
-31936
-31958
-31979
-32000
-32021
-32041
-32061
-32081
-32100
-32119
-32138
-32157
-32175
-32193
-32211
-32228
-32245
-32262
-32278
-32295
-32310
-32326
-32341
-32356
-32371
-32386
-32400
-32414
-32427
-32440
-32453
-32466
-32478
-32490
-32502
-32514
-32525
-32536
-32546
-32557
-32567
-32576
-32586
-32595
-32603
-32612
-32620
-32628
-32636
-32643
-32650
-32657
-32663
-32669
-32675
-32681
-32686
-32691
-32695
-32700
-32704
-32707
-32711
-32714
-32717
-32719
-32722
-32724
-32725
-32727
-32728
-32728
-32729
-32729
-32729
-32728
-32728
-32727
-32725
-32724
-32722
-32719
-32717
-32714
-32711
-32707
-32704
-32700
-32695
-32691
-32686
-32681
-32675
-32669
-32663
-32657
-32650
-32643
-32636
-32628
-32620
-32612
-32603
-32595
-32586
-32576
-32567
-32557
-32546
-32536
-32525
-32514
-32502
-32490
-32478
-32466
-32453
-32440
-32427
-32414
-32400
-32386
-32371
-32356
-32341
-32326
-32310
-32295
-32278
-32262
-32245
-32228
-32211
-32193
-32175
-32157
-32138
-32119
-32100
-32081
-32061
-32041
-32021
-32000
-31979
-31958
-31936
-31915
-31893
-31870
-31848
-31825
-31801
-31778
-31754
-31730
-31706
-31681
-31656
-31631
-31605
-31579
-31553
-31527
-31500
-31473
-31446
-31418
-31391
-31362
-31334
-31305
-31276
-31247
-31218
-31188
-31158
-31127
-31096
-31065
-31034
-31003
-30971
-30939
-30906
-30874
-30841
-30807
-30774
-30740
-30706
-30672
-30637
-30602
-30567
-30531
-30496
-30460
-30423
-30387
-30350
-30313
-30275
-30238
-30200
-30161
-30123
-30084
-30045
-30006
-29966
-29926
-29886
-29846
-29805
-29764
-29723
-29681
-29639
-29597
-29555
-29512
-29469
-29426
-29383
-29339
-29295
-29251
-29207
-29162
-29117
-29071
-29026
-28980
-28934
-28888
-28841
-28794
-28747
-28700
-28652
-28604
-28556
-28507
-28459
-28410
-28361
-28311
-28261
-28211
-28161
-28111
-28060
-28009
-27958
-27906
-27854
-27802
-27750
-27697
-27645
-27592
-27538
-27485
-27431
-27377
-27323
-27268
-27213
-27158
-27103
-27047
-26991
-26935
-26879
-26823
-26766
-26709
-26652
-26594
-26536
-26478
-26420
-26362
-26303
-26244
-26185
-26125
-26066
-26006
-25946
-25885
-25825
-25764
-25703
-25641
-25580
-25518
-25456
-25394
-25331
-25268
-25206
-25142
-25079
-25015
-24951
-24887
-24823
-24758
-24694
-24629
-24563
-24498
-24432
-24366
-24300
-24234
-24167
-24101
-24034
-23966
-23899
-23831
-23763
-23695
-23627
-23559
-23490
-23421
-23352
-23282
-23213
-23143
-23073
-23003
-22932
-22862
-22791
-22720
-22648
-22577
-22505
-22433
-22361
-22289
-22216
-22144
-22071
-21998
-21924
-21851
-21777
-21703
-21629
-21555
-21480
-21406
-21331
-21256
-21181
-21105
-21029
-20954
-20877
-20801
-20725
-20648
-20571
-20494
-20417
-20340
-20262
-20185
-20107
-20029
-19950
-19872
-19793
-19714
-19635
-19556
-19477
-19397
-19318
-19238
-19158
-19077
-18997
-18916
-18836
-18755
-18673
-18592
-18511
-18429
-18347
-18265
-18183
-18101
-18019
-17936
-17853
-17770
-17687
-17604
-17520
-17437
-17353
-17269
-17185
-17101
-17016
-16932
-16847
-16762
-16677
-16592
-16507
-16422
-16336
-16250
-16164
-16078
-15992
-15906
-15819
-15733
-15646
-15559
-15472
-15385
-15297
-15210
-15122
-15035
-14947
-14859
-14770
-14682
-14594
-14505
-14417
-14328
-14239
-14150
-14060
-13971
-13882
-13792
-13702
-13612
-13522
-13432
-13342
-13252
-13161
-13071
-12980
-12889
-12798
-12707
-12616
-12525
-12433
-12342
-12250
-12159
-12067
-11975
-11883
-11791
-11698
-11606
-11513
-11421
-11328
-11235
-11142
-11049
-10956
-10863
-10770
-10676
-10583
-10489
-10395
-10302
-10208
-10114
-10020
-9926
-9831
-9737
-9643
-9548
-9453
-9359
-9264
-9169
-9074
-8979
-8884
-8789
-8694
-8598
-8503
-8407
-8312
-8216
-8120
-8024
-7929
-7833
-7737
-7640
-7544
-7448
-7352
-7255
-7159
-7062
-6966
-6869
-6773
-6676
-6579
-6482
-6385
-6288
-6191
-6094
-5997
-5900
-5802
-5705
-5608
-5510
-5413
-5315
-5218
-5120
-5022
-4925
-4827
-4729
-4631
-4533
-4435
-4337
-4239
-4141
-4043
-3945
-3847
-3749
-3650
-3552
-3454
-3356
-3257
-3159
-3060
-2962
-2863
-2765
-2666
-2568
-2469
-2371
-2272
-2173
-2075
-1976
-1877
-1779
-1680
-1581
-1482
-1384
-1285
-1186
-1087
-989
-890
-791
-692
-593
-494
-395
-297
-198
-99
0
99
198
297
395
494
593
692
791
890
989
1087
1186
1285
1384
1482
1581
1680
1779
1877
1976
2075
2173
2272
2371
2469
2568
2666
2765
2863
2962
3060
3159
3257
3356
3454
3552
3650
3749
3847
3945
4043
4141
4239
4337
4435
4533
4631
4729
4827
4925
5022
5120
5218
5315
5413
5510
5608
5705
5802
5900
5997
6094
6191
6288
6385
6482
6579
6676
6773
6869
6966
7062
7159
7255
7352
7448
7544
7640
7737
7833
7929
8024
8120
8216
8312
8407
8503
8598
8694
8789
8884
8979
9074
9169
9264
9359
9453
9548
9643
9737
9831
9926
10020
10114
10208
10302
10395
10489
10583
10676
10770
10863
10956
11049
11142
11235
11328
11421
11513
11606
11698
11791
11883
11975
12067
12159
12250
12342
12433
12525
12616
12707
12798
12889
12980
13071
13161
13252
13342
13432
13522
13612
13702
13792
13882
13971
14060
14150
14239
14328
14417
14505
14594
14682
14770
14859
14947
15035
15122
15210
15297
15385
15472
15559
15646
15733
15819
15906
15992
16078
16164
16250
16336
16422
16507
16592
16677
16762
16847
16932
17016
17101
17185
17269
17353
17437
17520
17604
17687
17770
17853
17936
18019
18101
18183
18265
18347
18429
18511
18592
18673
18755
18836
18916
18997
19077
19158
19238
19318
19397
19477
19556
19635
19714
19793
19872
19950
20029
20107
20185
20262
20340
20417
20494
20571
20648
20725
20801
20877
20954
21029
21105
21181
21256
21331
21406
21480
21555
21629
21703
21777
21851
21924
21998
22071
22144
22216
22289
22361
22433
22505
22577
22648
22720
22791
22862
22932
23003
23073
23143
23213
23282
23352
23421
23490
23559
23627
23695
23763
23831
23899
23966
24034
24101
24167
24234
24300
24366
24432
24498
24563
24629
24694
24758
24823
24887
24951
25015
25079
25142
25206
25268
25331
25394
25456
25518
25580
25641
25703
25764
25825
25885
25946
26006
26066
26125
26185
26244
26303
26362
26420
26478
26536
26594
26652
26709
26766
26823
26879
26935
26991
27047
27103
27158
27213
27268
27323
27377
27431
27485
27538
27592
27645
27697
27750
27802
27854
27906
27958
28009
28060
28111
28161
28211
28261
28311
28361
28410
28459
28507
28556
28604
28652
28700
28747
28794
28841
28888
28934
28980
29026
29071
29117
29162
29207
29251
29295
29339
29383
29426
29469
29512
29555
29597
29639
29681
29723
29764
29805
29846
29886
29926
29966
30006
30045
30084
30123
30161
30200
30238
30275
30313
30350
30387
30423
30460
30496
30531
30567
30602
30637
30672
30706
30740
30774
30807
30841
30874
30906
30939
30971
31003
31034
31065
31096
31127
31158
31188
31218
31247
31276
31305
31334
31362
31391
31418
31446
31473
31500
31527
31553
31579
31605
31631
31656
31681
31706
31730
31754
31778
31801
31825
31848
31870
31893
31915
31936
31958
31979
32000
32021
32041
32061
32081
32100
32119
32138
32157
32175
32193
32211
32228
32245
32262
32278
32295
32310
32326
32341
32356
32371
32386
32400
32414
32427
32440
32453
32466
32478
32490
32502
32514
32525
32536
32546
32557
32567
32576
32586
32595
32603
32612
32620
32628
32636
32643
32650
32657
32663
32669
32675
32681
32686
32691
32695
32700
32704
32707
32711
32714
32717
32719
32722
32724
32725
32727
32728
32728
32729
