0
7592
13456
16256
15355
10957
4065
-3753
-10716
-15240
-16293
-13637
-7876
-322
7306
13270
16213
15464
11194
4376
-3439
-10471
-15118
-16324
-13813
-8157
-643
7017
13079
16163
15567
11427
4685
-3124
-10221
-14991
-16348
-13983
-8434
-965
6724
12882
16107
15665
11655
4992
-2807
-9968
-14859
-16367
-14148
-8708
-1286
6430
12681
16045
15756
11879
5298
-2490
-9711
-14720
-16379
-14308
-8979
-1606
6133
12475
15977
15841
12099
5601
-2171
-9450
-14576
-16384
-14462
-9246
-1926
5833
12264
15903
15920
12313
5903
-1852
-9185
-14427
-16383
-14610
-9510
-2245
5531
12048
15822
15993
12523
6201
-1532
-8917
-14271
-16376
-14753
-9770
-2563
5228
11828
15735
16060
12728
6498
-1211
-8645
-14110
-16363
-14890
-10027
-2880
4922
11603
15643
16121
12928
6792
-890
-8370
-13944
-16343
-15021
-10279
-3196
4614
11374
15544
16175
13123
7084
-569
-8092
-13773
-16317
-15147
-10528
-3511
4304
11140
15439
16223
13313
7372
-247
-7811
-13596
-16285
-15267
-10772
-3825
3993
10902
15329
16265
13498
7658
74
-7527
-13414
-16247
-15380
-11012
-4137
3680
10660
15212
16301
13678
7941
396
-7239
-13226
-16202
-15488
-11248
-4447
3366
10413
15090
16330
13853
8221
717
-6949
-13034
-16151
-15590
-11480
-4756
3051
10163
14961
16353
14022
8498
1039
-6657
-12836
-16093
-15686
-11708
-5063
2734
9909
14827
16370
14185
8771
1360
-6361
-12634
-16030
-15776
-11930
-5368
2416
9651
14688
16380
14344
9041
1680
-6064
-12427
-15960
-15860
-12149
-5671
2098
9389
14542
16385
14496
9308
2000
-5764
-12215
-15885
-15938
-12362
-5972
1778
9123
14391
16382
14643
9570
2318
-5462
-11998
-15803
-16009
-12571
-6270
1458
8854
14235
16374
14785
9830
2636
-5157
-11777
-15715
-16075
-12775
-6566
1137
8582
14073
16359
14921
10085
2953
-4851
-11551
-15621
-16134
-12974
-6860
816
8306
13905
16338
15051
10337
3269
-4543
-11320
-15520
-16187
-13168
-7150
495
8027
13732
16311
15175
10584
3584
-4233
-11086
-15414
-16233
-13357
-7438
173
7745
13554
16277
15293
10828
3897
-3921
-10846
-15302
-16274
-13540
-7724
-148
7461
13371
16237
15406
11067
4209
-3608
-10603
-15184
-16308
-13719
-8006
-470
7173
13182
16191
15512
11302
4519
-3294
-10356
-15061
-16336
-13892
-8285
-792
6882
12989
16138
15613
11533
4827
-2978
-10105
-14931
-16358
-14060
-8561
-1113
6589
12790
16079
15708
11759
5134
-2661
-9850
-14796
-16373
-14222
-8834
-1433
6293
12587
16014
15796
11981
5438
-2343
-9591
-14655
-16382
-14379
-9103
-1754
5995
12378
15943
15878
12198
5741
-2024
-9328
-14508
-16385
-14531
-9369
-2073
5694
12165
15866
15955
12411
6041
-1704
-9062
-14356
-16381
-14677
-9631
-2392
5391
11947
15783
16025
12618
6339
-1384
-8792
-14198
-16371
-14817
-9889
-2710
5087
11725
15693
16089
12821
6634
-1063
-8519
-14034
-16355
-14951
-10144
-3026
4780
11498
15598
16147
13019
6927
-742
-8242
-13866
-16332
-15080
-10394
-3342
4471
11266
15496
16198
13212
7217
-421
-7963
-13692
-16303
-15203
-10641
-3656
4161
11031
15389
16243
13399
7505
-99
-7680
-13512
-16268
-15320
-10884
-3969
3849
10791
15276
16282
13582
7789
223
-7394
-13328
-16227
-15431
-11122
-4280
3536
10547
15156
16315
13759
8071
544
-7106
-13138
-16179
-15536
-11356
-4590
3221
10298
15031
16342
13931
8349
866
-6815
-12943
-16125
-15635
-11586
-4898
2905
10046
14900
16362
14098
8624
1187
-6521
-12744
-16065
-15729
-11811
-5204
2588
9790
14764
16376
14259
8896
1507
-6224
-12539
-15999
-15816
-12032
-5508
2269
9530
14621
16383
14415
9164
1827
-5926
-12329
-15926
-15897
-12248
-5810
1950
9267
14473
16384
14565
9429
2147
-5625
-12115
-15847
-15971
-12459
-6110
1631
9000
14320
16379
14709
9691
2465
-5321
-11896
-15763
-16040
-12665
-6407
1310
8729
14161
16368
14848
9948
2783
-5016
-11673
-15672
-16103
-12867
-6702
989
8455
13996
16350
14981
10202
3099
-4709
-11445
-15575
-16159
-13064
-6994
668
8178
13826
16326
15109
10452
3415
-4400
-11212
-15472
-16209
-13255
-7284
346
7898
13651
16296
15230
10697
3729
-4089
-10976
-15363
-16253
-13442
-7570
25
7614
13470
16259
15346
10939
4041
-3777
-10735
-15249
-16291
-13623
-7854
-297
7328
13284
16216
15456
11176
4352
-3463
-10490
-15128
-16322
-13799
-8135
-619
7039
13094
16167
15560
11409
4661
-3148
-10241
-15001
-16347
-13970
-8413
-940
6747
12898
16112
15657
11638
4969
-2832
-9987
-14869
-16365
-14136
-8687
-1261
6453
12697
16050
15749
11862
5274
-2514
-9730
-14731
-16378
-14296
-8958
-1581
6156
12491
15982
15835
12082
5578
-2196
-9470
-14588
-16384
-14450
-9226
-1901
5856
12280
15909
15914
12297
5879
-1877
-9205
-14438
-16384
-14599
-9490
-2220
5555
12065
15828
15988
12507
6179
-1557
-8938
-14283
-16377
-14742
-9750
-2539
5251
11845
15742
16055
12712
6475
-1236
-8666
-14123
-16364
-14880
-10007
-2856
4945
11621
15650
16116
12913
6770
-915
-8392
-13957
-16345
-15011
-10260
-3172
4638
11392
15552
16171
13108
7061
-594
-8114
-13786
-16320
-15137
-10509
-3487
4328
11158
15448
16220
13299
7350
-272
-7833
-13610
-16288
-15258
-10753
-3801
4017
10920
15337
16262
13484
7636
49
-7549
-13428
-16250
-15372
-10994
-4113
3704
10679
15221
16298
13664
7919
371
-7262
-13241
-16205
-15480
-11230
-4424
3390
10433
15099
16328
13839
8199
693
-6972
-13049
-16155
-15583
-11463
-4733
3075
10182
14971
16352
14009
8476
1014
-6679
-12852
-16098
-15679
-11690
-5040
2758
9928
14838
16369
14173
8750
1335
-6384
-12650
-16035
-15769
-11913
-5345
2441
9671
14699
16380
14332
9020
1655
-6087
-12443
-15966
-15854
-12132
-5648
2122
9409
14554
16384
14485
9287
1975
-5787
-12231
-15891
-15932
-12346
-5949
1803
9144
14403
16383
14632
9550
2294
-5485
-12015
-15809
-16004
-12555
-6247
1483
8875
14247
16375
14774
9810
2612
-5181
-11794
-15722
-16070
-12759
-6543
1162
8603
14085
16360
14911
10066
2929
-4874
-11568
-15628
-16129
-12959
-6837
841
8328
13918
16340
15041
10318
3245
-4566
-11338
-15528
-16183
-13153
-7128
520
8049
13746
16313
15166
10566
3560
-4257
-11104
-15423
-16230
-13342
-7416
198
7767
13568
16280
15285
10809
3873
-3945
-10865
-15311
-16271
-13526
-7702
-124
7483
13385
16240
15397
11049
4185
-3632
-10622
-15194
-16306
-13705
-7984
-445
7195
13197
16194
15504
11284
4495
-3318
-10375
-15070
-16334
-13879
-8264
-767
6905
13004
16142
15605
11515
4804
-3002
-10124
-14941
-16356
-14047
-8540
-1088
6611
12806
16084
15701
11742
5110
-2685
-9869
-14806
-16372
-14210
-8813
-1409
6316
12602
16020
15789
11964
5415
-2367
-9611
-14666
-16381
-14367
-9082
-1729
6018
12394
15949
15872
12182
5717
-2049
-9348
-14519
-16385
-14519
-9348
-2049
5717
12182
15872
15949
12394
6018
-1729
-9082
-14367
-16381
-14666
-9611
-2367
5415
11964
15789
16020
12602
6316
-1409
-8813
-14210
-16372
-14806
-9869
-2685
5110
11742
15701
16084
12806
6611
-1088
-8540
-14047
-16356
-14941
-10124
-3002
4804
11515
15605
16142
13004
6905
-767
-8264
-13879
-16334
-15070
-10375
-3318
4495
11284
15504
16194
13197
7195
-445
-7984
-13705
-16306
-15194
-10622
-3632
4185
11049
15397
16240
13385
7483
-124
-7702
-13526
-16271
-15311
-10865
-3945
3873
10809
15285
16280
13568
7767
198
-7416
-13342
-16230
-15423
-11104
-4257
3560
10566
15166
16313
13746
8049
520
-7128
-13153
-16183
-15528
-11338
-4566
3245
10318
15041
16340
13918
8328
841
-6837
-12959
-16129
-15628
-11568
-4874
2929
10066
14911
16360
14085
8603
1162
-6543
-12759
-16070
-15722
-11794
-5181
2612
9810
14774
16375
14247
8875
1483
-6247
-12555
-16004
-15809
-12015
-5485
2294
9550
14632
16383
14403
9144
1803
-5949
-12346
-15932
-15891
-12231
-5787
1975
9287
14485
16384
14554
9409
2122
-5648
-12132
-15854
-15966
-12443
-6087
1655
9020
14332
16380
14699
9671
2441
-5345
-11913
-15769
-16035
-12650
-6384
1335
8750
14173
16369
14838
9928
2758
-5040
-11690
-15679
-16098
-12852
-6679
1014
8476
14009
16352
14971
10182
3075
-4733
-11463
-15583
-16155
-13049
-6972
693
8199
13839
16328
15099
10433
3390
-4424
-11230
-15480
-16205
-13241
-7262
371
7919
13664
16298
15221
10679
3704
-4113
-10994
-15372
-16250
-13428
-7549
49
7636
13484
16262
15337
10920
4017
-3801
-10753
-15258
-16288
-13610
-7833
-272
7350
13299
16220
15448
11158
4328
-3487
-10509
-15137
-16320
-13786
-8114
-594
7061
13108
16171
15552
11392
4638
-3172
-10260
-15011
-16345
-13957
-8392
-915
6770
12913
16116
15650
11621
4945
-2856
-10007
-14880
-16364
-14123
-8666
-1236
6475
12712
16055
15742
11845
5251
-2539
-9750
-14742
-16377
-14283
-8938
-1557
6179
12507
15988
15828
12065
5555
-2220
-9490
-14599
-16384
-14438
-9205
-1877
5879
12297
15914
15909
12280
5856
-1901
-9226
-14450
-16384
-14588
-9470
-2196
5578
12082
15835
15982
12491
6156
-1581
-8958
-14296
-16378
-14731
-9730
-2514
5274
11862
15749
16050
12697
6453
-1261
-8687
-14136
-16365
-14869
-9987
-2832
4969
11638
15657
16112
12898
6747
-940
-8413
-13970
-16347
-15001
-10241
-3148
4661
11409
15560
16167
13094
7039
-619
-8135
-13799
-16322
-15128
-10490
-3463
4352
11176
15456
16216
13284
7328
-297
-7854
-13623
-16291
-15249
-10735
-3777
4041
10939
15346
16259
13470
7614
25
-7570
-13442
-16253
-15363
-10976
-4089
3729
10697
15230
16296
13651
7898
346
-7284
-13255
-16209
-15472
-11212
-4400
3415
10452
15109
16326
13826
8178
668
-6994
-13064
-16159
-15575
-11445
-4709
3099
10202
14981
16350
13996
8455
989
-6702
-12867
-16103
-15672
-11673
-5016
2783
9948
14848
16368
14161
8729
1310
-6407
-12665
-16040
-15763
-11896
-5321
2465
9691
14709
16379
14320
9000
1631
-6110
-12459
-15971
-15847
-12115
-5625
2147
9429
14565
16384
14473
9267
1950
-5810
-12248
-15897
-15926
-12329
-5926
1827
9164
14415
16383
14621
9530
2269
-5508
-12032
-15816
-15999
-12539
-6224
1507
8896
14259
16376
14764
9790
2588
-5204
-11811
-15729
-16065
-12744
-6521
1187
8624
14098
16362
14900
10046
2905
-4898
-11586
-15635
-16125
-12943
-6815
866
8349
13931
16342
15031
10298
3221
-4590
-11356
-15536
-16179
-13138
-7106
544
8071
13759
16315
15156
10547
3536
-4280
-11122
-15431
-16227
-13328
-7394
223
7789
13582
16282
15276
10791
3849
-3969
-10884
-15320
-16268
-13512
-7680
-99
7505
13399
16243
15389
11031
4161
-3656
-10641
-15203
-16303
-13692
-7963
-421
7217
13212
16198
15496
11266
4471
-3342
-10394
-15080
-16332
-13866
-8242
-742
6927
13019
16147
15598
11498
4780
-3026
-10144
-14951
-16355
-14034
-8519
-1063
6634
12821
16089
15693
11725
5087
-2710
-9889
-14817
-16371
-14198
-8792
-1384
6339
12618
16025
15783
11947
5391
-2392
-9631
-14677
-16381
-14356
-9062
-1704
6041
12411
15955
15866
12165
5694
-2073
-9369
-14531
-16385
-14508
-9328
-2024
5741
12198
15878
15943
12378
5995
-1754
-9103
-14379
-16382
-14655
-9591
-2343
5438
11981
15796
16014
12587
6293
-1433
-8834
-14222
-16373
-14796
-9850
-2661
5134
11759
15708
16079
12790
6589
-1113
-8561
-14060
-16358
-14931
-10105
-2978
4827
11533
15613
16138
12989
6882
-792
-8285
-13892
-16336
-15061
-10356
-3294
4519
11302
15512
16191
13182
7173
-470
-8006
-13719
-16308
-15184
-10603
-3608
4209
11067
15406
16237
13371
7461
-148
-7724
-13540
-16274
-15302
-10846
-3921
3897
10828
15293
16277
13554
7745
173
-7438
-13357
-16233
-15414
-11086
-4233
3584
10584
15175
16311
13732
8027
495
-7150
-13168
-16187
-15520
-11320
-4543
3269
10337
15051
16338
13905
8306
816
-6860
-12974
-16134
-15621
-11551
-4851
2953
10085
14921
16359
14073
8582
1137
-6566
-12775
-16075
-15715
-11777
-5157
2636
9830
14785
16374
14235
8854
1458
-6270
-12571
-16009
-15803
-11998
-5462
2318
9570
14643
16382
14391
9123
1778
-5972
-12362
-15938
-15885
-12215
-5764
2000
9308
14496
16385
14542
9389
2098
-5671
-12149
-15860
-15960
-12427
-6064
1680
9041
14344
16380
14688
9651
2416
-5368
-11930
-15776
-16030
-12634
-6361
1360
8771
14185
16370
14827
9909
2734
-5063
-11708
-15686
-16093
-12836
-6657
1039
8498
14022
16353
14961
10163
3051
-4756
-11480
-15590
-16151
-13034
-6949
717
8221
13853
16330
15090
10413
3366
-4447
-11248
-15488
-16202
-13226
-7239
396
7941
13678
16301
15212
10660
3680
-4137
-11012
-15380
-16247
-13414
-7527
74
7658
13498
16265
15329
10902
3993
-3825
-10772
-15267
-16285
-13596
-7811
-247
7372
13313
16223
15439
11140
4304
-3511
-10528
-15147
-16317
-13773
-8092
-569
7084
13123
16175
15544
11374
4614
-3196
-10279
-15021
-16343
-13944
-8370
-890
6792
12928
16121
15643
11603
4922
-2880
-10027
-14890
-16363
-14110
-8645
-1211
6498
12728
16060
15735
11828
5228
-2563
-9770
-14753
-16376
-14271
-8917
-1532
6201
12523
15993
15822
12048
5531
-2245
-9510
-14610
-16383
-14427
-9185
-1852
5903
12313
15920
15903
12264
5833
-1926
-9246
-14462
-16384
-14576
-9450
-2171
5601
12099
15841
15977
12475
6133
-1606
-8979
-14308
-16379
-14720
-9711
-2490
5298
11879
15756
16045
12681
6430
-1286
-8708
-14148
-16367
-14859
-9968
-2807
4992
11655
15665
16107
12882
6724
-965
-8434
-13983
-16348
-14991
-10221
-3124
4685
11427
15567
16163
13079
7017
-643
-8157
-13813
-16324
-15118
-10471
-3439
4376
11194
15464
16213
13270
7306
-322
-7876
-13637
-16293
-15240
-10716
-3753
4065
10957
15355
16256
13456
7592
0
-7592
-13456
-16256
-15355
-10957
-4065
3753
10716
15240
16293
13637
7876
322
-7306
-13270
-16213
-15464
-11194
-4376
3439
10471
15118
16324
13813
8157
643
-7017
-13079
-16163
-15567
-11427
-4685
3124
10221
14991
16348
13983
8434
965
-6724
-12882
-16107
-15665
-11655
-4992
2807
9968
14859
16367
14148
8708
1286
-6430
-12681
-16045
-15756
-11879
-5298
2490
9711
14720
16379
14308
8979
1606
-6133
-12475
-15977
-15841
-12099
-5601
2171
9450
14576
16384
14462
9246
1926
-5833
-12264
-15903
-15920
-12313
-5903
1852
9185
14427
16383
14610
9510
2245
-5531
-12048
-15822
-15993
-12523
-6201
1532
8917
14271
16376
14753
9770
2563
-5228
-11828
-15735
-16060
-12728
-6498
1211
8645
14110
16363
14890
10027
2880
-4922
-11603
-15643
-16121
-12928
-6792
890
8370
13944
16343
15021
10279
3196
-4614
-11374
-15544
-16175
-13123
-7084
569
8092
13773
16317
15147
10528
3511
-4304
-11140
-15439
-16223
-13313
-7372
247
7811
13596
16285
15267
10772
3825
-3993
-10902
-15329
-16265
-13498
-7658
-74
7527
13414
16247
15380
11012
4137
-3680
-10660
-15212
-16301
-13678
-7941
-396
7239
13226
16202
15488
11248
4447
-3366
-10413
-15090
-16330
-13853
-8221
-717
6949
13034
16151
15590
11480
4756
-3051
-10163
-14961
-16353
-14022
-8498
-1039
6657
12836
16093
15686
11708
5063
-2734
-9909
-14827
-16370
-14185
-8771
-1360
6361
12634
16030
15776
11930
5368
-2416
-9651
-14688
-16380
-14344
-9041
-1680
6064
12427
15960
15860
12149
5671
-2098
-9389
-14542
-16385
-14496
-9308
-2000
5764
12215
15885
15938
12362
5972
-1778
-9123
-14391
-16382
-14643
-9570
-2318
5462
11998
15803
16009
12571
6270
-1458
-8854
-14235
-16374
-14785
-9830
-2636
5157
11777
15715
16075
12775
6566
-1137
-8582
-14073
-16359
-14921
-10085
-2953
4851
11551
15621
16134
12974
6860
-816
-8306
-13905
-16338
-15051
-10337
-3269
4543
11320
15520
16187
13168
7150
-495
-8027
-13732
-16311
-15175
-10584
-3584
4233
11086
15414
16233
13357
7438
-173
-7745
-13554
-16277
-15293
-10828
-3897
3921
10846
15302
16274
13540
7724
148
-7461
-13371
-16237
-15406
-11067
-4209
3608
10603
15184
16308
13719
8006
470
-7173
-13182
-16191
-15512
-11302
-4519
3294
10356
15061
16336
13892
8285
792
-6882
-12989
-16138
-15613
-11533
-4827
2978
10105
14931
16358
14060
8561
1113
-6589
-12790
-16079
-15708
-11759
-5134
2661
9850
14796
16373
14222
8834
1433
-6293
-12587
-16014
-15796
-11981
-5438
2343
9591
14655
16382
14379
9103
1754
-5995
-12378
-15943
-15878
-12198
-5741
2024
9328
14508
16385
14531
9369
2073
-5694
-12165
-15866
-15955
-12411
-6041
1704
9062
14356
16381
14677
9631
2392
-5391
-11947
-15783
-16025
-12618
-6339
1384
8792
14198
16371
14817
9889
2710
-5087
-11725
-15693
-16089
-12821
-6634
1063
8519
14034
16355
14951
10144
3026
-4780
-11498
-15598
-16147
-13019
-6927
742
8242
13866
16332
15080
10394
3342
-4471
-11266
-15496
-16198
-13212
-7217
421
7963
13692
16303
15203
10641
3656
-4161
-11031
-15389
-16243
-13399
-7505
99
7680
13512
16268
15320
10884
3969
-3849
-10791
-15276
-16282
-13582
-7789
-223
7394
13328
16227
15431
11122
4280
-3536
-10547
-15156
-16315
-13759
-8071
-544
7106
13138
16179
15536
11356
4590
-3221
-10298
-15031
-16342
-13931
-8349
-866
6815
12943
16125
15635
11586
4898
-2905
-10046
-14900
-16362
-14098
-8624
-1187
6521
12744
16065
15729
11811
5204
-2588
-9790
-14764
-16376
-14259
-8896
-1507
6224
12539
15999
15816
12032
5508
-2269
-9530
-14621
-16383
-14415
-9164
-1827
5926
12329
15926
15897
12248
5810
-1950
-9267
-14473
-16384
-14565
-9429
-2147
5625
12115
15847
15971
12459
6110
-1631
-9000
-14320
-16379
-14709
-9691
-2465
5321
11896
15763
16040
12665
6407
-1310
-8729
-14161
-16368
-14848
-9948
-2783
5016
11673
15672
16103
12867
6702
-989
-8455
-13996
-16350
-14981
-10202
-3099
4709
11445
15575
16159
13064
6994
-668
-8178
-13826
-16326
-15109
-10452
-3415
4400
11212
15472
16209
13255
7284
-346
-7898
-13651
-16296
-15230
-10697
-3729
4089
10976
15363
16253
13442
7570
-25
-7614
-13470
-16259
-15346
-10939
-4041
3777
10735
15249
16291
13623
7854
297
-7328
-13284
-16216
-15456
-11176
-4352
3463
10490
15128
16322
13799
8135
619
-7039
-13094
-16167
-15560
-11409
-4661
3148
10241
15001
16347
13970
8413
940
-6747
-12898
-16112
-15657
-11638
-4969
2832
9987
14869
16365
14136
8687
1261
-6453
-12697
-16050
-15749
-11862
-5274
2514
9730
14731
16378
14296
8958
1581
-6156
-12491
-15982
-15835
-12082
-5578
2196
9470
14588
16384
14450
9226
1901
-5856
-12280
-15909
-15914
-12297
-5879
1877
9205
14438
16384
14599
9490
2220
-5555
-12065
-15828
-15988
-12507
-6179
1557
8938
14283
16377
14742
9750
2539
-5251
-11845
-15742
-16055
-12712
-6475
1236
8666
14123
16364
14880
10007
2856
-4945
-11621
-15650
-16116
-12913
-6770
915
8392
13957
16345
15011
10260
3172
-4638
-11392
-15552
-16171
-13108
-7061
594
8114
13786
16320
15137
10509
3487
-4328
-11158
-15448
-16220
-13299
-7350
272
7833
13610
16288
15258
10753
3801
-4017
-10920
-15337
-16262
-13484
-7636
-49
7549
13428
16250
15372
10994
4113
-3704
-10679
-15221
-16298
-13664
-7919
-371
7262
13241
16205
15480
11230
4424
-3390
-10433
-15099
-16328
-13839
-8199
-693
6972
13049
16155
15583
11463
4733
-3075
-10182
-14971
-16352
-14009
-8476
-1014
6679
12852
16098
15679
11690
5040
-2758
-9928
-14838
-16369
-14173
-8750
-1335
6384
12650
16035
15769
11913
5345
-2441
-9671
-14699
-16380
-14332
-9020
-1655
6087
12443
15966
15854
12132
5648
-2122
-9409
-14554
-16384
-14485
-9287
-1975
5787
12231
15891
15932
12346
5949
-1803
-9144
-14403
-16383
-14632
-9550
-2294
5485
12015
15809
16004
12555
6247
-1483
-8875
-14247
-16375
-14774
-9810
-2612
5181
11794
15722
16070
12759
6543
-1162
-8603
-14085
-16360
-14911
-10066
-2929
4874
11568
15628
16129
12959
6837
-841
-8328
-13918
-16340
-15041
-10318
-3245
4566
11338
15528
16183
13153
7128
-520
-8049
-13746
-16313
-15166
-10566
-3560
4257
11104
15423
16230
13342
7416
-198
-7767
-13568
-16280
-15285
-10809
-3873
3945
10865
15311
16271
13526
7702
124
-7483
-13385
-16240
-15397
-11049
-4185
3632
10622
15194
16306
13705
7984
445
-7195
-13197
-16194
-15504
-11284
-4495
3318
10375
15070
16334
13879
8264
767
-6905
-13004
-16142
-15605
-11515
-4804
3002
10124
14941
16356
14047
8540
1088
-6611
-12806
-16084
-15701
-11742
-5110
2685
9869
14806
16372
14210
8813
1409
-6316
-12602
-16020
-15789
-11964
-5415
2367
9611
14666
16381
14367
9082
1729
-6018
-12394
-15949
-15872
-12182
-5717
2049
9348
14519
16385
14519
9348
2049
-5717
-12182
-15872
-15949
-12394
-6018
1729
9082
14367
16381
14666
9611
2367
-5415
-11964
-15789
-16020
-12602
-6316
1409
8813
14210
16372
14806
9869
2685
-5110
-11742
-15701
-16084
-12806
-6611
1088
8540
14047
16356
14941
10124
3002
-4804
-11515
-15605
-16142
-13004
-6905
767
8264
13879
16334
15070
10375
3318
-4495
-11284
-15504
-16194
-13197
-7195
445
7984
13705
16306
15194
10622
3632
-4185
-11049
-15397
-16240
-13385
-7483
124
7702
13526
16271
15311
10865
3945
-3873
-10809
-15285
-16280
-13568
-7767
-198
7416
13342
16230
15423
11104
4257
-3560
-10566
-15166
-16313
-13746
-8049
-520
7128
13153
16183
15528
11338
4566
-3245
-10318
-15041
-16340
-13918
-8328
-841
6837
12959
16129
15628
11568
4874
-2929
-10066
-14911
-16360
-14085
-8603
-1162
6543
12759
16070
15722
11794
5181
-2612
-9810
-14774
-16375
-14247
-8875
-1483
6247
12555
16004
15809
12015
5485
-2294
-9550
-14632
-16383
-14403
-9144
-1803
5949
12346
15932
15891
12231
5787
-1975
-9287
-14485
-16384
-14554
-9409
-2122
5648
12132
15854
15966
12443
6087
-1655
-9020
-14332
-16380
-14699
-9671
-2441
5345
11913
15769
16035
12650
6384
-1335
-8750
-14173
-16369
-14838
-9928
-2758
5040
11690
15679
16098
12852
6679
-1014
-8476
-14009
-16352
-14971
-10182
-3075
4733
11463
15583
16155
13049
6972
-693
-8199
-13839
-16328
-15099
-10433
-3390
4424
11230
15480
16205
13241
7262
-371
-7919
-13664
-16298
-15221
-10679
-3704
4113
10994
15372
16250
13428
7549
-49
-7636
-13484
-16262
-15337
-10920
-4017
3801
10753
15258
16288
13610
7833
272
-7350
-13299
-16220
-15448
-11158
-4328
3487
10509
15137
16320
13786
8114
594
-7061
-13108
-16171
-15552
-11392
-4638
3172
10260
15011
16345
13957
8392
915
-6770
-12913
-16116
-15650
-11621
-4945
2856
10007
14880
16364
14123
8666
1236
-6475
-12712
-16055
-15742
-11845
-5251
2539
9750
14742
16377
14283
8938
1557
-6179
-12507
-15988
-15828
-12065
-5555
2220
9490
14599
16384
14438
9205
1877
-5879
-12297
-15914
-15909
-12280
-5856
1901
9226
14450
16384
14588
9470
2196
-5578
-12082
-15835
-15982
-12491
-6156
1581
8958
14296
16378
14731
9730
2514
-5274
-11862
-15749
-16050
-12697
-6453
1261
8687
14136
16365
14869
9987
2832
-4969
-11638
-15657
-16112
-12898
-6747
940
8413
13970
16347
15001
10241
3148
-4661
-11409
-15560
-16167
-13094
-7039
619
8135
13799
16322
15128
10490
3463
-4352
-11176
-15456
-16216
-13284
-7328
297
7854
13623
16291
15249
10735
3777
-4041
-10939
-15346
-16259
-13470
-7614
-25
7570
13442
16253
15363
10976
4089
-3729
-10697
-15230
-16296
-13651
-7898
-346
7284
13255
16209
15472
11212
4400
-3415
-10452
-15109
-16326
-13826
-8178
-668
6994
13064
16159
15575
11445
4709
-3099
-10202
-14981
-16350
-13996
-8455
-989
6702
12867
16103
15672
11673
5016
-2783
-9948
-14848
-16368
-14161
-8729
-1310
6407
12665
16040
15763
11896
5321
-2465
-9691
-14709
-16379
-14320
-9000
-1631
6110
12459
15971
15847
12115
5625
-2147
-9429
-14565
-16384
-14473
-9267
-1950
5810
12248
15897
15926
12329
5926
-1827
-9164
-14415
-16383
-14621
-9530
-2269
5508
12032
15816
15999
12539
6224
-1507
-8896
-14259
-16376
-14764
-9790
-2588
5204
11811
15729
16065
12744
6521
-1187
-8624
-14098
-16362
-14900
-10046
-2905
4898
11586
15635
16125
12943
6815
-866
-8349
-13931
-16342
-15031
-10298
-3221
4590
11356
15536
16179
13138
7106
-544
-8071
-13759
-16315
-15156
-10547
-3536
4280
11122
15431
16227
13328
7394
-223
-7789
-13582
-16282
-15276
-10791
-3849
3969
10884
15320
16268
13512
7680
99
-7505
-13399
-16243
-15389
-11031
-4161
3656
10641
15203
16303
13692
7963
421
-7217
-13212
-16198
-15496
-11266
-4471
3342
10394
15080
16332
13866
8242
742
-6927
-13019
-16147
-15598
-11498
-4780
3026
10144
14951
16355
14034
8519
1063
-6634
-12821
-16089
-15693
-11725
-5087
2710
9889
14817
16371
14198
8792
1384
-6339
-12618
-16025
-15783
-11947
-5391
2392
9631
14677
16381
14356
9062
1704
-6041
-12411
-15955
-15866
-12165
-5694
2073
9369
14531
16385
14508
9328
2024
-5741
-12198
-15878
-15943
-12378
-5995
1754
9103
14379
16382
14655
9591
2343
-5438
-11981
-15796
-16014
-12587
-6293
1433
8834
14222
16373
14796
9850
2661
-5134
-11759
-15708
-16079
-12790
-6589
1113
8561
14060
16358
14931
10105
2978
-4827
-11533
-15613
-16138
-12989
-6882
792
8285
13892
16336
15061
10356
3294
-4519
-11302
-15512
-16191
-13182
-7173
470
8006
13719
16308
15184
10603
3608
-4209
-11067
-15406
-16237
-13371
-7461
148
7724
13540
16274
15302
10846
3921
-3897
-10828
-15293
-16277
-13554
-7745
-173
7438
13357
16233
15414
11086
4233
-3584
-10584
-15175
-16311
-13732
-8027
-495
7150
13168
16187
15520
11320
4543
-3269
-10337
-15051
-16338
-13905
-8306
-816
6860
12974
16134
15621
11551
4851
-2953
-10085
-14921
-16359
-14073
-8582
-1137
6566
12775
16075
15715
11777
5157
-2636
-9830
-14785
-16374
-14235
-8854
-1458
6270
12571
16009
15803
11998
5462
-2318
-9570
-14643
-16382
-14391
-9123
-1778
5972
12362
15938
15885
12215
5764
-2000
-9308
-14496
-16385
-14542
-9389
-2098
5671
12149
15860
15960
12427
6064
-1680
-9041
-14344
-16380
-14688
-9651
-2416
5368
11930
15776
16030
12634
6361
-1360
-8771
-14185
-16370
-14827
-9909
-2734
5063
11708
15686
16093
12836
6657
-1039
-8498
-14022
-16353
-14961
-10163
-3051
4756
11480
15590
16151
13034
6949
-717
-8221
-13853
-16330
-15090
-10413
-3366
4447
11248
15488
16202
13226
7239
-396
-7941
-13678
-16301
-15212
-10660
-3680
4137
11012
15380
16247
13414
7527
-74
-7658
-13498
-16265
-15329
-10902
-3993
3825
10772
15267
16285
13596
7811
247
-7372
-13313
-16223
-15439
-11140
-4304
3511
10528
15147
16317
13773
8092
569
-7084
-13123
-16175
-15544
-11374
-4614
3196
10279
15021
16343
13944
8370
890
-6792
-12928
-16121
-15643
-11603
-4922
2880
10027
14890
16363
14110
8645
1211
-6498
-12728
-16060
-15735
-11828
-5228
2563
9770
14753
16376
14271
8917
1532
-6201
-12523
-15993
-15822
-12048
-5531
2245
9510
14610
16383
14427
9185
1852
-5903
-12313
-15920
-15903
-12264
-5833
1926
9246
14462
16384
14576
9450
2171
-5601
-12099
-15841
-15977
-12475
-6133
1606
8979
14308
16379
14720
9711
2490
-5298
-11879
-15756
-16045
-12681
-6430
1286
8708
14148
16367
14859
9968
2807
-4992
-11655
-15665
-16107
-12882
-6724
965
8434
13983
16348
14991
10221
3124
-4685
-11427
-15567
-16163
-13079
-7017
643
8157
13813
16324
15118
10471
3439
-4376
-11194
-15464
-16213
-13270
-7306
322
7876
13637
16293
15240
10716
3753
-4065
-10957
-15355
-16256
-13456
-7592
0
7592
13456
16256
15355
10957
4065
-3753
-10716
-15240
-16293
-13637
-7876
-322
7306
13270
16213
15464
11194
4376
-3439
-10471
-15118
-16324
-13813
-8157
-643
7017
13079
16163
15567
11427
4685
-3124
-10221
-14991
-16348
-13983
-8434
-965
6724
12882
16107
15665
11655
4992
-2807
-9968
-14859
-16367
-14148
-8708
-1286
6430
12681
16045
15756
11879
5298
-2490
-9711
-14720
-16379
-14308
-8979
-1606
6133
12475
15977
15841
12099
5601
-2171
-9450
-14576
-16384
-14462
-9246
-1926
5833
12264
15903
15920
12313
5903
-1852
-9185
-14427
-16383
-14610
-9510
-2245
5531
12048
15822
15993
12523
6201
-1532
-8917
-14271
-16376
-14753
-9770
-2563
5228
11828
15735
16060
12728
6498
-1211
-8645
-14110
-16363
-14890
-10027
-2880
4922
11603
15643
16121
12928
6792
-890
-8370
-13944
-16343
-15021
-10279
-3196
4614
11374
15544
16175
13123
7084
-569
-8092
-13773
-16317
-15147
-10528
-3511
4304
11140
15439
16223
13313
7372
-247
-7811
-13596
-16285
-15267
-10772
-3825
3993
10902
15329
16265
13498
7658
74
-7527
-13414
-16247
-15380
-11012
-4137
3680
10660
15212
16301
13678
7941
396
-7239
-13226
-16202
-15488
-11248
-4447
3366
10413
15090
16330
13853
8221
717
-6949
-13034
-16151
-15590
-11480
-4756
3051
10163
14961
16353
14022
8498
1039
-6657
-12836
-16093
-15686
-11708
-5063
2734
9909
14827
16370
14185
8771
1360
-6361
-12634
-16030
-15776
-11930
-5368
2416
9651
14688
16380
14344
9041
1680
-6064
-12427
-15960
-15860
-12149
-5671
2098
9389
14542
16385
14496
9308
2000
-5764
-12215
-15885
-15938
-12362
-5972
1778
9123
14391
16382
14643
9570
2318
-5462
-11998
-15803
-16009
-12571
-6270
1458
8854
14235
16374
14785
9830
2636
-5157
-11777
-15715
-16075
-12775
-6566
1137
8582
14073
16359
14921
10085
2953
-4851
-11551
-15621
-16134
-12974
-6860
816
8306
13905
16338
15051
10337
3269
-4543
-11320
-15520
-16187
-13168
-7150
495
8027
13732
16311
15175
10584
3584
-4233
-11086
-15414
-16233
-13357
-7438
173
7745
13554
16277
15293
10828
3897
-3921
-10846
-15302
-16274
-13540
-7724
-148
7461
13371
16237
15406
11067
4209
-3608
-10603
-15184
-16308
-13719
-8006
-470
7173
13182
16191
15512
11302
4519
-3294
-10356
-15061
-16336
-13892
-8285
-792
6882
12989
16138
15613
11533
4827
-2978
-10105
-14931
-16358
-14060
-8561
-1113
6589
12790
16079
15708
11759
5134
-2661
-9850
-14796
-16373
-14222
-8834
-1433
6293
12587
16014
15796
11981
5438
-2343
-9591
-14655
-16382
-14379
-9103
-1754
5995
12378
15943
15878
12198
5741
-2024
-9328
-14508
-16385
-14531
-9369
-2073
5694
12165
15866
15955
12411
6041
-1704
-9062
-14356
-16381
-14677
-9631
-2392
5391
11947
15783
16025
12618
6339
-1384
-8792
-14198
-16371
-14817
-9889
-2710
5087
11725
15693
16089
12821
6634
-1063
-8519
-14034
-16355
-14951
-10144
-3026
4780
11498
15598
16147
13019
6927
-742
-8242
-13866
-16332
-15080
-10394
-3342
4471
11266
15496
16198
13212
7217
-421
-7963
-13692
-16303
-15203
-10641
-3656
4161
11031
15389
16243
13399
7505
-99
-7680
-13512
-16268
-15320
-10884
-3969
3849
10791
15276
16282
13582
7789
223
-7394
-13328
-16227
-15431
-11122
-4280
3536
10547
15156
16315
13759
8071
544
-7106
-13138
-16179
-15536
-11356
-4590
3221
10298
15031
16342
13931
8349
866
-6815
-12943
-16125
-15635
-11586
-4898
2905
10046
14900
16362
14098
8624
1187
-6521
-12744
-16065
-15729
-11811
-5204
2588
9790
14764
16376
14259
8896
1507
-6224
-12539
-15999
-15816
-12032
-5508
2269
9530
14621
16383
14415
9164
1827
-5926
-12329
-15926
-15897
-12248
-5810
1950
9267
14473
16384
14565
9429
2147
-5625
-12115
-15847
-15971
-12459
-6110
1631
9000
14320
16379
14709
9691
2465
-5321
-11896
-15763
-16040
-12665
-6407
1310
8729
14161
16368
14848
9948
2783
-5016
-11673
-15672
-16103
-12867
-6702
989
8455
13996
16350
14981
10202
3099
-4709
-11445
-15575
-16159
-13064
-6994
668
8178
13826
16326
15109
10452
3415
-4400
-11212
-15472
-16209
-13255
-7284
346
7898
13651
16296
15230
10697
3729
-4089
-10976
-15363
-16253
-13442
-7570
25
7614
13470
16259
15346
10939
4041
-3777
-10735
-15249
-16291
-13623
-7854
-297
7328
13284
16216
15456
11176
4352
-3463
-10490
-15128
-16322
-13799
-8135
-619
7039
13094
16167
15560
11409
4661
-3148
-10241
-15001
-16347
-13970
-8413
-940
6747
12898
16112
15657
11638
4969
-2832
-9987
-14869
-16365
-14136
-8687
-1261
6453
12697
16050
15749
11862
5274
-2514
-9730
-14731
-16378
-14296
-8958
-1581
6156
12491
15982
15835
12082
5578
-2196
-9470
-14588
-16384
-14450
-9226
-1901
5856
12280
15909
15914
12297
5879
-1877
-9205
-14438
-16384
-14599
-9490
-2220
5555
12065
15828
15988
12507
6179
-1557
-8938
-14283
-16377
-14742
-9750
-2539
5251
11845
15742
16055
12712
6475
-1236
-8666
-14123
-16364
-14880
-10007
-2856
4945
11621
15650
16116
12913
6770
-915
-8392
-13957
-16345
-15011
-10260
-3172
4638
11392
15552
16171
13108
7061
-594
-8114
-13786
-16320
-15137
-10509
-3487
4328
11158
15448
16220
13299
7350
-272
-7833
-13610
-16288
-15258
-10753
-3801
4017
10920
15337
16262
13484
7636
49
-7549
-13428
-16250
-15372
-10994
-4113
3704
10679
15221
16298
13664
7919
371
-7262
-13241
-16205
-15480
-11230
-4424
3390
10433
15099
16328
13839
8199
693
-6972
-13049
-16155
-15583
-11463
-4733
3075
10182
14971
16352
14009
8476
1014
-6679
-12852
-16098
-15679
-11690
-5040
2758
9928
14838
16369
14173
8750
1335
-6384
-12650
-16035
-15769
-11913
-5345
2441
9671
14699
16380
14332
9020
1655
-6087
-12443
-15966
-15854
-12132
-5648
2122
9409
14554
16384
14485
9287
1975
-5787
-12231
-15891
-15932
-12346
-5949
1803
9144
14403
16383
14632
9550
2294
-5485
-12015
-15809
-16004
-12555
-6247
1483
8875
14247
16375
14774
9810
2612
-5181
-11794
-15722
-16070
-12759
-6543
1162
8603
14085
16360
14911
10066
2929
-4874
-11568
-15628
-16129
-12959
-6837
841
8328
13918
16340
15041
10318
3245
-4566
-11338
-15528
-16183
-13153
-7128
520
8049
13746
16313
15166
10566
3560
-4257
-11104
-15423
-16230
-13342
-7416
198
7767
13568
16280
15285
10809
3873
-3945
-10865
-15311
-16271
-13526
-7702
-124
7483
13385
16240
15397
11049
4185
-3632
-10622
-15194
-16306
-13705
-7984
-445
7195
13197
16194
15504
11284
4495
-3318
-10375
-15070
-16334
-13879
-8264
-767
6905
13004
16142
15605
11515
4804
-3002
-10124
-14941
-16356
-14047
-8540
-1088
6611
12806
16084
15701
11742
5110
-2685
-9869
-14806
-16372
-14210
-8813
-1409
6316
12602
16020
15789
11964
5415
-2367
-9611
-14666
-16381
-14367
-9082
-1729
6018
12394
15949
15872
12182
5717
-2049
-9348
-14519
-16385
-14519
-9348
-2049
5717
12182
15872
15949
12394
6018
-1729
-9082
-14367
-16381
-14666
-9611
-2367
5415
11964
15789
16020
12602
6316
-1409
-8813
-14210
-16372
-14806
-9869
-2685
5110
11742
15701
16084
12806
6611
-1088
-8540
-14047
-16356
-14941
-10124
-3002
4804
11515
15605
16142
13004
6905
-767
-8264
-13879
-16334
-15070
-10375
-3318
4495
11284
15504
16194
13197
7195
-445
-7984
-13705
-16306
-15194
-10622
-3632
4185
11049
15397
16240
13385
7483
-124
-7702
-13526
-16271
-15311
-10865
-3945
3873
10809
15285
16280
13568
7767
198
-7416
-13342
-16230
-15423
-11104
-4257
3560
10566
15166
16313
13746
8049
520
-7128
-13153
-16183
-15528
-11338
-4566
3245
10318
15041
16340
13918
8328
841
-6837
-12959
-16129
-15628
-11568
-4874
2929
10066
14911
16360
14085
8603
1162
-6543
-12759
-16070
-15722
-11794
-5181
2612
9810
14774
16375
14247
8875
1483
-6247
-12555
-16004
-15809
-12015
-5485
2294
9550
14632
16383
14403
9144
1803
-5949
-12346
-15932
-15891
-12231
-5787
1975
9287
14485
16384
14554
9409
2122
-5648
-12132
-15854
-15966
-12443
-6087
1655
9020
14332
16380
14699
9671
2441
-5345
-11913
-15769
-16035
-12650
-6384
1335
8750
14173
16369
14838
9928
2758
-5040
-11690
-15679
-16098
-12852
-6679
1014
8476
14009
16352
14971
10182
3075
-4733
-11463
-15583
-16155
-13049
-6972
693
8199
13839
16328
15099
10433
3390
-4424
-11230
-15480
-16205
-13241
-7262
371
7919
13664
16298
15221
10679
3704
-4113
-10994
-15372
-16250
-13428
-7549
49
7636
13484
16262
15337
10920
4017
-3801
-10753
-15258
-16288
-13610
-7833
-272
7350
13299
16220
15448
11158
4328
-3487
-10509
-15137
-16320
-13786
-8114
-594
7061
13108
16171
15552
11392
4638
-3172
-10260
-15011
-16345
-13957
-8392
-915
6770
12913
16116
15650
11621
4945
-2856
-10007
-14880
-16364
-14123
-8666
-1236
6475
12712
16055
15742
11845
5251
-2539
-9750
-14742
-16377
-14283
-8938
-1557
6179
12507
15988
15828
12065
5555
-2220
-9490
-14599
-16384
-14438
-9205
-1877
5879
12297
15914
15909
12280
5856
-1901
-9226
-14450
-16384
-14588
-9470
-2196
5578
12082
15835
15982
12491
6156
-1581
-8958
-14296
-16378
-14731
-9730
-2514
5274
11862
15749
16050
12697
6453
-1261
-8687
-14136
-16365
-14869
-9987
-2832
4969
11638
15657
16112
12898
6747
-940
-8413
-13970
-16347
-15001
-10241
-3148
4661
11409
15560
16167
13094
7039
-619
-8135
-13799
-16322
-15128
-10490
-3463
4352
11176
15456
16216
13284
7328
-297
-7854
-13623
-16291
-15249
-10735
-3777
4041
10939
15346
16259
13470
7614
25
-7570
-13442
-16253
-15363
-10976
-4089
3729
10697
15230
16296
13651
7898
346
-7284
-13255
-16209
-15472
-11212
-4400
3415
10452
15109
16326
13826
8178
668
-6994
-13064
-16159
-15575
-11445
-4709
3099
10202
14981
16350
13996
8455
989
-6702
-12867
-16103
-15672
-11673
-5016
2783
9948
14848
16368
14161
8729
1310
-6407
-12665
-16040
-15763
-11896
-5321
2465
9691
14709
16379
14320
9000
1631
-6110
-12459
-15971
-15847
-12115
-5625
2147
9429
14565
16384
14473
9267
1950
-5810
-12248
-15897
-15926
-12329
-5926
1827
9164
14415
16383
14621
9530
2269
-5508
-12032
-15816
-15999
-12539
-6224
1507
8896
14259
16376
14764
9790
2588
-5204
-11811
-15729
-16065
-12744
-6521
1187
8624
14098
16362
14900
10046
2905
-4898
-11586
-15635
-16125
-12943
-6815
866
8349
13931
16342
15031
10298
3221
-4590
-11356
-15536
-16179
-13138
-7106
544
8071
13759
16315
15156
10547
3536
-4280
-11122
-15431
-16227
-13328
-7394
223
7789
13582
16282
15276
10791
3849
-3969
-10884
-15320
-16268
-13512
-7680
-99
7505
13399
16243
15389
11031
4161
-3656
-10641
-15203
-16303
-13692
-7963
-421
7217
13212
16198
15496
11266
4471
-3342
-10394
-15080
-16332
-13866
-8242
-742
6927
13019
16147
15598
11498
4780
-3026
-10144
-14951
-16355
-14034
-8519
-1063
6634
12821
16089
15693
11725
5087
-2710
-9889
-14817
-16371
-14198
-8792
-1384
6339
12618
16025
15783
11947
5391
-2392
-9631
-14677
-16381
-14356
-9062
-1704
6041
12411
15955
15866
12165
5694
-2073
-9369
-14531
-16385
-14508
-9328
-2024
5741
12198
15878
15943
12378
5995
-1754
-9103
-14379
-16382
-14655
-9591
-2343
5438
11981
15796
16014
12587
6293
-1433
-8834
-14222
-16373
-14796
-9850
-2661
5134
11759
15708
16079
12790
6589
-1113
-8561
-14060
-16358
-14931
-10105
-2978
4827
11533
15613
16138
12989
6882
-792
-8285
-13892
-16336
-15061
-10356
-3294
4519
11302
15512
16191
13182
7173
-470
-8006
-13719
-16308
-15184
-10603
-3608
4209
11067
15406
16237
13371
7461
-148
-7724
-13540
-16274
-15302
-10846
-3921
3897
10828
15293
16277
13554
7745
173
-7438
-13357
-16233
-15414
-11086
-4233
3584
10584
15175
16311
13732
8027
495
-7150
-13168
-16187
-15520
-11320
-4543
3269
10337
15051
16338
13905
8306
816
-6860
-12974
-16134
-15621
-11551
-4851
2953
10085
14921
16359
14073
8582
1137
-6566
-12775
-16075
-15715
-11777
-5157
2636
9830
14785
16374
14235
8854
1458
-6270
-12571
-16009
-15803
-11998
-5462
2318
9570
14643
16382
14391
9123
1778
-5972
-12362
-15938
-15885
-12215
-5764
2000
9308
14496
16385
14542
9389
2098
-5671
-12149
-15860
-15960
-12427
-6064
1680
9041
14344
16380
14688
9651
2416
-5368
-11930
-15776
-16030
-12634
-6361
1360
8771
14185
16370
14827
9909
2734
-5063
-11708
-15686
-16093
-12836
-6657
1039
8498
14022
16353
14961
10163
3051
-4756
-11480
-15590
-16151
-13034
-6949
717
8221
13853
16330
15090
10413
3366
-4447
-11248
-15488
-16202
-13226
-7239
396
7941
13678
16301
15212
10660
3680
-4137
-11012
-15380
-16247
-13414
-7527
74
7658
13498
16265
15329
10902
3993
-3825
-10772
-15267
-16285
-13596
-7811
-247
7372
13313
16223
15439
11140
4304
-3511
-10528
-15147
-16317
-13773
-8092
-569
7084
13123
16175
15544
11374
4614
-3196
-10279
-15021
-16343
-13944
-8370
-890
6792
12928
16121
15643
11603
4922
-2880
-10027
-14890
-16363
-14110
-8645
-1211
6498
12728
16060
15735
11828
5228
-2563
-9770
-14753
-16376
-14271
-8917
-1532
6201
12523
15993
15822
12048
5531
-2245
-9510
-14610
-16383
-14427
-9185
-1852
5903
12313
15920
15903
12264
5833
-1926
-9246
-14462
-16384
-14576
-9450
-2171
5601
12099
15841
15977
12475
6133
-1606
-8979
-14308
-16379
-14720
-9711
-2490
5298
11879
15756
16045
12681
6430
-1286
-8708
-14148
-16367
-14859
-9968
-2807
4992
11655
15665
16107
12882
6724
-965
-8434
-13983
-16348
-14991
-10221
-3124
4685
11427
15567
16163
13079
7017
-643
-8157
-13813
-16324
-15118
-10471
-3439
4376
11194
15464
16213
13270
7306
-322
-7876
-13637
-16293
-15240
-10716
-3753
4065
10957
15355
16256
13456
7592
0
-7592
-13456
-16256
-15355
-10957
-4065
3753
10716
15240
16293
13637
7876
322
-7306
-13270
-16213
-15464
-11194
-4376
3439
10471
15118
16324
13813
8157
643
-7017
-13079
-16163
-15567
-11427
-4685
3124
10221
14991
16348
13983
8434
965
-6724
-12882
-16107
-15665
-11655
-4992
2807
9968
14859
16367
14148
8708
1286
-6430
-12681
-16045
-15756
-11879
-5298
2490
9711
14720
16379
14308
8979
1606
-6133
-12475
-15977
-15841
-12099
-5601
2171
9450
14576
16384
14462
9246
1926
-5833
-12264
-15903
-15920
-12313
-5903
1852
9185
14427
16383
14610
9510
2245
-5531
-12048
-15822
-15993
-12523
-6201
1532
8917
14271
16376
14753
9770
2563
-5228
-11828
-15735
-16060
-12728
-6498
1211
8645
14110
16363
14890
10027
2880
-4922
-11603
-15643
-16121
-12928
-6792
890
8370
13944
16343
15021
10279
3196
-4614
-11374
-15544
-16175
-13123
-7084
569
8092
13773
16317
15147
10528
3511
-4304
-11140
-15439
-16223
-13313
-7372
247
7811
13596
16285
15267
10772
3825
-3993
-10902
-15329
-16265
-13498
-7658
-74
7527
13414
16247
15380
11012
4137
-3680
-10660
-15212
-16301
-13678
-7941
-396
7239
13226
16202
15488
11248
4447
-3366
-10413
-15090
-16330
-13853
-8221
-717
6949
13034
16151
15590
11480
4756
-3051
-10163
-14961
-16353
-14022
-8498
-1039
6657
12836
16093
15686
11708
5063
-2734
-9909
-14827
-16370
-14185
-8771
-1360
6361
12634
16030
15776
11930
5368
-2416
-9651
-14688
-16380
-14344
-9041
-1680
6064
12427
15960
15860
12149
5671
-2098
-9389
-14542
-16385
-14496
-9308
-2000
5764
12215
15885
15938
12362
5972
-1778
-9123
-14391
-16382
-14643
-9570
-2318
5462
11998
15803
16009
12571
6270
-1458
-8854
-14235
-16374
-14785
-9830
-2636
5157
11777
15715
16075
12775
6566
-1137
-8582
-14073
-16359
-14921
-10085
-2953
4851
11551
15621
16134
12974
6860
-816
-8306
-13905
-16338
-15051
-10337
-3269
4543
11320
15520
16187
13168
7150
-495
-8027
-13732
-16311
-15175
-10584
-3584
4233
11086
15414
16233
13357
7438
-173
-7745
-13554
-16277
-15293
-10828
-3897
3921
10846
15302
16274
13540
7724
148
-7461
-13371
-16237
-15406
-11067
-4209
3608
10603
15184
16308
13719
8006
470
-7173
-13182
-16191
-15512
-11302
-4519
3294
10356
15061
16336
13892
8285
792
-6882
-12989
-16138
-15613
-11533
-4827
2978
10105
14931
16358
14060
8561
1113
-6589
-12790
-16079
-15708
-11759
-5134
2661
9850
14796
16373
14222
8834
1433
-6293
-12587
-16014
-15796
-11981
-5438
2343
9591
14655
16382
14379
9103
1754
-5995
-12378
-15943
-15878
-12198
-5741
2024
9328
14508
16385
14531
9369
2073
-5694
-12165
-15866
-15955
-12411
-6041
1704
9062
14356
16381
14677
9631
2392
-5391
-11947
-15783
-16025
-12618
-6339
1384
8792
14198
16371
14817
9889
2710
-5087
-11725
-15693
-16089
-12821
-6634
1063
8519
14034
16355
14951
10144
3026
-4780
-11498
-15598
-16147
-13019
-6927
742
8242
13866
16332
15080
10394
3342
-4471
-11266
-15496
-16198
-13212
-7217
421
7963
13692
16303
15203
10641
3656
-4161
-11031
-15389
-16243
-13399
-7505
99
7680
13512
16268
15320
10884
3969
-3849
-10791
-15276
-16282
-13582
-7789
-223
7394
13328
16227
15431
11122
4280
-3536
-10547
-15156
-16315
-13759
-8071
-544
7106
13138
16179
15536
11356
4590
-3221
-10298
-15031
-16342
-13931
-8349
-866
6815
12943
16125
15635
11586
4898
-2905
-10046
-14900
-16362
-14098
-8624
-1187
6521
12744
16065
15729
11811
5204
-2588
-9790
-14764
-16376
-14259
-8896
-1507
6224
12539
15999
15816
12032
5508
-2269
-9530
-14621
-16383
-14415
-9164
-1827
5926
12329
15926
15897
12248
5810
-1950
-9267
-14473
-16384
-14565
-9429
-2147
5625
12115
15847
15971
12459
6110
-1631
-9000
-14320
-16379
-14709
-9691
-2465
5321
11896
15763
16040
12665
6407
-1310
-8729
-14161
-16368
-14848
-9948
-2783
5016
11673
15672
16103
12867
6702
-989
-8455
-13996
-16350
-14981
-10202
-3099
4709
11445
15575
16159
13064
6994
-668
-8178
-13826
-16326
-15109
-10452
-3415
4400
11212
15472
16209
13255
7284
-346
-7898
-13651
-16296
-15230
-10697
-3729
4089
10976
15363
16253
13442
7570
-25
-7614
-13470
-16259
-15346
-10939
-4041
3777
10735
15249
16291
13623
7854
297
-7328
-13284
-16216
-15456
-11176
-4352
3463
10490
15128
16322
13799
8135
619
-7039
-13094
-16167
-15560
-11409
-4661
3148
10241
15001
16347
13970
8413
940
-6747
-12898
-16112
-15657
-11638
-4969
2832
9987
14869
16365
14136
8687
1261
-6453
-12697
-16050
-15749
-11862
-5274
2514
9730
14731
16378
14296
8958
1581
-6156
-12491
-15982
-15835
-12082
-5578
2196
9470
14588
16384
14450
9226
1901
-5856
-12280
-15909
-15914
-12297
-5879
1877
9205
14438
16384
14599
9490
2220
-5555
-12065
-15828
-15988
-12507
-6179
1557
8938
14283
16377
14742
9750
2539
-5251
-11845
-15742
-16055
-12712
-6475
1236
8666
14123
16364
14880
10007
2856
-4945
-11621
-15650
-16116
-12913
-6770
915
8392
13957
16345
15011
10260
3172
-4638
-11392
-15552
-16171
-13108
-7061
594
8114
13786
16320
15137
10509
3487
-4328
-11158
-15448
-16220
-13299
-7350
272
7833
13610
16288
15258
10753
3801
-4017
-10920
-15337
-16262
-13484
-7636
-49
7549
13428
16250
15372
10994
4113
-3704
-10679
-15221
-16298
-13664
-7919
-371
7262
13241
16205
15480
11230
4424
-3390
-10433
-15099
-16328
-13839
-8199
-693
6972
13049
16155
15583
11463
4733
-3075
-10182
-14971
-16352
-14009
-8476
-1014
6679
12852
16098
15679
11690
5040
-2758
-9928
-14838
-16369
-14173
-8750
-1335
6384
12650
16035
15769
11913
5345
-2441
-9671
-14699
-16380
-14332
-9020
-1655
6087
12443
15966
15854
12132
5648
-2122
-9409
-14554
-16384
-14485
-9287
-1975
5787
12231
15891
15932
12346
5949
-1803
-9144
-14403
-16383
-14632
-9550
-2294
5485
12015
15809
16004
12555
6247
-1483
-8875
-14247
-16375
-14774
-9810
-2612
5181
11794
15722
16070
12759
6543
-1162
-8603
-14085
-16360
-14911
-10066
-2929
4874
11568
15628
16129
12959
6837
-841
-8328
-13918
-16340
-15041
-10318
-3245
4566
11338
15528
16183
13153
7128
-520
-8049
-13746
-16313
-15166
-10566
-3560
4257
11104
15423
16230
13342
7416
-198
-7767
-13568
-16280
-15285
-10809
-3873
3945
10865
15311
16271
13526
7702
124
-7483
-13385
-16240
-15397
-11049
-4185
3632
10622
15194
16306
13705
7984
445
-7195
-13197
-16194
-15504
-11284
-4495
3318
10375
15070
16334
13879
8264
767
-6905
-13004
-16142
-15605
-11515
-4804
3002
10124
14941
16356
14047
8540
1088
-6611
-12806
-16084
-15701
-11742
-5110
2685
9869
14806
16372
14210
8813
1409
-6316
-12602
-16020
-15789
-11964
-5415
2367
9611
14666
16381
14367
9082
1729
-6018
-12394
-15949
-15872
-12182
-5717
2049
9348
14519
16385
14519
9348
2049
-5717
-12182
-15872
-15949
-12394
-6018
1729
9082
14367
16381
14666
9611
2367
-5415
-11964
-15789
-16020
-12602
-6316
1409
8813
14210
16372
14806
9869
2685
-5110
-11742
-15701
-16084
-12806
-6611
1088
8540
14047
16356
14941
10124
3002
-4804
-11515
-15605
-16142
-13004
-6905
767
8264
13879
16334
15070
10375
3318
-4495
-11284
-15504
-16194
-13197
-7195
445
7984
13705
16306
15194
10622
3632
-4185
-11049
-15397
-16240
-13385
-7483
124
7702
13526
16271
15311
10865
3945
-3873
-10809
-15285
-16280
-13568
-7767
-198
7416
13342
16230
15423
11104
4257
-3560
-10566
-15166
-16313
-13746
-8049
-520
7128
13153
16183
15528
11338
4566
-3245
-10318
-15041
-16340
-13918
-8328
-841
6837
12959
16129
15628
11568
4874
-2929
-10066
-14911
-16360
-14085
-8603
-1162
6543
12759
16070
15722
11794
5181
-2612
-9810
-14774
-16375
-14247
-8875
-1483
6247
12555
16004
15809
12015
5485
-2294
-9550
-14632
-16383
-14403
-9144
-1803
5949
12346
15932
15891
12231
5787
-1975
-9287
-14485
-16384
-14554
-9409
-2122
5648
12132
15854
15966
12443
6087
-1655
-9020
-14332
-16380
-14699
-9671
-2441
5345
11913
15769
16035
12650
6384
-1335
-8750
-14173
-16369
-14838
-9928
-2758
5040
11690
15679
16098
12852
6679
-1014
-8476
-14009
-16352
-14971
-10182
-3075
4733
11463
15583
16155
13049
6972
-693
-8199
-13839
-16328
-15099
-10433
-3390
4424
11230
15480
16205
13241
7262
-371
-7919
-13664
-16298
-15221
-10679
-3704
4113
10994
15372
16250
13428
7549
-49
-7636
-13484
-16262
-15337
-10920
-4017
3801
10753
15258
16288
13610
7833
272
-7350
-13299
-16220
-15448
-11158
-4328
3487
10509
15137
16320
13786
8114
594
-7061
-13108
-16171
-15552
-11392
-4638
3172
10260
15011
16345
13957
8392
915
-6770
-12913
-16116
-15650
-11621
-4945
2856
10007
14880
16364
14123
8666
1236
-6475
-12712
-16055
-15742
-11845
-5251
2539
9750
14742
16377
14283
8938
1557
-6179
-12507
-15988
-15828
-12065
-5555
2220
9490
14599
16384
14438
9205
1877
-5879
-12297
-15914
-15909
-12280
-5856
1901
9226
14450
16384
14588
9470
2196
-5578
-12082
-15835
-15982
-12491
-6156
1581
8958
14296
16378
14731
9730
2514
-5274
-11862
-15749
-16050
-12697
-6453
1261
8687
14136
16365
14869
9987
2832
-4969
-11638
-15657
-16112
-12898
-6747
940
8413
13970
16347
15001
10241
3148
-4661
-11409
-15560
-16167
-13094
-7039
619
8135
13799
16322
15128
10490
3463
-4352
-11176
-15456
-16216
-13284
-7328
297
7854
13623
16291
15249
10735
3777
-4041
-10939
-15346
-16259
-13470
-7614
-25
7570
13442
16253
15363
10976
4089
-3729
-10697
-15230
-16296
-13651
-7898
-346
7284
13255
16209
15472
11212
4400
-3415
-10452
-15109
-16326
-13826
-8178
-668
6994
13064
16159
15575
11445
4709
-3099
-10202
-14981
-16350
-13996
-8455
-989
6702
12867
16103
15672
11673
5016
-2783
-9948
-14848
-16368
-14161
-8729
-1310
6407
12665
16040
15763
11896
5321
-2465
-9691
-14709
-16379
-14320
-9000
-1631
6110
12459
15971
15847
12115
5625
-2147
-9429
-14565
-16384
-14473
-9267
-1950
5810
12248
15897
15926
12329
5926
-1827
-9164
-14415
-16383
-14621
-9530
-2269
5508
12032
15816
15999
12539
6224
-1507
-8896
-14259
-16376
-14764
-9790
-2588
5204
11811
15729
16065
12744
6521
-1187
-8624
-14098
-16362
-14900
-10046
-2905
4898
11586
15635
16125
12943
6815
-866
-8349
-13931
-16342
-15031
-10298
-3221
4590
11356
15536
16179
13138
7106
-544
-8071
-13759
-16315
-15156
-10547
-3536
4280
11122
15431
16227
13328
7394
-223
-7789
-13582
-16282
-15276
-10791
-3849
3969
10884
15320
16268
13512
7680
99
-7505
-13399
-16243
-15389
-11031
-4161
3656
10641
15203
16303
13692
7963
421
-7217
-13212
-16198
-15496
-11266
-4471
3342
10394
15080
16332
13866
8242
742
-6927
-13019
-16147
-15598
-11498
-4780
3026
10144
14951
16355
14034
8519
1063
-6634
-12821
-16089
-15693
-11725
-5087
2710
9889
14817
16371
14198
8792
1384
-6339
-12618
-16025
-15783
-11947
-5391
2392
9631
14677
16381
14356
9062
1704
-6041
-12411
-15955
-15866
-12165
-5694
2073
9369
14531
16385
14508
9328
2024
-5741
-12198
-15878
-15943
-12378
-5995
1754
9103
14379
16382
14655
9591
2343
-5438
-11981
-15796
-16014
-12587
-6293
1433
8834
14222
16373
14796
9850
2661
-5134
-11759
-15708
-16079
-12790
-6589
1113
8561
14060
16358
14931
10105
2978
-4827
-11533
-15613
-16138
-12989
-6882
792
8285
13892
16336
15061
10356
3294
-4519
-11302
-15512
-16191
-13182
-7173
470
8006
13719
16308
15184
10603
3608
-4209
-11067
-15406
-16237
-13371
-7461
148
7724
13540
16274
15302
10846
3921
-3897
-10828
-15293
-16277
-13554
-7745
-173
7438
13357
16233
15414
11086
4233
-3584
-10584
-15175
-16311
-13732
-8027
-495
7150
13168
16187
15520
11320
4543
-3269
-10337
-15051
-16338
-13905
-8306
-816
6860
12974
16134
15621
11551
4851
-2953
-10085
-14921
-16359
-14073
-8582
-1137
6566
12775
16075
15715
11777
5157
-2636
-9830
-14785
-16374
-14235
-8854
-1458
6270
12571
16009
15803
11998
5462
-2318
-9570
-14643
-16382
-14391
-9123
-1778
5972
12362
15938
15885
12215
5764
-2000
-9308
-14496
-16385
-14542
-9389
-2098
5671
12149
15860
15960
12427
6064
-1680
-9041
-14344
-16380
-14688
-9651
-2416
5368
11930
15776
16030
12634
6361
-1360
-8771
-14185
-16370
-14827
-9909
-2734
5063
11708
15686
16093
12836
6657
-1039
-8498
-14022
-16353
-14961
-10163
-3051
4756
11480
15590
16151
13034
6949
-717
-8221
-13853
-16330
-15090
-10413
-3366
4447
11248
15488
16202
13226
7239
-396
-7941
-13678
-16301
-15212
-10660
-3680
4137
11012
15380
16247
13414
7527
-74
-7658
-13498
-16265
-15329
-10902
-3993
3825
10772
15267
16285
13596
7811
247
-7372
-13313
-16223
-15439
-11140
-4304
3511
10528
15147
16317
13773
8092
569
-7084
-13123
-16175
-15544
-11374
-4614
3196
10279
15021
16343
13944
8370
890
-6792
-12928
-16121
-15643
-11603
-4922
2880
10027
14890
16363
14110
8645
1211
-6498
-12728
-16060
-15735
-11828
-5228
2563
9770
14753
16376
14271
8917
1532
-6201
-12523
-15993
-15822
-12048
-5531
2245
9510
14610
16383
14427
9185
1852
-5903
-12313
-15920
-15903
-12264
-5833
1926
9246
14462
16384
14576
9450
2171
-5601
-12099
-15841
-15977
-12475
-6133
1606
8979
14308
16379
14720
9711
2490
-5298
-11879
-15756
-16045
-12681
-6430
1286
8708
14148
16367
14859
9968
2807
-4992
-11655
-15665
-16107
-12882
-6724
965
8434
13983
16348
14991
10221
3124
-4685
-11427
-15567
-16163
-13079
-7017
643
8157
13813
16324
15118
10471
3439
-4376
-11194
-15464
-16213
-13270
-7306
322
7876
13637
16293
15240
10716
3753
-4065
-10957
-15355
-16256
-13456
-7592
0
7592
13456
16256
15355
10957
4065
-3753
-10716
-15240
-16293
-13637
-7876
-322
7306
13270
16213
15464
11194
4376
-3439
-10471
-15118
-16324
-13813
-8157
-643
7017
13079
16163
15567
11427
4685
-3124
-10221
-14991
-16348
-13983
-8434
-965
6724
12882
16107
15665
11655
4992
-2807
-9968
-14859
-16367
-14148
-8708
-1286
6430
12681
16045
15756
11879
5298
-2490
-9711
-14720
-16379
-14308
-8979
-1606
6133
12475
15977
15841
12099
5601
-2171
-9450
-14576
-16384
-14462
-9246
-1926
5833
12264
15903
15920
12313
5903
-1852
-9185
-14427
-16383
-14610
-9510
-2245
5531
12048
15822
15993
12523
6201
-1532
-8917
-14271
-16376
-14753
-9770
-2563
5228
11828
15735
16060
12728
6498
-1211
-8645
-14110
-16363
-14890
-10027
-2880
4922
11603
15643
16121
12928
6792
-890
-8370
-13944
-16343
-15021
-10279
-3196
4614
11374
15544
16175
13123
7084
-569
-8092
-13773
-16317
-15147
-10528
-3511
4304
11140
15439
16223
13313
7372
-247
-7811
-13596
-16285
-15267
-10772
-3825
3993
10902
15329
16265
13498
7658
74
-7527
-13414
-16247
-15380
-11012
-4137
3680
10660
15212
16301
13678
7941
396
-7239
-13226
-16202
-15488
-11248
-4447
3366
10413
15090
16330
13853
8221
717
-6949
-13034
-16151
-15590
-11480
-4756
3051
10163
14961
16353
14022
8498
1039
-6657
-12836
-16093
-15686
-11708
-5063
2734
9909
14827
16370
14185
8771
1360
-6361
-12634
-16030
-15776
-11930
-5368
2416
9651
14688
16380
14344
9041
1680
-6064
-12427
-15960
-15860
-12149
-5671
2098
9389
14542
16385
14496
9308
2000
-5764
-12215
-15885
-15938
-12362
-5972
1778
9123
14391
16382
14643
9570
2318
-5462
-11998
-15803
-16009
-12571
-6270
1458
8854
14235
16374
14785
9830
2636
-5157
-11777
-15715
-16075
-12775
-6566
1137
8582
14073
16359
14921
10085
2953
-4851
-11551
-15621
-16134
-12974
-6860
816
8306
13905
16338
15051
10337
3269
-4543
-11320
-15520
-16187
-13168
-7150
495
8027
13732
16311
15175
10584
3584
-4233
-11086
-15414
-16233
-13357
-7438
173
7745
13554
16277
15293
10828
3897
-3921
-10846
-15302
-16274
-13540
-7724
-148
7461
13371
16237
15406
11067
4209
-3608
-10603
-15184
-16308
-13719
-8006
-470
7173
13182
16191
15512
11302
4519
-3294
-10356
-15061
-16336
-13892
-8285
-792
6882
12989
16138
15613
11533
4827
-2978
-10105
-14931
-16358
-14060
-8561
-1113
6589
12790
16079
15708
11759
5134
-2661
-9850
-14796
-16373
-14222
-8834
-1433
6293
12587
16014
15796
11981
5438
-2343
-9591
-14655
-16382
-14379
-9103
-1754
5995
12378
15943
15878
12198
5741
-2024
-9328
-14508
-16385
-14531
-9369
-2073
5694
12165
15866
15955
12411
6041
-1704
-9062
-14356
-16381
-14677
-9631
-2392
5391
11947
15783
16025
12618
6339
-1384
-8792
-14198
-16371
-14817
-9889
-2710
5087
11725
15693
16089
12821
6634
-1063
-8519
-14034
-16355
-14951
-10144
-3026
4780
11498
15598
16147
13019
6927
-742
-8242
-13866
-16332
-15080
-10394
-3342
4471
11266
15496
16198
13212
7217
-421
-7963
-13692
-16303
-15203
-10641
-3656
4161
11031
15389
16243
13399
7505
-99
-7680
-13512
-16268
-15320
-10884
-3969
3849
10791
15276
16282
13582
7789
223
-7394
-13328
-16227
-15431
-11122
-4280
3536
10547
15156
16315
13759
8071
544
-7106
-13138
-16179
-15536
-11356
-4590
3221
10298
15031
16342
13931
8349
866
-6815
-12943
-16125
-15635
-11586
-4898
2905
10046
14900
16362
14098
8624
1187
-6521
-12744
-16065
-15729
-11811
-5204
2588
9790
14764
16376
14259
8896
1507
-6224
-12539
-15999
-15816
-12032
-5508
2269
9530
14621
16383
14415
9164
1827
-5926
-12329
-15926
-15897
-12248
-5810
1950
9267
14473
16384
14565
9429
2147
-5625
-12115
-15847
-15971
-12459
-6110
1631
9000
14320
16379
14709
9691
2465
-5321
-11896
-15763
-16040
-12665
-6407
1310
8729
14161
16368
14848
9948
2783
-5016
-11673
-15672
-16103
-12867
-6702
989
8455
13996
16350
14981
10202
3099
-4709
-11445
-15575
-16159
-13064
-6994
668
8178
13826
16326
15109
10452
3415
-4400
-11212
-15472
-16209
-13255
-7284
346
7898
13651
16296
15230
10697
3729
-4089
-10976
-15363
-16253
-13442
-7570
25
7614
13470
16259
15346
10939
4041
-3777
-10735
-15249
-16291
-13623
-7854
-297
7328
13284
16216
15456
11176
4352
-3463
-10490
-15128
-16322
-13799
-8135
-619
7039
13094
16167
15560
11409
4661
-3148
-10241
-15001
-16347
-13970
-8413
-940
6747
12898
16112
15657
11638
4969
-2832
-9987
-14869
-16365
-14136
-8687
-1261
6453
12697
16050
15749
11862
5274
-2514
-9730
-14731
-16378
-14296
-8958
-1581
6156
12491
15982
15835
12082
5578
-2196
-9470
-14588
-16384
-14450
-9226
-1901
5856
12280
15909
15914
12297
5879
-1877
-9205
-14438
-16384
-14599
-9490
-2220
5555
12065
15828
15988
12507
6179
-1557
-8938
-14283
-16377
-14742
-9750
-2539
5251
11845
15742
16055
12712
6475
-1236
-8666
-14123
-16364
-14880
-10007
-2856
4945
11621
15650
16116
12913
6770
-915
-8392
-13957
-16345
-15011
-10260
-3172
4638
11392
15552
16171
13108
7061
-594
-8114
-13786
-16320
-15137
-10509
-3487
4328
11158
15448
16220
13299
7350
-272
-7833
-13610
-16288
-15258
-10753
-3801
4017
10920
15337
16262
13484
7636
49
-7549
-13428
-16250
-15372
-10994
-4113
3704
10679
15221
16298
13664
7919
371
-7262
-13241
-16205
-15480
-11230
-4424
3390
10433
15099
16328
13839
8199
693
-6972
-13049
-16155
-15583
-11463
-4733
3075
10182
14971
16352
14009
8476
1014
-6679
-12852
-16098
-15679
-11690
-5040
2758
9928
14838
16369
14173
8750
1335
-6384
-12650
-16035
-15769
-11913
-5345
2441
9671
14699
16380
14332
9020
1655
-6087
-12443
-15966
-15854
-12132
-5648
2122
9409
14554
16384
14485
9287
1975
-5787
-12231
-15891
-15932
-12346
-5949
1803
9144
14403
16383
14632
9550
2294
-5485
-12015
-15809
-16004
-12555
-6247
1483
8875
14247
16375
14774
9810
2612
-5181
-11794
-15722
-16070
-12759
-6543
1162
8603
14085
16360
14911
10066
2929
-4874
-11568
-15628
-16129
-12959
-6837
841
8328
13918
16340
15041
10318
3245
-4566
-11338
-15528
-16183
-13153
-7128
520
8049
13746
16313
15166
10566
3560
-4257
-11104
-15423
-16230
-13342
-7416
198
7767
13568
16280
15285
10809
3873
-3945
-10865
-15311
-16271
-13526
-7702
-124
7483
13385
16240
15397
11049
4185
-3632
-10622
-15194
-16306
-13705
-7984
-445
7195
13197
16194
15504
11284
4495
-3318
-10375
-15070
-16334
-13879
-8264
-767
6905
13004
16142
15605
11515
4804
-3002
-10124
-14941
-16356
-14047
-8540
-1088
6611
12806
16084
15701
11742
5110
-2685
-9869
-14806
-16372
-14210
-8813
-1409
6316
12602
16020
15789
11964
5415
-2367
-9611
-14666
-16381
-14367
-9082
-1729
6018
12394
15949
15872
12182
5717
-2049
-9348
-14519
-16385
-14519
-9348
-2049
5717
12182
15872
15949
12394
6018
-1729
-9082
-14367
-16381
-14666
-9611
-2367
5415
11964
15789
16020
12602
6316
-1409
-8813
-14210
-16372
-14806
-9869
-2685
5110
11742
15701
16084
12806
6611
-1088
-8540
-14047
-16356
-14941
-10124
-3002
4804
11515
15605
16142
13004
6905
-767
-8264
-13879
-16334
-15070
-10375
-3318
4495
11284
15504
16194
13197
7195
-445
-7984
-13705
-16306
-15194
-10622
-3632
4185
11049
15397
16240
13385
7483
-124
-7702
-13526
-16271
-15311
-10865
-3945
3873
10809
15285
16280
13568
7767
198
-7416
-13342
-16230
-15423
-11104
-4257
3560
10566
15166
16313
13746
8049
520
-7128
-13153
-16183
-15528
-11338
-4566
3245
10318
15041
16340
13918
8328
841
-6837
-12959
-16129
-15628
-11568
-4874
2929
10066
14911
16360
14085
8603
1162
-6543
-12759
-16070
-15722
-11794
-5181
2612
9810
14774
16375
14247
8875
1483
-6247
-12555
-16004
-15809
-12015
-5485
2294
9550
14632
16383
14403
9144
1803
-5949
-12346
-15932
-15891
-12231
-5787
1975
9287
14485
16384
14554
9409
2122
-5648
-12132
-15854
-15966
-12443
-6087
1655
9020
14332
16380
14699
9671
2441
-5345
-11913
-15769
-16035
-12650
-6384
1335
8750
14173
16369
14838
9928
2758
-5040
-11690
-15679
-16098
-12852
-6679
1014
8476
14009
16352
14971
10182
3075
-4733
-11463
-15583
-16155
-13049
-6972
693
8199
13839
16328
15099
10433
3390
-4424
-11230
-15480
-16205
-13241
-7262
371
7919
13664
16298
15221
10679
3704
-4113
-10994
-15372
-16250
-13428
-7549
49
7636
13484
16262
15337
10920
4017
-3801
-10753
-15258
-16288
-13610
-7833
-272
7350
13299
16220
15448
11158
4328
-3487
-10509
-15137
-16320
-13786
-8114
-594
7061
13108
16171
15552
11392
4638
-3172
-10260
-15011
-16345
-13957
-8392
-915
6770
12913
16116
15650
11621
4945
-2856
-10007
-14880
-16364
-14123
-8666
-1236
6475
12712
16055
15742
11845
5251
-2539
-9750
-14742
-16377
-14283
-8938
-1557
6179
12507
15988
15828
12065
5555
-2220
-9490
-14599
-16384
-14438
-9205
-1877
5879
12297
15914
15909
12280
5856
-1901
-9226
-14450
-16384
-14588
-9470
-2196
5578
12082
15835
15982
12491
6156
-1581
-8958
-14296
-16378
-14731
-9730
-2514
5274
11862
15749
16050
12697
6453
-1261
-8687
-14136
-16365
-14869
-9987
-2832
4969
11638
15657
16112
12898
6747
-940
-8413
-13970
-16347
-15001
-10241
-3148
4661
11409
15560
16167
13094
7039
-619
-8135
-13799
-16322
-15128
-10490
-3463
4352
11176
15456
16216
13284
7328
-297
-7854
-13623
-16291
-15249
-10735
-3777
4041
10939
15346
16259
13470
7614
25
-7570
-13442
-16253
-15363
-10976
-4089
3729
10697
15230
16296
13651
7898
346
-7284
-13255
-16209
-15472
-11212
-4400
3415
10452
15109
16326
13826
8178
668
-6994
-13064
-16159
-15575
-11445
-4709
3099
10202
14981
16350
13996
8455
989
-6702
-12867
-16103
-15672
-11673
-5016
2783
9948
14848
16368
14161
8729
1310
-6407
-12665
-16040
-15763
-11896
-5321
2465
9691
14709
16379
14320
9000
1631
-6110
-12459
-15971
-15847
-12115
-5625
2147
9429
14565
16384
14473
9267
1950
-5810
-12248
-15897
-15926
-12329
-5926
1827
9164
14415
16383
14621
9530
2269
-5508
-12032
-15816
-15999
-12539
-6224
1507
8896
14259
16376
14764
9790
2588
-5204
-11811
-15729
-16065
-12744
-6521
1187
8624
14098
16362
14900
10046
2905
-4898
-11586
-15635
-16125
-12943
-6815
866
8349
13931
16342
15031
10298
3221
-4590
-11356
-15536
-16179
-13138
-7106
544
8071
13759
16315
15156
10547
3536
-4280
-11122
-15431
-16227
-13328
-7394
223
7789
13582
16282
15276
10791
3849
-3969
-10884
-15320
-16268
-13512
-7680
-99
7505
13399
16243
15389
11031
4161
-3656
-10641
-15203
-16303
-13692
-7963
-421
7217
13212
16198
15496
11266
4471
-3342
-10394
-15080
-16332
-13866
-8242
-742
6927
13019
16147
15598
11498
4780
-3026
-10144
-14951
-16355
-14034
-8519
-1063
6634
12821
16089
15693
11725
5087
-2710
-9889
-14817
-16371
-14198
-8792
-1384
6339
12618
16025
15783
11947
5391
-2392
-9631
-14677
-16381
-14356
-9062
-1704
6041
12411
15955
15866
12165
5694
-2073
-9369
-14531
-16385
-14508
-9328
-2024
5741
12198
15878
15943
12378
5995
-1754
-9103
-14379
-16382
-14655
-9591
-2343
5438
11981
15796
16014
12587
6293
-1433
-8834
-14222
-16373
-14796
-9850
-2661
5134
11759
15708
16079
12790
6589
-1113
-8561
-14060
-16358
-14931
-10105
-2978
4827
11533
15613
16138
12989
6882
-792
-8285
-13892
-16336
-15061
-10356
-3294
4519
11302
15512
16191
13182
7173
-470
-8006
-13719
-16308
-15184
-10603
-3608
4209
11067
15406
16237
13371
7461
-148
-7724
-13540
-16274
-15302
-10846
-3921
3897
10828
15293
16277
13554
7745
173
-7438
-13357
-16233
-15414
-11086
-4233
3584
10584
15175
16311
13732
8027
495
-7150
-13168
-16187
-15520
-11320
-4543
3269
10337
15051
16338
13905
8306
816
-6860
-12974
-16134
-15621
-11551
-4851
2953
10085
14921
16359
14073
8582
1137
-6566
-12775
-16075
-15715
-11777
-5157
2636
9830
14785
16374
14235
8854
1458
-6270
-12571
-16009
-15803
-11998
-5462
2318
9570
14643
16382
14391
9123
1778
-5972
-12362
-15938
-15885
-12215
-5764
2000
9308
14496
16385
14542
9389
2098
-5671
-12149
-15860
-15960
-12427
-6064
1680
9041
14344
16380
14688
9651
2416
-5368
-11930
-15776
-16030
-12634
-6361
1360
8771
14185
16370
14827
9909
2734
-5063
-11708
-15686
-16093
-12836
-6657
1039
8498
14022
16353
14961
10163
3051
-4756
-11480
-15590
-16151
-13034
-6949
717
8221
13853
16330
15090
10413
3366
-4447
-11248
-15488
-16202
-13226
-7239
396
7941
13678
16301
15212
10660
3680
-4137
-11012
-15380
-16247
-13414
-7527
74
7658
13498
16265
15329
10902
3993
-3825
-10772
-15267
-16285
-13596
-7811
-247
7372
13313
16223
15439
11140
4304
-3511
-10528
-15147
-16317
-13773
-8092
-569
7084
13123
16175
15544
11374
4614
-3196
-10279
-15021
-16343
-13944
-8370
-890
6792
12928
16121
15643
11603
4922
-2880
-10027
-14890
-16363
-14110
-8645
-1211
6498
12728
16060
15735
11828
5228
-2563
-9770
-14753
-16376
-14271
-8917
-1532
6201
12523
15993
15822
12048
5531
-2245
-9510
-14610
-16383
-14427
-9185
-1852
5903
12313
15920
15903
12264
5833
-1926
-9246
-14462
-16384
-14576
-9450
-2171
5601
12099
15841
15977
12475
6133
-1606
-8979
-14308
-16379
-14720
-9711
-2490
5298
11879
15756
16045
12681
6430
-1286
-8708
-14148
-16367
-14859
-9968
-2807
4992
11655
15665
16107
12882
6724
-965
-8434
-13983
-16348
-14991
-10221
-3124
4685
11427
15567
16163
13079
7017
-643
-8157
-13813
-16324
-15118
-10471
-3439
4376
11194
15464
16213
13270
7306
-322
-7876
-13637
-16293
-15240
-10716
-3753
4065
10957
15355
16256
13456
7592
0
-7592
-13456
-16256
-15355
-10957
-4065
3753
10716
15240
16293
13637
7876
322
-7306
-13270
-16213
-15464
-11194
-4376
3439
10471
15118
16324
13813
8157
643
-7017
-13079
-16163
-15567
-11427
-4685
3124
10221
14991
16348
13983
8434
965
-6724
-12882
-16107
-15665
-11655
-4992
2807
9968
14859
16367
14148
8708
1286
-6430
-12681
-16045
-15756
-11879
-5298
2490
9711
14720
16379
14308
8979
1606
-6133
-12475
-15977
-15841
-12099
-5601
2171
9450
14576
16384
14462
9246
1926
-5833
-12264
-15903
-15920
-12313
-5903
1852
9185
14427
16383
14610
9510
2245
-5531
-12048
-15822
-15993
-12523
-6201
1532
8917
14271
16376
14753
9770
2563
-5228
-11828
-15735
-16060
-12728
-6498
1211
8645
14110
16363
14890
10027
2880
-4922
-11603
-15643
-16121
-12928
-6792
890
8370
13944
16343
15021
10279
3196
-4614
-11374
-15544
-16175
-13123
-7084
569
8092
13773
16317
15147
10528
3511
-4304
-11140
-15439
-16223
-13313
-7372
247
7811
13596
16285
15267
10772
3825
-3993
-10902
-15329
-16265
-13498
-7658
-74
7527
13414
16247
15380
11012
4137
-3680
-10660
-15212
-16301
-13678
-7941
-396
7239
13226
16202
15488
11248
4447
-3366
-10413
-15090
-16330
-13853
-8221
-717
6949
13034
16151
15590
11480
4756
-3051
-10163
-14961
-16353
-14022
-8498
-1039
6657
12836
16093
15686
11708
5063
-2734
-9909
-14827
-16370
-14185
-8771
-1360
6361
12634
16030
15776
11930
5368
-2416
-9651
-14688
-16380
-14344
-9041
-1680
6064
12427
15960
15860
12149
5671
-2098
-9389
-14542
-16385
-14496
-9308
-2000
5764
12215
15885
15938
12362
5972
-1778
-9123
-14391
-16382
-14643
-9570
-2318
5462
11998
15803
16009
12571
6270
-1458
-8854
-14235
-16374
-14785
-9830
-2636
5157
11777
15715
16075
12775
6566
-1137
-8582
-14073
-16359
-14921
-10085
-2953
4851
11551
15621
16134
12974
6860
-816
-8306
-13905
-16338
-15051
-10337
-3269
4543
11320
15520
16187
13168
7150
-495
-8027
-13732
-16311
-15175
-10584
-3584
4233
11086
15414
16233
13357
7438
-173
-7745
-13554
-16277
-15293
-10828
-3897
3921
10846
15302
16274
13540
7724
148
-7461
-13371
-16237
-15406
-11067
-4209
3608
10603
15184
16308
13719
8006
470
-7173
-13182
-16191
-15512
-11302
-4519
3294
10356
15061
16336
13892
8285
792
-6882
-12989
-16138
-15613
-11533
-4827
2978
10105
14931
16358
14060
8561
1113
-6589
-12790
-16079
-15708
-11759
-5134
2661
9850
14796
16373
14222
8834
1433
-6293
-12587
-16014
-15796
-11981
-5438
2343
9591
14655
16382
14379
9103
1754
-5995
-12378
-15943
-15878
-12198
-5741
2024
9328
14508
16385
14531
9369
2073
-5694
-12165
-15866
-15955
-12411
-6041
1704
9062
14356
16381
14677
9631
2392
-5391
-11947
-15783
-16025
-12618
-6339
1384
8792
14198
16371
14817
9889
2710
-5087
-11725
-15693
-16089
-12821
-6634
1063
8519
14034
16355
14951
10144
3026
-4780
-11498
-15598
-16147
-13019
-6927
742
8242
13866
16332
15080
10394
3342
-4471
-11266
-15496
-16198
-13212
-7217
421
7963
13692
16303
15203
10641
3656
-4161
-11031
-15389
-16243
-13399
-7505
99
7680
13512
16268
15320
10884
3969
-3849
-10791
-15276
-16282
-13582
-7789
-223
7394
13328
16227
15431
11122
4280
-3536
-10547
-15156
-16315
-13759
-8071
-544
7106
13138
16179
15536
11356
4590
-3221
-10298
-15031
-16342
-13931
-8349
-866
6815
12943
16125
15635
11586
4898
-2905
-10046
-14900
-16362
-14098
-8624
-1187
6521
12744
16065
15729
11811
5204
-2588
-9790
-14764
-16376
-14259
-8896
-1507
6224
12539
15999
15816
12032
5508
-2269
-9530
-14621
-16383
-14415
-9164
-1827
5926
12329
15926
15897
12248
5810
-1950
-9267
-14473
-16384
-14565
-9429
-2147
5625
12115
15847
15971
12459
6110
-1631
-9000
-14320
-16379
-14709
-9691
-2465
5321
11896
15763
16040
12665
6407
-1310
-8729
-14161
-16368
-14848
-9948
-2783
5016
11673
15672
16103
12867
6702
-989
-8455
-13996
-16350
-14981
-10202
-3099
4709
11445
15575
16159
13064
6994
-668
-8178
-13826
-16326
-15109
-10452
-3415
4400
11212
15472
16209
13255
7284
-346
-7898
-13651
-16296
-15230
-10697
-3729
4089
10976
15363
16253
13442
7570
-25
-7614
-13470
-16259
-15346
-10939
-4041
3777
10735
15249
16291
13623
7854
297
-7328
-13284
-16216
-15456
-11176
-4352
3463
10490
15128
16322
13799
8135
619
-7039
-13094
-16167
-15560
-11409
-4661
3148
10241
15001
16347
13970
8413
940
-6747
-12898
-16112
-15657
-11638
-4969
2832
9987
14869
16365
14136
8687
1261
-6453
-12697
-16050
-15749
-11862
-5274
2514
9730
14731
16378
14296
8958
1581
-6156
-12491
-15982
-15835
-12082
-5578
2196
9470
14588
16384
14450
9226
1901
-5856
-12280
-15909
-15914
-12297
-5879
1877
9205
14438
16384
14599
9490
2220
-5555
-12065
-15828
-15988
-12507
-6179
1557
8938
14283
16377
14742
9750
2539
-5251
-11845
-15742
-16055
-12712
-6475
1236
8666
14123
16364
14880
10007
2856
-4945
-11621
-15650
-16116
-12913
-6770
915
8392
13957
16345
15011
10260
3172
-4638
-11392
-15552
-16171
-13108
-7061
594
8114
13786
16320
15137
10509
3487
-4328
-11158
-15448
-16220
-13299
-7350
272
7833
13610
16288
15258
10753
3801
-4017
-10920
-15337
-16262
-13484
-7636
-49
7549
13428
16250
15372
10994
4113
-3704
-10679
-15221
-16298
-13664
-7919
-371
7262
13241
16205
15480
11230
4424
-3390
-10433
-15099
-16328
-13839
-8199
-693
6972
13049
16155
15583
11463
4733
-3075
-10182
-14971
-16352
-14009
-8476
-1014
6679
12852
16098
15679
11690
5040
-2758
-9928
-14838
-16369
-14173
-8750
-1335
6384
12650
16035
15769
11913
5345
-2441
-9671
-14699
-16380
-14332
-9020
-1655
6087
12443
15966
15854
12132
5648
-2122
-9409
-14554
-16384
-14485
-9287
-1975
5787
12231
15891
15932
12346
5949
-1803
-9144
-14403
-16383
-14632
-9550
-2294
5485
12015
15809
16004
12555
6247
-1483
-8875
-14247
-16375
-14774
-9810
-2612
5181
11794
15722
16070
12759
6543
-1162
-8603
-14085
-16360
-14911
-10066
-2929
4874
11568
15628
16129
12959
6837
-841
-8328
-13918
-16340
-15041
-10318
-3245
4566
11338
15528
16183
13153
7128
-520
-8049
-13746
-16313
-15166
-10566
-3560
4257
11104
15423
16230
13342
7416
-198
-7767
-13568
-16280
-15285
-10809
-3873
3945
10865
15311
16271
13526
7702
124
-7483
-13385
-16240
-15397
-11049
-4185
3632
10622
15194
16306
13705
7984
445
-7195
-13197
-16194
-15504
-11284
-4495
3318
10375
15070
16334
13879
8264
767
-6905
-13004
-16142
-15605
-11515
-4804
3002
10124
14941
16356
14047
8540
1088
-6611
-12806
-16084
-15701
-11742
-5110
2685
9869
14806
16372
14210
8813
1409
-6316
-12602
-16020
-15789
-11964
-5415
2367
9611
14666
16381
14367
9082
1729
-6018
-12394
-15949
-15872
-12182
-5717
2049
9348
14519
16385
14519
9348
2049
-5717
-12182
-15872
-15949
-12394
-6018
1729
9082
14367
16381
14666
9611
2367
-5415
-11964
-15789
-16020
-12602
-6316
1409
8813
14210
16372
14806
9869
2685
-5110
-11742
-15701
-16084
-12806
-6611
1088
8540
14047
16356
14941
10124
3002
-4804
-11515
-15605
-16142
-13004
-6905
767
8264
13879
16334
15070
10375
3318
-4495
-11284
-15504
-16194
-13197
-7195
445
7984
13705
16306
15194
10622
3632
-4185
-11049
-15397
-16240
-13385
-7483
124
7702
13526
16271
15311
10865
3945
-3873
-10809
-15285
-16280
-13568
-7767
-198
7416
13342
16230
15423
11104
4257
-3560
-10566
-15166
-16313
-13746
-8049
-520
7128
13153
16183
15528
11338
4566
-3245
-10318
-15041
-16340
-13918
-8328
-841
6837
12959
16129
15628
11568
4874
-2929
-10066
-14911
-16360
-14085
-8603
-1162
6543
12759
16070
15722
11794
5181
-2612
-9810
-14774
-16375
-14247
-8875
-1483
6247
12555
16004
15809
12015
5485
-2294
-9550
-14632
-16383
-14403
-9144
-1803
5949
12346
15932
15891
12231
5787
-1975
-9287
-14485
-16384
-14554
-9409
-2122
5648
12132
15854
15966
12443
6087
-1655
-9020
-14332
-16380
-14699
-9671
-2441
5345
11913
15769
16035
12650
6384
-1335
-8750
-14173
-16369
-14838
-9928
-2758
5040
11690
15679
16098
12852
6679
-1014
-8476
-14009
-16352
-14971
-10182
-3075
4733
11463
15583
16155
13049
6972
-693
-8199
-13839
-16328
-15099
-10433
-3390
4424
11230
15480
16205
13241
7262
-371
-7919
-13664
-16298
-15221
-10679
-3704
4113
10994
15372
16250
13428
7549
-49
-7636
-13484
-16262
-15337
-10920
-4017
3801
10753
15258
16288
13610
7833
272
-7350
-13299
-16220
-15448
-11158
-4328
3487
10509
15137
16320
13786
8114
594
-7061
-13108
-16171
-15552
-11392
-4638
3172
10260
15011
16345
13957
8392
915
-6770
-12913
-16116
-15650
-11621
-4945
2856
10007
14880
16364
14123
8666
1236
-6475
-12712
-16055
-15742
-11845
-5251
2539
9750
14742
16377
14283
8938
1557
-6179
-12507
-15988
-15828
-12065
-5555
2220
9490
14599
16384
14438
9205
1877
-5879
-12297
-15914
-15909
-12280
-5856
1901
9226
14450
16384
14588
9470
2196
-5578
-12082
-15835
-15982
-12491
-6156
1581
8958
14296
16378
14731
9730
2514
-5274
-11862
-15749
-16050
-12697
-6453
1261
8687
14136
16365
14869
9987
2832
-4969
-11638
-15657
-16112
-12898
-6747
940
8413
13970
16347
15001
10241
3148
-4661
-11409
-15560
-16167
-13094
-7039
619
8135
13799
16322
15128
10490
3463
-4352
-11176
-15456
-16216
-13284
-7328
297
7854
13623
16291
15249
10735
3777
-4041
-10939
-15346
-16259
-13470
-7614
-25
7570
13442
16253
15363
10976
4089
-3729
-10697
-15230
-16296
-13651
-7898
-346
7284
13255
16209
15472
11212
4400
-3415
-10452
-15109
-16326
-13826
-8178
-668
6994
13064
16159
15575
11445
4709
-3099
-10202
-14981
-16350
-13996
-8455
-989
6702
12867
16103
15672
11673
5016
-2783
-9948
-14848
-16368
-14161
-8729
-1310
6407
12665
16040
15763
11896
5321
-2465
-9691
-14709
-16379
-14320
-9000
-1631
6110
12459
15971
15847
12115
5625
-2147
-9429
-14565
-16384
-14473
-9267
-1950
5810
12248
15897
15926
12329
5926
-1827
-9164
-14415
-16383
-14621
-9530
-2269
5508
12032
15816
15999
12539
6224
-1507
-8896
-14259
-16376
-14764
-9790
-2588
5204
11811
15729
16065
12744
6521
-1187
-8624
-14098
-16362
-14900
-10046
-2905
4898
11586
15635
16125
12943
6815
-866
-8349
-13931
-16342
-15031
-10298
-3221
4590
11356
15536
16179
13138
7106
-544
-8071
-13759
-16315
-15156
-10547
-3536
4280
11122
15431
16227
13328
7394
-223
-7789
-13582
-16282
-15276
-10791
-3849
3969
10884
15320
16268
13512
7680
99
-7505
-13399
-16243
-15389
-11031
-4161
3656
10641
15203
16303
13692
7963
421
-7217
-13212
-16198
-15496
-11266
-4471
3342
10394
15080
16332
13866
8242
742
-6927
-13019
-16147
-15598
-11498
-4780
3026
10144
14951
16355
14034
8519
1063
-6634
-12821
-16089
-15693
-11725
-5087
2710
9889
14817
16371
14198
8792
1384
-6339
-12618
-16025
-15783
-11947
-5391
2392
9631
14677
16381
14356
9062
1704
-6041
-12411
-15955
-15866
-12165
-5694
2073
9369
14531
16385
14508
9328
2024
-5741
-12198
-15878
-15943
-12378
-5995
1754
9103
14379
16382
14655
9591
2343
-5438
-11981
-15796
-16014
-12587
-6293
1433
8834
14222
16373
14796
9850
2661
-5134
-11759
-15708
-16079
-12790
-6589
1113
8561
14060
16358
14931
10105
2978
-4827
-11533
-15613
-16138
-12989
-6882
792
8285
13892
16336
15061
10356
3294
-4519
-11302
-15512
-16191
-13182
-7173
470
8006
13719
16308
15184
10603
3608
-4209
-11067
-15406
-16237
-13371
-7461
148
7724
13540
16274
15302
10846
3921
-3897
-10828
-15293
-16277
-13554
-7745
-173
7438
13357
16233
15414
11086
4233
-3584
-10584
-15175
-16311
-13732
-8027
-495
7150
13168
16187
15520
11320
4543
-3269
-10337
-15051
-16338
-13905
-8306
-816
6860
12974
16134
15621
11551
4851
-2953
-10085
-14921
-16359
-14073
-8582
-1137
6566
12775
16075
15715
11777
5157
-2636
-9830
-14785
-16374
-14235
-8854
-1458
6270
12571
16009
15803
11998
5462
-2318
-9570
-14643
-16382
-14391
-9123
-1778
5972
12362
15938
15885
12215
5764
-2000
-9308
-14496
-16385
-14542
-9389
-2098
5671
12149
15860
15960
12427
6064
-1680
-9041
-14344
-16380
-14688
-9651
-2416
5368
11930
15776
16030
12634
6361
-1360
-8771
-14185
-16370
-14827
-9909
-2734
5063
11708
15686
16093
12836
6657
-1039
-8498
-14022
-16353
-14961
-10163
-3051
4756
11480
15590
16151
13034
6949
-717
-8221
-13853
-16330
-15090
-10413
-3366
4447
11248
15488
16202
13226
7239
-396
-7941
-13678
-16301
-15212
-10660
-3680
4137
11012
15380
16247
13414
7527
-74
-7658
-13498
-16265
-15329
-10902
-3993
3825
10772
15267
16285
13596
7811
247
-7372
-13313
-16223
-15439
-11140
-4304
3511
10528
15147
16317
13773
8092
569
-7084
-13123
-16175
-15544
-11374
-4614
3196
10279
15021
16343
13944
8370
890
-6792
-12928
-16121
-15643
-11603
-4922
2880
10027
14890
16363
14110
8645
1211
-6498
-12728
-16060
-15735
-11828
-5228
2563
9770
14753
16376
14271
8917
1532
-6201
-12523
-15993
-15822
-12048
-5531
2245
9510
14610
16383
14427
9185
1852
-5903
-12313
-15920
-15903
-12264
-5833
1926
9246
14462
16384
14576
9450
2171
-5601
-12099
-15841
-15977
-12475
-6133
1606
8979
14308
16379
14720
9711
2490
-5298
-11879
-15756
-16045
-12681
-6430
1286
8708
14148
16367
14859
9968
2807
-4992
-11655
-15665
-16107
-12882
-6724
965
8434
13983
16348
14991
10221
3124
-4685
-11427
-15567
-16163
-13079
-7017
643
8157
13813
16324
15118
10471
3439
-4376
-11194
-15464
-16213
-13270
-7306
322
7876
13637
16293
15240
10716
3753
-4065
-10957
-15355
-16256
-13456
-7592
0
7592
13456
16256
15355
10957
4065
-3753
-10716
-15240
-16293
-13637
-7876
-322
7306
13270
16213
15464
11194
4376
-3439
-10471
-15118
-16324
-13813
-8157
-643
7017
13079
16163
15567
11427
4685
-3124
-10221
-14991
-16348
-13983
-8434
-965
6724
12882
16107
15665
11655
4992
-2807
-9968
-14859
-16367
-14148
-8708
-1286
6430
12681
16045
15756
11879
5298
-2490
-9711
-14720
-16379
-14308
-8979
-1606
6133
12475
15977
15841
12099
5601
-2171
-9450
-14576
-16384
-14462
-9246
-1926
5833
12264
15903
15920
12313
5903
-1852
-9185
-14427
-16383
-14610
-9510
-2245
5531
12048
15822
15993
12523
6201
-1532
-8917
-14271
-16376
-14753
-9770
-2563
5228
11828
15735
16060
12728
6498
-1211
-8645
-14110
-16363
-14890
-10027
-2880
4922
11603
15643
16121
12928
6792
-890
-8370
-13944
-16343
-15021
-10279
-3196
4614
11374
15544
16175
13123
7084
-569
-8092
-13773
-16317
-15147
-10528
-3511
4304
11140
15439
16223
13313
7372
-247
-7811
-13596
-16285
-15267
-10772
-3825
3993
10902
15329
16265
13498
7658
74
-7527
-13414
-16247
-15380
-11012
-4137
3680
10660
15212
16301
13678
7941
396
-7239
-13226
-16202
-15488
-11248
-4447
3366
10413
15090
16330
13853
8221
717
-6949
-13034
-16151
-15590
-11480
-4756
3051
10163
14961
16353
14022
8498
1039
-6657
-12836
-16093
-15686
-11708
-5063
2734
9909
14827
16370
14185
8771
1360
-6361
-12634
-16030
-15776
-11930
-5368
2416
9651
14688
16380
14344
9041
1680
-6064
-12427
-15960
-15860
-12149
-5671
2098
9389
14542
16385
14496
9308
2000
-5764
-12215
-15885
-15938
-12362
-5972
1778
9123
14391
16382
14643
9570
2318
-5462
-11998
-15803
-16009
-12571
-6270
1458
8854
14235
16374
14785
9830
2636
-5157
-11777
-15715
-16075
-12775
-6566
1137
8582
14073
16359
14921
10085
2953
-4851
-11551
-15621
-16134
-12974
-6860
816
8306
13905
16338
15051
10337
3269
-4543
-11320
-15520
-16187
-13168
-7150
495
8027
13732
16311
15175
10584
3584
-4233
-11086
-15414
-16233
-13357
-7438
173
7745
13554
16277
15293
10828
3897
-3921
-10846
-15302
-16274
-13540
-7724
-148
7461
13371
16237
15406
11067
4209
-3608
-10603
-15184
-16308
-13719
-8006
-470
7173
13182
16191
15512
11302
4519
-3294
-10356
-15061
-16336
-13892
-8285
-792
6882
12989
16138
15613
11533
4827
-2978
-10105
-14931
-16358
-14060
-8561
-1113
6589
12790
16079
15708
11759
5134
-2661
-9850
-14796
-16373
-14222
-8834
-1433
6293
12587
16014
15796
11981
5438
-2343
-9591
-14655
-16382
-14379
-9103
-1754
5995
12378
15943
15878
12198
5741
-2024
-9328
-14508
-16385
-14531
-9369
-2073
5694
12165
15866
15955
12411
6041
-1704
-9062
-14356
-16381
-14677
-9631
-2392
5391
11947
15783
16025
12618
6339
-1384
-8792
-14198
-16371
-14817
-9889
-2710
5087
11725
15693
16089
12821
6634
-1063
-8519
-14034
-16355
-14951
-10144
-3026
4780
11498
15598
16147
13019
6927
-742
-8242
-13866
-16332
-15080
-10394
-3342
4471
11266
15496
16198
13212
7217
-421
-7963
-13692
-16303
-15203
-10641
-3656
4161
11031
15389
16243
13399
7505
-99
-7680
-13512
-16268
-15320
-10884
-3969
3849
10791
15276
16282
13582
7789
223
-7394
-13328
-16227
-15431
-11122
-4280
3536
10547
15156
16315
13759
8071
544
-7106
-13138
-16179
-15536
-11356
-4590
3221
10298
15031
16342
13931
8349
866
-6815
-12943
-16125
-15635
-11586
-4898
2905
10046
14900
16362
14098
8624
1187
-6521
-12744
-16065
-15729
-11811
-5204
2588
9790
14764
16376
14259
8896
1507
-6224
-12539
-15999
-15816
-12032
-5508
2269
9530
14621
16383
14415
9164
1827
-5926
-12329
-15926
-15897
-12248
-5810
1950
9267
14473
16384
14565
9429
2147
-5625
-12115
-15847
-15971
-12459
-6110
1631
9000
14320
16379
14709
9691
2465
-5321
-11896
-15763
-16040
-12665
-6407
1310
8729
14161
16368
14848
9948
2783
-5016
-11673
-15672
-16103
-12867
-6702
989
8455
13996
16350
14981
10202
3099
-4709
-11445
-15575
-16159
-13064
-6994
668
8178
13826
16326
15109
10452
3415
-4400
-11212
-15472
-16209
-13255
-7284
346
7898
13651
16296
15230
10697
3729
-4089
-10976
-15363
-16253
-13442
-7570
25
7614
13470
16259
15346
10939
4041
-3777
-10735
-15249
-16291
-13623
-7854
-297
7328
13284
16216
15456
11176
4352
-3463
-10490
-15128
-16322
-13799
-8135
-619
7039
13094
16167
15560
11409
4661
-3148
-10241
-15001
-16347
-13970
-8413
-940
6747
12898
16112
15657
11638
4969
-2832
-9987
-14869
-16365
-14136
-8687
-1261
6453
12697
16050
15749
11862
5274
-2514
-9730
-14731
-16378
-14296
-8958
-1581
6156
12491
15982
15835
12082
5578
-2196
-9470
-14588
-16384
-14450
-9226
-1901
5856
12280
15909
15914
12297
5879
-1877
-9205
-14438
-16384
-14599
-9490
-2220
5555
12065
15828
15988
12507
6179
-1557
-8938
-14283
-16377
-14742
-9750
-2539
5251
11845
15742
16055
12712
6475
-1236
-8666
-14123
-16364
-14880
-10007
-2856
4945
11621
15650
16116
12913
6770
-915
-8392
-13957
-16345
-15011
-10260
-3172
4638
11392
15552
16171
13108
7061
-594
-8114
-13786
-16320
-15137
-10509
-3487
4328
11158
15448
16220
13299
7350
-272
-7833
-13610
-16288
-15258
-10753
-3801
4017
10920
15337
16262
13484
7636
49
-7549
-13428
-16250
-15372
-10994
-4113
3704
10679
15221
16298
13664
7919
371
-7262
-13241
-16205
-15480
-11230
-4424
3390
10433
15099
16328
13839
8199
693
-6972
-13049
-16155
-15583
-11463
-4733
3075
10182
14971
16352
14009
8476
1014
-6679
-12852
-16098
-15679
-11690
-5040
2758
9928
14838
16369
14173
8750
1335
-6384
-12650
-16035
-15769
-11913
-5345
2441
9671
14699
16380
14332
9020
1655
-6087
-12443
-15966
-15854
-12132
-5648
2122
9409
14554
16384
14485
9287
1975
-5787
-12231
-15891
-15932
-12346
-5949
1803
9144
14403
16383
14632
9550
2294
-5485
-12015
-15809
-16004
-12555
-6247
1483
8875
14247
16375
14774
9810
2612
-5181
-11794
-15722
-16070
-12759
-6543
1162
8603
14085
16360
14911
10066
2929
-4874
-11568
-15628
-16129
-12959
-6837
841
8328
13918
16340
15041
10318
3245
-4566
-11338
-15528
-16183
-13153
-7128
520
8049
13746
16313
15166
10566
3560
-4257
-11104
-15423
-16230
-13342
-7416
198
7767
13568
16280
15285
10809
3873
-3945
-10865
-15311
-16271
-13526
-7702
-124
7483
13385
16240
15397
11049
4185
-3632
-10622
-15194
-16306
-13705
-7984
-445
7195
13197
16194
15504
11284
4495
-3318
-10375
-15070
-16334
-13879
-8264
-767
6905
13004
16142
15605
11515
4804
-3002
-10124
-14941
-16356
-14047
-8540
-1088
6611
12806
16084
15701
11742
5110
-2685
-9869
-14806
-16372
-14210
-8813
-1409
6316
12602
16020
15789
11964
5415
-2367
-9611
-14666
-16381
-14367
-9082
-1729
6018
12394
15949
15872
12182
5717
-2049
-9348
-14519
-16385
-14519
-9348
-2049
5717
12182
15872
15949
12394
6018
-1729
-9082
-14367
-16381
-14666
-9611
-2367
5415
11964
15789
16020
12602
6316
-1409
-8813
-14210
-16372
-14806
-9869
-2685
5110
11742
15701
16084
12806
6611
-1088
-8540
-14047
-16356
-14941
-10124
-3002
4804
11515
15605
16142
13004
6905
-767
-8264
-13879
-16334
-15070
-10375
-3318
4495
11284
15504
16194
13197
7195
-445
-7984
-13705
-16306
-15194
-10622
-3632
4185
11049
15397
16240
13385
7483
-124
-7702
-13526
-16271
-15311
-10865
-3945
3873
10809
15285
16280
13568
7767
198
-7416
-13342
-16230
-15423
-11104
-4257
3560
10566
15166
16313
13746
8049
520
-7128
-13153
-16183
-15528
-11338
-4566
3245
10318
15041
16340
13918
8328
841
-6837
-12959
-16129
-15628
-11568
-4874
2929
10066
14911
16360
14085
8603
1162
-6543
-12759
-16070
-15722
-11794
-5181
2612
9810
14774
16375
14247
8875
1483
-6247
-12555
-16004
-15809
-12015
-5485
2294
9550
14632
16383
14403
9144
1803
-5949
-12346
-15932
-15891
-12231
-5787
1975
9287
14485
16384
14554
9409
2122
-5648
-12132
-15854
-15966
-12443
-6087
1655
9020
14332
16380
14699
9671
2441
-5345
-11913
-15769
-16035
-12650
-6384
1335
8750
14173
16369
14838
9928
2758
-5040
-11690
-15679
-16098
-12852
-6679
1014
8476
14009
16352
14971
10182
3075
-4733
-11463
-15583
-16155
-13049
-6972
693
8199
13839
16328
15099
10433
3390
-4424
-11230
-15480
-16205
-13241
-7262
371
7919
13664
16298
15221
10679
3704
-4113
-10994
-15372
-16250
-13428
-7549
49
7636
13484
16262
15337
10920
4017
-3801
-10753
-15258
-16288
-13610
-7833
-272
7350
13299
16220
15448
11158
4328
-3487
-10509
-15137
-16320
-13786
-8114
-594
7061
13108
16171
15552
11392
4638
-3172
-10260
-15011
-16345
-13957
-8392
-915
6770
12913
16116
15650
11621
4945
-2856
-10007
-14880
-16364
-14123
-8666
-1236
6475
12712
16055
15742
11845
5251
-2539
-9750
-14742
-16377
-14283
-8938
-1557
6179
12507
15988
15828
12065
5555
-2220
-9490
-14599
-16384
-14438
-9205
-1877
5879
12297
15914
15909
12280
5856
-1901
-9226
-14450
-16384
-14588
-9470
-2196
5578
12082
15835
15982
12491
6156
-1581
-8958
-14296
-16378
-14731
-9730
-2514
5274
11862
15749
16050
12697
6453
-1261
-8687
-14136
-16365
-14869
-9987
-2832
4969
11638
15657
16112
12898
6747
-940
-8413
-13970
-16347
-15001
-10241
-3148
4661
11409
15560
16167
13094
7039
-619
-8135
-13799
-16322
-15128
-10490
-3463
4352
11176
15456
16216
13284
7328
-297
-7854
-13623
-16291
-15249
-10735
-3777
4041
10939
15346
16259
13470
7614
25
-7570
-13442
-16253
-15363
-10976
-4089
3729
10697
15230
16296
13651
7898
346
-7284
-13255
-16209
-15472
-11212
-4400
3415
10452
15109
16326
13826
8178
668
-6994
-13064
-16159
-15575
-11445
-4709
3099
10202
14981
16350
13996
8455
989
-6702
-12867
-16103
-15672
-11673
-5016
2783
9948
14848
16368
14161
8729
1310
-6407
-12665
-16040
-15763
-11896
-5321
2465
9691
14709
16379
14320
9000
1631
-6110
-12459
-15971
-15847
-12115
-5625
2147
9429
14565
16384
14473
9267
1950
-5810
-12248
-15897
-15926
-12329
-5926
1827
9164
14415
16383
14621
9530
2269
-5508
-12032
-15816
-15999
-12539
-6224
1507
8896
14259
16376
14764
9790
2588
-5204
-11811
-15729
-16065
-12744
-6521
1187
8624
14098
16362
14900
10046
2905
-4898
-11586
-15635
-16125
-12943
-6815
866
8349
13931
16342
15031
10298
3221
-4590
-11356
-15536
-16179
-13138
-7106
544
8071
13759
16315
15156
10547
3536
-4280
-11122
-15431
-16227
-13328
-7394
223
7789
13582
16282
15276
10791
3849
-3969
-10884
-15320
-16268
-13512
-7680
-99
7505
13399
16243
15389
11031
4161
-3656
-10641
-15203
-16303
-13692
-7963
-421
7217
13212
16198
15496
11266
4471
-3342
-10394
-15080
-16332
-13866
-8242
-742
6927
13019
16147
15598
11498
4780
-3026
-10144
-14951
-16355
-14034
-8519
-1063
6634
12821
16089
15693
11725
5087
-2710
-9889
-14817
-16371
-14198
-8792
-1384
6339
12618
16025
15783
11947
5391
-2392
-9631
-14677
-16381
-14356
-9062
-1704
6041
12411
15955
15866
12165
5694
-2073
-9369
-14531
-16385
-14508
-9328
-2024
5741
12198
15878
15943
12378
5995
-1754
-9103
-14379
-16382
-14655
-9591
-2343
5438
11981
15796
16014
12587
6293
-1433
-8834
-14222
-16373
-14796
-9850
-2661
5134
11759
15708
16079
12790
6589
-1113
-8561
-14060
-16358
-14931
-10105
-2978
4827
11533
15613
16138
12989
6882
-792
-8285
-13892
-16336
-15061
-10356
-3294
4519
11302
15512
16191
13182
7173
-470
-8006
-13719
-16308
-15184
-10603
-3608
4209
11067
15406
16237
13371
7461
-148
-7724
-13540
-16274
-15302
-10846
-3921
3897
10828
15293
16277
13554
7745
173
-7438
-13357
-16233
-15414
-11086
-4233
3584
10584
15175
16311
13732
8027
495
-7150
-13168
-16187
-15520
-11320
-4543
3269
10337
15051
16338
13905
8306
816
-6860
-12974
-16134
-15621
-11551
-4851
2953
10085
14921
16359
14073
8582
1137
-6566
-12775
-16075
-15715
-11777
-5157
2636
9830
14785
16374
14235
8854
1458
-6270
-12571
-16009
-15803
-11998
-5462
2318
9570
14643
16382
14391
9123
1778
-5972
-12362
-15938
-15885
-12215
-5764
2000
9308
14496
16385
14542
9389
2098
-5671
-12149
-15860
-15960
-12427
-6064
1680
9041
14344
16380
14688
9651
2416
-5368
-11930
-15776
-16030
-12634
-6361
1360
8771
14185
16370
14827
9909
2734
-5063
-11708
-15686
-16093
-12836
-6657
1039
8498
14022
16353
14961
10163
3051
-4756
-11480
-15590
-16151
-13034
-6949
717
8221
13853
16330
15090
10413
3366
-4447
-11248
-15488
-16202
-13226
-7239
396
7941
13678
16301
15212
10660
3680
-4137
-11012
-15380
-16247
-13414
-7527
74
7658
13498
16265
15329
10902
3993
-3825
-10772
-15267
-16285
-13596
-7811
-247
7372
13313
16223
15439
11140
4304
-3511
-10528
-15147
-16317
-13773
-8092
-569
7084
13123
16175
15544
11374
4614
-3196
-10279
-15021
-16343
-13944
-8370
-890
6792
12928
16121
15643
11603
4922
-2880
-10027
-14890
-16363
-14110
-8645
-1211
6498
12728
16060
15735
11828
5228
-2563
-9770
-14753
-16376
-14271
-8917
-1532
6201
12523
15993
15822
12048
5531
-2245
-9510
-14610
-16383
-14427
-9185
-1852
5903
12313
15920
15903
12264
5833
-1926
-9246
-14462
-16384
-14576
-9450
-2171
5601
12099
15841
15977
12475
6133
-1606
-8979
-14308
-16379
-14720
-9711
-2490
5298
11879
15756
16045
12681
6430
-1286
-8708
-14148
-16367
-14859
-9968
-2807
4992
11655
15665
16107
12882
6724
-965
-8434
-13983
-16348
-14991
-10221
-3124
4685
11427
15567
16163
13079
7017
-643
-8157
-13813
-16324
-15118
-10471
-3439
4376
11194
15464
16213
13270
7306
-322
-7876
-13637
-16293
-15240
-10716
-3753
4065
10957
15355
16256
13456
7592
0
-7592
-13456
-16256
-15355
-10957
-4065
3753
10716
15240
16293
13637
7876
322
-7306
-13270
-16213
-15464
-11194
-4376
3439
10471
15118
16324
13813
8157
643
-7017
-13079
-16163
-15567
-11427
-4685
3124
10221
14991
16348
13983
8434
965
-6724
-12882
-16107
-15665
-11655
-4992
2807
9968
14859
16367
14148
8708
1286
-6430
-12681
-16045
-15756
-11879
-5298
2490
9711
14720
16379
14308
8979
1606
-6133
-12475
-15977
-15841
-12099
-5601
2171
9450
14576
16384
14462
9246
1926
-5833
-12264
-15903
-15920
-12313
-5903
1852
9185
14427
16383
14610
9510
2245
-5531
-12048
-15822
-15993
-12523
-6201
1532
8917
14271
16376
14753
9770
2563
-5228
-11828
-15735
-16060
-12728
-6498
1211
8645
14110
16363
14890
10027
2880
-4922
-11603
-15643
-16121
-12928
-6792
890
8370
13944
16343
15021
10279
3196
-4614
-11374
-15544
-16175
-13123
-7084
569
8092
13773
16317
15147
10528
3511
-4304
-11140
-15439
-16223
-13313
-7372
247
7811
13596
16285
15267
10772
3825
-3993
-10902
-15329
-16265
-13498
-7658
-74
7527
13414
16247
15380
11012
4137
-3680
-10660
-15212
-16301
-13678
-7941
-396
7239
13226
16202
15488
11248
4447
-3366
-10413
-15090
-16330
-13853
-8221
-717
6949
13034
16151
15590
11480
4756
-3051
-10163
-14961
-16353
-14022
-8498
-1039
6657
12836
16093
15686
11708
5063
-2734
-9909
-14827
-16370
-14185
-8771
-1360
6361
12634
16030
15776
11930
5368
-2416
-9651
-14688
-16380
-14344
-9041
-1680
6064
12427
15960
15860
12149
5671
-2098
-9389
-14542
-16385
-14496
-9308
-2000
5764
12215
15885
15938
12362
5972
-1778
-9123
-14391
-16382
-14643
-9570
-2318
5462
11998
15803
16009
12571
6270
-1458
-8854
-14235
-16374
-14785
-9830
-2636
5157
11777
15715
16075
12775
6566
-1137
-8582
-14073
-16359
-14921
-10085
-2953
4851
11551
15621
16134
12974
6860
-816
-8306
-13905
-16338
-15051
-10337
-3269
4543
11320
15520
16187
13168
7150
-495
-8027
-13732
-16311
-15175
-10584
-3584
4233
11086
15414
16233
13357
7438
-173
-7745
-13554
-16277
-15293
-10828
-3897
3921
10846
15302
16274
13540
7724
148
-7461
-13371
-16237
-15406
-11067
-4209
3608
10603
15184
16308
13719
8006
470
-7173
-13182
-16191
-15512
-11302
-4519
3294
10356
15061
16336
13892
8285
792
-6882
-12989
-16138
-15613
-11533
-4827
2978
10105
14931
16358
14060
8561
1113
-6589
-12790
-16079
-15708
-11759
-5134
2661
9850
14796
16373
14222
8834
1433
-6293
-12587
-16014
-15796
-11981
-5438
2343
9591
14655
16382
14379
9103
1754
-5995
-12378
-15943
-15878
-12198
-5741
2024
9328
14508
16385
14531
9369
2073
-5694
-12165
-15866
-15955
-12411
-6041
1704
9062
14356
16381
14677
9631
2392
-5391
-11947
-15783
-16025
-12618
-6339
1384
8792
14198
16371
14817
9889
2710
-5087
-11725
-15693
-16089
-12821
-6634
1063
8519
14034
16355
14951
10144
3026
-4780
-11498
-15598
-16147
-13019
-6927
742
8242
13866
16332
15080
10394
3342
-4471
-11266
-15496
-16198
-13212
-7217
421
7963
13692
16303
15203
10641
3656
-4161
-11031
-15389
-16243
-13399
-7505
99
7680
13512
16268
15320
10884
3969
-3849
-10791
-15276
-16282
-13582
-7789
-223
7394
13328
16227
15431
11122
4280
-3536
-10547
-15156
-16315
-13759
-8071
-544
7106
13138
16179
15536
11356
4590
-3221
-10298
-15031
-16342
-13931
-8349
-866
6815
12943
16125
15635
11586
4898
-2905
-10046
-14900
-16362
-14098
-8624
-1187
6521
12744
16065
15729
11811
5204
-2588
-9790
-14764
-16376
-14259
-8896
-1507
6224
12539
15999
15816
12032
5508
-2269
-9530
-14621
-16383
-14415
-9164
-1827
5926
12329
15926
15897
12248
5810
-1950
-9267
-14473
-16384
-14565
-9429
-2147
5625
12115
15847
15971
12459
6110
-1631
-9000
-14320
-16379
-14709
-9691
-2465
5321
11896
15763
16040
12665
6407
-1310
-8729
-14161
-16368
-14848
-9948
-2783
5016
11673
15672
16103
12867
6702
-989
-8455
-13996
-16350
-14981
-10202
-3099
4709
11445
15575
16159
13064
6994
-668
-8178
-13826
-16326
-15109
-10452
-3415
4400
11212
15472
16209
13255
7284
-346
-7898
-13651
-16296
-15230
-10697
-3729
4089
10976
15363
16253
13442
7570
-25
-7614
-13470
-16259
-15346
-10939
-4041
3777
10735
15249
16291
13623
7854
297
-7328
-13284
-16216
-15456
-11176
-4352
3463
10490
15128
16322
13799
8135
619
-7039
-13094
-16167
-15560
-11409
-4661
3148
10241
15001
16347
13970
8413
940
-6747
-12898
-16112
-15657
-11638
-4969
2832
9987
14869
16365
14136
8687
1261
-6453
-12697
-16050
-15749
-11862
-5274
2514
9730
14731
16378
14296
8958
1581
-6156
-12491
-15982
-15835
-12082
-5578
2196
9470
14588
16384
14450
9226
1901
-5856
-12280
-15909
-15914
-12297
-5879
1877
9205
14438
16384
14599
9490
2220
-5555
-12065
-15828
-15988
-12507
-6179
1557
8938
14283
16377
14742
9750
2539
-5251
-11845
-15742
-16055
-12712
-6475
1236
8666
14123
16364
14880
10007
2856
-4945
-11621
-15650
-16116
-12913
-6770
915
8392
13957
16345
15011
10260
3172
-4638
-11392
-15552
-16171
-13108
-7061
594
8114
13786
16320
15137
10509
3487
-4328
-11158
-15448
-16220
-13299
-7350
272
7833
13610
16288
15258
10753
3801
-4017
-10920
-15337
-16262
-13484
-7636
-49
7549
13428
16250
15372
10994
4113
-3704
-10679
-15221
-16298
-13664
-7919
-371
7262
13241
16205
15480
11230
4424
-3390
-10433
-15099
-16328
-13839
-8199
-693
6972
13049
16155
15583
11463
4733
-3075
-10182
-14971
-16352
-14009
-8476
-1014
6679
12852
16098
15679
11690
5040
-2758
-9928
-14838
-16369
-14173
-8750
-1335
6384
12650
16035
15769
11913
5345
-2441
-9671
-14699
-16380
-14332
-9020
-1655
6087
12443
15966
15854
12132
5648
-2122
-9409
-14554
-16384
-14485
-9287
-1975
5787
12231
15891
15932
12346
5949
-1803
-9144
-14403
-16383
-14632
-9550
-2294
5485
12015
15809
16004
12555
6247
-1483
-8875
-14247
-16375
-14774
-9810
-2612
5181
11794
15722
16070
12759
6543
-1162
-8603
-14085
-16360
-14911
-10066
-2929
4874
11568
15628
16129
12959
6837
-841
-8328
-13918
-16340
-15041
-10318
-3245
4566
11338
15528
16183
13153
7128
-520
-8049
-13746
-16313
-15166
-10566
-3560
4257
11104
15423
16230
13342
7416
-198
-7767
-13568
-16280
-15285
-10809
-3873
3945
10865
15311
16271
13526
7702
124
-7483
-13385
-16240
-15397
-11049
-4185
3632
10622
15194
16306
13705
7984
445
-7195
-13197
-16194
-15504
-11284
-4495
3318
10375
15070
16334
13879
8264
767
-6905
-13004
-16142
-15605
-11515
-4804
3002
10124
14941
16356
14047
8540
1088
-6611
-12806
-16084
-15701
-11742
-5110
2685
9869
14806
16372
14210
8813
1409
-6316
-12602
-16020
-15789
-11964
-5415
2367
9611
14666
16381
14367
9082
1729
-6018
-12394
-15949
-15872
-12182
-5717
2049
9348
14519
16385
14519
9348
2049
-5717
-12182
-15872
-15949
-12394
-6018
1729
9082
14367
16381
14666
9611
2367
-5415
-11964
-15789
-16020
-12602
-6316
1409
8813
14210
16372
14806
9869
2685
-5110
-11742
-15701
-16084
-12806
-6611
1088
8540
14047
16356
14941
10124
3002
-4804
-11515
-15605
-16142
-13004
-6905
767
8264
13879
16334
15070
10375
3318
-4495
-11284
-15504
-16194
-13197
-7195
445
7984
13705
16306
15194
10622
3632
-4185
-11049
-15397
-16240
-13385
-7483
124
7702
13526
16271
15311
10865
3945
-3873
-10809
-15285
-16280
-13568
-7767
-198
7416
13342
16230
15423
11104
4257
-3560
-10566
-15166
-16313
-13746
-8049
-520
7128
13153
16183
15528
11338
4566
-3245
-10318
-15041
-16340
-13918
-8328
-841
6837
12959
16129
15628
11568
4874
-2929
-10066
-14911
-16360
-14085
-8603
-1162
6543
12759
16070
15722
11794
5181
-2612
-9810
-14774
-16375
-14247
-8875
-1483
6247
12555
16004
15809
12015
5485
-2294
-9550
-14632
-16383
-14403
-9144
-1803
5949
12346
15932
15891
12231
5787
-1975
-9287
-14485
-16384
-14554
-9409
-2122
5648
12132
15854
15966
12443
6087
-1655
-9020
-14332
-16380
-14699
-9671
-2441
5345
11913
15769
16035
12650
6384
-1335
-8750
-14173
-16369
-14838
-9928
-2758
5040
11690
15679
16098
12852
6679
-1014
-8476
-14009
-16352
-14971
-10182
-3075
4733
11463
15583
16155
13049
6972
-693
-8199
-13839
-16328
-15099
-10433
-3390
4424
11230
15480
16205
13241
7262
-371
-7919
-13664
-16298
-15221
-10679
-3704
4113
10994
15372
16250
13428
7549
-49
-7636
-13484
-16262
-15337
-10920
-4017
3801
10753
15258
16288
13610
7833
272
-7350
-13299
-16220
-15448
-11158
-4328
3487
10509
15137
16320
13786
8114
594
-7061
-13108
-16171
-15552
-11392
-4638
3172
10260
15011
16345
13957
8392
915
-6770
-12913
-16116
-15650
-11621
-4945
2856
10007
14880
16364
14123
8666
1236
-6475
-12712
-16055
-15742
-11845
-5251
2539
9750
14742
16377
14283
8938
1557
-6179
-12507
-15988
-15828
-12065
-5555
2220
9490
14599
16384
14438
9205
1877
-5879
-12297
-15914
-15909
-12280
-5856
1901
9226
14450
16384
14588
9470
2196
-5578
-12082
-15835
-15982
-12491
-6156
1581
8958
14296
16378
14731
9730
2514
-5274
-11862
-15749
-16050
-12697
-6453
1261
8687
14136
16365
14869
9987
2832
-4969
-11638
-15657
-16112
-12898
-6747
940
8413
13970
16347
15001
10241
3148
-4661
-11409
-15560
-16167
-13094
-7039
619
8135
13799
16322
15128
10490
3463
-4352
-11176
-15456
-16216
-13284
-7328
297
7854
13623
16291
15249
10735
3777
-4041
-10939
-15346
-16259
-13470
-7614
-25
7570
13442
16253
15363
10976
4089
-3729
-10697
-15230
-16296
-13651
-7898
-346
7284
13255
16209
15472
11212
4400
-3415
-10452
-15109
-16326
-13826
-8178
-668
6994
13064
16159
15575
11445
4709
-3099
-10202
-14981
-16350
-13996
-8455
-989
6702
12867
16103
15672
11673
5016
-2783
-9948
-14848
-16368
-14161
-8729
-1310
6407
12665
16040
15763
11896
5321
-2465
-9691
-14709
-16379
-14320
-9000
-1631
6110
12459
15971
15847
12115
5625
-2147
-9429
-14565
-16384
-14473
-9267
-1950
5810
12248
15897
15926
12329
5926
-1827
-9164
-14415
-16383
-14621
-9530
-2269
5508
12032
15816
15999
12539
6224
-1507
-8896
-14259
-16376
-14764
-9790
-2588
5204
11811
15729
16065
12744
6521
-1187
-8624
-14098
-16362
-14900
-10046
-2905
4898
11586
15635
16125
12943
6815
-866
-8349
-13931
-16342
-15031
-10298
-3221
4590
11356
15536
16179
13138
7106
-544
-8071
-13759
-16315
-15156
-10547
-3536
4280
11122
15431
16227
13328
7394
-223
-7789
-13582
-16282
-15276
-10791
-3849
3969
10884
15320
16268
13512
7680
99
-7505
-13399
-16243
-15389
-11031
-4161
3656
10641
15203
16303
13692
7963
421
-7217
-13212
-16198
-15496
-11266
-4471
3342
10394
15080
16332
13866
8242
742
-6927
-13019
-16147
-15598
-11498
-4780
3026
10144
14951
16355
14034
8519
1063
-6634
-12821
-16089
-15693
-11725
-5087
2710
9889
14817
16371
14198
8792
1384
-6339
-12618
-16025
-15783
-11947
-5391
2392
9631
14677
16381
14356
9062
1704
-6041
-12411
-15955
-15866
-12165
-5694
2073
9369
14531
16385
14508
9328
2024
-5741
-12198
-15878
-15943
-12378
-5995
1754
9103
14379
16382
14655
9591
2343
-5438
-11981
-15796
-16014
-12587
-6293
1433
8834
14222
16373
14796
9850
2661
-5134
-11759
-15708
-16079
-12790
-6589
1113
8561
14060
16358
14931
10105
2978
-4827
-11533
-15613
-16138
-12989
-6882
792
8285
13892
16336
15061
10356
3294
-4519
-11302
-15512
-16191
-13182
-7173
470
8006
13719
16308
15184
10603
3608
-4209
-11067
-15406
-16237
-13371
-7461
148
7724
13540
16274
15302
10846
3921
-3897
-10828
-15293
-16277
-13554
-7745
-173
7438
13357
16233
15414
11086
4233
-3584
-10584
-15175
-16311
-13732
-8027
-495
7150
13168
16187
15520
11320
4543
-3269
-10337
-15051
-16338
-13905
-8306
-816
6860
12974
16134
15621
11551
4851
-2953
-10085
-14921
-16359
-14073
-8582
-1137
6566
12775
16075
15715
11777
5157
-2636
-9830
-14785
-16374
-14235
-8854
-1458
6270
12571
16009
15803
11998
5462
-2318
-9570
-14643
-16382
-14391
-9123
-1778
5972
12362
15938
15885
12215
5764
-2000
-9308
-14496
-16385
-14542
-9389
-2098
5671
12149
15860
15960
12427
6064
-1680
-9041
-14344
-16380
-14688
-9651
-2416
5368
11930
15776
16030
12634
6361
-1360
-8771
-14185
-16370
-14827
-9909
-2734
5063
11708
15686
16093
12836
6657
-1039
-8498
-14022
-16353
-14961
-10163
-3051
4756
11480
15590
16151
13034
6949
-717
-8221
-13853
-16330
-15090
-10413
-3366
4447
11248
15488
16202
13226
7239
-396
-7941
-13678
-16301
-15212
-10660
-3680
4137
11012
15380
16247
13414
7527
-74
-7658
-13498
-16265
-15329
-10902
-3993
3825
10772
15267
16285
13596
7811
247
-7372
-13313
-16223
-15439
-11140
-4304
3511
10528
15147
16317
13773
8092
569
-7084
-13123
-16175
-15544
-11374
-4614
3196
10279
15021
16343
13944
8370
890
-6792
-12928
-16121
-15643
-11603
-4922
2880
10027
14890
16363
14110
8645
1211
-6498
-12728
-16060
-15735
-11828
-5228
2563
9770
14753
16376
14271
8917
1532
-6201
-12523
-15993
-15822
-12048
-5531
2245
9510
14610
16383
14427
9185
1852
-5903
-12313
-15920
-15903
-12264
-5833
1926
9246
14462
16384
14576
9450
2171
-5601
-12099
-15841
-15977
-12475
-6133
1606
8979
14308
16379
14720
9711
2490
-5298
-11879
-15756
-16045
-12681
-6430
1286
8708
14148
16367
14859
9968
2807
-4992
-11655
-15665
-16107
-12882
-6724
965
8434
13983
16348
14991
10221
3124
-4685
-11427
-15567
-16163
-13079
-7017
643
8157
13813
16324
15118
10471
3439
-4376
-11194
-15464
-16213
-13270
-7306
322
7876
13637
16293
15240
10716
3753
-4065
-10957
-15355
-16256
-13456
-7592
