iteration,cycles,rotation,events_used,align_n0,offset_a_codes,offset_b_codes,gain_a_codes,gain_b_codes,gain_ratio,skew_a_ps,skew_b_ps,skew_mismatch_ps,raw_a_sndr_db,raw_a_sfdr_db,raw_a_enob,raw_b_sndr_db,raw_b_sfdr_db,raw_b_enob,cal_a_sndr_db,cal_a_sfdr_db,cal_a_enob,cal_b_sndr_db,cal_b_sfdr_db,cal_b_enob,raw_difference_dbc,cal_difference_dbc,cal_dc_difference_codes,raw_sndr_db,raw_sfdr_db,raw_enob,cal_sndr_db,cal_sfdr_db,cal_enob,raw_offset_spur_dbc,raw_image_spur_dbc,cal_offset_spur_dbc,cal_image_spur_dbc,swapped,align_margin,rejected,offset_error_a,offset_error_b,gain_error,skew_error_ps,offset_a_state,offset_b_state,gain_corr_a,gain_corr_b,skew_cmd_ps
0,0,0,8,4919,-13.013558433902713,-5.190017828498659,17.899487168045304,17.623364298679103,0.9845736994153026,nan,nan,nan,37.088749751305464,43.21626349282059,5.868563081612204,37.2597889111675,42.86156279874531,5.896974902187293,37.088749751305464,43.21626349282059,5.868563081612204,37.2597889111675,42.86156279874531,5.896974902187293,-14.571748441422237,-14.571748441422237,-7.869125289665838,37.088749751305464,43.21626349282059,5.868563081612204,37.088749751305464,43.21626349282059,5.868563081612204,nan,-14.571748441422237,nan,-14.571748441422237,False,6.673012232121827,channel A estimate not finite,,,,,,,,,
0,0,0,7,7719,-10.059495387987027,-2.4074602332528645,18.867005561318297,18.87419194813056,1.0003808970527361,nan,nan,nan,37.34960134722754,42.1156343360407,5.911893911499592,37.61401496982472,42.22308685091001,5.955816440170221,37.34960134722754,42.1156343360407,5.911893911499592,37.61401496982472,42.22308685091001,5.955816440170221,-17.16017172590057,-17.16017172590057,-7.741176470588235,37.34960134722754,42.1156343360407,5.911893911499592,37.34960134722754,42.1156343360407,5.911893911499592,nan,-17.16017172590057,nan,-17.16017172590057,False,7.172749660655407,channel A estimate not finite,,,,,,,,,
0,0,0,8,2747,-9.057970539098573,-2.055007951459655,17.807573897200392,17.8575002270214,1.0028036570343173,nan,nan,nan,37.8066375323528,42.073758237733266,5.9878135435802005,37.32587112664868,42.76080727159565,5.9079520143934685,37.8066375323528,42.073758237733266,5.9878135435802005,37.32587112664868,42.76080727159565,5.9079520143934685,-14.658567632766522,-14.658567632766522,-7.658823529411765,37.8066375323528,42.073758237733266,5.9878135435802005,37.8066375323528,42.073758237733266,5.9878135435802005,nan,-14.658567632766522,nan,-14.658567632766522,False,6.725726983437556,channel A estimate not finite,,,,,,,,,
0,0,0,7,8111,0.24738665092109108,7.7454824535741835,18.02541045154567,18.013878054313178,0.9993602144448531,0.0,-146.70315428204907,-146.70315428204907,37.327827784052346,41.655530557652284,5.908277040540257,36.894478985899795,41.01703841571251,5.836292190348804,37.327827784052346,41.655530557652284,5.908277040540257,36.894478985899795,41.01703841571251,5.836292190348804,-14.689070903408066,-14.689070903408066,-7.170047620332401,37.327827784052346,41.655530557652284,5.908277040540257,37.327827784052346,41.655530557652284,5.908277040540257,nan,-14.689070903408066,nan,-14.689070903408066,False,6.560461651533796,,0.24738665092109108,7.7454824535741835,-0.0006397855551468767,-146.70315428204907,0.08658532782238187,2.710918858750964,0.9998880375278493,1.0001120341499816,44.01094628461472
1,1020,0,8,4683,-9.744301957287025,-4.4445762959316495,18.11774412565668,18.24949026041787,1.0072716632847585,nan,nan,nan,37.45293750781287,41.525001550638535,5.92905938667988,37.17556506078724,40.71333839145644,5.882984229366652,37.45293750781286,41.525001550638535,5.929059386679878,37.175565060787235,40.71333839145643,5.882984229366651,-18.328889420083645,-18.33096418870011,-5.112393652663489,37.45293750781287,41.525001550638535,5.92905938667988,37.45293750781286,41.525001550638535,5.929059386679878,nan,-18.328889420083645,nan,-18.33096418870011,False,6.9806397321296485,channel A estimate not finite,,,,,,,,,
1,1020,0,8,1403,-4.636221110930025,-0.970166532423651,18.301297845029143,17.96958745151361,0.981875034419724,0.0,-139.2796692664583,-139.2796692664583,37.7413212449675,41.38389752963523,5.976963661954735,37.740340005052914,41.84215070298446,5.976800665291183,37.74132124496749,41.383897529635206,5.976963661954733,37.74034000505292,41.84215070298448,5.976800665291184,-15.146035635835169,-15.147582198250628,-3.9231970481522467,37.7413212449675,41.38389752963523,5.976963661954735,37.74132124496749,41.383897529635206,5.976963661954733,nan,-15.146035635835169,nan,-15.147582198250628,False,7.7415562740865775,,-4.636221110930025,-0.970166532423651,-0.018124965580275987,-139.2796692664583,-1.5362737603185874,2.371398610265127,0.9967165236815929,1.0033428162994307,85.79484706455221
2,2040,0,7,6064,-5.749827702263354,-0.983349263925797,19.86137103212897,18.88540941946165,0.9508613171221388,0.0,-125.26070380583396,-125.26070380583396,37.164019270995254,42.93760131382743,5.881066324085591,37.2347486717626,42.9758747601759,5.8928153939804995,37.16401927099526,42.93760131382743,5.881066324085593,37.23474867176262,42.97587476017591,5.892815393980502,-16.03232445700224,-16.077248238979458,-3.6653562836169007,37.164019270995254,42.93760131382743,5.881066324085591,37.16401927099526,42.93760131382743,5.881066324085593,nan,-16.03232445700224,nan,-16.077248238979458,False,7.1835441714977915,,-5.749827702263354,-0.983349263925797,-0.04913868287786116,-125.26070380583396,-3.5553430222174294,2.028373039360639,0.988145489675738,1.0124167108059388,123.3730582063024
3,3060,0,8,3099,-9.284887639977638,-7.405046594408334,17.1127841571672,17.932112848732974,1.0478781643034176,0.0,-102.5587489103834,-102.5587489103834,36.99635196018535,40.594950031991246,5.853214611326471,37.20515106911543,41.28047494931546,5.887898848690272,36.99635196018534,40.594950031991246,5.85321461132647,37.205151069115445,41.28047494931546,5.887898848690274,-17.802455543854283,-17.876530560881385,-2.0131415775296357,36.99635196018535,40.594950031991246,5.853214611326471,36.99635196018534,40.594950031991246,5.85321461132647,nan,-17.802455543854283,nan,-17.876530560881385,False,5.972385213073868,align_margin=6.0,,,,,,,,,
3,3060,0,7,2135,-12.059536112026935,-10.131886650995979,17.31148564709087,17.33407864606299,1.0013050872370344,0.0,-148.45143122161815,-148.45143122161815,37.77239743080075,41.53899294933283,5.982125819069893,37.228463195814726,42.61641800930373,5.891771294985835,37.772397430800744,41.53899294933282,5.982125819069892,37.228463195814754,42.616418009303764,5.8917712949858405,-14.56019069410952,-14.646220052654632,-0.9291920942140148,37.77239743080075,41.53899294933283,5.982125819069893,37.772397430800744,41.53899294933282,5.982125819069892,nan,-14.56019069410952,nan,-14.646220052654632,False,8.083916668137428,,-12.059536112026935,-10.131886650995979,0.0013050872370343747,-148.45143122161815,-7.8268168925222,-1.4742956641474807,0.9883711724874471,1.012185786060506,167.90848757278786
4,4080,0,7,3439,-5.410427422617469,-5.018026580384881,17.814915054154035,17.3663239345089,0.9748193511851446,0.0,-96.35511909592826,-96.35511909592826,37.04484255334041,41.481228685113024,5.861269527132959,37.156232287505325,41.642297312270635,5.8797728052334435,37.0448425533404,41.48122868511302,5.861269527132958,37.15623228750533,41.642297312270635,5.879772805233444,-18.308041681306207,-18.37346237578202,-0.750055189149931,37.04484255334041,41.481228685113024,5.861269527132959,37.0448425533404,41.48122868511302,5.861269527132958,nan,-18.308041681306207,nan,-18.37346237578202,False,6.197930901800497,,-5.410427422617469,-5.018026580384881,-0.025180648814855378,-96.35511909592826,-9.742746505433047,-3.2094606183703416,0.9840158026936489,1.0167613123742363,196.81502330156633
5,5100,0,7,1647,9.228489920934301,11.429702881773078,15.220877416423383,16.004052672074206,1.0514540150494724,0.0,-103.93343599822946,-103.93343599822946,36.91733791589482,41.386655751539664,5.8400893547998045,36.880978388299155,40.91550095433632,5.834049566162651,36.91733791589482,41.38665575153966,5.8400893547998045,36.88097838829917,40.91550095433635,5.834049566162654,-17.6353941972975,-17.672649966529935,-1.768288933488817,36.91733791589482,41.386655751539664,5.8400893547998045,36.91733791589482,41.38665575153966,5.8400893547998045,nan,-17.6353941972975,nan,-17.672649966529935,False,6.7935260105624895,,9.228489920934301,11.429702881773078,0.051454015049472446,-103.93343599822946,-6.460307886576248,0.7249888536293994,0.9928763263797744,1.008053961462101,227.99505410103515
6,6120,0,8,7015,-7.163617857630367,-7.5845586789095165,16.777408588494087,17.074223999233674,1.0176913740387263,0.0,-99.17174479793081,-99.17174479793081,37.080785525833974,41.856903267981735,5.867240120570428,37.08752774359057,40.18106227738222,5.868360090297438,37.08078552583397,41.85690326798174,5.867240120570427,37.08752774359058,40.18106227738222,5.868360090297439,-18.075978328687057,-18.160578325563826,0.05337306101560202,37.080785525833974,41.856903267981735,5.867240120570428,37.08078552583397,41.85690326798174,5.867240120570427,nan,-18.075978328687057,nan,-18.160578325563826,False,6.033052539224771,,-7.163617857630367,-7.5845586789095165,0.017691374038726337,-99.17174479793081,-8.985563231632788,-1.9083974918476367,0.9959502620110061,1.0049872896554828,257.74657754041436
7,7140,0,8,1995,0.7228969914550848,1.088438901828992,17.877394731816903,17.405843560857534,0.9736230486581954,0.0,-99.03423961659297,-99.03423961659297,37.54195518590471,41.48016384493758,5.943846376396133,36.7108104855357,41.17778842890404,5.80578247268035,37.541955185904705,41.48016384493758,5.943846376396131,36.7108104855357,41.17778842890405,5.80578247268035,-18.032279207787237,-18.095952224834964,-0.9233078200581941,37.54195518590471,41.48016384493758,5.943846376396133,37.541955185904705,41.48016384493758,5.943846376396131,nan,-18.032279207787237,nan,-18.095952224834964,False,7.574892659183716,,0.7228969914550848,1.088438901828992,-0.026376951341804622,-99.03423961659297,-8.73152047803343,-1.5293343737750282,0.9913529889810199,1.0097519546386187,287.45684942539225
8,8160,0,8,251,-1.403325725190613,-1.067447599452694,16.98937503103939,17.144753490206252,1.0091456253619093,0.0,-95.58380640282223,-95.58380640282223,37.125373267830476,41.79595174754955,5.874646722230977,37.14701271862429,41.70902418625747,5.878241315386095,37.12537326783047,41.795951747549545,5.874646722230976,37.14701271862431,41.70902418625748,5.878241315386099,-18.375051919582468,-18.448060191281897,-0.8453147792750662,37.125373267830476,41.79595174754955,5.874646722230977,37.12537326783047,41.795951747549545,5.874646722230976,nan,-18.375051919582468,nan,-18.448060191281897,False,6.576142356895261,,-1.403325725190613,-1.067447599452694,0.009145625361909326,-95.58380640282223,-9.226968627457548,-1.8993328254662194,0.9929396340127801,1.008150508574383,316.1319913462389
9,9180,0,8,5235,-5.252144620858372,-3.5975751258382376,18.386296435276908,18.733572219407424,1.0188877507415912,0.0,-96.48243234499134,-96.48243234499134,37.39598877642061,41.39693661205024,5.9195994645216965,37.51496112349242,41.59312398338342,5.939362312872496,37.39598877642061,41.39693661205027,5.9195994645216965,37.514961123492434,41.59312398338343,5.939362312872498,-18.29775157465295,-18.372437773779126,-1.3810673020776205,37.39598877642061,41.39693661205024,5.9195994645216965,37.39598877642061,41.39693661205027,5.9195994645216965,nan,-18.29775157465295,nan,-18.372437773779126,False,6.010361644436603,,-5.252144620858372,-3.5975751258382376,0.018887750741591214,-96.48243234499134,-11.078290252994323,-3.148304366257225,0.9962216533667991,1.0048799846988452,345.0767210497363
10,10200,0,7,699,-0.05556465448593999,-1.9340200537277095,17.464790429488257,17.37653358256884,0.9949465842561499,0.0,-121.49478815213752,-121.49478815213752,36.91531181356942,41.7677867505014,5.839752792951731,36.7537783168799,41.922839564615714,5.812919986192676,36.915311813569424,41.76778675050141,5.8397527929517326,36.7537783168799,41.92283956461572,5.812919986192676,-16.296193853754573,-16.354218977238972,1.153749290607054,36.91531181356942,41.7677867505014,5.839752792951731,36.915311813569424,41.76778675050141,5.8397527929517326,nan,-16.296193853754573,nan,-16.354218977238972,False,6.410010861571804,,-0.05556465448593999,-1.9340200537277095,-0.005053415743850098,-121.49478815213752,-11.097811640633665,-3.8219241309175414,0.9953406469839888,1.0057731616520098,381.5251574953776
11,11220,0,7,4247,-1.8224750754117578,-1.2511946521640605,17.531853526989522,17.73093748827172,1.011355556956697,0.0,-111.42573517977857,-111.42573517977857,36.982714999633046,41.40843712626581,5.8509493354872175,37.58272795583456,41.711688956122124,5.950619261766539,36.98271499963303,41.408437126265795,5.850949335487216,37.58272795583455,41.71168895612211,5.950619261766537,-17.091273077713627,-17.159542400915317,-0.6960166845501611,36.982714999633046,41.40843712626581,5.8509493354872175,36.98271499963303,41.408437126265795,5.850949335487216,nan,-17.091273077713627,nan,-17.159542400915317,False,6.728905705439232,,-1.8224750754117578,-1.2511946521640605,0.011355556956696988,-111.42573517977857,-11.738663873813262,-4.257328598797882,0.9973186102804138,1.0037969080879523,414.95287804931115
12,12240,0,8,4971,3.2092003943449026,2.687104954499704,18.209240036795762,18.433895921809828,1.0123374662841558,0.0,-127.80373309577661,-127.80373309577661,37.18984571994221,41.88632008370294,5.885356431884089,37.24538280777642,41.66274020845192,5.8945818617568815,37.18984571994222,41.88632008370295,5.88535643188409,37.24538280777641,41.66274020845191,5.894581861756879,-15.810841663871866,-15.85478319031084,0.2960526447112719,37.18984571994221,41.88632008370294,5.885356431884089,37.18984571994222,41.88632008370295,5.88535643188409,nan,-15.810841663871866,nan,-15.85478319031084,False,6.63741408664629,,3.2092003943449026,2.687104954499704,0.012337466284155774,-127.80373309577661,-10.61242384736384,-3.320399299158625,0.9994718776079706,1.0016560663119898,453.2939979780441
13,13260,0,8,2899,-0.7247099685168971,0.009768682971343104,18.07306525338755,18.104022009524247,1.0017128669488367,0.0,-100.18187608671843,-100.18187608671843,36.992402415102134,40.81396407475239,5.852558540714641,36.74602125722272,41.360897490073725,5.811631438076865,36.992402415102134,40.81396407475239,5.852558540714641,36.74602125722271,41.360897490073725,5.811631438076862,-17.98167080622667,-18.000203733166867,-0.18290901591904352,36.992402415102134,40.81396407475239,5.852558540714641,36.992402415102134,40.81396407475239,5.852558540714641,nan,-17.98167080622667,nan,-18.000203733166867,False,5.976125683052759,align_margin=6.0,,,,,,,,,
13,13260,0,7,599,-7.932753475261261,-7.717439055072994,16.5535194713688,16.9273918368963,1.0225856722598572,0.0,-97.01475703955768,-97.01475703955768,37.228923651792066,41.94778841026022,5.891847782689712,37.201041648703644,41.13481168454736,5.887216220714892,37.22892365179207,41.94778841026023,5.891847782689714,37.20104164870365,41.13481168454734,5.887216220714893,-18.303485107549527,-18.323448286879763,-0.3588702044481531,37.228923651792066,41.94778841026022,5.891847782689712,37.22892365179207,41.94778841026023,5.891847782689714,nan,-18.303485107549527,nan,-18.323448286879763,False,5.768741101542759,align_margin=5.8,,,,,,,,,
13,13260,0,8,1315,-4.62031475138769,-3.0652350156510537,17.505286543688243,16.88433857443454,0.9645279745804793,0.0,-98.52421184596594,-98.52421184596594,37.667288615253504,41.61061916905956,5.964665882932477,37.30226288812399,41.0663859097096,5.904030380087042,37.66728861525348,41.61061916905953,5.964665882932473,37.302262888124,41.06638590970961,5.904030380087043,-18.08021236631211,-18.098256407532663,-1.5942237631884097,37.667288615253504,41.61061916905956,5.964665882932477,37.66728861525348,41.61061916905953,5.964665882932473,nan,-18.08021236631211,nan,-18.098256407532663,False,6.913428482596153,,-4.62031475138769,-3.0652350156510537,-0.03547202541952066,-98.52421184596594,-12.230388493708777,-4.391457810717331,0.9932675515344646,1.0081026234019754,482.85126153183387
14,14280,0,7,3953,5.941173235268471,5.282780787844893,17.820847337023118,17.869417387646564,1.002725462471279,0.0,-95.81424175472566,-95.81424175472566,36.959698190406684,41.535573126710254,5.847125945250281,37.26821509663558,40.86425637440881,5.898374600770031,36.959698190406684,41.53557312671025,5.847125945250281,37.268215096635586,40.86425637440881,5.8983746007700315,-18.32116236316806,-18.398334693248746,0.42197353664662973,36.959698190406684,41.535573126710254,5.847125945250281,36.959698190406684,41.53557312671025,5.847125945250281,nan,-18.32116236316806,nan,-18.398334693248746,False,6.336082525079531,,5.941173235268471,5.282780787844893,0.0027254624712789166,-95.81424175472566,-10.13688344652229,-2.557345655046009,0.9937412963857026,1.0076231097716055,511.5955340582516
15,15300,0,8,5599,1.128869288541107,-0.3938876520196174,16.580658485959404,17.23296848972743,1.0393416223077272,0.0,-151.74982907125673,-151.74982907125673,37.71121516065949,42.32916903937905,5.971962651272341,36.83898875836546,41.26879722177723,5.827074544578981,37.71121516065948,42.32916903937904,5.97196265127234,36.838988758365474,41.26879722177725,5.827074544578983,-14.373977937107325,-14.43770468895502,0.9262618926945452,37.71121516065949,42.32916903937905,5.971962651272341,37.71121516065948,42.32916903937904,5.97196265127234,nan,-14.373977937107325,nan,-14.43770468895502,False,6.195282284743459,,1.128869288541107,-0.3938876520196174,0.0393416223077272,-151.74982907125673,-9.739290780879426,-2.694163356892997,1.0005829904676522,1.0009484349405313,557.1204827796286
16,16320,0,7,6845,3.1982156431430218,4.5832195983603246,17.517423289401446,17.519122747521497,1.0000970153025348,0.0,-118.5832439760601,-118.5832439760601,29.964228085251584,31.78380770757794,4.685087721802589,29.595986033194084,31.401574019303155,4.623917945713303,29.964228085251584,31.783807707577935,4.685087721802589,29.595986033194084,31.401574019303155,4.623917945713303,-16.494309849317418,-16.49724532703651,-0.555892124462213,29.964228085251584,31.78380770757794,4.685087721802589,29.964228085251584,31.783807707577935,4.685087721802589,nan,-16.494309849317418,nan,-16.49724532703651,False,4.94163630693034,align_margin=4.9,,,,,,,,,
16,16320,0,8,3931,0.3834831099377234,1.2953403493516988,16.829361705312785,16.35919223955319,0.97206254913333,0.0,-110.20900693918594,-110.20900693918594,37.308211893275534,41.192994905909444,5.905018586922846,37.089926768407494,40.44424852635491,5.868758599403239,37.30821189327554,41.19299490590946,5.905018586922848,37.08992676840748,40.444248526354905,5.868758599403237,-17.11807787805686,-17.121225429210185,-0.3200347340312102,37.308211893275534,41.192994905909444,5.905018586922846,37.30821189327554,41.19299490590946,5.905018586922848,nan,-17.11807787805686,nan,-17.121225429210185,False,5.938491858952229,align_margin=5.9,,,,,,,,,
16,16320,0,8,147,-5.602194077277662,-3.8670401077605705,17.389398761042482,17.360789259814872,0.9983547734098948,0.0,-111.10991476819294,-111.10991476819294,37.68582618629355,41.93877628667539,5.967745213670026,36.78754465704082,41.072371819271815,5.818529012797479,37.68582618629355,41.93877628667539,5.967745213670026,36.78754465704081,41.07237181927181,5.818529012797478,-17.05353881298344,-17.056822252549164,-2.0248029650686767,37.68582618629355,41.93877628667539,5.967745213670026,37.68582618629355,41.93877628667539,5.967745213670026,nan,-17.05353881298344,nan,-17.056822252549164,False,5.79430775423346,align_margin=5.8,,,,,,,,,
16,16320,0,7,1783,-1.62337231773175,-1.2387186488964637,19.166207112233533,19.12665198945751,0.9979362049807562,0.0,-117.99090407303204,-117.99090407303204,37.87061824400853,42.20984099892716,5.998441568772182,37.43574884638569,41.688835427293824,5.926204127306594,37.870618244008526,42.20984099892715,5.998441568772181,37.435748846385685,41.688835427293824,5.926204127306593,-16.60118989473957,-16.6041727903771,-0.7593974284432576,37.87061824400853,42.20984099892716,5.998441568772182,37.870618244008526,42.20984099892715,5.998441568772181,nan,-16.60118989473957,nan,-16.6041727903771,False,7.777094036762194,,-1.62337231773175,-1.2387186488964637,-0.002063795019243808,-117.99090407303204,-10.307140041379602,-3.127304078212493,1.0002216157840405,1.001310689228172,592.5177540015382
17,17340,0,7,7592,5.996743503464769,7.682154714775043,15.159585442516248,15.303118866048788,1.0094681628384103,0.0,-123.58940880446656,-123.58940880446656,30.39517222197325,32.508210427946906,4.75667312657363,29.823112784655876,31.677322664696106,4.661646641969415,30.395172221973255,32.50821042794691,4.756673126573631,29.823112784655876,31.677322664696106,4.661646641969415,-16.137768158695224,-16.14632278728925,-1.227682400767077,30.39517222197325,32.508210427946906,4.75667312657363,30.395172221973255,32.50821042794691,4.756673126573631,nan,-16.137768158695224,nan,-16.14632278728925,False,5.898855996082951,align_margin=5.9,,,,,,,,,
17,17340,0,8,3787,0.9090180405806889,0.28650837785560945,17.972707953591044,17.153057534513092,0.9543947177467944,0.0,-138.23920422906096,-138.23920422906096,37.51835248853039,41.195381839733386,5.939925662546577,37.25297506352193,41.678784102434264,5.895843033807631,37.5183524885304,41.19538183973339,5.939925662546578,37.25297506352193,41.678784102434264,5.895843033807631,-15.1774606895432,-15.185003964329852,0.47496490191953433,37.51835248853039,41.195381839733386,5.939925662546577,37.5183524885304,41.19538183973339,5.939925662546578,nan,-15.1774606895432,nan,-15.185003964329852,False,6.306631247880927,,0.9090180405806889,0.28650837785560945,-0.04560528225320559,-138.23920422906096,-9.989054220015054,-3.02715740712606,0.9922389226909125,1.0096839385319947,633.9895152702564
18,18360,0,8,3015,-6.223727755073472,-4.158873322568944,17.807498678861393,17.50304189584859,0.9829028889175653,0.0,-116.01552383601557,-116.01552383601557,37.29592102907527,41.90261605826585,5.902976915128782,37.165386464500266,41.974026568398756,5.8812934326412405,37.29592102907526,41.90261605826584,5.902976915128781,37.16538646450027,41.97402656839874,5.881293432641242,-16.71712617619835,-16.80118951227298,-2.3067371526971785,37.29592102907527,41.90261605826585,5.902976915128782,37.29592102907526,41.90261605826584,5.902976915128781,nan,-16.71712617619835,nan,-16.80118951227298,False,5.540274995398171,align_margin=5.5,,,,,,,,,
18,18360,0,8,3639,-4.560925841875294,-2.805712338618422,18.697580511818085,19.024999898253938,1.0175113237902038,0.0,-99.76266746008717,-99.76266746008717,38.13341763412224,41.7309299493419,6.042095952512001,37.89019435636939,42.207466507215685,6.001693414679302,38.133417634122225,41.73092994934187,6.042095952511998,37.89019435636939,42.20746650721569,6.001693414679302,-17.96810753445787,-18.05647076445872,-1.8766571094321516,38.13341763412224,41.7309299493419,6.042095952512001,38.133417634122225,41.73092994934187,6.042095952511998,nan,-17.96810753445787,nan,-18.05647076445872,False,6.943811313852246,,-4.560925841875294,-2.805712338618422,0.017511323790203814,-99.76266746008717,-11.597864364579012,-3.9997383119428696,0.9952796206750971,1.0066430309342103,663.9183155082826
19,19380,0,8,1725,4.908806569407178,6.526688435934178,16.108228411346598,16.846618283851555,1.0458392973857285,0.0,-119.53878919175567,-119.53878919175567,29.885404126509915,31.937080523971808,4.671994040948491,29.48189184518625,31.4685357629202,4.604965422788414,29.88540412650992,31.937080523971808,4.6719940409484915,29.481891845186254,31.468535762920204,4.604965422788414,-16.380886236409303,-16.45089900391869,-0.7645824926151621,29.885404126509915,31.937080523971808,4.671994040948491,29.88540412650992,31.937080523971808,4.6719940409484915,nan,-16.380886236409303,nan,-16.45089900391869,False,6.909309683646895,,4.908806569407178,6.526688435934178,0.04583929738572845,-119.53878919175567,-9.871633601281419,-1.7304721645807901,1.0032636314150611,0.9989218001102858,699.7799522658092
20,20400,0,8,3807,0.2826117707615699,0.11684648045709597,18.155562789508114,17.479093790252886,0.9627404004437609,0.0,-151.68702854686808,-151.68702854686808,37.85805207332033,42.24255269400808,5.996354165003378,37.438670713408484,41.51213016202248,5.926689487277158,37.85805207332036,42.24255269400811,5.996354165003383,37.43867071340848,41.51213016202248,5.926689487277156,-14.404103096240235,-14.375651742514242,1.2362252722865135,37.85805207332033,42.24255269400808,5.996354165003378,37.85805207332036,42.24255269400811,5.996354165003383,nan,-14.404103096240235,nan,-14.375651742514242,False,6.252031089552553,,0.2826117707615699,0.11684648045709597,-0.03725959955623914,-151.68702854686808,-9.773041250607813,-1.6895317544751458,0.996721921212785,1.0056872787299804,745.2860608298697
21,21420,0,8,555,2.376993664486153,0.985348468492814,17.948450916300576,17.911761523603495,0.9979558462806526,0.0,-152.22557591509135,-152.22557591509135,37.6805265059148,41.904752672417295,5.96686486809216,37.471248836956114,42.160181082921966,5.932101135706996,37.6805265059148,41.904752672417295,5.96686486809216,37.471248836956114,42.160181082922,5.932101135706996,-14.369775717878301,-14.416227739253547,1.1562157276331848,37.6805265059148,41.904752672417295,5.96686486809216,37.6805265059148,41.904752672417295,5.96686486809216,nan,-14.369775717878301,nan,-14.416227739253547,False,7.022723128029524,,2.376993664486153,0.985348468492814,-0.002044153719347408,-152.22557591509135,-8.938357308312392,-1.3466100816386333,0.9963653669688647,1.0060477770374168,790.9537336043971
22,22440,0,7,1915,-7.641234871065686,-6.517587138899282,18.039236054037545,18.41632539582776,1.020903842084034,0.0,-100.31066943082118,-100.31066943082118,37.33003310553751,41.12633120552587,5.908643373012876,37.297103102027044,41.723554051570844,5.903173272761968,37.33003310553751,41.12633120552588,5.908643373012876,37.297103102027044,41.72355405157085,5.903173272761968,-17.95892876326039,-18.02473450604889,-0.7878800392915029,37.33003310553751,41.12633120552587,5.908643373012876,37.33003310553751,41.12633120552588,5.908643373012876,nan,-17.95892876326039,nan,-18.02473450604889,False,8.10734760102917,,-7.641234871065686,-6.517587138899282,0.020903842084033952,-100.31066943082118,-11.62254555243927,-3.6140525934965053,1.0000102432194604,1.0024428379395098,821.0469344336435
23,23460,0,7,5171,7.327522346985804,7.5010606824084265,16.113203113519667,16.343624914719488,1.0143001859764609,0.0,-129.0603119287629,-129.0603119287629,36.87955537333539,40.519509466842756,5.833813184939435,36.705361833824874,40.52966190776158,5.804877381034033,36.87955537333539,40.519509466842734,5.833813184939435,36.705361833824874,40.52966190776158,5.804877381034033,-15.74527970464398,-15.764021359105138,0.17460759048137842,36.87955537333539,40.519509466842756,5.833813184939435,36.87955537333539,40.519509466842734,5.833813184939435,nan,-15.74527970464398,nan,-15.764021359105138,False,5.817622252745143,align_margin=5.8,,,,,,,,,
23,23460,0,8,155,-5.1339102973106545,-3.2395275020622654,18.74240974239985,18.333430913987165,0.9781789623621622,0.0,-129.31692498261427,-129.31692498261427,37.759422325225714,42.06493676991254,5.979970485917893,37.25377958923021,41.79471384840649,5.8959766759518635,37.75942232522572,42.06493676991252,5.979970485917894,37.25377958923021,41.794713848406495,5.8959766759518635,-15.766861851809516,-15.785351147014799,-1.2619177099282313,37.759422325225714,42.06493676991254,5.979970485917893,37.75942232522572,42.06493676991252,5.979970485917894,nan,-15.766861851809516,nan,-15.785351147014799,False,6.312611821610126,,-5.1339102973106545,-3.2395275020622654,-0.021821037637837826,-129.31692498261427,-13.419395750967078,-4.745124194598823,0.9961915225172453,1.006356242494476,859.8420119284278
24,24480,0,8,6867,-2.120770338220206,-1.8306173220800974,17.508856611666868,17.476000394715278,0.9981234515947948,0.0,-98.15017217011679,-98.15017217011679,37.140787171923506,40.99037612861495,5.877207171415866,37.38198350302611,41.7903683827419,5.9172730071471955,37.14078717192351,40.99037612861497,5.877207171415867,37.38198350302611,41.790368382741924,5.9172730071471955,-18.136577171711522,-18.205671203551365,-0.9878173807222386,37.140787171923506,40.99037612861495,5.877207171415866,37.14078717192351,40.99037612861497,5.877207171415867,nan,-18.136577171711522,nan,-18.205671203551365,False,6.1445222682524285,,-2.120770338220206,-1.8306173220800974,-0.0018765484052052361,-98.15017217011679,-14.164503093881876,-5.381793433257171,0.995864377234995,1.0066873471637514,889.2870635794628
25,25500,0,8,4931,-7.099220096904693,-7.295026766907608,17.24613103980546,16.83429685276798,0.9761201984325104,0.0,-124.26955633067593,-124.26955633067593,37.212153986451895,41.657001387873784,5.889062123995332,37.22023252591604,40.564943252641825,5.890404074072433,37.2121539864519,41.657001387873784,5.889062123995333,37.220232525916046,40.56494325264182,5.890404074072434,-16.07160611799613,-16.135260846746153,0.6981930977687849,37.212153986451895,41.657001387873784,5.889062123995332,37.2121539864519,41.657001387873784,5.889062123995333,nan,-16.07160611799613,nan,-16.135260846746153,False,6.422961533519664,,-7.099220096904693,-7.295026766907608,-0.02387980156748959,-124.26955633067593,-16.659548695187002,-7.918091694689814,0.9917026945846069,1.010997176498951,926.5679304786656
26,26520,0,8,4291,11.059001808129665,10.26733924762478,18.536897764165325,18.98517247425513,1.0241828333841485,0.0,-96.31654171825704,-96.31654171825704,37.74789788531377,42.06439252668149,5.978056127128534,37.53198603471744,41.845298967908626,5.942190371215522,37.74789788531376,42.06439252668147,5.978056127128533,37.53198603471745,41.84529896790863,5.942190371215523,-18.345796293418537,-18.41221163532495,0.7150189693941851,37.74789788531377,42.06439252668149,5.978056127128534,37.74789788531376,42.06439252668147,5.978056127128533,nan,-18.345796293418537,nan,-18.41221163532495,False,6.897038436694211,,11.059001808129665,10.26733924762478,0.024182833384148505,-96.31654171825704,-12.756513386337028,-4.363612196425457,0.9958995762648132,1.0068196647227494,955.4628929941427
27,27540,0,8,2895,8.63860774214869,7.822176369406405,18.296208167749082,18.44311419239297,1.008029315325721,0.0,-110.04667085551509,-110.04667085551509,37.61176034640308,41.95579849276545,5.955441918007157,37.04355226582845,41.108720008795,5.861055193659213,37.611760346403074,41.95579849276547,5.955441918007156,37.04355226582846,41.10872000879499,5.8610551936592135,-17.149145956144142,-17.222588058066673,0.5957829258946585,37.61176034640308,41.95579849276545,5.955441918007157,37.611760346403074,41.95579849276547,5.955441918007156,nan,-17.149145956144142,nan,-17.222588058066673,False,6.209060965387182,,8.63860774214869,7.822176369406405,0.008029315325720932,-110.04667085551509,-9.720551948245124,-1.6443946193173002,0.9972989448176651,1.0054162207184676,988.4768942507973
28,28560,0,8,6223,0.3765539619359547,-1.0307154514261585,16.52090744038047,16.550685685843163,1.001802458222719,0.0,-151.889682067615,-151.889682067615,37.15760291738343,41.15488055248296,5.880000484615188,36.42577725729883,40.71646414143676,5.758434760348644,37.157602917383414,41.15488055248295,5.880000484615186,36.42577725729883,40.716464141436774,5.758434760348644,-14.392194310900578,-14.433044016351818,2.1715763092590112,37.15760291738343,41.15488055248296,5.880000484615188,37.157602917383414,41.15488055248295,5.880000484615186,nan,-14.392194310900578,nan,-14.433044016351818,False,6.115710163274867,,0.3765539619359547,-1.0307154514261585,0.0018024582227189612,-151.889682067615,-9.588401114874213,-2.0032016492470186,0.9976135230122943,1.0050996526906117,1034.043798871082
29,29580,0,8,1031,5.006274976201897,4.833005231010216,19.118247162248533,19.326020256519705,1.0108677899447522,0.0,-117.03691365500634,-117.03691365500634,37.688319467421024,41.837582780114325,5.96815937997027,37.60125823576482,41.94090517627026,5.953697381356283,37.68831946742102,41.837582780114325,5.9681593799702695,37.60125823576481,41.940905176270256,5.953697381356282,-16.641262335905658,-16.69320231553181,-0.06774426747937312,37.688319467421024,41.837582780114325,5.96815937997027,37.68831946742102,41.837582780114325,5.9681593799702695,nan,-16.641262335905658,nan,-16.69320231553181,False,7.945864841973821,,5.006274976201897,4.833005231010216,0.010867789944752237,-117.03691365500634,-7.832013294087755,-0.3202323771700075,0.9995108474997692,1.0032086417183195,1069.1548729675837
30,30600,0,8,663,-7.069753168589263,-6.189246115126199,18.106005288998542,18.16723662736936,1.0033818248362063,0.0,-108.25871500607037,-108.25871500607037,37.411746156403794,41.999442770603935,5.922216969502292,37.52258127824696,42.14606762370842,5.940628119310127,37.4117461564038,41.999442770603935,5.922216969502293,37.52258127824695,42.14606762370842,5.940628119310126,-17.289297471903314,-17.31980287942551,-1.4171866368245318,37.411746156403794,41.999442770603935,5.922216969502292,37.4117461564038,41.999442770603935,5.922216969502293,nan,-17.289297471903314,nan,-17.31980287942551,False,6.190680092722313,,-7.069753168589263,-6.189246115126199,0.003381824836206304,-108.25871500607037,-10.307637861040554,-2.4795400727095807,1.0001023773561923,1.0026169245196574,1101.6324874694049
31,31620,0,8,4839,-0.12946565958826436,-0.587329717964714,18.12323350562784,18.314999597797875,1.010581229453921,0.0,-128.18745205601581,-128.18745205601581,37.94202669032214,42.35934938263899,6.010303436930588,37.07230888083241,41.44366990930198,5.865832040005384,37.94202669032214,42.35934938263898,6.010303436930588,37.07230888083241,41.443669909301974,5.865832040005384,-15.834425930934266,-15.852675934148195,0.2115967155742373,37.94202669032214,42.35934938263899,6.010303436930588,37.94202669032214,42.35934938263898,6.010303436930588,nan,-15.834425930934266,nan,-15.852675934148195,False,6.877017778615952,,-0.12946565958826436,-0.587329717964714,0.010581229453920926,-128.18745205601581,-10.352946203348148,-2.684568928956082,1.0019542820843303,1.0007798025752588,1140.0887230862095
32,32640,0,7,1787,-4.1468965352853715,-4.781170199070013,18.00925442204685,18.48109541966375,1.0261999184729864,0.0,-145.66288040215576,-145.66288040215576,37.23401519895559,42.07057863590844,5.892693554643786,36.99173139041056,41.32185042678007,5.85244707481903,37.23401519895559,42.07057863590845,5.892693554643786,36.99173139041055,41.32185042678007,5.852447074819029,-14.724588197073285,-14.716685405990784,0.6673311954118715,37.23401519895559,42.07057863590844,5.892693554643786,37.23401519895559,42.07057863590845,5.892693554643786,nan,-14.724588197073285,nan,-14.716685405990784,False,7.643898745767838,,-4.1468965352853715,-4.781170199070013,0.026199918472986417,-145.66288040215576,-11.80152905119082,-4.3566745863328595,1.0065482281725775,0.9963083920500245,1183.7875872068562
33,33660,0,8,5731,5.824062330853819,4.441491891709532,18.167976581686222,18.411924254783045,1.013427344096355,0.0,-144.8940818485727,-144.8940818485727,37.598613029893656,42.817230965516906,5.953257978387652,37.154307121608625,41.72432274562867,5.879453010233991,37.59861302989367,42.81723096551693,5.953257978387653,37.15430712160861,41.724322745628655,5.8794530102339895,-14.782330904591854,-14.70531657559665,1.3155592996941436,37.598613029893656,42.817230965516906,5.953257978387652,37.59861302989367,42.81723096551693,5.953257978387653,nan,-14.782330904591854,nan,-14.70531657559665,False,6.2111015136684875,,5.824062330853819,4.441491891709532,0.013427344096355043,-144.8940818485727,-9.776368449100586,-2.7963924743858555,1.0089134003191962,0.9939982997235121,1227.255811761428
34,34680,0,8,5723,7.130470295631954,6.516046999799569,17.29864571724975,17.26751162947211,0.9982002008546487,0.0,-106.88068626691165,-106.88068626691165,37.39478920325281,41.62073591667799,5.919400199875883,37.215444049019794,41.055472232659824,5.889608646016578,37.39478920325281,41.620735916677994,5.919400199875883,37.21544404901981,41.05547223265984,5.889608646016581,-17.448197156361886,-17.268837997519036,0.042418289801567255,37.39478920325281,41.62073591667799,5.919400199875883,37.39478920325281,41.620735916677994,5.919400199875883,nan,-17.448197156361886,nan,-17.268837997519036,False,5.946769759263106,align_margin=5.9,,,,,,,,,
34,34680,0,7,2411,-1.4934706715353465,-1.3237840820083138,18.206721402144296,17.780927289025826,0.9766133559297324,0.0,-136.35446506793411,-136.35446506793411,37.66359668309181,42.06936999792003,5.9640526051647536,36.75847798673884,41.36007491702315,5.813700662248977,37.66359668309181,42.069369997920035,5.9640526051647536,36.75847798673884,41.36007491702315,5.813700662248977,-15.298269484886436,-15.165156989848708,0.3421640113532456,37.66359668309181,42.06936999792003,5.9640526051647536,37.66359668309181,42.069369997920035,5.9640526051647536,nan,-15.298269484886436,nan,-15.165156989848708,False,7.06438404773518,,-1.4934706715353465,-1.3237840820083138,-0.02338664407026758,-136.35446506793411,-10.294465180566336,-3.2625144273427034,1.0047842580657733,0.9981638169700913,1268.1621512818083
35,35700,0,8,291,1.9175894079231237,0.05588909676242876,17.84989286018378,17.636858058112093,0.9880652055594751,0.0,-150.83200113002673,-150.83200113002673,37.08942622524806,41.846954646050335,5.868675452699014,37.356275828017516,41.16675411850612,5.9130026292387905,37.08942622524806,41.846954646050335,5.868675452699014,37.356275828017516,41.16675411850611,5.9130026292387905,-14.445410067199072,-14.400517870879012,1.54915838020738,37.08942622524806,41.846954646050335,5.868675452699014,37.08942622524806,41.846954646050335,5.868675452699014,nan,-14.445410067199072,nan,-14.400517870879012,False,6.884852995858072,,1.9175894079231237,0.05588909676242876,-0.01193479444052492,-150.83200113002673,-9.626504583666579,-3.242917259488806,1.0026856766897825,1.0002737526136436,1313.4117516208164
36,36720,0,8,6343,2.7399060062749845,6.477957154123045,18.53294201836773,18.803961600570172,1.0146236675177551,0.0,-110.1046485756837,-110.1046485756837,37.09982557136797,41.28548079183561,5.87040291883189,37.417292817044384,42.82674193522982,5.923138341701725,37.09982557136798,41.285480791835624,5.870402918831891,37.41729281704438,42.82674193522979,5.9231383417017245,-17.161341066517828,-17.140119442418772,-2.7612014616325853,37.09982557136797,41.28548079183561,5.87040291883189,37.09982557136798,41.285480791835624,5.870402918831891,nan,-17.161341066517828,nan,-17.140119442418772,False,6.729403153900187,,2.7399060062749845,6.477957154123045,0.014623667517755123,-110.1046485756837,-8.670106058694993,-0.9762527608764886,1.0052516915329097,0.9977508049737266,1346.4431461935214
37,37740,0,7,2391,-7.9107064136083345,-8.664469585836448,17.61768777593373,16.89422945387692,0.9589356826356592,0.0,-148.57455573812857,-148.57455573812857,37.53071224339445,41.58605832449319,5.9419787779725,37.183168500397855,41.48836349406491,5.8842472592023025,37.53071224339445,41.58605832449319,5.9419787779725,37.18316850039787,41.48836349406493,5.884247259202304,-14.550269482179132,-14.498723825305397,0.4455427355460415,37.53071224339445,41.58605832449319,5.9419787779725,37.53071224339445,41.58605832449319,5.9419787779725,nan,-14.550269482179132,nan,-14.498723825305397,False,8.034900308670915,,-7.9107064136083345,-8.664469585836448,-0.0410643173643408,-148.57455573812857,-11.424388660837,-4.0156533205408955,0.9980276959967839,1.0052279406965698,1391.01551291496
38,38760,0,8,6651,2.9312198685592197,1.9237516347353334,18.321953077938478,18.54231322507865,1.012027110112268,0.0,-134.42108871211732,-134.42108871211732,37.500596666258275,42.28549363001935,5.936976190408352,36.999255291228025,41.61966327254861,5.85369689223057,37.50059666625828,42.28549363001936,5.936976190408354,36.999255291228025,41.61966327254859,5.85369689223057,-15.40832166007352,-15.454037518242053,1.0558306231857681,37.500596666258275,42.28549363001935,5.936976190408352,37.50059666625828,42.28549363001936,5.936976190408354,nan,-15.40832166007352,nan,-15.454037518242053,False,6.559465596955649,,2.9312198685592197,1.9237516347353334,0.01202711011226798,-134.42108871211732,-10.396434268277705,-3.345841982337546,1.000128289070882,1.0031373368711098,1431.3418395285953
39,39780,0,8,1075,-9.5924308168211,-8.533108698707842,20.244031239062984,19.79248674699279,0.9776949320647712,0.0,-102.22407472608965,-102.22407472608965,37.92457796735785,42.41962041892264,6.007404977966421,37.51855168177265,42.43971183970054,5.939958751125025,37.924577967357834,42.419620418922634,6.007404977966418,37.51855168177264,42.43971183970052,5.939958751125024,-17.781139521250246,-17.80561870902418,-0.9195674696374674,37.92457796735785,42.41962041892264,6.007404977966421,37.924577967357834,42.419620418922634,6.007404977966418,nan,-17.781139521250246,nan,-17.80561870902418,False,8.168959245304153,,-9.5924308168211,-8.533108698707842,-0.022305067935228795,-102.22407472608965,-13.753354398000623,-6.323089398791234,0.9962244014203397,1.007142300996273,1462.0090619464222
40,40800,0,7,3175,-8.454796827358216,-8.068823485702028,16.743292252541252,16.50355779631099,0.9856817612322405,0.0,-99.14264727612334,-99.14264727612334,37.64778858947062,42.488229803169624,5.961426675991798,37.288901436259266,41.8752653166713,5.90181086981051,37.64778858947061,42.4882298031696,5.961426675991796,37.28890143625927,41.87526531667132,5.901810869810511,-18.067583779012086,-18.141085782166574,-0.7773989121028508,37.64778858947062,42.488229803169624,5.961426675991798,37.64778858947061,42.4882298031696,5.961426675991796,nan,-18.067583779012086,nan,-18.141085782166574,False,5.810731194553733,align_margin=5.8,,,,,,,,,
40,40800,0,7,5691,-5.080861200963371,-5.561516801153104,18.313882109682417,17.51492440535271,0.956374202938256,0.0,-99.0695403759057,-99.0695403759057,37.4113258577576,41.00634496358406,5.92214715245143,37.26917967553403,41.6407091107658,5.89853482982293,37.411325857757596,41.00634496358407,5.922147152451429,37.26917967553403,41.64070911076579,5.89853482982293,-18.061209476685868,-18.137438865629395,0.41341988813952124,37.4113258577576,41.00634496358406,5.92214715245143,37.411325857757596,41.00634496358407,5.922147152451429,nan,-18.061209476685868,nan,-18.137438865629395,False,6.16594012494509,,-5.080861200963371,-5.561516801153104,-0.043625797061743965,-99.0695403759057,-15.538395416672536,-8.255816162901988,0.9886187117965836,1.0151820854892049,1491.729924059194
41,41820,0,7,1883,12.299626136831058,13.29337405810842,16.782425185869958,18.381486682567694,1.095281908245542,0.0,-129.77686746203509,-129.77686746203509,36.8218042663805,40.901631442657916,5.82421997780407,36.80499610779937,40.925405922697934,5.821427924883617,36.82180426638049,40.901631442657916,5.824219977804069,36.80499610779937,40.92540592269795,5.821427924883617,-15.704016734756737,-15.803264481412915,-1.2455604490632606,36.8218042663805,40.901631442657916,5.82421997780407,36.82180426638049,40.901631442657916,5.824219977804069,nan,-15.704016734756737,nan,-15.803264481412915,False,6.653019023919252,,12.299626136831058,13.29337405810842,0.09528190824554206,-129.77686746203509,-11.18396726704974,-3.6727162571389034,1.0051032703393483,0.9997271738551009,1530.6629842978045
42,42840,0,8,6911,1.9817595862112358,1.5024740111241837,20.328435324273727,19.12863692712954,0.9409793042108099,0.0,-151.30425798388683,-151.30425798388683,38.61981573838736,43.74302616258173,6.122892979798565,37.68197535308757,41.84470827256571,5.967105540379996,38.61981573838736,43.74302616258171,6.122892979798565,37.681975353087594,41.844708272565725,5.9671055403799995,-14.407517318454339,-14.371667399132633,0.23252891346451987,38.61981573838736,43.74302616258173,6.122892979798565,38.61981573838736,43.74302616258171,6.122892979798565,nan,-14.407517318454339,nan,-14.371667399132633,False,5.990593859344366,align_margin=6.0,,,,,,,,,
42,42840,0,8,8195,-1.7557832426465003,-0.10524400346820026,17.982460025049775,17.158752168643097,0.9541938169049594,0.0,-98.92118092178528,-98.92118092178528,37.29564113300688,40.76293172865871,5.902930420765263,36.822862710097766,40.431713708766175,5.824395799019563,37.29564113300688,40.76293172865871,5.902930420765263,36.822862710097766,40.431713708766196,5.824395799019563,-18.023488761677154,-17.96597873062829,-1.3494790322047352,37.29564113300688,40.76293172865871,5.902930420765263,37.29564113300688,40.76293172865871,5.902930420765263,nan,-18.023488761677154,nan,-17.96597873062829,False,5.978973428142791,align_margin=6.0,,,,,,,,,
42,42840,0,8,21,-6.31984200294449,-6.5210418122684946,17.430562070809664,16.764219730769028,0.9617716091234639,0.0,-99.80688300638813,-99.80688300638813,37.352021662592676,42.21062230571008,5.912295957241309,36.79195073817519,41.21090554038653,5.819260919962657,37.35202166259267,42.21062230571009,5.912295957241308,36.791950738175196,41.210905540386534,5.819260919962658,-17.997632293736036,-17.941563908077597,0.4976628774779659,37.352021662592676,42.21062230571008,5.912295957241309,37.35202166259267,42.21062230571009,5.912295957241308,nan,-17.997632293736036,nan,-17.941563908077597,False,5.5859900820717305,align_margin=5.6,,,,,,,,,
42,42840,0,8,783,5.259582821846225,5.086293871265658,18.05824898448844,17.66461670005929,0.9782020790184437,0.0,-98.44664291524934,-98.44664291524934,37.43295753806921,42.558451838647066,5.925740454828773,37.577286212251295,41.63186034960748,5.9497153176497175,37.43295753806922,42.55845183864708,5.925740454828775,37.57728621225128,41.63186034960746,5.949715317649715,-18.114861248435933,-18.05946320238047,-0.0767027230426569,37.43295753806921,42.558451838647066,5.925740454828773,37.43295753806922,42.55845183864708,5.925740454828775,nan,-18.114861248435933,nan,-18.05946320238047,False,6.595899304051173,,5.259582821846225,5.086293871265658,-0.021797920981556307,-98.44664291524934,-9.352459956338613,-1.8920275837699023,1.0012691670479452,1.0036257501524628,1560.1969771723793
43,43860,0,7,3611,-4.773538363360553,-3.4916698354646494,18.092465587801847,17.868027020962653,0.9875949153668413,0.0,-121.38475795477322,-121.38475795477322,37.27726818263537,41.088594958428295,5.899878435653716,37.21636728090327,42.12489709016339,5.889762006794564,37.27726818263537,41.08859495842828,5.899878435653716,37.21636728090327,42.1248970901634,5.889762006794564,-16.27037353027536,-16.28806945174598,-1.3520371690260378,37.27726818263537,41.088594958428295,5.899878435653716,37.27726818263537,41.08859495842828,5.899878435653716,nan,-16.27037353027536,nan,-16.28806945174598,False,6.883499272928776,,-4.773538363360553,-3.4916698354646494,-0.012405084633158703,-121.38475795477322,-11.021080625146435,-3.1096970608902113,0.9990955220153298,1.0058318782733795,1596.6124045588112
44,44880,0,8,6499,-4.980020387283278,-5.9042424292497255,17.307534143109248,17.72498964679378,1.024119871740986,0.0,-118.5353150824034,-118.5353150824034,38.34333617228629,42.35711637920522,6.076966141575797,37.81717479451708,41.90963112943763,5.989563919354997,38.343336172286314,42.357116379205245,6.0769661415758005,37.81717479451708,41.90963112943762,5.989563919354997,-16.489022163779325,-16.538389835123557,1.196999931255832,38.34333617228629,42.35711637920522,6.076966141575797,38.343336172286314,42.357116379205245,6.0769661415758005,nan,-16.489022163779325,nan,-16.538389835123557,False,6.067728585101778,,-4.980020387283278,-5.9042424292497255,0.024119871740986065,-118.5353150824034,-12.765665699487709,-5.164200298334576,1.0033126817887303,1.0016862758892087,1632.1729990835322
45,45900,0,7,4519,5.176504194357647,7.678435381388059,17.698262597655802,17.692549158894057,0.9996771751616736,0.0,-99.83923168084527,-99.83923168084527,37.11646733986949,40.90100995450298,5.873167332204234,37.24035657382396,41.40836216627957,5.893746939173416,37.11646733986949,40.90100995450298,5.873167332204234,37.24035657382396,41.408362166279574,5.893746939173416,-17.999427342753933,-17.98441978806714,-2.0089991191198315,37.11646733986949,40.90100995450298,5.873167332204234,37.11646733986949,40.90100995450298,5.873167332204234,nan,-17.999427342753933,nan,-17.98441978806714,False,7.120185659563319,,5.176504194357647,7.678435381388059,-0.0003228248383263521,-99.83923168084527,-10.95987125383683,-2.4812720720292516,1.0032560002942297,1.001742883775402,1662.1247685877859
46,46920,0,7,6077,1.3171741292377375,0.24672765715151082,22.432972857988172,22.442786762969458,1.0004374767911242,0.0,-108.89612930718505,-108.89612930718505,28.988519355107396,30.85186188052599,4.523009859652391,28.77008131757271,30.67583225070421,4.486724471357594,28.9885193551074,30.85186188052599,4.523009859652392,28.770081317572714,30.67583225070421,4.486724471357594,-17.252157698201685,-17.23809423736144,1.0107263789276355,28.988519355107396,30.85186188052599,4.523009859652391,28.9885193551074,30.85186188052599,4.523009859652392,nan,-17.252157698201685,nan,-17.23809423736144,False,6.745418424805652,,1.3171741292377375,0.24672765715151082,0.0004374767911241584,-108.89612930718505,-10.50035648881374,-2.3950676363385557,1.0033328080069746,1.0016662254407374,1694.7936073799415
47,47940,0,8,691,-1.86000864473439,-0.5306051761338765,17.144173047783053,17.223817319587187,1.0046455592569064,0.0,-98.48750417742377,-98.48750417742377,37.271547621484075,42.61577282205157,5.898928176326259,37.364480837562446,41.80455397418179,5.914365587634959,37.27154762148406,42.61577282205156,5.898928176326256,37.364480837562446,41.804553974181786,5.914365587634959,-18.122208031495358,-18.106391275193918,-1.1284770009493474,37.271547621484075,42.61577282205157,5.898928176326259,37.27154762148406,42.61577282205156,5.898928176326256,nan,-18.122208031495358,nan,-18.106391275193918,False,6.094491407967217,,-1.86000864473439,-0.5306051761338765,0.004645559256906351,-98.48750417742377,-11.149197053441734,-2.580470524975579,1.0041484903594236,1.0008556634882817,1724.3398586331687
48,48960,0,8,7147,1.1895094379139926,1.9710874463956558,17.049006706230557,17.05205239103239,1.000178642947024,0.0,-98.91411946026133,-98.91411946026133,37.180252916454165,41.458511342058856,5.883762942932586,36.94365439592704,41.9499486420717,5.844460863110805,37.18025291645417,41.458511342058884,5.883762942932588,36.94365439592704,41.9499486420717,5.844460863110805,-18.07915663424946,-18.045290237372097,-0.1842315902411893,37.180252916454165,41.458511342058856,5.883762942932586,37.18025291645417,41.458511342058884,5.883762942932588,nan,-18.07915663424946,nan,-18.045290237372097,False,6.3424542305776574,,1.1895094379139926,1.9710874463956558,0.0001786429470240769,-98.91411946026133,-10.734588748726884,-1.891179719711972,1.004179882567398,1.0008243798109675,1754.014094471247
49,49980,0,7,7379,4.6815283193386446,2.797762272388773,18.91097057497438,19.159627137276168,1.013148799598411,0.0,-148.6350038900071,-148.6350038900071,37.73311723454053,42.25286027716194,5.975600869525006,37.18779124106269,41.873310558229775,5.885015156322707,37.73311723454053,42.25286027716193,5.975600869525006,37.187791241062705,41.87331055822979,5.8850151563227096,-14.560949515267016,-14.53871708378093,2.1525037588993805,37.73311723454053,42.25286027716194,5.975600869525006,37.73311723454053,42.25286027716193,5.975600869525006,nan,-14.560949515267016,nan,-14.53871708378093,False,7.436237894801528,,4.6815283193386446,2.797762272388773,0.013148799598410976,-148.6350038900071,-9.102874212104954,-0.9127695060029277,1.006490540573809,0.9985513308160942,1798.6045956382493
50,51000,0,8,3093,-0.35432282929366843,1.073889664009302,17.92241591366305,17.324181946680643,0.9666209081485301,0.0,-98.06654274339314,-98.06654274339314,37.2210136772112,41.928048917223286,5.890533833423787,37.78794981844206,41.70002551732579,5.984709272166455,37.22101367721119,41.92804891722329,5.8905338334237864,37.78794981844206,41.700025517325784,5.984709272166455,-18.160264670726256,-18.06775213013554,-0.7655433143967304,37.2210136772112,41.928048917223286,5.890533833423787,37.22101367721119,41.92804891722329,5.8905338334237864,nan,-18.160264670726256,nan,-18.06775213013554,False,5.828450694805546,align_margin=5.8,,,,,,,,,
50,51000,0,7,711,-8.528063653242505,-7.304486710228664,15.58274758513089,16.03510590580975,1.0290294325957319,0.0,-105.24699140580805,-105.24699140580805,37.01588186073832,40.823079958466586,5.856458780853542,36.5021599789929,40.19583296446185,5.771122920098489,37.015881860738325,40.82307995846658,5.8564587808535435,36.50215997899292,40.195832964461864,5.771122920098493,-17.541469910453124,-17.458890216181764,-0.499072236448594,37.01588186073832,40.823079958466586,5.856458780853542,37.015881860738325,40.82307995846658,5.8564587808535435,nan,-17.541469910453124,nan,-17.458890216181764,False,5.769254663642944,align_margin=5.8,,,,,,,,,
50,51000,0,8,2595,-2.603618073650449,-3.426870594061789,18.569731858839397,18.506281240151655,0.9965831160530442,0.0,-131.7593659713873,-131.7593659713873,37.49586361523224,41.64721940371402,5.936189969307682,37.24616409131168,41.44096545729273,5.89471164307503,37.49586361523224,41.64721940371402,5.936189969307682,37.24616409131168,41.44096545729272,5.89471164307503,-15.60907948455725,-15.541398202206139,1.828640010408951,37.49586361523224,41.64721940371402,5.936189969307682,37.49586361523224,41.64721940371402,5.936189969307682,nan,-15.60907948455725,nan,-15.541398202206139,False,7.005700708439884,,-2.603618073650449,-3.426870594061789,-0.0034168839469558288,-131.7593659713873,-10.008264068285953,-2.113914275337298,1.0058887048339102,0.9991504664451908,1838.1324054296656
51,52020,0,7,3741,-6.336093114807052,-7.086877604254567,17.70699087008473,16.953322133456428,0.9574366563941931,0.0,-135.70082876537236,-135.70082876537236,37.531612538486414,41.37529072002785,5.942128328652229,37.2175777425915,40.33456008828017,5.889963080164702,37.531612538486414,41.37529072002785,5.942128328652229,37.21757774259152,40.3345600882802,5.889963080164706,-15.339166660222878,-15.284556534318895,1.0297139540666844,37.531612538486414,41.37529072002785,5.942128328652229,37.531612538486414,41.37529072002785,5.942128328652229,nan,-15.339166660222878,nan,-15.284556534318895,False,6.52248942800815,,-6.336093114807052,-7.086877604254567,-0.042563343605806936,-135.70082876537236,-12.212914125022237,-4.596430417589595,0.9983962571836272,1.00692357316542,1878.8426540592773
52,53040,0,7,2527,7.185056886017698,7.125710692939473,15.619574091082763,15.679348327622215,1.0038268800538919,0.0,-98.06881042193474,-98.06881042193474,36.89132044238204,40.742213808512616,5.835767515345855,36.80027459516898,41.08742529944937,5.820643620459964,36.89132044238204,40.7422138085126,5.835767515345855,36.80027459516897,41.08742529944937,5.820643620459963,-18.199019660100298,-18.253099641611232,-0.08005889690346102,36.89132044238204,40.742213808512616,5.835767515345855,36.89132044238204,40.7422138085126,5.835767515345855,nan,-18.199019660100298,nan,-18.253099641611232,False,6.061293706738537,,7.185056886017698,7.125710692939473,0.003826880053891868,-98.06881042193474,-9.694104692382636,-2.119580327876684,0.999064887160064,1.0062518031943835,1908.2632971858577
53,54060,0,8,4699,-1.6793696354959233,-2.8836523102672063,17.166455914363105,16.945658458365255,0.9871378543655531,0.0,-153.06770141218374,-153.06770141218374,37.82916126104902,41.65978624268385,5.99155502675233,37.230521539852205,41.75668276519942,5.892113212600035,37.82916126104903,41.659786242683865,5.991555026752331,37.23052153985221,41.75668276519943,5.892113212600036,-14.311402231470966,-14.349728055082824,1.2085582414164993,37.82916126104902,41.65978624268385,5.99155502675233,37.82916126104903,41.659786242683865,5.991555026752331,nan,-14.311402231470966,nan,-14.349728055082824,False,6.634730510213066,,-1.6793696354959233,-2.8836523102672063,-0.012862145634446875,-153.06770141218374,-10.282434219300944,-3.122588029715857,0.996816116496604,1.0085462623791521,1954.1836076095128
54,55080,0,8,5335,4.531322515164903,4.9916013925843865,18.077343471650273,18.485534696760265,1.022580266052373,0.0,-98.15732019750862,-98.15732019750862,37.291055899082856,41.22131978237843,5.902168754000475,37.076709825963036,41.71408855881245,5.866563094013794,37.29105589908287,41.22131978237845,5.902168754000478,37.076709825963036,41.714088558812456,5.866563094013794,-18.155041224211033,-18.233551384024864,-0.5329608611570307,37.291055899082856,41.22131978237843,5.902168754000475,37.29105589908287,41.22131978237845,5.902168754000478,nan,-18.155041224211033,nan,-18.233551384024864,False,6.103361860234742,,4.531322515164903,4.9916013925843865,0.022580266052373066,-98.15732019750862,-8.691405689503775,-1.3903318580621795,1.0007550817918667,1.004648947278159,1983.6308036687653
55,56100,0,8,2347,4.7214990611575764,6.560260694475322,16.478588711799087,16.70587948369357,1.0137930969617401,0.0,-99.81260000911682,-99.81260000911682,36.89528150276083,40.840089540809814,5.836425498797481,36.83005228423732,41.16400000864235,5.825590080438094,36.895281502760824,40.840089540809785,5.83642549879748,36.83005228423732,41.16400000864235,5.825590080438094,-18.007159891716537,-18.03850324996661,-1.2526481139484638,36.89528150276083,40.840089540809814,5.836425498797481,36.895281502760824,40.840089540809785,5.83642549879748,nan,-18.007159891716537,nan,-18.03850324996661,False,7.25514989283494,,4.7214990611575764,6.560260694475322,0.013793096961740137,-99.81260000911682,-7.040127867915018,0.895134372990009,1.0031706963705358,1.002256927084716,2013.5745836715005
56,57120,0,8,3931,-8.907041630853541,-9.399672517012984,17.554390881524778,17.703521368412666,1.008495338168916,0.0,-100.27007123359701,-100.27007123359701,37.346518769646316,42.04928127034074,5.9113818554229765,37.1229439878932,41.683338617488,5.874243187357675,37.34651876964632,42.04928127034077,5.911381855422978,37.12294398789319,41.683338617487955,5.874243187357673,-17.939963240317653,-17.931624300609997,0.5102810324329043,37.346518769646316,42.04928127034074,5.9113818554229765,37.34651876964632,42.04928127034077,5.911381855422978,nan,-17.939963240317653,nan,-17.931624300609997,False,6.340977969464361,,-8.907041630853541,-9.399672517012984,0.0084953381689159,-100.27007123359701,-10.14773914691041,-2.387342696561306,1.0046620943742286,1.0007794393255192,2043.6556050415795
57,58140,0,8,2879,4.533283291956845,4.404068608553473,17.908759477387374,17.494149669134934,0.9768487700794715,0.0,-135.72867782920835,-135.72867782920835,37.411974811078814,41.81639936225045,5.9222549520064485,36.45551490635399,41.54466922169935,5.763374569161793,37.41197481107882,41.81639936225046,5.922254952006449,36.455514906354,41.54466922169937,5.763374569161794,-15.360180425356976,-15.32964962239953,0.6361868551666894,37.411974811078814,41.81639936225045,5.9222549520064485,37.41197481107882,41.81639936225046,5.922254952006449,nan,-15.360180425356976,nan,-15.32964962239953,False,6.03267487419807,,4.533283291956845,4.404068608553473,-0.023151229920528538,-135.72867782920835,-8.568452776826778,-0.847119194335314,1.0005917408248515,1.004930156643916,2084.374208390342
58,59160,0,8,6509,1.4699299505311028,2.6105889561649462,18.307660230392372,18.38786298262438,1.0043808302766546,0.0,-99.06283809635369,-99.06283809635369,29.233912001172037,30.589511699326263,4.563772757669773,29.146885175902906,30.575640162695173,4.549316474402476,29.23391200117205,30.589511699326273,4.563772757669776,29.14688517590291,30.57564016269518,4.5493164744024766,-18.07760823451118,-18.109473502951342,-1.1313986348245355,29.233912001172037,30.589511699326263,4.563772757669773,29.23391200117205,30.589511699326273,4.563772757669776,nan,-18.07760823451118,nan,-18.109473502951342,False,6.241790685570419,,1.4699299505311028,2.6105889561649462,0.00438083027665459,-99.06283809635369,-8.054281550246623,0.06210432594311177,1.0013588397785873,1.0041630920439137,2114.093059819248
59,60180,0,8,4055,7.19961570332155,7.358802182899748,19.148775515238345,18.966779643819983,0.9904956914203975,0.0,-137.14454879506079,-137.14454879506079,37.88802478824972,43.45980185935712,6.0013330213039415,37.46634161613536,42.21707878959296,5.931285982746738,37.88802478824973,43.459801859357114,6.001333021303942,37.46634161613535,42.21707878959293,5.931285982746737,-15.245441536872137,-15.264448707917438,0.8115056595387937,37.88802478824972,43.45980185935712,6.0013330213039415,37.88802478824973,43.459801859357114,6.001333021303942,nan,-15.245441536872137,nan,-15.264448707917438,False,6.948268593277804,,7.19961570332155,7.358802182899748,-0.009504308579602494,-137.14454879506079,-5.537835501076362,2.627007163362152,0.9996933256814579,1.0058492965326336,2155.236424457766
60,61200,0,7,1228,-9.295802748237953,-11.118244588536085,16.30785410895554,15.39341951830994,0.9439267371086284,0.0,-147.6783018445591,-147.6783018445591,30.163122004816735,31.397739213779992,4.718126578873212,30.06985684667995,31.173218481467234,4.7026340276877,30.163122004816735,31.39773921378,4.718126578873212,30.069856846679947,31.173218481467234,4.702634027687699,-14.59262552763028,-14.630237276433025,1.0150455156547213,30.163122004816735,31.397739213779992,4.718126578873212,30.163122004816735,31.39773921378,4.718126578873212,nan,-14.59262552763028,nan,-14.630237276433025,False,6.734366355691803,,-9.295802748237953,-11.118244588536085,-0.0560732628913716,-147.6783018445591,-8.792364543435887,-1.2417489409588676,0.9898835140156629,1.0163058486333925,2199.539915011134
61,62220,0,7,3177,-2.874804499276383,-2.6650016062490676,17.307331399767968,17.44267386898843,1.007819950175697,0.0,-100.91797375319773,-100.91797375319773,37.6348078046052,41.670382671869454,5.959270399436081,37.4096070732943,41.492554475820896,5.921861640082111,37.634807804605195,41.67038267186943,5.95927039943608,37.4096070732943,41.49255447582091,5.921861640082111,-17.909402975877164,-17.970061071037694,0.21143299411002348,37.6348078046052,41.670382671869454,5.959270399436081,37.634807804605195,41.67038267186943,5.95927039943608,nan,-17.909402975877164,nan,-17.970061071037694,False,5.845277051825831,align_margin=5.8,,,,,,,,,
61,62220,0,8,4027,-6.406498905053328,-6.343817281378094,17.10392247307301,17.003179429031256,0.994109945002361,0.0,-98.28644411200969,-98.28644411200969,36.87587145451302,41.1561696792976,5.8332012382912,37.05896594259204,41.78539073668489,5.863615605081735,36.875871454513,41.15616967929759,5.833201238291197,37.05896594259203,41.78539073668486,5.863615605081733,-18.12588551515664,-18.186458760861807,-0.7512669592134573,36.87587145451302,41.1561696792976,5.8332012382912,36.875871454513,41.15616967929759,5.833201238291197,nan,-18.12588551515664,nan,-18.186458760861807,False,7.026274174086933,,-6.406498905053328,-6.343817281378094,-0.005890054997638949,-98.28644411200969,-11.057554926971445,-3.4264613987962176,0.9888631820563714,1.0173596224541543,2229.0258482447366
62,63240,0,7,3725,-3.643743622798441,-3.4873633839984475,17.244109813352114,18.359253350433196,1.0646680837196725,0.0,-107.84355336237986,-107.84355336237986,38.10913883883655,42.28677899088848,6.0380629300392945,37.35668220214707,41.71070374869605,5.913070133247023,38.10913883883656,42.28677899088849,6.038062930039296,37.35668220214707,41.71070374869605,5.913070133247023,-17.342878900618956,-17.435981243455856,-0.4394318116392557,38.10913883883655,42.28677899088848,6.0380629300392945,38.10913883883656,42.28677899088849,6.038062930039296,nan,-17.342878900618956,nan,-17.435981243455856,False,6.386005477215903,,-3.643743622798441,-3.4873633839984475,0.06466808371967248,-107.84355336237986,-12.347228049725805,-4.626211376542617,1.000054062289163,1.0065455742144398,2261.3789142534506
63,64260,0,8,7123,3.0812849003336953,2.0631997448644768,17.895744881809122,17.717800253114305,0.9900565955834733,0.0,-152.84913201489778,-152.84913201489778,37.20861259539477,41.884199399839225,5.88847385305561,36.99303411763645,41.126843496180996,5.8526634746904405,37.20861259539477,41.88419939983923,5.88847385305561,36.993034117636434,41.12684349618099,5.852663474690438,-14.377608766359486,-14.412437481023863,0.46860915415638393,37.20861259539477,41.884199399839225,5.88847385305561,37.20861259539477,41.88419939983923,5.88847385305561,nan,-14.377608766359486,nan,-14.412437481023863,False,6.437100065119006,,3.0812849003336953,2.0631997448644768,-0.009943404416526747,-152.84913201489778,-11.268836634917509,-3.908787417606484,0.99831387244271,1.0083146505548501,2307.2336538579198
64,65280,0,8,6527,5.787856351993432,5.568193096681743,17.782735936324965,17.738709939756145,0.9975242281768978,0.0,-146.90420931711597,-146.90420931711597,37.36015165296986,41.69325630634695,5.9136464539817055,36.92255349766413,40.691377768245616,5.840955730508993,37.36015165296985,41.693256306346946,5.913646453981703,36.92255349766413,40.691377768245616,5.840955730508993,-14.697583756096208,-14.75217974236273,0.4382091150688936,37.36015165296986,41.69325630634695,5.9136464539817055,37.36015165296985,41.693256306346946,5.913646453981703,nan,-14.697583756096208,nan,-14.75217974236273,False,6.0034562833584255,,5.787856351993432,5.568193096681743,-0.002475771823102213,-146.90420931711597,-9.23966547030069,-1.9759903658467013,0.997881342905409,1.0087525972861437,2351.3049166530545
65,66300,0,7,3825,-3.3294064385701825,-1.9583209799230992,17.191430133956892,17.462219437900536,1.015751412292848,0.0,-120.74866863927761,-120.74866863927761,37.50519565805967,42.130006716127184,5.93774014253483,37.462206086089026,41.49459428654464,5.930599017622763,37.50519565805967,42.130006716127184,5.93774014253483,37.46220608608902,41.494594286544654,5.930599017622761,-16.268177725050016,-16.334538373980447,-1.2700988218347484,37.50519565805967,42.130006716127184,5.93774014253483,37.50519565805967,42.130006716127184,5.93774014253483,nan,-16.268177725050016,nan,-16.334538373980447,False,5.906937185748268,align_margin=5.9,,,,,,,,,
65,66300,0,7,3721,-2.5866452284121686,-1.7049208506204732,15.976205080426114,15.911638581386246,0.9959585834862014,0.0,-108.51962505079548,-108.51962505079548,36.87278549956763,40.50171028212656,5.832688621190637,36.534079567935066,39.57327336406228,5.7764251773978526,36.87278549956762,40.50171028212656,5.832688621190635,36.53407956793505,39.573273364062274,5.77642517739785,-17.270313469909922,-17.341484059899216,-1.1264622038302008,36.87278549956763,40.50171028212656,5.832688621190637,36.87278549956762,40.50171028212656,5.832688621190635,nan,-17.270313469909922,nan,-17.341484059899216,False,5.5716855474229545,align_margin=5.6,,,,,,,,,
65,66300,0,7,7379,-0.5607081476943907,0.6281030811469188,17.279867987334917,17.34842134760587,1.0039672386572165,0.0,-113.26733392669696,-113.26733392669696,37.83239225528226,41.64357670937697,5.992091736757851,37.25138150894886,41.86831018350297,5.895578323745658,37.832392255282265,41.64357670937698,5.992091736757852,37.25138150894886,41.86831018350296,5.895578323745658,-16.88834559392643,-16.95746089518353,-1.221460873684285,37.83239225528226,41.64357670937697,5.992091736757851,37.832392255282265,41.64357670937698,5.992091736757852,nan,-16.88834559392643,nan,-16.95746089518353,False,7.074925322861789,,-0.5607081476943907,0.6281030811469188,0.0039672386572164875,-113.26733392669696,-9.436329986666578,-1.758061729040364,0.9985741387572147,1.0080550213340111,2385.2851168310635
66,67320,0,7,3211,-2.6718525483353344,-2.326321180159657,17.641301148273428,17.392105447204038,0.9858743015056018,0.0,-153.03999256464695,-153.03999256464695,36.9547210214735,40.83412433898946,5.846299173002244,37.21330516438271,41.820174238387594,5.889253349565235,36.954721021473496,40.834124338989454,5.846299173002243,37.21330516438271,41.82017423838761,5.889253349565235,-14.294366301903239,-14.339628681857395,-0.5128166310579036,36.9547210214735,40.83412433898946,5.846299173002244,36.954721021473496,40.834124338989454,5.846299173002243,nan,-14.294366301903239,nan,-14.339628681857395,False,5.9870380594077615,align_margin=6.0,,,,,,,,,
66,67320,0,7,7731,4.393548933483256,6.1736822581178785,15.960181267106401,15.771733913161084,0.9881926557855766,0.0,-139.81231359293298,-139.81231359293298,36.90824704038611,40.229185576404845,5.838579242589055,36.87826127980872,40.30395530851383,5.833598219237329,36.9082470403861,40.22918557640484,5.838579242589054,36.878261279808726,40.30395530851382,5.833598219237331,-15.084323351032463,-15.138809311409231,-1.450976561868217,36.90824704038611,40.229185576404845,5.838579242589055,36.9082470403861,40.22918557640484,5.838579242589054,nan,-15.084323351032463,nan,-15.138809311409231,False,6.1366019444858,,4.393548933483256,6.1736822581178785,-0.01180734421442342,-139.81231359293298,-7.896392122230242,0.38546094046806645,0.9965107997557273,1.01016283826323,2427.2288109089436
67,68340,0,8,1547,1.2508900672246892,1.2643226844737498,17.357639342898732,17.573816502443606,1.0124542949230775,0.0,-103.6453465852318,-103.6453465852318,37.94127339219114,41.49447526113866,6.0101783043506884,37.22953570882394,41.13343758729972,5.891949453293014,37.94127339219115,41.49447526113866,6.01017830435069,37.22953570882393,41.133437587299724,5.891949453293012,-17.60554319482172,-17.694639057071836,0.20760152082827843,37.94127339219114,41.49447526113866,6.0101783043506884,37.94127339219115,41.49447526113866,6.01017830435069,nan,-17.60554319482172,nan,-17.694639057071836,False,7.899284984257349,,1.2508900672246892,1.2643226844737498,0.01245429492307748,-103.6453465852318,-7.457047637819274,0.82352193697693,0.9986826966497104,1.0079882694506415,2458.3224148845134
68,69360,0,8,6791,-3.202332379402843,-5.419997506570458,20.073564422985324,19.85824851653616,0.9892736585335778,0.0,-148.87173555254995,-148.87173555254995,37.801289172424255,42.378821130595554,5.986925111698382,37.261770368117055,42.02277739127747,5.8973040478599765,37.80128917242425,42.37882113059556,5.986925111698381,37.261770368117055,42.02277739127748,5.8973040478599765,-14.555283678700322,-14.603235205686879,1.9063603798840028,37.801289172424255,42.378821130595554,5.986925111698382,37.80128917242425,42.37882113059556,5.986925111698381,nan,-14.555283678700322,nan,-14.603235205686879,False,7.159491532192136,,-3.202332379402843,-5.419997506570458,-0.010726341466422151,-148.87173555254995,-8.57934237322523,-1.0584435429720918,0.9968080596160579,1.0099008894813344,2502.983935550278
69,70380,0,8,3751,9.722166796736365,9.159615519279393,18.501959883336273,17.934319481862108,0.9693199852851584,0.0,-130.59826047642989,-130.59826047642989,37.35719892718174,40.842562732698056,5.91315596797039,37.626580052569985,42.34277010059177,5.957903663217606,37.35719892718174,40.84256273269807,5.91315596797039,37.62658005256999,42.34277010059179,5.957903663217607,-15.694960404104684,-15.767903569811404,0.19781786519619615,37.35719892718174,40.842562732698056,5.91315596797039,37.35719892718174,40.84256273269807,5.91315596797039,nan,-15.694960404104684,nan,-15.767903569811404,False,6.610317724404529,,9.722166796736365,9.159615519279393,-0.030680014714841608,-130.59826047642989,-5.165687812518355,2.115992151796192,0.9914561945771015,1.0154946671383824,2542.163413693207
70,71400,0,8,1819,3.1575999808105277,3.9227939260030062,16.851064850699526,16.94870721637277,1.0057944329654154,0.0,-139.83799379428976,-139.83799379428976,36.79373652463158,40.59189423138094,5.819557562231161,37.00335751877236,41.63885034481407,5.8543783253774695,36.793736524631605,40.59189423138096,5.819557562231164,37.00335751877237,41.63885034481406,5.85437832537747,-15.078734307329459,-15.167761358319613,-0.5169380385250673,36.79373652463158,40.59189423138094,5.819557562231161,36.793736524631605,40.59189423138096,5.819557562231164,nan,-15.078734307329459,nan,-15.167761358319613,False,7.284495617001563,,3.1575999808105277,3.9227939260030062,0.005794432965415375,-139.83799379428976,-4.051004179163194,3.46802079215335,0.9924615567071856,1.0144708617493714,2584.114811831494
71,72420,0,8,4819,1.836397711275612,2.1472118794534367,20.335076622506904,20.46887641373403,1.0065797534826615,0.0,-123.98554790084165,-123.98554790084165,38.11400825848648,42.920858539276324,6.038871803735296,38.02947120026148,43.92655989813846,6.024829103033469,38.114008258486486,42.92085853927632,6.038871803735297,38.0294712002615,43.926559898138436,6.024829103033472,-16.090802168943313,-16.195834938041237,-0.6663768687023541,38.11400825848648,42.920858539276324,6.038871803735296,38.114008258486486,42.92085853927632,6.038871803735297,nan,-16.090802168943313,nan,-16.195834938041237,False,7.451062474444187,,1.836397711275612,2.1472118794534367,0.006579753482661488,-123.98554790084165,-3.403382924110293,4.2088248764744725,0.9936043333744121,1.0133103780137827,2621.3104762017465
72,73440,0,8,6239,-10.737103147322111,-9.373851915343181,17.213930208893235,17.36945587104844,1.0090348723544178,0.0,-101.5870858117669,-101.5870858117669,37.298931270986245,41.65777001342818,5.90347695531333,37.17863340260013,41.65519982037753,5.883493920697696,37.29893127098623,41.65777001342816,5.903476955313328,37.178633402600134,41.65519982037753,5.883493920697697,-17.89142355665167,-17.975900438087514,-1.2152799410269122,37.298931270986245,41.65777001342818,5.90347695531333,37.29893127098623,41.65777001342816,5.903476955313328,nan,-17.89142355665167,nan,-17.975900438087514,False,6.298392234344387,,-10.737103147322111,-9.373851915343181,0.0090348723544178,-101.5870858117669,-7.18555856016063,0.97107241527794,0.9951753238309081,1.0117225758673662,2651.7866019452767
73,74460,0,7,2419,-5.562993656455006,-5.53374469316525,17.571442624321477,17.412237578796127,0.9909395575008174,0.0,-148.6475393939273,-148.6475393939273,37.59390653454735,42.10796744473562,5.952476168529461,37.061023573092456,41.36755362015623,5.863957404168183,37.593906534547344,42.10796744473559,5.95247616852946,37.06102357309245,41.367553620156215,5.863957404168182,-14.51181058350768,-14.587391575743718,0.06591795154594493,37.59390653454735,42.10796744473562,5.952476168529461,37.593906534547344,42.10796744473559,5.95247616852946,nan,-14.51181058350768,nan,-14.587391575743718,False,6.9907638162512535,,-5.562993656455006,-5.53374469316525,-0.009060442499182586,-148.6475393939273,-9.142045757073964,-0.9432968879348287,0.9935973962912275,1.0133414076891634,2696.3808637634547
74,75480,0,7,6823,-6.753780470558764,-9.123636354355554,17.37718769984873,18.114174222181813,1.0424111504728408,0.0,-146.18170961151324,-146.18170961151324,37.35248246633781,42.0162805853859,5.9123725027139225,37.29263806057044,41.587175741687865,5.90243157152333,37.35248246633781,42.01628058538589,5.9123725027139225,37.29263806057044,41.587175741687865,5.90243157152333,-14.730960760260981,-14.81180054626259,2.1320985346246566,37.35248246633781,42.0162805853859,5.9123725027139225,37.35248246633781,42.01628058538589,5.9123725027139225,nan,-14.730960760260981,nan,-14.81180054626259,False,6.168338812105324,,-6.753780470558764,-9.123636354355554,0.04241115047284083,-146.18170961151324,-11.521101070140345,-4.094527756222767,1.0009718278108453,1.006126432477209,2740.2353766469087
75,76500,0,7,1011,3.775133735032763,2.927611171570411,17.81549288685338,17.57938431304321,0.9867470086115663,0.0,-149.69282713488158,-149.69282713488158,37.422164683278694,41.538883739623856,5.923947621807093,37.52019924355894,42.01298527638316,5.9402324324848745,37.422164683278694,41.53888373962388,5.923947621807093,37.520199243558935,42.01298527638315,5.940232432484874,-14.530068252070647,-14.559873803839245,0.8977533089798535,37.422164683278694,41.538883739623856,5.923947621807093,37.422164683278694,41.53888373962388,5.923947621807093,nan,-14.530068252070647,nan,-14.559873803839245,False,7.38321415966404,,3.775133735032763,2.927611171570411,-0.013252991388433721,-149.69282713488158,-10.201087089176283,-3.076103155721225,0.998650300383388,1.008491255826114,2785.143224787373
76,77520,0,8,6611,5.1653321008657915,6.652540708889848,17.42326270046526,17.208452773251647,0.9876710848647265,0.0,-98.84744787259142,-98.84744787259142,36.98646242502636,41.556714886521334,5.8515718313997285,37.17559892726348,41.94961100520905,5.882989855027157,36.98646242502636,41.556714886521334,5.8515718313997285,37.175598927263465,41.949611005209036,5.882989855027154,-18.138674425315067,-18.20163117801342,-1.189372522008691,36.98646242502636,41.556714886521334,5.8515718313997285,36.98646242502636,41.556714886521334,5.8515718313997285,nan,-18.138674425315067,nan,-18.20163117801342,False,6.3127237717588915,,5.1653321008657915,6.652540708889848,-0.012328915135273455,-98.84744787259142,-8.39077747968738,-0.7673183897054536,0.9964956522928206,1.0106942974836042,2814.7974591491507
77,78540,0,8,3249,-0.7740500565930744,-0.9624380766441383,18.644833544708654,18.83735258968861,1.0103255974111174,0.0,-104.75527709865769,-104.75527709865769,38.00660110994193,43.4105467260277,6.021030084707963,37.458293869944136,42.09760599182079,5.929949147831253,38.006601109941926,43.410546726027704,6.021030084707962,37.458293869944136,42.097605991820814,5.929949147831253,-17.56220777022375,-17.643457828757064,0.15369111082784334,38.00660110994193,43.4105467260277,6.021030084707963,38.006601109941926,43.410546726027704,6.021030084707962,nan,-17.56220777022375,nan,-17.643457828757064,False,6.227737576791107,,-0.7740500565930744,-0.9624380766441383,0.010325597411117382,-104.75527709865769,-8.662647727374086,-1.10060742444537,0.9982962995551339,1.008886658512121,2846.224042278748
78,79560,0,7,5539,1.7946461282668078,2.1930963396876524,17.650337317113337,17.526867669892688,0.9930046862559995,0.0,-103.67121014150827,-103.67121014150827,37.534747706530915,41.79680508828632,5.942649120686199,36.68988790481637,41.008365321186986,5.802306960932953,37.53474770653091,41.79680508828629,5.942649120686198,36.68988790481637,41.00836532118697,5.802306960932953,-17.65253790546352,-17.723054941650084,-0.24456899136102217,37.534747706530915,41.79680508828632,5.942649120686199,37.53474770653091,41.79680508828629,5.942649120686198,nan,-17.65253790546352,nan,-17.723054941650084,False,6.2307914279791925,,1.7946461282668078,2.1930963396876524,-0.006995313744000531,-103.67121014150827,-8.033449617380798,-0.3397848757334164,0.9970742052857829,1.0101304177723431,2877.325405321201
79,80580,0,8,135,-2.5539425520310757,-3.8541326685863107,17.946610275572375,17.76729921277977,0.9900086389552532,0.0,-141.69662839101747,-141.69662839101747,37.04288182590202,41.16435577946859,5.8609438249006685,36.62468662841196,39.54255503241691,5.7914761841215885,37.04288182590202,41.16435577946859,5.8609438249006685,36.62468662841196,39.54255503241692,5.7914761841215885,-14.943958877311452,-15.009956966854471,1.4391846623448519,37.04288182590202,41.16435577946859,5.8609438249006685,37.04288182590202,41.16435577946859,5.8609438249006685,nan,-14.943958877311452,nan,-15.009956966854471,False,6.107091605138124,,-2.5539425520310757,-3.8541326685863107,-0.00999136104474685,-141.69662839101747,-8.929952493969278,-1.6752029665776282,0.9953308328204354,1.011914443718275,2919.834393838506
80,81600,0,7,4339,-1.2522509541544844,0.6631317401939424,17.219656976183472,17.49654863438134,1.0160799752620413,0.0,-124.36815862913375,-124.36815862913375,37.592073890280076,41.11784644130927,5.952171742571442,36.62741764281603,40.42571912749111,5.791929840999341,37.59207389028008,41.117846441309275,5.952171742571443,36.62741764281602,40.4257191274911,5.79192984099934,-16.077173214693172,-16.161790385248572,-1.914452445163232,37.592073890280076,41.11784644130927,5.952171742571442,37.59207389028008,41.117846441309275,5.952171742571443,nan,-16.077173214693172,nan,-16.161790385248572,False,6.228238309606023,,-1.2522509541544844,0.6631317401939424,0.0160799752620413,-124.36815862913375,-9.370296367083414,-1.4458395944974316,0.9981316894750629,1.0091119843319785,2957.1448414272463
81,82620,0,8,4015,-2.645356299913842,-1.827502230716747,17.016789443162573,17.187419610223408,1.0100271656783881,0.0,-128.50029417597096,-128.50029417597096,37.75297709355803,42.08070668193617,5.978899849428245,37.17038970895596,41.49384002787607,5.882124536371422,37.75297709355802,42.08070668193615,5.9788998494282435,37.17038970895595,41.493840027876054,5.882124536371421,-15.75490262779896,-15.821253857426353,-0.2573560527364961,37.75297709355803,42.08070668193617,5.978899849428245,37.75297709355802,42.08070668193615,5.9788998494282435,nan,-15.75490262779896,nan,-15.821253857426353,False,6.996091669621988,,-2.645356299913842,-1.827502230716747,0.010027165678388128,-128.50029417597096,-10.29790413140235,-2.0796897426296894,0.9998831650434257,1.0073588203134387,2995.6949296800376
82,83640,0,8,7711,-2.8420786705785495,-3.9450918521227,18.271182153882744,18.98505572604454,1.0390710117248814,0.0,-121.37078105014974,-121.37078105014974,37.59367505920783,42.0900333236661,5.952437717476385,37.53669460060409,42.27714073801809,5.942972525017292,37.593675059207825,42.09003332366607,5.952437717476384,37.53669460060409,42.277140738018076,5.942972525017292,-16.289393024635718,-16.3396576655652,1.143088296047663,37.59367505920783,42.0900333236661,5.952437717476385,37.593675059207825,42.09003332366607,5.952437717476384,nan,-16.289393024635718,nan,-16.3396576655652,False,7.059281667480371,,-2.8420786705785495,-3.9450918521227,0.039071011724881366,-121.37078105014974,-11.292747898633184,-3.4503851893755826,1.0067197932447873,1.0007300698515225,3032.1061639950826
83,84660,0,8,1067,-3.5518349782912564,-2.800711472347079,20.629414833165686,20.002344294707875,0.9696030864894104,0.0,-102.52644842292962,-102.52644842292962,38.199308430171484,42.44871014372058,6.053041267470347,37.660845718119035,43.12233898638564,5.963595634239043,38.199308430171484,42.44871014372058,6.053041267470347,37.66084571811904,43.12233898638567,5.963595634239044,-17.741135179566353,-17.681610577550163,-0.1305433744195632,38.199308430171484,42.44871014372058,6.053041267470347,38.199308430171484,42.44871014372058,6.053041267470347,nan,-17.741135179566353,nan,-17.681610577550163,False,8.202714692470206,,-3.5518349782912564,-2.800711472347079,-0.030396913510589596,-102.52644842292962,-12.527592242355812,-4.429919076537499,1.0013645877099717,1.006220299323564,3062.8640985219613
84,85680,0,8,523,6.484000301272689,5.646515890311213,18.021172321274396,18.644192469620954,1.0345715660024553,0.0,-124.05220738837129,-124.05220738837129,37.59128840833091,41.76076690627259,5.952041263842345,37.19835402938381,42.57829975821083,5.886769772322892,37.59128840833091,41.760766906272615,5.952041263842345,37.19835402938381,42.578299758210854,5.886769772322892,-16.123046726276115,-16.15635570081994,0.4382154429035712,37.59128840833091,41.76076690627259,5.952041263842345,37.59128840833091,41.760766906272615,5.952041263842345,nan,-16.123046726276115,nan,-16.15635570081994,False,7.049100081889582,,6.484000301272689,5.646515890311213,0.034571566002455256,-124.05220738837129,-10.261284712312884,-2.4658555777813245,1.0074228675488657,1.000336069357279,3100.0797607384725
85,86700,0,7,5255,0.05896935417918306,-0.2629512646933604,17.96495248013298,18.241027207889903,1.015367406513445,0.0,-127.28611696729779,-127.28611696729779,37.89936229523029,41.834632398425136,6.003216328111344,37.218456134312206,41.1839697058641,5.890108992410666,37.899362295230304,41.83463239842517,6.003216328111347,37.21845613431221,41.1839697058641,5.890108992410667,-15.911651337730156,-15.848826876858478,0.11401494620304753,37.89936229523029,41.834632398425136,6.003216328111344,37.899362295230304,41.83463239842517,6.003216328111347,nan,-15.911651337730156,nan,-15.848826876858478,False,6.219371755082721,,0.05896935417918306,-0.2629512646933604,0.015367406513445037,-127.28611696729779,-10.240797512123622,-2.557857601363067,1.0101321259777643,0.9976865851285939,3138.265595828662
86,87720,0,7,3427,1.1358279128053193,0.7661218408936732,17.7086699720787,17.484058518692777,0.9873163002224296,0.0,-142.52581399288803,-142.52581399288803,36.95562692902896,41.42288624540669,5.846449655984878,37.124393230818846,41.62535259947085,5.874483925385191,36.95562692902896,41.4228862454067,5.846449655984878,37.12439323081884,41.62535259947086,5.87448392538519,-14.898536345024706,-14.796200381656352,0.7917854826607528,36.95562692902896,41.42288624540669,5.846449655984878,36.95562692902896,41.4228862454067,5.846449655984878,nan,-14.898536345024706,nan,-14.796200381656352,False,6.275377090367638,,1.1358279128053193,0.7661218408936732,-0.012683699777570445,-142.52581399288803,-9.847245263602607,-2.289093193472162,1.0078899887689876,0.9999295466750914,3181.0233400265283
87,88740,0,8,1207,4.797184034812026,5.2451563589142385,19.041412285956557,18.44541133791523,0.9686997508855532,0.0,-135.88357320098444,-135.88357320098444,37.41073707832467,42.23803916428054,5.922049348558916,37.32425216562697,42.260490573510694,5.907683083991192,37.41073707832467,42.238039164280565,5.922049348558916,37.324252165626966,42.26049057351068,5.907683083991191,-15.305737083542194,-15.24303895965347,-0.4848200569599692,37.41073707832467,42.23803916428054,5.922049348558916,37.41073707832467,42.238039164280565,5.922049348558916,nan,-15.305737083542194,nan,-15.24303895965347,False,8.03151820684767,,4.797184034812026,5.2451563589142385,-0.03130024911444684,-135.88357320098444,-8.181374552618648,-0.453159120192403,1.002369227416513,1.0055836801450984,3221.7884119868236
88,89760,0,8,3377,-7.124502698398695,-7.491982389293657,17.03630665073225,17.18254146488221,1.0085837157752542,0.0,-98.19302587011359,-98.19302587011359,30.15750088089765,32.29291632128164,4.7171928373584135,29.492314585318866,31.71576806189046,4.606696774969912,30.157500880897654,32.29291632128164,4.717192837358414,29.492314585318866,31.71576806189046,4.606696774969912,-18.14649005475855,-18.172444866621248,0.6649758875759932,30.15750088089765,32.29291632128164,4.7171928373584135,30.157500880897654,32.29291632128164,4.717192837358414,nan,-18.14649005475855,nan,-18.172444866621248,False,6.062410748663615,,-7.124502698398695,-7.491982389293657,0.008583715775254186,-98.19302587011359,-10.66905661251831,-3.0607927642412167,1.003874936612764,1.0040859980353949,3251.246319747858
89,90780,0,8,3775,3.537726257432423,4.218177987013264,19.76546090798782,19.33034918599274,0.9779862597679553,0.0,-105.66007380485706,-105.66007380485706,38.204120751754814,43.096276612487436,6.053840656437678,37.62548823107907,41.49990145021072,5.957722297521441,38.20412075175481,43.09627661248744,6.053840656437677,37.62548823107907,41.49990145021072,5.957722297521441,-17.51615415064713,-17.51799242546856,-0.24874300770853708,38.204120751754814,43.096276612487436,6.053840656437678,38.20412075175481,43.09627661248744,6.053840656437677,nan,-17.51615415064713,nan,-17.51799242546856,False,6.383300297572152,,3.537726257432423,4.218177987013264,-0.02201374023204472,-105.66007380485706,-9.435631865129707,-1.5904383340994679,1.0000076042487547,1.00804121255846,3282.9443418893147
90,91800,0,8,4831,-7.689608088309441,-9.886460209638528,17.312447174378253,17.816733362350472,1.029128532950474,0.0,-147.3741341164889,-147.3741341164889,36.991815210548516,41.18124020980016,5.8524609984299865,37.11076910091116,41.49112866109598,5.8722207808822535,36.99181521054852,41.18124020980016,5.852460998429988,37.11076910091117,41.491128661095985,5.872220780882255,-14.648238429045708,-14.689482347895952,1.7648580236702465,36.991815210548516,41.18124020980016,5.8524609984299865,36.99181521054852,41.18124020980016,5.852460998429988,nan,-14.648238429045708,nan,-14.689482347895952,False,6.7256923296853035,,-7.689608088309441,-9.886460209638528,0.029128532950474018,-147.3741341164889,-12.126974230401181,-5.023096672136229,1.0051051362776946,1.003048169290608,3327.1565821242616
91,92820,0,8,2323,-2.57421651299716,-0.8732465488803498,17.201141084636998,16.642015003805877,0.9674948261815899,0.0,-133.52969555962025,-133.52969555962025,37.70248674636007,41.78414484463107,5.970512748564797,37.22916744024395,41.443763673699515,5.891888279110291,37.702486746360094,41.78414484463107,5.970512748564801,37.22916744024395,41.44376367369952,5.891888279110291,-15.47024240676903,-15.454084486589444,-2.0660010184547444,37.70248674636007,41.78414484463107,5.970512748564797,37.702486746360094,41.78414484463107,5.970512748564801,nan,-15.47024240676903,nan,-15.454084486589444,False,7.527221376747144,,-2.57421651299716,-0.8732465488803498,-0.032505173818410116,-133.52969555962025,-13.023373768150714,-5.32780416422435,0.99938769077461,1.0089456113094444,3367.2154907921476
92,93840,0,8,499,0.8213684867132416,0.9414157475764687,18.267523673619948,18.041030700887585,0.9876013313693175,0.0,-104.48766120823286,-104.48766120823286,37.76724270397244,42.34451007151808,5.981269552154892,37.033848064206545,41.34486444257498,5.859443200034311,37.76724270397245,42.34451007151809,5.981269552154893,37.03384806420656,41.344864442575,5.859443200034313,-17.598900016890127,-17.664585948254178,-0.1566414541027581,37.76724270397244,42.34451007151808,5.981269552154892,37.76724270397245,42.34451007151809,5.981269552154893,nan,-17.598900016890127,nan,-17.664585948254178,False,7.197631855746727,,0.8213684867132416,0.9414157475764687,-0.012398668630682508,-104.48766120823286,-12.735718663927033,-5.001230057594229,0.997219252332598,1.0111622718516502,3398.5617891546176
93,94860,0,7,3189,-6.269454524147878,-4.901008665400882,17.93881375745304,17.800455540483046,0.9922872148158342,0.0,-100.31298700472327,-100.31298700472327,37.67966048709478,42.13419580452104,5.966721011145313,37.26746307401173,40.507061898065615,5.898249680068394,37.67966048709479,42.13419580452108,5.9667210111453155,37.26746307401175,40.50706189806562,5.898249680068398,-17.922756276904046,-17.994598861756973,-1.3210655611744864,37.67966048709478,42.13419580452104,5.966721011145313,37.67966048709479,42.13419580452108,5.9667210111453155,nan,-17.922756276904046,nan,-17.994598861756973,False,5.535631239633478,align_margin=5.5,,,,,,,,,
93,94860,0,7,5939,5.9435316287467765,5.7461053104641495,17.637172532123444,18.223922914827522,1.0332678257603594,0.0,-135.52378520958314,-135.52378520958314,37.69294846878702,42.38958877947216,5.968928317074257,37.1224999487744,40.81001281841341,5.874169426706711,37.69294846878702,42.38958877947216,5.968928317074257,37.1224999487744,40.81001281841342,5.874169426706711,-15.385102534900847,-15.460107973006975,-0.01087581957187922,37.69294846878702,42.38958877947216,5.968928317074257,37.69294846878702,42.38958877947216,5.968928317074257,nan,-15.385102534900847,nan,-15.460107973006975,False,6.581888610277196,,5.9435316287467765,5.7461053104641495,0.03326782576035936,-135.52378520958314,-10.64968185186641,-3.0122942412097435,1.0030249326906064,1.0054649544171654,3439.2189247174924
94,95880,0,7,6855,-0.19044392489391376,-1.0268894959065777,15.501762003649496,15.282872014469596,0.9858796703801563,0.0,-146.9925238058774,-146.9925238058774,36.37896013025448,40.71261845010597,5.750657828945927,36.26818821406224,39.44154819236932,5.732257178415655,36.37896013025448,40.71261845010598,5.750657828945927,36.26818821406225,39.44154819236933,5.732257178415657,-14.674385373993475,-14.689531020162976,-0.10452731449674174,36.37896013025448,40.71261845010597,5.750657828945927,36.37896013025448,40.71261845010598,5.750657828945927,nan,-14.674385373993475,nan,-14.689531020162976,False,5.462681745863748,align_margin=5.5,,,,,,,,,
94,95880,0,8,7707,-0.07068953426462446,-0.505905294457703,17.113404875652733,17.570931331832522,1.0267349752725545,0.0,-100.18462555842886,-100.18462555842886,37.649949420950136,41.749041676397034,5.96178561809803,37.91359470086278,42.43528572883902,6.005580515093486,37.64994942095014,41.74904167639703,5.961785618098031,37.91359470086277,42.43528572883902,6.005580515093484,-18.012975896202853,-18.033271900514865,0.3198357005517526,37.649949420950136,41.749041676397034,5.96178561809803,37.64994942095014,41.74904167639703,5.961785618098031,nan,-18.012975896202853,nan,-18.033271900514865,False,6.549476192833991,,-0.07068953426462446,-0.505905294457703,0.02673497527255453,-100.18462555842886,-10.674348573685826,-3.1883986914765714,1.0077177058759232,1.0008832568664807,3469.274312385021
95,96900,0,8,4827,6.764546681743902,6.147659181648509,17.989191632142653,17.60599108021697,0.9786982895195252,0.0,-133.78090247962197,-133.78090247962197,37.43907906661819,41.46341983091996,5.926757320036245,37.5335905373571,41.34341954273267,5.942456899893207,37.4390790666182,41.46341983091996,5.926757320036247,37.53359053735711,41.343419542732676,5.942456899893208,-15.463056593245616,-15.407697391760752,0.3313263022503561,37.43907906661819,41.46341983091996,5.926757320036245,37.4390790666182,41.46341983091996,5.926757320036247,nan,-15.463056593245616,nan,-15.407697391760752,False,6.649905195716667,,6.764546681743902,6.147659181648509,-0.0213017104804748,-133.78090247962197,-8.324889667878054,-1.0386167875276926,1.0039611364830152,1.0046955573255665,3509.4085831289076
96,97920,0,8,4955,3.685243907225845,5.932040300351483,17.78205582428962,16.84613877636285,0.9473673315855671,0.0,-98.7499508012691,-98.7499508012691,37.26504890817819,41.70916967000679,5.8978486558435534,37.00201946858786,42.102297096697264,5.854156057904961,37.265048908178194,41.709169670006794,5.897848655843554,37.00201946858786,42.102297096697264,5.854156057904961,-18.07727449926395,-18.08396659529649,-2.0584337423322876,37.26504890817819,41.70916967000679,5.8978486558435534,37.265048908178194,41.709169670006794,5.897848655843554,nan,-18.07727449926395,nan,-18.08396659529649,False,6.270398796125327,,3.685243907225845,5.932040300351483,-0.052632668414432926,-98.7499508012691,-7.040143355837053,1.0278938982065653,0.9947139346034549,1.014463644226549,3539.0335683692883
97,98940,0,7,5119,-7.248417647025387,-9.277992883267533,16.486026995205364,18.195948191722337,1.103719422333487,0.0,-105.35118106382448,-105.35118106382448,37.31336530587741,41.837922064470376,5.90587463552781,37.07045325087155,42.30579486130616,5.8655237958258395,37.31336530587742,41.837922064470405,5.9058746355278116,37.07045325087155,42.30579486130616,5.8655237958258395,-17.535246028903313,-17.62481171365348,1.0779064611930682,37.31336530587741,41.837922064470376,5.90587463552781,37.31336530587742,41.837922064470405,5.9058746355278116,nan,-17.535246028903313,nan,-17.62481171365348,False,6.356514538790962,,-7.248417647025387,-9.277992883267533,0.10371942233348697,-105.35118106382448,-9.590571260991759,-2.1731054945508284,1.0127688866731797,0.9977805754320968,3570.6389226884357
98,99960,0,8,6999,1.8622476322576171,2.065567934823278,19.132411486801384,19.386705519593892,1.0132912692667067,0.0,-128.08192621630855,-128.08192621630855,38.12561335857717,42.44957802428412,6.040799561225445,37.12815904612467,41.81493674142188,5.8751094761004445,38.12561335857717,42.44957802428413,6.040799561225445,37.12815904612465,41.81493674142186,5.875109476100441,-15.778829019723798,-15.637106160020886,-0.8622565799797722,38.12561335857717,42.44957802428412,6.040799561225445,38.12561335857717,42.44957802428413,6.040799561225445,nan,-15.778829019723798,nan,-15.637106160020886,False,6.693161077314135,,1.8622476322576171,2.065567934823278,0.013291269266706651,-128.08192621630855,-8.947002249476007,-1.4485486180300877,1.01512455886928,0.9954902075266454,3609.063500553328
99,100980,0,8,1295,0.6004524198201568,1.0482682757968165,19.611545810534977,19.15673331800819,0.9768089421955474,0.0,-102.87409268979904,-102.87409268979904,37.92750239821793,42.78146311690528,6.0078907638235775,37.46627820579861,42.039887965456586,5.931275449468208,37.92750239821793,42.78146311690528,6.0078907638235775,37.4662782057986,42.039887965456586,5.931275449468207,-17.7104953477692,-17.452475596683595,-0.28373939075909593,37.92750239821793,42.78146311690528,6.0078907638235775,37.92750239821793,42.78146311690528,6.0078907638235775,nan,-17.7104953477692,nan,-17.452475596683595,False,7.537672577843161,,0.6004524198201568,1.0482682757968165,-0.02319105780445263,-102.87409268979904,-8.739975096895693,-1.0799926103919457,1.011004741712675,0.9996262593594221,3639.925728360268
100,102000,0,8,5355,-4.918135359089591,-3.515623358086285,17.973330558653746,17.318664168970937,0.9635756774435107,0.0,-100.65475424438371,-100.65475424438371,37.291381543203286,41.56137466972612,5.902222847708188,37.475190582246405,41.492019824367034,5.932755910672161,37.291381543203286,41.56137466972613,5.902222847708188,37.4751905822464,41.49201982436701,5.93275591067216,-17.929204657857873,-17.793636459253324,-1.2969188343317883,37.291381543203286,41.56137466972612,5.902222847708188,37.291381543203286,41.56137466972613,5.902222847708188,nan,-17.929204657857873,nan,-17.793636459253324,False,6.139625444799764,,-4.918135359089591,-3.515623358086285,-0.03642432255648931,-100.65475424438371,-10.44258568284145,-2.3109208336248015,1.0045603382194757,1.0062389980138504,3670.122154633583
101,103020,0,8,6501,2.5347267410658656,0.939487560368967,19.108236161297604,18.80775958082378,0.9842750226688941,0.0,-151.05096973799482,-151.05096973799482,29.092473643275156,30.518988510571372,4.540278013833082,28.950248612861653,30.38075702571675,4.5166525934986135,29.092473643275145,30.51898851057136,4.54027801383308,28.950248612861657,30.380757025716754,4.516652593498614,-14.42075466431069,-14.430742281608968,1.2418030781193592,29.092473643275156,30.518988510571372,4.540278013833082,29.092473643275145,30.51898851057136,4.54027801383308,nan,-14.42075466431069,nan,-14.430742281608968,False,6.294917152928432,,2.5347267410658656,0.939487560368967,-0.015724977331105894,-151.05096973799482,-9.559458681286241,-1.9841389788386363,1.0017959177238855,1.0090522767084007,3715.4374455549814
102,104040,0,7,3435,2.2223628414755465,2.5259857938551313,17.335559558379224,17.133182803108358,0.9883259173383275,0.0,-98.30794019737003,-98.30794019737003,37.39562528700308,41.370949406589126,5.919539084219781,36.77335284896093,41.049726675693925,5.81617156959484,37.39562528700309,41.37094940658913,5.9195390842197835,36.77335284896092,41.049726675693925,5.816171569594838,-18.093481532609978,-18.143856655675027,-0.3090706021644305,37.39562528700308,41.370949406589126,5.919539084219781,37.39562528700309,41.37094940658913,5.9195390842197835,nan,-18.093481532609978,nan,-18.143856655675027,False,6.060880338593373,,2.2223628414755465,2.5259857938551313,-0.011674082661672469,-98.30794019737003,-8.783026095811456,-1.1079752277064592,0.9997492842619995,1.011138084546967,3744.9298276141926
103,105060,0,8,3881,-3.683456164597592,-4.15696861539112,18.197955163506382,17.819194299276248,0.979186625045121,0.0,-127.57420885568615,-127.57420885568615,38.14991044267063,42.49133526840133,6.044835621706086,37.496686975422854,42.15823463403338,5.936326740103465,38.14991044267063,42.491335268401336,6.044835621706086,37.49668697542285,42.158234634033384,5.936326740103464,-15.868594124952867,-15.933861150610955,0.00974414284649594,38.14991044267063,42.49133526840133,6.044835621706086,38.14991044267063,42.491335268401336,6.044835621706086,nan,-15.868594124952867,nan,-15.933861150610955,False,6.661637319550797,,-3.683456164597592,-4.15696861539112,-0.020813374954879005,-127.57420885568615,-10.072559059629313,-2.546887516366585,0.9961078568370114,1.014899276969991,3783.2020902708987
104,106080,0,8,8183,3.9831862783294847,5.1944928716481735,18.759976683992083,19.00396570864598,1.0130058277131064,0.0,-103.93749730238581,-103.93749730238581,37.89722726374811,42.864485984193365,6.002861671718955,37.73297783149605,41.8779948856444,5.975577712873099,37.89722726374812,42.86448598419337,6.002861671718958,37.73297783149606,41.877994885644384,5.9755777128731005,-17.671103543932574,-17.761174680835598,-1.181936583886693,37.89722726374811,42.864485984193365,6.002861671718955,37.89722726374812,42.86448598419337,6.002861671718958,nan,-17.671103543932574,nan,-17.761174680835598,False,6.397730299984914,,3.9831862783294847,5.1944928716481735,0.013005827713106433,-103.93749730238581,-8.67299656461786,-0.7555053109276719,0.9983750180917077,1.0126190029214797,3814.3833394616145
105,107100,0,7,6855,4.712240624369999,5.314892374378157,18.828248586030547,20.012497593724735,1.062897459754851,0.0,-149.4643331896538,-149.4643331896538,37.61590577541756,41.459640100781236,5.956130527478001,37.3227796655262,42.235740939568146,5.907438482645548,37.61590577541756,41.459640100781236,5.956130527478001,37.3227796655262,42.23574093956814,5.907438482645548,-14.496731073684119,-14.560881722949135,-0.5929906153740063,37.61590577541756,41.459640100781236,5.956130527478001,37.61590577541756,41.459640100781236,5.956130527478001,nan,-14.496731073684119,nan,-14.560881722949135,False,6.489638697816926,,4.712240624369999,5.314892374378157,0.06289745975485106,-149.4643331896538,-7.021027926939066,1.0815255226489315,1.0093641872828252,1.0021326164692628,3859.2226394185104
106,108120,0,7,3831,-3.6455524629575065,-3.704120064943184,18.535783871762032,18.01291670377993,0.9717914725592666,0.0,-99.35272009773146,-99.35272009773146,37.77953085182474,42.11477713323668,5.9833107727283625,36.905311907357415,41.00803252719736,5.838091678963027,37.77953085182474,42.11477713323668,5.9833107727283625,36.90531190735742,41.008032527197365,5.8380916789630275,-18.04131308134688,-17.96326461341411,-0.024041368028017374,37.77953085182474,42.11477713323668,5.9833107727283625,37.77953085182474,42.11477713323668,5.9833107727283625,nan,-18.04131308134688,nan,-17.96326461341411,False,6.697114261586347,,-3.6455524629575065,-3.704120064943184,-0.028208527440733433,-99.35272009773146,-8.28513396330432,-0.21215757021134207,1.0043814687422594,1.007223235276489,3889.02845544783
107,109140,0,8,1039,0.12804140224297889,-0.9629194257064739,19.398144963344556,19.579448255713316,1.0093464242437282,0.0,-100.66089398706524,-100.66089398706524,37.71977557269051,42.90055994967592,5.973384646626331,37.66214376399139,42.17085283427491,5.963811256476975,37.71977557269051,42.900559949675895,5.973384646626331,37.66214376399139,42.17085283427491,5.963811256476975,-17.930057212652983,-17.955636931628852,0.8665720449041652,37.71977557269051,42.90055994967592,5.973384646626331,37.71977557269051,42.900559949675895,5.973384646626331,nan,-17.930057212652983,nan,-17.955636931628852,False,7.966383164295412,,0.12804140224297889,-0.9629194257064739,0.009346424243728224,-100.66089398706524,-8.24051496924705,-0.5467624395129833,1.0060242594214053,1.005591051616042,3919.2267236439493
108,110160,0,8,4283,3.6720120991639074,3.423571389549339,18.184440248753706,17.77796918582005,0.9776473151016286,0.0,-133.00695337809861,-133.00695337809861,37.31995239455039,41.89797850102884,5.906968836304053,37.73226583074555,41.413554744812686,5.975459440323181,37.31995239455041,41.89797850102888,5.906968836304056,37.73226583074555,41.41355474481267,5.975459440323181,-15.50852045443026,-15.505246401878953,0.5398018597921395,37.31995239455039,41.89797850102884,5.906968836304053,37.31995239455041,41.89797850102888,5.906968836304056,nan,-15.50852045443026,nan,-15.505246401878953,False,6.744398779370236,,3.6720120991639074,3.423571389549339,-0.02235268489837139,-133.00695337809861,-6.963006775312913,0.6448253181710302,1.0020889743489865,1.0096145787347508,3959.128809657379
109,111180,0,7,3851,-6.357715598863651,-5.581454368554128,17.471003548808554,17.448884524527816,0.9987339579996682,0.0,-113.75295455968066,-113.75295455968066,37.16329965689854,40.99260488661742,5.880946786860223,37.50366106852593,41.94922474598441,5.93748522732989,37.16329965689856,40.99260488661745,5.8809467868602265,37.50366106852593,41.94922474598442,5.93748522732989,-16.841548397414822,-16.892854497650358,-0.857638153208419,37.16329965689854,40.99260488661742,5.880946786860223,37.16329965689856,40.99260488661745,5.8809467868602265,nan,-16.841548397414822,nan,-16.892854497650358,False,5.961593141621115,align_margin=6.0,,,,,,,,,
109,111180,0,7,2411,0.1685246801726431,-1.2387360840057877,18.233080296708142,18.437341100299268,1.011202758956094,0.0,-151.82852494831508,-151.82852494831508,37.45488893779125,41.90678930438935,5.929383544483597,36.95302669969269,41.59655132988932,5.846017724201444,37.45488893779125,41.906789304389356,5.929383544483597,36.95302669969268,41.59655132988931,5.846017724201443,-14.40611431672072,-14.444825441017615,1.7091880797653338,37.45488893779125,41.90678930438935,5.929383544483597,37.45488893779125,41.906789304389356,5.929383544483597,nan,-14.40611431672072,nan,-14.444825441017615,False,6.971178501277383,,0.1685246801726431,-1.2387360840057877,0.011202758956093906,-151.82852494831508,-6.904146095702358,0.21539646627651793,1.00405355256462,1.0076571750229917,4004.6773671418737
110,112200,0,8,3789,4.245086888331034,5.3256288751921215,17.058147871284472,17.474918735149437,1.0244323631738796,0.0,-99.11378593180493,-99.11378593180493,37.46773152750981,41.44598750968402,5.931516865034853,37.62815679558341,41.757556109915,5.958165580661697,37.46773152750981,41.44598750968402,5.931516865034853,37.62815679558342,41.75755610991499,5.958165580661698,-18.077222763005732,-18.107257027434482,-1.017311014652881,37.46773152750981,41.44598750968402,5.931516865034853,37.46773152750981,41.44598750968402,5.931516865034853,nan,-18.077222763005732,nan,-18.107257027434482,False,6.222761222176029,,4.245086888331034,5.3256288751921215,0.024432363173879645,-99.11378593180493,-5.424364059056222,2.0652022856760692,1.0083465477470193,1.0034515259098926,4034.4115029214154
111,113220,0,8,7667,4.750549191636726,5.409658043395215,17.2564495926235,17.224106248501613,0.998125724301034,0.0,-115.73920216760564,-115.73920216760564,37.73131214461655,42.15674689060396,5.9753010207004245,37.77430341162396,43.02890173655566,5.982442427180061,37.73131214461655,42.156746890603934,5.9753010207004245,37.774303411623954,43.02890173655565,5.98244242718006,-16.705153940635665,-16.659197518581127,0.1526547851485205,37.73131214461655,42.15674689060396,5.9753010207004245,37.73131214461655,42.156746890603934,5.9753010207004245,nan,-16.705153940635665,nan,-16.659197518581127,False,6.563030694255046,,4.750549191636726,5.409658043395215,-0.0018742756989660325,-115.73920216760564,-3.7754347095306446,3.952070027963349,1.008015811846668,1.0037812742910381,4069.133263571697
112,114240,0,7,3729,-16.90539624819555,-16.576074291592,19.989875823957806,19.46034415705666,0.9735100071874131,0.0,-123.57300210495221,-123.57300210495221,38.44742474746641,43.121645144559544,6.094256602569171,37.9268986636469,42.04412395985653,6.007790475688855,38.447424747466414,43.121645144559565,6.094256602569173,37.926898663646895,42.04412395985653,6.007790475688854,-16.13730320469712,-16.100094825494516,-0.0654335125026222,38.44742474746641,43.121645144559544,6.094256602569171,38.447424747466414,43.121645144559565,6.094256602569173,nan,-16.13730320469712,nan,-16.100094825494516,False,7.017820254192429,,-16.90539624819555,-16.576074291592,-0.026489992812586904,-123.57300210495221,-9.645271886021757,-1.8277010742170905,1.0033429038147794,1.0085611715138567,4106.205164203183
113,115260,0,8,6259,4.005282200975068,3.22597883428691,17.819755844968444,17.208485199089857,0.9656970246283602,0.0,-123.4657375435702,-123.4657375435702,37.41534178808368,42.21316162119042,5.92281425051224,36.68668964750178,41.21817660288922,5.801775688953785,37.41534178808368,42.21316162119044,5.92281425051224,36.68668964750178,41.218176602889216,5.801775688953785,-16.10875248197708,-16.14637689168625,1.327053528644195,37.41534178808368,42.21316162119042,5.92281425051224,37.41534178808368,42.21316162119044,5.92281425051224,nan,-16.10875248197708,nan,-16.14637689168625,False,6.23714956315065,,4.005282200975068,3.22597883428691,-0.03430297537163984,-123.4657375435702,-8.248093747808642,-0.7081927846944596,0.9973198156039776,1.0148306467481782,4143.244885466254
114,116280,0,7,987,-9.500117663916205,-9.107140510108936,18.064293710155294,17.3555047115451,0.9607629830436311,0.0,-98.51271391895665,-98.51271391895665,37.38127652421087,42.13931905869298,5.917155568805793,37.19455948669611,41.96713689409496,5.8861394496172945,37.38127652421087,42.13931905869298,5.917155568805793,37.19455948669611,41.967136894094985,5.8861394496172945,-18.0965859803918,-18.160647684557325,0.08440084975930873,37.38127652421087,42.13931905869298,5.917155568805793,37.38127652421087,42.13931905869298,5.917155568805793,nan,-18.0965859803918,nan,-18.160647684557325,False,6.364703932731155,,-9.500117663916205,-9.107140510108936,-0.03923701695636894,-98.51271391895665,-11.58207060292309,-3.8491101276539283,0.9904717410637168,1.022083540957765,4172.798699641941
115,117300,0,7,5667,-2.8554505406846733,-4.827886379211625,17.375052115606962,18.014966420875467,1.0368294898346642,0.0,-127.7983686179697,-127.7983686179697,37.533887286842855,41.16146344912755,5.942506193827717,37.033824466440564,41.92554849546742,5.859439280139629,37.53388728684286,41.16146344912754,5.942506193827719,37.03382446644055,41.925548495467396,5.859439280139627,-15.74278646285135,-15.826765082005398,1.8701954629610995,37.533887286842855,41.16146344912755,5.942506193827717,37.53388728684286,41.16146344912754,5.942506193827719,nan,-15.74278646285135,nan,-15.826765082005398,False,5.839067695050486,align_margin=5.8,,,,,,,,,
115,117300,0,7,6035,-1.3638437556272862,-2.876675985810474,18.91372839632432,19.14764032707906,1.0123673093878307,0.0,-137.70438360762682,-137.70438360762682,37.46505473041906,41.522911517604854,5.931072214355327,37.64116747250008,42.83823372899832,5.960326822674433,37.46505473041906,41.522911517604854,5.931072214355327,37.64116747250008,42.83823372899831,5.960326822674433,-15.23302245749223,-15.326679113523024,0.954239307888971,37.46505473041906,41.522911517604854,5.931072214355327,37.46505473041906,41.522911517604854,5.931072214355327,nan,-15.23302245749223,nan,-15.326679113523024,False,6.765469745661478,,-1.3638437556272862,-2.876675985810474,0.012367309387830705,-137.70438360762682,-12.064007941142256,-4.834192613269721,0.9926153983945034,1.0198984900681787,4214.11001472423
116,118320,0,7,2259,13.151470336666884,13.672681094591294,17.422714464837068,17.59460736215105,1.0098660227521319,0.0,-99.49960278031365,-99.49960278031365,37.896990420226196,42.21644891976513,6.002822328941229,37.45579369804445,41.73188493479028,5.9295338368844615,37.896990420226196,42.216448919765114,6.002822328941229,37.45579369804445,41.73188493479029,5.9295338368844615,-18.063065247646787,-18.128231110246286,-0.17203538641277305,37.896990420226196,42.21644891976513,6.002822328941229,37.896990420226196,42.216448919765114,6.002822328941229,nan,-18.063065247646787,nan,-18.128231110246286,False,8.53302782182033,,13.151470336666884,13.672681094591294,0.009866022752131887,-99.49960278031365,-7.426749013587321,-0.142119402349433,0.9943292024628219,1.0181547837158453,4243.959895558323
117,119340,0,7,7607,-9.381987705717671,-10.571072526836385,17.162366619527678,17.882216887092262,1.0419435316540508,0.0,-137.86184168297154,-137.86184168297154,37.05526370584139,42.30089716509012,5.8630006155882715,37.39524472205058,41.75938937036663,5.919475867450263,37.0552637058414,42.30089716509012,5.863000615588273,37.39524472205057,41.75938937036663,5.919475867450261,-15.208258759733539,-15.30875159142048,1.50711052171852,37.05526370584139,42.30089716509012,5.8630006155882715,37.0552637058414,42.30089716509012,5.863000615588273,nan,-15.208258759733539,nan,-15.30875159142048,False,5.87170493072057,align_margin=5.9,,,,,,,,,
117,119340,0,7,4761,-5.28512961718906,-7.550946619156137,16.830150529442083,16.76736172295041,0.9962692664939728,0.0,-149.74122891723593,-149.74122891723593,29.929365890565016,31.147254877041032,4.679296659562295,29.51191004568099,30.685698211899656,4.60995183483073,29.929365890565013,31.147254877041032,4.6792966595622945,29.51191004568099,30.685698211899656,4.60995183483073,-14.513664547141039,-14.606707892517534,1.7272347238109562,29.929365890565016,31.147254877041032,4.679296659562295,29.929365890565013,31.147254877041032,4.6792966595622945,nan,-14.513664547141039,nan,-14.606707892517534,False,5.828452364180308,align_margin=5.8,,,,,,,,,
117,119340,0,7,719,-4.301193141464413,-5.849685923550291,16.231054055004314,16.47090548518752,1.0147773169487568,0.0,-150.01584879713553,-150.01584879713553,36.96805127127427,41.06620498780413,5.8485135002116735,36.08637677187139,40.55443874985717,5.702055942171328,36.96805127127427,41.06620498780409,5.8485135002116735,36.08637677187139,40.55443874985714,5.702055942171328,-14.481339386706507,-14.570544983334377,1.7916611976505061,36.96805127127427,41.06620498780413,5.8485135002116735,36.96805127127427,41.06620498780409,5.8485135002116735,nan,-14.481339386706507,nan,-14.570544983334377,False,5.594012141230838,align_margin=5.6,,,,,,,,,
117,119340,0,8,2383,7.281906011061951,8.574467510775936,20.827020292400192,20.79385514806189,0.9984075905303457,0.0,-132.05947805886427,-132.05947805886427,38.072399901252126,42.658260229884334,6.031960116487065,37.65291757456503,42.78434829278535,5.962278666871268,38.07239990125212,42.65826022988432,6.031960116487063,37.65291757456503,42.784348292785346,5.962278666871268,-15.578498611103317,-15.665428397886775,-1.151477851802781,38.072399901252126,42.658260229884334,6.031960116487065,38.07239990125212,42.65826022988432,6.031960116487063,nan,-15.578498611103317,nan,-15.665428397886775,False,8.228105666113171,,7.281906011061951,8.574467510775936,-0.0015924094696543323,-132.05947805886427,-4.8635465072554425,2.805432067004698,0.9940521110961796,1.0184389671330636,4283.577738975982
118,120360,0,8,5215,3.263110822881246,2.2371431831654798,17.614891989334403,17.329384481118048,0.98379169691252,0.0,-147.90193044305178,-147.90193044305178,37.29341992972947,41.54793885061717,5.9025614501211745,37.225113476427644,41.161178227616674,5.891214863193961,37.293419929729474,41.54793885061716,5.902561450121175,37.22511347642765,41.16117822761669,5.891214863193963,-14.557078757191908,-14.645536409498558,1.4189977572377621,37.29341992972947,41.54793885061717,5.9025614501211745,37.293419929729474,41.54793885061716,5.902561450121175,nan,-14.557078757191908,nan,-14.645536409498558,False,6.033253670828592,,3.263110822881246,2.2371431831654798,-0.016208303087480003,-147.90193044305178,-3.7146240561487187,3.574255864381665,0.9912325289634353,1.0213753146482536,4327.948318108898
119,121380,0,7,1141,-9.35824724611529,-8.579477345000464,18.432370770233266,18.63753976492202,1.0111309064496514,0.0,-98.04376238158717,-98.04376238158717,29.848247175258123,31.4751499522013,4.665821789909987,29.51055206164692,31.11901488442408,4.609726256087528,29.848247175258116,31.475149952201292,4.6658217899099865,29.51055206164692,31.11901488442408,4.609726256087528,-18.16843819299548,-18.22105013273641,-0.7665209214010229,29.848247175258123,31.4751499522013,4.665821789909987,29.848247175258116,31.475149952201292,4.6658217899099865,nan,-18.16843819299548,nan,-18.22105013273641,False,7.742055270029623,,-9.35824724611529,-8.579477345000464,0.011130906449651423,-98.04376238158717,-7.018981450034421,0.6342816671549696,0.9931633593596405,1.0194076705224113,4357.3614468233745
120,122400,0,8,4199,-5.63747530051306,-5.317776787672816,17.442061897480713,18.029011743042847,1.0336514025126187,0.0,-96.89395674832025,-96.89395674832025,37.457655825686516,41.45086015394769,5.929843160413043,37.07477346408473,41.378927384923124,5.866241439216733,37.457655825686516,41.45086015394767,5.929843160413043,37.074773464084736,41.37892738492312,5.866241439216735,-18.330810974991113,-18.383247497543774,-0.38596117020359966,37.457655825686516,41.45086015394769,5.929843160413043,37.457655825686516,41.45086015394767,5.929843160413043,nan,-18.330810974991113,nan,-18.383247497543774,False,6.683516821014714,,-5.63747530051306,-5.317776787672816,0.03365140251261867,-96.89395674832025,-9.005680150288297,-1.1915059245076214,0.9990120938537949,1.0135998255291019,4386.429633847871
121,123420,0,8,1187,-2.052319685223305,-2.1387814187961816,16.607324920202714,16.551183632652705,0.9966194864121847,0.0,-96.0398213998234,-96.0398213998234,37.04899170251852,40.59154087425079,5.861958754571184,36.91896168482107,41.1296914750214,5.840359083857321,37.04899170251851,40.59154087425078,5.861958754571181,36.918961684821056,41.1296914750214,5.840359083857319,-18.32035603917616,-18.388762106670168,0.6092892527816312,37.04899170251852,40.59154087425079,5.861958754571184,37.04899170251851,40.59154087425078,5.861958754571181,nan,-18.32035603917616,nan,-18.388762106670168,False,7.240656655585665,,-2.052319685223305,-2.1387814187961816,-0.003380513587815326,-96.0398213998234,-9.72470236658319,-1.9300355470713448,0.9984210884112036,1.0142014948775009,4415.241580267818
122,124440,0,7,2567,7.602371929900473,7.086894119577202,17.124367951834962,16.845793673769496,0.9837322884646603,0.0,-107.93775150137024,-107.93775150137024,37.10742987515693,41.71915949670144,5.87166609221876,37.10834845399384,41.10632771589876,5.871818680065423,37.10742987515693,41.71915949670142,5.87166609221876,37.10834845399384,41.10632771589876,5.871818680065423,-17.313572332975035,-17.40101487343077,0.5758623608354982,37.10742987515693,41.71915949670144,5.87166609221876,37.10742987515693,41.71915949670142,5.87166609221876,nan,-17.313572332975035,nan,-17.40101487343077,False,6.937573521845959,,7.602371929900473,7.086894119577202,-0.01626771153533968,-107.93775150137024,-7.059664331680132,0.5156450739689684,0.9955787338162158,1.0171365200580278,4447.622905718229
123,125460,0,7,3219,-10.991401503465763,-10.831805749333121,17.947561243225053,17.567514080034524,0.9788245791146699,0.0,-97.89069838999266,-97.89069838999266,37.652109847904526,42.614022940799416,5.962144493007397,37.63165779969477,41.86893852756907,5.958747142806441,37.652109847904526,42.614022940799416,5.962144493007397,37.631657799694786,41.868938527569085,5.958747142806444,-18.1453744294678,-18.219982716722797,-0.2700786344391233,37.652109847904526,42.614022940799416,5.962144493007397,37.652109847904526,42.614022940799416,5.962144493007397,nan,-18.1453744294678,nan,-18.219982716722797,False,6.067443219157358,,-10.991401503465763,-10.831805749333121,-0.021175420885330087,-97.89069838999266,-10.923738960380641,-3.2116146768168035,0.9918894190414334,1.0209872625860417,4476.990115235227
124,126480,0,7,1101,-0.5154905721478908,-1.2305808849860478,17.558495276078418,18.405303932944562,1.0482278602779722,0.0,-106.83005410697481,-106.83005410697481,29.804226689574254,31.531605138786034,4.6585094168728,29.29520027438409,30.942984799444616,4.573953533950846,29.804226689574257,31.531605138786038,4.6585094168728,29.29520027438408,30.942984799444602,4.573953533950844,-17.43287283585216,-17.50105520665658,0.08741878480428822,29.804226689574254,31.531605138786034,4.6585094168728,29.804226689574257,31.531605138786038,4.6585094168728,nan,-17.43287283585216,nan,-17.50105520665658,False,7.285975829673501,,-0.5154905721478908,-1.2305808849860478,0.04822786027797221,-106.83005410697481,-11.105635950900131,-3.633464513272349,1.000260842296161,1.0127667165010588,4509.039131467319
125,127500,0,7,5399,-0.5410356902433429,0.6376459581110021,19.526878591057326,19.241912059320438,0.9854064473024688,0.0,-98.61263213576717,-98.61263213576717,37.58553100701994,42.69150039020672,5.951084884887034,38.14253158516861,43.45662929092812,6.043609897868541,37.585531007019945,42.69150039020673,5.951084884887035,38.14253158516862,43.45662929092814,6.043609897868542,-18.10199980832564,-18.182253207461216,-0.7804513624843676,37.58553100701994,42.69150039020672,5.951084884887034,37.585531007019945,42.69150039020673,5.951084884887035,nan,-18.10199980832564,nan,-18.182253207461216,False,5.868006817123653,align_margin=5.9,,,,,,,,,
125,127500,0,8,5359,6.270307637107827,7.0564672589575235,16.722166011898995,16.61243390663805,0.9934379251358428,0.0,-128.7470729932668,-128.7470729932668,37.48740292919798,42.04166852960192,5.934784539733884,36.87974050275868,40.834781946491525,5.833843937335329,37.48740292919797,42.04166852960192,5.934784539733883,36.879740502758686,40.83478194649153,5.833843937335331,-15.72339106722485,-15.791304538939794,-0.5163100683608137,37.48740292919798,42.04166852960192,5.934784539733884,37.48740292919797,42.04166852960192,5.934784539733883,nan,-15.72339106722485,nan,-15.791304538939794,False,5.521648157903339,align_margin=5.5,,,,,,,,,
125,127500,0,7,8119,11.096699987322255,12.093325249039367,18.200587132251727,18.270630737071027,1.0038484255650841,0.0,-112.44481813171075,-112.44481813171075,37.785601374086845,42.59577912662624,5.984319165130706,37.84964942465871,41.58737453151669,5.994958376189155,37.78560137408685,42.59577912662624,5.9843191651307075,37.84964942465872,41.587374531516694,5.994958376189158,-17.009153530531197,-17.09120117816245,-1.6704624474822651,37.785601374086845,42.59577912662624,5.984319165130706,37.78560137408685,42.59577912662624,5.9843191651307075,nan,-17.009153530531197,nan,-17.09120117816245,False,6.494377004237322,,11.096699987322255,12.093325249039367,0.003848425565084135,-112.44481813171075,-7.222803762201051,0.545843286046857,1.0009344924406791,1.0120872588118317,4542.772576906832
126,128520,0,8,1819,-13.361084190744208,-13.325299616019773,18.65574058974442,18.82459895746215,1.0090512819314479,0.0,-102.93039254709484,-102.93039254709484,37.6124637115308,41.62950677057607,5.95555875606824,37.27809196240347,41.54430982307302,5.900015276146757,37.61246371153081,41.62950677057607,5.955558756068241,37.278091962403494,41.54430982307303,5.90001527614676,-17.71345919142705,-17.782584952886012,0.14153962515763752,37.6124637115308,41.62950677057607,5.95555875606824,37.61246371153081,41.62950677057607,5.955558756068241,nan,-17.71345919142705,nan,-17.782584952886012,False,7.610140579873687,,-13.361084190744208,-13.325299616019773,0.009051281931447885,-102.93039254709484,-11.894817267657924,-4.062311618582793,1.0025199469907276,1.0104985187007152,4573.651694670961
127,129540,0,7,7475,5.59829527728334,4.11984232184373,17.21734383494455,17.235550042938527,1.0010574341877883,0.0,-150.48514104782814,-150.48514104782814,37.311675496556596,41.54260112132958,5.905593936305083,36.87825178617599,40.76393886155529,5.833596642221925,37.311675496556596,41.54260112132958,5.905593936305083,36.878251786175994,40.7639388615553,5.833596642221926,-14.45287571202237,-14.494343450676055,1.0641626752231597,37.311675496556596,41.54260112132958,5.905593936305083,37.311675496556596,41.54260112132958,5.905593936305083,nan,-14.45287571202237,nan,-14.494343450676055,False,6.593973416970742,,5.59829527728334,4.11984232184373,0.0010574341877882532,-150.48514104782814,-9.940339101980797,-2.635347812144623,1.002705464292258,1.0103117224813565,4618.79723698531
128,130560,0,8,4147,-5.650211667731997,-4.972035603689856,18.18734568363055,17.580973952463214,0.9666596906599132,0.0,-106.44342886002065,-106.44342886002065,37.70192496025906,41.72317204723909,5.970419428614463,36.943640149951655,40.487266905146875,5.844458496669711,37.70192496025906,41.72317204723907,5.970419428614463,36.94364014995165,40.48726690514687,5.844458496669709,-17.38464683186699,-17.441427210176975,-1.0445819180525993,37.70192496025906,41.72317204723909,5.970419428614463,37.70192496025906,41.72317204723907,5.970419428614463,nan,-17.38464683186699,nan,-17.441427210176975,False,6.844385969773505,,-5.650211667731997,-4.972035603689856,-0.033340309340086804,-106.44342886002065,-11.912577365489248,-4.357798836485343,0.9968551249798706,1.0164097510787098,4650.730265643316
129,131580,0,8,507,4.866219273802747,5.253514083010705,18.464031669031442,18.892591716646955,1.0232105346923939,0.0,-101.89988836048573,-101.89988836048573,37.78821041807546,41.30469728731341,5.984752561142104,37.755142681915984,42.748451480649365,5.979259581713619,37.78821041807545,41.3046972873134,5.984752561142102,37.75514268191598,42.74845148064934,5.9792595817136185,-17.85140570546446,-17.93324458929473,-0.36546280842067613,37.78821041807546,41.30469728731341,5.984752561142104,37.78821041807545,41.3046972873134,5.984752561142102,nan,-17.85140570546446,nan,-17.93324458929473,False,7.328994702571759,,4.866219273802747,5.253514083010705,0.02321053469239387,-101.89988836048573,-10.204027443688572,-2.5487548686344708,1.0009041945606567,1.0123749046095678,4681.300232151461
130,132600,0,8,6123,5.334711605675586,6.494180355495306,17.392726373772753,17.496490930156853,1.0059659741753064,0.0,-125.62257190364652,-125.62257190364652,37.044638738094356,40.90828889647024,5.861235670779794,37.061347888997666,40.755437639144326,5.864011277242138,37.04463873809435,40.908288896470225,5.861235670779793,37.06134788899766,40.75543763914432,5.864011277242136,-16.03720092637632,-16.10460612239828,-0.47298058245019714,37.044638738094356,40.90828889647024,5.861235670779794,37.04463873809435,40.908288896470225,5.861235670779793,nan,-16.03720092637632,nan,-16.10460612239828,False,6.902276006969135,,5.334711605675586,6.494180355495306,0.005965974175306421,-125.62257190364652,-8.338565122585969,-0.3035756232046891,1.00194918406158,1.0113242075969013,4718.9870037225555
131,133620,0,7,4987,-3.044595122063276,-4.163102403778446,18.540189613991323,18.6113572015018,1.0038385576950501,0.0,-133.9378100061779,-133.9378100061779,37.36095440382097,41.675414943804334,5.913779801299165,36.92784616158587,41.04299109974109,5.841834910562437,37.36095440382097,41.67541494380434,5.913779801299165,36.927846161585876,41.04299109974108,5.841834910562438,-15.441619464613714,-15.497842440129153,0.6317029127772344,37.36095440382097,41.675414943804334,5.913779801299165,37.36095440382097,41.67541494380434,5.913779801299165,nan,-15.441619464613714,nan,-15.497842440129153,False,5.942801964610589,align_margin=5.9,,,,,,,,,
131,133620,0,7,6171,-4.780202691673157,-6.1628239581671345,16.807038238100763,16.664507955814642,0.9915196074247626,0.0,-97.26698688576091,-97.26698688576091,37.50832950214086,41.311958242893205,5.9382607146413395,37.066992523827075,41.643661867107454,5.864948924223768,37.50832950214087,41.31195824289322,5.93826071464134,37.066992523827075,41.643661867107475,5.864948924223768,-18.30684618954383,-18.373515927288224,1.5015558610578807,37.50832950214086,41.311958242893205,5.9382607146413395,37.50832950214087,41.31195824289322,5.93826071464134,nan,-18.30684618954383,nan,-18.373515927288224,False,6.460187302328651,,-4.780202691673157,-6.1628239581671345,-0.008480392575237361,-97.26698688576091,-10.008381285620818,-2.4364113342017704,1.0004622226378557,1.0128379190671355,4748.167099788284
132,134640,0,8,1025,3.3649483933640294,3.3671271254577917,16.81538526684707,16.039347216719406,0.9538495230521011,0.0,-96.62215792260837,-96.62215792260837,30.013498079202982,31.50239214619226,4.693272106179897,30.0453479434927,31.1103688563212,4.69856278131108,30.01349807920299,31.502392146192268,4.693272106179899,30.0453479434927,31.110368856321205,4.69856278131108,-18.320342096130204,-18.391795988409065,-0.7475633934690009,30.013498079202982,31.50239214619226,4.693272106179897,30.01349807920299,31.502392146192268,4.693272106179899,nan,-18.320342096130204,nan,-18.391795988409065,False,6.656666271494785,,3.3649483933640294,3.3671271254577917,-0.046150476947898866,-96.62215792260837,-8.831193470800425,-1.2728544889015194,0.9923821561078147,1.0214137128203287,4777.153747165066
133,135660,0,8,5307,0.6341198127789549,0.7201423719283662,17.9985852783856,18.034524306980696,1.0019967696371255,0.0,-97.78510882724882,-97.78510882724882,37.40382423552846,41.39504377605138,5.92090103580207,37.57364277971506,41.776679279297554,5.949110096298183,37.403824235528454,41.39504377605137,5.9209010358020695,37.57364277971507,41.776679279297554,5.9491100962981855,-18.173643908360525,-18.20655179460739,0.11763940075409363,37.40382423552846,41.39504377605138,5.92090103580207,37.403824235528454,41.39504377605137,5.9209010358020695,nan,-18.173643908360525,nan,-18.20655179460739,False,6.211189429982051,,0.6341198127789549,0.7201423719283662,0.001996769637125473,-97.78510882724882,-8.607547838816165,-1.0260888277288611,0.9927289288554194,1.0210575067013685,4806.4892798132405
134,136680,0,7,575,-4.975650523275393,-5.255215549745534,15.6666837810475,15.79070697349165,1.0079163653379017,0.0,-118.74896029926346,-118.74896029926346,36.65006729126392,40.94982630144141,5.795692241073742,36.96887318486678,41.17655161115639,5.848650030708768,36.650067291263916,40.94982630144142,5.795692241073741,36.96887318486678,41.17655161115641,5.848650030708768,-16.46809906914762,-16.55411157931489,0.03861915592321963,36.65006729126392,40.94982630144141,5.795692241073742,36.650067291263916,40.94982630144142,5.795692241073741,nan,-16.46809906914762,nan,-16.55411157931489,False,6.5626818978837616,,-4.975650523275393,-5.255215549745534,0.007916365337901743,-118.74896029926346,-10.36178067370922,-2.827481433276679,0.994104219709826,1.0196540804915109,4842.113967903019
135,137700,0,7,7227,3.7990875382322624,5.142435281821375,17.877391628728542,18.320667341101622,1.024795323701515,0.0,-108.22658492060613,-108.22658492060613,37.635373575456995,41.74523896300974,5.959364381305149,37.54771780319331,42.10452777057142,5.944803621792909,37.635373575457,41.745238963009754,5.959364381305151,37.54771780319332,42.10452777057143,5.944803621792912,-17.258032169726704,-17.346253468110064,-1.6875259367230675,37.635373575456995,41.74523896300974,5.959364381305149,37.635373575457,41.745238963009754,5.959364381305151,nan,-17.258032169726704,nan,-17.346253468110064,False,6.155377833330317,,3.7990875382322624,5.142435281821375,0.02479532370151505,-108.22658492060613,-9.024214036310358,-1.0623216765777348,0.9984178184959568,1.0153366678620732,4874.581943379201
136,138720,0,8,7311,1.267593482502279,1.0618138049315702,17.92782188338094,18.0502413307827,1.0068284618286645,0.0,-98.9104413206612,-98.9104413206612,37.83234055929937,43.426401533163876,5.9920831493852775,37.4075977402973,41.97252701062822,5.921527863836761,37.83234055929937,43.426401533163876,5.9920831493852775,37.407597740297284,41.97252701062821,5.921527863836759,-18.109713410712118,-18.185246321135693,-0.21555666200248202,37.83234055929937,43.426401533163876,5.9920831493852775,37.83234055929937,43.426401533163876,5.9920831493852775,nan,-18.109713410712118,nan,-18.185246321135693,False,6.721556577872247,,1.267593482502279,1.0618138049315702,0.006828461828664478,-98.9104413206612,-8.579853258030044,-0.6963003917278768,0.9996109086394219,1.0141315888541251,4904.2550757754
137,139740,0,7,2923,-1.4632424264057633,-0.24953991699445116,19.137940643563535,19.65114264318869,1.0268159468765912,0.0,-109.05024842893621,-109.05024842893621,37.46240675642718,42.07461079192721,5.930632351565977,37.64512203956286,42.1422474499828,5.9609837275021365,37.46240675642718,42.07461079192723,5.930632351565977,37.64512203956287,42.142247449982825,5.960983727502139,-17.228452699741,-17.312774204256712,-1.3186222758251094,37.46240675642718,42.07461079192721,5.930632351565977,37.46240675642718,42.07461079192723,5.930632351565977,nan,-17.228452699741,nan,-17.312774204256712,False,5.644904262826032,align_margin=5.6,,,,,,,,,
137,139740,0,7,8113,-0.1919366552701804,-0.8378793212859006,16.003752184517666,15.995401080230101,0.9994781783552208,0.0,-151.4869803151165,-151.4869803151165,30.02574272728227,31.73162603543668,4.6953061008774535,29.915121426351906,31.65134593460854,4.676930469493672,30.02574272728227,31.73162603543668,4.6953061008774535,29.91512142635191,31.651345934608543,4.676930469493673,-14.425795144027905,-14.49053898632007,1.0167919144699735,30.02574272728227,31.73162603543668,4.6953061008774535,30.02574272728227,31.73162603543668,4.6953061008774535,nan,-14.425795144027905,nan,-14.49053898632007,False,5.471866308662379,align_margin=5.5,,,,,,,,,
137,139740,0,7,3055,-10.156329913441574,-9.801808262977882,19.438616000886576,19.599614012890786,1.0082823803915293,0.0,-99.40450336530785,-99.40450336530785,37.72737577652347,42.123240725267564,5.974647138957389,37.7980894976394,41.47626372784244,5.986393604259038,37.72737577652348,42.12324072526756,5.97464713895739,37.7980894976394,41.47626372784244,5.986393604259038,-18.00411108385494,-18.0800096748047,-0.6174973332135547,37.72737577652347,42.123240725267564,5.974647138957389,37.72737577652348,42.12324072526756,5.97464713895739,nan,-18.00411108385494,nan,-18.0800096748047,False,5.334719997188788,align_margin=5.3,,,,,,,,,
137,139740,0,8,19,-0.9956804608366459,-1.5657129858057708,18.821845779325226,18.515158218395655,0.9837057659208721,0.0,-133.1895442035175,-133.1895442035175,37.57096168879583,41.74095717138932,5.948664732358113,37.4335775717571,42.76977234116372,5.92584345045799,37.57096168879584,41.74095717138933,5.948664732358114,37.4335775717571,42.76977234116373,5.92584345045799,-15.507237003779045,-15.585572666056349,0.4272551766923708,37.57096168879583,41.74095717138932,5.948664732358113,37.57096168879584,41.74095717138933,5.948664732358114,nan,-15.507237003779045,nan,-15.585572666056349,False,6.023809942528109,,-0.9956804608366459,-1.5657129858057708,-0.01629423407912789,-133.1895442035175,-8.928477065834578,-1.23666374403328,0.9967605271660734,1.0170712758641558,4944.211939036455
138,140760,0,7,3579,-8.504569443868277,-11.361659950578485,17.393655640220057,17.455760446465792,1.003570543624086,0.0,-145.81997688903834,-145.81997688903834,37.32489796970455,42.2999750714521,5.9077903604160396,36.76523956839388,41.129658206116,5.814823848570413,37.32489796970454,42.29997507145207,5.907790360416037,36.76523956839389,41.12965820611599,5.814823848570414,-14.737716748557514,-14.824899592728755,2.409100242642775,37.32489796970455,42.2999750714521,5.9077903604160396,37.32489796970454,42.29997507145207,5.907790360416037,nan,-14.737716748557514,nan,-14.824899592728755,False,5.865905135958908,align_margin=5.9,,,,,,,,,
138,140760,0,8,7423,5.827795869847641,7.438722677243694,18.288426117280775,18.219954158814225,0.9962559950196124,0.0,-97.75541773398324,-97.75541773398324,37.18758118515671,41.37090447701638,5.884980263315069,37.65111762739817,42.281340907618954,5.9619796723252785,37.1875811851567,41.37090447701637,5.884980263315067,37.651117627398165,42.28134090761895,5.961979672325278,-18.20465098357648,-18.2896695494092,-1.3773976093229114,37.18758118515671,41.37090447701638,5.884980263315069,37.1875811851567,41.37090447701637,5.884980263315067,nan,-18.20465098357648,nan,-18.2896695494092,False,7.310112458326171,,5.827795869847641,7.438722677243694,-0.0037440049803876274,-97.75541773398324,-6.882119391292728,1.3231892365979756,0.9961074487999297,1.0177401661792196,4973.53856435665
139,141780,0,7,7619,-4.108689518123439,-4.366041196017065,17.534372554978905,17.407286941485488,0.9927522006792692,0.0,-109.61632299627013,-109.61632299627013,37.28150376077595,41.976335854234634,5.90058202006245,37.08974700894507,41.980842217827174,5.8687287390274205,37.28150376077595,41.97633585423464,5.90058202006245,37.089747008945075,41.98084221782718,5.868728739027421,-17.163078492157272,-17.253289799182994,-0.12783310552869676,37.28150376077595,41.976335854234634,5.90058202006245,37.28150376077595,41.97633585423464,5.90058202006245,nan,-17.163078492157272,nan,-17.253289799182994,False,5.728108824148195,align_margin=5.7,,,,,,,,,
139,141780,0,8,4307,2.9277151858929322,2.6413004613203976,17.4775166502453,17.76431384616612,1.0164094935030028,0.0,-96.71432977268798,-96.71432977268798,37.47986271493638,41.864258046843815,5.9335320124479045,37.71399274089771,41.17829351234298,5.97242404333849,37.47986271493638,41.864258046843815,5.9335320124479045,37.7139927408977,41.178293512342975,5.972424043338489,-18.28990896775094,-18.364774635655362,0.4451105595944429,37.47986271493638,41.864258046843815,5.9335320124479045,37.47986271493638,41.864258046843815,5.9335320124479045,nan,-18.28990896775094,nan,-18.364774635655362,False,6.639239162533953,,2.9277151858929322,2.6413004613203976,0.016409493503002803,-96.71432977268798,-5.853414790903439,2.231530277055002,0.9989679320740704,1.0148647452671782,5002.552863288456
140,142800,0,8,3681,0.13896956833211133,-0.7203233029709764,16.128181827777656,16.340316156513836,1.0131530218967906,0.0,-95.85571540151223,-95.85571540151223,29.9400747249304,31.08163706155581,4.681075535702725,30.149278928759323,31.315228653951618,4.715827064577961,29.940074724930405,31.081637061555814,4.681075535702725,30.149278928759323,31.315228653951618,4.715827064577961,-18.38015909304143,-18.457760765815646,0.6323534795630159,29.9400747249304,31.08163706155581,4.681075535702725,29.940074724930405,31.081637061555814,4.681075535702725,nan,-18.38015909304143,nan,-18.457760765815646,False,6.004094620055242,,0.13896956833211133,-0.7203233029709764,0.013153021896790573,-95.85571540151223,-5.804725191012826,1.9831098277137755,1.0012673353139039,1.0125590775768591,5031.30957790891
141,143820,0,7,7343,-8.539219202789278,-9.465688630811457,16.531575115039214,16.60762748340965,1.0046004308628311,0.0,-110.8884009322483,-110.8884009322483,36.80276004599241,41.28134948577339,5.821056486045251,36.50834231797245,40.88424435271476,5.772149886706388,36.802760045992414,41.28134948577339,5.8210564860452525,36.50834231797244,40.88424435271472,5.772149886706386,-17.091622126101853,-17.166454411926225,1.1243496396047874,36.80276004599241,41.28134948577339,5.821056486045251,36.802760045992414,41.28134948577339,5.8210564860452525,nan,-17.091622126101853,nan,-17.166454411926225,False,6.214664320845758,,-8.539219202789278,-9.465688630811457,0.0046004308628311286,-110.8884009322483,-8.789668987306012,-1.2887891598616275,1.0020734310153854,1.0117476242065757,5064.576098188584
142,144840,0,8,399,-4.3621052240034395,-3.8917711801386288,18.05395196047943,18.150056788729355,1.0053232017267077,0.0,-134.12708680245106,-134.12708680245106,37.97223576268093,42.67265512029813,6.015321555262614,37.55756628462895,42.07024112024442,5.9464395821642775,37.97223576268094,42.67265512029817,6.015321555262615,37.557566284628926,42.07024112024439,5.946439582164274,-15.383124742092832,-15.438795450812329,-0.686943531292759,37.97223576268093,42.67265512029813,6.015321555262614,37.97223576268094,42.67265512029817,6.015321555262615,nan,-15.383124742092832,nan,-15.438795450812329,False,6.569807267437869,,-4.3621052240034395,-3.8917711801386288,0.005323201726707749,-134.12708680245106,-10.31324678225282,-2.6350931989906643,1.0030069228435823,1.010810110856729,5104.81422422932
143,145860,0,8,803,-6.493728039677957,-6.045974873315979,18.322782937971816,18.895618435066215,1.0312635640030021,0.0,-102.25231136760547,-102.25231136760547,37.92549244476436,41.863483068188,6.007556884512352,37.593914199575536,41.88517202210644,5.952477441789957,37.92549244476436,41.863483068188,6.007556884512352,37.59391419957553,41.88517202210644,5.952477441789956,-17.794942532059753,-17.852517180123563,-0.33047279229484694,37.92549244476436,41.863483068188,6.007556884512352,37.92549244476436,41.863483068188,6.007556884512352,nan,-17.794942532059753,nan,-17.852517180123563,False,6.859286562719406,,-6.493728039677957,-6.045974873315979,0.03126356400300212,-102.25231136760547,-12.579237935577817,-4.728553862801263,1.008494497790943,1.0054474980899475,5135.489917639601
144,146880,0,7,2035,-4.454039165206188,-4.313398270785139,17.340474885681868,17.683968956089686,1.0198088041228583,0.0,-106.63090203690227,-106.63090203690227,37.918851441703126,41.73154509048875,6.006453727857663,36.7244970713638,40.828621288956725,5.808055991920898,37.918851441703104,41.731545090488744,6.006453727857659,36.7244970713638,40.828621288956725,5.808055991920898,-17.401953540111656,-17.372006231448275,-0.6233689800774922,37.918851441703126,41.73154509048875,6.006453727857663,37.918851441703104,41.731545090488744,6.006453727857659,nan,-17.401953540111656,nan,-17.372006231448275,False,7.630517758172193,,-4.454039165206188,-4.313398270785139,0.019808804122858348,-106.63090203690227,-14.125020992636522,-6.230063785142073,1.0119904850349442,1.0020297744133442,5167.4791882506715
145,147900,0,7,7215,15.954930031295794,14.265044623906466,18.348479248634575,17.615672405785375,0.9600617123130936,0.0,-150.34750948429814,-150.34750948429814,37.40741913970458,42.30453706973403,5.921498195964217,37.328030458084754,41.13631775330774,5.908310707323049,37.40741913970459,42.30453706973403,5.921498195964218,37.32803045808477,41.136317753307765,5.908310707323052,-14.460813543678288,-14.39106253134935,1.5728227765471683,37.40741913970458,42.30453706973403,5.921498195964217,37.40741913970459,42.30453706973403,5.921498195964218,nan,-14.460813543678288,nan,-14.39106253134935,False,6.127268336348477,,15.954930031295794,14.265044623906466,-0.03993828768690644,-150.34750948429814,-8.60695971287982,-1.2474118262316054,1.0049174807875902,1.009324500112139,5212.583441095961
146,148920,0,8,1467,0.0952655767331802,1.2483374501307334,17.285185026891487,16.116967740218794,0.9324151124297926,0.0,-114.29736879616794,-114.29736879616794,37.363251291884076,41.292427685751264,5.914161344166791,36.818595919079364,40.09809166224233,5.823687029747403,37.36325129188407,41.292427685751264,5.914161344166789,36.818595919079364,40.09809166224231,5.823687029747403,-16.77777137649232,-16.811675191786257,-0.2863931444396062,37.363251291884076,41.292427685751264,5.914161344166791,37.36325129188407,41.292427685751264,5.914161344166789,nan,-16.77777137649232,nan,-16.811675191786257,False,6.07015645352516,,0.0952655767331802,1.2483374501307334,-0.06758488757020742,-114.29736879616794,-8.57377992200736,-0.8145301241653088,0.9930319646702264,1.0221274237688889,5246.872651734811
147,149940,0,8,8067,1.0664349527691601,2.3004319047122217,15.856937982988457,16.227838238062233,1.0233904083797063,0.0,-131.4663939614579,-131.4663939614579,36.892103920263885,40.81739583170051,5.835897661173403,36.96567800960512,40.978696277471336,5.848119270698525,36.8921039202639,40.81739583170052,5.835897661173406,36.96567800960513,40.97869627747133,5.848119270698527,-15.60303272723856,-15.70259650265431,-1.1578277184444263,36.892103920263885,40.81739583170051,5.835897661173403,36.8921039202639,40.81739583170052,5.835897661173406,nan,-15.60303272723856,nan,-15.70259650265431,False,5.5192690815966445,align_margin=5.5,,,,,,,,,
147,149940,0,8,4075,-0.7018631630817102,-0.4230830144931267,17.429304077983712,17.657298232084027,1.0130810818997824,0.0,-96.71961377256608,-96.71961377256608,37.25055093217483,41.70550706262824,5.895440354181867,37.737921340469924,42.805828919377866,5.976398893765769,37.25055093217482,41.705507062628236,5.895440354181864,37.73792134046993,42.80582891937787,5.97639889376577,-18.3071678452435,-18.337546030509444,-0.36792032276921427,37.25055093217483,41.70550706262824,5.895440354181867,37.25055093217482,41.705507062628236,5.895440354181864,nan,-18.3071678452435,nan,-18.337546030509444,False,7.315051149622358,,-0.7018631630817102,-0.4230830144931267,0.01308108189978241,-96.71961377256608,-8.821155752613352,-0.9594035045571416,0.9953052028505431,1.0198177930426682,5275.888535866581
148,150960,0,7,7363,-1.151129225040933,-1.5385627467640521,17.456111102990118,18.064130685391934,1.0348313309198443,0.0,-131.1359970098963,-131.1359970098963,37.63647038409078,41.80622493115989,5.9595465754303625,36.95294950911199,41.61380121421054,5.846004901845846,37.636470384090785,41.8062249311599,5.959546575430363,36.95294950911199,41.61380121421054,5.846004901845846,-15.605322221865194,-15.69300303634092,0.7635618016543164,37.63647038409078,41.80622493115989,5.9595465754303625,37.636470384090785,41.8062249311599,5.959546575430363,nan,-15.605322221865194,nan,-15.69300303634092,False,6.646038407209487,,-1.151129225040933,-1.5385627467640521,0.03483133091984425,-131.1359970098963,-9.22595141489909,-1.487436026681305,1.0013720687057208,1.0138107446048594,5315.22933496955
149,151980,0,7,215,-2.0309710918018427,-1.9886322851794793,16.95974124189739,17.236633529719146,1.016326445307887,0.0,-97.25905808965923,-97.25905808965923,37.37912695939118,41.74977094834298,5.916798498237738,37.56357577108682,42.265828794139715,5.947437835728708,37.379126959391186,41.74977094834297,5.916798498237739,37.56357577108681,42.26582879413971,5.9474378357287065,-18.19110120254028,-18.259882992904828,0.5269457878210226,37.37912695939118,41.74977094834298,5.916798498237738,37.379126959391186,41.74977094834297,5.916798498237739,nan,-18.19110120254028,nan,-18.259882992904828,False,6.089841169184474,,-2.0309710918018427,-1.9886322851794793,0.016326445307887072,-97.25905808965923,-9.935817312246725,-2.1739757023720547,1.0042331168104206,1.0109606888905933,5344.407052396448
150,153000,0,8,1035,2.4995577215157834,-0.11402408843770462,19.31104461687407,19.363781261981003,1.0027309058703562,0.0,-144.8490032644585,-144.8490032644585,38.08850655142199,42.99536727704413,6.034635639771096,37.32097127175122,42.10008298183517,5.9071380850085085,38.088506551422,42.995367277044146,6.034635639771097,37.32097127175121,42.100082981835165,5.907138085008508,-14.770317854405707,-14.810198744724683,1.722590873618397,38.08850655142199,42.99536727704413,6.034635639771096,38.088506551422,42.995367277044146,6.034635639771097,nan,-14.770317854405707,nan,-14.810198744724683,False,8.077405887283867,,2.4995577215157834,-0.11402408843770462,0.0027309058703561817,-144.8490032644585,-9.064659821136344,-2.2134514519157795,1.0047130483803537,1.010478857991426,5387.861753375786
151,154020,0,7,5395,-2.2653386670472915,-0.9358843480634265,17.59703474413208,17.848579669111942,1.014294733666065,0.0,-118.44636686013038,-118.44636686013038,37.4301340064257,41.792720203505176,5.925271429638822,37.535999604520185,41.094038953318865,5.942857077162822,37.430134006425725,41.792720203505205,5.925271429638825,37.53599960452017,41.09403895331886,5.94285707716282,-16.479207108015864,-16.52107079083329,-1.6660492803800984,37.4301340064257,41.792720203505176,5.925271429638822,37.430134006425725,41.792720203505205,5.925271429638825,nan,-16.479207108015864,nan,-16.52107079083329,False,5.870636914416385,align_margin=5.9,,,,,,,,,
151,154020,0,7,2691,-2.461468265165996,-0.20025718577417292,17.770179959257316,17.434764628918263,0.9811248208454794,0.0,-107.12976842259272,-107.12976842259272,37.4265747409615,40.59928195695277,5.924680189528489,36.98547171899622,41.568548378418804,5.851407262291732,37.4265747409615,40.599281956952765,5.924680189528489,36.98547171899622,41.56854837841878,5.851407262291732,-17.38309481822208,-17.426376785281136,-1.5675266734899096,37.4265747409615,40.59928195695277,5.924680189528489,37.4265747409615,40.599281956952765,5.924680189528489,nan,-17.38309481822208,nan,-17.426376785281136,False,6.760577298751816,,-2.461468265165996,-0.20025718577417292,-0.018875179154520638,-107.12976842259272,-9.92213240417575,-2.2828146201470094,1.0013943240926175,1.0138808406825794,5420.000683902564
152,155040,0,8,3897,1.4409517620718428,1.787489259369724,18.68863949960689,18.619220872885027,0.9962855173741607,0.0,-125.85614407318309,-125.85614407318309,37.77066859030111,42.03440735457242,5.981838636262644,37.38034023675815,41.32070863598241,5.917000039328597,37.77066859030111,42.034407354572416,5.981838636262644,37.38034023675815,41.320708635982406,5.917000039328597,-15.969252560006522,-16.04234206467615,0.09127819357750377,37.77066859030111,42.03440735457242,5.981838636262644,37.77066859030111,42.034407354572416,5.981838636262644,nan,-15.969252560006522,nan,-16.04234206467615,False,6.636815493121415,,1.4409517620718428,1.787489259369724,-0.0037144826258392882,-125.85614407318309,-9.418501512137162,-1.6657586351870672,1.0007433832743877,1.014542355351617,5457.757527124519
153,156060,0,8,3245,-0.8385299596402276,-0.8085230259019319,17.144459149862627,17.45631248219946,1.018189744547254,0.0,-100.13928903162628,-100.13928903162628,37.76792460424645,41.55810378241548,5.9813828246256575,37.18021552886541,41.77673106585432,5.883756732369671,37.76792460424646,41.55810378241547,5.981382824625658,37.18021552886539,41.776731065854314,5.883756732369667,-17.97347291982711,-18.04980478775058,-0.11319761805350037,37.76792460424645,41.55810378241548,5.9813828246256575,37.76792460424646,41.55810378241547,5.981382824625658,nan,-17.97347291982711,nan,-18.04980478775058,False,5.656506577973451,align_margin=5.7,,,,,,,,,
153,156060,0,8,6263,-3.180147695787918,-4.4221457366878365,19.090037270133685,18.92614314629936,0.9914146776396955,0.0,-130.81660309454512,-130.81660309454512,37.33885510076457,42.752596522148465,5.9101088207250125,37.45373850646506,41.88656725773199,5.929192442934395,37.33885510076456,42.75259652214846,5.910108820725011,37.45373850646506,41.88656725773197,5.929192442934395,-15.645084278828845,-15.717809290044196,0.9865745551677465,37.33885510076457,42.752596522148465,5.9101088207250125,37.33885510076456,42.75259652214846,5.910108820725011,nan,-15.645084278828845,nan,-15.717809290044196,False,6.737932739416503,,-3.180147695787918,-4.4221457366878365,-0.008585322360304515,-130.81660309454512,-10.530726396286699,-3.1913243246592704,0.9992398349789511,1.0160798354181644,5497.002508052882
154,157080,0,7,5531,-0.44206923252707986,-0.04781597317903108,17.53086838934105,17.76591846469327,1.0134077827824624,0.0,-113.15423274870116,-113.15423274870116,37.14969961175409,41.284117192416545,5.87868764314852,36.712657400176546,41.20625666050218,5.806089269132317,37.14969961175409,41.28411719241654,5.87868764314852,36.71265740017653,41.20625666050216,5.806089269132315,-16.93434993992042,-17.02619025996929,-0.2822322890343787,37.14969961175409,41.284117192416545,5.87868764314852,37.14969961175409,41.28411719241654,5.87868764314852,nan,-16.93434993992042,nan,-17.02619025996929,False,6.313412416134836,,-0.44206923252707986,-0.04781597317903108,0.013407782782462352,-113.15423274870116,-10.68556833309533,-3.2077950684229957,1.0015844133435727,1.0137272867778073,5530.948777877493
155,158100,0,8,5843,2.066485327092217,2.7069217557763228,17.80431735755427,18.700426662297424,1.0503310116724547,0.0,-127.98980529960387,-127.98980529960387,37.35888427674845,41.917866224592444,5.913435926370175,37.01006214233144,40.98031324237657,5.85549205022117,37.35888427674845,41.91786622459246,5.913435926370175,37.010062142331435,40.98031324237657,5.855492050221169,-15.842606516618307,-15.912301136451973,-0.7035798097972803,37.35888427674845,41.917866224592444,5.913435926370175,37.35888427674845,41.91786622459246,5.913435926370175,nan,-15.842606516618307,nan,-15.912301136451973,False,6.535813238814793,,2.066485327092217,2.7069217557763228,0.050331011672454684,-127.98980529960387,-9.96344261423775,-2.273201882583881,1.010406295783388,1.0052263133857193,5569.345719467374
156,159120,0,7,8019,-12.857811994208774,-13.066821142084098,17.474044803545063,16.292694905846336,0.9323940214769817,0.0,-131.74751336593076,-131.74751336593076,37.31927615334138,41.4101376918752,5.9068565038773055,36.725186397187734,41.32914367604699,5.808170497871718,37.31927615334137,41.4101376918752,5.906856503877305,36.725186397187734,41.329143676046996,5.808170497871718,-15.57862959705377,-15.536545722014662,0.2720207703765105,37.31927615334138,41.4101376918752,5.9068565038773055,37.31927615334137,41.4101376918752,5.906856503877305,nan,-15.57862959705377,nan,-15.536545722014662,False,6.2252352533274795,,-12.857811994208774,-13.066821142084098,-0.0676059785230183,-131.74751336593076,-14.417328359757526,-6.822811596167415,0.9984521321752434,1.0179815206510214,5608.869973477153
157,160140,0,7,2531,5.321327324210895,5.938175195716152,18.47040834338637,18.51284646117772,1.0022976274807993,0.0,-94.20247353755249,-94.20247353755249,37.20749136532424,41.72958989195445,5.888287602213329,37.415959823808976,41.76896154850729,5.9229169142539835,37.20749136532423,41.72958989195444,5.888287602213328,37.415959823808976,41.76896154850729,5.9229169142539835,-18.496962491475152,-18.570873401527496,-0.36346219002092006,37.20749136532424,41.72958989195445,5.888287602213329,37.20749136532423,41.72958989195444,5.888287602213328,nan,-18.496962491475152,nan,-18.570873401527496,False,7.5083606367078515,,5.321327324210895,5.938175195716152,0.0022976274807993136,-94.20247353755249,-12.551976478124285,-4.781162237766983,0.9988535946102445,1.0175731440429,5637.130715538418
