0
18251
27359
22760
6760
-12628
-25689
-25880
-13106
6233
22451
27420
18653
541
-17842
-27287
-23061
-7283
12144
25487
26062
13580
-5705
-22132
-27471
-19048
-1082
17426
27204
23354
7804
-11656
-25276
-26233
-14049
5174
21805
27512
19436
1623
-17003
-27111
-23637
-8321
11163
25055
26395
14512
-4642
-21470
-27542
-19816
-2163
16574
27007
23911
8836
-10666
-24824
-26546
-14969
4107
21126
27561
20189
2702
-16138
-26893
-24176
-9347
10165
24584
26687
15421
-3571
-20774
-27569
-20553
-3241
15696
26769
24431
9854
-9660
-24334
-26818
-15867
3034
20414
27567
20910
3777
-15248
-26634
-24677
-10358
9151
24085
26976
16390
-2349
-19824
-27246
-20857
-3813
15391
27181
25692
11711
-7723
-22845
-26058
-15739
2955
20671
28531
22600
5847
-13334
-25334
-24141
-10353
9123
24529
28148
18166
-415
-18288
-26498
-20932
-4379
14869
27169
26358
12844
-6604
-22242
-26237
-16587
1874
19897
28453
23256
6909
-12399
-25003
-24604
-11415
7936
23725
28007
18598
167
-18097
-27089
-22349
-6290
13007
25846
25773
12812
-6557
-22642
-27384
-18407
-208
18095
27332
22877
6961
-12442
-25612
-25951
-13289
6030
22329
27441
18806
749
-17683
-27256
-23175
-7484
11957
25407
26129
13761
-5501
-22007
-27488
-19198
-1290
17264
27169
23464
8003
-11467
-25192
-26297
-14227
4970
21677
27525
19583
1831
-16839
-27072
-23743
-8520
10972
24967
26454
14688
-4436
-21338
-27550
-19960
-2371
16407
26965
24014
9033
-10474
-24733
-26602
-15144
3901
20991
27565
20330
2909
-15969
-26847
-24275
-9542
9971
24489
26739
15593
-3365
-20636
-27570
-20692
-3447
15524
26718
24527
10048
-9464
-24236
-26865
-16036
2827
20274
27564
21045
3984
-15074
-26580
-24770
-10551
8954
23973
26982
16474
-2288
-19903
-27547
-21391
-4518
14618
26431
25003
11049
-8440
-23701
-27088
-16904
1748
19524
27520
21728
5052
-14156
-26272
-25226
-11542
7923
23420
27183
17329
-1207
-19138
-27482
-22057
-5583
13689
26102
25439
12032
-7403
-23130
-27269
-17746
666
18745
27433
22378
6112
-13216
-25923
-25643
-12517
6881
22831
27343
18157
-125
-18345
-27374
-22690
-6638
12739
25734
25837
12996
-6355
-22523
-27407
-18561
-416
17937
27304
22993
7162
-12256
-25535
-26021
-13471
5827
22206
27461
18958
958
-17522
-27224
-23287
-7684
11769
25326
26195
13941
-5297
-21881
-27503
-19347
-1498
17091
27095
23488
8056
-11499
-25415
-26761
-14905
4167
20856
26758
18876
1123
-17635
-28022
-24849
-9717
9781
23878
25512
13864
-5231
-22206
-28557
-21103
-3578
15239
25920
23116
8229
-11281
-25640
-27656
-16317
2695
19856
26568
19470
2116
-16798
-27798
-25373
-10738
8776
23393
25789
14764
-4158
-21488
-28531
-21744
-4507
14574
25975
24024
9742
-9671
-24444
-27134
-16352
2535
20094
27549
21179
4189
-14899
-26524
-24860
-10743
8757
23869
27024
16640
-2080
-19758
-27538
-21522
-4724
14441
26371
25090
11239
-8242
-23594
-27126
-17068
1540
19377
27506
21856
5256
-13977
-26208
-25309
-11731
7724
23309
27217
17490
-999
-18988
-27464
-22182
-5786
13508
26035
25519
12219
-7203
-23016
-27298
-17905
458
18592
27412
22499
6315
-13033
-25851
-25719
-12702
6679
22713
27369
18313
83
-18189
-27348
-22807
-6840
12554
25658
25909
13180
-6152
-22402
-27429
-18715
-625
17778
27275
23107
7363
-12069
-25455
-26089
-13653
5623
22082
27478
19108
1166
-17361
-27190
-23398
-7884
11580
25243
26259
14120
-5092
-21754
-27517
-19495
-1706
16937
27096
23680
8401
-11087
-25020
-26419
-14582
4559
21417
27545
19874
2246
-16507
-26990
-23952
-8915
10589
24788
26569
15039
-4025
-21072
-27563
-20245
-2785
16070
26875
24216
9425
-10087
-24546
-26708
-15490
3488
20719
27570
20609
3323
-15627
-26749
-24470
-9932
9582
24295
26837
15935
-2951
-20358
-27566
-20964
-3860
15178
26613
24714
10435
-9072
-24034
-26956
-16373
2412
19989
27552
21312
4395
-14723
-26466
-24950
-10934
8559
23764
27064
16806
-1872
-19612
-27527
-21651
-4929
14263
26309
25175
11429
-8043
-23486
-27162
-17231
1332
19228
27491
21982
5460
-13797
-26142
-25391
-11919
7514
23159
27166
17504
-1013
-19145
-27848
-22805
-6587
12634
25188
24743
11489
-7963
-23891
-28327
-19063
-750
17438
26389
21618
5517
-13849
-26778
-26793
-13886
5477
21595
26393
17469
-709
-19032
-28321
-23924
-8042
11368
24581
24979
12362
-6949
-23280
-28449
-19867
-1833
16619
26243
22220
6564
-12872
-26337
-27071
-14687
4642
21266
26897
18758
971
-17508
-27377
-23654
-8167
11353
25149
26322
14299
-4888
-21625
-27529
-19642
-1914
16773
27056
23786
8599
-10896
-24932
-26478
-14759
4354
21285
27553
20018
2454
-16340
-26947
-24055
-9111
10397
24696
26623
15213
-3819
-20937
-27567
-20386
-2992
15901
26828
24315
9621
-9893
-24451
-26759
-15662
3282
20581
27570
20747
3530
-15455
-26698
-24565
-10126
9386
24196
26884
16104
-2744
-20217
-27562
-21099
-4066
15004
26557
24806
10627
-8875
-23932
-26999
-16540
2205
19845
27544
21443
4601
-14547
-26407
-25038
-11125
8361
23658
27103
16970
-1665
-19465
-27515
-21779
-5133
14084
26246
25259
11618
-7844
-23376
-27197
-17393
1124
19078
27475
22107
5664
-13616
-26075
-25471
-12107
7323
23084
27281
17810
-583
-18684
-27425
-22426
-6193
13143
25895
25674
12591
-6800
-22784
-27354
-18220
42
18282
27364
22737
6719
-12665
-25704
-25866
-13070
6274
22475
27416
18623
500
-17874
-27293
-23039
-7243
12181
25503
26048
13544
-5746
-22157
-27468
-19018
-1041
17458
27211
23332
7764
-11693
-25293
-26221
-14013
5215
21830
27509
19406
1581
-17036
-27118
-23615
-8282
11201
25072
26383
14476
-4683
-21496
-27540
-19787
-2122
16607
27016
23890
8796
-10704
-24842
-26535
-14934
4148
21153
27560
20160
2661
-16172
-26902
-24156
-9308
10203
24603
26677
15386
-3612
-20801
-27569
-20526
-3190
15768
26863
24558
10038
-9390
-23951
-26308
-15235
3766
21220
28422
21799
4698
-14292
-25645
-23659
-9319
10190
25095
27929
17273
-1537
-19075
-26556
-20232
-3272
15829
27501
25896
11819
-7678
-22828
-26040
-15706
2997
20700
28534
22574
5806
-13370
-25346
-24124
-10315
9162
24551
28141
18134
-466
-18356
-26585
-21053
-4560
14596
26779
25842
12209
-7335
-23043
-27084
-17470
954
18937
27457
22231
5868
-13435
-26007
-25550
-12293
7122
22970
27310
17969
-375
-18530
-27403
-22547
-6396
12960
25822
25749
12776
-6598
-22666
-27379
-18376
-167
18126
27338
22854
6921
-12479
-25628
-25937
-13253
6071
22353
27437
18776
708
-17715
-27262
-23152
-7444
11994
25423
26116
13725
-5542
-22032
-27485
-19168
-1249
17296
27176
23442
7963
-11505
-25209
-26284
-14192
5011
21703
27522
19554
1789
-16872
-27080
-23722
-8480
11010
24985
26443
14653
-4477
-21365
-27549
-19932
-2329
16440
26973
23993
8993
-10512
-24751
-26591
-15109
3942
21018
27565
20302
2868
-16002
-26856
-24255
-9503
10010
24508
26729
15559
-3406
-20664
-27570
-20664
-3406
15559
26729
24508
10010
-9503
-24255
-26856
-16002
2868
20302
27565
21018
3942
-15109
-26591
-24751
-10512
8993
23993
26973
16440
-2329
-19932
-27549
-21365
-4477
14653
26443
24985
11010
-8480
-23722
-27080
-16872
1789
19554
27522
21703
5011
-14192
-26284
-25209
-11505
7963
23442
27176
17296
-1249
-19168
-27485
-22032
-5542
13725
26116
25423
11994
-7444
-23152
-27262
-17715
708
18776
27437
22353
6071
-13253
-25937
-25628
-12479
6921
22854
27338
18126
-167
-18376
-27379
-22666
-6598
12776
25749
25822
12960
-6396
-22547
-27403
-18530
-375
17969
27310
22970
7122
-12293
-25550
-26007
-13425
5906
22315
27603
19150
1225
-17152
-26731
-22667
-6952
12584
26196
27097
14867
-4347
-20907
-26501
-18317
-457
18134
28141
24551
9162
-10315
-24124
-25346
-13370
5806
22574
28534
20700
2997
-15706
-26040
-22828
-7678
11819
25896
27501
15829
-3272
-20232
-26556
-19075
-1537
17273
27929
25095
10180
-9357
-23743
-25791
-14505
4428
21481
28068
20844
3384
-15610
-26662
-24269
-9660
9825
24412
26779
15730
-3199
-20526
-27569
-20801
-3612
15386
26677
24603
10203
-9308
-24156
-26902
-16172
2661
20160
27560
21153
4148
-14934
-26535
-24842
-10704
8796
23890
27016
16607
-2122
-19787
-27540
-21496
-4683
14476
26383
25072
11201
-8282
-23615
-27118
-17036
1581
19406
27509
21830
5215
-14013
-26221
-25293
-11693
7764
23332
27211
17458
-1041
-19018
-27468
-22157
-5746
13544
26048
25503
12181
-7243
-23039
-27293
-17874
500
18623
27416
22475
6274
-13070
-25866
-25704
-12665
6719
22737
27364
18282
42
-18220
-27354
-22784
-6800
12591
25674
25895
13143
-6193
-22426
-27425
-18684
-583
17810
27281
23084
7323
-12107
-25471
-26075
-13616
5664
22107
27475
19078
1124
-17393
-27197
-23376
-7844
11618
25259
26246
14084
-5133
-21779
-27515
-19465
-1665
16970
27103
23658
8361
-11125
-25038
-26407
-14547
4601
21443
27544
19845
2205
-16540
-26999
-23932
-8875
10627
24806
26557
15004
-4066
-21099
-27562
-20217
-2744
16104
26884
24196
9386
-10126
-24565
-26698
-15455
3530
20747
27570
20581
3282
-15662
-26759
-24451
-9893
9621
24315
26828
15901
-2992
-20386
-27567
-20937
-3819
15213
26623
24696
10397
-9111
-24055
-26947
-16340
2454
20018
27553
21285
4354
-14759
-26478
-24932
-10896
8599
23786
27056
16773
-1914
-19642
-27529
-21635
-4926
14214
26175
24936
11082
-8485
-24007
-27753
-17890
596
18404
26579
20995
4429
-14833
-27156
-26375
-12882
6564
22220
26243
16619
-1833
-19867
-28449
-23280
-6949
12362
24979
24581
11368
-8042
-23924
-28321
-19032
-709
17469
26393
21595
5477
-13886
-26793
-26778
-13849
5517
21618
26389
17447
-712
-18979
-28180
-23678
-7693
11808
25097
25563
13017
-6212
-22451
-27530
-18875
-801
17651
27250
23197
7524
-11919
-25391
-26142
-13797
5460
21982
27491
19228
1332
-17231
-27162
-23486
-8043
11429
25175
26309
14263
-4929
-21651
-27527
-19612
-1872
16806
27064
23764
8559
-10934
-24950
-26466
-14723
4395
21312
27552
19989
2412
-16373
-26956
-24034
-9072
10435
24714
26613
15178
-3860
-20964
-27566
-20358
-2951
15935
26837
24295
9582
-9932
-24470
-26749
-15627
3323
20609
27570
20719
3488
-15490
-26708
-24546
-10087
9425
24216
26875
16070
-2785
-20245
-27563
-21072
-4025
15039
26569
24788
10589
-8915
-23952
-26990
-16507
2246
19874
27545
21417
4559
-14582
-26419
-25020
-11087
8401
23680
27096
16937
-1706
-19495
-27517
-21754
-5092
14120
26259
25243
11580
-7884
-23398
-27190
-17361
1166
19108
27478
22082
5623
-13653
-26089
-25455
-12069
7363
23107
27275
17778
-625
-18715
-27429
-22402
-6152
13180
25909
25658
12554
-6840
-22807
-27348
-18189
83
18313
27369
22713
6679
-12702
-25719
-25851
-13033
6315
22499
27412
18592
458
-17905
-27298
-23016
-7203
12219
25519
26035
13508
-5786
-22182
-27464
-18988
-999
17490
27217
23309
7724
-11731
-25309
-26208
-13977
5256
21856
27506
19377
1540
-17068
-27126
-23594
-8242
11239
25090
26371
14441
-4724
-21522
-27538
-19758
-2080
16640
27024
23869
8757
-10743
-24860
-26514
-14861
4274
21326
27781
20440
3022
-15705
-26314
-23444
-8491
11096
25537
27628
16342
-2654
-19829
-26569
-19498
-2158
16764
27789
25393
10776
-8738
-23373
-25798
-14798
4116
21470
28568
21856
4695
-14317
-25656
-23640
-9281
10229
25116
27920
17239
-1578
-19103
-26557
-20206
-3231
15864
27512
25869
11743
-7802
-22995
-26254
-15982
2636
20229
27938
21856
4987
-14259
-26274
-25069
-11267
8202
23572
27133
17101
-1498
-19347
-27503
-21881
-5297
13941
26195
25326
11769
-7684
-23287
-27224
-17522
958
18958
27461
22206
5827
-13471
-26021
-25535
-12256
7162
22993
27304
17937
-416
-18561
-27407
-22523
-6355
12996
25837
25734
12739
-6638
-22690
-27374
-18345
-125
18157
27343
22831
6881
-12517
-25643
-25923
-13216
6112
22378
27433
18745
666
-17746
-27269
-23130
-7403
12032
25439
26102
13689
-5583
-22057
-27482
-19138
-1207
17329
27183
23420
7923
-11542
-25226
-26272
-14156
5052
21728
27520
19524
1748
-16904
-27088
-23701
-8440
11049
25003
26431
14618
-4518
-21391
-27547
-19903
-2288
16474
26982
23973
8954
-10551
-24770
-26580
-15074
3984
21045
27564
20274
2827
-16036
-26865
-24236
-9464
10048
24527
26718
15524
-3447
-20692
-27570
-20636
-3365
15593
26739
24489
9971
-9542
-24275
-26847
-15969
2909
20330
27565
20991
3901
-15144
-26602
-24733
-10474
9033
24014
26965
16407
-2371
-19960
-27550
-21338
-4436
14688
26454
24967
10972
-8520
-23743
-27072
-16839
1831
19583
27525
21677
4970
-14227
-26297
-25192
-11467
8003
23464
27169
17264
-1290
-19198
-27488
-22007
-5501
13761
26129
25407
11957
-7484
-23175
-27256
-17683
749
18806
27441
22329
6030
-13289
-25951
-25612
-12442
6961
22877
27332
18095
-208
-18407
-27374
-22604
-6473
12959
25986
26116
13325
-5936
-21973
-26707
-17722
520
18916
28278
23937
8082
-11331
-24566
-24993
-12399
6909
23256
28453
19897
1874
-16587
-26237
-22242
-6604
12844
26358
27169
14869
-4379
-20932
-26498
-18288
-415
18166
28148
24529
9123
-10353
-24141
-25334
-13334
5847
22600
28522
20633
2871
-15886
-26271
-23115
-8041
11358
25317
26798
15016
-4166
-21175
-27517
-20037
-2495
16306
26938
24075
9151
-10358
-24677
-26634
-15248
3777
20910
27567
20414
3034
-15867
-26818
-24334
-9660
9854
24431
26769
15696
-3241
-20553
-27569
-20774
-3571
15421
26687
24584
10165
-9347
-24176
-26893
-16138
2702
20189
27561
21126
4107
-14969
-26546
-24824
-10666
8836
23911
27007
16574
-2163
-19816
-27542
-21470
-4642
14512
26395
25055
11163
-8321
-23637
-27111
-17003
1623
19436
27512
21805
5174
-14049
-26233
-25276
-11656
7804
23354
27204
17426
-1082
-19048
-27471
-22132
-5705
13580
26062
25487
12144
-7283
-23061
-27287
-17842
541
18653
27420
22451
6233
-13106
-25880
-25689
-12628
6760
22760
27359
18251
0
-18251
-27359
-22760
-6760
12628
25689
25880
13106
-6233
-22451
-27420
-18653
-541
17842
27287
23061
7283
-12144
-25487
-26062
-13580
5705
22132
27471
19048
1082
-17426
-27204
-23354
-7804
11656
25276
26233
14049
-5174
-21805
-27512
-19436
-1623
17003
27111
23637
8321
-11163
-25055
-26395
-14512
4642
21470
27542
19816
2163
-16574
-27007
-23911
-8836
10666
24824
26546
14969
-4107
-21126
-27561
-20189
-2702
16138
26893
24176
9347
-10165
-24584
-26687
-15421
3571
20774
27569
20553
3241
-15696
-26769
-24431
-9854
9660
24334
26818
15867
-3034
-20414
-27567
-20910
-3777
15248
26634
24677
10358
-9151
-24085
-26976
-16390
2349
19824
27246
20857
3813
-15391
-27181
-25692
-11711
7723
22845
26058
15739
-2955
-20671
-28531
-22600
-5847
13334
25334
24141
10353
-9123
-24529
-28148
-18166
415
18288
26498
20932
4379
-14869
-27169
-26358
-12844
6604
22242
26237
16587
-1874
-19897
-28453
-23256
-6909
12399
25003
24604
11415
-7936
-23725
-28007
-18598
-167
18097
27089
22349
6290
-13007
-25846
-25773
-12812
6557
22642
27384
18407
208
-18095
-27332
-22877
-6961
12442
25612
25951
13289
-6030
-22329
-27441
-18806
-749
17683
27256
23175
7484
-11957
-25407
-26129
-13761
5501
22007
27488
19198
1290
-17264
-27169
-23464
-8003
11467
25192
26297
14227
-4970
-21677
-27525
-19583
-1831
16839
27072
23743
8520
-10972
-24967
-26454
-14688
4436
21338
27550
19960
2371
-16407
-26965
-24014
-9033
10474
24733
26602
15144
-3901
-20991
-27565
-20330
-2909
15969
26847
24275
9542
-9971
-24489
-26739
-15593
3365
20636
27570
20692
3447
-15524
-26718
-24527
-10048
9464
24236
26865
16036
-2827
-20274
-27564
-21045
-3984
15074
26580
24770
10551
-8954
-23973
-26982
-16474
2288
19903
27547
21391
4518
-14618
-26431
-25003
-11049
8440
23701
27088
16904
-1748
-19524
-27520
-21728
-5052
14156
26272
25226
11542
-7923
-23420
-27183
-17329
1207
19138
27482
22057
5583
-13689
-26102
-25439
-12032
7403
23130
27269
17746
-666
-18745
-27433
-22378
-6112
13216
25923
25643
12517
-6881
-22831
-27343
-18157
125
18345
27374
22690
6638
-12739
-25734
-25837
-12996
6355
22523
27407
18561
416
-17937
-27304
-22993
-7162
12256
25535
26021
13471
-5827
-22206
-27461
-18958
-958
17522
27224
23287
7684
-11769
-25326
-26195
-13941
5297
21881
27503
19347
1498
-17091
-27095
-23488
-8056
11499
25415
26761
14905
-4167
-20856
-26758
-18876
-1123
17635
28022
24849
9717
-9781
-23878
-25512
-13864
5231
22206
28557
21103
3578
-15239
-25920
-23116
-8229
11281
25640
27656
16317
-2695
-19856
-26568
-19470
-2116
16798
27798
25373
10738
-8776
-23393
-25789
-14764
4158
21488
28531
21744
4507
-14574
-25975
-24024
-9742
9671
24444
27134
16352
-2535
-20094
-27549
-21179
-4189
14899
26524
24860
10743
-8757
-23869
-27024
-16640
2080
19758
27538
21522
4724
-14441
-26371
-25090
-11239
8242
23594
27126
17068
-1540
-19377
-27506
-21856
-5256
13977
26208
25309
11731
-7724
-23309
-27217
-17490
999
18988
27464
22182
5786
-13508
-26035
-25519
-12219
7203
23016
27298
17905
-458
-18592
-27412
-22499
-6315
13033
25851
25719
12702
-6679
-22713
-27369
-18313
-83
18189
27348
22807
6840
-12554
-25658
-25909
-13180
6152
22402
27429
18715
625
-17778
-27275
-23107
-7363
12069
25455
26089
13653
-5623
-22082
-27478
-19108
-1166
17361
27190
23398
7884
-11580
-25243
-26259
-14120
5092
21754
27517
19495
1706
-16937
-27096
-23680
-8401
11087
25020
26419
14582
-4559
-21417
-27545
-19874
-2246
16507
26990
23952
8915
-10589
-24788
-26569
-15039
4025
21072
27563
20245
2785
-16070
-26875
-24216
-9425
10087
24546
26708
15490
-3488
-20719
-27570
-20609
-3323
15627
26749
24470
9932
-9582
-24295
-26837
-15935
2951
20358
27566
20964
3860
-15178
-26613
-24714
-10435
9072
24034
26956
16373
-2412
-19989
-27552
-21312
-4395
14723
26466
24950
10934
-8559
-23764
-27064
-16806
1872
19612
27527
21651
4929
-14263
-26309
-25175
-11429
8043
23486
27162
17231
-1332
-19228
-27491
-21982
-5460
13797
26142
25391
11919
-7514
-23159
-27166
-17504
1013
19145
27848
22805
6587
-12634
-25188
-24743
-11489
7963
23891
28327
19063
750
-17438
-26389
-21618
-5517
13849
26778
26793
13886
-5477
-21595
-26393
-17469
709
19032
28321
23924
8042
-11368
-24581
-24979
-12362
6949
23280
28449
19867
1833
-16619
-26243
-22220
-6564
12872
26337
27071
14687
-4642
-21266
-26897
-18758
-971
17508
27377
23654
8167
-11353
-25149
-26322
-14299
4888
21625
27529
19642
1914
-16773
-27056
-23786
-8599
10896
24932
26478
14759
-4354
-21285
-27553
-20018
-2454
16340
26947
24055
9111
-10397
-24696
-26623
-15213
3819
20937
27567
20386
2992
-15901
-26828
-24315
-9621
9893
24451
26759
15662
-3282
-20581
-27570
-20747
-3530
15455
26698
24565
10126
-9386
-24196
-26884
-16104
2744
20217
27562
21099
4066
-15004
-26557
-24806
-10627
8875
23932
26999
16540
-2205
-19845
-27544
-21443
-4601
14547
26407
25038
11125
-8361
-23658
-27103
-16970
1665
19465
27515
21779
5133
-14084
-26246
-25259
-11618
7844
23376
27197
17393
-1124
-19078
-27475
-22107
-5664
13616
26075
25471
12107
-7323
-23084
-27281
-17810
583
18684
27425
22426
6193
-13143
-25895
-25674
-12591
6800
22784
27354
18220
-42
-18282
-27364
-22737
-6719
12665
25704
25866
13070
-6274
-22475
-27416
-18623
-500
17874
27293
23039
7243
-12181
-25503
-26048
-13544
5746
22157
27468
19018
1041
-17458
-27211
-23332
-7764
11693
25293
26221
14013
-5215
-21830
-27509
-19406
-1581
17036
27118
23615
8282
-11201
-25072
-26383
-14476
4683
21496
27540
19787
2122
-16607
-27016
-23890
-8796
10704
24842
26535
14934
-4148
-21153
-27560
-20160
-2661
16172
26902
24156
9308
-10203
-24603
-26677
-15386
3612
20801
27569
20526
3209
-15692
-26695
-24266
-9593
10007
24756
27308
16430
-2384
-19664
-26714
-19967
-2774
16273
27645
25659
11319
-8190
-23095
-25929
-15273
3537
21075
28556
22232
5272
-13829
-25501
-23896
-9819
9678
24828
28040
17706
-997
-18700
-26534
-20574
-3806
15370
27346
26124
12315
-7162
-22551
-26141
-16134
2447
20279
28416
22760
6116
-13214
-25584
-24842
-11404
7952
23487
27377
17639
-878
-18918
-27457
-22231
-5868
13435
26007
25550
12293
-7122
-22970
-27310
-17969
375
18530
27403
22547
6396
-12960
-25822
-25749
-12776
6598
22666
27379
18376
167
-18126
-27338
-22854
-6921
12479
25628
25937
13253
-6071
-22353
-27437
-18776
-708
17715
27262
23152
7444
-11994
-25423
-26116
-13725
5542
22032
27485
19168
1249
-17296
-27176
-23442
-7963
11505
25209
26284
14192
-5011
-21703
-27522
-19554
-1789
16872
27080
23722
8480
-11010
-24985
-26443
-14653
4477
21365
27549
19932
2329
-16440
-26973
-23993
-8993
10512
24751
26591
15109
-3942
-21018
-27565
-20302
-2868
16002
26856
24255
9503
-10010
-24508
-26729
-15559
3406
20664
27570
20664
3406
-15559
-26729
-24508
-10010
9503
24255
26856
16002
-2868
-20302
-27565
-21018
-3942
15109
26591
24751
10512
-8993
-23993
-26973
-16440
2329
19932
27549
21365
4477
-14653
-26443
-24985
-11010
8480
23722
27080
16872
-1789
-19554
-27522
-21703
-5011
14192
26284
25209
11505
-7963
-23442
-27176
-17296
1249
19168
27485
22032
5542
-13725
-26116
-25423
-11994
7444
23152
27262
17715
-708
-18776
-27437
-22353
-6071
13253
25937
25628
12479
-6921
-22854
-27338
-18126
167
18376
27379
22666
6598
-12776
-25749
-25822
-12960
6396
22547
27403
18530
375
-17969
-27310
-22970
-7122
12293
25550
26007
13425
-5906
-22315
-27603
-19150
-1225
17152
26731
22667
6952
-12584
-26196
-27097
-14867
4347
20907
26501
18317
457
-18134
-28141
-24551
-9162
10315
24124
25346
13370
-5806
-22574
-28534
-20700
-2997
15706
26040
22828
7678
-11819
-25896
-27501
-15829
3272
20232
26556
19075
1537
-17273
-27929
-25095
-10180
9357
23743
25791
14505
-4428
-21481
-28068
-20844
-3384
15610
26662
24269
9660
-9825
-24412
-26779
-15730
3199
20526
27569
20801
3612
-15386
-26677
-24603
-10203
9308
24156
26902
16172
-2661
-20160
-27560
-21153
-4148
14934
26535
24842
10704
-8796
-23890
-27016
-16607
2122
19787
27540
21496
4683
-14476
-26383
-25072
-11201
8282
23615
27118
17036
-1581
-19406
-27509
-21830
-5215
14013
26221
25293
11693
-7764
-23332
-27211
-17458
1041
19018
27468
22157
5746
-13544
-26048
-25503
-12181
7243
23039
27293
17874
-500
-18623
-27416
-22475
-6274
13070
25866
25704
12665
-6719
-22737
-27364
-18282
-42
18220
27354
22784
6800
-12591
-25674
-25895
-13143
6193
22426
27425
18684
583
-17810
-27281
-23084
-7323
12107
25471
26075
13616
-5664
-22107
-27475
-19078
-1124
17393
27197
23376
7844
-11618
-25259
-26246
-14084
5133
21779
27515
19465
1665
-16970
-27103
-23658
-8361
11125
25038
26407
14547
-4601
-21443
-27544
-19845
-2205
16540
26999
23932
8875
-10627
-24806
-26557
-15004
4066
21099
27562
20217
2744
-16104
-26884
-24196
-9386
10126
24565
26698
15455
-3530
-20747
-27570
-20581
-3282
15662
26759
24451
9893
-9621
-24315
-26828
-15901
2992
20386
27567
20937
3819
-15213
-26623
-24696
-10397
9111
24055
26947
16340
-2454
-20018
-27553
-21285
-4354
14759
26478
24932
10896
-8599
-23786
-27056
-16773
1914
19642
27529
21616
4850
-14383
-26468
-25380
-11700
7680
23007
26558
16508
-2151
-20112
-28410
-22919
-6410
12833
25156
24375
10882
-8564
-24220
-28243
-18619
-167
17867
26449
21280
4949
-14362
-26979
-26581
-13368
6042
21924
26321
17032
-1291
-19469
-28393
-23595
-7477
11886
24793
24778
11849
-7517
-23618
-28389
-19428
-1212
17147
26473
22123
6310
-13003
-26097
-26368
-13634
5768
22158
27361
18798
781
-17651
-27250
-23197
-7524
11919
25391
26142
13797
-5460
-21982
-27491
-19228
-1332
17231
27162
23486
8043
-11429
-25175
-26309
-14263
4929
21651
27527
19612
1872
-16806
-27064
-23764
-8559
10934
24950
26466
14723
-4395
-21312
-27552
-19989
-2412
16373
26956
24034
9072
-10435
-24714
-26613
-15178
3860
20964
27566
20358
2951
-15935
-26837
-24295
-9582
9932
24470
26749
15627
-3323
-20609
-27570
-20719
-3488
15490
26708
24546
10087
-9425
-24216
-26875
-16070
2785
20245
27563
21072
4025
-15039
-26569
-24788
-10589
8915
23952
26990
16507
-2246
-19874
-27545
-21417
-4559
14582
26419
25020
11087
-8401
-23680
-27096
-16937
1706
19495
27517
21754
5092
-14120
-26259
-25243
-11580
7884
23398
27190
17361
-1166
-19108
-27478
-22082
-5623
13653
26089
25455
12069
-7363
-23107
-27275
-17778
625
18715
27429
22402
6152
-13180
-25909
-25658
-12554
6840
22807
27348
18189
-83
-18313
-27369
-22713
-6679
12702
25719
25851
13033
-6315
-22499
-27412
-18592
-458
17905
27298
23016
7203
-12219
-25519
-26035
-13508
5786
22182
27464
18988
999
-17490
-27217
-23309
-7724
11731
25309
26208
13977
-5256
-21856
-27506
-19377
-1540
17068
27126
23594
8242
-11239
-25090
-26371
-14441
4724
21522
27538
19758
2080
-16640
-27024
-23869
-8757
10743
24860
26514
14861
-4274
-21326
-27781
-20440
-3022
15705
26314
23444
8491
-11096
-25537
-27628
-16342
2654
19829
26569
19498
2158
-16764
-27789
-25393
-10776
8738
23373
25798
14798
-4116
-21470
-28568
-21856
-4695
14317
25656
23640
9281
-10229
-25116
-27920
-17239
1578
19103
26557
20206
3231
-15864
-27512
-25869
-11743
7802
22995
26254
15982
-2636
-20229
-27938
-21856
-4987
14259
26274
25069
11267
-8202
-23572
-27133
-17101
1498
19347
27503
21881
5297
-13941
-26195
-25326
-11769
7684
23287
27224
17522
-958
-18958
-27461
-22206
-5827
13471
26021
25535
12256
-7162
-22993
-27304
-17937
416
18561
27407
22523
6355
-12996
-25837
-25734
-12739
6638
22690
27374
18345
125
-18157
-27343
-22831
-6881
12517
25643
25923
13216
-6112
-22378
-27433
-18745
-666
17746
27269
23130
7403
-12032
-25439
-26102
-13689
5583
22057
27482
19138
1207
-17329
-27183
-23420
-7923
11542
25226
26272
14156
-5052
-21728
-27520
-19524
-1748
16904
27088
23701
8440
-11049
-25003
-26431
-14618
4518
21391
27547
19903
2288
-16474
-26982
-23973
-8954
10551
24770
26580
15074
-3984
-21045
-27564
-20274
-2827
16036
26865
24236
9464
-10048
-24527
-26718
-15524
3447
20692
27570
20636
3365
-15593
-26739
-24489
-9971
9542
24275
26847
15969
-2909
-20330
-27565
-20991
-3901
15144
26602
24733
10474
-9033
-24014
-26965
-16407
2371
19960
27550
21338
4436
-14688
-26454
-24967
-10972
8520
23743
27072
16839
-1831
-19583
-27525
-21677
-4970
14227
26297
25192
11467
-8003
-23464
-27169
-17264
1290
19198
27488
22007
5501
-13761
-26129
-25407
-11957
7484
23175
27256
17683
-749
-18806
-27441
-22329
-6030
13289
25951
25612
12442
-6961
-22877
-27332
-18095
208
18407
27374
22604
6473
-12959
-25986
-26116
-13325
5936
21973
26707
17722
-520
-18916
-28278
-23937
-8082
11331
24566
24993
12399
-6909
-23256
-28453
-19897
-1874
16587
26237
22242
6604
-12844
-26358
-27169
-14869
4379
20932
26498
18288
415
-18166
-28148
-24529
-9123
10353
24141
25334
13334
-5847
-22600
-28522
-20633
-2871
15886
26271
23115
8041
-11358
-25317
-26798
-15016
4166
21175
27517
20037
2495
-16306
-26938
-24075
-9151
10358
24677
26634
15248
-3777
-20910
-27567
-20414
-3034
15867
26818
24334
9660
-9854
-24431
-26769
-15696
3241
20553
27569
20774
3571
-15421
-26687
-24584
-10165
9347
24176
26893
16138
-2702
-20189
-27561
-21126
-4107
14969
26546
24824
10666
-8836
-23911
-27007
-16574
2163
19816
27542
21470
4642
-14512
-26395
-25055
-11163
8321
23637
27111
17003
-1623
-19436
-27512
-21805
-5174
14049
26233
25276
11656
-7804
-23354
-27204
-17426
1082
19048
27471
22132
5705
-13580
-26062
-25487
-12144
7283
23061
27287
17842
-541
-18653
-27420
-22451
-6233
13106
25880
25689
12628
-6760
-22760
-27359
-18251
0
18251
27359
22760
6760
-12628
-25689
-25880
-13106
6233
22451
27420
18653
541
-17842
-27287
-23061
-7283
12144
25487
26062
13580
-5705
-22132
-27471
-19048
-1082
17426
27204
23354
7804
-11656
-25276
-26233
-14049
5174
21805
27512
19436
1623
-17003
-27111
-23637
-8321
11163
25055
26395
14512
-4642
-21470
-27542
-19816
-2163
16574
27007
23911
8836
-10666
-24824
-26546
-14969
4107
21126
27561
20189
2702
-16138
-26893
-24176
-9347
10165
24584
26687
15421
-3571
-20774
-27569
-20553
-3241
15696
26769
24431
9854
-9660
-24334
-26818
-15867
3034
20414
27567
20910
3777
-15248
-26634
-24677
-10358
9151
24065
26900
16222
-2642
-20268
-27863
-21661
-4813
14196
25798
24136
10004
-9554
-24769
-28039
-17739
955
18671
26531
20600
3847
-15334
-27334
-26141
-12353
7123
22529
26148
16166
-2415
-20288
-28498
-22932
-6379
12869
25169
24358
10844
-8604
-24242
-28237
-18587
-126
17897
26453
21256
4909
-14399
-26984
-26528
-13246
6228
22169
26624
17403
-833
-18902
-27707
-22793
-6583
12839
25770
25754
12812
-6557
-22642
-27384
-18407
-208
18095
27332
22877
6961
-12442
-25612
-25951
-13289
6030
22329
27441
18806
749
-17683
-27256
-23175
-7484
11957
25407
26129
13761
-5501
-22007
-27488
-19198
-1290
17264
27169
23464
8003
-11467
-25192
-26297
-14227
4970
21677
27525
19583
1831
-16839
-27072
-23743
-8520
10972
24967
26454
14688
-4436
-21338
-27550
-19960
-2371
16407
26965
24014
9033
-10474
-24733
-26602
-15144
3901
20991
27565
20330
2909
-15969
-26847
-24275
-9542
9971
24489
26739
15593
-3365
-20636
-27570
-20692
-3447
15524
26718
24527
10048
-9464
-24236
-26865
-16036
2827
20274
27564
21045
3984
-15074
-26580
-24770
-10551
8954
23973
26982
16474
-2288
-19903
-27547
-21391
-4518
14618
26431
25003
11049
-8440
-23701
-27088
-16904
1748
19524
27520
21728
5052
-14156
-26272
-25226
-11542
7923
23420
27183
17329
-1207
-19138
-27482
-22057
-5583
13689
26102
25439
12032
-7403
-23130
-27269
-17746
666
18745
27433
22378
6112
-13216
-25923
-25643
-12517
6881
22831
27343
18157
-125
-18345
-27374
-22690
-6638
12739
25734
25837
12996
-6355
-22523
-27407
-18561
-416
17937
27304
22993
7162
-12256
-25535
-26021
-13471
5827
22206
27461
18958
958
-17522
-27224
-23287
-7684
11769
25326
26195
13941
-5297
-21881
-27503
-19347
-1498
17111
27171
23657
8349
-11055
-24798
-25956
-13905
5362
22239
28314
20583
2954
-15711
-26042
-22849
-7717
11781
25878
27512
15864
-3231
-20206
-26557
-19103
-1578
17239
27920
25116
10229
-9281
-23640
-25656
-14317
4695
21856
28568
21470
4116
-14798
-25798
-23373
-8738
10776
25393
27789
16764
-2158
-19507
-26607
-19913
-2800
16129
27357
25219
10742
-8866
-23827
-26689
-16059
2704
20170
27568
21179
4189
-14899
-26524
-24860
-10743
8757
23869
27024
16640
-2080
-19758
-27538
-21522
-4724
14441
26371
25090
11239
-8242
-23594
-27126
-17068
1540
19377
27506
21856
5256
-13977
-26208
-25309
-11731
7724
23309
27217
17490
-999
-18988
-27464
-22182
-5786
13508
26035
25519
12219
-7203
-23016
-27298
-17905
458
18592
27412
22499
6315
-13033
-25851
-25719
-12702
6679
22713
27369
18313
83
-18189
-27348
-22807
-6840
12554
25658
25909
13180
-6152
-22402
-27429
-18715
-625
17778
27275
23107
7363
-12069
-25455
-26089
-13653
5623
22082
27478
19108
1166
-17361
-27190
-23398
-7884
11580
25243
26259
14120
-5092
-21754
-27517
-19495
-1706
16937
27096
23680
8401
-11087
-25020
-26419
-14582
4559
21417
27545
19874
2246
-16507
-26990
-23952
-8915
10589
24788
26569
15039
-4025
-21072
-27563
-20245
-2785
16070
26875
24216
9425
-10087
-24546
-26708
-15490
3488
20719
27570
20609
3323
-15627
-26749
-24470
-9932
9582
24295
26837
15935
-2951
-20358
-27566
-20964
-3860
15178
26613
24714
10435
-9072
-24034
-26956
-16373
2412
19989
27552
21312
4395
-14723
-26466
-24950
-10934
8559
23764
27064
16806
-1872
-19612
-27527
-21651
-4929
14263
26309
25175
11429
-8043
-23486
-27162
-17231
1332
19228
27491
21982
5460
-13797
-26142
-25391
-11919
7514
23159
27166
17504
-1013
-19145
-27848
-22805
-6587
12634
25188
24743
11489
-7963
-23891
-28327
-19063
-750
17438
26389
21618
5517
-13849
-26778
-26793
-13886
5477
21595
26393
17469
-709
-19032
-28321
-23924
-8042
11368
24581
24979
12362
-6949
-23280
-28449
-19867
-1833
16619
26243
22220
6564
-12872
-26337
-27071
-14687
4642
21266
26897
18758
971
-17508
-27377
-23654
-8167
11353
25149
26322
14299
-4888
-21625
-27529
-19642
-1914
16773
27056
23786
8599
-10896
-24932
-26478
-14759
4354
21285
27553
20018
2454
-16340
-26947
-24055
-9111
10397
24696
26623
15213
-3819
-20937
-27567
-20386
-2992
15901
26828
24315
9621
-9893
-24451
-26759
-15662
3282
20581
27570
20747
3530
-15455
-26698
-24565
-10126
9386
24196
26884
16104
-2744
-20217
-27562
-21099
-4066
15004
26557
24806
10627
-8875
-23932
-26999
-16540
2205
19845
27544
21443
4601
-14547
-26407
-25038
-11125
8361
23658
27103
16970
-1665
-19465
-27515
-21779
-5133
14084
26246
25259
11618
-7844
-23376
-27197
-17393
1124
19078
27475
22107
5664
-13616
-26075
-25471
-12107
7323
23084
27281
17810
-583
-18684
-27425
-22426
-6193
13143
25895
25674
12591
-6800
-22784
-27354
-18220
42
18282
27364
22737
6719
-12665
-25704
-25866
-13070
6274
22475
27416
18623
500
-17874
-27293
-23039
-7243
12181
25503
26048
13544
-5746
-22157
-27468
-19018
-1041
17458
27211
23332
7764
-11693
-25293
-26221
-14013
5215
21830
27509
19406
1581
-17036
-27118
-23615
-8282
11201
25072
26383
14476
-4683
-21496
-27540
-19787
-2122
16607
27016
23890
8796
-10704
-24842
-26535
-14934
4148
21153
27560
20160
2661
-16172
-26902
-24156
-9308
10203
24603
26677
15386
-3612
-20801
-27569
-20526
-3190
15768
26863
24558
10038
-9390
-23951
-26308
-15235
3766
21220
28422
21799
4698
-14292
-25645
-23659
-9319
10190
25095
27929
17273
-1537
-19075
-26556
-20232
-3272
15829
27501
25896
11819
-7678
-22828
-26040
-15706
2997
20700
28534
22574
5806
-13370
-25346
-24124
-10315
9162
24551
28141
18134
-466
-18356
-26585
-21053
-4560
14596
26779
25842
12209
-7335
-23043
-27084
-17470
954
18937
27457
22231
5868
-13435
-26007
-25550
-12293
7122
22970
27310
17969
-375
-18530
-27403
-22547
-6396
12960
25822
25749
12776
-6598
-22666
-27379
-18376
-167
18126
27338
22854
6921
-12479
-25628
-25937
-13253
6071
22353
27437
18776
708
-17715
-27262
-23152
-7444
11994
25423
26116
13725
-5542
-22032
-27485
-19168
-1249
17296
27176
23442
7963
-11505
-25209
-26284
-14192
5011
21703
27522
19554
1789
-16872
-27080
-23722
-8480
11010
24985
26443
14653
-4477
-21365
-27549
-19932
-2329
16440
26973
23993
8993
-10512
-24751
-26591
-15109
3942
21018
27565
20302
2868
-16002
-26856
-24255
-9503
10010
24508
26729
15559
-3406
-20664
-27570
-20664
-3406
15559
26729
24508
10010
-9503
-24255
-26856
-16002
2868
20302
27565
21018
3942
-15109
-26591
-24751
-10512
8993
23993
26973
16440
-2329
-19932
-27549
-21365
-4477
14653
26443
24985
11010
-8480
-23722
-27080
-16872
1789
19554
27522
21703
5011
-14192
-26284
-25209
-11505
7963
23442
27176
17296
-1249
-19168
-27485
-22032
-5542
13725
26116
25423
11994
-7444
-23152
-27262
-17715
708
18776
27437
22353
6071
-13253
-25937
-25628
-12479
6921
22854
27338
18126
-167
-18376
-27379
-22666
-6598
12776
25749
25822
12960
-6396
-22547
-27403
-18530
-375
17969
27310
22970
7122
-12293
-25550
-26007
-13445
5830
22147
27310
18705
607
-17957
-27731
-23862
-8335
11029
24488
25266
12943
-6328
-22907
-28501
-20317
-2457
16134
26141
22551
7162
-12315
-26124
-27346
-15370
3806
20574
26534
18700
997
-17706
-28040
-24828
-9678
9819
23896
25501
13829
-5272
-22232
-28556
-21075
-3537
15273
25929
23095
8200
-11281
-25575
-27498
-16060
3045
20285
27068
20040
2766
-16055
-26955
-24438
-9737
9806
24412
26779
15730
-3199
-20526
-27569
-20801
-3612
15386
26677
24603
10203
-9308
-24156
-26902
-16172
2661
20160
27560
21153
4148
-14934
-26535
-24842
-10704
8796
23890
27016
16607
-2122
-19787
-27540
-21496
-4683
14476
26383
25072
11201
-8282
-23615
-27118
-17036
1581
19406
27509
21830
5215
-14013
-26221
-25293
-11693
7764
23332
27211
17458
-1041
-19018
-27468
-22157
-5746
13544
26048
25503
12181
-7243
-23039
-27293
-17874
500
18623
27416
22475
6274
-13070
-25866
-25704
-12665
6719
22737
27364
18282
42
-18220
-27354
-22784
-6800
12591
25674
25895
13143
-6193
-22426
-27425
-18684
-583
17810
27281
23084
7323
-12107
-25471
-26075
-13616
5664
22107
27475
19078
1124
-17393
-27197
-23376
-7844
11618
25259
26246
14084
-5133
-21779
-27515
-19465
-1665
16970
27103
23658
8361
-11125
-25038
-26407
-14547
4601
21443
27544
19845
2205
-16540
-26999
-23932
-8875
10627
24806
26557
15004
-4066
-21099
-27562
-20217
-2744
16104
26884
24196
9386
-10126
-24565
-26698
-15455
3530
20747
27570
20581
3282
-15662
-26759
-24451
-9893
9621
24315
26828
15901
-2992
-20386
-27567
-20937
-3819
15213
26623
24696
10397
-9111
-24055
-26947
-16340
2454
20018
27553
21285
4354
-14759
-26478
-24932
-10896
8599
23786
27056
16773
-1914
-19642
-27529
-21635
-4926
14214
26175
24936
11082
-8485
-24007
-27753
-17890
596
18404
26579
20995
4429
-14833
-27156
-26375
-12882
6564
22220
26243
16619
-1833
-19867
-28449
-23280
-6949
12362
24979
24581
11368
-8042
-23924
-28321
-19032
-709
17469
26393
21595
5477
-13886
-26793
-26778
-13849
5517
21618
26389
17447
-712
-18979
-28180
-23678
-7693
11808
25097
25563
13017
-6212
-22451
-27530
-18875
-801
17651
27250
23197
7524
-11919
-25391
-26142
-13797
5460
21982
27491
19228
1332
-17231
-27162
-23486
-8043
11429
25175
26309
14263
-4929
-21651
-27527
-19612
-1872
16806
27064
23764
8559
-10934
-24950
-26466
-14723
4395
21312
27552
19989
2412
-16373
-26956
-24034
-9072
10435
24714
26613
15178
-3860
-20964
-27566
-20358
-2951
15935
26837
24295
9582
-9932
-24470
-26749
-15627
3323
20609
27570
20719
3488
-15490
-26708
-24546
-10087
9425
24216
26875
16070
-2785
-20245
-27563
-21072
-4025
15039
26569
24788
10589
-8915
-23952
-26990
-16507
2246
19874
27545
21417
4559
-14582
-26419
-25020
-11087
8401
23680
27096
16937
-1706
-19495
-27517
-21754
-5092
14120
26259
25243
11580
-7884
-23398
-27190
-17361
1166
19108
27478
22082
5623
-13653
-26089
-25455
-12069
7363
23107
27275
17778
-625
-18715
-27429
-22402
-6152
13180
25909
25658
12554
-6840
-22807
-27348
-18189
83
18313
27369
22713
6679
-12702
-25719
-25851
-13033
6315
22499
27412
18592
458
-17905
-27298
-23016
-7203
12219
25519
26035
13508
-5786
-22182
-27464
-18988
-999
17490
27217
23309
7724
-11731
-25309
-26208
-13977
5256
21856
27506
19377
1540
-17068
-27126
-23594
-8242
11239
25090
26371
14441
-4724
-21522
-27538
-19758
-2080
16640
27024
23869
8757
-10743
-24860
-26514
-14861
4274
21326
27781
20440
3022
-15705
-26314
-23444
-8491
11096
25537
27628
16342
-2654
-19829
-26569
-19498
-2158
16764
27789
25393
10776
-8738
-23373
-25798
-14798
4116
21470
28568
21856
4695
-14317
-25656
-23640
-9281
10229
25116
27920
17239
-1578
-19103
-26557
-20206
-3231
15864
27512
25869
11743
-7802
-22995
-26254
-15982
2636
20229
27938
21856
4987
-14259
-26274
-25069
-11267
8202
23572
27133
17101
-1498
-19347
-27503
-21881
-5297
13941
26195
25326
11769
-7684
-23287
-27224
-17522
958
18958
27461
22206
5827
-13471
-26021
-25535
-12256
7162
22993
27304
17937
-416
-18561
-27407
-22523
-6355
12996
25837
25734
12739
-6638
-22690
-27374
-18345
-125
18157
27343
22831
6881
-12517
-25643
-25923
-13216
6112
22378
27433
18745
666
-17746
-27269
-23130
-7403
12032
25439
26102
13689
-5583
-22057
-27482
-19138
-1207
17329
27183
23420
7923
-11542
-25226
-26272
-14156
5052
21728
27520
19524
1748
-16904
-27088
-23701
-8440
11049
25003
26431
14618
-4518
-21391
-27547
-19903
-2288
16474
26982
23973
8954
-10551
-24770
-26580
-15074
3984
21045
27564
20274
2827
-16036
-26865
-24236
-9464
10048
24527
26718
15524
-3447
-20692
-27570
-20636
-3365
15593
26739
24489
9971
-9542
-24275
-26847
-15969
2909
20330
27565
20991
3901
-15144
-26602
-24733
-10474
9033
24014
26965
16407
-2371
-19960
-27550
-21338
-4436
14688
26454
24967
10972
-8520
-23743
-27072
-16839
1831
19583
27525
21677
4970
-14227
-26297
-25192
-11467
8003
23464
27169
17264
-1290
-19198
-27488
-22007
-5501
13761
26129
25407
11957
-7484
-23175
-27256
-17683
749
18806
27441
22329
6030
-13289
-25951
-25612
-12442
6961
22877
27332
18095
-208
-18407
-27393
-22680
-6642
12666
25541
25499
12520
-6936
-23168
-28089
-19277
-1187
17084
26354
21956
6082
-13331
-26566
-26993
-14399
4909
21256
26453
17897
-126
-18587
-28237
-24242
-8604
10844
24358
25169
12869
-6379
-22932
-28498
-20288
-2415
16166
26148
22529
7123
-12353
-26141
-27334
-15334
3847
20600
26541
18709
1040
-17593
-27826
-24498
-9236
10358
24512
26181
14572
-4459
-21343
-27593
-20056
-2495
16306
26938
24075
9151
-10358
-24677
-26634
-15248
3777
20910
27567
20414
3034
-15867
-26818
-24334
-9660
9854
24431
26769
15696
-3241
-20553
-27569
-20774
-3571
15421
26687
24584
10165
-9347
-24176
-26893
-16138
2702
20189
27561
21126
4107
-14969
-26546
-24824
-10666
8836
23911
27007
16574
-2163
-19816
-27542
-21470
-4642
14512
26395
25055
11163
-8321
-23637
-27111
-17003
1623
19436
27512
21805
5174
-14049
-26233
-25276
-11656
7804
23354
27204
17426
-1082
-19048
-27471
-22132
-5705
13580
26062
25487
12144
-7283
-23061
-27287
-17842
541
18653
27420
22451
6233
-13106
-25880
-25689
-12628
6760
22760
27359
18251
0
-18251
-27359
-22760
-6760
12628
25689
25880
13106
-6233
-22451
-27420
-18653
-541
17842
27287
23061
7283
-12144
-25487
-26062
-13580
5705
22132
27471
19048
1082
-17426
-27204
-23354
-7804
11656
25276
26233
14049
-5174
-21805
-27512
-19436
-1623
17003
27111
23637
8321
-11163
-25055
-26395
-14512
4642
21470
27542
19816
2163
-16574
-27007
-23911
-8836
10666
24824
26546
14969
-4107
-21126
-27561
-20189
-2702
16138
26893
24176
9347
-10165
-24584
-26687
-15421
3571
20774
27569
20553
3241
-15696
-26769
-24431
-9854
9660
24334
26818
15867
-3034
-20414
-27567
-20910
-3777
15248
26634
24677
10358
-9151
-24065
-26900
-16222
2642
20268
27863
21661
4813
-14196
-25798
-24136
-10004
9554
24769
28039
17739
-955
-18671
-26531
-20600
-3847
15334
27334
26141
12353
-7123
-22529
-26148
-16166
2415
20288
28498
22932
6379
-12869
-25169
-24358
-10844
8604
24242
28237
18587
126
-17897
-26453
-21256
-4909
14399
26984
26528
13246
-6228
-22169
-26624
-17403
833
18902
27707
22793
6583
-12839
-25770
-25754
-12812
6557
22642
27384
18407
208
-18095
-27332
-22877
-6961
12442
25612
25951
13289
-6030
-22329
-27441
-18806
-749
17683
27256
23175
7484
-11957
-25407
-26129
-13761
5501
22007
27488
19198
1290
-17264
-27169
-23464
-8003
11467
25192
26297
14227
-4970
-21677
-27525
-19583
-1831
16839
27072
23743
8520
-10972
-24967
-26454
-14688
4436
21338
27550
19960
2371
-16407
-26965
-24014
-9033
10474
24733
26602
15144
-3901
-20991
-27565
-20330
-2909
15969
26847
24275
9542
-9971
-24489
-26739
-15593
3365
20636
27570
20692
3447
-15524
-26718
-24527
-10048
9464
24236
26865
16036
-2827
-20274
-27564
-21045
-3984
15074
26580
24770
10551
-8954
-23973
-26982
-16474
2288
19903
27547
21391
4518
-14618
-26431
-25003
-11049
8440
23701
27088
16904
-1748
-19524
-27520
-21728
-5052
14156
26272
25226
11542
-7923
-23420
-27183
-17329
1207
19138
27482
22057
5583
-13689
-26102
-25439
-12032
7403
23130
27269
17746
-666
-18745
-27433
-22378
-6112
13216
25923
25643
12517
-6881
-22831
-27343
-18157
125
18345
27374
22690
6638
-12739
-25734
-25837
-12996
6355
22523
27407
18561
416
-17937
-27304
-22993
-7162
12256
25535
26021
13471
-5827
-22206
-27461
-18958
-958
17522
27224
23287
7684
-11769
-25326
-26195
-13941
5297
21881
27503
19347
1498
-17091
-27095
-23488
-8056
11499
25415
26761
14905
-4167
-20856
-26758
-18876
-1123
17635
28022
24849
9717
-9781
-23878
-25512
-13864
5231
22206
28557
21103
3578
-15239
-25920
-23116
-8229
11281
25640
27656
16317
-2695
-19856
-26568
-19470
-2116
16798
27798
25373
10738
-8776
-23393
-25789
-14764
4158
21488
28531
21744
4507
-14574
-25975
-24024
-9742
9671
24444
27134
16352
-2535
-20094
-27549
-21179
-4189
14899
26524
24860
10743
-8757
-23869
-27024
-16640
2080
19758
27538
21522
4724
-14441
-26371
-25090
-11239
8242
23594
27126
17068
-1540
-19377
-27506
-21856
-5256
13977
26208
25309
11731
-7724
-23309
-27217
-17490
999
18988
27464
22182
5786
-13508
-26035
-25519
-12219
7203
23016
27298
17905
-458
-18592
-27412
-22499
-6315
13033
25851
25719
12702
-6679
-22713
-27369
-18313
-83
18189
27348
22807
6840
-12554
-25658
-25909
-13180
6152
22402
27429
18715
625
-17778
-27275
-23107
-7363
12069
25455
26089
13653
-5623
-22082
-27478
-19108
-1166
17361
27190
23398
7884
-11580
-25243
-26259
-14120
5092
21754
27517
19495
1706
-16937
-27096
-23680
-8401
11087
25020
26419
14582
-4559
-21417
-27545
-19874
-2246
16507
26990
23952
8915
-10589
-24788
-26569
-15039
4025
21072
27563
20245
2785
-16070
-26875
-24216
-9425
10087
24546
26708
15490
-3488
-20719
-27570
-20609
-3323
15627
26749
24470
9932
-9582
-24295
-26837
-15935
2951
20358
27566
20964
3860
-15178
-26613
-24714
-10435
9072
24034
26956
16373
-2412
-19989
-27552
-21312
-4395
14723
26466
24950
10934
-8559
-23764
-27064
-16806
1872
19612
27527
21651
4929
-14263
-26309
-25175
-11429
8043
23486
27162
17231
-1332
-19228
-27491
-21982
-5460
13797
26142
25391
11919
-7533
-23236
-27334
-17797
569
18528
27043
21805
5392
-14017
-26743
-26451
-13321
6040
21910
26327
17063
-1250
-19438
-28389
-23618
-7517
11849
24778
24793
11886
-7477
-23595
-28393
-19469
-1291
17032
26321
21924
6042
-13368
-26581
-26979
-14362
4949
21280
26449
17867
-167
-18619
-28243
-24220
-8564
10891
24413
25240
12979
-6197
-22648
-28092
-19758
-1776
16890
26933
23361
7999
-11429
-25168
-26322
-14299
4888
21625
27529
19642
1914
-16773
-27056
-23786
-8599
10896
24932
26478
14759
-4354
-21285
-27553
-20018
-2454
16340
26947
24055
9111
-10397
-24696
-26623
-15213
3819
20937
27567
20386
2992
-15901
-26828
-24315
-9621
9893
24451
26759
15662
-3282
-20581
-27570
-20747
-3530
15455
26698
24565
10126
-9386
-24196
-26884
-16104
2744
20217
27562
21099
4066
-15004
-26557
-24806
-10627
8875
23932
26999
16540
-2205
-19845
-27544
-21443
-4601
14547
26407
25038
11125
-8361
-23658
-27103
-16970
1665
19465
27515
21779
5133
-14084
-26246
-25259
-11618
7844
23376
27197
17393
-1124
-19078
-27475
-22107
-5664
13616
26075
25471
12107
-7323
-23084
-27281
-17810
583
18684
27425
22426
6193
-13143
-25895
-25674
-12591
6800
22784
27354
18220
-42
-18282
-27364
-22737
-6719
12665
25704
25866
13070
-6274
-22475
-27416
-18623
-500
17874
27293
23039
7243
-12181
-25503
-26048
-13544
5746
22157
27468
19018
1041
-17458
-27211
-23332
-7764
11693
25293
26221
14013
-5215
-21830
-27509
-19406
-1581
17036
27118
23615
8282
-11201
-25072
-26383
-14476
4683
21496
27540
19787
2122
-16607
-27016
-23890
-8796
10704
24842
26535
14934
-4148
-21153
-27560
-20160
-2661
16172
26902
24156
9308
-10203
-24603
-26677
-15386
3612
20801
27569
20526
3190
-15768
-26863
-24558
-10038
9390
23951
26308
15235
-3766
-21220
-28422
-21799
-4698
14292
25645
23659
9319
-10190
-25095
-27929
-17273
1537
19075
26556
20232
3272
-15829
-27501
-25896
-11819
7678
22828
26040
15706
-2997
-20700
-28534
-22574
-5806
13370
25346
24124
10315
-9162
-24551
-28141
-18134
466
18356
26585
21053
4560
-14596
-26779
-25842
-12209
7335
23043
27084
17470
-954
-18937
-27457
-22231
-5868
13435
26007
25550
12293
-7122
-22970
-27310
-17969
375
18530
27403
22547
6396
-12960
-25822
-25749
-12776
6598
22666
27379
18376
167
-18126
-27338
-22854
-6921
12479
25628
25937
13253
-6071
-22353
-27437
-18776
-708
17715
27262
23152
7444
-11994
-25423
-26116
-13725
5542
22032
27485
19168
1249
-17296
-27176
-23442
-7963
11505
25209
26284
14192
-5011
-21703
-27522
-19554
-1789
16872
27080
23722
8480
-11010
-24985
-26443
-14653
4477
21365
27549
19932
2329
-16440
-26973
-23993
-8993
10512
24751
26591
15109
-3942
-21018
-27565
-20302
-2868
16002
26856
24255
9503
-10010
-24508
-26729
-15559
3406
20664
27570
20664
3406
-15559
-26729
-24508
-10010
9503
24255
26856
16002
-2868
-20302
-27565
-21018
-3942
15109
26591
24751
10512
-8993
-23993
-26973
-16440
2329
19932
27549
21365
4477
-14653
-26443
-24985
-11010
8480
23722
27080
16872
-1789
-19554
-27522
-21703
-5011
14192
26284
25209
11505
-7963
-23442
-27176
-17296
1249
19168
27485
22032
5542
-13725
-26116
-25423
-11994
7444
23152
27262
17715
-708
-18776
-27437
-22353
-6071
13253
25937
25628
12479
-6921
-22854
-27338
-18126
167
18376
27379
22666
6598
-12776
-25749
-25822
-12960
6396
22547
27403
18530
375
-17969
-27310
-22970
-7122
12293
25550
26007
13445
-5830
-22147
-27310
-18705
-607
17957
27731
23862
8335
-11029
-24488
-25266
-12943
6328
22907
28501
20317
2457
-16134
-26141
-22551
-7162
12315
26124
27346
15370
-3806
-20574
-26534
-18700
-997
17706
28040
24828
9678
-9819
-23896
-25501
-13829
5272
22232
28556
21075
3537
-15273
-25929
-23095
-8200
11281
25575
27498
16060
-3045
-20285
-27068
-20040
-2766
16055
26955
24438
9737
-9806
-24412
-26779
-15730
3199
20526
27569
20801
3612
-15386
-26677
-24603
-10203
9308
24156
26902
16172
-2661
-20160
-27560
-21153
-4148
14934
26535
24842
10704
-8796
-23890
-27016
-16607
2122
19787
27540
21496
4683
-14476
-26383
-25072
-11201
8282
23615
27118
17036
-1581
-19406
-27509
-21830
-5215
14013
26221
25293
11693
-7764
-23332
-27211
-17458
1041
19018
27468
22157
5746
-13544
-26048
-25503
-12181
7243
23039
27293
17874
-500
-18623
-27416
-22475
-6274
13070
25866
25704
12665
-6719
-22737
-27364
-18282
-42
18220
27354
22784
6800
-12591
-25674
-25895
-13143
6193
22426
27425
18684
583
-17810
-27281
-23084
-7323
12107
25471
26075
13616
-5664
-22107
-27475
-19078
-1124
17393
27197
23376
7844
-11618
-25259
-26246
-14084
5133
21779
27515
19465
1665
-16970
-27103
-23658
-8361
11125
25038
26407
14547
-4601
-21443
-27544
-19845
-2205
16540
26999
23932
8875
-10627
-24806
-26557
-15004
4066
21099
27562
20217
2744
-16104
-26884
-24196
-9386
10126
24565
26698
15455
-3530
-20747
-27570
-20581
-3282
15662
26759
24451
9893
-9621
-24315
-26828
-15901
2992
20386
27567
20937
3819
-15213
-26623
-24696
-10397
9111
24055
26947
16340
-2454
-20018
-27553
-21285
-4354
14759
26478
24932
10896
-8599
-23786
-27056
-16773
1914
19642
27529
21635
4926
-14214
-26175
-24936
-11082
8485
24007
27753
17890
-596
-18404
-26579
-20995
-4429
14833
27156
26375
12882
-6564
-22220
-26243
-16619
1833
19867
28449
23280
6949
-12362
-24979
-24581
-11368
8042
23924
28321
19032
709
-17469
-26393
-21595
-5477
13886
26793
26778
13849
-5517
-21618
-26389
-17447
712
18979
28180
23678
7693
-11808
-25097
-25563
-13017
6212
22451
27530
18875
801
-17651
-27250
-23197
-7524
11919
25391
26142
13797
-5460
-21982
-27491
-19228
-1332
17231
27162
23486
8043
-11429
-25175
-26309
-14263
4929
21651
27527
19612
1872
-16806
-27064
-23764
-8559
10934
24950
26466
14723
-4395
-21312
-27552
-19989
-2412
16373
26956
24034
9072
-10435
-24714
-26613
-15178
3860
20964
27566
20358
2951
-15935
-26837
-24295
-9582
9932
24470
26749
15627
-3323
-20609
-27570
-20719
-3488
15490
26708
24546
10087
-9425
-24216
-26875
-16070
2785
20245
27563
21072
4025
-15039
-26569
-24788
-10589
8915
23952
26990
16507
-2246
-19874
-27545
-21417
-4559
14582
26419
25020
11087
-8401
-23680
-27096
-16937
1706
19495
27517
21754
5092
-14120
-26259
-25243
-11580
7884
23398
27190
17361
-1166
-19108
-27478
-22082
-5623
13653
26089
25455
12069
-7363
-23107
-27275
-17778
625
18715
27429
22402
6152
-13180
-25909
-25658
-12554
6840
22807
27348
18189
-83
-18313
-27369
-22713
-6679
12702
25719
25851
13033
-6315
-22499
-27412
-18592
-458
17905
27298
23016
7203
-12219
-25519
-26035
-13508
5786
22182
27464
18988
999
-17490
-27217
-23309
-7724
11731
25309
26208
13977
-5256
-21856
-27506
-19377
-1540
17068
27126
23594
8242
-11239
-25090
-26371
-14441
4724
21522
27538
19758
2080
-16640
-27024
-23869
-8757
10743
24860
26514
14861
-4274
-21326
-27781
-20440
-3022
15705
26314
23444
8491
-11096
-25537
-27628
-16342
2654
19829
26569
19498
2158
-16764
-27789
-25393
-10776
8738
23373
25798
14798
-4116
-21470
-28568
-21856
-4695
14317
25656
23640
9281
-10229
-25116
-27920
-17239
1578
19103
26557
20206
3231
-15864
-27512
-25869
-11743
7802
22995
26254
15982
-2636
-20229
-27938
-21856
-4987
14259
26274
25069
11267
-8202
-23572
-27133
-17101
1498
19347
27503
21881
5297
-13941
-26195
-25326
-11769
7684
23287
27224
17522
-958
-18958
-27461
-22206
-5827
13471
26021
25535
12256
-7162
-22993
-27304
-17937
416
18561
27407
22523
6355
-12996
-25837
-25734
-12739
6638
22690
27374
18345
125
-18157
-27343
-22831
-6881
12517
25643
25923
13216
-6112
-22378
-27433
-18745
-666
17746
27269
23130
7403
-12032
-25439
-26102
-13689
5583
22057
27482
19138
1207
-17329
-27183
-23420
-7923
11542
25226
26272
14156
-5052
-21728
-27520
-19524
-1748
16904
27088
23701
8440
-11049
-25003
-26431
-14618
4518
21391
27547
19903
2288
-16474
-26982
-23973
-8954
10551
24770
26580
15074
-3984
-21045
-27564
-20274
-2827
16036
26865
24236
9464
-10048
-24527
-26718
-15524
3447
20692
27570
20636
3365
-15593
-26739
-24489
-9971
9542
24275
26847
15969
-2909
-20330
-27565
-20991
-3901
15144
26602
24733
10474
-9033
-24014
-26965
-16407
2371
19960
27550
21338
4436
-14688
-26454
-24967
-10972
8520
23743
27072
16839
-1831
-19583
-27525
-21677
-4970
14227
26297
25192
11467
-8003
-23464
-27169
-17264
1290
19198
27488
22007
5501
-13761
-26129
-25407
-11957
7484
23175
27256
17683
-749
-18806
-27441
-22329
-6030
13289
25951
25612
12442
-6961
-22877
-27332
-18095
208
18407
27393
22680
6642
-12666
-25541
-25499
-12520
6936
23168
28089
19277
1187
-17084
-26354
-21956
-6082
13331
26566
26993
14399
-4909
-21256
-26453
-17897
126
18587
28237
24242
8604
-10844
-24358
-25169
-12869
6379
22932
28498
20288
2415
-16166
-26148
-22529
-7123
12353
26141
27334
15334
-3847
-20600
-26541
-18709
-1040
17593
27826
24498
9236
-10358
-24512
-26181
-14572
4459
21343
27593
20056
2495
-16306
-26938
-24075
-9151
10358
24677
26634
15248
-3777
-20910
-27567
-20414
-3034
15867
26818
24334
9660
-9854
-24431
-26769
-15696
3241
20553
27569
20774
3571
-15421
-26687
-24584
-10165
9347
24176
26893
16138
-2702
-20189
-27561
-21126
-4107
14969
26546
24824
10666
-8836
-23911
-27007
-16574
2163
19816
27542
21470
4642
-14512
-26395
-25055
-11163
8321
23637
27111
17003
-1623
-19436
-27512
-21805
-5174
14049
26233
25276
11656
-7804
-23354
-27204
-17426
1082
19048
27471
22132
5705
-13580
-26062
-25487
-12144
7283
23061
27287
17842
-541
-18653
-27420
-22451
-6233
13106
25880
25689
12628
-6760
-22760
-27359
-18251
0
18251
27359
22760
6760
-12628
-25689
-25880
-13106
6233
22451
27420
18653
541
-17842
-27287
-23061
-7283
12144
25487
26062
13580
-5705
-22132
-27471
-19048
-1082
17426
27204
23354
7804
-11656
-25276
-26233
-14049
5174
21805
27512
19436
1623
-17003
-27111
-23637
-8321
11163
25055
26395
14512
-4642
-21470
-27542
-19816
-2163
16574
27007
23911
8836
-10666
-24824
-26546
-14969
4107
21126
27561
20189
2702
-16138
-26893
-24176
-9347
10165
24584
26687
15421
-3571
-20774
-27569
-20553
-3241
15696
26769
24431
9854
-9660
-24334
-26818
-15867
3034
20414
27567
20910
3777
-15248
-26634
-24677
-10358
9151
24085
26976
16390
-2349
-19824
-27246
-20857
-3813
15391
27181
25692
11711
-7723
-22845
-26058
-15739
2955
20671
28531
22600
5847
-13334
-25334
-24141
-10353
9123
24529
28148
18166
-415
-18288
-26498
-20932
-4379
14869
27169
26358
12844
-6604
-22242
-26237
-16587
1874
19897
28453
23256
6909
-12399
-25003
-24604
-11415
7936
23725
28007
18598
167
-18097
-27089
-22349
-6290
13007
25846
25773
12812
-6557
-22642
-27384
-18407
-208
18095
27332
22877
6961
-12442
-25612
-25951
-13289
6030
22329
27441
18806
749
-17683
-27256
-23175
-7484
11957
25407
26129
13761
-5501
-22007
-27488
-19198
-1290
17264
27169
23464
8003
-11467
-25192
-26297
-14227
4970
21677
27525
19583
1831
-16839
-27072
-23743
-8520
10972
24967
26454
14688
-4436
-21338
-27550
-19960
-2371
16407
26965
24014
9033
-10474
-24733
-26602
-15144
3901
20991
27565
20330
2909
-15969
-26847
-24275
-9542
9971
24489
26739
15593
-3365
-20636
-27570
-20692
-3447
15524
26718
24527
10048
-9464
-24236
-26865
-16036
2827
20274
27564
21045
3984
-15074
-26580
-24770
-10551
8954
23973
26982
16474
-2288
-19903
-27547
-21391
-4518
14618
26431
25003
11049
-8440
-23701
-27088
-16904
1748
19524
27520
21728
5052
-14156
-26272
-25226
-11542
7923
23420
27183
17329
-1207
-19138
-27482
-22057
-5583
13689
26102
25439
12032
-7403
-23130
-27269
-17746
666
18745
27433
22378
6112
-13216
-25923
-25643
-12517
6881
22831
27343
18157
-125
-18345
-27374
-22690
-6638
12739
25734
25837
12996
-6355
-22523
-27407
-18561
-416
17937
27304
22993
7162
-12256
-25535
-26021
-13471
5827
22206
27461
18958
958
-17522
-27224
-23287
-7684
11769
25326
26195
13941
-5297
-21881
-27503
-19347
-1498
17111
27171
23657
8349
-11055
-24798
-25956
-13905
5362
22239
28314
20583
2954
-15711
-26042
-22849
-7717
11781
25878
27512
15864
-3231
-20206
-26557
-19103
-1578
17239
27920
25116
10229
-9281
-23640
-25656
-14317
4695
21856
28568
21470
4116
-14798
-25798
-23373
-8738
10776
25393
27789
16764
-2158
-19507
-26607
-19913
-2800
16129
27357
25219
10742
-8866
-23827
-26689
-16059
2704
20170
27568
21179
4189
-14899
-26524
-24860
-10743
8757
23869
27024
16640
-2080
-19758
-27538
-21522
-4724
14441
26371
25090
11239
-8242
-23594
-27126
-17068
1540
19377
27506
21856
5256
-13977
-26208
-25309
-11731
7724
23309
27217
17490
-999
-18988
-27464
-22182
-5786
13508
26035
25519
12219
-7203
-23016
-27298
-17905
458
18592
27412
22499
6315
-13033
-25851
-25719
-12702
6679
22713
27369
18313
83
-18189
-27348
-22807
-6840
12554
25658
25909
13180
-6152
-22402
-27429
-18715
-625
17778
27275
23107
7363
-12069
-25455
-26089
-13653
5623
22082
27478
19108
1166
-17361
-27190
-23398
-7884
11580
25243
26259
14120
-5092
-21754
-27517
-19495
-1706
16937
27096
23680
8401
-11087
-25020
-26419
-14582
4559
21417
27545
19874
2246
-16507
-26990
-23952
-8915
10589
24788
26569
15039
-4025
-21072
-27563
-20245
-2785
16070
26875
24216
9425
-10087
-24546
-26708
-15490
3488
20719
27570
20609
3323
-15627
-26749
-24470
-9932
9582
24295
26837
15935
-2951
-20358
-27566
-20964
-3860
15178
26613
24714
10435
-9072
-24034
-26956
-16373
2412
19989
27552
21312
4395
-14723
-26466
-24950
-10934
8559
23764
27064
16806
-1872
-19612
-27527
-21651
-4929
14263
26309
25175
11429
-8043
-23486
-27162
-17231
1332
19228
27491
21982
5460
-13797
-26142
-25391
-11919
7514
23159
27166
17504
-1013
-19145
-27848
-22805
-6587
12634
25188
24743
11489
-7963
-23891
-28327
-19063
-750
17438
26389
21618
5517
-13849
-26778
-26793
-13886
5477
21595
26393
17469
-709
-19032
-28321
-23924
-8042
11368
24581
24979
12362
-6949
-23280
-28449
-19867
-1833
16619
26243
22220
6564
-12872
-26337
-27071
-14687
4642
21266
26897
18758
971
-17508
-27377
-23654
-8167
11353
25149
26322
14299
-4888
-21625
-27529
-19642
-1914
16773
27056
23786
8599
-10896
-24932
-26478
-14759
4354
21285
27553
20018
2454
-16340
-26947
-24055
-9111
10397
24696
26623
15213
-3819
-20937
-27567
-20386
-2992
15901
26828
24315
9621
-9893
-24451
-26759
-15662
3282
20581
27570
20747
3530
-15455
-26698
-24565
-10126
9386
24196
26884
16104
-2744
-20217
-27562
-21099
-4066
15004
26557
24806
10627
-8875
-23932
-26999
-16540
2205
19845
27544
21443
4601
-14547
-26407
-25038
-11125
8361
23658
27103
16970
-1665
-19465
-27515
-21779
-5133
14084
26246
25259
11618
-7844
-23376
-27197
-17393
1124
19078
27475
22107
5664
-13616
-26075
-25471
-12107
7323
23084
27281
17810
-583
-18684
-27425
-22426
-6193
13143
25895
25674
12591
-6800
-22784
-27354
-18220
42
18282
27364
22737
6719
-12665
-25704
-25866
-13070
6274
22475
27416
18623
500
-17874
-27293
-23039
-7243
12181
25503
26048
13544
-5746
-22157
-27468
-19018
-1041
17458
27211
23332
7764
-11693
-25293
-26221
-14013
5215
21830
27509
19406
1581
-17036
-27118
-23615
-8282
11201
25072
26383
14476
-4683
-21496
-27540
-19787
-2122
16607
27016
23890
8796
-10704
-24842
-26535
-14934
4148
21153
27560
20160
2661
-16172
-26902
-24156
-9308
10203
24603
26677
15386
-3612
-20801
-27569
-20526
-3209
15692
26695
24266
9593
-10007
-24756
-27308
-16430
2384
19664
26714
19967
2774
-16273
-27645
-25659
-11319
8190
23095
25929
15273
-3537
-21075
-28556
-22232
-5272
13829
25501
23896
9819
-9678
-24828
-28040
-17706
997
18700
26534
20574
3806
-15370
-27346
-26124
-12315
7162
22551
26141
16134
-2447
-20279
-28416
-22760
-6116
13214
25584
24842
11404
-7952
-23487
-27377
-17639
878
18918
27457
22231
5868
-13435
-26007
-25550
-12293
7122
22970
27310
17969
-375
-18530
-27403
-22547
-6396
12960
25822
25749
12776
-6598
-22666
-27379
-18376
-167
18126
27338
22854
6921
-12479
-25628
-25937
-13253
6071
22353
27437
18776
708
-17715
-27262
-23152
-7444
11994
25423
26116
13725
-5542
-22032
-27485
-19168
-1249
17296
27176
23442
7963
-11505
-25209
-26284
-14192
5011
21703
27522
19554
1789
-16872
-27080
-23722
-8480
11010
24985
26443
14653
-4477
-21365
-27549
-19932
-2329
16440
26973
23993
8993
-10512
-24751
-26591
-15109
3942
21018
27565
20302
2868
-16002
-26856
-24255
-9503
10010
24508
26729
15559
-3406
-20664
-27570
-20664
-3406
15559
26729
24508
10010
-9503
-24255
-26856
-16002
2868
20302
27565
21018
3942
-15109
-26591
-24751
-10512
8993
23993
26973
16440
-2329
-19932
-27549
-21365
-4477
14653
26443
24985
11010
-8480
-23722
-27080
-16872
1789
19554
27522
21703
5011
-14192
-26284
-25209
-11505
7963
23442
27176
17296
-1249
-19168
-27485
-22032
-5542
13725
26116
25423
11994
-7444
-23152
-27262
-17715
708
18776
27437
22353
6071
-13253
-25937
-25628
-12479
6921
22854
27338
18126
-167
-18376
-27379
-22666
-6598
12776
25749
25822
12960
-6396
-22547
-27403
-18530
-375
17969
27310
22970
7122
-12293
-25550
-26007
-13425
5906
22315
27603
19150
1225
-17152
-26731
-22667
-6952
12584
26196
27097
14867
-4347
-20907
-26501
-18317
-457
18134
28141
24551
9162
-10315
-24124
-25346
-13370
5806
22574
28534
20700
2997
-15706
-26040
-22828
-7678
11819
25896
27501
15829
-3272
-20232
-26556
-19075
-1537
17273
27929
25095
10180
-9357
-23743
-25791
-14505
4428
21481
28068
20844
3384
-15610
-26662
-24269
-9660
9825
24412
26779
15730
-3199
-20526
-27569
-20801
-3612
15386
26677
24603
10203
-9308
-24156
-26902
-16172
2661
20160
27560
21153
4148
-14934
-26535
-24842
-10704
8796
23890
27016
16607
-2122
-19787
-27540
-21496
-4683
14476
26383
25072
11201
-8282
-23615
-27118
-17036
1581
19406
27509
21830
5215
-14013
-26221
-25293
-11693
7764
23332
27211
17458
-1041
-19018
-27468
-22157
-5746
13544
26048
25503
12181
-7243
-23039
-27293
-17874
500
18623
27416
22475
6274
-13070
-25866
-25704
-12665
6719
22737
27364
18282
42
-18220
-27354
-22784
-6800
12591
25674
25895
13143
-6193
-22426
-27425
-18684
-583
17810
27281
23084
7323
-12107
-25471
-26075
-13616
5664
22107
27475
19078
1124
-17393
-27197
-23376
-7844
11618
25259
26246
14084
-5133
-21779
-27515
-19465
-1665
16970
27103
23658
8361
-11125
-25038
-26407
-14547
4601
21443
27544
19845
2205
-16540
-26999
-23932
-8875
10627
24806
26557
15004
-4066
-21099
-27562
-20217
-2744
16104
26884
24196
9386
-10126
-24565
-26698
-15455
3530
20747
27570
20581
3282
-15662
-26759
-24451
-9893
9621
24315
26828
15901
-2992
-20386
-27567
-20937
-3819
15213
26623
24696
10397
-9111
-24055
-26947
-16340
2454
20018
27553
21285
4354
-14759
-26478
-24932
-10896
8599
23786
27056
16773
-1914
-19642
-27529
-21616
-4850
14383
26468
25380
11700
-7680
-23007
-26558
-16508
2151
20112
28410
22919
6410
-12833
-25156
-24375
-10882
8564
24220
28243
18619
167
-17867
-26449
-21280
-4949
14362
26979
26581
13368
-6042
-21924
-26321
-17032
1291
19469
28393
23595
7477
-11886
-24793
-24778
-11849
7517
23618
28389
19428
1212
-17147
-26473
-22123
-6310
13003
26097
26368
13634
-5768
-22158
-27361
-18798
-781
17651
27250
23197
7524
-11919
-25391
-26142
-13797
5460
21982
27491
19228
1332
-17231
-27162
-23486
-8043
11429
25175
26309
14263
-4929
-21651
-27527
-19612
-1872
16806
27064
23764
8559
-10934
-24950
-26466
-14723
4395
21312
27552
19989
2412
-16373
-26956
-24034
-9072
10435
24714
26613
15178
-3860
-20964
-27566
-20358
-2951
15935
26837
24295
9582
-9932
-24470
-26749
-15627
3323
20609
27570
20719
3488
-15490
-26708
-24546
-10087
9425
24216
26875
16070
-2785
-20245
-27563
-21072
-4025
15039
26569
24788
10589
-8915
-23952
-26990
-16507
2246
19874
27545
21417
4559
-14582
-26419
-25020
-11087
8401
23680
27096
16937
-1706
-19495
-27517
-21754
-5092
14120
26259
25243
11580
-7884
-23398
-27190
-17361
1166
19108
27478
22082
5623
-13653
-26089
-25455
-12069
7363
23107
27275
17778
-625
-18715
-27429
-22402
-6152
13180
25909
25658
12554
-6840
-22807
-27348
-18189
83
18313
27369
22713
6679
-12702
-25719
-25851
-13033
6315
22499
27412
18592
458
-17905
-27298
-23016
-7203
12219
25519
26035
13508
-5786
-22182
-27464
-18988
-999
17490
27217
23309
7724
-11731
-25309
-26208
-13977
5256
21856
27506
19377
1540
-17068
-27126
-23594
-8242
11239
25090
26371
14441
-4724
-21522
-27538
-19758
-2080
16640
27024
23869
8757
-10743
-24860
-26514
-14861
4274
21326
27781
20440
3022
-15705
-26314
-23444
-8491
11096
25537
27628
16342
-2654
-19829
-26569
-19498
-2158
16764
27789
25393
10776
-8738
-23373
-25798
-14798
4116
21470
28568
21856
4695
-14317
-25656
-23640
-9281
10229
25116
27920
17239
-1578
-19103
-26557
-20206
-3231
15864
27512
25869
11743
-7802
-22995
-26254
-15982
2636
20229
27938
21856
4987
-14259
-26274
-25069
-11267
8202
23572
27133
17101
-1498
-19347
-27503
-21881
-5297
13941
26195
25326
11769
-7684
-23287
-27224
-17522
958
18958
27461
22206
5827
-13471
-26021
-25535
-12256
7162
22993
27304
17937
-416
-18561
-27407
-22523
-6355
12996
25837
25734
12739
-6638
-22690
-27374
-18345
-125
18157
27343
22831
6881
-12517
-25643
-25923
-13216
6112
22378
27433
18745
666
-17746
-27269
-23130
-7403
12032
25439
26102
13689
-5583
-22057
-27482
-19138
-1207
17329
27183
23420
7923
-11542
-25226
-26272
-14156
5052
21728
27520
19524
1748
-16904
-27088
-23701
-8440
11049
25003
26431
14618
-4518
-21391
-27547
-19903
-2288
16474
26982
23973
8954
-10551
-24770
-26580
-15074
3984
21045
27564
20274
2827
-16036
-26865
-24236
-9464
10048
24527
26718
15524
-3447
-20692
-27570
-20636
-3365
15593
26739
24489
9971
-9542
-24275
-26847
-15969
2909
20330
27565
20991
3901
-15144
-26602
-24733
-10474
9033
24014
26965
16407
-2371
-19960
-27550
-21338
-4436
14688
26454
24967
10972
-8520
-23743
-27072
-16839
1831
19583
27525
21677
4970
-14227
-26297
-25192
-11467
8003
23464
27169
17264
-1290
-19198
-27488
-22007
-5501
13761
26129
25407
11957
-7484
-23175
-27256
-17683
749
18806
27441
22329
6030
-13289
-25951
-25612
-12442
6961
22877
27332
18095
-208
-18407
-27393
-22680
-6642
12666
25541
25499
12520
-6936
-23168
-28089
-19277
-1187
17084
26354
21956
6082
-13331
-26566
-26993
-14399
4909
21256
26453
17897
-126
-18587
-28237
-24242
-8604
10844
24358
25169
12869
-6379
-22932
-28498
-20288
-2415
16166
26148
22529
7123
-12353
-26141
-27334
-15334
3847
20600
26541
18709
1040
-17593
-27826
-24498
-9236
10358
24512
26181
14572
-4459
-21343
-27593
-20056
-2495
16306
26938
24075
9151
-10358
-24677
-26634
-15248
3777
20910
27567
20414
3034
-15867
-26818
-24334
-9660
9854
24431
26769
15696
-3241
-20553
-27569
-20774
-3571
15421
26687
24584
10165
-9347
-24176
-26893
-16138
2702
20189
27561
21126
4107
-14969
-26546
-24824
-10666
8836
23911
27007
16574
-2163
-19816
-27542
-21470
-4642
14512
26395
25055
11163
-8321
-23637
-27111
-17003
1623
19436
27512
21805
5174
-14049
-26233
-25276
-11656
7804
23354
27204
17426
-1082
-19048
-27471
-22132
-5705
13580
26062
25487
12144
-7283
-23061
-27287
-17842
541
18653
27420
22451
6233
-13106
-25880
-25689
-12628
6760
22760
27359
18251
0
-18251
-27359
-22760
-6760
12628
25689
25880
13106
-6233
-22451
-27420
-18653
-541
17842
27287
23061
7283
-12144
-25487
-26062
-13580
5705
22132
27471
19048
1082
-17426
-27204
-23354
-7804
11656
25276
26233
14049
-5174
-21805
-27512
-19436
-1623
17003
27111
23637
8321
-11163
-25055
-26395
-14512
4642
21470
27542
19816
2163
-16574
-27007
-23911
-8836
10666
24824
26546
14969
-4107
-21126
-27561
-20189
-2702
16138
26893
24176
9347
-10165
-24584
-26687
-15421
3571
20774
27569
20553
3241
-15696
-26769
-24431
-9854
9660
24334
26818
15867
-3034
-20414
-27567
-20910
-3777
15248
26634
24677
10358
-9151
-24085
-26976
-16390
2349
19824
27246
20857
3813
-15391
-27181
-25692
-11711
7723
22845
26058
15739
-2955
-20671
-28531
-22600
-5847
13334
25334
24141
10353
-9123
-24529
-28148
-18166
415
18288
26498
20932
4379
-14869
-27169
-26358
-12844
6604
22242
26237
16587
-1874
-19897
-28453
-23256
-6909
12399
25003
24604
11415
-7936
-23725
-28007
-18598
-167
18097
27089
22349
6290
-13007
-25846
-25773
-12812
6557
22642
27384
18407
208
-18095
-27332
-22877
-6961
12442
25612
25951
13289
-6030
-22329
-27441
-18806
-749
17683
27256
23175
7484
-11957
-25407
-26129
-13761
5501
22007
27488
19198
1290
-17264
-27169
-23464
-8003
11467
25192
26297
14227
-4970
-21677
-27525
-19583
-1831
16839
27072
23743
8520
-10972
-24967
-26454
-14688
4436
21338
27550
19960
2371
-16407
-26965
-24014
-9033
10474
24733
26602
15144
-3901
-20991
-27565
-20330
-2909
15969
26847
24275
9542
-9971
-24489
-26739
-15593
3365
20636
27570
20692
3447
-15524
-26718
-24527
-10048
9464
24236
26865
16036
-2827
-20274
-27564
-21045
-3984
15074
26580
24770
10551
-8954
-23973
-26982
-16474
2288
19903
27547
21391
4518
-14618
-26431
-25003
-11049
8440
23701
27088
16904
-1748
-19524
-27520
-21728
-5052
14156
26272
25226
11542
-7923
-23420
-27183
-17329
1207
19138
27482
22057
5583
-13689
-26102
-25439
-12032
7403
23130
27269
17746
-666
-18745
-27433
-22378
-6112
13216
25923
25643
12517
-6881
-22831
-27343
-18157
125
18345
27374
22690
6638
-12739
-25734
-25837
-12996
6355
22523
27407
18561
416
-17937
-27304
-22993
-7162
12256
25535
26021
13471
-5827
-22206
-27461
-18958
-958
17522
27224
23287
7684
-11769
-25326
-26195
-13941
5297
21881
27503
19347
1498
-17111
-27171
-23657
-8349
11055
24798
25956
13905
-5362
-22239
-28314
-20583
-2954
15711
26042
22849
7717
-11781
-25878
-27512
-15864
3231
20206
26557
19103
1578
-17239
-27920
-25116
-10229
9281
23640
25656
14317
-4695
-21856
-28568
-21470
-4116
14798
25798
23373
8738
-10776
-25393
-27789
-16764
2158
19507
26607
19913
2800
-16129
-27357
-25219
-10742
8866
23827
26689
16059
-2704
-20170
-27568
-21179
-4189
14899
26524
24860
10743
-8757
-23869
-27024
-16640
2080
19758
27538
21522
4724
-14441
-26371
-25090
-11239
8242
23594
27126
17068
-1540
-19377
-27506
-21856
-5256
13977
26208
25309
11731
-7724
-23309
-27217
-17490
999
18988
27464
22182
5786
-13508
-26035
-25519
-12219
7203
23016
27298
17905
-458
-18592
-27412
-22499
-6315
13033
25851
25719
12702
-6679
-22713
-27369
-18313
-83
18189
27348
22807
6840
-12554
-25658
-25909
-13180
6152
22402
27429
18715
625
-17778
-27275
-23107
-7363
12069
25455
26089
13653
-5623
-22082
-27478
-19108
-1166
17361
27190
23398
7884
-11580
-25243
-26259
-14120
5092
21754
27517
19495
1706
-16937
-27096
-23680
-8401
11087
25020
26419
14582
-4559
-21417
-27545
-19874
-2246
16507
26990
23952
8915
-10589
-24788
-26569
-15039
4025
21072
27563
20245
2785
-16070
-26875
-24216
-9425
10087
24546
26708
15490
-3488
-20719
-27570
-20609
-3323
15627
26749
24470
9932
-9582
-24295
-26837
-15935
2951
20358
27566
20964
3860
-15178
-26613
-24714
-10435
9072
24034
26956
16373
-2412
-19989
-27552
-21312
-4395
14723
26466
24950
10934
-8559
-23764
-27064
-16806
1872
19612
27527
21651
4929
-14263
-26309
-25175
-11429
8043
23486
27162
17231
-1332
-19228
-27491
-21982
-5460
13797
26142
25391
11919
-7514
-23159
-27166
-17504
1013
19145
27848
22805
6587
-12634
-25188
-24743
-11489
7963
23891
28327
19063
750
-17438
-26389
-21618
-5517
13849
26778
26793
13886
-5477
-21595
-26393
-17469
709
19032
28321
23924
8042
-11368
-24581
-24979
-12362
6949
23280
28449
19867
1833
-16619
-26243
-22220
-6564
12872
26337
27071
14687
-4642
-21266
-26897
-18758
-971
17508
27377
23654
8167
-11353
-25149
-26322
-14299
4888
21625
27529
19642
1914
-16773
-27056
-23786
-8599
10896
24932
26478
14759
-4354
-21285
-27553
-20018
-2454
16340
26947
24055
9111
-10397
-24696
-26623
-15213
3819
20937
27567
20386
2992
-15901
-26828
-24315
-9621
9893
24451
26759
15662
-3282
-20581
-27570
-20747
-3530
15455
26698
24565
10126
-9386
-24196
-26884
-16104
2744
20217
27562
21099
4066
-15004
-26557
-24806
-10627
8875
23932
26999
16540
-2205
-19845
-27544
-21443
-4601
14547
26407
25038
11125
-8361
-23658
-27103
-16970
1665
19465
27515
21779
5133
-14084
-26246
-25259
-11618
7844
23376
27197
17393
-1124
-19078
-27475
-22107
-5664
13616
26075
25471
12107
-7323
-23084
-27281
-17810
583
18684
27425
22426
6193
-13143
-25895
-25674
-12591
6800
22784
27354
18220
-42
-18282
-27364
-22737
-6719
12665
25704
25866
13070
-6274
-22475
-27416
-18623
-500
17874
27293
23039
7243
-12181
-25503
-26048
-13544
5746
22157
27468
19018
1041
-17458
-27211
-23332
-7764
11693
25293
26221
14013
-5215
-21830
-27509
-19406
-1581
17036
27118
23615
8282
-11201
-25072
-26383
-14476
4683
21496
27540
19787
2122
-16607
-27016
-23890
-8796
10704
24842
26535
14934
-4148
-21153
-27560
-20160
-2661
16172
26902
24156
9308
-10203
-24603
-26677
-15386
3612
20801
27569
20526
3190
-15768
-26863
-24558
-10038
9390
23951
26308
15235
-3766
-21220
-28422
-21799
-4698
14292
25645
23659
9319
-10190
-25095
-27929
-17273
1537
19075
26556
20232
3272
-15829
-27501
-25896
-11819
7678
22828
26040
15706
-2997
-20700
-28534
-22574
-5806
13370
25346
24124
10315
-9162
-24551
-28141
-18134
466
18356
26585
21053
4560
-14596
-26779
-25842
-12209
7335
23043
27084
17470
-954
-18937
-27457
-22231
-5868
13435
26007
25550
12293
-7122
-22970
-27310
-17969
375
18530
27403
22547
6396
-12960
-25822
-25749
-12776
6598
22666
27379
18376
167
-18126
-27338
-22854
-6921
12479
25628
25937
13253
-6071
-22353
-27437
-18776
-708
17715
27262
23152
7444
-11994
-25423
-26116
-13725
5542
22032
27485
19168
1249
-17296
-27176
-23442
-7963
11505
25209
26284
14192
-5011
-21703
-27522
-19554
-1789
16872
27080
23722
8480
-11010
-24985
-26443
-14653
4477
21365
27549
19932
2329
-16440
-26973
-23993
-8993
10512
24751
26591
15109
-3942
-21018
-27565
-20302
-2868
16002
26856
24255
9503
-10010
-24508
-26729
-15559
3406
20664
27570
20664
3406
-15559
-26729
-24508
-10010
9503
24255
26856
16002
-2868
-20302
-27565
-21018
-3942
15109
26591
24751
10512
-8993
-23993
-26973
-16440
2329
19932
27549
21365
4477
-14653
-26443
-24985
-11010
8480
23722
27080
16872
-1789
-19554
-27522
-21703
-5011
14192
26284
25209
11505
-7963
-23442
-27176
-17296
1249
19168
27485
22032
5542
-13725
-26116
-25423
-11994
7444
23152
27262
17715
-708
-18776
-27437
-22353
-6071
13253
25937
25628
12479
-6921
-22854
-27338
-18126
167
18376
27379
22666
6598
-12776
-25749
-25822
-12960
6396
22547
27403
18530
375
-17969
-27310
-22970
-7122
12293
25550
26007
13425
-5906
-22315
-27603
-19150
-1225
17152
26731
22667
6952
-12584
-26196
-27097
-14867
4347
20907
26501
18317
457
-18134
-28141
-24551
-9162
10315
24124
25346
13370
-5806
-22574
-28534
-20700
-2997
15706
26040
22828
7678
-11819
-25896
-27501
-15829
3272
20232
26556
19075
1537
-17273
-27929
-25095
-10180
9357
23743
25791
14505
-4428
-21481
-28068
-20844
-3384
15610
26662
24269
9660
-9825
-24412
-26779
-15730
3199
20526
27569
20801
3612
-15386
-26677
-24603
-10203
9308
24156
26902
16172
-2661
-20160
-27560
-21153
-4148
14934
26535
24842
10704
-8796
-23890
-27016
-16607
2122
19787
27540
21496
4683
-14476
-26383
-25072
-11201
8282
23615
27118
17036
-1581
-19406
-27509
-21830
-5215
14013
26221
25293
11693
-7764
-23332
-27211
-17458
1041
19018
27468
22157
5746
-13544
-26048
-25503
-12181
7243
23039
27293
17874
-500
-18623
-27416
-22475
-6274
13070
25866
25704
12665
-6719
-22737
-27364
-18282
-42
18220
27354
22784
6800
-12591
-25674
-25895
-13143
6193
22426
27425
18684
583
-17810
-27281
-23084
-7323
12107
25471
26075
13616
-5664
-22107
-27475
-19078
-1124
17393
27197
23376
7844
-11618
-25259
-26246
-14084
5133
21779
27515
19465
1665
-16970
-27103
-23658
-8361
11125
25038
26407
14547
-4601
-21443
-27544
-19845
-2205
16540
26999
23932
8875
-10627
-24806
-26557
-15004
4066
21099
27562
20217
2744
-16104
-26884
-24196
-9386
10126
24565
26698
15455
-3530
-20747
-27570
-20581
-3282
15662
26759
24451
9893
-9621
-24315
-26828
-15901
2992
20386
27567
20937
3819
-15213
-26623
-24696
-10397
9111
24055
26947
16340
-2454
-20018
-27553
-21285
-4354
14759
26478
24932
10896
-8599
-23786
-27056
-16773
1914
19642
27529
21616
4850
-14383
-26468
-25380
-11700
7680
23007
26558
16508
-2151
-20112
-28410
-22919
-6410
12833
25156
24375
10882
-8564
-24220
-28243
-18619
-167
17867
26449
21280
4949
-14362
-26979
-26581
-13368
6042
21924
26321
17032
-1291
-19469
-28393
-23595
-7477
11886
24793
24778
11849
-7517
-23618
-28389
-19428
-1212
17147
26473
22123
6310
-13003
-26097
-26368
-13634
5768
22158
27361
18798
781
-17651
-27250
-23197
-7524
11919
25391
26142
13797
-5460
-21982
-27491
-19228
-1332
17231
27162
23486
8043
-11429
-25175
-26309
-14263
4929
21651
27527
19612
1872
-16806
-27064
-23764
-8559
10934
24950
26466
14723
-4395
-21312
-27552
-19989
-2412
16373
26956
24034
9072
-10435
-24714
-26613
-15178
3860
20964
27566
20358
2951
-15935
-26837
-24295
-9582
9932
24470
26749
15627
-3323
-20609
-27570
-20719
-3488
15490
26708
24546
10087
-9425
-24216
-26875
-16070
2785
20245
27563
21072
4025
-15039
-26569
-24788
-10589
8915
23952
26990
16507
-2246
-19874
-27545
-21417
-4559
14582
26419
25020
11087
-8401
-23680
-27096
-16937
1706
19495
27517
21754
5092
-14120
-26259
-25243
-11580
7884
23398
27190
17361
-1166
-19108
-27478
-22082
-5623
13653
26089
25455
12069
-7363
-23107
-27275
-17778
625
18715
27429
22402
6152
-13180
-25909
-25658
-12554
6840
22807
27348
18189
-83
-18313
-27369
-22713
-6679
12702
25719
25851
13033
-6315
-22499
-27412
-18592
-458
17905
27298
23016
7203
-12219
-25519
-26035
-13508
5786
22182
27464
18988
999
-17490
-27217
-23309
-7724
11731
25309
26208
13977
-5256
-21856
-27506
-19377
-1540
17068
27126
23594
8242
-11239
-25090
-26371
-14441
4724
21522
27538
19758
2080
-16640
-27024
-23869
-8757
10743
24860
26533
14937
-4105
-21033
-27336
-19823
-2217
16705
27509
24827
10046
-9388
-23706
-25704
-14361
4654
21829
28569
21498
4158
-14764
-25789
-23393
-8776
10738
25373
27798
16798
-2116
-19470
-26568
-19856
-2695
16317
27656
25640
11281
-8229
-23116
-25920
-15239
3578
21103
28557
22206
5231
-13864
-25512
-23888
-9819
9633
24702
27810
17365
-1441
-19229
-27133
-21239
-4542
14552
26443
25145
11287
-8202
-23572
-27133
-17101
1498
19347
27503
21881
5297
-13941
-26195
-25326
-11769
7684
23287
27224
17522
-958
-18958
-27461
-22206
-5827
13471
26021
25535
12256
-7162
-22993
-27304
-17937
416
18561
27407
22523
6355
-12996
-25837
-25734
-12739
6638
22690
27374
18345
125
-18157
-27343
-22831
-6881
12517
25643
25923
13216
-6112
-22378
-27433
-18745
-666
17746
27269
23130
7403
-12032
-25439
-26102
-13689
5583
22057
27482
19138
1207
-17329
-27183
-23420
-7923
11542
25226
26272
14156
-5052
-21728
-27520
-19524
-1748
16904
27088
23701
8440
-11049
-25003
-26431
-14618
4518
21391
27547
19903
2288
-16474
-26982
-23973
-8954
10551
24770
26580
15074
-3984
-21045
-27564
-20274
-2827
16036
26865
24236
9464
-10048
-24527
-26718
-15524
3447
20692
27570
20636
3365
-15593
-26739
-24489
-9971
9542
24275
26847
15969
-2909
-20330
-27565
-20991
-3901
15144
26602
24733
10474
-9033
-24014
-26965
-16407
2371
19960
27550
21338
4436
-14688
-26454
-24967
-10972
8520
23743
27072
16839
-1831
-19583
-27525
-21677
-4970
14227
26297
25192
11467
-8003
-23464
-27169
-17264
1290
19198
27488
22007
5501
-13761
-26129
-25407
-11957
7484
23175
27256
17683
-749
-18806
-27441
-22329
-6030
13289
25951
25612
12442
-6961
-22877
-27332
-18095
208
18407
27374
22604
6473
-12959
-25986
-26116
-13325
5936
21973
26707
17722
-520
-18916
-28278
-23937
-8082
11331
24566
24993
12399
-6909
-23256
-28453
-19897
-1874
16587
26237
22242
6604
-12844
-26358
-27169
-14869
4379
20932
26498
18288
415
-18166
-28148
-24529
-9123
10353
24141
25334
13334
-5847
-22600
-28522
-20633
-2871
15886
26271
23115
8041
-11358
-25317
-26798
-15016
4166
21175
27517
20037
2495
-16306
-26938
-24075
-9151
10358
24677
26634
15248
-3777
-20910
-27567
-20414
-3034
15867
26818
24334
9660
-9854
-24431
-26769
-15696
3241
20553
27569
20774
3571
-15421
-26687
-24584
-10165
9347
24176
26893
16138
-2702
-20189
-27561
-21126
-4107
14969
26546
24824
10666
-8836
-23911
-27007
-16574
2163
19816
27542
21470
4642
-14512
-26395
-25055
-11163
8321
23637
27111
17003
-1623
-19436
-27512
-21805
-5174
14049
26233
25276
11656
-7804
-23354
-27204
-17426
1082
19048
27471
22132
5705
-13580
-26062
-25487
-12144
7283
23061
27287
17842
-541
-18653
-27420
-22451
-6233
13106
25880
25689
12628
-6760
-22760
-27359
-18251
0
18251
27359
22760
6760
-12628
-25689
-25880
-13106
6233
22451
27420
18653
541
-17842
-27287
-23061
-7283
12144
25487
26062
13580
-5705
-22132
-27471
-19048
-1082
17426
27204
23354
7804
-11656
-25276
-26233
-14049
5174
21805
27512
19436
1623
-17003
-27111
-23637
-8321
11163
25055
26395
14512
-4642
-21470
-27542
-19816
-2163
16574
27007
23911
8836
-10666
-24824
-26546
-14969
4107
21126
27561
20189
2702
-16138
-26893
-24176
-9347
10165
24584
26687
15421
-3571
-20774
-27569
-20553
-3241
15696
26769
24431
9854
-9660
-24334
-26818
-15867
3034
20414
27567
20910
3777
-15248
-26634
-24677
-10358
9151
24065
26900
16222
-2642
-20268
-27863
-21661
-4813
14196
25798
24136
10004
-9554
-24769
-28039
-17739
955
18671
26531
20600
3847
-15334
-27334
-26141
-12353
7123
22529
26148
16166
-2415
-20288
-28498
-22932
-6379
12869
25169
24358
10844
-8604
-24242
-28237
-18587
-126
17897
26453
21256
4909
-14399
-26984
-26528
-13246
6228
22169
26624
17403
-833
-18902
-27707
-22793
-6583
12839
25770
25754
12812
-6557
-22642
-27384
-18407
-208
18095
27332
22877
6961
-12442
-25612
-25951
-13289
6030
22329
27441
18806
749
-17683
-27256
-23175
-7484
11957
25407
26129
13761
-5501
-22007
-27488
-19198
-1290
17264
27169
23464
8003
-11467
-25192
-26297
-14227
4970
21677
27525
19583
1831
-16839
-27072
-23743
-8520
10972
24967
26454
14688
-4436
-21338
-27550
-19960
-2371
16407
26965
24014
9033
-10474
-24733
-26602
-15144
3901
20991
27565
20330
2909
-15969
-26847
-24275
-9542
9971
24489
26739
15593
-3365
-20636
-27570
-20692
-3447
15524
26718
24527
10048
-9464
-24236
-26865
-16036
2827
20274
27564
21045
3984
-15074
-26580
-24770
-10551
8954
23973
26982
16474
-2288
-19903
-27547
-21391
-4518
14618
26431
25003
11049
-8440
-23701
-27088
-16904
1748
19524
27520
21728
5052
-14156
-26272
-25226
-11542
7923
23420
27183
17329
-1207
-19138
-27482
-22057
-5583
13689
26102
25439
12032
-7403
-23130
-27269
-17746
666
18745
27433
22378
6112
-13216
-25923
-25643
-12517
6881
22831
27343
18157
-125
-18345
-27374
-22690
-6638
12739
25734
25837
12996
-6355
-22523
-27407
-18561
-416
17937
27304
22993
7162
-12256
-25535
-26021
-13471
5827
22206
27461
18958
958
-17522
-27224
-23287
-7684
11769
25326
26195
13941
-5297
-21881
-27503
-19347
-1498
17091
27095
23488
8056
-11499
-25415
-26761
-14905
4167
20856
26758
18876
1123
-17635
-28022
-24849
-9717
9781
23878
25512
13864
-5231
-22206
-28557
-21103
-3578
15239
25920
23116
8229
-11281
-25640
-27656
-16317
2695
19856
26568
19470
2116
-16798
-27798
-25373
-10738
8776
23393
25789
14764
-4158
-21488
-28531
-21744
-4507
14574
25975
24024
9742
-9671
-24444
-27134
-16352
2535
20094
27549
21179
4189
-14899
-26524
-24860
-10743
8757
23869
27024
16640
-2080
-19758
-27538
-21522
-4724
14441
26371
25090
11239
-8242
-23594
-27126
-17068
1540
19377
27506
21856
5256
-13977
-26208
-25309
-11731
7724
23309
27217
17490
-999
-18988
-27464
-22182
-5786
13508
26035
25519
12219
-7203
-23016
-27298
-17905
458
18592
27412
22499
6315
-13033
-25851
-25719
-12702
6679
22713
27369
18313
83
-18189
-27348
-22807
-6840
12554
25658
25909
13180
-6152
-22402
-27429
-18715
-625
17778
27275
23107
7363
-12069
-25455
-26089
-13653
5623
22082
27478
19108
1166
-17361
-27190
-23398
-7884
11580
25243
26259
14120
-5092
-21754
-27517
-19495
-1706
16937
27096
23680
8401
-11087
-25020
-26419
-14582
4559
21417
27545
19874
2246
-16507
-26990
-23952
-8915
10589
24788
26569
15039
-4025
-21072
-27563
-20245
-2785
16070
26875
24216
9425
-10087
-24546
-26708
-15490
3488
20719
27570
20609
3323
-15627
-26749
-24470
-9932
9582
24295
26837
15935
-2951
-20358
-27566
-20964
-3860
15178
26613
24714
10435
-9072
-24034
-26956
-16373
2412
19989
27552
21312
4395
-14723
-26466
-24950
-10934
8559
23764
27064
16806
-1872
-19612
-27527
-21651
-4929
14263
26309
25175
11429
-8043
-23486
-27162
-17231
1332
19228
27491
21982
5460
-13797
-26142
-25391
-11919
7533
23236
27334
17797
-569
-18528
-27043
-21805
-5392
14017
26743
26451
13321
-6040
-21910
-26327
-17063
1250
19438
28389
23618
7517
-11849
-24778
-24793
-11886
7477
23595
28393
19469
1291
-17032
-26321
-21924
-6042
13368
26581
26979
14362
-4949
-21280
-26449
-17867
167
18619
28243
24220
8564
-10891
-24413
-25240
-12979
6197
22648
28092
19758
1776
-16890
-26933
-23361
-7999
11429
25168
26322
14299
-4888
-21625
-27529
-19642
-1914
16773
27056
23786
8599
-10896
-24932
-26478
-14759
4354
21285
27553
20018
2454
-16340
-26947
-24055
-9111
10397
24696
26623
15213
-3819
-20937
-27567
-20386
-2992
15901
26828
24315
9621
-9893
-24451
-26759
-15662
3282
20581
27570
20747
3530
-15455
-26698
-24565
-10126
9386
24196
26884
16104
-2744
-20217
-27562
-21099
-4066
15004
26557
24806
10627
-8875
-23932
-26999
-16540
2205
19845
27544
21443
4601
-14547
-26407
-25038
-11125
8361
23658
27103
16970
-1665
-19465
-27515
-21779
-5133
14084
26246
25259
11618
-7844
-23376
-27197
-17393
1124
19078
27475
22107
5664
-13616
-26075
-25471
-12107
7323
23084
27281
17810
-583
-18684
-27425
-22426
-6193
13143
25895
25674
12591
-6800
-22784
-27354
-18220
42
18282
27364
22737
6719
-12665
-25704
-25866
-13070
6274
22475
27416
18623
500
-17874
-27293
-23039
-7243
12181
25503
26048
13544
-5746
-22157
-27468
-19018
-1041
17458
27211
23332
7764
-11693
-25293
-26221
-14013
5215
21830
27509
19406
1581
-17036
-27118
-23615
-8282
11201
25072
26383
14476
-4683
-21496
-27540
-19787
-2122
16607
27016
23890
8796
-10704
-24842
-26535
-14934
4148
21153
27560
20160
2661
-16172
-26902
-24156
-9308
10203
24603
26677
15386
-3612
-20801
-27569
-20526
-3209
15692
26695
24266
9593
-10007
-24756
-27308
-16430
2384
19664
26714
19967
2774
-16273
-27645
-25659
-11319
8190
23095
25929
15273
-3537
-21075
-28556
-22232
-5272
13829
25501
23896
9819
-9678
-24828
-28040
-17706
997
18700
26534
20574
3806
-15370
-27346
-26124
-12315
7162
22551
26141
16134
-2447
-20279
-28416
-22760
-6116
13214
25584
24842
11404
-7952
-23487
-27377
-17639
878
18918
27457
22231
5868
-13435
-26007
-25550
-12293
7122
22970
27310
17969
-375
-18530
-27403
-22547
-6396
12960
25822
25749
12776
-6598
-22666
-27379
-18376
-167
18126
27338
22854
6921
-12479
-25628
-25937
-13253
6071
22353
27437
18776
708
-17715
-27262
-23152
-7444
11994
25423
26116
13725
-5542
-22032
-27485
-19168
-1249
17296
27176
23442
7963
-11505
-25209
-26284
-14192
5011
21703
27522
19554
1789
-16872
-27080
-23722
-8480
11010
24985
26443
14653
-4477
-21365
-27549
-19932
-2329
16440
26973
23993
8993
-10512
-24751
-26591
-15109
3942
21018
27565
20302
2868
-16002
-26856
-24255
-9503
10010
24508
26729
15559
-3406
-20664
-27570
-20664
-3406
15559
26729
24508
10010
-9503
-24255
-26856
-16002
2868
20302
27565
21018
3942
-15109
-26591
-24751
-10512
8993
23993
26973
16440
-2329
-19932
-27549
-21365
-4477
14653
26443
24985
11010
-8480
-23722
-27080
-16872
1789
19554
27522
21703
5011
-14192
-26284
-25209
-11505
7963
23442
27176
17296
-1249
-19168
-27485
-22032
-5542
13725
26116
25423
11994
-7444
-23152
-27262
-17715
708
18776
27437
22353
6071
-13253
-25937
-25628
-12479
6921
22854
27338
18126
-167
-18376
-27379
-22666
-6598
12776
25749
25822
12960
-6396
-22547
-27403
-18530
-375
17969
27310
22970
7122
-12293
-25550
-26007
-13425
5906
22315
27603
19150
1225
-17152
-26731
-22667
-6952
12584
26196
27097
14867
-4347
-20907
-26501
-18317
-457
18134
28141
24551
9162
-10315
-24124
-25346
-13370
5806
22574
28534
20700
2997
-15706
-26040
-22828
-7678
11819
25896
27501
15829
-3272
-20232
-26556
-19075
-1537
17273
27929
25095
10180
-9357
-23743
-25791
-14505
4428
21481
28068
20844
3384
-15610
-26662
-24269
-9660
9825
24412
26779
15730
-3199
-20526
-27569
-20801
-3612
15386
26677
24603
10203
-9308
-24156
-26902
-16172
2661
20160
27560
21153
4148
-14934
-26535
-24842
-10704
8796
23890
27016
16607
-2122
-19787
-27540
-21496
-4683
14476
26383
25072
11201
-8282
-23615
-27118
-17036
1581
19406
27509
21830
5215
-14013
-26221
-25293
-11693
7764
23332
27211
17458
-1041
-19018
-27468
-22157
-5746
13544
26048
25503
12181
-7243
-23039
-27293
-17874
500
18623
27416
22475
6274
-13070
-25866
-25704
-12665
6719
22737
27364
18282
42
-18220
-27354
-22784
-6800
12591
25674
25895
13143
-6193
-22426
-27425
-18684
-583
17810
27281
23084
7323
-12107
-25471
-26075
-13616
5664
22107
27475
19078
1124
-17393
-27197
-23376
-7844
11618
25259
26246
14084
-5133
-21779
-27515
-19465
-1665
16970
27103
23658
8361
-11125
-25038
-26407
-14547
4601
21443
27544
19845
2205
-16540
-26999
-23932
-8875
10627
24806
26557
15004
-4066
-21099
-27562
-20217
-2744
16104
26884
24196
9386
-10126
-24565
-26698
-15455
3530
20747
27570
20581
3282
-15662
-26759
-24451
-9893
9621
24315
26828
15901
-2992
-20386
-27567
-20937
-3819
15213
26623
24696
10397
-9111
-24055
-26947
-16340
2454
20018
27553
21285
4354
-14759
-26478
-24932
-10896
8599
23786
27056
16773
-1914
-19642
-27529
-21616
-4850
14383
26468
25380
11700
-7680
-23007
-26558
-16508
2151
20112
28410
22919
6410
-12833
-25156
-24375
-10882
8564
24220
28243
18619
167
-17867
-26449
-21280
-4949
14362
26979
26581
13368
-6042
-21924
-26321
-17032
1291
19469
28393
23595
7477
-11886
-24793
-24778
-11849
7517
23618
28389
19428
1212
-17147
-26473
-22123
-6310
13003
26097
26368
13634
-5768
-22158
-27361
-18798
-781
17651
27250
23197
7524
-11919
-25391
-26142
-13797
5460
21982
27491
19228
1332
-17231
-27162
-23486
-8043
11429
25175
26309
14263
-4929
-21651
-27527
-19612
-1872
16806
27064
23764
8559
-10934
-24950
-26466
-14723
4395
21312
27552
19989
2412
-16373
-26956
-24034
-9072
10435
24714
26613
15178
-3860
-20964
-27566
-20358
-2951
15935
26837
24295
9582
-9932
-24470
-26749
-15627
3323
20609
27570
20719
3488
-15490
-26708
-24546
-10087
9425
24216
26875
16070
-2785
-20245
-27563
-21072
-4025
15039
26569
24788
10589
-8915
-23952
-26990
-16507
2246
19874
27545
21417
4559
-14582
-26419
-25020
-11087
8401
23680
27096
16937
-1706
-19495
-27517
-21754
-5092
14120
26259
25243
11580
-7884
-23398
-27190
-17361
1166
19108
27478
22082
5623
-13653
-26089
-25455
-12069
7363
23107
27275
17778
-625
-18715
-27429
-22402
-6152
13180
25909
25658
12554
-6840
-22807
-27348
-18189
83
18313
27369
22713
6679
-12702
-25719
-25851
-13033
6315
22499
27412
18592
458
-17905
-27298
-23016
-7203
12219
25519
26035
13508
-5786
-22182
-27464
-18988
-999
17490
27217
23309
7724
-11731
-25309
-26208
-13977
5256
21856
27506
19377
1540
-17068
-27126
-23594
-8242
11239
25090
26371
14441
-4724
-21522
-27538
-19758
-2080
16640
27024
23869
8757
-10743
-24860
-26514
-14861
4274
21326
27781
20440
3022
-15705
-26314
-23444
-8491
11096
25537
27628
16342
-2654
-19829
-26569
-19498
-2158
16764
27789
25393
10776
-8738
-23373
-25798
-14798
4116
21470
28568
21856
4695
-14317
-25656
-23640
-9281
10229
25116
27920
17239
-1578
-19103
-26557
-20206
-3231
15864
27512
25869
11743
-7802
-22995
-26254
-15982
2636
20229
27938
21856
4987
-14259
-26274
-25069
-11267
8202
23572
27133
17101
-1498
-19347
-27503
-21881
-5297
13941
26195
25326
11769
-7684
-23287
-27224
-17522
958
18958
27461
22206
5827
-13471
-26021
-25535
-12256
7162
22993
27304
17937
-416
-18561
-27407
-22523
-6355
12996
25837
25734
12739
-6638
-22690
-27374
-18345
-125
18157
27343
22831
6881
-12517
-25643
-25923
-13216
6112
22378
27433
18745
666
-17746
-27269
-23130
-7403
12032
25439
26102
13689
-5583
-22057
-27482
-19138
-1207
17329
27183
23420
7923
-11542
-25226
-26272
-14156
5052
21728
27520
19524
1748
-16904
-27088
-23701
-8440
11049
25003
26431
14618
-4518
-21391
-27547
-19903
-2288
16474
26982
23973
8954
-10551
-24770
-26580
-15074
3984
21045
27564
20274
2827
-16036
-26865
-24236
-9464
10048
24527
26718
15524
-3447
-20692
-27570
-20636
-3365
15593
26739
24489
9971
-9542
-24275
-26847
-15969
2909
20330
27565
20991
3901
-15144
-26602
-24733
-10474
9033
24014
26965
16407
-2371
-19960
-27550
-21338
-4436
14688
26454
24967
10972
-8520
-23743
-27072
-16839
1831
19583
27525
21677
4970
-14227
-26297
-25192
-11467
8003
23464
27169
17264
-1290
-19198
-27488
-22007
-5501
13761
26129
25407
11957
-7484
-23175
-27256
-17683
749
18806
27441
22329
6030
-13289
-25951
-25612
-12442
6961
22877
27332
18095
-208
-18407
-27393
-22680
-6642
12666
25541
25499
12520
-6936
-23168
-28089
-19277
-1187
17084
26354
21956
6082
-13331
-26566
-26993
-14399
4909
21256
26453
17897
-126
-18587
-28237
-24242
-8604
10844
24358
25169
12869
-6379
-22932
-28498
-20288
-2415
16166
26148
22529
7123
-12353
-26141
-27334
-15334
3847
20600
26541
18709
1040
-17593
-27826
-24498
-9236
10358
24512
26181
14572
-4459
-21343
-27593
-20056
-2495
16306
26938
24075
9151
-10358
-24677
-26634
-15248
3777
20910
27567
20414
3034
-15867
-26818
-24334
-9660
9854
24431
26769
15696
-3241
-20553
-27569
-20774
-3571
15421
26687
24584
10165
-9347
-24176
-26893
-16138
2702
20189
27561
21126
4107
-14969
-26546
-24824
-10666
8836
23911
27007
16574
-2163
-19816
-27542
-21470
-4642
14512
26395
25055
11163
-8321
-23637
-27111
-17003
1623
19436
27512
21805
5174
-14049
-26233
-25276
-11656
7804
23354
27204
17426
-1082
-19048
-27471
-22132
-5705
13580
26062
25487
12144
-7283
-23061
-27287
-17842
541
18653
27420
22451
6233
-13106
-25880
-25689
-12628
6760
22760
27359
18251
0
-18251
-27359
-22760
-6760
12628
25689
25880
13106
-6233
-22451
-27420
-18653
-541
17842
27287
23061
7283
-12144
-25487
-26062
-13580
5705
22132
27471
19048
1082
-17426
-27204
-23354
-7804
11656
25276
26233
14049
-5174
-21805
-27512
-19436
-1623
17003
27111
23637
8321
-11163
-25055
-26395
-14512
4642
21470
27542
19816
2163
-16574
-27007
-23911
-8836
10666
24824
26546
14969
-4107
-21126
-27561
-20189
-2702
16138
26893
24176
9347
-10165
-24584
-26687
-15421
3571
20774
27569
20553
3241
-15696
-26769
-24431
-9854
9660
24334
26818
15867
-3034
-20414
-27567
-20910
-3777
15248
26634
24677
10358
-9151
-24065
-26900
-16222
2642
20268
27863
21661
4813
-14196
-25798
-24136
-10004
9554
24769
28039
17739
-955
-18671
-26531
-20600
-3847
15334
27334
26141
12353
-7123
-22529
-26148
-16166
2415
20288
28498
22932
6379
-12869
-25169
-24358
-10844
8604
24242
28237
18587
126
-17897
-26453
-21256
-4909
14399
26984
26528
13246
-6228
-22169
-26624
-17403
833
18902
27707
22793
6583
-12839
-25770
-25754
-12812
6557
22642
27384
18407
208
-18095
-27332
-22877
-6961
12442
25612
25951
13289
-6030
-22329
-27441
-18806
-749
17683
27256
23175
7484
-11957
-25407
-26129
-13761
5501
22007
27488
19198
1290
-17264
-27169
-23464
-8003
11467
25192
26297
14227
-4970
-21677
-27525
-19583
-1831
16839
27072
23743
8520
-10972
-24967
-26454
-14688
4436
21338
27550
19960
2371
-16407
-26965
-24014
-9033
10474
24733
26602
15144
-3901
-20991
-27565
-20330
-2909
15969
26847
24275
9542
-9971
-24489
-26739
-15593
3365
20636
27570
20692
3447
-15524
-26718
-24527
-10048
9464
24236
26865
16036
-2827
-20274
-27564
-21045
-3984
15074
26580
24770
10551
-8954
-23973
-26982
-16474
2288
19903
27547
21391
4518
-14618
-26431
-25003
-11049
8440
23701
27088
16904
-1748
-19524
-27520
-21728
-5052
14156
26272
25226
11542
-7923
-23420
-27183
-17329
1207
19138
27482
22057
5583
-13689
-26102
-25439
-12032
7403
23130
27269
17746
-666
-18745
-27433
-22378
-6112
13216
25923
25643
12517
-6881
-22831
-27343
-18157
125
18345
27374
22690
6638
-12739
-25734
-25837
-12996
6355
22523
27407
18561
416
-17937
-27304
-22993
-7162
12256
25535
26021
13471
-5827
-22206
-27461
-18958
-958
17522
27224
23287
7684
-11769
-25326
-26195
-13941
5297
21881
27503
19347
1498
-17091
-27095
-23488
-8056
11499
25415
26761
14905
-4167
-20856
-26758
-18876
-1123
17635
28022
24849
9717
-9781
-23878
-25512
-13864
5231
22206
28557
21103
3578
-15239
-25920
-23116
-8229
11281
25640
27656
16317
-2695
-19856
-26568
-19470
-2116
16798
27798
25373
10738
-8776
-23393
-25789
-14764
4158
21488
28531
21744
4507
-14574
-25975
-24024
-9742
9671
24444
27134
16352
-2535
-20094
-27549
-21179
-4189
14899
26524
24860
10743
-8757
-23869
-27024
-16640
2080
19758
27538
21522
4724
-14441
-26371
-25090
-11239
8242
23594
27126
17068
-1540
-19377
-27506
-21856
-5256
13977
26208
25309
11731
-7724
-23309
-27217
-17490
999
18988
27464
22182
5786
-13508
-26035
-25519
-12219
7203
23016
27298
17905
-458
-18592
-27412
-22499
-6315
13033
25851
25719
12702
-6679
-22713
-27369
-18313
-83
18189
27348
22807
6840
-12554
-25658
-25909
-13180
6152
22402
27429
18715
625
-17778
-27275
-23107
-7363
12069
25455
26089
13653
-5623
-22082
-27478
-19108
-1166
17361
27190
23398
7884
-11580
-25243
-26259
-14120
5092
21754
27517
19495
1706
-16937
-27096
-23680
-8401
11087
25020
26419
14582
-4559
-21417
-27545
-19874
-2246
16507
26990
23952
8915
-10589
-24788
-26569
-15039
4025
21072
27563
20245
2785
-16070
-26875
-24216
-9425
10087
24546
26708
15490
-3488
-20719
-27570
-20609
-3323
15627
26749
24470
9932
-9582
-24295
-26837
-15935
2951
20358
27566
20964
3860
-15178
-26613
-24714
-10435
9072
24034
26956
16373
-2412
-19989
-27552
-21312
-4395
14723
26466
24950
10934
-8559
-23764
-27064
-16806
1872
19612
27527
21651
4929
-14263
-26309
-25175
-11429
8043
23486
27162
17231
-1332
-19228
-27491
-21982
-5460
13797
26142
25391
11919
-7533
-23236
-27334
-17797
569
18528
27043
21805
5392
-14017
-26743
-26451
-13321
6040
21910
26327
17063
-1250
-19438
-28389
-23618
-7517
11849
24778
24793
11886
-7477
-23595
-28393
-19469
-1291
17032
26321
21924
6042
-13368
-26581
-26979
-14362
4949
21280
26449
17867
-167
-18619
-28243
-24220
-8564
10891
24413
25240
12979
-6197
-22648
-28092
-19758
-1776
16890
26933
23361
7999
-11429
-25168
-26322
-14299
4888
21625
27529
19642
1914
-16773
-27056
-23786
-8599
10896
24932
26478
14759
-4354
-21285
-27553
-20018
-2454
16340
26947
24055
9111
-10397
-24696
-26623
-15213
3819
20937
27567
20386
2992
-15901
-26828
-24315
-9621
9893
24451
26759
15662
-3282
-20581
-27570
-20747
-3530
15455
26698
24565
10126
-9386
-24196
-26884
-16104
2744
20217
27562
21099
4066
-15004
-26557
-24806
-10627
8875
23932
26999
16540
-2205
-19845
-27544
-21443
-4601
14547
26407
25038
11125
-8361
-23658
-27103
-16970
1665
19465
27515
21779
5133
-14084
-26246
-25259
-11618
7844
23376
27197
17393
-1124
-19078
-27475
-22107
-5664
13616
26075
25471
12107
-7323
-23084
-27281
-17810
583
18684
27425
22426
6193
-13143
-25895
-25674
-12591
6800
22784
27354
18220
-42
-18282
-27364
-22737
-6719
12665
25704
25866
13070
-6274
-22475
-27416
-18623
-500
17874
27293
23039
7243
-12181
-25503
-26048
-13544
5746
22157
27468
19018
1041
-17458
-27211
-23332
-7764
11693
25293
26221
14013
-5215
-21830
-27509
-19406
-1581
17036
27118
23615
8282
-11201
-25072
-26383
-14476
4683
21496
27540
19787
2122
-16607
-27016
-23890
-8796
10704
24842
26535
14934
-4148
-21153
-27560
-20160
-2661
16172
26902
24156
9308
-10203
-24603
-26677
-15386
3612
20801
27569
20526
3190
-15768
-26863
-24558
-10038
9390
23951
26308
15235
-3766
-21220
-28422
-21799
-4698
14292
25645
23659
9319
-10190
-25095
-27929
-17273
1537
19075
26556
20232
3272
-15829
-27501
-25896
-11819
7678
22828
26040
15706
-2997
-20700
-28534
-22574
-5806
13370
25346
24124
10315
-9162
-24551
-28141
-18134
466
18356
26585
21053
4560
-14596
-26779
-25842
-12209
7335
23043
27084
17470
-954
-18937
-27457
-22231
-5868
13435
26007
25550
12293
-7122
-22970
-27310
-17969
375
18530
27403
22547
6396
-12960
-25822
-25749
-12776
6598
22666
27379
18376
167
-18126
-27338
-22854
-6921
12479
25628
25937
13253
-6071
-22353
-27437
-18776
-708
17715
27262
23152
7444
-11994
-25423
-26116
-13725
5542
22032
27485
19168
1249
-17296
-27176
-23442
-7963
11505
25209
26284
14192
-5011
-21703
-27522
-19554
-1789
16872
27080
23722
8480
-11010
-24985
-26443
-14653
4477
21365
27549
19932
2329
-16440
-26973
-23993
-8993
10512
24751
26591
15109
-3942
-21018
-27565
-20302
-2868
16002
26856
24255
9503
-10010
-24508
-26729
-15559
3406
20664
27570
20664
3406
-15559
-26729
-24508
-10010
9503
24255
26856
16002
-2868
-20302
-27565
-21018
-3942
15109
26591
24751
10512
-8993
-23993
-26973
-16440
2329
19932
27549
21365
4477
-14653
-26443
-24985
-11010
8480
23722
27080
16872
-1789
-19554
-27522
-21703
-5011
14192
26284
25209
11505
-7963
-23442
-27176
-17296
1249
19168
27485
22032
5542
-13725
-26116
-25423
-11994
7444
23152
27262
17715
-708
-18776
-27437
-22353
-6071
13253
25937
25628
12479
-6921
-22854
-27338
-18126
167
18376
27379
22666
6598
-12776
-25749
-25822
-12960
6396
22547
27403
18530
375
-17969
-27310
-22970
-7122
12293
25550
26007
13445
-5830
-22147
-27310
-18705
-607
17957
27731
23862
8335
-11029
-24488
-25266
-12943
6328
22907
28501
20317
2457
-16134
-26141
-22551
-7162
12315
26124
27346
15370
-3806
-20574
-26534
-18700
-997
17706
28040
24828
9678
-9819
-23896
-25501
-13829
5272
22232
28556
21075
3537
-15273
-25929
-23095
-8200
11281
25575
27498
16060
-3045
-20285
-27068
-20040
-2766
16055
26955
24438
9737
-9806
-24412
-26779
-15730
3199
20526
27569
20801
3612
-15386
-26677
-24603
-10203
9308
24156
26902
16172
-2661
-20160
-27560
-21153
-4148
14934
26535
24842
10704
-8796
-23890
-27016
-16607
2122
19787
27540
21496
4683
-14476
-26383
-25072
-11201
8282
23615
27118
17036
-1581
-19406
-27509
-21830
-5215
14013
26221
25293
11693
-7764
-23332
-27211
-17458
1041
19018
27468
22157
5746
-13544
-26048
-25503
-12181
7243
23039
27293
17874
-500
-18623
-27416
-22475
-6274
13070
25866
25704
12665
-6719
-22737
-27364
-18282
-42
18220
27354
22784
6800
-12591
-25674
-25895
-13143
6193
22426
27425
18684
583
-17810
-27281
-23084
-7323
12107
25471
26075
13616
-5664
-22107
-27475
-19078
-1124
17393
27197
23376
7844
-11618
-25259
-26246
-14084
5133
21779
27515
19465
1665
-16970
-27103
-23658
-8361
11125
25038
26407
14547
-4601
-21443
-27544
-19845
-2205
16540
26999
23932
8875
-10627
-24806
-26557
-15004
4066
21099
27562
20217
2744
-16104
-26884
-24196
-9386
10126
24565
26698
15455
-3530
-20747
-27570
-20581
-3282
15662
26759
24451
9893
-9621
-24315
-26828
-15901
2992
20386
27567
20937
3819
-15213
-26623
-24696
-10397
9111
24055
26947
16340
-2454
-20018
-27553
-21285
-4354
14759
26478
24932
10896
-8599
-23786
-27056
-16773
1914
19642
27529
21616
4850
-14383
-26468
-25380
-11700
7680
23007
26558
16508
-2151
-20112
-28410
-22919
-6410
12833
25156
24375
10882
-8564
-24220
-28243
-18619
-167
17867
26449
21280
4949
-14362
-26979
-26581
-13368
6042
21924
26321
17032
-1291
-19469
-28393
-23595
-7477
11886
24793
24778
11849
-7517
-23618
-28389
-19428
-1212
17147
26473
22123
6310
-13003
-26097
-26368
-13634
5768
22158
27361
18798
781
-17651
-27250
-23197
-7524
11919
25391
26142
13797
-5460
-21982
-27491
-19228
-1332
17231
27162
23486
8043
-11429
-25175
-26309
-14263
4929
21651
27527
19612
1872
-16806
-27064
-23764
-8559
10934
24950
26466
14723
-4395
-21312
-27552
-19989
-2412
16373
26956
24034
9072
-10435
-24714
-26613
-15178
3860
20964
27566
20358
2951
-15935
-26837
-24295
-9582
9932
24470
26749
15627
-3323
-20609
-27570
-20719
-3488
15490
26708
24546
10087
-9425
-24216
-26875
-16070
2785
20245
27563
21072
4025
-15039
-26569
-24788
-10589
8915
23952
26990
16507
-2246
-19874
-27545
-21417
-4559
14582
26419
25020
11087
-8401
-23680
-27096
-16937
1706
19495
27517
21754
5092
-14120
-26259
-25243
-11580
7884
23398
27190
17361
-1166
-19108
-27478
-22082
-5623
13653
26089
25455
12069
-7363
-23107
-27275
-17778
625
18715
27429
22402
6152
-13180
-25909
-25658
-12554
6840
22807
27348
18189
-83
-18313
-27369
-22713
-6679
12702
25719
25851
13033
-6315
-22499
-27412
-18592
-458
17905
27298
23016
7203
-12219
-25519
-26035
-13508
5786
22182
27464
18988
999
-17490
-27217
-23309
-7724
11731
25309
26208
13977
-5256
-21856
-27506
-19377
-1540
17068
27126
23594
8242
-11239
-25090
-26371
-14441
4724
21522
27538
19758
2080
-16640
-27024
-23869
-8757
10743
24860
26533
14937
-4105
-21033
-27336
-19823
-2217
16705
27509
24827
10046
-9388
-23706
-25704
-14361
4654
21829
28569
21498
4158
-14764
-25789
-23393
-8776
10738
25373
27798
16798
-2116
-19470
-26568
-19856
-2695
16317
27656
25640
11281
-8229
-23116
-25920
-15239
3578
21103
28557
22206
5231
-13864
-25512
-23888
-9819
9633
24702
27810
17365
-1441
-19229
-27133
-21239
-4542
14552
26443
25145
11287
-8202
-23572
-27133
-17101
1498
19347
27503
21881
5297
-13941
-26195
-25326
-11769
7684
23287
27224
17522
-958
-18958
-27461
-22206
-5827
13471
26021
25535
12256
-7162
-22993
-27304
-17937
416
18561
27407
22523
6355
-12996
-25837
-25734
-12739
6638
22690
27374
18345
125
-18157
-27343
-22831
-6881
12517
25643
25923
13216
-6112
-22378
-27433
-18745
-666
17746
27269
23130
7403
-12032
-25439
-26102
-13689
5583
22057
27482
19138
1207
-17329
-27183
-23420
-7923
11542
25226
26272
14156
-5052
-21728
-27520
-19524
-1748
16904
27088
23701
8440
-11049
-25003
-26431
-14618
4518
21391
27547
19903
2288
-16474
-26982
-23973
-8954
10551
24770
26580
15074
-3984
-21045
-27564
-20274
-2827
16036
26865
24236
9464
-10048
-24527
-26718
-15524
3447
20692
27570
20636
3365
-15593
-26739
-24489
-9971
9542
24275
26847
15969
-2909
-20330
-27565
-20991
-3901
15144
26602
24733
10474
-9033
-24014
-26965
-16407
2371
19960
27550
21338
4436
-14688
-26454
-24967
-10972
8520
23743
27072
16839
-1831
-19583
-27525
-21677
-4970
14227
26297
25192
11467
-8003
-23464
-27169
-17264
1290
19198
27488
22007
5501
-13761
-26129
-25407
-11957
7484
23175
27256
17683
-749
-18806
-27441
-22329
-6030
13289
25951
25612
12442
-6961
-22877
-27332
-18095
208
18407
27393
22680
6642
-12666
-25541
-25499
-12520
6936
23168
28089
19277
1187
-17084
-26354
-21956
-6082
13331
26566
26993
14399
-4909
-21256
-26453
-17897
126
18587
28237
24242
8604
-10844
-24358
-25169
-12869
6379
22932
28498
20288
2415
-16166
-26148
-22529
-7123
12353
26141
27334
15334
-3847
-20600
-26541
-18709
-1040
17593
27826
24498
9236
-10358
-24512
-26181
-14572
4459
21343
27593
20056
2495
-16306
-26938
-24075
-9151
10358
24677
26634
15248
-3777
-20910
-27567
-20414
-3034
15867
26818
24334
9660
-9854
-24431
-26769
-15696
3241
20553
27569
20774
3571
-15421
-26687
-24584
-10165
9347
24176
26893
16138
-2702
-20189
-27561
-21126
-4107
14969
26546
24824
10666
-8836
-23911
-27007
-16574
2163
19816
27542
21470
4642
-14512
-26395
-25055
-11163
8321
23637
27111
17003
-1623
-19436
-27512
-21805
-5174
14049
26233
25276
11656
-7804
-23354
-27204
-17426
1082
19048
27471
22132
5705
-13580
-26062
-25487
-12144
7283
23061
27287
17842
-541
-18653
-27420
-22451
-6233
13106
25880
25689
12628
-6760
-22760
-27359
-18251
