0
18251
27359
22760
6760
-12628
-25689
-25880
-13106
6233
22451
27420
18653
541
-17842
-27287
-23061
-7283
12144
25487
26062
13580
-5705
-22132
-27471
-19048
-1082
17426
27204
23354
7804
-11656
-25276
-26233
-14049
5174
21805
27512
19436
1623
-17003
-27111
-23637
-8321
11163
25055
26395
14512
-4642
-21470
-27542
-19816
-2163
16574
27007
23911
8836
-10666
-24824
-26546
-14969
4107
21126
27561
20189
2702
-16138
-26893
-24176
-9347
10165
24584
26687
15421
-3571
-20774
-27569
-20553
-3241
15696
26769
24431
9854
-9660
-24334
-26818
-15867
3034
20414
27567
20910
3777
-15248
-26634
-24677
-10358
9151
24077
26948
16327
-2458
-19991
-27478
-21158
-4188
14943
26662
25109
11071
-8409
-23566
-26801
-16489
2205
19921
27781
21850
5097
-14084
-26084
-24891
-11103
8373
23779
27398
17416
-1165
-19038
-27248
-21682
-5129
14119
26419
25608
12094
-7354
-22992
-26987
-17337
1124
19147
27703
22506
6159
-13149
-25746
-25325
-12102
7295
23141
27489
18149
-208
-18399
-27321
-22515
-6399
12944
25817
25766
12812
-6557
-22642
-27384
-18407
-208
18095
27332
22877
6961
-12442
-25612
-25951
-13289
6030
22329
27441
18806
749
-17683
-27256
-23175
-7484
11957
25407
26129
13761
-5501
-22007
-27488
-19198
-1290
17264
27169
23464
8003
-11467
-25192
-26297
-14227
4970
21677
27525
19583
1831
-16839
-27072
-23743
-8520
10972
24967
26454
14688
-4436
-21338
-27550
-19960
-2371
16407
26965
24014
9033
-10474
-24733
-26602
-15144
3901
20991
27565
20330
2909
-15969
-26847
-24275
-9542
9971
24489
26739
15593
-3365
-20636
-27570
-20692
-3447
15524
26718
24527
10048
-9464
-24236
-26865
-16036
2827
20274
27564
21045
3984
-15074
-26580
-24770
-10551
8954
23973
26982
16474
-2288
-19903
-27547
-21391
-4518
14618
26431
25003
11049
-8440
-23701
-27088
-16904
1748
19524
27520
21728
5052
-14156
-26272
-25226
-11542
7923
23420
27183
17329
-1207
-19138
-27482
-22057
-5583
13689
26102
25439
12032
-7403
-23130
-27269
-17746
666
18745
27433
22378
6112
-13216
-25923
-25643
-12517
6881
22831
27343
18157
-125
-18345
-27374
-22690
-6638
12739
25734
25837
12996
-6355
-22523
-27407
-18561
-416
17937
27304
22993
7162
-12256
-25535
-26021
-13471
5827
22206
27461
18958
958
-17522
-27224
-23287
-7684
11769
25326
26195
13941
-5297
-21881
-27503
-19347
-1498
17099
27124
23551
8166
-11333
-25184
-26459
-14530
4615
21375
27341
19516
1810
-16914
-27280
-24099
-8967
10531
24628
26262
14614
-4481
-21456
-27807
-20353
-2828
15989
26670
23866
8979
-10531
-24890
-26906
-15567
3445
20606
27318
20220
2866
-16048
-27048
-24623
-9988
9526
24143
26539
15514
-3408
-20745
-27809
-21058
-3867
15157
26493
24472
10117
-9369
-24213
-26967
-16242
2598
20122
27556
21179
4189
-14899
-26524
-24860
-10743
8757
23869
27024
16640
-2080
-19758
-27538
-21522
-4724
14441
26371
25090
11239
-8242
-23594
-27126
-17068
1540
19377
27506
21856
5256
-13977
-26208
-25309
-11731
7724
23309
27217
17490
-999
-18988
-27464
-22182
-5786
13508
26035
25519
12219
-7203
-23016
-27298
-17905
458
18592
27412
22499
6315
-13033
-25851
-25719
-12702
6679
22713
27369
18313
83
-18189
-27348
-22807
-6840
12554
25658
25909
13180
-6152
-22402
-27429
-18715
-625
17778
27275
23107
7363
-12069
-25455
-26089
-13653
5623
22082
27478
19108
1166
-17361
-27190
-23398
-7884
11580
25243
26259
14120
-5092
-21754
-27517
-19495
-1706
16937
27096
23680
8401
-11087
-25020
-26419
-14582
4559
21417
27545
19874
2246
-16507
-26990
-23952
-8915
10589
24788
26569
15039
-4025
-21072
-27563
-20245
-2785
16070
26875
24216
9425
-10087
-24546
-26708
-15490
3488
20719
27570
20609
3323
-15627
-26749
-24470
-9932
9582
24295
26837
15935
-2951
-20358
-27566
-20964
-3860
15178
26613
24714
10435
-9072
-24034
-26956
-16373
2412
19989
27552
21312
4395
-14723
-26466
-24950
-10934
8559
23764
27064
16806
-1872
-19612
-27527
-21651
-4929
14263
26309
25175
11429
-8043
-23486
-27162
-17231
1332
19228
27491
21982
5460
-13797
-26142
-25391
-11919
7521
23188
27229
17614
-847
-18914
-27546
-22430
-6139
13153
25771
25384
12176
-7242
-23148
-27577
-18313
0
18188
27139
22368
6267
-13099
-26028
-26043
-13136
6227
22345
27143
18219
41
-18282
-27571
-23174
-7292
12118
25331
25729
13112
-6199
-22530
-27699
-19117
-1083
17369
26993
22970
7314
-12129
-25615
-26384
-14046
5225
21784
27345
19133
1273
-17276
-27211
-23544
-8104
11381
25156
26322
14299
-4888
-21625
-27529
-19642
-1914
16773
27056
23786
8599
-10896
-24932
-26478
-14759
4354
21285
27553
20018
2454
-16340
-26947
-24055
-9111
10397
24696
26623
15213
-3819
-20937
-27567
-20386
-2992
15901
26828
24315
9621
-9893
-24451
-26759
-15662
3282
20581
27570
20747
3530
-15455
-26698
-24565
-10126
9386
24196
26884
16104
-2744
-20217
-27562
-21099
-4066
15004
26557
24806
10627
-8875
-23932
-26999
-16540
2205
19845
27544
21443
4601
-14547
-26407
-25038
-11125
8361
23658
27103
16970
-1665
-19465
-27515
-21779
-5133
14084
26246
25259
11618
-7844
-23376
-27197
-17393
1124
19078
27475
22107
5664
-13616
-26075
-25471
-12107
7323
23084
27281
17810
-583
-18684
-27425
-22426
-6193
13143
25895
25674
12591
-6800
-22784
-27354
-18220
42
18282
27364
22737
6719
-12665
-25704
-25866
-13070
6274
22475
27416
18623
500
-17874
-27293
-23039
-7243
12181
25503
26048
13544
-5746
-22157
-27468
-19018
-1041
17458
27211
23332
7764
-11693
-25293
-26221
-14013
5215
21830
27509
19406
1581
-17036
-27118
-23615
-8282
11201
25072
26383
14476
-4683
-21496
-27540
-19787
-2122
16607
27016
23890
8796
-10704
-24842
-26535
-14934
4148
21153
27560
20160
2661
-16172
-26902
-24156
-9308
10203
24603
26677
15386
-3612
-20801
-27569
-20526
-3197
15740
26800
24449
9871
-9621
-24253
-26683
-15683
3248
20636
27781
21112
3977
-15035
-26395
-24409
-10069
9440
24345
27179
16523
-2287
-19825
-27306
-20982
-4022
15079
26751
25146
11069
-8428
-23578
-26790
-16456
2247
19950
27784
21824
5056
-14120
-26096
-24874
-11065
8412
23801
27391
17384
-1209
-19077
-27272
-21693
-5143
14078
26331
25467
11907
-7567
-23209
-27194
-17533
925
18930
27457
22231
5868
-13435
-26007
-25550
-12293
7122
22970
27310
17969
-375
-18530
-27403
-22547
-6396
12960
25822
25749
12776
-6598
-22666
-27379
-18376
-167
18126
27338
22854
6921
-12479
-25628
-25937
-13253
6071
22353
27437
18776
708
-17715
-27262
-23152
-7444
11994
25423
26116
13725
-5542
-22032
-27485
-19168
-1249
17296
27176
23442
7963
-11505
-25209
-26284
-14192
5011
21703
27522
19554
1789
-16872
-27080
-23722
-8480
11010
24985
26443
14653
-4477
-21365
-27549
-19932
-2329
16440
26973
23993
8993
-10512
-24751
-26591
-15109
3942
21018
27565
20302
2868
-16002
-26856
-24255
-9503
10010
24508
26729
15559
-3406
-20664
-27570
-20664
-3406
15559
26729
24508
10010
-9503
-24255
-26856
-16002
2868
20302
27565
21018
3942
-15109
-26591
-24751
-10512
8993
23993
26973
16440
-2329
-19932
-27549
-21365
-4477
14653
26443
24985
11010
-8480
-23722
-27080
-16872
1789
19554
27522
21703
5011
-14192
-26284
-25209
-11505
7963
23442
27176
17296
-1249
-19168
-27485
-22032
-5542
13725
26116
25423
11994
-7444
-23152
-27262
-17715
708
18776
27437
22353
6071
-13253
-25937
-25628
-12479
6921
22854
27338
18126
-167
-18376
-27379
-22666
-6598
12776
25749
25822
12960
-6396
-22547
-27403
-18530
-375
17969
27310
22970
7122
-12293
-25550
-26007
-13433
5877
22252
27493
18983
993
-17454
-27106
-23115
-7471
12001
25555
26411
14146
-5090
-21657
-27251
-19067
-1207
17384
27391
23801
8412
-11065
-24874
-26096
-14120
5056
21824
27784
19950
2247
-16456
-26790
-23578
-8428
11069
25146
26751
15079
-4022
-20982
-27306
-19825
-2287
16523
27179
24345
9438
-10079
-24430
-26431
-15088
3909
21032
27693
20543
3152
-15777
-26772
-24333
-9689
9818
24412
26779
15730
-3199
-20526
-27569
-20801
-3612
15386
26677
24603
10203
-9308
-24156
-26902
-16172
2661
20160
27560
21153
4148
-14934
-26535
-24842
-10704
8796
23890
27016
16607
-2122
-19787
-27540
-21496
-4683
14476
26383
25072
11201
-8282
-23615
-27118
-17036
1581
19406
27509
21830
5215
-14013
-26221
-25293
-11693
7764
23332
27211
17458
-1041
-19018
-27468
-22157
-5746
13544
26048
25503
12181
-7243
-23039
-27293
-17874
500
18623
27416
22475
6274
-13070
-25866
-25704
-12665
6719
22737
27364
18282
42
-18220
-27354
-22784
-6800
12591
25674
25895
13143
-6193
-22426
-27425
-18684
-583
17810
27281
23084
7323
-12107
-25471
-26075
-13616
5664
22107
27475
19078
1124
-17393
-27197
-23376
-7844
11618
25259
26246
14084
-5133
-21779
-27515
-19465
-1665
16970
27103
23658
8361
-11125
-25038
-26407
-14547
4601
21443
27544
19845
2205
-16540
-26999
-23932
-8875
10627
24806
26557
15004
-4066
-21099
-27562
-20217
-2744
16104
26884
24196
9386
-10126
-24565
-26698
-15455
3530
20747
27570
20581
3282
-15662
-26759
-24451
-9893
9621
24315
26828
15901
-2992
-20386
-27567
-20937
-3819
15213
26623
24696
10397
-9111
-24055
-26947
-16340
2454
20018
27553
21285
4354
-14759
-26478
-24932
-10896
8599
23786
27056
16773
-1914
-19642
-27529
-21628
-4897
14278
26285
25103
11314
-8183
-23632
-27305
-17372
1179
19045
27266
21716
5172
-14083
-26406
-25625
-12132
7314
22970
26993
17369
-1083
-19117
-27699
-22530
-6199
13112
25729
25331
12118
-7292
-23174
-27571
-18282
41
18219
27143
22345
6227
-13136
-26043
-26028
-13099
6267
22368
27139
18190
9
-18292
-27540
-23095
-7174
12256
25472
25865
13249
-6045
-22341
-27466
-18846
-793
17651
27250
23197
7524
-11919
-25391
-26142
-13797
5460
21982
27491
19228
1332
-17231
-27162
-23486
-8043
11429
25175
26309
14263
-4929
-21651
-27527
-19612
-1872
16806
27064
23764
8559
-10934
-24950
-26466
-14723
4395
21312
27552
19989
2412
-16373
-26956
-24034
-9072
10435
24714
26613
15178
-3860
-20964
-27566
-20358
-2951
15935
26837
24295
9582
-9932
-24470
-26749
-15627
3323
20609
27570
20719
3488
-15490
-26708
-24546
-10087
9425
24216
26875
16070
-2785
-20245
-27563
-21072
-4025
15039
26569
24788
10589
-8915
-23952
-26990
-16507
2246
19874
27545
21417
4559
-14582
-26419
-25020
-11087
8401
23680
27096
16937
-1706
-19495
-27517
-21754
-5092
14120
26259
25243
11580
-7884
-23398
-27190
-17361
1166
19108
27478
22082
5623
-13653
-26089
-25455
-12069
7363
23107
27275
17778
-625
-18715
-27429
-22402
-6152
13180
25909
25658
12554
-6840
-22807
-27348
-18189
83
18313
27369
22713
6679
-12702
-25719
-25851
-13033
6315
22499
27412
18592
458
-17905
-27298
-23016
-7203
12219
25519
26035
13508
-5786
-22182
-27464
-18988
-999
17490
27217
23309
7724
-11731
-25309
-26208
-13977
5256
21856
27506
19377
1540
-17068
-27126
-23594
-8242
11239
25090
26371
14441
-4724
-21522
-27538
-19758
-2080
16640
27024
23869
8757
-10743
-24860
-26521
-14890
4211
21216
27614
20209
2720
-16080
-26762
-23963
-9074
10455
24850
26907
15599
-3404
-20579
-27319
-20248
-2908
16014
27039
24643
10026
-9488
-24123
-26548
-15548
3366
20720
27818
21106
3945
-15067
-26406
-24390
-10031
9479
24366
27170
16489
-2328
-19853
-27307
-20956
-3981
15114
26762
25126
11021
-8488
-23635
-26838
-16500
2188
19854
27636
21625
4820
-14369
-26337
-25097
-11275
8202
23572
27133
17101
-1498
-19347
-27503
-21881
-5297
13941
26195
25326
11769
-7684
-23287
-27224
-17522
958
18958
27461
22206
5827
-13471
-26021
-25535
-12256
7162
22993
27304
17937
-416
-18561
-27407
-22523
-6355
12996
25837
25734
12739
-6638
-22690
-27374
-18345
-125
18157
27343
22831
6881
-12517
-25643
-25923
-13216
6112
22378
27433
18745
666
-17746
-27269
-23130
-7403
12032
25439
26102
13689
-5583
-22057
-27482
-19138
-1207
17329
27183
23420
7923
-11542
-25226
-26272
-14156
5052
21728
27520
19524
1748
-16904
-27088
-23701
-8440
11049
25003
26431
14618
-4518
-21391
-27547
-19903
-2288
16474
26982
23973
8954
-10551
-24770
-26580
-15074
3984
21045
27564
20274
2827
-16036
-26865
-24236
-9464
10048
24527
26718
15524
-3447
-20692
-27570
-20636
-3365
15593
26739
24489
9971
-9542
-24275
-26847
-15969
2909
20330
27565
20991
3901
-15144
-26602
-24733
-10474
9033
24014
26965
16407
-2371
-19960
-27550
-21338
-4436
14688
26454
24967
10972
-8520
-23743
-27072
-16839
1831
19583
27525
21677
4970
-14227
-26297
-25192
-11467
8003
23464
27169
17264
-1290
-19198
-27488
-22007
-5501
13761
26129
25407
11957
-7484
-23175
-27256
-17683
749
18806
27441
22329
6030
-13289
-25951
-25612
-12442
6961
22877
27332
18095
-208
-18407
-27381
-22633
-6536
12849
25819
25885
13024
-6311
-22421
-27225
-18305
-120
18229
27556
23194
7332
-12081
-25316
-25743
-13149
6159
22506
27703
19147
1124
-17337
-26987
-22992
-7354
12094
25608
26419
14119
-5129
-21682
-27248
-19038
-1165
17416
27398
23779
8373
-11103
-24891
-26084
-14084
5097
21850
27779
19911
2184
-16526
-26854
-23634
-8489
10983
25015
26566
14849
-4276
-21238
-27545
-20044
-2495
16306
26938
24075
9151
-10358
-24677
-26634
-15248
3777
20910
27567
20414
3034
-15867
-26818
-24334
-9660
9854
24431
26769
15696
-3241
-20553
-27569
-20774
-3571
15421
26687
24584
10165
-9347
-24176
-26893
-16138
2702
20189
27561
21126
4107
-14969
-26546
-24824
-10666
8836
23911
27007
16574
-2163
-19816
-27542
-21470
-4642
14512
26395
25055
11163
-8321
-23637
-27111
-17003
1623
19436
27512
21805
5174
-14049
-26233
-25276
-11656
7804
23354
27204
17426
-1082
-19048
-27471
-22132
-5705
13580
26062
25487
12144
-7283
-23061
-27287
-17842
541
18653
27420
22451
6233
-13106
-25880
-25689
-12628
6760
22760
27359
18251
0
-18251
-27359
-22760
-6760
12628
25689
25880
13106
-6233
-22451
-27420
-18653
-541
17842
27287
23061
7283
-12144
-25487
-26062
-13580
5705
22132
27471
19048
1082
-17426
-27204
-23354
-7804
11656
25276
26233
14049
-5174
-21805
-27512
-19436
-1623
17003
27111
23637
8321
-11163
-25055
-26395
-14512
4642
21470
27542
19816
2163
-16574
-27007
-23911
-8836
10666
24824
26546
14969
-4107
-21126
-27561
-20189
-2702
16138
26893
24176
9347
-10165
-24584
-26687
-15421
3571
20774
27569
20553
3241
-15696
-26769
-24431
-9854
9660
24334
26818
15867
-3034
-20414
-27567
-20910
-3777
15248
26634
24677
10358
-9151
-24077
-26948
-16327
2458
19991
27478
21158
4188
-14943
-26662
-25109
-11071
8409
23566
26801
16489
-2205
-19921
-27781
-21850
-5097
14084
26084
24891
11103
-8373
-23779
-27398
-17416
1165
19038
27248
21682
5129
-14119
-26419
-25608
-12094
7354
22992
26987
17337
-1124
-19147
-27703
-22506
-6159
13149
25746
25325
12102
-7295
-23141
-27489
-18149
208
18399
27321
22515
6399
-12944
-25817
-25766
-12812
6557
22642
27384
18407
208
-18095
-27332
-22877
-6961
12442
25612
25951
13289
-6030
-22329
-27441
-18806
-749
17683
27256
23175
7484
-11957
-25407
-26129
-13761
5501
22007
27488
19198
1290
-17264
-27169
-23464
-8003
11467
25192
26297
14227
-4970
-21677
-27525
-19583
-1831
16839
27072
23743
8520
-10972
-24967
-26454
-14688
4436
21338
27550
19960
2371
-16407
-26965
-24014
-9033
10474
24733
26602
15144
-3901
-20991
-27565
-20330
-2909
15969
26847
24275
9542
-9971
-24489
-26739
-15593
3365
20636
27570
20692
3447
-15524
-26718
-24527
-10048
9464
24236
26865
16036
-2827
-20274
-27564
-21045
-3984
15074
26580
24770
10551
-8954
-23973
-26982
-16474
2288
19903
27547
21391
4518
-14618
-26431
-25003
-11049
8440
23701
27088
16904
-1748
-19524
-27520
-21728
-5052
14156
26272
25226
11542
-7923
-23420
-27183
-17329
1207
19138
27482
22057
5583
-13689
-26102
-25439
-12032
7403
23130
27269
17746
-666
-18745
-27433
-22378
-6112
13216
25923
25643
12517
-6881
-22831
-27343
-18157
125
18345
27374
22690
6638
-12739
-25734
-25837
-12996
6355
22523
27407
18561
416
-17937
-27304
-22993
-7162
12256
25535
26021
13471
-5827
-22206
-27461
-18958
-958
17522
27224
23287
7684
-11769
-25326
-26195
-13941
5297
21881
27503
19347
1498
-17099
-27124
-23551
-8166
11333
25184
26459
14530
-4615
-21375
-27341
-19516
-1810
16914
27280
24099
8967
-10531
-24628
-26262
-14614
4481
21456
27807
20353
2828
-15989
-26670
-23866
-8979
10531
24890
26906
15567
-3445
-20606
-27318
-20220
-2866
16048
27048
24623
9988
-9526
-24143
-26539
-15514
3408
20745
27809
21058
3867
-15157
-26493
-24472
-10117
9369
24213
26967
16242
-2598
-20122
-27556
-21179
-4189
14899
26524
24860
10743
-8757
-23869
-27024
-16640
2080
19758
27538
21522
4724
-14441
-26371
-25090
-11239
8242
23594
27126
17068
-1540
-19377
-27506
-21856
-5256
13977
26208
25309
11731
-7724
-23309
-27217
-17490
999
18988
27464
22182
5786
-13508
-26035
-25519
-12219
7203
23016
27298
17905
-458
-18592
-27412
-22499
-6315
13033
25851
25719
12702
-6679
-22713
-27369
-18313
-83
18189
27348
22807
6840
-12554
-25658
-25909
-13180
6152
22402
27429
18715
625
-17778
-27275
-23107
-7363
12069
25455
26089
13653
-5623
-22082
-27478
-19108
-1166
17361
27190
23398
7884
-11580
-25243
-26259
-14120
5092
21754
27517
19495
1706
-16937
-27096
-23680
-8401
11087
25020
26419
14582
-4559
-21417
-27545
-19874
-2246
16507
26990
23952
8915
-10589
-24788
-26569
-15039
4025
21072
27563
20245
2785
-16070
-26875
-24216
-9425
10087
24546
26708
15490
-3488
-20719
-27570
-20609
-3323
15627
26749
24470
9932
-9582
-24295
-26837
-15935
2951
20358
27566
20964
3860
-15178
-26613
-24714
-10435
9072
24034
26956
16373
-2412
-19989
-27552
-21312
-4395
14723
26466
24950
10934
-8559
-23764
-27064
-16806
1872
19612
27527
21651
4929
-14263
-26309
-25175
-11429
8043
23486
27162
17231
-1332
-19228
-27491
-21982
-5460
13797
26142
25391
11919
-7521
-23188
-27229
-17614
847
18914
27546
22430
6139
-13153
-25771
-25384
-12176
7242
23148
27577
18313
0
-18188
-27139
-22368
-6267
13099
26028
26043
13136
-6227
-22345
-27143
-18219
-41
18282
27571
23174
7292
-12118
-25331
-25729
-13112
6199
22530
27699
19117
1083
-17369
-26993
-22970
-7314
12129
25615
26384
14046
-5225
-21784
-27345
-19133
-1273
17276
27211
23544
8104
-11381
-25156
-26322
-14299
4888
21625
27529
19642
1914
-16773
-27056
-23786
-8599
10896
24932
26478
14759
-4354
-21285
-27553
-20018
-2454
16340
26947
24055
9111
-10397
-24696
-26623
-15213
3819
20937
27567
20386
2992
-15901
-26828
-24315
-9621
9893
24451
26759
15662
-3282
-20581
-27570
-20747
-3530
15455
26698
24565
10126
-9386
-24196
-26884
-16104
2744
20217
27562
21099
4066
-15004
-26557
-24806
-10627
8875
23932
26999
16540
-2205
-19845
-27544
-21443
-4601
14547
26407
25038
11125
-8361
-23658
-27103
-16970
1665
19465
27515
21779
5133
-14084
-26246
-25259
-11618
7844
23376
27197
17393
-1124
-19078
-27475
-22107
-5664
13616
26075
25471
12107
-7323
-23084
-27281
-17810
583
18684
27425
22426
6193
-13143
-25895
-25674
-12591
6800
22784
27354
18220
-42
-18282
-27364
-22737
-6719
12665
25704
25866
13070
-6274
-22475
-27416
-18623
-500
17874
27293
23039
7243
-12181
-25503
-26048
-13544
5746
22157
27468
19018
1041
-17458
-27211
-23332
-7764
11693
25293
26221
14013
-5215
-21830
-27509
-19406
-1581
17036
27118
23615
8282
-11201
-25072
-26383
-14476
4683
21496
27540
19787
2122
-16607
-27016
-23890
-8796
10704
24842
26535
14934
-4148
-21153
-27560
-20160
-2661
16172
26902
24156
9308
-10203
-24603
-26677
-15386
3612
20801
27569
20526
3202
-15720
-26758
-24375
-9760
9776
24454
26933
15982
-2902
-20248
-27355
-20654
-3496
15530
26895
24909
10569
-8940
-23845
-26679
-16023
2787
20325
27806
21482
4522
-14579
-26251
-24646
-10569
8928
24078
27290
16956
-1747
-19450
-27284
-21324
-4556
14620
26596
25374
11565
-7912
-23301
-26891
-16884
1704
19558
27729
22120
5532
-13732
-26032
-25217
-11706
7721
23320
27267
17576
-906
-18925
-27457
-22231
-5868
13435
26007
25550
12293
-7122
-22970
-27310
-17969
375
18530
27403
22547
6396
-12960
-25822
-25749
-12776
6598
22666
27379
18376
167
-18126
-27338
-22854
-6921
12479
25628
25937
13253
-6071
-22353
-27437
-18776
-708
17715
27262
23152
7444
-11994
-25423
-26116
-13725
5542
22032
27485
19168
1249
-17296
-27176
-23442
-7963
11505
25209
26284
14192
-5011
-21703
-27522
-19554
-1789
16872
27080
23722
8480
-11010
-24985
-26443
-14653
4477
21365
27549
19932
2329
-16440
-26973
-23993
-8993
10512
24751
26591
15109
-3942
-21018
-27565
-20302
-2868
16002
26856
24255
9503
-10010
-24508
-26729
-15559
3406
20664
27570
20664
3406
-15559
-26729
-24508
-10010
9503
24255
26856
16002
-2868
-20302
-27565
-21018
-3942
15109
26591
24751
10512
-8993
-23993
-26973
-16440
2329
19932
27549
21365
4477
-14653
-26443
-24985
-11010
8480
23722
27080
16872
-1789
-19554
-27522
-21703
-5011
14192
26284
25209
11505
-7963
-23442
-27176
-17296
1249
19168
27485
22032
5542
-13725
-26116
-25423
-11994
7444
23152
27262
17715
-708
-18776
-27437
-22353
-6071
13253
25937
25628
12479
-6921
-22854
-27338
-18126
167
18376
27379
22666
6598
-12776
-25749
-25822
-12960
6396
22547
27403
18530
375
-17969
-27310
-22970
-7122
12293
25550
26007
13433
-5877
-22252
-27493
-18983
-993
17454
27106
23115
7471
-12001
-25555
-26411
-14146
5090
21657
27251
19067
1207
-17384
-27391
-23801
-8412
11065
24874
26096
14120
-5056
-21824
-27784
-19950
-2247
16456
26790
23578
8428
-11069
-25146
-26751
-15079
4022
20982
27306
19825
2287
-16523
-27179
-24345
-9438
10079
24430
26431
15088
-3909
-21032
-27693
-20543
-3152
15777
26772
24333
9689
-9818
-24412
-26779
-15730
3199
20526
27569
20801
3612
-15386
-26677
-24603
-10203
9308
24156
26902
16172
-2661
-20160
-27560
-21153
-4148
14934
26535
24842
10704
-8796
-23890
-27016
-16607
2122
19787
27540
21496
4683
-14476
-26383
-25072
-11201
8282
23615
27118
17036
-1581
-19406
-27509
-21830
-5215
14013
26221
25293
11693
-7764
-23332
-27211
-17458
1041
19018
27468
22157
5746
-13544
-26048
-25503
-12181
7243
23039
27293
17874
-500
-18623
-27416
-22475
-6274
13070
25866
25704
12665
-6719
-22737
-27364
-18282
-42
18220
27354
22784
6800
-12591
-25674
-25895
-13143
6193
22426
27425
18684
583
-17810
-27281
-23084
-7323
12107
25471
26075
13616
-5664
-22107
-27475
-19078
-1124
17393
27197
23376
7844
-11618
-25259
-26246
-14084
5133
21779
27515
19465
1665
-16970
-27103
-23658
-8361
11125
25038
26407
14547
-4601
-21443
-27544
-19845
-2205
16540
26999
23932
8875
-10627
-24806
-26557
-15004
4066
21099
27562
20217
2744
-16104
-26884
-24196
-9386
10126
24565
26698
15455
-3530
-20747
-27570
-20581
-3282
15662
26759
24451
9893
-9621
-24315
-26828
-15901
2992
20386
27567
20937
3819
-15213
-26623
-24696
-10397
9111
24055
26947
16340
-2454
-20018
-27553
-21285
-4354
14759
26478
24932
10896
-8599
-23786
-27056
-16773
1914
19642
27529
21623
4878
-14320
-26358
-25214
-11468
7982
23382
27006
17026
-1568
-19471
-27723
-22197
-5667
13583
25906
25125
11632
-7814
-23470
-27493
-17869
583
18617
27199
22030
5699
-13612
-26229
-25831
-12618
6792
22674
27071
17782
-541
-18719
-27643
-22845
-6727
12636
25543
25528
12599
-6767
-22868
-27639
-18685
-490
17834
27113
22706
6829
-12554
-25722
-26066
-13403
5934
22268
27424
18827
789
-17651
-27250
-23197
-7524
11919
25391
26142
13797
-5460
-21982
-27491
-19228
-1332
17231
27162
23486
8043
-11429
-25175
-26309
-14263
4929
21651
27527
19612
1872
-16806
-27064
-23764
-8559
10934
24950
26466
14723
-4395
-21312
-27552
-19989
-2412
16373
26956
24034
9072
-10435
-24714
-26613
-15178
3860
20964
27566
20358
2951
-15935
-26837
-24295
-9582
9932
24470
26749
15627
-3323
-20609
-27570
-20719
-3488
15490
26708
24546
10087
-9425
-24216
-26875
-16070
2785
20245
27563
21072
4025
-15039
-26569
-24788
-10589
8915
23952
26990
16507
-2246
-19874
-27545
-21417
-4559
14582
26419
25020
11087
-8401
-23680
-27096
-16937
1706
19495
27517
21754
5092
-14120
-26259
-25243
-11580
7884
23398
27190
17361
-1166
-19108
-27478
-22082
-5623
13653
26089
25455
12069
-7363
-23107
-27275
-17778
625
18715
27429
22402
6152
-13180
-25909
-25658
-12554
6840
22807
27348
18189
-83
-18313
-27369
-22713
-6679
12702
25719
25851
13033
-6315
-22499
-27412
-18592
-458
17905
27298
23016
7203
-12219
-25519
-26035
-13508
5786
22182
27464
18988
999
-17490
-27217
-23309
-7724
11731
25309
26208
13977
-5256
-21856
-27506
-19377
-1540
17068
27126
23594
8242
-11239
-25090
-26371
-14441
4724
21522
27538
19758
2080
-16640
-27024
-23869
-8757
10743
24860
26521
14890
-4211
-21216
-27614
-20209
-2720
16080
26762
23963
9074
-10455
-24850
-26907
-15599
3404
20579
27319
20248
2908
-16014
-27039
-24643
-10026
9488
24123
26548
15548
-3366
-20720
-27818
-21106
-3945
15067
26406
24390
10031
-9479
-24366
-27170
-16489
2328
19853
27307
20956
3981
-15114
-26762
-25126
-11021
8488
23635
26838
16500
-2188
-19854
-27636
-21625
-4820
14369
26337
25097
11275
-8202
-23572
-27133
-17101
1498
19347
27503
21881
5297
-13941
-26195
-25326
-11769
7684
23287
27224
17522
-958
-18958
-27461
-22206
-5827
13471
26021
25535
12256
-7162
-22993
-27304
-17937
416
18561
27407
22523
6355
-12996
-25837
-25734
-12739
6638
22690
27374
18345
125
-18157
-27343
-22831
-6881
12517
25643
25923
13216
-6112
-22378
-27433
-18745
-666
17746
27269
23130
7403
-12032
-25439
-26102
-13689
5583
22057
27482
19138
1207
-17329
-27183
-23420
-7923
11542
25226
26272
14156
-5052
-21728
-27520
-19524
-1748
16904
27088
23701
8440
-11049
-25003
-26431
-14618
4518
21391
27547
19903
2288
-16474
-26982
-23973
-8954
10551
24770
26580
15074
-3984
-21045
-27564
-20274
-2827
16036
26865
24236
9464
-10048
-24527
-26718
-15524
3447
20692
27570
20636
3365
-15593
-26739
-24489
-9971
9542
24275
26847
15969
-2909
-20330
-27565
-20991
-3901
15144
26602
24733
10474
-9033
-24014
-26965
-16407
2371
19960
27550
21338
4436
-14688
-26454
-24967
-10972
8520
23743
27072
16839
-1831
-19583
-27525
-21677
-4970
14227
26297
25192
11467
-8003
-23464
-27169
-17264
1290
19198
27488
22007
5501
-13761
-26129
-25407
-11957
7484
23175
27256
17683
-749
-18806
-27441
-22329
-6030
13289
25951
25612
12442
-6961
-22877
-27332
-18095
208
18407
27381
22633
6536
-12849
-25819
-25885
-13024
6311
22421
27225
18305
120
-18229
-27556
-23194
-7332
12081
25316
25743
13149
-6159
-22506
-27703
-19147
-1124
17337
26987
22992
7354
-12094
-25608
-26419
-14119
5129
21682
27248
19038
1165
-17416
-27398
-23779
-8373
11103
24891
26084
14084
-5097
-21850
-27779
-19911
-2184
16526
26854
23634
8489
-10983
-25015
-26566
-14849
4276
21238
27545
20044
2495
-16306
-26938
-24075
-9151
10358
24677
26634
15248
-3777
-20910
-27567
-20414
-3034
15867
26818
24334
9660
-9854
-24431
-26769
-15696
3241
20553
27569
20774
3571
-15421
-26687
-24584
-10165
9347
24176
26893
16138
-2702
-20189
-27561
-21126
-4107
14969
26546
24824
10666
-8836
-23911
-27007
-16574
2163
19816
27542
21470
4642
-14512
-26395
-25055
-11163
8321
23637
27111
17003
-1623
-19436
-27512
-21805
-5174
14049
26233
25276
11656
-7804
-23354
-27204
-17426
1082
19048
27471
22132
5705
-13580
-26062
-25487
-12144
7283
23061
27287
17842
-541
-18653
-27420
-22451
-6233
13106
25880
25689
12628
-6760
-22760
-27359
-18251
0
18251
27359
22760
6760
-12628
-25689
-25880
-13106
6233
22451
27420
18653
541
-17842
-27287
-23061
-7283
12144
25487
26062
13580
-5705
-22132
-27471
-19048
-1082
17426
27204
23354
7804
-11656
-25276
-26233
-14049
5174
21805
27512
19436
1623
-17003
-27111
-23637
-8321
11163
25055
26395
14512
-4642
-21470
-27542
-19816
-2163
16574
27007
23911
8836
-10666
-24824
-26546
-14969
4107
21126
27561
20189
2702
-16138
-26893
-24176
-9347
10165
24584
26687
15421
-3571
-20774
-27569
-20553
-3241
15696
26769
24431
9854
-9660
-24334
-26818
-15867
3034
20414
27567
20910
3777
-15248
-26634
-24677
-10358
9151
24073
26929
16285
-2532
-20102
-27632
-21360
-4438
14644
26316
24720
10644
-8867
-24047
-27296
-16989
1705
19421
27281
21350
4597
-14584
-26584
-25391
-11603
7873
23279
26898
16916
-1665
-19538
-27748
-22182
-5629
13619
25919
25108
11594
-7854
-23492
-27487
-17837
624
18647
27203
22006
5659
-13649
-26241
-25806
-12560
6869
22752
27143
17851
-458
-18600
-27475
-22626
-6473
12902
25798
25761
12812
-6557
-22642
-27384
-18407
-208
18095
27332
22877
6961
-12442
-25612
-25951
-13289
6030
22329
27441
18806
749
-17683
-27256
-23175
-7484
11957
25407
26129
13761
-5501
-22007
-27488
-19198
-1290
17264
27169
23464
8003
-11467
-25192
-26297
-14227
4970
21677
27525
19583
1831
-16839
-27072
-23743
-8520
10972
24967
26454
14688
-4436
-21338
-27550
-19960
-2371
16407
26965
24014
9033
-10474
-24733
-26602
-15144
3901
20991
27565
20330
2909
-15969
-26847
-24275
-9542
9971
24489
26739
15593
-3365
-20636
-27570
-20692
-3447
15524
26718
24527
10048
-9464
-24236
-26865
-16036
2827
20274
27564
21045
3984
-15074
-26580
-24770
-10551
8954
23973
26982
16474
-2288
-19903
-27547
-21391
-4518
14618
26431
25003
11049
-8440
-23701
-27088
-16904
1748
19524
27520
21728
5052
-14156
-26272
-25226
-11542
7923
23420
27183
17329
-1207
-19138
-27482
-22057
-5583
13689
26102
25439
12032
-7403
-23130
-27269
-17746
666
18745
27433
22378
6112
-13216
-25923
-25643
-12517
6881
22831
27343
18157
-125
-18345
-27374
-22690
-6638
12739
25734
25837
12996
-6355
-22523
-27407
-18561
-416
17937
27304
22993
7162
-12256
-25535
-26021
-13471
5827
22206
27461
18958
958
-17522
-27224
-23287
-7684
11769
25326
26195
13941
-5297
-21881
-27503
-19347
-1498
17104
27143
23593
8239
-11222
-25030
-26258
-14280
4914
21721
27730
19942
2267
-16433
-26784
-23599
-8467
11031
25128
26762
15114
-3981
-20956
-27307
-19853
-2328
16489
27170
24366
9479
-10031
-24390
-26406
-15067
3945
21106
27818
20720
3366
-15548
-26548
-24123
-9488
10026
24643
27039
16014
-2908
-20250
-27328
-20600
-3440
15546
26839
24771
10367
-9168
-24058
-26856
-16169
2641
20141
27561
21179
4189
-14899
-26524
-24860
-10743
8757
23869
27024
16640
-2080
-19758
-27538
-21522
-4724
14441
26371
25090
11239
-8242
-23594
-27126
-17068
1540
19377
27506
21856
5256
-13977
-26208
-25309
-11731
7724
23309
27217
17490
-999
-18988
-27464
-22182
-5786
13508
26035
25519
12219
-7203
-23016
-27298
-17905
458
18592
27412
22499
6315
-13033
-25851
-25719
-12702
6679
22713
27369
18313
83
-18189
-27348
-22807
-6840
12554
25658
25909
13180
-6152
-22402
-27429
-18715
-625
17778
27275
23107
7363
-12069
-25455
-26089
-13653
5623
22082
27478
19108
1166
-17361
-27190
-23398
-7884
11580
25243
26259
14120
-5092
-21754
-27517
-19495
-1706
16937
27096
23680
8401
-11087
-25020
-26419
-14582
4559
21417
27545
19874
2246
-16507
-26990
-23952
-8915
10589
24788
26569
15039
-4025
-21072
-27563
-20245
-2785
16070
26875
24216
9425
-10087
-24546
-26708
-15490
3488
20719
27570
20609
3323
-15627
-26749
-24470
-9932
9582
24295
26837
15935
-2951
-20358
-27566
-20964
-3860
15178
26613
24714
10435
-9072
-24034
-26956
-16373
2412
19989
27552
21312
4395
-14723
-26466
-24950
-10934
8559
23764
27064
16806
-1872
-19612
-27527
-21651
-4929
14263
26309
25175
11429
-8043
-23486
-27162
-17231
1332
19228
27491
21982
5460
-13797
-26142
-25391
-11919
7521
23188
27229
17614
-847
-18914
-27546
-22430
-6139
13153
25771
25384
12176
-7242
-23148
-27577
-18313
0
18188
27139
22368
6267
-13099
-26028
-26043
-13136
6227
22345
27143
18219
41
-18282
-27571
-23174
-7292
12118
25331
25729
13112
-6199
-22530
-27699
-19117
-1083
17369
26993
22970
7314
-12129
-25615
-26384
-14046
5225
21784
27345
19133
1273
-17276
-27211
-23544
-8104
11381
25156
26322
14299
-4888
-21625
-27529
-19642
-1914
16773
27056
23786
8599
-10896
-24932
-26478
-14759
4354
21285
27553
20018
2454
-16340
-26947
-24055
-9111
10397
24696
26623
15213
-3819
-20937
-27567
-20386
-2992
15901
26828
24315
9621
-9893
-24451
-26759
-15662
3282
20581
27570
20747
3530
-15455
-26698
-24565
-10126
9386
24196
26884
16104
-2744
-20217
-27562
-21099
-4066
15004
26557
24806
10627
-8875
-23932
-26999
-16540
2205
19845
27544
21443
4601
-14547
-26407
-25038
-11125
8361
23658
27103
16970
-1665
-19465
-27515
-21779
-5133
14084
26246
25259
11618
-7844
-23376
-27197
-17393
1124
19078
27475
22107
5664
-13616
-26075
-25471
-12107
7323
23084
27281
17810
-583
-18684
-27425
-22426
-6193
13143
25895
25674
12591
-6800
-22784
-27354
-18220
42
18282
27364
22737
6719
-12665
-25704
-25866
-13070
6274
22475
27416
18623
500
-17874
-27293
-23039
-7243
12181
25503
26048
13544
-5746
-22157
-27468
-19018
-1041
17458
27211
23332
7764
-11693
-25293
-26221
-14013
5215
21830
27509
19406
1581
-17036
-27118
-23615
-8282
11201
25072
26383
14476
-4683
-21496
-27540
-19787
-2122
16607
27016
23890
8796
-10704
-24842
-26535
-14934
4148
21153
27560
20160
2661
-16172
-26902
-24156
-9308
10203
24603
26677
15386
-3612
-20801
-27569
-20526
-3197
15740
26800
24449
9871
-9621
-24253
-26683
-15683
3248
20636
27781
21112
3977
-15035
-26395
-24409
-10069
9440
24345
27179
16523
-2287
-19825
-27306
-20982
-4022
15079
26751
25146
11069
-8428
-23578
-26790
-16456
2247
19950
27784
21824
5056
-14120
-26096
-24874
-11065
8412
23801
27391
17384
-1209
-19077
-27272
-21693
-5143
14078
26331
25467
11907
-7567
-23209
-27194
-17533
925
18930
27457
22231
5868
-13435
-26007
-25550
-12293
7122
22970
27310
17969
-375
-18530
-27403
-22547
-6396
12960
25822
25749
12776
-6598
-22666
-27379
-18376
-167
18126
27338
22854
6921
-12479
-25628
-25937
-13253
6071
22353
27437
18776
708
-17715
-27262
-23152
-7444
11994
25423
26116
13725
-5542
-22032
-27485
-19168
-1249
17296
27176
23442
7963
-11505
-25209
-26284
-14192
5011
21703
27522
19554
1789
-16872
-27080
-23722
-8480
11010
24985
26443
14653
-4477
-21365
-27549
-19932
-2329
16440
26973
23993
8993
-10512
-24751
-26591
-15109
3942
21018
27565
20302
2868
-16002
-26856
-24255
-9503
10010
24508
26729
15559
-3406
-20664
-27570
-20664
-3406
15559
26729
24508
10010
-9503
-24255
-26856
-16002
2868
20302
27565
21018
3942
-15109
-26591
-24751
-10512
8993
23993
26973
16440
-2329
-19932
-27549
-21365
-4477
14653
26443
24985
11010
-8480
-23722
-27080
-16872
1789
19554
27522
21703
5011
-14192
-26284
-25209
-11505
7963
23442
27176
17296
-1249
-19168
-27485
-22032
-5542
13725
26116
25423
11994
-7444
-23152
-27262
-17715
708
18776
27437
22353
6071
-13253
-25937
-25628
-12479
6921
22854
27338
18126
-167
-18376
-27379
-22666
-6598
12776
25749
25822
12960
-6396
-22547
-27403
-18530
-375
17969
27310
22970
7122
-12293
-25550
-26007
-13437
5858
22210
27420
18872
839
-17655
-27356
-23414
-7817
11612
25129
25953
13665
-5585
-22157
-27751
-19567
-1707
16884
26891
23301
7912
-11565
-25374
-26596
-14620
4556
21324
27284
19450
1747
-16956
-27290
-24078
-8928
10569
24646
26251
14579
-4522
-21482
-27806
-20325
-2787
16023
26679
23845
8942
-10560
-24888
-26858
-15477
3563
20734
27443
20341
2998
-15888
-26845
-24375
-9708
9813
24412
26779
15730
-3199
-20526
-27569
-20801
-3612
15386
26677
24603
10203
-9308
-24156
-26902
-16172
2661
20160
27560
21153
4148
-14934
-26535
-24842
-10704
8796
23890
27016
16607
-2122
-19787
-27540
-21496
-4683
14476
26383
25072
11201
-8282
-23615
-27118
-17036
1581
19406
27509
21830
5215
-14013
-26221
-25293
-11693
7764
23332
27211
17458
-1041
-19018
-27468
-22157
-5746
13544
26048
25503
12181
-7243
-23039
-27293
-17874
500
18623
27416
22475
6274
-13070
-25866
-25704
-12665
6719
22737
27364
18282
42
-18220
-27354
-22784
-6800
12591
25674
25895
13143
-6193
-22426
-27425
-18684
-583
17810
27281
23084
7323
-12107
-25471
-26075
-13616
5664
22107
27475
19078
1124
-17393
-27197
-23376
-7844
11618
25259
26246
14084
-5133
-21779
-27515
-19465
-1665
16970
27103
23658
8361
-11125
-25038
-26407
-14547
4601
21443
27544
19845
2205
-16540
-26999
-23932
-8875
10627
24806
26557
15004
-4066
-21099
-27562
-20217
-2744
16104
26884
24196
9386
-10126
-24565
-26698
-15455
3530
20747
27570
20581
3282
-15662
-26759
-24451
-9893
9621
24315
26828
15901
-2992
-20386
-27567
-20937
-3819
15213
26623
24696
10397
-9111
-24055
-26947
-16340
2454
20018
27553
21285
4354
-14759
-26478
-24932
-10896
8599
23786
27056
16773
-1914
-19642
-27529
-21628
-4897
14278
26285
25103
11314
-8183
-23632
-27305
-17372
1179
19045
27266
21716
5172
-14083
-26406
-25625
-12132
7314
22970
26993
17369
-1083
-19117
-27699
-22530
-6199
13112
25729
25331
12118
-7292
-23174
-27571
-18282
41
18219
27143
22345
6227
-13136
-26043
-26028
-13099
6267
22368
27139
18190
9
-18292
-27540
-23095
-7174
12256
25472
25865
13249
-6045
-22341
-27466
-18846
-793
17651
27250
23197
7524
-11919
-25391
-26142
-13797
5460
21982
27491
19228
1332
-17231
-27162
-23486
-8043
11429
25175
26309
14263
-4929
-21651
-27527
-19612
-1872
16806
27064
23764
8559
-10934
-24950
-26466
-14723
4395
21312
27552
19989
2412
-16373
-26956
-24034
-9072
10435
24714
26613
15178
-3860
-20964
-27566
-20358
-2951
15935
26837
24295
9582
-9932
-24470
-26749
-15627
3323
20609
27570
20719
3488
-15490
-26708
-24546
-10087
9425
24216
26875
16070
-2785
-20245
-27563
-21072
-4025
15039
26569
24788
10589
-8915
-23952
-26990
-16507
2246
19874
27545
21417
4559
-14582
-26419
-25020
-11087
8401
23680
27096
16937
-1706
-19495
-27517
-21754
-5092
14120
26259
25243
11580
-7884
-23398
-27190
-17361
1166
19108
27478
22082
5623
-13653
-26089
-25455
-12069
7363
23107
27275
17778
-625
-18715
-27429
-22402
-6152
13180
25909
25658
12554
-6840
-22807
-27348
-18189
83
18313
27369
22713
6679
-12702
-25719
-25851
-13033
6315
22499
27412
18592
458
-17905
-27298
-23016
-7203
12219
25519
26035
13508
-5786
-22182
-27464
-18988
-999
17490
27217
23309
7724
-11731
-25309
-26208
-13977
5256
21856
27506
19377
1540
-17068
-27126
-23594
-8242
11239
25090
26371
14441
-4724
-21522
-27538
-19758
-2080
16640
27024
23869
8757
-10743
-24860
-26521
-14890
4211
21216
27614
20209
2720
-16080
-26762
-23963
-9074
10455
24850
26907
15599
-3404
-20579
-27319
-20248
-2908
16014
27039
24643
10026
-9488
-24123
-26548
-15548
3366
20720
27818
21106
3945
-15067
-26406
-24390
-10031
9479
24366
27170
16489
-2328
-19853
-27307
-20956
-3981
15114
26762
25126
11021
-8488
-23635
-26838
-16500
2188
19854
27636
21625
4820
-14369
-26337
-25097
-11275
8202
23572
27133
17101
-1498
-19347
-27503
-21881
-5297
13941
26195
25326
11769
-7684
-23287
-27224
-17522
958
18958
27461
22206
5827
-13471
-26021
-25535
-12256
7162
22993
27304
17937
-416
-18561
-27407
-22523
-6355
12996
25837
25734
12739
-6638
-22690
-27374
-18345
-125
18157
27343
22831
6881
-12517
-25643
-25923
-13216
6112
22378
27433
18745
666
-17746
-27269
-23130
-7403
12032
25439
26102
13689
-5583
-22057
-27482
-19138
-1207
17329
27183
23420
7923
-11542
-25226
-26272
-14156
5052
21728
27520
19524
1748
-16904
-27088
-23701
-8440
11049
25003
26431
14618
-4518
-21391
-27547
-19903
-2288
16474
26982
23973
8954
-10551
-24770
-26580
-15074
3984
21045
27564
20274
2827
-16036
-26865
-24236
-9464
10048
24527
26718
15524
-3447
-20692
-27570
-20636
-3365
15593
26739
24489
9971
-9542
-24275
-26847
-15969
2909
20330
27565
20991
3901
-15144
-26602
-24733
-10474
9033
24014
26965
16407
-2371
-19960
-27550
-21338
-4436
14688
26454
24967
10972
-8520
-23743
-27072
-16839
1831
19583
27525
21677
4970
-14227
-26297
-25192
-11467
8003
23464
27169
17264
-1290
-19198
-27488
-22007
-5501
13761
26129
25407
11957
-7484
-23175
-27256
-17683
749
18806
27441
22329
6030
-13289
-25951
-25612
-12442
6961
22877
27332
18095
-208
-18407
-27386
-22652
-6579
12776
25708
25731
12822
-6561
-22720
-27571
-18694
-547
17771
27075
22699
6832
-12581
-25816
-26243
-13649
5659
22006
27203
18647
624
-17837
-27487
-23492
-7854
11594
25108
25919
13619
-5629
-22182
-27748
-19538
-1665
16916
26898
23279
7873
-11603
-25391
-26584
-14584
4597
21350
27284
19430
1727
-16953
-27243
-23979
-8788
10733
24813
26412
14738
-4350
-21280
-27564
-20049
-2495
16306
26938
24075
9151
-10358
-24677
-26634
-15248
3777
20910
27567
20414
3034
-15867
-26818
-24334
-9660
9854
24431
26769
15696
-3241
-20553
-27569
-20774
-3571
15421
26687
24584
10165
-9347
-24176
-26893
-16138
2702
20189
27561
21126
4107
-14969
-26546
-24824
-10666
8836
23911
27007
16574
-2163
-19816
-27542
-21470
-4642
14512
26395
25055
11163
-8321
-23637
-27111
-17003
1623
19436
27512
21805
5174
-14049
-26233
-25276
-11656
7804
23354
27204
17426
-1082
-19048
-27471
-22132
-5705
13580
26062
25487
12144
-7283
-23061
-27287
-17842
541
18653
27420
22451
6233
-13106
-25880
-25689
-12628
6760
22760
27359
18251
0
-18251
-27359
-22760
-6760
12628
25689
25880
13106
-6233
-22451
-27420
-18653
-541
17842
27287
23061
7283
-12144
-25487
-26062
-13580
5705
22132
27471
19048
1082
-17426
-27204
-23354
-7804
11656
25276
26233
14049
-5174
-21805
-27512
-19436
-1623
17003
27111
23637
8321
-11163
-25055
-26395
-14512
4642
21470
27542
19816
2163
-16574
-27007
-23911
-8836
10666
24824
26546
14969
-4107
-21126
-27561
-20189
-2702
16138
26893
24176
9347
-10165
-24584
-26687
-15421
3571
20774
27569
20553
3241
-15696
-26769
-24431
-9854
9660
24334
26818
15867
-3034
-20414
-27567
-20910
-3777
15248
26634
24677
10358
-9151
-24073
-26929
-16285
2532
20102
27632
21360
4438
-14644
-26316
-24720
-10644
8867
24047
27296
16989
-1705
-19421
-27281
-21350
-4597
14584
26584
25391
11603
-7873
-23279
-26898
-16916
1665
19538
27748
22182
5629
-13619
-25919
-25108
-11594
7854
23492
27487
17837
-624
-18647
-27203
-22006
-5659
13649
26241
25806
12560
-6869
-22752
-27143
-17851
458
18600
27475
22626
6473
-12902
-25798
-25761
-12812
6557
22642
27384
18407
208
-18095
-27332
-22877
-6961
12442
25612
25951
13289
-6030
-22329
-27441
-18806
-749
17683
27256
23175
7484
-11957
-25407
-26129
-13761
5501
22007
27488
19198
1290
-17264
-27169
-23464
-8003
11467
25192
26297
14227
-4970
-21677
-27525
-19583
-1831
16839
27072
23743
8520
-10972
-24967
-26454
-14688
4436
21338
27550
19960
2371
-16407
-26965
-24014
-9033
10474
24733
26602
15144
-3901
-20991
-27565
-20330
-2909
15969
26847
24275
9542
-9971
-24489
-26739
-15593
3365
20636
27570
20692
3447
-15524
-26718
-24527
-10048
9464
24236
26865
16036
-2827
-20274
-27564
-21045
-3984
15074
26580
24770
10551
-8954
-23973
-26982
-16474
2288
19903
27547
21391
4518
-14618
-26431
-25003
-11049
8440
23701
27088
16904
-1748
-19524
-27520
-21728
-5052
14156
26272
25226
11542
-7923
-23420
-27183
-17329
1207
19138
27482
22057
5583
-13689
-26102
-25439
-12032
7403
23130
27269
17746
-666
-18745
-27433
-22378
-6112
13216
25923
25643
12517
-6881
-22831
-27343
-18157
125
18345
27374
22690
6638
-12739
-25734
-25837
-12996
6355
22523
27407
18561
416
-17937
-27304
-22993
-7162
12256
25535
26021
13471
-5827
-22206
-27461
-18958
-958
17522
27224
23287
7684
-11769
-25326
-26195
-13941
5297
21881
27503
19347
1498
-17099
-27124
-23551
-8166
11333
25184
26459
14530
-4615
-21375
-27341
-19516
-1810
16914
27280
24099
8967
-10531
-24628
-26262
-14614
4481
21456
27807
20353
2828
-15989
-26670
-23866
-8979
10531
24890
26906
15567
-3445
-20606
-27318
-20220
-2866
16048
27048
24623
9988
-9526
-24143
-26539
-15514
3408
20745
27809
21058
3867
-15157
-26493
-24472
-10117
9369
24213
26967
16242
-2598
-20122
-27556
-21179
-4189
14899
26524
24860
10743
-8757
-23869
-27024
-16640
2080
19758
27538
21522
4724
-14441
-26371
-25090
-11239
8242
23594
27126
17068
-1540
-19377
-27506
-21856
-5256
13977
26208
25309
11731
-7724
-23309
-27217
-17490
999
18988
27464
22182
5786
-13508
-26035
-25519
-12219
7203
23016
27298
17905
-458
-18592
-27412
-22499
-6315
13033
25851
25719
12702
-6679
-22713
-27369
-18313
-83
18189
27348
22807
6840
-12554
-25658
-25909
-13180
6152
22402
27429
18715
625
-17778
-27275
-23107
-7363
12069
25455
26089
13653
-5623
-22082
-27478
-19108
-1166
17361
27190
23398
7884
-11580
-25243
-26259
-14120
5092
21754
27517
19495
1706
-16937
-27096
-23680
-8401
11087
25020
26419
14582
-4559
-21417
-27545
-19874
-2246
16507
26990
23952
8915
-10589
-24788
-26569
-15039
4025
21072
27563
20245
2785
-16070
-26875
-24216
-9425
10087
24546
26708
15490
-3488
-20719
-27570
-20609
-3323
15627
26749
24470
9932
-9582
-24295
-26837
-15935
2951
20358
27566
20964
3860
-15178
-26613
-24714
-10435
9072
24034
26956
16373
-2412
-19989
-27552
-21312
-4395
14723
26466
24950
10934
-8559
-23764
-27064
-16806
1872
19612
27527
21651
4929
-14263
-26309
-25175
-11429
8043
23486
27162
17231
-1332
-19228
-27491
-21982
-5460
13797
26142
25391
11919
-7526
-23207
-27271
-17687
736
18759
27345
22180
5840
-13499
-26160
-25810
-12634
6761
22653
27077
17813
-500
-18688
-27639
-22868
-6767
12599
25528
25543
12636
-6727
-22845
-27643
-18719
-541
17782
27071
22674
6792
-12618
-25831
-26229
-13612
5699
22030
27199
18617
583
-17869
-27493
-23470
-7814
11634
25134
25927
13620
-5614
-22130
-27644
-19383
-1474
17122
27100
23471
8062
-11400
-25161
-26322
-14299
4888
21625
27529
19642
1914
-16773
-27056
-23786
-8599
10896
24932
26478
14759
-4354
-21285
-27553
-20018
-2454
16340
26947
24055
9111
-10397
-24696
-26623
-15213
3819
20937
27567
20386
2992
-15901
-26828
-24315
-9621
9893
24451
26759
15662
-3282
-20581
-27570
-20747
-3530
15455
26698
24565
10126
-9386
-24196
-26884
-16104
2744
20217
27562
21099
4066
-15004
-26557
-24806
-10627
8875
23932
26999
16540
-2205
-19845
-27544
-21443
-4601
14547
26407
25038
11125
-8361
-23658
-27103
-16970
1665
19465
27515
21779
5133
-14084
-26246
-25259
-11618
7844
23376
27197
17393
-1124
-19078
-27475
-22107
-5664
13616
26075
25471
12107
-7323
-23084
-27281
-17810
583
18684
27425
22426
6193
-13143
-25895
-25674
-12591
6800
22784
27354
18220
-42
-18282
-27364
-22737
-6719
12665
25704
25866
13070
-6274
-22475
-27416
-18623
-500
17874
27293
23039
7243
-12181
-25503
-26048
-13544
5746
22157
27468
19018
1041
-17458
-27211
-23332
-7764
11693
25293
26221
14013
-5215
-21830
-27509
-19406
-1581
17036
27118
23615
8282
-11201
-25072
-26383
-14476
4683
21496
27540
19787
2122
-16607
-27016
-23890
-8796
10704
24842
26535
14934
-4148
-21153
-27560
-20160
-2661
16172
26902
24156
9308
-10203
-24603
-26677
-15386
3612
20801
27569
20526
3197
-15740
-26800
-24449
-9871
9621
24253
26683
15683
-3248
-20636
-27781
-21112
-3977
15035
26395
24409
10069
-9440
-24345
-27179
-16523
2287
19825
27306
20982
4022
-15079
-26751
-25146
-11069
8428
23578
26790
16456
-2247
-19950
-27784
-21824
-5056
14120
26096
24874
11065
-8412
-23801
-27391
-17384
1209
19077
27272
21693
5143
-14078
-26331
-25467
-11907
7567
23209
27194
17533
-925
-18930
-27457
-22231
-5868
13435
26007
25550
12293
-7122
-22970
-27310
-17969
375
18530
27403
22547
6396
-12960
-25822
-25749
-12776
6598
22666
27379
18376
167
-18126
-27338
-22854
-6921
12479
25628
25937
13253
-6071
-22353
-27437
-18776
-708
17715
27262
23152
7444
-11994
-25423
-26116
-13725
5542
22032
27485
19168
1249
-17296
-27176
-23442
-7963
11505
25209
26284
14192
-5011
-21703
-27522
-19554
-1789
16872
27080
23722
8480
-11010
-24985
-26443
-14653
4477
21365
27549
19932
2329
-16440
-26973
-23993
-8993
10512
24751
26591
15109
-3942
-21018
-27565
-20302
-2868
16002
26856
24255
9503
-10010
-24508
-26729
-15559
3406
20664
27570
20664
3406
-15559
-26729
-24508
-10010
9503
24255
26856
16002
-2868
-20302
-27565
-21018
-3942
15109
26591
24751
10512
-8993
-23993
-26973
-16440
2329
19932
27549
21365
4477
-14653
-26443
-24985
-11010
8480
23722
27080
16872
-1789
-19554
-27522
-21703
-5011
14192
26284
25209
11505
-7963
-23442
-27176
-17296
1249
19168
27485
22032
5542
-13725
-26116
-25423
-11994
7444
23152
27262
17715
-708
-18776
-27437
-22353
-6071
13253
25937
25628
12479
-6921
-22854
-27338
-18126
167
18376
27379
22666
6598
-12776
-25749
-25822
-12960
6396
22547
27403
18530
375
-17969
-27310
-22970
-7122
12293
25550
26007
13437
-5858
-22210
-27420
-18872
-839
17655
27356
23414
7817
-11612
-25129
-25953
-13665
5585
22157
27751
19567
1707
-16884
-26891
-23301
-7912
11565
25374
26596
14620
-4556
-21324
-27284
-19450
-1747
16956
27290
24078
8928
-10569
-24646
-26251
-14579
4522
21482
27806
20325
2787
-16023
-26679
-23845
-8942
10560
24888
26858
15477
-3563
-20734
-27443
-20341
-2998
15888
26845
24375
9708
-9813
-24412
-26779
-15730
3199
20526
27569
20801
3612
-15386
-26677
-24603
-10203
9308
24156
26902
16172
-2661
-20160
-27560
-21153
-4148
14934
26535
24842
10704
-8796
-23890
-27016
-16607
2122
19787
27540
21496
4683
-14476
-26383
-25072
-11201
8282
23615
27118
17036
-1581
-19406
-27509
-21830
-5215
14013
26221
25293
11693
-7764
-23332
-27211
-17458
1041
19018
27468
22157
5746
-13544
-26048
-25503
-12181
7243
23039
27293
17874
-500
-18623
-27416
-22475
-6274
13070
25866
25704
12665
-6719
-22737
-27364
-18282
-42
18220
27354
22784
6800
-12591
-25674
-25895
-13143
6193
22426
27425
18684
583
-17810
-27281
-23084
-7323
12107
25471
26075
13616
-5664
-22107
-27475
-19078
-1124
17393
27197
23376
7844
-11618
-25259
-26246
-14084
5133
21779
27515
19465
1665
-16970
-27103
-23658
-8361
11125
25038
26407
14547
-4601
-21443
-27544
-19845
-2205
16540
26999
23932
8875
-10627
-24806
-26557
-15004
4066
21099
27562
20217
2744
-16104
-26884
-24196
-9386
10126
24565
26698
15455
-3530
-20747
-27570
-20581
-3282
15662
26759
24451
9893
-9621
-24315
-26828
-15901
2992
20386
27567
20937
3819
-15213
-26623
-24696
-10397
9111
24055
26947
16340
-2454
-20018
-27553
-21285
-4354
14759
26478
24932
10896
-8599
-23786
-27056
-16773
1914
19642
27529
21628
4897
-14278
-26285
-25103
-11314
8183
23632
27305
17372
-1179
-19045
-27266
-21716
-5172
14083
26406
25625
12132
-7314
-22970
-26993
-17369
1083
19117
27699
22530
6199
-13112
-25729
-25331
-12118
7292
23174
27571
18282
-41
-18219
-27143
-22345
-6227
13136
26043
26028
13099
-6267
-22368
-27139
-18190
-9
18292
27540
23095
7174
-12256
-25472
-25865
-13249
6045
22341
27466
18846
793
-17651
-27250
-23197
-7524
11919
25391
26142
13797
-5460
-21982
-27491
-19228
-1332
17231
27162
23486
8043
-11429
-25175
-26309
-14263
4929
21651
27527
19612
1872
-16806
-27064
-23764
-8559
10934
24950
26466
14723
-4395
-21312
-27552
-19989
-2412
16373
26956
24034
9072
-10435
-24714
-26613
-15178
3860
20964
27566
20358
2951
-15935
-26837
-24295
-9582
9932
24470
26749
15627
-3323
-20609
-27570
-20719
-3488
15490
26708
24546
10087
-9425
-24216
-26875
-16070
2785
20245
27563
21072
4025
-15039
-26569
-24788
-10589
8915
23952
26990
16507
-2246
-19874
-27545
-21417
-4559
14582
26419
25020
11087
-8401
-23680
-27096
-16937
1706
19495
27517
21754
5092
-14120
-26259
-25243
-11580
7884
23398
27190
17361
-1166
-19108
-27478
-22082
-5623
13653
26089
25455
12069
-7363
-23107
-27275
-17778
625
18715
27429
22402
6152
-13180
-25909
-25658
-12554
6840
22807
27348
18189
-83
-18313
-27369
-22713
-6679
12702
25719
25851
13033
-6315
-22499
-27412
-18592
-458
17905
27298
23016
7203
-12219
-25519
-26035
-13508
5786
22182
27464
18988
999
-17490
-27217
-23309
-7724
11731
25309
26208
13977
-5256
-21856
-27506
-19377
-1540
17068
27126
23594
8242
-11239
-25090
-26371
-14441
4724
21522
27538
19758
2080
-16640
-27024
-23869
-8757
10743
24860
26521
14890
-4211
-21216
-27614
-20209
-2720
16080
26762
23963
9074
-10455
-24850
-26907
-15599
3404
20579
27319
20248
2908
-16014
-27039
-24643
-10026
9488
24123
26548
15548
-3366
-20720
-27818
-21106
-3945
15067
26406
24390
10031
-9479
-24366
-27170
-16489
2328
19853
27307
20956
3981
-15114
-26762
-25126
-11021
8488
23635
26838
16500
-2188
-19854
-27636
-21625
-4820
14369
26337
25097
11275
-8202
-23572
-27133
-17101
1498
19347
27503
21881
5297
-13941
-26195
-25326
-11769
7684
23287
27224
17522
-958
-18958
-27461
-22206
-5827
13471
26021
25535
12256
-7162
-22993
-27304
-17937
416
18561
27407
22523
6355
-12996
-25837
-25734
-12739
6638
22690
27374
18345
125
-18157
-27343
-22831
-6881
12517
25643
25923
13216
-6112
-22378
-27433
-18745
-666
17746
27269
23130
7403
-12032
-25439
-26102
-13689
5583
22057
27482
19138
1207
-17329
-27183
-23420
-7923
11542
25226
26272
14156
-5052
-21728
-27520
-19524
-1748
16904
27088
23701
8440
-11049
-25003
-26431
-14618
4518
21391
27547
19903
2288
-16474
-26982
-23973
-8954
10551
24770
26580
15074
-3984
-21045
-27564
-20274
-2827
16036
26865
24236
9464
-10048
-24527
-26718
-15524
3447
20692
27570
20636
3365
-15593
-26739
-24489
-9971
9542
24275
26847
15969
-2909
-20330
-27565
-20991
-3901
15144
26602
24733
10474
-9033
-24014
-26965
-16407
2371
19960
27550
21338
4436
-14688
-26454
-24967
-10972
8520
23743
27072
16839
-1831
-19583
-27525
-21677
-4970
14227
26297
25192
11467
-8003
-23464
-27169
-17264
1290
19198
27488
22007
5501
-13761
-26129
-25407
-11957
7484
23175
27256
17683
-749
-18806
-27441
-22329
-6030
13289
25951
25612
12442
-6961
-22877
-27332
-18095
208
18407
27386
22652
6579
-12776
-25708
-25731
-12822
6561
22720
27571
18694
547
-17771
-27075
-22699
-6832
12581
25816
26243
13649
-5659
-22006
-27203
-18647
-624
17837
27487
23492
7854
-11594
-25108
-25919
-13619
5629
22182
27748
19538
1665
-16916
-26898
-23279
-7873
11603
25391
26584
14584
-4597
-21350
-27284
-19430
-1727
16953
27243
23979
8788
-10733
-24813
-26412
-14738
4350
21280
27564
20049
2495
-16306
-26938
-24075
-9151
10358
24677
26634
15248
-3777
-20910
-27567
-20414
-3034
15867
26818
24334
9660
-9854
-24431
-26769
-15696
3241
20553
27569
20774
3571
-15421
-26687
-24584
-10165
9347
24176
26893
16138
-2702
-20189
-27561
-21126
-4107
14969
26546
24824
10666
-8836
-23911
-27007
-16574
2163
19816
27542
21470
4642
-14512
-26395
-25055
-11163
8321
23637
27111
17003
-1623
-19436
-27512
-21805
-5174
14049
26233
25276
11656
-7804
-23354
-27204
-17426
1082
19048
27471
22132
5705
-13580
-26062
-25487
-12144
7283
23061
27287
17842
-541
-18653
-27420
-22451
-6233
13106
25880
25689
12628
-6760
-22760
-27359
-18251
0
18251
27359
22760
6760
-12628
-25689
-25880
-13106
6233
22451
27420
18653
541
-17842
-27287
-23061
-7283
12144
25487
26062
13580
-5705
-22132
-27471
-19048
-1082
17426
27204
23354
7804
-11656
-25276
-26233
-14049
5174
21805
27512
19436
1623
-17003
-27111
-23637
-8321
11163
25055
26395
14512
-4642
-21470
-27542
-19816
-2163
16574
27007
23911
8836
-10666
-24824
-26546
-14969
4107
21126
27561
20189
2702
-16138
-26893
-24176
-9347
10165
24584
26687
15421
-3571
-20774
-27569
-20553
-3241
15696
26769
24431
9854
-9660
-24334
-26818
-15867
3034
20414
27567
20910
3777
-15248
-26634
-24677
-10358
9151
24077
26948
16327
-2458
-19991
-27478
-21158
-4188
14943
26662
25109
11071
-8409
-23566
-26801
-16489
2205
19921
27781
21850
5097
-14084
-26084
-24891
-11103
8373
23779
27398
17416
-1165
-19038
-27248
-21682
-5129
14119
26419
25608
12094
-7354
-22992
-26987
-17337
1124
19147
27703
22506
6159
-13149
-25746
-25325
-12102
7295
23141
27489
18149
-208
-18399
-27321
-22515
-6399
12944
25817
25766
12812
-6557
-22642
-27384
-18407
-208
18095
27332
22877
6961
-12442
-25612
-25951
-13289
6030
22329
27441
18806
749
-17683
-27256
-23175
-7484
11957
25407
26129
13761
-5501
-22007
-27488
-19198
-1290
17264
27169
23464
8003
-11467
-25192
-26297
-14227
4970
21677
27525
19583
1831
-16839
-27072
-23743
-8520
10972
24967
26454
14688
-4436
-21338
-27550
-19960
-2371
16407
26965
24014
9033
-10474
-24733
-26602
-15144
3901
20991
27565
20330
2909
-15969
-26847
-24275
-9542
9971
24489
26739
15593
-3365
-20636
-27570
-20692
-3447
15524
26718
24527
10048
-9464
-24236
-26865
-16036
2827
20274
27564
21045
3984
-15074
-26580
-24770
-10551
8954
23973
26982
16474
-2288
-19903
-27547
-21391
-4518
14618
26431
25003
11049
-8440
-23701
-27088
-16904
1748
19524
27520
21728
5052
-14156
-26272
-25226
-11542
7923
23420
27183
17329
-1207
-19138
-27482
-22057
-5583
13689
26102
25439
12032
-7403
-23130
-27269
-17746
666
18745
27433
22378
6112
-13216
-25923
-25643
-12517
6881
22831
27343
18157
-125
-18345
-27374
-22690
-6638
12739
25734
25837
12996
-6355
-22523
-27407
-18561
-416
17937
27304
22993
7162
-12256
-25535
-26021
-13471
5827
22206
27461
18958
958
-17522
-27224
-23287
-7684
11769
25326
26195
13941
-5297
-21881
-27503
-19347
-1498
17104
27143
23593
8239
-11222
-25030
-26258
-14280
4914
21721
27730
19942
2267
-16433
-26784
-23599
-8467
11031
25128
26762
15114
-3981
-20956
-27307
-19853
-2328
16489
27170
24366
9479
-10031
-24390
-26406
-15067
3945
21106
27818
20720
3366
-15548
-26548
-24123
-9488
10026
24643
27039
16014
-2908
-20250
-27328
-20600
-3440
15546
26839
24771
10367
-9168
-24058
-26856
-16169
2641
20141
27561
21179
4189
-14899
-26524
-24860
-10743
8757
23869
27024
16640
-2080
-19758
-27538
-21522
-4724
14441
26371
25090
11239
-8242
-23594
-27126
-17068
1540
19377
27506
21856
5256
-13977
-26208
-25309
-11731
7724
23309
27217
17490
-999
-18988
-27464
-22182
-5786
13508
26035
25519
12219
-7203
-23016
-27298
-17905
458
18592
27412
22499
6315
-13033
-25851
-25719
-12702
6679
22713
27369
18313
83
-18189
-27348
-22807
-6840
12554
25658
25909
13180
-6152
-22402
-27429
-18715
-625
17778
27275
23107
7363
-12069
-25455
-26089
-13653
5623
22082
27478
19108
1166
-17361
-27190
-23398
-7884
11580
25243
26259
14120
-5092
-21754
-27517
-19495
-1706
16937
27096
23680
8401
-11087
-25020
-26419
-14582
4559
21417
27545
19874
2246
-16507
-26990
-23952
-8915
10589
24788
26569
15039
-4025
-21072
-27563
-20245
-2785
16070
26875
24216
9425
-10087
-24546
-26708
-15490
3488
20719
27570
20609
3323
-15627
-26749
-24470
-9932
9582
24295
26837
15935
-2951
-20358
-27566
-20964
-3860
15178
26613
24714
10435
-9072
-24034
-26956
-16373
2412
19989
27552
21312
4395
-14723
-26466
-24950
-10934
8559
23764
27064
16806
-1872
-19612
-27527
-21651
-4929
14263
26309
25175
11429
-8043
-23486
-27162
-17231
1332
19228
27491
21982
5460
-13797
-26142
-25391
-11919
7521
23188
27229
17614
-847
-18914
-27546
-22430
-6139
13153
25771
25384
12176
-7242
-23148
-27577
-18313
0
18188
27139
22368
6267
-13099
-26028
-26043
-13136
6227
22345
27143
18219
41
-18282
-27571
-23174
-7292
12118
25331
25729
13112
-6199
-22530
-27699
-19117
-1083
17369
26993
22970
7314
-12129
-25615
-26384
-14046
5225
21784
27345
19133
1273
-17276
-27211
-23544
-8104
11381
25156
26322
14299
-4888
-21625
-27529
-19642
-1914
16773
27056
23786
8599
-10896
-24932
-26478
-14759
4354
21285
27553
20018
2454
-16340
-26947
-24055
-9111
10397
24696
26623
15213
-3819
-20937
-27567
-20386
-2992
15901
26828
24315
9621
-9893
-24451
-26759
-15662
3282
20581
27570
20747
3530
-15455
-26698
-24565
-10126
9386
24196
26884
16104
-2744
-20217
-27562
-21099
-4066
15004
26557
24806
10627
-8875
-23932
-26999
-16540
2205
19845
27544
21443
4601
-14547
-26407
-25038
-11125
8361
23658
27103
16970
-1665
-19465
-27515
-21779
-5133
14084
26246
25259
11618
-7844
-23376
-27197
-17393
1124
19078
27475
22107
5664
-13616
-26075
-25471
-12107
7323
23084
27281
17810
-583
-18684
-27425
-22426
-6193
13143
25895
25674
12591
-6800
-22784
-27354
-18220
42
18282
27364
22737
6719
-12665
-25704
-25866
-13070
6274
22475
27416
18623
500
-17874
-27293
-23039
-7243
12181
25503
26048
13544
-5746
-22157
-27468
-19018
-1041
17458
27211
23332
7764
-11693
-25293
-26221
-14013
5215
21830
27509
19406
1581
-17036
-27118
-23615
-8282
11201
25072
26383
14476
-4683
-21496
-27540
-19787
-2122
16607
27016
23890
8796
-10704
-24842
-26535
-14934
4148
21153
27560
20160
2661
-16172
-26902
-24156
-9308
10203
24603
26677
15386
-3612
-20801
-27569
-20526
-3202
15720
26758
24375
9760
-9776
-24454
-26933
-15982
2902
20248
27355
20654
3496
-15530
-26895
-24909
-10569
8940
23845
26679
16023
-2787
-20325
-27806
-21482
-4522
14579
26251
24646
10569
-8928
-24078
-27290
-16956
1747
19450
27284
21324
4556
-14620
-26596
-25374
-11565
7912
23301
26891
16884
-1704
-19558
-27729
-22120
-5532
13732
26032
25217
11706
-7721
-23320
-27267
-17576
906
18925
27457
22231
5868
-13435
-26007
-25550
-12293
7122
22970
27310
17969
-375
-18530
-27403
-22547
-6396
12960
25822
25749
12776
-6598
-22666
-27379
-18376
-167
18126
27338
22854
6921
-12479
-25628
-25937
-13253
6071
22353
27437
18776
708
-17715
-27262
-23152
-7444
11994
25423
26116
13725
-5542
-22032
-27485
-19168
-1249
17296
27176
23442
7963
-11505
-25209
-26284
-14192
5011
21703
27522
19554
1789
-16872
-27080
-23722
-8480
11010
24985
26443
14653
-4477
-21365
-27549
-19932
-2329
16440
26973
23993
8993
-10512
-24751
-26591
-15109
3942
21018
27565
20302
2868
-16002
-26856
-24255
-9503
10010
24508
26729
15559
-3406
-20664
-27570
-20664
-3406
15559
26729
24508
10010
-9503
-24255
-26856
-16002
2868
20302
27565
21018
3942
-15109
-26591
-24751
-10512
8993
23993
26973
16440
-2329
-19932
-27549
-21365
-4477
14653
26443
24985
11010
-8480
-23722
-27080
-16872
1789
19554
27522
21703
5011
-14192
-26284
-25209
-11505
7963
23442
27176
17296
-1249
-19168
-27485
-22032
-5542
13725
26116
25423
11994
-7444
-23152
-27262
-17715
708
18776
27437
22353
6071
-13253
-25937
-25628
-12479
6921
22854
27338
18126
-167
-18376
-27379
-22666
-6598
12776
25749
25822
12960
-6396
-22547
-27403
-18530
-375
17969
27310
22970
7122
-12293
-25550
-26007
-13433
5877
22252
27493
18983
993
-17454
-27106
-23115
-7471
12001
25555
26411
14146
-5090
-21657
-27251
-19067
-1207
17384
27391
23801
8412
-11065
-24874
-26096
-14120
5056
21824
27784
19950
2247
-16456
-26790
-23578
-8428
11069
25146
26751
15079
-4022
-20982
-27306
-19825
-2287
16523
27179
24345
9438
-10079
-24430
-26431
-15088
3909
21032
27693
20543
3152
-15777
-26772
-24333
-9689
9818
24412
26779
15730
-3199
-20526
-27569
-20801
-3612
15386
26677
24603
10203
-9308
-24156
-26902
-16172
2661
20160
27560
21153
4148
-14934
-26535
-24842
-10704
8796
23890
27016
16607
-2122
-19787
-27540
-21496
-4683
14476
26383
25072
11201
-8282
-23615
-27118
-17036
1581
19406
27509
21830
5215
-14013
-26221
-25293
-11693
7764
23332
27211
17458
-1041
-19018
-27468
-22157
-5746
13544
26048
25503
12181
-7243
-23039
-27293
-17874
500
18623
27416
22475
6274
-13070
-25866
-25704
-12665
6719
22737
27364
18282
42
-18220
-27354
-22784
-6800
12591
25674
25895
13143
-6193
-22426
-27425
-18684
-583
17810
27281
23084
7323
-12107
-25471
-26075
-13616
5664
22107
27475
19078
1124
-17393
-27197
-23376
-7844
11618
25259
26246
14084
-5133
-21779
-27515
-19465
-1665
16970
27103
23658
8361
-11125
-25038
-26407
-14547
4601
21443
27544
19845
2205
-16540
-26999
-23932
-8875
10627
24806
26557
15004
-4066
-21099
-27562
-20217
-2744
16104
26884
24196
9386
-10126
-24565
-26698
-15455
3530
20747
27570
20581
3282
-15662
-26759
-24451
-9893
9621
24315
26828
15901
-2992
-20386
-27567
-20937
-3819
15213
26623
24696
10397
-9111
-24055
-26947
-16340
2454
20018
27553
21285
4354
-14759
-26478
-24932
-10896
8599
23786
27056
16773
-1914
-19642
-27529
-21623
-4878
14320
26358
25214
11468
-7982
-23382
-27006
-17026
1568
19471
27723
22197
5667
-13583
-25906
-25125
-11632
7814
23470
27493
17869
-583
-18617
-27199
-22030
-5699
13612
26229
25831
12618
-6792
-22674
-27071
-17782
541
18719
27643
22845
6727
-12636
-25543
-25528
-12599
6767
22868
27639
18685
490
-17834
-27113
-22706
-6829
12554
25722
26066
13403
-5934
-22268
-27424
-18827
-789
17651
27250
23197
7524
-11919
-25391
-26142
-13797
5460
21982
27491
19228
1332
-17231
-27162
-23486
-8043
11429
25175
26309
14263
-4929
-21651
-27527
-19612
-1872
16806
27064
23764
8559
-10934
-24950
-26466
-14723
4395
21312
27552
19989
2412
-16373
-26956
-24034
-9072
10435
24714
26613
15178
-3860
-20964
-27566
-20358
-2951
15935
26837
24295
9582
-9932
-24470
-26749
-15627
3323
20609
27570
20719
3488
-15490
-26708
-24546
-10087
9425
24216
26875
16070
-2785
-20245
-27563
-21072
-4025
15039
26569
24788
10589
-8915
-23952
-26990
-16507
2246
19874
27545
21417
4559
-14582
-26419
-25020
-11087
8401
23680
27096
16937
-1706
-19495
-27517
-21754
-5092
14120
26259
25243
11580
-7884
-23398
-27190
-17361
1166
19108
27478
22082
5623
-13653
-26089
-25455
-12069
7363
23107
27275
17778
-625
-18715
-27429
-22402
-6152
13180
25909
25658
12554
-6840
-22807
-27348
-18189
83
18313
27369
22713
6679
-12702
-25719
-25851
-13033
6315
22499
27412
18592
458
-17905
-27298
-23016
-7203
12219
25519
26035
13508
-5786
-22182
-27464
-18988
-999
17490
27217
23309
7724
-11731
-25309
-26208
-13977
5256
21856
27506
19377
1540
-17068
-27126
-23594
-8242
11239
25090
26371
14441
-4724
-21522
-27538
-19758
-2080
16640
27024
23869
8757
-10743
-24860
-26521
-14890
4211
21216
27614
20209
2720
-16080
-26762
-23963
-9074
10455
24850
26907
15599
-3404
-20579
-27319
-20248
-2908
16014
27039
24643
10026
-9488
-24123
-26548
-15548
3366
20720
27818
21106
3945
-15067
-26406
-24390
-10031
9479
24366
27170
16489
-2328
-19853
-27307
-20956
-3981
15114
26762
25126
11021
-8488
-23635
-26838
-16500
2188
19854
27636
21625
4820
-14369
-26337
-25097
-11275
8202
23572
27133
17101
-1498
-19347
-27503
-21881
-5297
13941
26195
25326
11769
-7684
-23287
-27224
-17522
958
18958
27461
22206
5827
-13471
-26021
-25535
-12256
7162
22993
27304
17937
-416
-18561
-27407
-22523
-6355
12996
25837
25734
12739
-6638
-22690
-27374
-18345
-125
18157
27343
22831
6881
-12517
-25643
-25923
-13216
6112
22378
27433
18745
666
-17746
-27269
-23130
-7403
12032
25439
26102
13689
-5583
-22057
-27482
-19138
-1207
17329
27183
23420
7923
-11542
-25226
-26272
-14156
5052
21728
27520
19524
1748
-16904
-27088
-23701
-8440
11049
25003
26431
14618
-4518
-21391
-27547
-19903
-2288
16474
26982
23973
8954
-10551
-24770
-26580
-15074
3984
21045
27564
20274
2827
-16036
-26865
-24236
-9464
10048
24527
26718
15524
-3447
-20692
-27570
-20636
-3365
15593
26739
24489
9971
-9542
-24275
-26847
-15969
2909
20330
27565
20991
3901
-15144
-26602
-24733
-10474
9033
24014
26965
16407
-2371
-19960
-27550
-21338
-4436
14688
26454
24967
10972
-8520
-23743
-27072
-16839
1831
19583
27525
21677
4970
-14227
-26297
-25192
-11467
8003
23464
27169
17264
-1290
-19198
-27488
-22007
-5501
13761
26129
25407
11957
-7484
-23175
-27256
-17683
749
18806
27441
22329
6030
-13289
-25951
-25612
-12442
6961
22877
27332
18095
-208
-18407
-27386
-22652
-6579
12776
25708
25731
12822
-6561
-22720
-27571
-18694
-547
17771
27075
22699
6832
-12581
-25816
-26243
-13649
5659
22006
27203
18647
624
-17837
-27487
-23492
-7854
11594
25108
25919
13619
-5629
-22182
-27748
-19538
-1665
16916
26898
23279
7873
-11603
-25391
-26584
-14584
4597
21350
27284
19430
1727
-16953
-27243
-23979
-8788
10733
24813
26412
14738
-4350
-21280
-27564
-20049
-2495
16306
26938
24075
9151
-10358
-24677
-26634
-15248
3777
20910
27567
20414
3034
-15867
-26818
-24334
-9660
9854
24431
26769
15696
-3241
-20553
-27569
-20774
-3571
15421
26687
24584
10165
-9347
-24176
-26893
-16138
2702
20189
27561
21126
4107
-14969
-26546
-24824
-10666
8836
23911
27007
16574
-2163
-19816
-27542
-21470
-4642
14512
26395
25055
11163
-8321
-23637
-27111
-17003
1623
19436
27512
21805
5174
-14049
-26233
-25276
-11656
7804
23354
27204
17426
-1082
-19048
-27471
-22132
-5705
13580
26062
25487
12144
-7283
-23061
-27287
-17842
541
18653
27420
22451
6233
-13106
-25880
-25689
-12628
6760
22760
27359
18251
0
-18251
-27359
-22760
-6760
12628
25689
25880
13106
-6233
-22451
-27420
-18653
-541
17842
27287
23061
7283
-12144
-25487
-26062
-13580
5705
22132
27471
19048
1082
-17426
-27204
-23354
-7804
11656
25276
26233
14049
-5174
-21805
-27512
-19436
-1623
17003
27111
23637
8321
-11163
-25055
-26395
-14512
4642
21470
27542
19816
2163
-16574
-27007
-23911
-8836
10666
24824
26546
14969
-4107
-21126
-27561
-20189
-2702
16138
26893
24176
9347
-10165
-24584
-26687
-15421
3571
20774
27569
20553
3241
-15696
-26769
-24431
-9854
9660
24334
26818
15867
-3034
-20414
-27567
-20910
-3777
15248
26634
24677
10358
-9151
-24077
-26948
-16327
2458
19991
27478
21158
4188
-14943
-26662
-25109
-11071
8409
23566
26801
16489
-2205
-19921
-27781
-21850
-5097
14084
26084
24891
11103
-8373
-23779
-27398
-17416
1165
19038
27248
21682
5129
-14119
-26419
-25608
-12094
7354
22992
26987
17337
-1124
-19147
-27703
-22506
-6159
13149
25746
25325
12102
-7295
-23141
-27489
-18149
208
18399
27321
22515
6399
-12944
-25817
-25766
-12812
6557
22642
27384
18407
208
-18095
-27332
-22877
-6961
12442
25612
25951
13289
-6030
-22329
-27441
-18806
-749
17683
27256
23175
7484
-11957
-25407
-26129
-13761
5501
22007
27488
19198
1290
-17264
-27169
-23464
-8003
11467
25192
26297
14227
-4970
-21677
-27525
-19583
-1831
16839
27072
23743
8520
-10972
-24967
-26454
-14688
4436
21338
27550
19960
2371
-16407
-26965
-24014
-9033
10474
24733
26602
15144
-3901
-20991
-27565
-20330
-2909
15969
26847
24275
9542
-9971
-24489
-26739
-15593
3365
20636
27570
20692
3447
-15524
-26718
-24527
-10048
9464
24236
26865
16036
-2827
-20274
-27564
-21045
-3984
15074
26580
24770
10551
-8954
-23973
-26982
-16474
2288
19903
27547
21391
4518
-14618
-26431
-25003
-11049
8440
23701
27088
16904
-1748
-19524
-27520
-21728
-5052
14156
26272
25226
11542
-7923
-23420
-27183
-17329
1207
19138
27482
22057
5583
-13689
-26102
-25439
-12032
7403
23130
27269
17746
-666
-18745
-27433
-22378
-6112
13216
25923
25643
12517
-6881
-22831
-27343
-18157
125
18345
27374
22690
6638
-12739
-25734
-25837
-12996
6355
22523
27407
18561
416
-17937
-27304
-22993
-7162
12256
25535
26021
13471
-5827
-22206
-27461
-18958
-958
17522
27224
23287
7684
-11769
-25326
-26195
-13941
5297
21881
27503
19347
1498
-17104
-27143
-23593
-8239
11222
25030
26258
14280
-4914
-21721
-27730
-19942
-2267
16433
26784
23599
8467
-11031
-25128
-26762
-15114
3981
20956
27307
19853
2328
-16489
-27170
-24366
-9479
10031
24390
26406
15067
-3945
-21106
-27818
-20720
-3366
15548
26548
24123
9488
-10026
-24643
-27039
-16014
2908
20250
27328
20600
3440
-15546
-26839
-24771
-10367
9168
24058
26856
16169
-2641
-20141
-27561
-21179
-4189
14899
26524
24860
10743
-8757
-23869
-27024
-16640
2080
19758
27538
21522
4724
-14441
-26371
-25090
-11239
8242
23594
27126
17068
-1540
-19377
-27506
-21856
-5256
13977
26208
25309
11731
-7724
-23309
-27217
-17490
999
18988
27464
22182
5786
-13508
-26035
-25519
-12219
7203
23016
27298
17905
-458
-18592
-27412
-22499
-6315
13033
25851
25719
12702
-6679
-22713
-27369
-18313
-83
18189
27348
22807
6840
-12554
-25658
-25909
-13180
6152
22402
27429
18715
625
-17778
-27275
-23107
-7363
12069
25455
26089
13653
-5623
-22082
-27478
-19108
-1166
17361
27190
23398
7884
-11580
-25243
-26259
-14120
5092
21754
27517
19495
1706
-16937
-27096
-23680
-8401
11087
25020
26419
14582
-4559
-21417
-27545
-19874
-2246
16507
26990
23952
8915
-10589
-24788
-26569
-15039
4025
21072
27563
20245
2785
-16070
-26875
-24216
-9425
10087
24546
26708
15490
-3488
-20719
-27570
-20609
-3323
15627
26749
24470
9932
-9582
-24295
-26837
-15935
2951
20358
27566
20964
3860
-15178
-26613
-24714
-10435
9072
24034
26956
16373
-2412
-19989
-27552
-21312
-4395
14723
26466
24950
10934
-8559
-23764
-27064
-16806
1872
19612
27527
21651
4929
-14263
-26309
-25175
-11429
8043
23486
27162
17231
-1332
-19228
-27491
-21982
-5460
13797
26142
25391
11919
-7521
-23188
-27229
-17614
847
18914
27546
22430
6139
-13153
-25771
-25384
-12176
7242
23148
27577
18313
0
-18188
-27139
-22368
-6267
13099
26028
26043
13136
-6227
-22345
-27143
-18219
-41
18282
27571
23174
7292
-12118
-25331
-25729
-13112
6199
22530
27699
19117
1083
-17369
-26993
-22970
-7314
12129
25615
26384
14046
-5225
-21784
-27345
-19133
-1273
17276
27211
23544
8104
-11381
-25156
-26322
-14299
4888
21625
27529
19642
1914
-16773
-27056
-23786
-8599
10896
24932
26478
14759
-4354
-21285
-27553
-20018
-2454
16340
26947
24055
9111
-10397
-24696
-26623
-15213
3819
20937
27567
20386
2992
-15901
-26828
-24315
-9621
9893
24451
26759
15662
-3282
-20581
-27570
-20747
-3530
15455
26698
24565
10126
-9386
-24196
-26884
-16104
2744
20217
27562
21099
4066
-15004
-26557
-24806
-10627
8875
23932
26999
16540
-2205
-19845
-27544
-21443
-4601
14547
26407
25038
11125
-8361
-23658
-27103
-16970
1665
19465
27515
21779
5133
-14084
-26246
-25259
-11618
7844
23376
27197
17393
-1124
-19078
-27475
-22107
-5664
13616
26075
25471
12107
-7323
-23084
-27281
-17810
583
18684
27425
22426
6193
-13143
-25895
-25674
-12591
6800
22784
27354
18220
-42
-18282
-27364
-22737
-6719
12665
25704
25866
13070
-6274
-22475
-27416
-18623
-500
17874
27293
23039
7243
-12181
-25503
-26048
-13544
5746
22157
27468
19018
1041
-17458
-27211
-23332
-7764
11693
25293
26221
14013
-5215
-21830
-27509
-19406
-1581
17036
27118
23615
8282
-11201
-25072
-26383
-14476
4683
21496
27540
19787
2122
-16607
-27016
-23890
-8796
10704
24842
26535
14934
-4148
-21153
-27560
-20160
-2661
16172
26902
24156
9308
-10203
-24603
-26677
-15386
3612
20801
27569
20526
3197
-15740
-26800
-24449
-9871
9621
24253
26683
15683
-3248
-20636
-27781
-21112
-3977
15035
26395
24409
10069
-9440
-24345
-27179
-16523
2287
19825
27306
20982
4022
-15079
-26751
-25146
-11069
8428
23578
26790
16456
-2247
-19950
-27784
-21824
-5056
14120
26096
24874
11065
-8412
-23801
-27391
-17384
1209
19077
27272
21693
5143
-14078
-26331
-25467
-11907
7567
23209
27194
17533
-925
-18930
-27457
-22231
-5868
13435
26007
25550
12293
-7122
-22970
-27310
-17969
375
18530
27403
22547
6396
-12960
-25822
-25749
-12776
6598
22666
27379
18376
167
-18126
-27338
-22854
-6921
12479
25628
25937
13253
-6071
-22353
-27437
-18776
-708
17715
27262
23152
7444
-11994
-25423
-26116
-13725
5542
22032
27485
19168
1249
-17296
-27176
-23442
-7963
11505
25209
26284
14192
-5011
-21703
-27522
-19554
-1789
16872
27080
23722
8480
-11010
-24985
-26443
-14653
4477
21365
27549
19932
2329
-16440
-26973
-23993
-8993
10512
24751
26591
15109
-3942
-21018
-27565
-20302
-2868
16002
26856
24255
9503
-10010
-24508
-26729
-15559
3406
20664
27570
20664
3406
-15559
-26729
-24508
-10010
9503
24255
26856
16002
-2868
-20302
-27565
-21018
-3942
15109
26591
24751
10512
-8993
-23993
-26973
-16440
2329
19932
27549
21365
4477
-14653
-26443
-24985
-11010
8480
23722
27080
16872
-1789
-19554
-27522
-21703
-5011
14192
26284
25209
11505
-7963
-23442
-27176
-17296
1249
19168
27485
22032
5542
-13725
-26116
-25423
-11994
7444
23152
27262
17715
-708
-18776
-27437
-22353
-6071
13253
25937
25628
12479
-6921
-22854
-27338
-18126
167
18376
27379
22666
6598
-12776
-25749
-25822
-12960
6396
22547
27403
18530
375
-17969
-27310
-22970
-7122
12293
25550
26007
13433
-5877
-22252
-27493
-18983
-993
17454
27106
23115
7471
-12001
-25555
-26411
-14146
5090
21657
27251
19067
1207
-17384
-27391
-23801
-8412
11065
24874
26096
14120
-5056
-21824
-27784
-19950
-2247
16456
26790
23578
8428
-11069
-25146
-26751
-15079
4022
20982
27306
19825
2287
-16523
-27179
-24345
-9438
10079
24430
26431
15088
-3909
-21032
-27693
-20543
-3152
15777
26772
24333
9689
-9818
-24412
-26779
-15730
3199
20526
27569
20801
3612
-15386
-26677
-24603
-10203
9308
24156
26902
16172
-2661
-20160
-27560
-21153
-4148
14934
26535
24842
10704
-8796
-23890
-27016
-16607
2122
19787
27540
21496
4683
-14476
-26383
-25072
-11201
8282
23615
27118
17036
-1581
-19406
-27509
-21830
-5215
14013
26221
25293
11693
-7764
-23332
-27211
-17458
1041
19018
27468
22157
5746
-13544
-26048
-25503
-12181
7243
23039
27293
17874
-500
-18623
-27416
-22475
-6274
13070
25866
25704
12665
-6719
-22737
-27364
-18282
-42
18220
27354
22784
6800
-12591
-25674
-25895
-13143
6193
22426
27425
18684
583
-17810
-27281
-23084
-7323
12107
25471
26075
13616
-5664
-22107
-27475
-19078
-1124
17393
27197
23376
7844
-11618
-25259
-26246
-14084
5133
21779
27515
19465
1665
-16970
-27103
-23658
-8361
11125
25038
26407
14547
-4601
-21443
-27544
-19845
-2205
16540
26999
23932
8875
-10627
-24806
-26557
-15004
4066
21099
27562
20217
2744
-16104
-26884
-24196
-9386
10126
24565
26698
15455
-3530
-20747
-27570
-20581
-3282
15662
26759
24451
9893
-9621
-24315
-26828
-15901
2992
20386
27567
20937
3819
-15213
-26623
-24696
-10397
9111
24055
26947
16340
-2454
-20018
-27553
-21285
-4354
14759
26478
24932
10896
-8599
-23786
-27056
-16773
1914
19642
27529
21623
4878
-14320
-26358
-25214
-11468
7982
23382
27006
17026
-1568
-19471
-27723
-22197
-5667
13583
25906
25125
11632
-7814
-23470
-27493
-17869
583
18617
27199
22030
5699
-13612
-26229
-25831
-12618
6792
22674
27071
17782
-541
-18719
-27643
-22845
-6727
12636
25543
25528
12599
-6767
-22868
-27639
-18685
-490
17834
27113
22706
6829
-12554
-25722
-26066
-13403
5934
22268
27424
18827
789
-17651
-27250
-23197
-7524
11919
25391
26142
13797
-5460
-21982
-27491
-19228
-1332
17231
27162
23486
8043
-11429
-25175
-26309
-14263
4929
21651
27527
19612
1872
-16806
-27064
-23764
-8559
10934
24950
26466
14723
-4395
-21312
-27552
-19989
-2412
16373
26956
24034
9072
-10435
-24714
-26613
-15178
3860
20964
27566
20358
2951
-15935
-26837
-24295
-9582
9932
24470
26749
15627
-3323
-20609
-27570
-20719
-3488
15490
26708
24546
10087
-9425
-24216
-26875
-16070
2785
20245
27563
21072
4025
-15039
-26569
-24788
-10589
8915
23952
26990
16507
-2246
-19874
-27545
-21417
-4559
14582
26419
25020
11087
-8401
-23680
-27096
-16937
1706
19495
27517
21754
5092
-14120
-26259
-25243
-11580
7884
23398
27190
17361
-1166
-19108
-27478
-22082
-5623
13653
26089
25455
12069
-7363
-23107
-27275
-17778
625
18715
27429
22402
6152
-13180
-25909
-25658
-12554
6840
22807
27348
18189
-83
-18313
-27369
-22713
-6679
12702
25719
25851
13033
-6315
-22499
-27412
-18592
-458
17905
27298
23016
7203
-12219
-25519
-26035
-13508
5786
22182
27464
18988
999
-17490
-27217
-23309
-7724
11731
25309
26208
13977
-5256
-21856
-27506
-19377
-1540
17068
27126
23594
8242
-11239
-25090
-26371
-14441
4724
21522
27538
19758
2080
-16640
-27024
-23869
-8757
10743
24860
26526
14909
-4168
-21143
-27503
-20055
-2519
16330
27061
24308
9463
-10029
-24393
-26426
-15104
3904
21079
27819
20748
3408
-15514
-26539
-24143
-9526
9988
24623
27048
16048
-2866
-20220
-27318
-20606
-3445
15567
26906
24890
10531
-8979
-23866
-26670
-15989
2828
20353
27807
21456
4481
-14614
-26262
-24631
-10540
8946
24062
27227
16846
-1889
-19604
-27435
-21471
-4709
14442
26380
25116
11279
-8202
-23572
-27133
-17101
1498
19347
27503
21881
5297
-13941
-26195
-25326
-11769
7684
23287
27224
17522
-958
-18958
-27461
-22206
-5827
13471
26021
25535
12256
-7162
-22993
-27304
-17937
416
18561
27407
22523
6355
-12996
-25837
-25734
-12739
6638
22690
27374
18345
125
-18157
-27343
-22831
-6881
12517
25643
25923
13216
-6112
-22378
-27433
-18745
-666
17746
27269
23130
7403
-12032
-25439
-26102
-13689
5583
22057
27482
19138
1207
-17329
-27183
-23420
-7923
11542
25226
26272
14156
-5052
-21728
-27520
-19524
-1748
16904
27088
23701
8440
-11049
-25003
-26431
-14618
4518
21391
27547
19903
2288
-16474
-26982
-23973
-8954
10551
24770
26580
15074
-3984
-21045
-27564
-20274
-2827
16036
26865
24236
9464
-10048
-24527
-26718
-15524
3447
20692
27570
20636
3365
-15593
-26739
-24489
-9971
9542
24275
26847
15969
-2909
-20330
-27565
-20991
-3901
15144
26602
24733
10474
-9033
-24014
-26965
-16407
2371
19960
27550
21338
4436
-14688
-26454
-24967
-10972
8520
23743
27072
16839
-1831
-19583
-27525
-21677
-4970
14227
26297
25192
11467
-8003
-23464
-27169
-17264
1290
19198
27488
22007
5501
-13761
-26129
-25407
-11957
7484
23175
27256
17683
-749
-18806
-27441
-22329
-6030
13289
25951
25612
12442
-6961
-22877
-27332
-18095
208
18407
27381
22633
6536
-12849
-25819
-25885
-13024
6311
22421
27225
18305
120
-18229
-27556
-23194
-7332
12081
25316
25743
13149
-6159
-22506
-27703
-19147
-1124
17337
26987
22992
7354
-12094
-25608
-26419
-14119
5129
21682
27248
19038
1165
-17416
-27398
-23779
-8373
11103
24891
26084
14084
-5097
-21850
-27779
-19911
-2184
16526
26854
23634
8489
-10983
-25015
-26566
-14849
4276
21238
27545
20044
2495
-16306
-26938
-24075
-9151
10358
24677
26634
15248
-3777
-20910
-27567
-20414
-3034
15867
26818
24334
9660
-9854
-24431
-26769
-15696
3241
20553
27569
20774
3571
-15421
-26687
-24584
-10165
9347
24176
26893
16138
-2702
-20189
-27561
-21126
-4107
14969
26546
24824
10666
-8836
-23911
-27007
-16574
2163
19816
27542
21470
4642
-14512
-26395
-25055
-11163
8321
23637
27111
17003
-1623
-19436
-27512
-21805
-5174
14049
26233
25276
11656
-7804
-23354
-27204
-17426
1082
19048
27471
22132
5705
-13580
-26062
-25487
-12144
7283
23061
27287
17842
-541
-18653
-27420
-22451
-6233
13106
25880
25689
12628
-6760
-22760
-27359
-18251
0
18251
27359
22760
6760
-12628
-25689
-25880
-13106
6233
22451
27420
18653
541
-17842
-27287
-23061
-7283
12144
25487
26062
13580
-5705
-22132
-27471
-19048
-1082
17426
27204
23354
7804
-11656
-25276
-26233
-14049
5174
21805
27512
19436
1623
-17003
-27111
-23637
-8321
11163
25055
26395
14512
-4642
-21470
-27542
-19816
-2163
16574
27007
23911
8836
-10666
-24824
-26546
-14969
4107
21126
27561
20189
2702
-16138
-26893
-24176
-9347
10165
24584
26687
15421
-3571
-20774
-27569
-20553
-3241
15696
26769
24431
9854
-9660
-24334
-26818
-15867
3034
20414
27567
20910
3777
-15248
-26634
-24677
-10358
9151
24073
26929
16285
-2532
-20102
-27632
-21360
-4438
14644
26316
24720
10644
-8867
-24047
-27296
-16989
1705
19421
27281
21350
4597
-14584
-26584
-25391
-11603
7873
23279
26898
16916
-1665
-19538
-27748
-22182
-5629
13619
25919
25108
11594
-7854
-23492
-27487
-17837
624
18647
27203
22006
5659
-13649
-26241
-25806
-12560
6869
22752
27143
17851
-458
-18600
-27475
-22626
-6473
12902
25798
25761
12812
-6557
-22642
-27384
-18407
-208
18095
27332
22877
6961
-12442
-25612
-25951
-13289
6030
22329
27441
18806
749
-17683
-27256
-23175
-7484
11957
25407
26129
13761
-5501
-22007
-27488
-19198
-1290
17264
27169
23464
8003
-11467
-25192
-26297
-14227
4970
21677
27525
19583
1831
-16839
-27072
-23743
-8520
10972
24967
26454
14688
-4436
-21338
-27550
-19960
-2371
16407
26965
24014
9033
-10474
-24733
-26602
-15144
3901
20991
27565
20330
2909
-15969
-26847
-24275
-9542
9971
24489
26739
15593
-3365
-20636
-27570
-20692
-3447
15524
26718
24527
10048
-9464
-24236
-26865
-16036
2827
20274
27564
21045
3984
-15074
-26580
-24770
-10551
8954
23973
26982
16474
-2288
-19903
-27547
-21391
-4518
14618
26431
25003
11049
-8440
-23701
-27088
-16904
1748
19524
27520
21728
5052
-14156
-26272
-25226
-11542
7923
23420
27183
17329
-1207
-19138
-27482
-22057
-5583
13689
26102
25439
12032
-7403
-23130
-27269
-17746
666
18745
27433
22378
6112
-13216
-25923
-25643
-12517
6881
22831
27343
18157
-125
-18345
-27374
-22690
-6638
12739
25734
25837
12996
-6355
-22523
-27407
-18561
-416
17937
27304
22993
7162
-12256
-25535
-26021
-13471
5827
22206
27461
18958
958
-17522
-27224
-23287
-7684
11769
25326
26195
13941
-5297
-21881
-27503
-19347
-1498
17099
27124
23551
8166
-11333
-25184
-26459
-14530
4615
21375
27341
19516
1810
-16914
-27280
-24099
-8967
10531
24628
26262
14614
-4481
-21456
-27807
-20353
-2828
15989
26670
23866
8979
-10531
-24890
-26906
-15567
3445
20606
27318
20220
2866
-16048
-27048
-24623
-9988
9526
24143
26539
15514
-3408
-20745
-27809
-21058
-3867
15157
26493
24472
10117
-9369
-24213
-26967
-16242
2598
20122
27556
21179
4189
-14899
-26524
-24860
-10743
8757
23869
27024
16640
-2080
-19758
-27538
-21522
-4724
14441
26371
25090
11239
-8242
-23594
-27126
-17068
1540
19377
27506
21856
5256
-13977
-26208
-25309
-11731
7724
23309
27217
17490
-999
-18988
-27464
-22182
-5786
13508
26035
25519
12219
-7203
-23016
-27298
-17905
458
18592
27412
22499
6315
-13033
-25851
-25719
-12702
6679
22713
27369
18313
83
-18189
-27348
-22807
-6840
12554
25658
25909
13180
-6152
-22402
-27429
-18715
-625
17778
27275
23107
7363
-12069
-25455
-26089
-13653
5623
22082
27478
19108
1166
-17361
-27190
-23398
-7884
11580
25243
26259
14120
-5092
-21754
-27517
-19495
-1706
16937
27096
23680
8401
-11087
-25020
-26419
-14582
4559
21417
27545
19874
2246
-16507
-26990
-23952
-8915
10589
24788
26569
15039
-4025
-21072
-27563
-20245
-2785
16070
26875
24216
9425
-10087
-24546
-26708
-15490
3488
20719
27570
20609
3323
-15627
-26749
-24470
-9932
9582
24295
26837
15935
-2951
-20358
-27566
-20964
-3860
15178
26613
24714
10435
-9072
-24034
-26956
-16373
2412
19989
27552
21312
4395
-14723
-26466
-24950
-10934
8559
23764
27064
16806
-1872
-19612
-27527
-21651
-4929
14263
26309
25175
11429
-8043
-23486
-27162
-17231
1332
19228
27491
21982
5460
-13797
-26142
-25391
-11919
7526
23207
27271
17687
-736
-18759
-27345
-22180
-5840
13499
26160
25810
12634
-6761
-22653
-27077
-17813
500
18688
27639
22868
6767
-12599
-25528
-25543
-12636
6727
22845
27643
18719
541
-17782
-27071
-22674
-6792
12618
25831
26229
13612
-5699
-22030
-27199
-18617
-583
17869
27493
23470
7814
-11634
-25134
-25927
-13620
5614
22130
27644
19383
1474
-17122
-27100
-23471
-8062
11400
25161
26322
14299
-4888
-21625
-27529
-19642
-1914
16773
27056
23786
8599
-10896
-24932
-26478
-14759
4354
21285
27553
20018
2454
-16340
-26947
-24055
-9111
10397
24696
26623
15213
-3819
-20937
-27567
-20386
-2992
15901
26828
24315
9621
-9893
-24451
-26759
-15662
3282
20581
27570
20747
3530
-15455
-26698
-24565
-10126
9386
24196
26884
16104
-2744
-20217
-27562
-21099
-4066
15004
26557
24806
10627
-8875
-23932
-26999
-16540
2205
19845
27544
21443
4601
-14547
-26407
-25038
-11125
8361
23658
27103
16970
-1665
-19465
-27515
-21779
-5133
14084
26246
25259
11618
-7844
-23376
-27197
-17393
1124
19078
27475
22107
5664
-13616
-26075
-25471
-12107
7323
23084
27281
17810
-583
-18684
-27425
-22426
-6193
13143
25895
25674
12591
-6800
-22784
-27354
-18220
42
18282
27364
22737
6719
-12665
-25704
-25866
-13070
6274
22475
27416
18623
500
-17874
-27293
-23039
-7243
12181
25503
26048
13544
-5746
-22157
-27468
-19018
-1041
17458
27211
23332
7764
-11693
-25293
-26221
-14013
5215
21830
27509
19406
1581
-17036
-27118
-23615
-8282
11201
25072
26383
14476
-4683
-21496
-27540
-19787
-2122
16607
27016
23890
8796
-10704
-24842
-26535
-14934
4148
21153
27560
20160
2661
-16172
-26902
-24156
-9308
10203
24603
26677
15386
-3612
-20801
-27569
-20526
-3202
15720
26758
24375
9760
-9776
-24454
-26933
-15982
2902
20248
27355
20654
3496
-15530
-26895
-24909
-10569
8940
23845
26679
16023
-2787
-20325
-27806
-21482
-4522
14579
26251
24646
10569
-8928
-24078
-27290
-16956
1747
19450
27284
21324
4556
-14620
-26596
-25374
-11565
7912
23301
26891
16884
-1704
-19558
-27729
-22120
-5532
13732
26032
25217
11706
-7721
-23320
-27267
-17576
906
18925
27457
22231
5868
-13435
-26007
-25550
-12293
7122
22970
27310
17969
-375
-18530
-27403
-22547
-6396
12960
25822
25749
12776
-6598
-22666
-27379
-18376
-167
18126
27338
22854
6921
-12479
-25628
-25937
-13253
6071
22353
27437
18776
708
-17715
-27262
-23152
-7444
11994
25423
26116
13725
-5542
-22032
-27485
-19168
-1249
17296
27176
23442
7963
-11505
-25209
-26284
-14192
5011
21703
27522
19554
1789
-16872
-27080
-23722
-8480
11010
24985
26443
14653
-4477
-21365
-27549
-19932
-2329
16440
26973
23993
8993
-10512
-24751
-26591
-15109
3942
21018
27565
20302
2868
-16002
-26856
-24255
-9503
10010
24508
26729
15559
-3406
-20664
-27570
-20664
-3406
15559
26729
24508
10010
-9503
-24255
-26856
-16002
2868
20302
27565
21018
3942
-15109
-26591
-24751
-10512
8993
23993
26973
16440
-2329
-19932
-27549
-21365
-4477
14653
26443
24985
11010
-8480
-23722
-27080
-16872
1789
19554
27522
21703
5011
-14192
-26284
-25209
-11505
7963
23442
27176
17296
-1249
-19168
-27485
-22032
-5542
13725
26116
25423
11994
-7444
-23152
-27262
-17715
708
18776
27437
22353
6071
-13253
-25937
-25628
-12479
6921
22854
27338
18126
-167
-18376
-27379
-22666
-6598
12776
25749
25822
12960
-6396
-22547
-27403
-18530
-375
17969
27310
22970
7122
-12293
-25550
-26007
-13433
5877
22252
27493
18983
993
-17454
-27106
-23115
-7471
12001
25555
26411
14146
-5090
-21657
-27251
-19067
-1207
17384
27391
23801
8412
-11065
-24874
-26096
-14120
5056
21824
27784
19950
2247
-16456
-26790
-23578
-8428
11069
25146
26751
15079
-4022
-20982
-27306
-19825
-2287
16523
27179
24345
9438
-10079
-24430
-26431
-15088
3909
21032
27693
20543
3152
-15777
-26772
-24333
-9689
9818
24412
26779
15730
-3199
-20526
-27569
-20801
-3612
15386
26677
24603
10203
-9308
-24156
-26902
-16172
2661
20160
27560
21153
4148
-14934
-26535
-24842
-10704
8796
23890
27016
16607
-2122
-19787
-27540
-21496
-4683
14476
26383
25072
11201
-8282
-23615
-27118
-17036
1581
19406
27509
21830
5215
-14013
-26221
-25293
-11693
7764
23332
27211
17458
-1041
-19018
-27468
-22157
-5746
13544
26048
25503
12181
-7243
-23039
-27293
-17874
500
18623
27416
22475
6274
-13070
-25866
-25704
-12665
6719
22737
27364
18282
42
-18220
-27354
-22784
-6800
12591
25674
25895
13143
-6193
-22426
-27425
-18684
-583
17810
27281
23084
7323
-12107
-25471
-26075
-13616
5664
22107
27475
19078
1124
-17393
-27197
-23376
-7844
11618
25259
26246
14084
-5133
-21779
-27515
-19465
-1665
16970
27103
23658
8361
-11125
-25038
-26407
-14547
4601
21443
27544
19845
2205
-16540
-26999
-23932
-8875
10627
24806
26557
15004
-4066
-21099
-27562
-20217
-2744
16104
26884
24196
9386
-10126
-24565
-26698
-15455
3530
20747
27570
20581
3282
-15662
-26759
-24451
-9893
9621
24315
26828
15901
-2992
-20386
-27567
-20937
-3819
15213
26623
24696
10397
-9111
-24055
-26947
-16340
2454
20018
27553
21285
4354
-14759
-26478
-24932
-10896
8599
23786
27056
16773
-1914
-19642
-27529
-21623
-4878
14320
26358
25214
11468
-7982
-23382
-27006
-17026
1568
19471
27723
22197
5667
-13583
-25906
-25125
-11632
7814
23470
27493
17869
-583
-18617
-27199
-22030
-5699
13612
26229
25831
12618
-6792
-22674
-27071
-17782
541
18719
27643
22845
6727
-12636
-25543
-25528
-12599
6767
22868
27639
18685
490
-17834
-27113
-22706
-6829
12554
25722
26066
13403
-5934
-22268
-27424
-18827
-789
17651
27250
23197
7524
-11919
-25391
-26142
-13797
5460
21982
27491
19228
1332
-17231
-27162
-23486
-8043
11429
25175
26309
14263
-4929
-21651
-27527
-19612
-1872
16806
27064
23764
8559
-10934
-24950
-26466
-14723
4395
21312
27552
19989
2412
-16373
-26956
-24034
-9072
10435
24714
26613
15178
-3860
-20964
-27566
-20358
-2951
15935
26837
24295
9582
-9932
-24470
-26749
-15627
3323
20609
27570
20719
3488
-15490
-26708
-24546
-10087
9425
24216
26875
16070
-2785
-20245
-27563
-21072
-4025
15039
26569
24788
10589
-8915
-23952
-26990
-16507
2246
19874
27545
21417
4559
-14582
-26419
-25020
-11087
8401
23680
27096
16937
-1706
-19495
-27517
-21754
-5092
14120
26259
25243
11580
-7884
-23398
-27190
-17361
1166
19108
27478
22082
5623
-13653
-26089
-25455
-12069
7363
23107
27275
17778
-625
-18715
-27429
-22402
-6152
13180
25909
25658
12554
-6840
-22807
-27348
-18189
83
18313
27369
22713
6679
-12702
-25719
-25851
-13033
6315
22499
27412
18592
458
-17905
-27298
-23016
-7203
12219
25519
26035
13508
-5786
-22182
-27464
-18988
-999
17490
27217
23309
7724
-11731
-25309
-26208
-13977
5256
21856
27506
19377
1540
-17068
-27126
-23594
-8242
11239
25090
26371
14441
-4724
-21522
-27538
-19758
-2080
16640
27024
23869
8757
-10743
-24860
-26521
-14890
4211
21216
27614
20209
2720
-16080
-26762
-23963
-9074
10455
24850
26907
15599
-3404
-20579
-27319
-20248
-2908
16014
27039
24643
10026
-9488
-24123
-26548
-15548
3366
20720
27818
21106
3945
-15067
-26406
-24390
-10031
9479
24366
27170
16489
-2328
-19853
-27307
-20956
-3981
15114
26762
25126
11021
-8488
-23635
-26838
-16500
2188
19854
27636
21625
4820
-14369
-26337
-25097
-11275
8202
23572
27133
17101
-1498
-19347
-27503
-21881
-5297
13941
26195
25326
11769
-7684
-23287
-27224
-17522
958
18958
27461
22206
5827
-13471
-26021
-25535
-12256
7162
22993
27304
17937
-416
-18561
-27407
-22523
-6355
12996
25837
25734
12739
-6638
-22690
-27374
-18345
-125
18157
27343
22831
6881
-12517
-25643
-25923
-13216
6112
22378
27433
18745
666
-17746
-27269
-23130
-7403
12032
25439
26102
13689
-5583
-22057
-27482
-19138
-1207
17329
27183
23420
7923
-11542
-25226
-26272
-14156
5052
21728
27520
19524
1748
-16904
-27088
-23701
-8440
11049
25003
26431
14618
-4518
-21391
-27547
-19903
-2288
16474
26982
23973
8954
-10551
-24770
-26580
-15074
3984
21045
27564
20274
2827
-16036
-26865
-24236
-9464
10048
24527
26718
15524
-3447
-20692
-27570
-20636
-3365
15593
26739
24489
9971
-9542
-24275
-26847
-15969
2909
20330
27565
20991
3901
-15144
-26602
-24733
-10474
9033
24014
26965
16407
-2371
-19960
-27550
-21338
-4436
14688
26454
24967
10972
-8520
-23743
-27072
-16839
1831
19583
27525
21677
4970
-14227
-26297
-25192
-11467
8003
23464
27169
17264
-1290
-19198
-27488
-22007
-5501
13761
26129
25407
11957
-7484
-23175
-27256
-17683
749
18806
27441
22329
6030
-13289
-25951
-25612
-12442
6961
22877
27332
18095
-208
-18407
-27386
-22652
-6579
12776
25708
25731
12822
-6561
-22720
-27571
-18694
-547
17771
27075
22699
6832
-12581
-25816
-26243
-13649
5659
22006
27203
18647
624
-17837
-27487
-23492
-7854
11594
25108
25919
13619
-5629
-22182
-27748
-19538
-1665
16916
26898
23279
7873
-11603
-25391
-26584
-14584
4597
21350
27284
19430
1727
-16953
-27243
-23979
-8788
10733
24813
26412
14738
-4350
-21280
-27564
-20049
-2495
16306
26938
24075
9151
-10358
-24677
-26634
-15248
3777
20910
27567
20414
3034
-15867
-26818
-24334
-9660
9854
24431
26769
15696
-3241
-20553
-27569
-20774
-3571
15421
26687
24584
10165
-9347
-24176
-26893
-16138
2702
20189
27561
21126
4107
-14969
-26546
-24824
-10666
8836
23911
27007
16574
-2163
-19816
-27542
-21470
-4642
14512
26395
25055
11163
-8321
-23637
-27111
-17003
1623
19436
27512
21805
5174
-14049
-26233
-25276
-11656
7804
23354
27204
17426
-1082
-19048
-27471
-22132
-5705
13580
26062
25487
12144
-7283
-23061
-27287
-17842
541
18653
27420
22451
6233
-13106
-25880
-25689
-12628
6760
22760
27359
18251
0
-18251
-27359
-22760
-6760
12628
25689
25880
13106
-6233
-22451
-27420
-18653
-541
17842
27287
23061
7283
-12144
-25487
-26062
-13580
5705
22132
27471
19048
1082
-17426
-27204
-23354
-7804
11656
25276
26233
14049
-5174
-21805
-27512
-19436
-1623
17003
27111
23637
8321
-11163
-25055
-26395
-14512
4642
21470
27542
19816
2163
-16574
-27007
-23911
-8836
10666
24824
26546
14969
-4107
-21126
-27561
-20189
-2702
16138
26893
24176
9347
-10165
-24584
-26687
-15421
3571
20774
27569
20553
3241
-15696
-26769
-24431
-9854
9660
24334
26818
15867
-3034
-20414
-27567
-20910
-3777
15248
26634
24677
10358
-9151
-24073
-26929
-16285
2532
20102
27632
21360
4438
-14644
-26316
-24720
-10644
8867
24047
27296
16989
-1705
-19421
-27281
-21350
-4597
14584
26584
25391
11603
-7873
-23279
-26898
-16916
1665
19538
27748
22182
5629
-13619
-25919
-25108
-11594
7854
23492
27487
17837
-624
-18647
-27203
-22006
-5659
13649
26241
25806
12560
-6869
-22752
-27143
-17851
458
18600
27475
22626
6473
-12902
-25798
-25761
-12812
6557
22642
27384
18407
208
-18095
-27332
-22877
-6961
12442
25612
25951
13289
-6030
-22329
-27441
-18806
-749
17683
27256
23175
7484
-11957
-25407
-26129
-13761
5501
22007
27488
19198
1290
-17264
-27169
-23464
-8003
11467
25192
26297
14227
-4970
-21677
-27525
-19583
-1831
16839
27072
23743
8520
-10972
-24967
-26454
-14688
4436
21338
27550
19960
2371
-16407
-26965
-24014
-9033
10474
24733
26602
15144
-3901
-20991
-27565
-20330
-2909
15969
26847
24275
9542
-9971
-24489
-26739
-15593
3365
20636
27570
20692
3447
-15524
-26718
-24527
-10048
9464
24236
26865
16036
-2827
-20274
-27564
-21045
-3984
15074
26580
24770
10551
-8954
-23973
-26982
-16474
2288
19903
27547
21391
4518
-14618
-26431
-25003
-11049
8440
23701
27088
16904
-1748
-19524
-27520
-21728
-5052
14156
26272
25226
11542
-7923
-23420
-27183
-17329
1207
19138
27482
22057
5583
-13689
-26102
-25439
-12032
7403
23130
27269
17746
-666
-18745
-27433
-22378
-6112
13216
25923
25643
12517
-6881
-22831
-27343
-18157
125
18345
27374
22690
6638
-12739
-25734
-25837
-12996
6355
22523
27407
18561
416
-17937
-27304
-22993
-7162
12256
25535
26021
13471
-5827
-22206
-27461
-18958
-958
17522
27224
23287
7684
-11769
-25326
-26195
-13941
5297
21881
27503
19347
1498
-17099
-27124
-23551
-8166
11333
25184
26459
14530
-4615
-21375
-27341
-19516
-1810
16914
27280
24099
8967
-10531
-24628
-26262
-14614
4481
21456
27807
20353
2828
-15989
-26670
-23866
-8979
10531
24890
26906
15567
-3445
-20606
-27318
-20220
-2866
16048
27048
24623
9988
-9526
-24143
-26539
-15514
3408
20745
27809
21058
3867
-15157
-26493
-24472
-10117
9369
24213
26967
16242
-2598
-20122
-27556
-21179
-4189
14899
26524
24860
10743
-8757
-23869
-27024
-16640
2080
19758
27538
21522
4724
-14441
-26371
-25090
-11239
8242
23594
27126
17068
-1540
-19377
-27506
-21856
-5256
13977
26208
25309
11731
-7724
-23309
-27217
-17490
999
18988
27464
22182
5786
-13508
-26035
-25519
-12219
7203
23016
27298
17905
-458
-18592
-27412
-22499
-6315
13033
25851
25719
12702
-6679
-22713
-27369
-18313
-83
18189
27348
22807
6840
-12554
-25658
-25909
-13180
6152
22402
27429
18715
625
-17778
-27275
-23107
-7363
12069
25455
26089
13653
-5623
-22082
-27478
-19108
-1166
17361
27190
23398
7884
-11580
-25243
-26259
-14120
5092
21754
27517
19495
1706
-16937
-27096
-23680
-8401
11087
25020
26419
14582
-4559
-21417
-27545
-19874
-2246
16507
26990
23952
8915
-10589
-24788
-26569
-15039
4025
21072
27563
20245
2785
-16070
-26875
-24216
-9425
10087
24546
26708
15490
-3488
-20719
-27570
-20609
-3323
15627
26749
24470
9932
-9582
-24295
-26837
-15935
2951
20358
27566
20964
3860
-15178
-26613
-24714
-10435
9072
24034
26956
16373
-2412
-19989
-27552
-21312
-4395
14723
26466
24950
10934
-8559
-23764
-27064
-16806
1872
19612
27527
21651
4929
-14263
-26309
-25175
-11429
8043
23486
27162
17231
-1332
-19228
-27491
-21982
-5460
13797
26142
25391
11919
-7526
-23207
-27271
-17687
736
18759
27345
22180
5840
-13499
-26160
-25810
-12634
6761
22653
27077
17813
-500
-18688
-27639
-22868
-6767
12599
25528
25543
12636
-6727
-22845
-27643
-18719
-541
17782
27071
22674
6792
-12618
-25831
-26229
-13612
5699
22030
27199
18617
583
-17869
-27493
-23470
-7814
11634
25134
25927
13620
-5614
-22130
-27644
-19383
-1474
17122
27100
23471
8062
-11400
-25161
-26322
-14299
4888
21625
27529
19642
1914
-16773
-27056
-23786
-8599
10896
24932
26478
14759
-4354
-21285
-27553
-20018
-2454
16340
26947
24055
9111
-10397
-24696
-26623
-15213
3819
20937
27567
20386
2992
-15901
-26828
-24315
-9621
9893
24451
26759
15662
-3282
-20581
-27570
-20747
-3530
15455
26698
24565
10126
-9386
-24196
-26884
-16104
2744
20217
27562
21099
4066
-15004
-26557
-24806
-10627
8875
23932
26999
16540
-2205
-19845
-27544
-21443
-4601
14547
26407
25038
11125
-8361
-23658
-27103
-16970
1665
19465
27515
21779
5133
-14084
-26246
-25259
-11618
7844
23376
27197
17393
-1124
-19078
-27475
-22107
-5664
13616
26075
25471
12107
-7323
-23084
-27281
-17810
583
18684
27425
22426
6193
-13143
-25895
-25674
-12591
6800
22784
27354
18220
-42
-18282
-27364
-22737
-6719
12665
25704
25866
13070
-6274
-22475
-27416
-18623
-500
17874
27293
23039
7243
-12181
-25503
-26048
-13544
5746
22157
27468
19018
1041
-17458
-27211
-23332
-7764
11693
25293
26221
14013
-5215
-21830
-27509
-19406
-1581
17036
27118
23615
8282
-11201
-25072
-26383
-14476
4683
21496
27540
19787
2122
-16607
-27016
-23890
-8796
10704
24842
26535
14934
-4148
-21153
-27560
-20160
-2661
16172
26902
24156
9308
-10203
-24603
-26677
-15386
3612
20801
27569
20526
3197
-15740
-26800
-24449
-9871
9621
24253
26683
15683
-3248
-20636
-27781
-21112
-3977
15035
26395
24409
10069
-9440
-24345
-27179
-16523
2287
19825
27306
20982
4022
-15079
-26751
-25146
-11069
8428
23578
26790
16456
-2247
-19950
-27784
-21824
-5056
14120
26096
24874
11065
-8412
-23801
-27391
-17384
1209
19077
27272
21693
5143
-14078
-26331
-25467
-11907
7567
23209
27194
17533
-925
-18930
-27457
-22231
-5868
13435
26007
25550
12293
-7122
-22970
-27310
-17969
375
18530
27403
22547
6396
-12960
-25822
-25749
-12776
6598
22666
27379
18376
167
-18126
-27338
-22854
-6921
12479
25628
25937
13253
-6071
-22353
-27437
-18776
-708
17715
27262
23152
7444
-11994
-25423
-26116
-13725
5542
22032
27485
19168
1249
-17296
-27176
-23442
-7963
11505
25209
26284
14192
-5011
-21703
-27522
-19554
-1789
16872
27080
23722
8480
-11010
-24985
-26443
-14653
4477
21365
27549
19932
2329
-16440
-26973
-23993
-8993
10512
24751
26591
15109
-3942
-21018
-27565
-20302
-2868
16002
26856
24255
9503
-10010
-24508
-26729
-15559
3406
20664
27570
20664
3406
-15559
-26729
-24508
-10010
9503
24255
26856
16002
-2868
-20302
-27565
-21018
-3942
15109
26591
24751
10512
-8993
-23993
-26973
-16440
2329
19932
27549
21365
4477
-14653
-26443
-24985
-11010
8480
23722
27080
16872
-1789
-19554
-27522
-21703
-5011
14192
26284
25209
11505
-7963
-23442
-27176
-17296
1249
19168
27485
22032
5542
-13725
-26116
-25423
-11994
7444
23152
27262
17715
-708
-18776
-27437
-22353
-6071
13253
25937
25628
12479
-6921
-22854
-27338
-18126
167
18376
27379
22666
6598
-12776
-25749
-25822
-12960
6396
22547
27403
18530
375
-17969
-27310
-22970
-7122
12293
25550
26007
13437
-5858
-22210
-27420
-18872
-839
17655
27356
23414
7817
-11612
-25129
-25953
-13665
5585
22157
27751
19567
1707
-16884
-26891
-23301
-7912
11565
25374
26596
14620
-4556
-21324
-27284
-19450
-1747
16956
27290
24078
8928
-10569
-24646
-26251
-14579
4522
21482
27806
20325
2787
-16023
-26679
-23845
-8942
10560
24888
26858
15477
-3563
-20734
-27443
-20341
-2998
15888
26845
24375
9708
-9813
-24412
-26779
-15730
3199
20526
27569
20801
3612
-15386
-26677
-24603
-10203
9308
24156
26902
16172
-2661
-20160
-27560
-21153
-4148
14934
26535
24842
10704
-8796
-23890
-27016
-16607
2122
19787
27540
21496
4683
-14476
-26383
-25072
-11201
8282
23615
27118
17036
-1581
-19406
-27509
-21830
-5215
14013
26221
25293
11693
-7764
-23332
-27211
-17458
1041
19018
27468
22157
5746
-13544
-26048
-25503
-12181
7243
23039
27293
17874
-500
-18623
-27416
-22475
-6274
13070
25866
25704
12665
-6719
-22737
-27364
-18282
-42
18220
27354
22784
6800
-12591
-25674
-25895
-13143
6193
22426
27425
18684
583
-17810
-27281
-23084
-7323
12107
25471
26075
13616
-5664
-22107
-27475
-19078
-1124
17393
27197
23376
7844
-11618
-25259
-26246
-14084
5133
21779
27515
19465
1665
-16970
-27103
-23658
-8361
11125
25038
26407
14547
-4601
-21443
-27544
-19845
-2205
16540
26999
23932
8875
-10627
-24806
-26557
-15004
4066
21099
27562
20217
2744
-16104
-26884
-24196
-9386
10126
24565
26698
15455
-3530
-20747
-27570
-20581
-3282
15662
26759
24451
9893
-9621
-24315
-26828
-15901
2992
20386
27567
20937
3819
-15213
-26623
-24696
-10397
9111
24055
26947
16340
-2454
-20018
-27553
-21285
-4354
14759
26478
24932
10896
-8599
-23786
-27056
-16773
1914
19642
27529
21623
4878
-14320
-26358
-25214
-11468
7982
23382
27006
17026
-1568
-19471
-27723
-22197
-5667
13583
25906
25125
11632
-7814
-23470
-27493
-17869
583
18617
27199
22030
5699
-13612
-26229
-25831
-12618
6792
22674
27071
17782
-541
-18719
-27643
-22845
-6727
12636
25543
25528
12599
-6767
-22868
-27639
-18685
-490
17834
27113
22706
6829
-12554
-25722
-26066
-13403
5934
22268
27424
18827
789
-17651
-27250
-23197
-7524
11919
25391
26142
13797
-5460
-21982
-27491
-19228
-1332
17231
27162
23486
8043
-11429
-25175
-26309
-14263
4929
21651
27527
19612
1872
-16806
-27064
-23764
-8559
10934
24950
26466
14723
-4395
-21312
-27552
-19989
-2412
16373
26956
24034
9072
-10435
-24714
-26613
-15178
3860
20964
27566
20358
2951
-15935
-26837
-24295
-9582
9932
24470
26749
15627
-3323
-20609
-27570
-20719
-3488
15490
26708
24546
10087
-9425
-24216
-26875
-16070
2785
20245
27563
21072
4025
-15039
-26569
-24788
-10589
8915
23952
26990
16507
-2246
-19874
-27545
-21417
-4559
14582
26419
25020
11087
-8401
-23680
-27096
-16937
1706
19495
27517
21754
5092
-14120
-26259
-25243
-11580
7884
23398
27190
17361
-1166
-19108
-27478
-22082
-5623
13653
26089
25455
12069
-7363
-23107
-27275
-17778
625
18715
27429
22402
6152
-13180
-25909
-25658
-12554
6840
22807
27348
18189
-83
-18313
-27369
-22713
-6679
12702
25719
25851
13033
-6315
-22499
-27412
-18592
-458
17905
27298
23016
7203
-12219
-25519
-26035
-13508
5786
22182
27464
18988
999
-17490
-27217
-23309
-7724
11731
25309
26208
13977
-5256
-21856
-27506
-19377
-1540
17068
27126
23594
8242
-11239
-25090
-26371
-14441
4724
21522
27538
19758
2080
-16640
-27024
-23869
-8757
10743
24860
26526
14909
-4168
-21143
-27503
-20055
-2519
16330
27061
24308
9463
-10029
-24393
-26426
-15104
3904
21079
27819
20748
3408
-15514
-26539
-24143
-9526
9988
24623
27048
16048
-2866
-20220
-27318
-20606
-3445
15567
26906
24890
10531
-8979
-23866
-26670
-15989
2828
20353
27807
21456
4481
-14614
-26262
-24631
-10540
8946
24062
27227
16846
-1889
-19604
-27435
-21471
-4709
14442
26380
25116
11279
-8202
-23572
-27133
-17101
1498
19347
27503
21881
5297
-13941
-26195
-25326
-11769
7684
23287
27224
17522
-958
-18958
-27461
-22206
-5827
13471
26021
25535
12256
-7162
-22993
-27304
-17937
416
18561
27407
22523
6355
-12996
-25837
-25734
-12739
6638
22690
27374
18345
125
-18157
-27343
-22831
-6881
12517
25643
25923
13216
-6112
-22378
-27433
-18745
-666
17746
27269
23130
7403
-12032
-25439
-26102
-13689
5583
22057
27482
19138
1207
-17329
-27183
-23420
-7923
11542
25226
26272
14156
-5052
-21728
-27520
-19524
-1748
16904
27088
23701
8440
-11049
-25003
-26431
-14618
4518
21391
27547
19903
2288
-16474
-26982
-23973
-8954
10551
24770
26580
15074
-3984
-21045
-27564
-20274
-2827
16036
26865
24236
9464
-10048
-24527
-26718
-15524
3447
20692
27570
20636
3365
-15593
-26739
-24489
-9971
9542
24275
26847
15969
-2909
-20330
-27565
-20991
-3901
15144
26602
24733
10474
-9033
-24014
-26965
-16407
2371
19960
27550
21338
4436
-14688
-26454
-24967
-10972
8520
23743
27072
16839
-1831
-19583
-27525
-21677
-4970
14227
26297
25192
11467
-8003
-23464
-27169
-17264
1290
19198
27488
22007
5501
-13761
-26129
-25407
-11957
7484
23175
27256
17683
-749
-18806
-27441
-22329
-6030
13289
25951
25612
12442
-6961
-22877
-27332
-18095
208
18407
27386
22652
6579
-12776
-25708
-25731
-12822
6561
22720
27571
18694
547
-17771
-27075
-22699
-6832
12581
25816
26243
13649
-5659
-22006
-27203
-18647
-624
17837
27487
23492
7854
-11594
-25108
-25919
-13619
5629
22182
27748
19538
1665
-16916
-26898
-23279
-7873
11603
25391
26584
14584
-4597
-21350
-27284
-19430
-1727
16953
27243
23979
8788
-10733
-24813
-26412
-14738
4350
21280
27564
20049
2495
-16306
-26938
-24075
-9151
10358
24677
26634
15248
-3777
-20910
-27567
-20414
-3034
15867
26818
24334
9660
-9854
-24431
-26769
-15696
3241
20553
27569
20774
3571
-15421
-26687
-24584
-10165
9347
24176
26893
16138
-2702
-20189
-27561
-21126
-4107
14969
26546
24824
10666
-8836
-23911
-27007
-16574
2163
19816
27542
21470
4642
-14512
-26395
-25055
-11163
8321
23637
27111
17003
-1623
-19436
-27512
-21805
-5174
14049
26233
25276
11656
-7804
-23354
-27204
-17426
1082
19048
27471
22132
5705
-13580
-26062
-25487
-12144
7283
23061
27287
17842
-541
-18653
-27420
-22451
-6233
13106
25880
25689
12628
-6760
-22760
-27359
-18251
