0
18251
27359
22760
6760
-12628
-25689
-25880
-13106
6233
22451
27420
18653
541
-17842
-27287
-23061
-7283
12144
25487
26062
13580
-5705
-22132
-27471
-19048
-1082
17426
27204
23354
7804
-11656
-25276
-26233
-14049
5174
21805
27512
19436
1623
-17003
-27111
-23637
-8321
11163
25055
26395
14512
-4642
-21470
-27542
-19816
-2163
16574
27007
23911
8836
-10666
-24824
-26546
-14969
4107
21126
27561
20189
2702
-16138
-26893
-24176
-9347
10165
24584
26687
15421
-3571
-20774
-27569
-20553
-3241
15696
26769
24431
9854
-9660
-24334
-26818
-15867
3034
20414
27567
20910
3777
-15248
-26634
-24677
-10358
9151
24113
27091
16643
-1909
-19157
-26320
-19649
-2313
17184
29255
28025
14272
-4975
-19959
-23087
-12739
5955
23671
31531
25600
8847
-10334
-22334
-21141
-7353
12123
27529
31148
21166
2585
-15288
-23498
-17932
-1379
17869
30169
29358
15844
-3604
-19242
-23237
-13587
4874
22897
31453
26256
9909
-9399
-22032
-21718
-8668
10496
26058
30081
20390
1667
-16890
-26163
-21682
-5850
13260
25960
25802
12812
-6557
-22642
-27384
-18407
-208
18095
27332
22877
6961
-12442
-25612
-25951
-13289
6030
22329
27441
18806
749
-17683
-27256
-23175
-7484
11957
25407
26129
13761
-5501
-22007
-27488
-19198
-1290
17264
27169
23464
8003
-11467
-25192
-26297
-14227
4970
21677
27525
19583
1831
-16839
-27072
-23743
-8520
10972
24967
26454
14688
-4436
-21338
-27550
-19960
-2371
16407
26965
24014
9033
-10474
-24733
-26602
-15144
3901
20991
27565
20330
2909
-15969
-26847
-24275
-9542
9971
24489
26739
15593
-3365
-20636
-27570
-20692
-3447
15524
26718
24527
10048
-9464
-24236
-26865
-16036
2827
20274
27564
21045
3984
-15074
-26580
-24770
-10551
8954
23973
26982
16474
-2288
-19903
-27547
-21391
-4518
14618
26431
25003
11049
-8440
-23701
-27088
-16904
1748
19524
27520
21728
5052
-14156
-26272
-25226
-11542
7923
23420
27183
17329
-1207
-19138
-27482
-22057
-5583
13689
26102
25439
12032
-7403
-23130
-27269
-17746
666
18745
27433
22378
6112
-13216
-25923
-25643
-12517
6881
22831
27343
18157
-125
-18345
-27374
-22690
-6638
12739
25734
25837
12996
-6355
-22523
-27407
-18561
-416
17937
27304
22993
7162
-12256
-25535
-26021
-13471
5827
22206
27461
18958
958
-17522
-27224
-23287
-7684
11769
25326
26195
13941
-5297
-21881
-27503
-19347
-1498
17063
26981
23235
7616
-12166
-26341
-27968
-16405
2375
18782
24425
16315
-1624
-20521
-30994
-27849
-12717
6781
20878
22512
10864
-8231
-25206
-31557
-24103
-6578
12239
22920
20116
5229
-14281
-28640
-30656
-19317
-305
16856
23568
16470
-884
-19798
-30798
-28373
-13738
5776
20393
22789
11764
-7158
-24459
-31417
-24492
-7068
12241
23901
22231
8242
-10878
-25370
-27800
-16791
2282
19980
27520
21179
4189
-14899
-26524
-24860
-10743
8757
23869
27024
16640
-2080
-19758
-27538
-21522
-4724
14441
26371
25090
11239
-8242
-23594
-27126
-17068
1540
19377
27506
21856
5256
-13977
-26208
-25309
-11731
7724
23309
27217
17490
-999
-18988
-27464
-22182
-5786
13508
26035
25519
12219
-7203
-23016
-27298
-17905
458
18592
27412
22499
6315
-13033
-25851
-25719
-12702
6679
22713
27369
18313
83
-18189
-27348
-22807
-6840
12554
25658
25909
13180
-6152
-22402
-27429
-18715
-625
17778
27275
23107
7363
-12069
-25455
-26089
-13653
5623
22082
27478
19108
1166
-17361
-27190
-23398
-7884
11580
25243
26259
14120
-5092
-21754
-27517
-19495
-1706
16937
27096
23680
8401
-11087
-25020
-26419
-14582
4559
21417
27545
19874
2246
-16507
-26990
-23952
-8915
10589
24788
26569
15039
-4025
-21072
-27563
-20245
-2785
16070
26875
24216
9425
-10087
-24546
-26708
-15490
3488
20719
27570
20609
3323
-15627
-26749
-24470
-9932
9582
24295
26837
15935
-2951
-20358
-27566
-20964
-3860
15178
26613
24714
10435
-9072
-24034
-26956
-16373
2412
19989
27552
21312
4395
-14723
-26466
-24950
-10934
8559
23764
27064
16806
-1872
-19612
-27527
-21651
-4929
14263
26309
25175
11429
-8043
-23486
-27162
-17231
1332
19228
27491
21982
5460
-13797
-26142
-25391
-11919
7485
23045
26913
17065
-1680
-20071
-29055
-24305
-8380
10560
22854
22183
8742
-10849
-26862
-31327
-22063
-3750
14438
23389
18618
2517
-16849
-29778
-29793
-16886
2477
18595
23393
14469
-3709
-22032
-31321
-26924
-11042
8368
21581
21979
9362
-9949
-26280
-31449
-22867
-4833
13619
23243
19220
3564
-15843
-29222
-29818
-17247
2308
19192
25104
17258
-236
-18434
-28044
-24093
-8420
11239
25120
26322
14299
-4888
-21625
-27529
-19642
-1914
16773
27056
23786
8599
-10896
-24932
-26478
-14759
4354
21285
27553
20018
2454
-16340
-26947
-24055
-9111
10397
24696
26623
15213
-3819
-20937
-27567
-20386
-2992
15901
26828
24315
9621
-9893
-24451
-26759
-15662
3282
20581
27570
20747
3530
-15455
-26698
-24565
-10126
9386
24196
26884
16104
-2744
-20217
-27562
-21099
-4066
15004
26557
24806
10627
-8875
-23932
-26999
-16540
2205
19845
27544
21443
4601
-14547
-26407
-25038
-11125
8361
23658
27103
16970
-1665
-19465
-27515
-21779
-5133
14084
26246
25259
11618
-7844
-23376
-27197
-17393
1124
19078
27475
22107
5664
-13616
-26075
-25471
-12107
7323
23084
27281
17810
-583
-18684
-27425
-22426
-6193
13143
25895
25674
12591
-6800
-22784
-27354
-18220
42
18282
27364
22737
6719
-12665
-25704
-25866
-13070
6274
22475
27416
18623
500
-17874
-27293
-23039
-7243
12181
25503
26048
13544
-5746
-22157
-27468
-19018
-1041
17458
27211
23332
7764
-11693
-25293
-26221
-14013
5215
21830
27509
19406
1581
-17036
-27118
-23615
-8282
11201
25072
26383
14476
-4683
-21496
-27540
-19787
-2122
16607
27016
23890
8796
-10704
-24842
-26535
-14934
4148
21153
27560
20160
2661
-16172
-26902
-24156
-9308
10203
24603
26677
15386
-3612
-20801
-27569
-20526
-3161
15882
27116
24998
10704
-8464
-22744
-24808
-13442
5840
23553
30982
24546
7584
-11321
-22645
-20659
-6319
13190
28095
30929
20273
1463
-16075
-23556
-17232
-272
18829
30501
28896
14819
-4678
-19828
-23040
-12706
5997
23700
31534
25574
8806
-10370
-22346
-21124
-7315
12162
27551
31141
21134
2505
-15470
-23838
-18492
-2227
16670
28572
27342
13416
-6409
-22376
-26645
-17217
1068
18966
27457
22231
5868
-13435
-26007
-25550
-12293
7122
22970
27310
17969
-375
-18530
-27403
-22547
-6396
12960
25822
25749
12776
-6598
-22666
-27379
-18376
-167
18126
27338
22854
6921
-12479
-25628
-25937
-13253
6071
22353
27437
18776
708
-17715
-27262
-23152
-7444
11994
25423
26116
13725
-5542
-22032
-27485
-19168
-1249
17296
27176
23442
7963
-11505
-25209
-26284
-14192
5011
21703
27522
19554
1789
-16872
-27080
-23722
-8480
11010
24985
26443
14653
-4477
-21365
-27549
-19932
-2329
16440
26973
23993
8993
-10512
-24751
-26591
-15109
3942
21018
27565
20302
2868
-16002
-26856
-24255
-9503
10010
24508
26729
15559
-3406
-20664
-27570
-20664
-3406
15559
26729
24508
10010
-9503
-24255
-26856
-16002
2868
20302
27565
21018
3942
-15109
-26591
-24751
-10512
8993
23993
26973
16440
-2329
-19932
-27549
-21365
-4477
14653
26443
24985
11010
-8480
-23722
-27080
-16872
1789
19554
27522
21703
5011
-14192
-26284
-25209
-11505
7963
23442
27176
17296
-1249
-19168
-27485
-22032
-5542
13725
26116
25423
11994
-7444
-23152
-27262
-17715
708
18776
27437
22353
6071
-13253
-25937
-25628
-12479
6921
22854
27338
18126
-167
-18376
-27379
-22666
-6598
12776
25749
25822
12960
-6396
-22547
-27403
-18530
-375
17969
27310
22970
7122
-12293
-25550
-26007
-13397
6020
22568
28043
19816
2151
-15945
-25231
-20875
-4878
14918
28756
29845
17753
-1376
-17907
-23501
-15317
2543
21134
31141
27551
12162
-7315
-21124
-22346
-10370
8806
25574
31534
23700
5997
-12706
-23040
-19828
-4678
14819
28896
30501
18829
-272
-17232
-23556
-16075
1463
20273
30929
28095
13152
-6472
-20996
-23231
-12171
6502
23273
29568
22052
4310
-14944
-26222
-24017
-9546
9854
24412
26779
15730
-3199
-20526
-27569
-20801
-3612
15386
26677
24603
10203
-9308
-24156
-26902
-16172
2661
20160
27560
21153
4148
-14934
-26535
-24842
-10704
8796
23890
27016
16607
-2122
-19787
-27540
-21496
-4683
14476
26383
25072
11201
-8282
-23615
-27118
-17036
1581
19406
27509
21830
5215
-14013
-26221
-25293
-11693
7764
23332
27211
17458
-1041
-19018
-27468
-22157
-5746
13544
26048
25503
12181
-7243
-23039
-27293
-17874
500
18623
27416
22475
6274
-13070
-25866
-25704
-12665
6719
22737
27364
18282
42
-18220
-27354
-22784
-6800
12591
25674
25895
13143
-6193
-22426
-27425
-18684
-583
17810
27281
23084
7323
-12107
-25471
-26075
-13616
5664
22107
27475
19078
1124
-17393
-27197
-23376
-7844
11618
25259
26246
14084
-5133
-21779
-27515
-19465
-1665
16970
27103
23658
8361
-11125
-25038
-26407
-14547
4601
21443
27544
19845
2205
-16540
-26999
-23932
-8875
10627
24806
26557
15004
-4066
-21099
-27562
-20217
-2744
16104
26884
24196
9386
-10126
-24565
-26698
-15455
3530
20747
27570
20581
3282
-15662
-26759
-24451
-9893
9621
24315
26828
15901
-2992
-20386
-27567
-20937
-3819
15213
26623
24696
10397
-9111
-24055
-26947
-16340
2454
20018
27553
21285
4354
-14759
-26478
-24932
-10896
8599
23786
27056
16773
-1914
-19642
-27529
-21664
-5040
13962
25736
24269
10156
-9693
-25507
-29545
-19964
-1738
15844
23832
18109
1458
-17833
-30156
-29375
-15882
3564
19220
23243
13619
-4833
-22867
-31449
-26280
-9949
9362
21979
21581
8368
-11042
-26924
-31321
-22032
-3709
14469
23393
18595
2477
-16886
-29793
-29778
-16849
2517
18618
23389
14476
-3598
-21726
-30741
-26012
-9767
10015
23597
24356
12091
-6879
-22890
-27782
-18989
-830
17651
27250
23197
7524
-11919
-25391
-26142
-13797
5460
21982
27491
19228
1332
-17231
-27162
-23486
-8043
11429
25175
26309
14263
-4929
-21651
-27527
-19612
-1872
16806
27064
23764
8559
-10934
-24950
-26466
-14723
4395
21312
27552
19989
2412
-16373
-26956
-24034
-9072
10435
24714
26613
15178
-3860
-20964
-27566
-20358
-2951
15935
26837
24295
9582
-9932
-24470
-26749
-15627
3323
20609
27570
20719
3488
-15490
-26708
-24546
-10087
9425
24216
26875
16070
-2785
-20245
-27563
-21072
-4025
15039
26569
24788
10589
-8915
-23952
-26990
-16507
2246
19874
27545
21417
4559
-14582
-26419
-25020
-11087
8401
23680
27096
16937
-1706
-19495
-27517
-21754
-5092
14120
26259
25243
11580
-7884
-23398
-27190
-17361
1166
19108
27478
22082
5623
-13653
-26089
-25455
-12069
7363
23107
27275
17778
-625
-18715
-27429
-22402
-6152
13180
25909
25658
12554
-6840
-22807
-27348
-18189
83
18313
27369
22713
6679
-12702
-25719
-25851
-13033
6315
22499
27412
18592
458
-17905
-27298
-23016
-7203
12219
25519
26035
13508
-5786
-22182
-27464
-18988
-999
17490
27217
23309
7724
-11731
-25309
-26208
-13977
5256
21856
27506
19377
1540
-17068
-27126
-23594
-8242
11239
25090
26371
14441
-4724
-21522
-27538
-19758
-2080
16640
27024
23869
8757
-10743
-24860
-26485
-14747
4527
21765
28448
21366
4229
-14205
-24521
-21370
-6157
13656
28284
30514
19313
346
-16829
-23569
-16498
842
19764
30789
28393
13776
-5738
-20373
-22798
-11798
7116
24470
31568
24856
7695
-11317
-22656
-20640
-6281
13229
28116
30920
20239
1422
-16103
-23557
-17206
-231
18864
30512
28840
14629
-5054
-20434
-23921
-13908
4429
21729
29146
22782
5654
-13819
-26021
-24955
-11239
8202
23572
27133
17101
-1498
-19347
-27503
-21881
-5297
13941
26195
25326
11769
-7684
-23287
-27224
-17522
958
18958
27461
22206
5827
-13471
-26021
-25535
-12256
7162
22993
27304
17937
-416
-18561
-27407
-22523
-6355
12996
25837
25734
12739
-6638
-22690
-27374
-18345
-125
18157
27343
22831
6881
-12517
-25643
-25923
-13216
6112
22378
27433
18745
666
-17746
-27269
-23130
-7403
12032
25439
26102
13689
-5583
-22057
-27482
-19138
-1207
17329
27183
23420
7923
-11542
-25226
-26272
-14156
5052
21728
27520
19524
1748
-16904
-27088
-23701
-8440
11049
25003
26431
14618
-4518
-21391
-27547
-19903
-2288
16474
26982
23973
8954
-10551
-24770
-26580
-15074
3984
21045
27564
20274
2827
-16036
-26865
-24236
-9464
10048
24527
26718
15524
-3447
-20692
-27570
-20636
-3365
15593
26739
24489
9971
-9542
-24275
-26847
-15969
2909
20330
27565
20991
3901
-15144
-26602
-24733
-10474
9033
24014
26965
16407
-2371
-19960
-27550
-21338
-4436
14688
26454
24967
10972
-8520
-23743
-27072
-16839
1831
19583
27525
21677
4970
-14227
-26297
-25192
-11467
8003
23464
27169
17264
-1290
-19198
-27488
-22007
-5501
13761
26129
25407
11957
-7484
-23175
-27256
-17683
749
18806
27441
22329
6030
-13289
-25951
-25612
-12442
6961
22877
27332
18095
-208
-18407
-27345
-22490
-6220
13398
26652
27042
14533
-4436
-20181
-24633
-15388
3081
21663
31163
26908
11082
-8331
-21566
-21993
-9399
9909
26256
31453
22897
4874
-13587
-23237
-19242
-3604
15844
29358
30169
17869
-1379
-17932
-23498
-15288
2585
21166
31148
27529
12123
-7353
-21141
-22334
-10334
8847
25600
31493
23519
5618
-13325
-23937
-21041
-6248
12858
26524
27724
15683
-3727
-20922
-27403
-20008
-2495
16306
26938
24075
9151
-10358
-24677
-26634
-15248
3777
20910
27567
20414
3034
-15867
-26818
-24334
-9660
9854
24431
26769
15696
-3241
-20553
-27569
-20774
-3571
15421
26687
24584
10165
-9347
-24176
-26893
-16138
2702
20189
27561
21126
4107
-14969
-26546
-24824
-10666
8836
23911
27007
16574
-2163
-19816
-27542
-21470
-4642
14512
26395
25055
11163
-8321
-23637
-27111
-17003
1623
19436
27512
21805
5174
-14049
-26233
-25276
-11656
7804
23354
27204
17426
-1082
-19048
-27471
-22132
-5705
13580
26062
25487
12144
-7283
-23061
-27287
-17842
541
18653
27420
22451
6233
-13106
-25880
-25689
-12628
6760
22760
27359
18251
0
-18251
-27359
-22760
-6760
12628
25689
25880
13106
-6233
-22451
-27420
-18653
-541
17842
27287
23061
7283
-12144
-25487
-26062
-13580
5705
22132
27471
19048
1082
-17426
-27204
-23354
-7804
11656
25276
26233
14049
-5174
-21805
-27512
-19436
-1623
17003
27111
23637
8321
-11163
-25055
-26395
-14512
4642
21470
27542
19816
2163
-16574
-27007
-23911
-8836
10666
24824
26546
14969
-4107
-21126
-27561
-20189
-2702
16138
26893
24176
9347
-10165
-24584
-26687
-15421
3571
20774
27569
20553
3241
-15696
-26769
-24431
-9854
9660
24334
26818
15867
-3034
-20414
-27567
-20910
-3777
15248
26634
24677
10358
-9151
-24113
-27091
-16643
1909
19157
26320
19649
2313
-17184
-29255
-28025
-14272
4975
19959
23087
12739
-5955
-23671
-31531
-25600
-8847
10334
22334
21141
7353
-12123
-27529
-31148
-21166
-2585
15288
23498
17932
1379
-17869
-30169
-29358
-15844
3604
19242
23237
13587
-4874
-22897
-31453
-26256
-9909
9399
22032
21718
8668
-10496
-26058
-30081
-20390
-1667
16890
26163
21682
5850
-13260
-25960
-25802
-12812
6557
22642
27384
18407
208
-18095
-27332
-22877
-6961
12442
25612
25951
13289
-6030
-22329
-27441
-18806
-749
17683
27256
23175
7484
-11957
-25407
-26129
-13761
5501
22007
27488
19198
1290
-17264
-27169
-23464
-8003
11467
25192
26297
14227
-4970
-21677
-27525
-19583
-1831
16839
27072
23743
8520
-10972
-24967
-26454
-14688
4436
21338
27550
19960
2371
-16407
-26965
-24014
-9033
10474
24733
26602
15144
-3901
-20991
-27565
-20330
-2909
15969
26847
24275
9542
-9971
-24489
-26739
-15593
3365
20636
27570
20692
3447
-15524
-26718
-24527
-10048
9464
24236
26865
16036
-2827
-20274
-27564
-21045
-3984
15074
26580
24770
10551
-8954
-23973
-26982
-16474
2288
19903
27547
21391
4518
-14618
-26431
-25003
-11049
8440
23701
27088
16904
-1748
-19524
-27520
-21728
-5052
14156
26272
25226
11542
-7923
-23420
-27183
-17329
1207
19138
27482
22057
5583
-13689
-26102
-25439
-12032
7403
23130
27269
17746
-666
-18745
-27433
-22378
-6112
13216
25923
25643
12517
-6881
-22831
-27343
-18157
125
18345
27374
22690
6638
-12739
-25734
-25837
-12996
6355
22523
27407
18561
416
-17937
-27304
-22993
-7162
12256
25535
26021
13471
-5827
-22206
-27461
-18958
-958
17522
27224
23287
7684
-11769
-25326
-26195
-13941
5297
21881
27503
19347
1498
-17063
-26981
-23235
-7616
12166
26341
27968
16405
-2375
-18782
-24425
-16315
1624
20521
30994
27849
12717
-6781
-20878
-22512
-10864
8231
25206
31557
24103
6578
-12239
-22920
-20116
-5229
14281
28640
30656
19317
305
-16856
-23568
-16470
884
19798
30798
28373
13738
-5776
-20393
-22789
-11764
7158
24459
31417
24492
7068
-12241
-23901
-22231
-8242
10878
25370
27800
16791
-2282
-19980
-27520
-21179
-4189
14899
26524
24860
10743
-8757
-23869
-27024
-16640
2080
19758
27538
21522
4724
-14441
-26371
-25090
-11239
8242
23594
27126
17068
-1540
-19377
-27506
-21856
-5256
13977
26208
25309
11731
-7724
-23309
-27217
-17490
999
18988
27464
22182
5786
-13508
-26035
-25519
-12219
7203
23016
27298
17905
-458
-18592
-27412
-22499
-6315
13033
25851
25719
12702
-6679
-22713
-27369
-18313
-83
18189
27348
22807
6840
-12554
-25658
-25909
-13180
6152
22402
27429
18715
625
-17778
-27275
-23107
-7363
12069
25455
26089
13653
-5623
-22082
-27478
-19108
-1166
17361
27190
23398
7884
-11580
-25243
-26259
-14120
5092
21754
27517
19495
1706
-16937
-27096
-23680
-8401
11087
25020
26419
14582
-4559
-21417
-27545
-19874
-2246
16507
26990
23952
8915
-10589
-24788
-26569
-15039
4025
21072
27563
20245
2785
-16070
-26875
-24216
-9425
10087
24546
26708
15490
-3488
-20719
-27570
-20609
-3323
15627
26749
24470
9932
-9582
-24295
-26837
-15935
2951
20358
27566
20964
3860
-15178
-26613
-24714
-10435
9072
24034
26956
16373
-2412
-19989
-27552
-21312
-4395
14723
26466
24950
10934
-8559
-23764
-27064
-16806
1872
19612
27527
21651
4929
-14263
-26309
-25175
-11429
8043
23486
27162
17231
-1332
-19228
-27491
-21982
-5460
13797
26142
25391
11919
-7485
-23045
-26913
-17065
1680
20071
29055
24305
8380
-10560
-22854
-22183
-8742
10849
26862
31327
22063
3750
-14438
-23389
-18618
-2517
16849
29778
29793
16886
-2477
-18595
-23393
-14469
3709
22032
31321
26924
11042
-8368
-21581
-21979
-9362
9949
26280
31449
22867
4833
-13619
-23243
-19220
-3564
15843
29222
29818
17247
-2308
-19192
-25104
-17258
236
18434
28044
24093
8420
-11239
-25120
-26322
-14299
4888
21625
27529
19642
1914
-16773
-27056
-23786
-8599
10896
24932
26478
14759
-4354
-21285
-27553
-20018
-2454
16340
26947
24055
9111
-10397
-24696
-26623
-15213
3819
20937
27567
20386
2992
-15901
-26828
-24315
-9621
9893
24451
26759
15662
-3282
-20581
-27570
-20747
-3530
15455
26698
24565
10126
-9386
-24196
-26884
-16104
2744
20217
27562
21099
4066
-15004
-26557
-24806
-10627
8875
23932
26999
16540
-2205
-19845
-27544
-21443
-4601
14547
26407
25038
11125
-8361
-23658
-27103
-16970
1665
19465
27515
21779
5133
-14084
-26246
-25259
-11618
7844
23376
27197
17393
-1124
-19078
-27475
-22107
-5664
13616
26075
25471
12107
-7323
-23084
-27281
-17810
583
18684
27425
22426
6193
-13143
-25895
-25674
-12591
6800
22784
27354
18220
-42
-18282
-27364
-22737
-6719
12665
25704
25866
13070
-6274
-22475
-27416
-18623
-500
17874
27293
23039
7243
-12181
-25503
-26048
-13544
5746
22157
27468
19018
1041
-17458
-27211
-23332
-7764
11693
25293
26221
14013
-5215
-21830
-27509
-19406
-1581
17036
27118
23615
8282
-11201
-25072
-26383
-14476
4683
21496
27540
19787
2122
-16607
-27016
-23890
-8796
10704
24842
26535
14934
-4148
-21153
-27560
-20160
-2661
16172
26902
24156
9308
-10203
-24603
-26677
-15386
3612
20801
27569
20526
3238
-15578
-26442
-23826
-8927
10933
25964
28808
18223
-310
-17331
-24154
-17220
112
19244
30645
28659
14319
-5190
-20095
-22929
-12273
6537
24075
31556
25232
8272
-10829
-22501
-20896
-6819
12678
27828
31040
20706
2003
-15700
-23534
-17574
-806
18370
30346
29124
15315
-4162
-19551
-23141
-13134
5418
23165
31163
25321
8449
-11140
-23792
-23342
-10197
8878
24154
27816
17892
-764
-18889
-27457
-22231
-5868
13435
26007
25550
12293
-7122
-22970
-27310
-17969
375
18530
27403
22547
6396
-12960
-25822
-25749
-12776
6598
22666
27379
18376
167
-18126
-27338
-22854
-6921
12479
25628
25937
13253
-6071
-22353
-27437
-18776
-708
17715
27262
23152
7444
-11994
-25423
-26116
-13725
5542
22032
27485
19168
1249
-17296
-27176
-23442
-7963
11505
25209
26284
14192
-5011
-21703
-27522
-19554
-1789
16872
27080
23722
8480
-11010
-24985
-26443
-14653
4477
21365
27549
19932
2329
-16440
-26973
-23993
-8993
10512
24751
26591
15109
-3942
-21018
-27565
-20302
-2868
16002
26856
24255
9503
-10010
-24508
-26729
-15559
3406
20664
27570
20664
3406
-15559
-26729
-24508
-10010
9503
24255
26856
16002
-2868
-20302
-27565
-21018
-3942
15109
26591
24751
10512
-8993
-23993
-26973
-16440
2329
19932
27549
21365
4477
-14653
-26443
-24985
-11010
8480
23722
27080
16872
-1789
-19554
-27522
-21703
-5011
14192
26284
25209
11505
-7963
-23442
-27176
-17296
1249
19168
27485
22032
5542
-13725
-26116
-25423
-11994
7444
23152
27262
17715
-708
-18776
-27437
-22353
-6071
13253
25937
25628
12479
-6921
-22854
-27338
-18126
167
18376
27379
22666
6598
-12776
-25749
-25822
-12960
6396
22547
27403
18530
375
-17969
-27310
-22970
-7122
12293
25550
26007
13397
-6020
-22568
-28043
-19816
-2151
15945
25231
20875
4878
-14918
-28756
-29845
-17753
1376
17907
23501
15317
-2543
-21134
-31141
-27551
-12162
7315
21124
22346
10370
-8806
-25574
-31534
-23700
-5997
12706
23040
19828
4678
-14819
-28896
-30501
-18829
272
17232
23556
16075
-1463
-20273
-30929
-28095
-13152
6472
20996
23231
12171
-6502
-23273
-29568
-22052
-4310
14944
26222
24017
9546
-9854
-24412
-26779
-15730
3199
20526
27569
20801
3612
-15386
-26677
-24603
-10203
9308
24156
26902
16172
-2661
-20160
-27560
-21153
-4148
14934
26535
24842
10704
-8796
-23890
-27016
-16607
2122
19787
27540
21496
4683
-14476
-26383
-25072
-11201
8282
23615
27118
17036
-1581
-19406
-27509
-21830
-5215
14013
26221
25293
11693
-7764
-23332
-27211
-17458
1041
19018
27468
22157
5746
-13544
-26048
-25503
-12181
7243
23039
27293
17874
-500
-18623
-27416
-22475
-6274
13070
25866
25704
12665
-6719
-22737
-27364
-18282
-42
18220
27354
22784
6800
-12591
-25674
-25895
-13143
6193
22426
27425
18684
583
-17810
-27281
-23084
-7323
12107
25471
26075
13616
-5664
-22107
-27475
-19078
-1124
17393
27197
23376
7844
-11618
-25259
-26246
-14084
5133
21779
27515
19465
1665
-16970
-27103
-23658
-8361
11125
25038
26407
14547
-4601
-21443
-27544
-19845
-2205
16540
26999
23932
8875
-10627
-24806
-26557
-15004
4066
21099
27562
20217
2744
-16104
-26884
-24196
-9386
10126
24565
26698
15455
-3530
-20747
-27570
-20581
-3282
15662
26759
24451
9893
-9621
-24315
-26828
-15901
2992
20386
27567
20937
3819
-15213
-26623
-24696
-10397
9111
24055
26947
16340
-2454
-20018
-27553
-21285
-4354
14759
26478
24932
10896
-8599
-23786
-27056
-16773
1914
19642
27529
21587
4735
-14636
-26907
-26047
-12626
6473
21507
24765
14434
-4485
-22672
-31157
-25805
-9381
9833
22156
21375
7882
-11564
-27220
-31243
-21619
-3167
14867
23449
18280
1949
-17362
-29979
-29581
-16368
3042
18924
23321
14032
-4291
-22469
-31393
-26595
-10477
8886
21793
21778
8849
-10517
-26618
-31389
-22399
-4098
14400
23913
19789
4236
-14795
-27597
-27575
-14560
5101
21719
27108
18684
753
-17651
-27250
-23197
-7524
11919
25391
26142
13797
-5460
-21982
-27491
-19228
-1332
17231
27162
23486
8043
-11429
-25175
-26309
-14263
4929
21651
27527
19612
1872
-16806
-27064
-23764
-8559
10934
24950
26466
14723
-4395
-21312
-27552
-19989
-2412
16373
26956
24034
9072
-10435
-24714
-26613
-15178
3860
20964
27566
20358
2951
-15935
-26837
-24295
-9582
9932
24470
26749
15627
-3323
-20609
-27570
-20719
-3488
15490
26708
24546
10087
-9425
-24216
-26875
-16070
2785
20245
27563
21072
4025
-15039
-26569
-24788
-10589
8915
23952
26990
16507
-2246
-19874
-27545
-21417
-4559
14582
26419
25020
11087
-8401
-23680
-27096
-16937
1706
19495
27517
21754
5092
-14120
-26259
-25243
-11580
7884
23398
27190
17361
-1166
-19108
-27478
-22082
-5623
13653
26089
25455
12069
-7363
-23107
-27275
-17778
625
18715
27429
22402
6152
-13180
-25909
-25658
-12554
6840
22807
27348
18189
-83
-18313
-27369
-22713
-6679
12702
25719
25851
13033
-6315
-22499
-27412
-18592
-458
17905
27298
23016
7203
-12219
-25519
-26035
-13508
5786
22182
27464
18988
999
-17490
-27217
-23309
-7724
11731
25309
26208
13977
-5256
-21856
-27506
-19377
-1540
17068
27126
23594
8242
-11239
-25090
-26371
-14441
4724
21522
27538
19758
2080
-16640
-27024
-23869
-8757
10743
24860
26485
14747
-4527
-21765
-28448
-21366
-4229
14205
24521
21370
6157
-13656
-28284
-30514
-19313
-346
16829
23569
16498
-842
-19764
-30789
-28393
-13776
5738
20373
22798
11798
-7116
-24470
-31568
-24856
-7695
11317
22656
20640
6281
-13229
-28116
-30920
-20239
-1422
16103
23557
17206
231
-18864
-30512
-28840
-14629
5054
20434
23921
13908
-4429
-21729
-29146
-22782
-5654
13819
26021
24955
11239
-8202
-23572
-27133
-17101
1498
19347
27503
21881
5297
-13941
-26195
-25326
-11769
7684
23287
27224
17522
-958
-18958
-27461
-22206
-5827
13471
26021
25535
12256
-7162
-22993
-27304
-17937
416
18561
27407
22523
6355
-12996
-25837
-25734
-12739
6638
22690
27374
18345
125
-18157
-27343
-22831
-6881
12517
25643
25923
13216
-6112
-22378
-27433
-18745
-666
17746
27269
23130
7403
-12032
-25439
-26102
-13689
5583
22057
27482
19138
1207
-17329
-27183
-23420
-7923
11542
25226
26272
14156
-5052
-21728
-27520
-19524
-1748
16904
27088
23701
8440
-11049
-25003
-26431
-14618
4518
21391
27547
19903
2288
-16474
-26982
-23973
-8954
10551
24770
26580
15074
-3984
-21045
-27564
-20274
-2827
16036
26865
24236
9464
-10048
-24527
-26718
-15524
3447
20692
27570
20636
3365
-15593
-26739
-24489
-9971
9542
24275
26847
15969
-2909
-20330
-27565
-20991
-3901
15144
26602
24733
10474
-9033
-24014
-26965
-16407
2371
19960
27550
21338
4436
-14688
-26454
-24967
-10972
8520
23743
27072
16839
-1831
-19583
-27525
-21677
-4970
14227
26297
25192
11467
-8003
-23464
-27169
-17264
1290
19198
27488
22007
5501
-13761
-26129
-25407
-11957
7484
23175
27256
17683
-749
-18806
-27441
-22329
-6030
13289
25951
25612
12442
-6961
-22877
-27332
-18095
208
18407
27345
22490
6220
-13398
-26652
-27042
-14533
4436
20181
24633
15388
-3081
-21663
-31163
-26908
-11082
8331
21566
21993
9399
-9909
-26256
-31453
-22897
-4874
13587
23237
19242
3604
-15844
-29358
-30169
-17869
1379
17932
23498
15288
-2585
-21166
-31148
-27529
-12123
7353
21141
22334
10334
-8847
-25600
-31493
-23519
-5618
13325
23937
21041
6248
-12858
-26524
-27724
-15683
3727
20922
27403
20008
2495
-16306
-26938
-24075
-9151
10358
24677
26634
15248
-3777
-20910
-27567
-20414
-3034
15867
26818
24334
9660
-9854
-24431
-26769
-15696
3241
20553
27569
20774
3571
-15421
-26687
-24584
-10165
9347
24176
26893
16138
-2702
-20189
-27561
-21126
-4107
14969
26546
24824
10666
-8836
-23911
-27007
-16574
2163
19816
27542
21470
4642
-14512
-26395
-25055
-11163
8321
23637
27111
17003
-1623
-19436
-27512
-21805
-5174
14049
26233
25276
11656
-7804
-23354
-27204
-17426
1082
19048
27471
22132
5705
-13580
-26062
-25487
-12144
7283
23061
27287
17842
-541
-18653
-27420
-22451
-6233
13106
25880
25689
12628
-6760
-22760
-27359
-18251
0
18251
27359
22760
6760
-12628
-25689
-25880
-13106
6233
22451
27420
18653
541
-17842
-27287
-23061
-7283
12144
25487
26062
13580
-5705
-22132
-27471
-19048
-1082
17426
27204
23354
7804
-11656
-25276
-26233
-14049
5174
21805
27512
19436
1623
-17003
-27111
-23637
-8321
11163
25055
26395
14512
-4642
-21470
-27542
-19816
-2163
16574
27007
23911
8836
-10666
-24824
-26546
-14969
4107
21126
27561
20189
2702
-16138
-26893
-24176
-9347
10165
24584
26687
15421
-3571
-20774
-27569
-20553
-3241
15696
26769
24431
9854
-9660
-24334
-26818
-15867
3034
20414
27567
20910
3777
-15248
-26634
-24677
-10358
9151
24037
26786
15969
-3081
-20935
-28789
-22869
-6313
12404
23724
21803
7443
-12301
-27654
-31010
-20739
-2045
15671
23531
17600
847
-18334
-30334
-29141
-15353
4123
19529
23148
13166
-5415
-23288
-31498
-25932
-9379
9869
22169
21358
7844
-11604
-27242
-31237
-21587
-3126
14897
23453
18256
1909
-17399
-29955
-29414
-15994
3668
19836
24550
15610
-2333
-20109
-28633
-23460
-7022
12586
25656
25725
12812
-6557
-22642
-27384
-18407
-208
18095
27332
22877
6961
-12442
-25612
-25951
-13289
6030
22329
27441
18806
749
-17683
-27256
-23175
-7484
11957
25407
26129
13761
-5501
-22007
-27488
-19198
-1290
17264
27169
23464
8003
-11467
-25192
-26297
-14227
4970
21677
27525
19583
1831
-16839
-27072
-23743
-8520
10972
24967
26454
14688
-4436
-21338
-27550
-19960
-2371
16407
26965
24014
9033
-10474
-24733
-26602
-15144
3901
20991
27565
20330
2909
-15969
-26847
-24275
-9542
9971
24489
26739
15593
-3365
-20636
-27570
-20692
-3447
15524
26718
24527
10048
-9464
-24236
-26865
-16036
2827
20274
27564
21045
3984
-15074
-26580
-24770
-10551
8954
23973
26982
16474
-2288
-19903
-27547
-21391
-4518
14618
26431
25003
11049
-8440
-23701
-27088
-16904
1748
19524
27520
21728
5052
-14156
-26272
-25226
-11542
7923
23420
27183
17329
-1207
-19138
-27482
-22057
-5583
13689
26102
25439
12032
-7403
-23130
-27269
-17746
666
18745
27433
22378
6112
-13216
-25923
-25643
-12517
6881
22831
27343
18157
-125
-18345
-27374
-22690
-6638
12739
25734
25837
12996
-6355
-22523
-27407
-18561
-416
17937
27304
22993
7162
-12256
-25535
-26021
-13471
5827
22206
27461
18958
958
-17522
-27224
-23287
-7684
11769
25326
26195
13941
-5297
-21881
-27503
-19347
-1498
17140
27286
23909
8788
-10388
-23872
-24749
-12405
7155
24313
30647
23143
5701
-12825
-23071
-19849
-4717
14781
28878
30512
18864
-231
-17206
-23557
-16103
1422
20239
30920
28116
13229
-6281
-20640
-22656
-11317
7695
24856
31568
24470
7116
-11798
-22798
-20373
-5738
13776
28393
30789
19764
842
-16536
-23721
-17166
-239
18463
29432
27012
12242
-7659
-22901
-26023
-15619
2956
20284
27597
21179
4189
-14899
-26524
-24860
-10743
8757
23869
27024
16640
-2080
-19758
-27538
-21522
-4724
14441
26371
25090
11239
-8242
-23594
-27126
-17068
1540
19377
27506
21856
5256
-13977
-26208
-25309
-11731
7724
23309
27217
17490
-999
-18988
-27464
-22182
-5786
13508
26035
25519
12219
-7203
-23016
-27298
-17905
458
18592
27412
22499
6315
-13033
-25851
-25719
-12702
6679
22713
27369
18313
83
-18189
-27348
-22807
-6840
12554
25658
25909
13180
-6152
-22402
-27429
-18715
-625
17778
27275
23107
7363
-12069
-25455
-26089
-13653
5623
22082
27478
19108
1166
-17361
-27190
-23398
-7884
11580
25243
26259
14120
-5092
-21754
-27517
-19495
-1706
16937
27096
23680
8401
-11087
-25020
-26419
-14582
4559
21417
27545
19874
2246
-16507
-26990
-23952
-8915
10589
24788
26569
15039
-4025
-21072
-27563
-20245
-2785
16070
26875
24216
9425
-10087
-24546
-26708
-15490
3488
20719
27570
20609
3323
-15627
-26749
-24470
-9932
9582
24295
26837
15935
-2951
-20358
-27566
-20964
-3860
15178
26613
24714
10435
-9072
-24034
-26956
-16373
2412
19989
27552
21312
4395
-14723
-26466
-24950
-10934
8559
23764
27064
16806
-1872
-19612
-27527
-21651
-4929
14263
26309
25175
11429
-8043
-23486
-27162
-17231
1332
19228
27491
21982
5460
-13797
-26142
-25391
-11919
7485
23045
26913
17065
-1680
-20071
-29055
-24305
-8380
10560
22854
22183
8742
-10849
-26862
-31327
-22063
-3750
14438
23389
18618
2517
-16849
-29778
-29793
-16886
2477
18595
23393
14469
-3709
-22032
-31321
-26924
-11042
8368
21581
21979
9362
-9949
-26280
-31449
-22867
-4833
13619
23243
19220
3564
-15843
-29222
-29818
-17247
2308
19192
25104
17258
-236
-18434
-28044
-24093
-8420
11239
25120
26322
14299
-4888
-21625
-27529
-19642
-1914
16773
27056
23786
8599
-10896
-24932
-26478
-14759
4354
21285
27553
20018
2454
-16340
-26947
-24055
-9111
10397
24696
26623
15213
-3819
-20937
-27567
-20386
-2992
15901
26828
24315
9621
-9893
-24451
-26759
-15662
3282
20581
27570
20747
3530
-15455
-26698
-24565
-10126
9386
24196
26884
16104
-2744
-20217
-27562
-21099
-4066
15004
26557
24806
10627
-8875
-23932
-26999
-16540
2205
19845
27544
21443
4601
-14547
-26407
-25038
-11125
8361
23658
27103
16970
-1665
-19465
-27515
-21779
-5133
14084
26246
25259
11618
-7844
-23376
-27197
-17393
1124
19078
27475
22107
5664
-13616
-26075
-25471
-12107
7323
23084
27281
17810
-583
-18684
-27425
-22426
-6193
13143
25895
25674
12591
-6800
-22784
-27354
-18220
42
18282
27364
22737
6719
-12665
-25704
-25866
-13070
6274
22475
27416
18623
500
-17874
-27293
-23039
-7243
12181
25503
26048
13544
-5746
-22157
-27468
-19018
-1041
17458
27211
23332
7764
-11693
-25293
-26221
-14013
5215
21830
27509
19406
1581
-17036
-27118
-23615
-8282
11201
25072
26383
14476
-4683
-21496
-27540
-19787
-2122
16607
27016
23890
8796
-10704
-24842
-26535
-14934
4148
21153
27560
20160
2661
-16172
-26902
-24156
-9308
10203
24603
26677
15386
-3612
-20801
-27569
-20526
-3161
15882
27116
24998
10704
-8464
-22744
-24808
-13442
5840
23553
30982
24546
7584
-11321
-22645
-20659
-6319
13190
28095
30929
20273
1463
-16075
-23556
-17232
-272
18829
30501
28896
14819
-4678
-19828
-23040
-12706
5997
23700
31534
25574
8806
-10370
-22346
-21124
-7315
12162
27551
31141
21134
2505
-15470
-23838
-18492
-2227
16670
28572
27342
13416
-6409
-22376
-26645
-17217
1068
18966
27457
22231
5868
-13435
-26007
-25550
-12293
7122
22970
27310
17969
-375
-18530
-27403
-22547
-6396
12960
25822
25749
12776
-6598
-22666
-27379
-18376
-167
18126
27338
22854
6921
-12479
-25628
-25937
-13253
6071
22353
27437
18776
708
-17715
-27262
-23152
-7444
11994
25423
26116
13725
-5542
-22032
-27485
-19168
-1249
17296
27176
23442
7963
-11505
-25209
-26284
-14192
5011
21703
27522
19554
1789
-16872
-27080
-23722
-8480
11010
24985
26443
14653
-4477
-21365
-27549
-19932
-2329
16440
26973
23993
8993
-10512
-24751
-26591
-15109
3942
21018
27565
20302
2868
-16002
-26856
-24255
-9503
10010
24508
26729
15559
-3406
-20664
-27570
-20664
-3406
15559
26729
24508
10010
-9503
-24255
-26856
-16002
2868
20302
27565
21018
3942
-15109
-26591
-24751
-10512
8993
23993
26973
16440
-2329
-19932
-27549
-21365
-4477
14653
26443
24985
11010
-8480
-23722
-27080
-16872
1789
19554
27522
21703
5011
-14192
-26284
-25209
-11505
7963
23442
27176
17296
-1249
-19168
-27485
-22032
-5542
13725
26116
25423
11994
-7444
-23152
-27262
-17715
708
18776
27437
22353
6071
-13253
-25937
-25628
-12479
6921
22854
27338
18126
-167
-18376
-27379
-22666
-6598
12776
25749
25822
12960
-6396
-22547
-27403
-18530
-375
17969
27310
22970
7122
-12293
-25550
-26007
-13473
5716
21894
26871
18039
-319
-19164
-29231
-25655
-10409
8695
21928
22519
10057
-9299
-25907
-31501
-23317
-5457
13134
23141
19551
4162
-15315
-29124
-30346
-18370
806
17574
23534
15700
-2003
-20706
-31040
-27828
-12678
6819
20896
22501
10829
-8272
-25232
-31556
-24075
-6537
12273
22929
20095
5228
-14167
-28322
-30059
-18394
971
18493
25568
18832
1840
-16721
-27394
-24691
-9851
9777
24412
26779
15730
-3199
-20526
-27569
-20801
-3612
15386
26677
24603
10203
-9308
-24156
-26902
-16172
2661
20160
27560
21153
4148
-14934
-26535
-24842
-10704
8796
23890
27016
16607
-2122
-19787
-27540
-21496
-4683
14476
26383
25072
11201
-8282
-23615
-27118
-17036
1581
19406
27509
21830
5215
-14013
-26221
-25293
-11693
7764
23332
27211
17458
-1041
-19018
-27468
-22157
-5746
13544
26048
25503
12181
-7243
-23039
-27293
-17874
500
18623
27416
22475
6274
-13070
-25866
-25704
-12665
6719
22737
27364
18282
42
-18220
-27354
-22784
-6800
12591
25674
25895
13143
-6193
-22426
-27425
-18684
-583
17810
27281
23084
7323
-12107
-25471
-26075
-13616
5664
22107
27475
19078
1124
-17393
-27197
-23376
-7844
11618
25259
26246
14084
-5133
-21779
-27515
-19465
-1665
16970
27103
23658
8361
-11125
-25038
-26407
-14547
4601
21443
27544
19845
2205
-16540
-26999
-23932
-8875
10627
24806
26557
15004
-4066
-21099
-27562
-20217
-2744
16104
26884
24196
9386
-10126
-24565
-26698
-15455
3530
20747
27570
20581
3282
-15662
-26759
-24451
-9893
9621
24315
26828
15901
-2992
-20386
-27567
-20937
-3819
15213
26623
24696
10397
-9111
-24055
-26947
-16340
2454
20018
27553
21285
4354
-14759
-26478
-24932
-10896
8599
23786
27056
16773
-1914
-19642
-27529
-21664
-5040
13962
25736
24269
10156
-9693
-25507
-29545
-19964
-1738
15844
23832
18109
1458
-17833
-30156
-29375
-15882
3564
19220
23243
13619
-4833
-22867
-31449
-26280
-9949
9362
21979
21581
8368
-11042
-26924
-31321
-22032
-3709
14469
23393
18595
2477
-16886
-29793
-29778
-16849
2517
18618
23389
14476
-3598
-21726
-30741
-26012
-9767
10015
23597
24356
12091
-6879
-22890
-27782
-18989
-830
17651
27250
23197
7524
-11919
-25391
-26142
-13797
5460
21982
27491
19228
1332
-17231
-27162
-23486
-8043
11429
25175
26309
14263
-4929
-21651
-27527
-19612
-1872
16806
27064
23764
8559
-10934
-24950
-26466
-14723
4395
21312
27552
19989
2412
-16373
-26956
-24034
-9072
10435
24714
26613
15178
-3860
-20964
-27566
-20358
-2951
15935
26837
24295
9582
-9932
-24470
-26749
-15627
3323
20609
27570
20719
3488
-15490
-26708
-24546
-10087
9425
24216
26875
16070
-2785
-20245
-27563
-21072
-4025
15039
26569
24788
10589
-8915
-23952
-26990
-16507
2246
19874
27545
21417
4559
-14582
-26419
-25020
-11087
8401
23680
27096
16937
-1706
-19495
-27517
-21754
-5092
14120
26259
25243
11580
-7884
-23398
-27190
-17361
1166
19108
27478
22082
5623
-13653
-26089
-25455
-12069
7363
23107
27275
17778
-625
-18715
-27429
-22402
-6152
13180
25909
25658
12554
-6840
-22807
-27348
-18189
83
18313
27369
22713
6679
-12702
-25719
-25851
-13033
6315
22499
27412
18592
458
-17905
-27298
-23016
-7203
12219
25519
26035
13508
-5786
-22182
-27464
-18988
-999
17490
27217
23309
7724
-11731
-25309
-26208
-13977
5256
21856
27506
19377
1540
-17068
-27126
-23594
-8242
11239
25090
26371
14441
-4724
-21522
-27538
-19758
-2080
16640
27024
23869
8757
-10743
-24860
-26485
-14747
4527
21765
28448
21366
4229
-14205
-24521
-21370
-6157
13656
28284
30514
19313
346
-16829
-23569
-16498
842
19764
30789
28393
13776
-5738
-20373
-22798
-11798
7116
24470
31568
24856
7695
-11317
-22656
-20640
-6281
13229
28116
30920
20239
1422
-16103
-23557
-17206
-231
18864
30512
28840
14629
-5054
-20434
-23921
-13908
4429
21729
29146
22782
5654
-13819
-26021
-24955
-11239
8202
23572
27133
17101
-1498
-19347
-27503
-21881
-5297
13941
26195
25326
11769
-7684
-23287
-27224
-17522
958
18958
27461
22206
5827
-13471
-26021
-25535
-12256
7162
22993
27304
17937
-416
-18561
-27407
-22523
-6355
12996
25837
25734
12739
-6638
-22690
-27374
-18345
-125
18157
27343
22831
6881
-12517
-25643
-25923
-13216
6112
22378
27433
18745
666
-17746
-27269
-23130
-7403
12032
25439
26102
13689
-5583
-22057
-27482
-19138
-1207
17329
27183
23420
7923
-11542
-25226
-26272
-14156
5052
21728
27520
19524
1748
-16904
-27088
-23701
-8440
11049
25003
26431
14618
-4518
-21391
-27547
-19903
-2288
16474
26982
23973
8954
-10551
-24770
-26580
-15074
3984
21045
27564
20274
2827
-16036
-26865
-24236
-9464
10048
24527
26718
15524
-3447
-20692
-27570
-20636
-3365
15593
26739
24489
9971
-9542
-24275
-26847
-15969
2909
20330
27565
20991
3901
-15144
-26602
-24733
-10474
9033
24014
26965
16407
-2371
-19960
-27550
-21338
-4436
14688
26454
24967
10972
-8520
-23743
-27072
-16839
1831
19583
27525
21677
4970
-14227
-26297
-25192
-11467
8003
23464
27169
17264
-1290
-19198
-27488
-22007
-5501
13761
26129
25407
11957
-7484
-23175
-27256
-17683
749
18806
27441
22329
6030
-13289
-25951
-25612
-12442
6961
22877
27332
18095
-208
-18407
-27422
-22794
-6895
12227
24875
24573
11313
-8436
-24961
-30163
-21611
-3747
14337
23468
18985
3082
-16331
-29566
-29993
-17399
1909
18256
23453
14897
-3126
-21587
-31237
-27242
-11604
7844
21358
22169
9869
-9379
-25932
-31498
-23288
-5415
13166
23148
19529
4123
-15353
-29141
-30334
-18334
847
17600
23570
15823
-1707
-20154
-30159
-26572
-11028
8858
23304
25255
13905
-4899
-21596
-27707
-20085
-2495
16306
26938
24075
9151
-10358
-24677
-26634
-15248
3777
20910
27567
20414
3034
-15867
-26818
-24334
-9660
9854
24431
26769
15696
-3241
-20553
-27569
-20774
-3571
15421
26687
24584
10165
-9347
-24176
-26893
-16138
2702
20189
27561
21126
4107
-14969
-26546
-24824
-10666
8836
23911
27007
16574
-2163
-19816
-27542
-21470
-4642
14512
26395
25055
11163
-8321
-23637
-27111
-17003
1623
19436
27512
21805
5174
-14049
-26233
-25276
-11656
7804
23354
27204
17426
-1082
-19048
-27471
-22132
-5705
13580
26062
25487
12144
-7283
-23061
-27287
-17842
541
18653
27420
22451
6233
-13106
-25880
-25689
-12628
6760
22760
27359
18251
0
-18251
-27359
-22760
-6760
12628
25689
25880
13106
-6233
-22451
-27420
-18653
-541
17842
27287
23061
7283
-12144
-25487
-26062
-13580
5705
22132
27471
19048
1082
-17426
-27204
-23354
-7804
11656
25276
26233
14049
-5174
-21805
-27512
-19436
-1623
17003
27111
23637
8321
-11163
-25055
-26395
-14512
4642
21470
27542
19816
2163
-16574
-27007
-23911
-8836
10666
24824
26546
14969
-4107
-21126
-27561
-20189
-2702
16138
26893
24176
9347
-10165
-24584
-26687
-15421
3571
20774
27569
20553
3241
-15696
-26769
-24431
-9854
9660
24334
26818
15867
-3034
-20414
-27567
-20910
-3777
15248
26634
24677
10358
-9151
-24037
-26786
-15969
3081
20935
28789
22869
6313
-12404
-23724
-21803
-7443
12301
27654
31010
20739
2045
-15671
-23531
-17600
-847
18334
30334
29141
15353
-4123
-19529
-23148
-13166
5415
23288
31498
25932
9379
-9869
-22169
-21358
-7844
11604
27242
31237
21587
3126
-14897
-23453
-18256
-1909
17399
29955
29414
15994
-3668
-19836
-24550
-15610
2333
20109
28633
23460
7022
-12586
-25656
-25725
-12812
6557
22642
27384
18407
208
-18095
-27332
-22877
-6961
12442
25612
25951
13289
-6030
-22329
-27441
-18806
-749
17683
27256
23175
7484
-11957
-25407
-26129
-13761
5501
22007
27488
19198
1290
-17264
-27169
-23464
-8003
11467
25192
26297
14227
-4970
-21677
-27525
-19583
-1831
16839
27072
23743
8520
-10972
-24967
-26454
-14688
4436
21338
27550
19960
2371
-16407
-26965
-24014
-9033
10474
24733
26602
15144
-3901
-20991
-27565
-20330
-2909
15969
26847
24275
9542
-9971
-24489
-26739
-15593
3365
20636
27570
20692
3447
-15524
-26718
-24527
-10048
9464
24236
26865
16036
-2827
-20274
-27564
-21045
-3984
15074
26580
24770
10551
-8954
-23973
-26982
-16474
2288
19903
27547
21391
4518
-14618
-26431
-25003
-11049
8440
23701
27088
16904
-1748
-19524
-27520
-21728
-5052
14156
26272
25226
11542
-7923
-23420
-27183
-17329
1207
19138
27482
22057
5583
-13689
-26102
-25439
-12032
7403
23130
27269
17746
-666
-18745
-27433
-22378
-6112
13216
25923
25643
12517
-6881
-22831
-27343
-18157
125
18345
27374
22690
6638
-12739
-25734
-25837
-12996
6355
22523
27407
18561
416
-17937
-27304
-22993
-7162
12256
25535
26021
13471
-5827
-22206
-27461
-18958
-958
17522
27224
23287
7684
-11769
-25326
-26195
-13941
5297
21881
27503
19347
1498
-17063
-26981
-23235
-7616
12166
26341
27968
16405
-2375
-18782
-24425
-16315
1624
20521
30994
27849
12717
-6781
-20878
-22512
-10864
8231
25206
31557
24103
6578
-12239
-22920
-20116
-5229
14281
28640
30656
19317
305
-16856
-23568
-16470
884
19798
30798
28373
13738
-5776
-20393
-22789
-11764
7158
24459
31417
24492
7068
-12241
-23901
-22231
-8242
10878
25370
27800
16791
-2282
-19980
-27520
-21179
-4189
14899
26524
24860
10743
-8757
-23869
-27024
-16640
2080
19758
27538
21522
4724
-14441
-26371
-25090
-11239
8242
23594
27126
17068
-1540
-19377
-27506
-21856
-5256
13977
26208
25309
11731
-7724
-23309
-27217
-17490
999
18988
27464
22182
5786
-13508
-26035
-25519
-12219
7203
23016
27298
17905
-458
-18592
-27412
-22499
-6315
13033
25851
25719
12702
-6679
-22713
-27369
-18313
-83
18189
27348
22807
6840
-12554
-25658
-25909
-13180
6152
22402
27429
18715
625
-17778
-27275
-23107
-7363
12069
25455
26089
13653
-5623
-22082
-27478
-19108
-1166
17361
27190
23398
7884
-11580
-25243
-26259
-14120
5092
21754
27517
19495
1706
-16937
-27096
-23680
-8401
11087
25020
26419
14582
-4559
-21417
-27545
-19874
-2246
16507
26990
23952
8915
-10589
-24788
-26569
-15039
4025
21072
27563
20245
2785
-16070
-26875
-24216
-9425
10087
24546
26708
15490
-3488
-20719
-27570
-20609
-3323
15627
26749
24470
9932
-9582
-24295
-26837
-15935
2951
20358
27566
20964
3860
-15178
-26613
-24714
-10435
9072
24034
26956
16373
-2412
-19989
-27552
-21312
-4395
14723
26466
24950
10934
-8559
-23764
-27064
-16806
1872
19612
27527
21651
4929
-14263
-26309
-25175
-11429
8043
23486
27162
17231
-1332
-19228
-27491
-21982
-5460
13797
26142
25391
11919
-7562
-23350
-27587
-18236
-98
17602
25835
20305
3600
-16091
-29077
-29011
-16068
3154
18939
23327
14063
-4250
-22438
-31389
-26618
-10517
8849
21778
21793
8886
-10477
-26595
-31393
-22469
-4291
14032
23321
18924
3042
-16368
-29581
-29979
-17362
1949
18280
23449
14867
-3167
-21619
-31243
-27220
-11564
7920
21527
22493
10419
-8531
-24722
-29885
-21258
-2983
15964
26266
22921
7746
-11543
-25197
-26322
-14299
4888
21625
27529
19642
1914
-16773
-27056
-23786
-8599
10896
24932
26478
14759
-4354
-21285
-27553
-20018
-2454
16340
26947
24055
9111
-10397
-24696
-26623
-15213
3819
20937
27567
20386
2992
-15901
-26828
-24315
-9621
9893
24451
26759
15662
-3282
-20581
-27570
-20747
-3530
15455
26698
24565
10126
-9386
-24196
-26884
-16104
2744
20217
27562
21099
4066
-15004
-26557
-24806
-10627
8875
23932
26999
16540
-2205
-19845
-27544
-21443
-4601
14547
26407
25038
11125
-8361
-23658
-27103
-16970
1665
19465
27515
21779
5133
-14084
-26246
-25259
-11618
7844
23376
27197
17393
-1124
-19078
-27475
-22107
-5664
13616
26075
25471
12107
-7323
-23084
-27281
-17810
583
18684
27425
22426
6193
-13143
-25895
-25674
-12591
6800
22784
27354
18220
-42
-18282
-27364
-22737
-6719
12665
25704
25866
13070
-6274
-22475
-27416
-18623
-500
17874
27293
23039
7243
-12181
-25503
-26048
-13544
5746
22157
27468
19018
1041
-17458
-27211
-23332
-7764
11693
25293
26221
14013
-5215
-21830
-27509
-19406
-1581
17036
27118
23615
8282
-11201
-25072
-26383
-14476
4683
21496
27540
19787
2122
-16607
-27016
-23890
-8796
10704
24842
26535
14934
-4148
-21153
-27560
-20160
-2661
16172
26902
24156
9308
-10203
-24603
-26677
-15386
3612
20801
27569
20526
3161
-15882
-27116
-24998
-10704
8464
22744
24808
13442
-5840
-23553
-30982
-24546
-7584
11321
22645
20659
6319
-13190
-28095
-30929
-20273
-1463
16075
23556
17232
272
-18829
-30501
-28896
-14819
4678
19828
23040
12706
-5997
-23700
-31534
-25574
-8806
10370
22346
21124
7315
-12162
-27551
-31141
-21134
-2505
15470
23838
18492
2227
-16670
-28572
-27342
-13416
6409
22376
26645
17217
-1068
-18966
-27457
-22231
-5868
13435
26007
25550
12293
-7122
-22970
-27310
-17969
375
18530
27403
22547
6396
-12960
-25822
-25749
-12776
6598
22666
27379
18376
167
-18126
-27338
-22854
-6921
12479
25628
25937
13253
-6071
-22353
-27437
-18776
-708
17715
27262
23152
7444
-11994
-25423
-26116
-13725
5542
22032
27485
19168
1249
-17296
-27176
-23442
-7963
11505
25209
26284
14192
-5011
-21703
-27522
-19554
-1789
16872
27080
23722
8480
-11010
-24985
-26443
-14653
4477
21365
27549
19932
2329
-16440
-26973
-23993
-8993
10512
24751
26591
15109
-3942
-21018
-27565
-20302
-2868
16002
26856
24255
9503
-10010
-24508
-26729
-15559
3406
20664
27570
20664
3406
-15559
-26729
-24508
-10010
9503
24255
26856
16002
-2868
-20302
-27565
-21018
-3942
15109
26591
24751
10512
-8993
-23993
-26973
-16440
2329
19932
27549
21365
4477
-14653
-26443
-24985
-11010
8480
23722
27080
16872
-1789
-19554
-27522
-21703
-5011
14192
26284
25209
11505
-7963
-23442
-27176
-17296
1249
19168
27485
22032
5542
-13725
-26116
-25423
-11994
7444
23152
27262
17715
-708
-18776
-27437
-22353
-6071
13253
25937
25628
12479
-6921
-22854
-27338
-18126
167
18376
27379
22666
6598
-12776
-25749
-25822
-12960
6396
22547
27403
18530
375
-17969
-27310
-22970
-7122
12293
25550
26007
13473
-5716
-21894
-26871
-18039
319
19164
29231
25655
10409
-8695
-21928
-22519
-10057
9299
25907
31501
23317
5457
-13134
-23141
-19551
-4162
15315
29124
30346
18370
-806
-17574
-23534
-15700
2003
20706
31040
27828
12678
-6819
-20896
-22501
-10829
8272
25232
31556
24075
6537
-12273
-22929
-20095
-5228
14167
28322
30059
18394
-971
-18493
-25568
-18832
-1840
16721
27394
24691
9851
-9777
-24412
-26779
-15730
3199
20526
27569
20801
3612
-15386
-26677
-24603
-10203
9308
24156
26902
16172
-2661
-20160
-27560
-21153
-4148
14934
26535
24842
10704
-8796
-23890
-27016
-16607
2122
19787
27540
21496
4683
-14476
-26383
-25072
-11201
8282
23615
27118
17036
-1581
-19406
-27509
-21830
-5215
14013
26221
25293
11693
-7764
-23332
-27211
-17458
1041
19018
27468
22157
5746
-13544
-26048
-25503
-12181
7243
23039
27293
17874
-500
-18623
-27416
-22475
-6274
13070
25866
25704
12665
-6719
-22737
-27364
-18282
-42
18220
27354
22784
6800
-12591
-25674
-25895
-13143
6193
22426
27425
18684
583
-17810
-27281
-23084
-7323
12107
25471
26075
13616
-5664
-22107
-27475
-19078
-1124
17393
27197
23376
7844
-11618
-25259
-26246
-14084
5133
21779
27515
19465
1665
-16970
-27103
-23658
-8361
11125
25038
26407
14547
-4601
-21443
-27544
-19845
-2205
16540
26999
23932
8875
-10627
-24806
-26557
-15004
4066
21099
27562
20217
2744
-16104
-26884
-24196
-9386
10126
24565
26698
15455
-3530
-20747
-27570
-20581
-3282
15662
26759
24451
9893
-9621
-24315
-26828
-15901
2992
20386
27567
20937
3819
-15213
-26623
-24696
-10397
9111
24055
26947
16340
-2454
-20018
-27553
-21285
-4354
14759
26478
24932
10896
-8599
-23786
-27056
-16773
1914
19642
27529
21664
5040
-13962
-25736
-24269
-10156
9693
25507
29545
19964
1738
-15844
-23832
-18109
-1458
17833
30156
29375
15882
-3564
-19220
-23243
-13619
4833
22867
31449
26280
9949
-9362
-21979
-21581
-8368
11042
26924
31321
22032
3709
-14469
-23393
-18595
-2477
16886
29793
29778
16849
-2517
-18618
-23389
-14476
3598
21726
30741
26012
9767
-10015
-23597
-24356
-12091
6879
22890
27782
18989
830
-17651
-27250
-23197
-7524
11919
25391
26142
13797
-5460
-21982
-27491
-19228
-1332
17231
27162
23486
8043
-11429
-25175
-26309
-14263
4929
21651
27527
19612
1872
-16806
-27064
-23764
-8559
10934
24950
26466
14723
-4395
-21312
-27552
-19989
-2412
16373
26956
24034
9072
-10435
-24714
-26613
-15178
3860
20964
27566
20358
2951
-15935
-26837
-24295
-9582
9932
24470
26749
15627
-3323
-20609
-27570
-20719
-3488
15490
26708
24546
10087
-9425
-24216
-26875
-16070
2785
20245
27563
21072
4025
-15039
-26569
-24788
-10589
8915
23952
26990
16507
-2246
-19874
-27545
-21417
-4559
14582
26419
25020
11087
-8401
-23680
-27096
-16937
1706
19495
27517
21754
5092
-14120
-26259
-25243
-11580
7884
23398
27190
17361
-1166
-19108
-27478
-22082
-5623
13653
26089
25455
12069
-7363
-23107
-27275
-17778
625
18715
27429
22402
6152
-13180
-25909
-25658
-12554
6840
22807
27348
18189
-83
-18313
-27369
-22713
-6679
12702
25719
25851
13033
-6315
-22499
-27412
-18592
-458
17905
27298
23016
7203
-12219
-25519
-26035
-13508
5786
22182
27464
18988
999
-17490
-27217
-23309
-7724
11731
25309
26208
13977
-5256
-21856
-27506
-19377
-1540
17068
27126
23594
8242
-11239
-25090
-26371
-14441
4724
21522
27538
19758
2080
-16640
-27024
-23869
-8757
10743
24860
26485
14747
-4527
-21765
-28448
-21366
-4229
14205
24521
21370
6157
-13656
-28284
-30514
-19313
-346
16829
23569
16498
-842
-19764
-30789
-28393
-13776
5738
20373
22798
11798
-7116
-24470
-31568
-24856
-7695
11317
22656
20640
6281
-13229
-28116
-30920
-20239
-1422
16103
23557
17206
231
-18864
-30512
-28840
-14629
5054
20434
23921
13908
-4429
-21729
-29146
-22782
-5654
13819
26021
24955
11239
-8202
-23572
-27133
-17101
1498
19347
27503
21881
5297
-13941
-26195
-25326
-11769
7684
23287
27224
17522
-958
-18958
-27461
-22206
-5827
13471
26021
25535
12256
-7162
-22993
-27304
-17937
416
18561
27407
22523
6355
-12996
-25837
-25734
-12739
6638
22690
27374
18345
125
-18157
-27343
-22831
-6881
12517
25643
25923
13216
-6112
-22378
-27433
-18745
-666
17746
27269
23130
7403
-12032
-25439
-26102
-13689
5583
22057
27482
19138
1207
-17329
-27183
-23420
-7923
11542
25226
26272
14156
-5052
-21728
-27520
-19524
-1748
16904
27088
23701
8440
-11049
-25003
-26431
-14618
4518
21391
27547
19903
2288
-16474
-26982
-23973
-8954
10551
24770
26580
15074
-3984
-21045
-27564
-20274
-2827
16036
26865
24236
9464
-10048
-24527
-26718
-15524
3447
20692
27570
20636
3365
-15593
-26739
-24489
-9971
9542
24275
26847
15969
-2909
-20330
-27565
-20991
-3901
15144
26602
24733
10474
-9033
-24014
-26965
-16407
2371
19960
27550
21338
4436
-14688
-26454
-24967
-10972
8520
23743
27072
16839
-1831
-19583
-27525
-21677
-4970
14227
26297
25192
11467
-8003
-23464
-27169
-17264
1290
19198
27488
22007
5501
-13761
-26129
-25407
-11957
7484
23175
27256
17683
-749
-18806
-27441
-22329
-6030
13289
25951
25612
12442
-6961
-22877
-27332
-18095
208
18407
27422
22794
6895
-12227
-24875
-24573
-11313
8436
24961
30163
21611
3747
-14337
-23468
-18985
-3082
16331
29566
29993
17399
-1909
-18256
-23453
-14897
3126
21587
31237
27242
11604
-7844
-21358
-22169
-9869
9379
25932
31498
23288
5415
-13166
-23148
-19529
-4123
15353
29141
30334
18334
-847
-17600
-23570
-15823
1707
20154
30159
26572
11028
-8858
-23304
-25255
-13905
4899
21596
27707
20085
2495
-16306
-26938
-24075
-9151
10358
24677
26634
15248
-3777
-20910
-27567
-20414
-3034
15867
26818
24334
9660
-9854
-24431
-26769
-15696
3241
20553
27569
20774
3571
-15421
-26687
-24584
-10165
9347
24176
26893
16138
-2702
-20189
-27561
-21126
-4107
14969
26546
24824
10666
-8836
-23911
-27007
-16574
2163
19816
27542
21470
4642
-14512
-26395
-25055
-11163
8321
23637
27111
17003
-1623
-19436
-27512
-21805
-5174
14049
26233
25276
11656
-7804
-23354
-27204
-17426
1082
19048
27471
22132
5705
-13580
-26062
-25487
-12144
7283
23061
27287
17842
-541
-18653
-27420
-22451
-6233
13106
25880
25689
12628
-6760
-22760
-27359
-18251
0
18251
27359
22760
6760
-12628
-25689
-25880
-13106
6233
22451
27420
18653
541
-17842
-27287
-23061
-7283
12144
25487
26062
13580
-5705
-22132
-27471
-19048
-1082
17426
27204
23354
7804
-11656
-25276
-26233
-14049
5174
21805
27512
19436
1623
-17003
-27111
-23637
-8321
11163
25055
26395
14512
-4642
-21470
-27542
-19816
-2163
16574
27007
23911
8836
-10666
-24824
-26546
-14969
4107
21126
27561
20189
2702
-16138
-26893
-24176
-9347
10165
24584
26687
15421
-3571
-20774
-27569
-20553
-3241
15696
26769
24431
9854
-9660
-24334
-26818
-15867
3034
20414
27567
20910
3777
-15248
-26634
-24677
-10358
9151
24113
27091
16643
-1909
-19157
-26320
-19649
-2313
17184
29255
28025
14272
-4975
-19959
-23087
-12739
5955
23671
31531
25600
8847
-10334
-22334
-21141
-7353
12123
27529
31148
21166
2585
-15288
-23498
-17932
-1379
17869
30169
29358
15844
-3604
-19242
-23237
-13587
4874
22897
31453
26256
9909
-9399
-22032
-21718
-8668
10496
26058
30081
20390
1667
-16890
-26163
-21682
-5850
13260
25960
25802
12812
-6557
-22642
-27384
-18407
-208
18095
27332
22877
6961
-12442
-25612
-25951
-13289
6030
22329
27441
18806
749
-17683
-27256
-23175
-7484
11957
25407
26129
13761
-5501
-22007
-27488
-19198
-1290
17264
27169
23464
8003
-11467
-25192
-26297
-14227
4970
21677
27525
19583
1831
-16839
-27072
-23743
-8520
10972
24967
26454
14688
-4436
-21338
-27550
-19960
-2371
16407
26965
24014
9033
-10474
-24733
-26602
-15144
3901
20991
27565
20330
2909
-15969
-26847
-24275
-9542
9971
24489
26739
15593
-3365
-20636
-27570
-20692
-3447
15524
26718
24527
10048
-9464
-24236
-26865
-16036
2827
20274
27564
21045
3984
-15074
-26580
-24770
-10551
8954
23973
26982
16474
-2288
-19903
-27547
-21391
-4518
14618
26431
25003
11049
-8440
-23701
-27088
-16904
1748
19524
27520
21728
5052
-14156
-26272
-25226
-11542
7923
23420
27183
17329
-1207
-19138
-27482
-22057
-5583
13689
26102
25439
12032
-7403
-23130
-27269
-17746
666
18745
27433
22378
6112
-13216
-25923
-25643
-12517
6881
22831
27343
18157
-125
-18345
-27374
-22690
-6638
12739
25734
25837
12996
-6355
-22523
-27407
-18561
-416
17937
27304
22993
7162
-12256
-25535
-26021
-13471
5827
22206
27461
18958
958
-17522
-27224
-23287
-7684
11769
25326
26195
13941
-5297
-21881
-27503
-19347
-1498
17140
27286
23909
8788
-10388
-23872
-24749
-12405
7155
24313
30647
23143
5701
-12825
-23071
-19849
-4717
14781
28878
30512
18864
-231
-17206
-23557
-16103
1422
20239
30920
28116
13229
-6281
-20640
-22656
-11317
7695
24856
31568
24470
7116
-11798
-22798
-20373
-5738
13776
28393
30789
19764
842
-16536
-23721
-17166
-239
18463
29432
27012
12242
-7659
-22901
-26023
-15619
2956
20284
27597
21179
4189
-14899
-26524
-24860
-10743
8757
23869
27024
16640
-2080
-19758
-27538
-21522
-4724
14441
26371
25090
11239
-8242
-23594
-27126
-17068
1540
19377
27506
21856
5256
-13977
-26208
-25309
-11731
7724
23309
27217
17490
-999
-18988
-27464
-22182
-5786
13508
26035
25519
12219
-7203
-23016
-27298
-17905
458
18592
27412
22499
6315
-13033
-25851
-25719
-12702
6679
22713
27369
18313
83
-18189
-27348
-22807
-6840
12554
25658
25909
13180
-6152
-22402
-27429
-18715
-625
17778
27275
23107
7363
-12069
-25455
-26089
-13653
5623
22082
27478
19108
1166
-17361
-27190
-23398
-7884
11580
25243
26259
14120
-5092
-21754
-27517
-19495
-1706
16937
27096
23680
8401
-11087
-25020
-26419
-14582
4559
21417
27545
19874
2246
-16507
-26990
-23952
-8915
10589
24788
26569
15039
-4025
-21072
-27563
-20245
-2785
16070
26875
24216
9425
-10087
-24546
-26708
-15490
3488
20719
27570
20609
3323
-15627
-26749
-24470
-9932
9582
24295
26837
15935
-2951
-20358
-27566
-20964
-3860
15178
26613
24714
10435
-9072
-24034
-26956
-16373
2412
19989
27552
21312
4395
-14723
-26466
-24950
-10934
8559
23764
27064
16806
-1872
-19612
-27527
-21651
-4929
14263
26309
25175
11429
-8043
-23486
-27162
-17231
1332
19228
27491
21982
5460
-13797
-26142
-25391
-11919
7485
23045
26913
17065
-1680
-20071
-29055
-24305
-8380
10560
22854
22183
8742
-10849
-26862
-31327
-22063
-3750
14438
23389
18618
2517
-16849
-29778
-29793
-16886
2477
18595
23393
14469
-3709
-22032
-31321
-26924
-11042
8368
21581
21979
9362
-9949
-26280
-31449
-22867
-4833
13619
23243
19220
3564
-15843
-29222
-29818
-17247
2308
19192
25104
17258
-236
-18434
-28044
-24093
-8420
11239
25120
26322
14299
-4888
-21625
-27529
-19642
-1914
16773
27056
23786
8599
-10896
-24932
-26478
-14759
4354
21285
27553
20018
2454
-16340
-26947
-24055
-9111
10397
24696
26623
15213
-3819
-20937
-27567
-20386
-2992
15901
26828
24315
9621
-9893
-24451
-26759
-15662
3282
20581
27570
20747
3530
-15455
-26698
-24565
-10126
9386
24196
26884
16104
-2744
-20217
-27562
-21099
-4066
15004
26557
24806
10627
-8875
-23932
-26999
-16540
2205
19845
27544
21443
4601
-14547
-26407
-25038
-11125
8361
23658
27103
16970
-1665
-19465
-27515
-21779
-5133
14084
26246
25259
11618
-7844
-23376
-27197
-17393
1124
19078
27475
22107
5664
-13616
-26075
-25471
-12107
7323
23084
27281
17810
-583
-18684
-27425
-22426
-6193
13143
25895
25674
12591
-6800
-22784
-27354
-18220
42
18282
27364
22737
6719
-12665
-25704
-25866
-13070
6274
22475
27416
18623
500
-17874
-27293
-23039
-7243
12181
25503
26048
13544
-5746
-22157
-27468
-19018
-1041
17458
27211
23332
7764
-11693
-25293
-26221
-14013
5215
21830
27509
19406
1581
-17036
-27118
-23615
-8282
11201
25072
26383
14476
-4683
-21496
-27540
-19787
-2122
16607
27016
23890
8796
-10704
-24842
-26535
-14934
4148
21153
27560
20160
2661
-16172
-26902
-24156
-9308
10203
24603
26677
15386
-3612
-20801
-27569
-20526
-3238
15578
26442
23826
8927
-10933
-25964
-28808
-18223
310
17331
24154
17220
-112
-19244
-30645
-28659
-14319
5190
20095
22929
12273
-6537
-24075
-31556
-25232
-8272
10829
22501
20896
6819
-12678
-27828
-31040
-20706
-2003
15700
23534
17574
806
-18370
-30346
-29124
-15315
4162
19551
23141
13134
-5418
-23165
-31163
-25321
-8449
11140
23792
23342
10197
-8878
-24154
-27816
-17892
764
18889
27457
22231
5868
-13435
-26007
-25550
-12293
7122
22970
27310
17969
-375
-18530
-27403
-22547
-6396
12960
25822
25749
12776
-6598
-22666
-27379
-18376
-167
18126
27338
22854
6921
-12479
-25628
-25937
-13253
6071
22353
27437
18776
708
-17715
-27262
-23152
-7444
11994
25423
26116
13725
-5542
-22032
-27485
-19168
-1249
17296
27176
23442
7963
-11505
-25209
-26284
-14192
5011
21703
27522
19554
1789
-16872
-27080
-23722
-8480
11010
24985
26443
14653
-4477
-21365
-27549
-19932
-2329
16440
26973
23993
8993
-10512
-24751
-26591
-15109
3942
21018
27565
20302
2868
-16002
-26856
-24255
-9503
10010
24508
26729
15559
-3406
-20664
-27570
-20664
-3406
15559
26729
24508
10010
-9503
-24255
-26856
-16002
2868
20302
27565
21018
3942
-15109
-26591
-24751
-10512
8993
23993
26973
16440
-2329
-19932
-27549
-21365
-4477
14653
26443
24985
11010
-8480
-23722
-27080
-16872
1789
19554
27522
21703
5011
-14192
-26284
-25209
-11505
7963
23442
27176
17296
-1249
-19168
-27485
-22032
-5542
13725
26116
25423
11994
-7444
-23152
-27262
-17715
708
18776
27437
22353
6071
-13253
-25937
-25628
-12479
6921
22854
27338
18126
-167
-18376
-27379
-22666
-6598
12776
25749
25822
12960
-6396
-22547
-27403
-18530
-375
17969
27310
22970
7122
-12293
-25550
-26007
-13397
6020
22568
28043
19816
2151
-15945
-25231
-20875
-4878
14918
28756
29845
17753
-1376
-17907
-23501
-15317
2543
21134
31141
27551
12162
-7315
-21124
-22346
-10370
8806
25574
31534
23700
5997
-12706
-23040
-19828
-4678
14819
28896
30501
18829
-272
-17232
-23556
-16075
1463
20273
30929
28095
13152
-6472
-20996
-23231
-12171
6502
23273
29568
22052
4310
-14944
-26222
-24017
-9546
9854
24412
26779
15730
-3199
-20526
-27569
-20801
-3612
15386
26677
24603
10203
-9308
-24156
-26902
-16172
2661
20160
27560
21153
4148
-14934
-26535
-24842
-10704
8796
23890
27016
16607
-2122
-19787
-27540
-21496
-4683
14476
26383
25072
11201
-8282
-23615
-27118
-17036
1581
19406
27509
21830
5215
-14013
-26221
-25293
-11693
7764
23332
27211
17458
-1041
-19018
-27468
-22157
-5746
13544
26048
25503
12181
-7243
-23039
-27293
-17874
500
18623
27416
22475
6274
-13070
-25866
-25704
-12665
6719
22737
27364
18282
42
-18220
-27354
-22784
-6800
12591
25674
25895
13143
-6193
-22426
-27425
-18684
-583
17810
27281
23084
7323
-12107
-25471
-26075
-13616
5664
22107
27475
19078
1124
-17393
-27197
-23376
-7844
11618
25259
26246
14084
-5133
-21779
-27515
-19465
-1665
16970
27103
23658
8361
-11125
-25038
-26407
-14547
4601
21443
27544
19845
2205
-16540
-26999
-23932
-8875
10627
24806
26557
15004
-4066
-21099
-27562
-20217
-2744
16104
26884
24196
9386
-10126
-24565
-26698
-15455
3530
20747
27570
20581
3282
-15662
-26759
-24451
-9893
9621
24315
26828
15901
-2992
-20386
-27567
-20937
-3819
15213
26623
24696
10397
-9111
-24055
-26947
-16340
2454
20018
27553
21285
4354
-14759
-26478
-24932
-10896
8599
23786
27056
16773
-1914
-19642
-27529
-21587
-4735
14636
26907
26047
12626
-6473
-21507
-24765
-14434
4485
22672
31157
25805
9381
-9833
-22156
-21375
-7882
11564
27220
31243
21619
3167
-14867
-23449
-18280
-1949
17362
29979
29581
16368
-3042
-18924
-23321
-14032
4291
22469
31393
26595
10477
-8886
-21793
-21778
-8849
10517
26618
31389
22399
4098
-14400
-23913
-19789
-4236
14795
27597
27575
14560
-5101
-21719
-27108
-18684
-753
17651
27250
23197
7524
-11919
-25391
-26142
-13797
5460
21982
27491
19228
1332
-17231
-27162
-23486
-8043
11429
25175
26309
14263
-4929
-21651
-27527
-19612
-1872
16806
27064
23764
8559
-10934
-24950
-26466
-14723
4395
21312
27552
19989
2412
-16373
-26956
-24034
-9072
10435
24714
26613
15178
-3860
-20964
-27566
-20358
-2951
15935
26837
24295
9582
-9932
-24470
-26749
-15627
3323
20609
27570
20719
3488
-15490
-26708
-24546
-10087
9425
24216
26875
16070
-2785
-20245
-27563
-21072
-4025
15039
26569
24788
10589
-8915
-23952
-26990
-16507
2246
19874
27545
21417
4559
-14582
-26419
-25020
-11087
8401
23680
27096
16937
-1706
-19495
-27517
-21754
-5092
14120
26259
25243
11580
-7884
-23398
-27190
-17361
1166
19108
27478
22082
5623
-13653
-26089
-25455
-12069
7363
23107
27275
17778
-625
-18715
-27429
-22402
-6152
13180
25909
25658
12554
-6840
-22807
-27348
-18189
83
18313
27369
22713
6679
-12702
-25719
-25851
-13033
6315
22499
27412
18592
458
-17905
-27298
-23016
-7203
12219
25519
26035
13508
-5786
-22182
-27464
-18988
-999
17490
27217
23309
7724
-11731
-25309
-26208
-13977
5256
21856
27506
19377
1540
-17068
-27126
-23594
-8242
11239
25090
26371
14441
-4724
-21522
-27538
-19758
-2080
16640
27024
23869
8757
-10743
-24860
-26485
-14747
4527
21765
28448
21366
4229
-14205
-24521
-21370
-6157
13656
28284
30514
19313
346
-16829
-23569
-16498
842
19764
30789
28393
13776
-5738
-20373
-22798
-11798
7116
24470
31568
24856
7695
-11317
-22656
-20640
-6281
13229
28116
30920
20239
1422
-16103
-23557
-17206
-231
18864
30512
28840
14629
-5054
-20434
-23921
-13908
4429
21729
29146
22782
5654
-13819
-26021
-24955
-11239
8202
23572
27133
17101
-1498
-19347
-27503
-21881
-5297
13941
26195
25326
11769
-7684
-23287
-27224
-17522
958
18958
27461
22206
5827
-13471
-26021
-25535
-12256
7162
22993
27304
17937
-416
-18561
-27407
-22523
-6355
12996
25837
25734
12739
-6638
-22690
-27374
-18345
-125
18157
27343
22831
6881
-12517
-25643
-25923
-13216
6112
22378
27433
18745
666
-17746
-27269
-23130
-7403
12032
25439
26102
13689
-5583
-22057
-27482
-19138
-1207
17329
27183
23420
7923
-11542
-25226
-26272
-14156
5052
21728
27520
19524
1748
-16904
-27088
-23701
-8440
11049
25003
26431
14618
-4518
-21391
-27547
-19903
-2288
16474
26982
23973
8954
-10551
-24770
-26580
-15074
3984
21045
27564
20274
2827
-16036
-26865
-24236
-9464
10048
24527
26718
15524
-3447
-20692
-27570
-20636
-3365
15593
26739
24489
9971
-9542
-24275
-26847
-15969
2909
20330
27565
20991
3901
-15144
-26602
-24733
-10474
9033
24014
26965
16407
-2371
-19960
-27550
-21338
-4436
14688
26454
24967
10972
-8520
-23743
-27072
-16839
1831
19583
27525
21677
4970
-14227
-26297
-25192
-11467
8003
23464
27169
17264
-1290
-19198
-27488
-22007
-5501
13761
26129
25407
11957
-7484
-23175
-27256
-17683
749
18806
27441
22329
6030
-13289
-25951
-25612
-12442
6961
22877
27332
18095
-208
-18407
-27422
-22794
-6895
12227
24875
24573
11313
-8436
-24961
-30163
-21611
-3747
14337
23468
18985
3082
-16331
-29566
-29993
-17399
1909
18256
23453
14897
-3126
-21587
-31237
-27242
-11604
7844
21358
22169
9869
-9379
-25932
-31498
-23288
-5415
13166
23148
19529
4123
-15353
-29141
-30334
-18334
847
17600
23570
15823
-1707
-20154
-30159
-26572
-11028
8858
23304
25255
13905
-4899
-21596
-27707
-20085
-2495
16306
26938
24075
9151
-10358
-24677
-26634
-15248
3777
20910
27567
20414
3034
-15867
-26818
-24334
-9660
9854
24431
26769
15696
-3241
-20553
-27569
-20774
-3571
15421
26687
24584
10165
-9347
-24176
-26893
-16138
2702
20189
27561
21126
4107
-14969
-26546
-24824
-10666
8836
23911
27007
16574
-2163
-19816
-27542
-21470
-4642
14512
26395
25055
11163
-8321
-23637
-27111
-17003
1623
19436
27512
21805
5174
-14049
-26233
-25276
-11656
7804
23354
27204
17426
-1082
-19048
-27471
-22132
-5705
13580
26062
25487
12144
-7283
-23061
-27287
-17842
541
18653
27420
22451
6233
-13106
-25880
-25689
-12628
6760
22760
27359
18251
0
-18251
-27359
-22760
-6760
12628
25689
25880
13106
-6233
-22451
-27420
-18653
-541
17842
27287
23061
7283
-12144
-25487
-26062
-13580
5705
22132
27471
19048
1082
-17426
-27204
-23354
-7804
11656
25276
26233
14049
-5174
-21805
-27512
-19436
-1623
17003
27111
23637
8321
-11163
-25055
-26395
-14512
4642
21470
27542
19816
2163
-16574
-27007
-23911
-8836
10666
24824
26546
14969
-4107
-21126
-27561
-20189
-2702
16138
26893
24176
9347
-10165
-24584
-26687
-15421
3571
20774
27569
20553
3241
-15696
-26769
-24431
-9854
9660
24334
26818
15867
-3034
-20414
-27567
-20910
-3777
15248
26634
24677
10358
-9151
-24113
-27091
-16643
1909
19157
26320
19649
2313
-17184
-29255
-28025
-14272
4975
19959
23087
12739
-5955
-23671
-31531
-25600
-8847
10334
22334
21141
7353
-12123
-27529
-31148
-21166
-2585
15288
23498
17932
1379
-17869
-30169
-29358
-15844
3604
19242
23237
13587
-4874
-22897
-31453
-26256
-9909
9399
22032
21718
8668
-10496
-26058
-30081
-20390
-1667
16890
26163
21682
5850
-13260
-25960
-25802
-12812
6557
22642
27384
18407
208
-18095
-27332
-22877
-6961
12442
25612
25951
13289
-6030
-22329
-27441
-18806
-749
17683
27256
23175
7484
-11957
-25407
-26129
-13761
5501
22007
27488
19198
1290
-17264
-27169
-23464
-8003
11467
25192
26297
14227
-4970
-21677
-27525
-19583
-1831
16839
27072
23743
8520
-10972
-24967
-26454
-14688
4436
21338
27550
19960
2371
-16407
-26965
-24014
-9033
10474
24733
26602
15144
-3901
-20991
-27565
-20330
-2909
15969
26847
24275
9542
-9971
-24489
-26739
-15593
3365
20636
27570
20692
3447
-15524
-26718
-24527
-10048
9464
24236
26865
16036
-2827
-20274
-27564
-21045
-3984
15074
26580
24770
10551
-8954
-23973
-26982
-16474
2288
19903
27547
21391
4518
-14618
-26431
-25003
-11049
8440
23701
27088
16904
-1748
-19524
-27520
-21728
-5052
14156
26272
25226
11542
-7923
-23420
-27183
-17329
1207
19138
27482
22057
5583
-13689
-26102
-25439
-12032
7403
23130
27269
17746
-666
-18745
-27433
-22378
-6112
13216
25923
25643
12517
-6881
-22831
-27343
-18157
125
18345
27374
22690
6638
-12739
-25734
-25837
-12996
6355
22523
27407
18561
416
-17937
-27304
-22993
-7162
12256
25535
26021
13471
-5827
-22206
-27461
-18958
-958
17522
27224
23287
7684
-11769
-25326
-26195
-13941
5297
21881
27503
19347
1498
-17140
-27286
-23909
-8788
10388
23872
24749
12405
-7155
-24313
-30647
-23143
-5701
12825
23071
19849
4717
-14781
-28878
-30512
-18864
231
17206
23557
16103
-1422
-20239
-30920
-28116
-13229
6281
20640
22656
11317
-7695
-24856
-31568
-24470
-7116
11798
22798
20373
5738
-13776
-28393
-30789
-19764
-842
16536
23721
17166
239
-18463
-29432
-27012
-12242
7659
22901
26023
15619
-2956
-20284
-27597
-21179
-4189
14899
26524
24860
10743
-8757
-23869
-27024
-16640
2080
19758
27538
21522
4724
-14441
-26371
-25090
-11239
8242
23594
27126
17068
-1540
-19377
-27506
-21856
-5256
13977
26208
25309
11731
-7724
-23309
-27217
-17490
999
18988
27464
22182
5786
-13508
-26035
-25519
-12219
7203
23016
27298
17905
-458
-18592
-27412
-22499
-6315
13033
25851
25719
12702
-6679
-22713
-27369
-18313
-83
18189
27348
22807
6840
-12554
-25658
-25909
-13180
6152
22402
27429
18715
625
-17778
-27275
-23107
-7363
12069
25455
26089
13653
-5623
-22082
-27478
-19108
-1166
17361
27190
23398
7884
-11580
-25243
-26259
-14120
5092
21754
27517
19495
1706
-16937
-27096
-23680
-8401
11087
25020
26419
14582
-4559
-21417
-27545
-19874
-2246
16507
26990
23952
8915
-10589
-24788
-26569
-15039
4025
21072
27563
20245
2785
-16070
-26875
-24216
-9425
10087
24546
26708
15490
-3488
-20719
-27570
-20609
-3323
15627
26749
24470
9932
-9582
-24295
-26837
-15935
2951
20358
27566
20964
3860
-15178
-26613
-24714
-10435
9072
24034
26956
16373
-2412
-19989
-27552
-21312
-4395
14723
26466
24950
10934
-8559
-23764
-27064
-16806
1872
19612
27527
21651
4929
-14263
-26309
-25175
-11429
8043
23486
27162
17231
-1332
-19228
-27491
-21982
-5460
13797
26142
25391
11919
-7485
-23045
-26913
-17065
1680
20071
29055
24305
8380
-10560
-22854
-22183
-8742
10849
26862
31327
22063
3750
-14438
-23389
-18618
-2517
16849
29778
29793
16886
-2477
-18595
-23393
-14469
3709
22032
31321
26924
11042
-8368
-21581
-21979
-9362
9949
26280
31449
22867
4833
-13619
-23243
-19220
-3564
15843
29222
29818
17247
-2308
-19192
-25104
-17258
236
18434
28044
24093
8420
-11239
-25120
-26322
-14299
4888
21625
27529
19642
1914
-16773
-27056
-23786
-8599
10896
24932
26478
14759
-4354
-21285
-27553
-20018
-2454
16340
26947
24055
9111
-10397
-24696
-26623
-15213
3819
20937
27567
20386
2992
-15901
-26828
-24315
-9621
9893
24451
26759
15662
-3282
-20581
-27570
-20747
-3530
15455
26698
24565
10126
-9386
-24196
-26884
-16104
2744
20217
27562
21099
4066
-15004
-26557
-24806
-10627
8875
23932
26999
16540
-2205
-19845
-27544
-21443
-4601
14547
26407
25038
11125
-8361
-23658
-27103
-16970
1665
19465
27515
21779
5133
-14084
-26246
-25259
-11618
7844
23376
27197
17393
-1124
-19078
-27475
-22107
-5664
13616
26075
25471
12107
-7323
-23084
-27281
-17810
583
18684
27425
22426
6193
-13143
-25895
-25674
-12591
6800
22784
27354
18220
-42
-18282
-27364
-22737
-6719
12665
25704
25866
13070
-6274
-22475
-27416
-18623
-500
17874
27293
23039
7243
-12181
-25503
-26048
-13544
5746
22157
27468
19018
1041
-17458
-27211
-23332
-7764
11693
25293
26221
14013
-5215
-21830
-27509
-19406
-1581
17036
27118
23615
8282
-11201
-25072
-26383
-14476
4683
21496
27540
19787
2122
-16607
-27016
-23890
-8796
10704
24842
26535
14934
-4148
-21153
-27560
-20160
-2661
16172
26902
24156
9308
-10203
-24603
-26677
-15386
3612
20801
27569
20526
3161
-15882
-27116
-24998
-10704
8464
22744
24808
13442
-5840
-23553
-30982
-24546
-7584
11321
22645
20659
6319
-13190
-28095
-30929
-20273
-1463
16075
23556
17232
272
-18829
-30501
-28896
-14819
4678
19828
23040
12706
-5997
-23700
-31534
-25574
-8806
10370
22346
21124
7315
-12162
-27551
-31141
-21134
-2505
15470
23838
18492
2227
-16670
-28572
-27342
-13416
6409
22376
26645
17217
-1068
-18966
-27457
-22231
-5868
13435
26007
25550
12293
-7122
-22970
-27310
-17969
375
18530
27403
22547
6396
-12960
-25822
-25749
-12776
6598
22666
27379
18376
167
-18126
-27338
-22854
-6921
12479
25628
25937
13253
-6071
-22353
-27437
-18776
-708
17715
27262
23152
7444
-11994
-25423
-26116
-13725
5542
22032
27485
19168
1249
-17296
-27176
-23442
-7963
11505
25209
26284
14192
-5011
-21703
-27522
-19554
-1789
16872
27080
23722
8480
-11010
-24985
-26443
-14653
4477
21365
27549
19932
2329
-16440
-26973
-23993
-8993
10512
24751
26591
15109
-3942
-21018
-27565
-20302
-2868
16002
26856
24255
9503
-10010
-24508
-26729
-15559
3406
20664
27570
20664
3406
-15559
-26729
-24508
-10010
9503
24255
26856
16002
-2868
-20302
-27565
-21018
-3942
15109
26591
24751
10512
-8993
-23993
-26973
-16440
2329
19932
27549
21365
4477
-14653
-26443
-24985
-11010
8480
23722
27080
16872
-1789
-19554
-27522
-21703
-5011
14192
26284
25209
11505
-7963
-23442
-27176
-17296
1249
19168
27485
22032
5542
-13725
-26116
-25423
-11994
7444
23152
27262
17715
-708
-18776
-27437
-22353
-6071
13253
25937
25628
12479
-6921
-22854
-27338
-18126
167
18376
27379
22666
6598
-12776
-25749
-25822
-12960
6396
22547
27403
18530
375
-17969
-27310
-22970
-7122
12293
25550
26007
13397
-6020
-22568
-28043
-19816
-2151
15945
25231
20875
4878
-14918
-28756
-29845
-17753
1376
17907
23501
15317
-2543
-21134
-31141
-27551
-12162
7315
21124
22346
10370
-8806
-25574
-31534
-23700
-5997
12706
23040
19828
4678
-14819
-28896
-30501
-18829
272
17232
23556
16075
-1463
-20273
-30929
-28095
-13152
6472
20996
23231
12171
-6502
-23273
-29568
-22052
-4310
14944
26222
24017
9546
-9854
-24412
-26779
-15730
3199
20526
27569
20801
3612
-15386
-26677
-24603
-10203
9308
24156
26902
16172
-2661
-20160
-27560
-21153
-4148
14934
26535
24842
10704
-8796
-23890
-27016
-16607
2122
19787
27540
21496
4683
-14476
-26383
-25072
-11201
8282
23615
27118
17036
-1581
-19406
-27509
-21830
-5215
14013
26221
25293
11693
-7764
-23332
-27211
-17458
1041
19018
27468
22157
5746
-13544
-26048
-25503
-12181
7243
23039
27293
17874
-500
-18623
-27416
-22475
-6274
13070
25866
25704
12665
-6719
-22737
-27364
-18282
-42
18220
27354
22784
6800
-12591
-25674
-25895
-13143
6193
22426
27425
18684
583
-17810
-27281
-23084
-7323
12107
25471
26075
13616
-5664
-22107
-27475
-19078
-1124
17393
27197
23376
7844
-11618
-25259
-26246
-14084
5133
21779
27515
19465
1665
-16970
-27103
-23658
-8361
11125
25038
26407
14547
-4601
-21443
-27544
-19845
-2205
16540
26999
23932
8875
-10627
-24806
-26557
-15004
4066
21099
27562
20217
2744
-16104
-26884
-24196
-9386
10126
24565
26698
15455
-3530
-20747
-27570
-20581
-3282
15662
26759
24451
9893
-9621
-24315
-26828
-15901
2992
20386
27567
20937
3819
-15213
-26623
-24696
-10397
9111
24055
26947
16340
-2454
-20018
-27553
-21285
-4354
14759
26478
24932
10896
-8599
-23786
-27056
-16773
1914
19642
27529
21587
4735
-14636
-26907
-26047
-12626
6473
21507
24765
14434
-4485
-22672
-31157
-25805
-9381
9833
22156
21375
7882
-11564
-27220
-31243
-21619
-3167
14867
23449
18280
1949
-17362
-29979
-29581
-16368
3042
18924
23321
14032
-4291
-22469
-31393
-26595
-10477
8886
21793
21778
8849
-10517
-26618
-31389
-22399
-4098
14400
23913
19789
4236
-14795
-27597
-27575
-14560
5101
21719
27108
18684
753
-17651
-27250
-23197
-7524
11919
25391
26142
13797
-5460
-21982
-27491
-19228
-1332
17231
27162
23486
8043
-11429
-25175
-26309
-14263
4929
21651
27527
19612
1872
-16806
-27064
-23764
-8559
10934
24950
26466
14723
-4395
-21312
-27552
-19989
-2412
16373
26956
24034
9072
-10435
-24714
-26613
-15178
3860
20964
27566
20358
2951
-15935
-26837
-24295
-9582
9932
24470
26749
15627
-3323
-20609
-27570
-20719
-3488
15490
26708
24546
10087
-9425
-24216
-26875
-16070
2785
20245
27563
21072
4025
-15039
-26569
-24788
-10589
8915
23952
26990
16507
-2246
-19874
-27545
-21417
-4559
14582
26419
25020
11087
-8401
-23680
-27096
-16937
1706
19495
27517
21754
5092
-14120
-26259
-25243
-11580
7884
23398
27190
17361
-1166
-19108
-27478
-22082
-5623
13653
26089
25455
12069
-7363
-23107
-27275
-17778
625
18715
27429
22402
6152
-13180
-25909
-25658
-12554
6840
22807
27348
18189
-83
-18313
-27369
-22713
-6679
12702
25719
25851
13033
-6315
-22499
-27412
-18592
-458
17905
27298
23016
7203
-12219
-25519
-26035
-13508
5786
22182
27464
18988
999
-17490
-27217
-23309
-7724
11731
25309
26208
13977
-5256
-21856
-27506
-19377
-1540
17068
27126
23594
8242
-11239
-25090
-26371
-14441
4724
21522
27538
19758
2080
-16640
-27024
-23869
-8757
10743
24860
26562
15051
-3852
-20593
-26670
-18897
-1010
18205
29302
26901
12380
-6828
-20959
-22818
-11390
7654
24829
31569
24498
7158
-11764
-22789
-20393
-5776
13738
28373
30798
19798
884
-16470
-23568
-16856
305
19317
30656
28640
14281
-5229
-20116
-22920
-12239
6578
24103
31557
25206
8231
-10864
-22512
-20917
-6933
12380
27263
30143
19439
352
-17729
-25926
-20313
-3876
14991
26696
25259
11316
-8202
-23572
-27133
-17101
1498
19347
27503
21881
5297
-13941
-26195
-25326
-11769
7684
23287
27224
17522
-958
-18958
-27461
-22206
-5827
13471
26021
25535
12256
-7162
-22993
-27304
-17937
416
18561
27407
22523
6355
-12996
-25837
-25734
-12739
6638
22690
27374
18345
125
-18157
-27343
-22831
-6881
12517
25643
25923
13216
-6112
-22378
-27433
-18745
-666
17746
27269
23130
7403
-12032
-25439
-26102
-13689
5583
22057
27482
19138
1207
-17329
-27183
-23420
-7923
11542
25226
26272
14156
-5052
-21728
-27520
-19524
-1748
16904
27088
23701
8440
-11049
-25003
-26431
-14618
4518
21391
27547
19903
2288
-16474
-26982
-23973
-8954
10551
24770
26580
15074
-3984
-21045
-27564
-20274
-2827
16036
26865
24236
9464
-10048
-24527
-26718
-15524
3447
20692
27570
20636
3365
-15593
-26739
-24489
-9971
9542
24275
26847
15969
-2909
-20330
-27565
-20991
-3901
15144
26602
24733
10474
-9033
-24014
-26965
-16407
2371
19960
27550
21338
4436
-14688
-26454
-24967
-10972
8520
23743
27072
16839
-1831
-19583
-27525
-21677
-4970
14227
26297
25192
11467
-8003
-23464
-27169
-17264
1290
19198
27488
22007
5501
-13761
-26129
-25407
-11957
7484
23175
27256
17683
-749
-18806
-27441
-22329
-6030
13289
25951
25612
12442
-6961
-22877
-27332
-18095
208
18407
27345
22490
6220
-13398
-26652
-27042
-14533
4436
20181
24633
15388
-3081
-21663
-31163
-26908
-11082
8331
21566
21993
9399
-9909
-26256
-31453
-22897
-4874
13587
23237
19242
3604
-15844
-29358
-30169
-17869
1379
17932
23498
15288
-2585
-21166
-31148
-27529
-12123
7353
21141
22334
10334
-8847
-25600
-31493
-23519
-5618
13325
23937
21041
6248
-12858
-26524
-27724
-15683
3727
20922
27403
20008
2495
-16306
-26938
-24075
-9151
10358
24677
26634
15248
-3777
-20910
-27567
-20414
-3034
15867
26818
24334
9660
-9854
-24431
-26769
-15696
3241
20553
27569
20774
3571
-15421
-26687
-24584
-10165
9347
24176
26893
16138
-2702
-20189
-27561
-21126
-4107
14969
26546
24824
10666
-8836
-23911
-27007
-16574
2163
19816
27542
21470
4642
-14512
-26395
-25055
-11163
8321
23637
27111
17003
-1623
-19436
-27512
-21805
-5174
14049
26233
25276
11656
-7804
-23354
-27204
-17426
1082
19048
27471
22132
5705
-13580
-26062
-25487
-12144
7283
23061
27287
17842
-541
-18653
-27420
-22451
-6233
13106
25880
25689
12628
-6760
-22760
-27359
-18251
0
18251
27359
22760
6760
-12628
-25689
-25880
-13106
6233
22451
27420
18653
541
-17842
-27287
-23061
-7283
12144
25487
26062
13580
-5705
-22132
-27471
-19048
-1082
17426
27204
23354
7804
-11656
-25276
-26233
-14049
5174
21805
27512
19436
1623
-17003
-27111
-23637
-8321
11163
25055
26395
14512
-4642
-21470
-27542
-19816
-2163
16574
27007
23911
8836
-10666
-24824
-26546
-14969
4107
21126
27561
20189
2702
-16138
-26893
-24176
-9347
10165
24584
26687
15421
-3571
-20774
-27569
-20553
-3241
15696
26769
24431
9854
-9660
-24334
-26818
-15867
3034
20414
27567
20910
3777
-15248
-26634
-24677
-10358
9151
24037
26786
15969
-3081
-20935
-28789
-22869
-6313
12404
23724
21803
7443
-12301
-27654
-31010
-20739
-2045
15671
23531
17600
847
-18334
-30334
-29141
-15353
4123
19529
23148
13166
-5415
-23288
-31498
-25932
-9379
9869
22169
21358
7844
-11604
-27242
-31237
-21587
-3126
14897
23453
18256
1909
-17399
-29955
-29414
-15994
3668
19836
24550
15610
-2333
-20109
-28633
-23460
-7022
12586
25656
25725
12812
-6557
-22642
-27384
-18407
-208
18095
27332
22877
6961
-12442
-25612
-25951
-13289
6030
22329
27441
18806
749
-17683
-27256
-23175
-7484
11957
25407
26129
13761
-5501
-22007
-27488
-19198
-1290
17264
27169
23464
8003
-11467
-25192
-26297
-14227
4970
21677
27525
19583
1831
-16839
-27072
-23743
-8520
10972
24967
26454
14688
-4436
-21338
-27550
-19960
-2371
16407
26965
24014
9033
-10474
-24733
-26602
-15144
3901
20991
27565
20330
2909
-15969
-26847
-24275
-9542
9971
24489
26739
15593
-3365
-20636
-27570
-20692
-3447
15524
26718
24527
10048
-9464
-24236
-26865
-16036
2827
20274
27564
21045
3984
-15074
-26580
-24770
-10551
8954
23973
26982
16474
-2288
-19903
-27547
-21391
-4518
14618
26431
25003
11049
-8440
-23701
-27088
-16904
1748
19524
27520
21728
5052
-14156
-26272
-25226
-11542
7923
23420
27183
17329
-1207
-19138
-27482
-22057
-5583
13689
26102
25439
12032
-7403
-23130
-27269
-17746
666
18745
27433
22378
6112
-13216
-25923
-25643
-12517
6881
22831
27343
18157
-125
-18345
-27374
-22690
-6638
12739
25734
25837
12996
-6355
-22523
-27407
-18561
-416
17937
27304
22993
7162
-12256
-25535
-26021
-13471
5827
22206
27461
18958
958
-17522
-27224
-23287
-7684
11769
25326
26195
13941
-5297
-21881
-27503
-19347
-1498
17063
26981
23235
7616
-12166
-26341
-27968
-16405
2375
18782
24425
16315
-1624
-20521
-30994
-27849
-12717
6781
20878
22512
10864
-8231
-25206
-31557
-24103
-6578
12239
22920
20116
5229
-14281
-28640
-30656
-19317
-305
16856
23568
16470
-884
-19798
-30798
-28373
-13738
5776
20393
22789
11764
-7158
-24459
-31417
-24492
-7068
12241
23901
22231
8242
-10878
-25370
-27800
-16791
2282
19980
27520
21179
4189
-14899
-26524
-24860
-10743
8757
23869
27024
16640
-2080
-19758
-27538
-21522
-4724
14441
26371
25090
11239
-8242
-23594
-27126
-17068
1540
19377
27506
21856
5256
-13977
-26208
-25309
-11731
7724
23309
27217
17490
-999
-18988
-27464
-22182
-5786
13508
26035
25519
12219
-7203
-23016
-27298
-17905
458
18592
27412
22499
6315
-13033
-25851
-25719
-12702
6679
22713
27369
18313
83
-18189
-27348
-22807
-6840
12554
25658
25909
13180
-6152
-22402
-27429
-18715
-625
17778
27275
23107
7363
-12069
-25455
-26089
-13653
5623
22082
27478
19108
1166
-17361
-27190
-23398
-7884
11580
25243
26259
14120
-5092
-21754
-27517
-19495
-1706
16937
27096
23680
8401
-11087
-25020
-26419
-14582
4559
21417
27545
19874
2246
-16507
-26990
-23952
-8915
10589
24788
26569
15039
-4025
-21072
-27563
-20245
-2785
16070
26875
24216
9425
-10087
-24546
-26708
-15490
3488
20719
27570
20609
3323
-15627
-26749
-24470
-9932
9582
24295
26837
15935
-2951
-20358
-27566
-20964
-3860
15178
26613
24714
10435
-9072
-24034
-26956
-16373
2412
19989
27552
21312
4395
-14723
-26466
-24950
-10934
8559
23764
27064
16806
-1872
-19612
-27527
-21651
-4929
14263
26309
25175
11429
-8043
-23486
-27162
-17231
1332
19228
27491
21982
5460
-13797
-26142
-25391
-11919
7562
23350
27587
18236
98
-17602
-25835
-20305
-3600
16091
29077
29011
16068
-3154
-18939
-23327
-14063
4250
22438
31389
26618
10517
-8849
-21778
-21793
-8886
10477
26595
31393
22469
4291
-14032
-23321
-18924
-3042
16368
29581
29979
17362
-1949
-18280
-23449
-14867
3167
21619
31243
27220
11564
-7920
-21527
-22493
-10419
8531
24722
29885
21258
2983
-15964
-26266
-22921
-7746
11543
25197
26322
14299
-4888
-21625
-27529
-19642
-1914
16773
27056
23786
8599
-10896
-24932
-26478
-14759
4354
21285
27553
20018
2454
-16340
-26947
-24055
-9111
10397
24696
26623
15213
-3819
-20937
-27567
-20386
-2992
15901
26828
24315
9621
-9893
-24451
-26759
-15662
3282
20581
27570
20747
3530
-15455
-26698
-24565
-10126
9386
24196
26884
16104
-2744
-20217
-27562
-21099
-4066
15004
26557
24806
10627
-8875
-23932
-26999
-16540
2205
19845
27544
21443
4601
-14547
-26407
-25038
-11125
8361
23658
27103
16970
-1665
-19465
-27515
-21779
-5133
14084
26246
25259
11618
-7844
-23376
-27197
-17393
1124
19078
27475
22107
5664
-13616
-26075
-25471
-12107
7323
23084
27281
17810
-583
-18684
-27425
-22426
-6193
13143
25895
25674
12591
-6800
-22784
-27354
-18220
42
18282
27364
22737
6719
-12665
-25704
-25866
-13070
6274
22475
27416
18623
500
-17874
-27293
-23039
-7243
12181
25503
26048
13544
-5746
-22157
-27468
-19018
-1041
17458
27211
23332
7764
-11693
-25293
-26221
-14013
5215
21830
27509
19406
1581
-17036
-27118
-23615
-8282
11201
25072
26383
14476
-4683
-21496
-27540
-19787
-2122
16607
27016
23890
8796
-10704
-24842
-26535
-14934
4148
21153
27560
20160
2661
-16172
-26902
-24156
-9308
10203
24603
26677
15386
-3612
-20801
-27569
-20526
-3238
15578
26442
23826
8927
-10933
-25964
-28808
-18223
310
17331
24154
17220
-112
-19244
-30645
-28659
-14319
5190
20095
22929
12273
-6537
-24075
-31556
-25232
-8272
10829
22501
20896
6819
-12678
-27828
-31040
-20706
-2003
15700
23534
17574
806
-18370
-30346
-29124
-15315
4162
19551
23141
13134
-5418
-23165
-31163
-25321
-8449
11140
23792
23342
10197
-8878
-24154
-27816
-17892
764
18889
27457
22231
5868
-13435
-26007
-25550
-12293
7122
22970
27310
17969
-375
-18530
-27403
-22547
-6396
12960
25822
25749
12776
-6598
-22666
-27379
-18376
-167
18126
27338
22854
6921
-12479
-25628
-25937
-13253
6071
22353
27437
18776
708
-17715
-27262
-23152
-7444
11994
25423
26116
13725
-5542
-22032
-27485
-19168
-1249
17296
27176
23442
7963
-11505
-25209
-26284
-14192
5011
21703
27522
19554
1789
-16872
-27080
-23722
-8480
11010
24985
26443
14653
-4477
-21365
-27549
-19932
-2329
16440
26973
23993
8993
-10512
-24751
-26591
-15109
3942
21018
27565
20302
2868
-16002
-26856
-24255
-9503
10010
24508
26729
15559
-3406
-20664
-27570
-20664
-3406
15559
26729
24508
10010
-9503
-24255
-26856
-16002
2868
20302
27565
21018
3942
-15109
-26591
-24751
-10512
8993
23993
26973
16440
-2329
-19932
-27549
-21365
-4477
14653
26443
24985
11010
-8480
-23722
-27080
-16872
1789
19554
27522
21703
5011
-14192
-26284
-25209
-11505
7963
23442
27176
17296
-1249
-19168
-27485
-22032
-5542
13725
26116
25423
11994
-7444
-23152
-27262
-17715
708
18776
27437
22353
6071
-13253
-25937
-25628
-12479
6921
22854
27338
18126
-167
-18376
-27379
-22666
-6598
12776
25749
25822
12960
-6396
-22547
-27403
-18530
-375
17969
27310
22970
7122
-12293
-25550
-26007
-13397
6020
22568
28043
19816
2151
-15945
-25231
-20875
-4878
14918
28756
29845
17753
-1376
-17907
-23501
-15317
2543
21134
31141
27551
12162
-7315
-21124
-22346
-10370
8806
25574
31534
23700
5997
-12706
-23040
-19828
-4678
14819
28896
30501
18829
-272
-17232
-23556
-16075
1463
20273
30929
28095
13152
-6472
-20996
-23231
-12171
6502
23273
29568
22052
4310
-14944
-26222
-24017
-9546
9854
24412
26779
15730
-3199
-20526
-27569
-20801
-3612
15386
26677
24603
10203
-9308
-24156
-26902
-16172
2661
20160
27560
21153
4148
-14934
-26535
-24842
-10704
8796
23890
27016
16607
-2122
-19787
-27540
-21496
-4683
14476
26383
25072
11201
-8282
-23615
-27118
-17036
1581
19406
27509
21830
5215
-14013
-26221
-25293
-11693
7764
23332
27211
17458
-1041
-19018
-27468
-22157
-5746
13544
26048
25503
12181
-7243
-23039
-27293
-17874
500
18623
27416
22475
6274
-13070
-25866
-25704
-12665
6719
22737
27364
18282
42
-18220
-27354
-22784
-6800
12591
25674
25895
13143
-6193
-22426
-27425
-18684
-583
17810
27281
23084
7323
-12107
-25471
-26075
-13616
5664
22107
27475
19078
1124
-17393
-27197
-23376
-7844
11618
25259
26246
14084
-5133
-21779
-27515
-19465
-1665
16970
27103
23658
8361
-11125
-25038
-26407
-14547
4601
21443
27544
19845
2205
-16540
-26999
-23932
-8875
10627
24806
26557
15004
-4066
-21099
-27562
-20217
-2744
16104
26884
24196
9386
-10126
-24565
-26698
-15455
3530
20747
27570
20581
3282
-15662
-26759
-24451
-9893
9621
24315
26828
15901
-2992
-20386
-27567
-20937
-3819
15213
26623
24696
10397
-9111
-24055
-26947
-16340
2454
20018
27553
21285
4354
-14759
-26478
-24932
-10896
8599
23786
27056
16773
-1914
-19642
-27529
-21587
-4735
14636
26907
26047
12626
-6473
-21507
-24765
-14434
4485
22672
31157
25805
9381
-9833
-22156
-21375
-7882
11564
27220
31243
21619
3167
-14867
-23449
-18280
-1949
17362
29979
29581
16368
-3042
-18924
-23321
-14032
4291
22469
31393
26595
10477
-8886
-21793
-21778
-8849
10517
26618
31389
22399
4098
-14400
-23913
-19789
-4236
14795
27597
27575
14560
-5101
-21719
-27108
-18684
-753
17651
27250
23197
7524
-11919
-25391
-26142
-13797
5460
21982
27491
19228
1332
-17231
-27162
-23486
-8043
11429
25175
26309
14263
-4929
-21651
-27527
-19612
-1872
16806
27064
23764
8559
-10934
-24950
-26466
-14723
4395
21312
27552
19989
2412
-16373
-26956
-24034
-9072
10435
24714
26613
15178
-3860
-20964
-27566
-20358
-2951
15935
26837
24295
9582
-9932
-24470
-26749
-15627
3323
20609
27570
20719
3488
-15490
-26708
-24546
-10087
9425
24216
26875
16070
-2785
-20245
-27563
-21072
-4025
15039
26569
24788
10589
-8915
-23952
-26990
-16507
2246
19874
27545
21417
4559
-14582
-26419
-25020
-11087
8401
23680
27096
16937
-1706
-19495
-27517
-21754
-5092
14120
26259
25243
11580
-7884
-23398
-27190
-17361
1166
19108
27478
22082
5623
-13653
-26089
-25455
-12069
7363
23107
27275
17778
-625
-18715
-27429
-22402
-6152
13180
25909
25658
12554
-6840
-22807
-27348
-18189
83
18313
27369
22713
6679
-12702
-25719
-25851
-13033
6315
22499
27412
18592
458
-17905
-27298
-23016
-7203
12219
25519
26035
13508
-5786
-22182
-27464
-18988
-999
17490
27217
23309
7724
-11731
-25309
-26208
-13977
5256
21856
27506
19377
1540
-17068
-27126
-23594
-8242
11239
25090
26371
14441
-4724
-21522
-27538
-19758
-2080
16640
27024
23869
8757
-10743
-24860
-26485
-14747
4527
21765
28448
21366
4229
-14205
-24521
-21370
-6157
13656
28284
30514
19313
346
-16829
-23569
-16498
842
19764
30789
28393
13776
-5738
-20373
-22798
-11798
7116
24470
31568
24856
7695
-11317
-22656
-20640
-6281
13229
28116
30920
20239
1422
-16103
-23557
-17206
-231
18864
30512
28840
14629
-5054
-20434
-23921
-13908
4429
21729
29146
22782
5654
-13819
-26021
-24955
-11239
8202
23572
27133
17101
-1498
-19347
-27503
-21881
-5297
13941
26195
25326
11769
-7684
-23287
-27224
-17522
958
18958
27461
22206
5827
-13471
-26021
-25535
-12256
7162
22993
27304
17937
-416
-18561
-27407
-22523
-6355
12996
25837
25734
12739
-6638
-22690
-27374
-18345
-125
18157
27343
22831
6881
-12517
-25643
-25923
-13216
6112
22378
27433
18745
666
-17746
-27269
-23130
-7403
12032
25439
26102
13689
-5583
-22057
-27482
-19138
-1207
17329
27183
23420
7923
-11542
-25226
-26272
-14156
5052
21728
27520
19524
1748
-16904
-27088
-23701
-8440
11049
25003
26431
14618
-4518
-21391
-27547
-19903
-2288
16474
26982
23973
8954
-10551
-24770
-26580
-15074
3984
21045
27564
20274
2827
-16036
-26865
-24236
-9464
10048
24527
26718
15524
-3447
-20692
-27570
-20636
-3365
15593
26739
24489
9971
-9542
-24275
-26847
-15969
2909
20330
27565
20991
3901
-15144
-26602
-24733
-10474
9033
24014
26965
16407
-2371
-19960
-27550
-21338
-4436
14688
26454
24967
10972
-8520
-23743
-27072
-16839
1831
19583
27525
21677
4970
-14227
-26297
-25192
-11467
8003
23464
27169
17264
-1290
-19198
-27488
-22007
-5501
13761
26129
25407
11957
-7484
-23175
-27256
-17683
749
18806
27441
22329
6030
-13289
-25951
-25612
-12442
6961
22877
27332
18095
-208
-18407
-27422
-22794
-6895
12227
24875
24573
11313
-8436
-24961
-30163
-21611
-3747
14337
23468
18985
3082
-16331
-29566
-29993
-17399
1909
18256
23453
14897
-3126
-21587
-31237
-27242
-11604
7844
21358
22169
9869
-9379
-25932
-31498
-23288
-5415
13166
23148
19529
4123
-15353
-29141
-30334
-18334
847
17600
23570
15823
-1707
-20154
-30159
-26572
-11028
8858
23304
25255
13905
-4899
-21596
-27707
-20085
-2495
16306
26938
24075
9151
-10358
-24677
-26634
-15248
3777
20910
27567
20414
3034
-15867
-26818
-24334
-9660
9854
24431
26769
15696
-3241
-20553
-27569
-20774
-3571
15421
26687
24584
10165
-9347
-24176
-26893
-16138
2702
20189
27561
21126
4107
-14969
-26546
-24824
-10666
8836
23911
27007
16574
-2163
-19816
-27542
-21470
-4642
14512
26395
25055
11163
-8321
-23637
-27111
-17003
1623
19436
27512
21805
5174
-14049
-26233
-25276
-11656
7804
23354
27204
17426
-1082
-19048
-27471
-22132
-5705
13580
26062
25487
12144
-7283
-23061
-27287
-17842
541
18653
27420
22451
6233
-13106
-25880
-25689
-12628
6760
22760
27359
18251
0
-18251
-27359
-22760
-6760
12628
25689
25880
13106
-6233
-22451
-27420
-18653
-541
17842
27287
23061
7283
-12144
-25487
-26062
-13580
5705
22132
27471
19048
1082
-17426
-27204
-23354
-7804
11656
25276
26233
14049
-5174
-21805
-27512
-19436
-1623
17003
27111
23637
8321
-11163
-25055
-26395
-14512
4642
21470
27542
19816
2163
-16574
-27007
-23911
-8836
10666
24824
26546
14969
-4107
-21126
-27561
-20189
-2702
16138
26893
24176
9347
-10165
-24584
-26687
-15421
3571
20774
27569
20553
3241
-15696
-26769
-24431
-9854
9660
24334
26818
15867
-3034
-20414
-27567
-20910
-3777
15248
26634
24677
10358
-9151
-24037
-26786
-15969
3081
20935
28789
22869
6313
-12404
-23724
-21803
-7443
12301
27654
31010
20739
2045
-15671
-23531
-17600
-847
18334
30334
29141
15353
-4123
-19529
-23148
-13166
5415
23288
31498
25932
9379
-9869
-22169
-21358
-7844
11604
27242
31237
21587
3126
-14897
-23453
-18256
-1909
17399
29955
29414
15994
-3668
-19836
-24550
-15610
2333
20109
28633
23460
7022
-12586
-25656
-25725
-12812
6557
22642
27384
18407
208
-18095
-27332
-22877
-6961
12442
25612
25951
13289
-6030
-22329
-27441
-18806
-749
17683
27256
23175
7484
-11957
-25407
-26129
-13761
5501
22007
27488
19198
1290
-17264
-27169
-23464
-8003
11467
25192
26297
14227
-4970
-21677
-27525
-19583
-1831
16839
27072
23743
8520
-10972
-24967
-26454
-14688
4436
21338
27550
19960
2371
-16407
-26965
-24014
-9033
10474
24733
26602
15144
-3901
-20991
-27565
-20330
-2909
15969
26847
24275
9542
-9971
-24489
-26739
-15593
3365
20636
27570
20692
3447
-15524
-26718
-24527
-10048
9464
24236
26865
16036
-2827
-20274
-27564
-21045
-3984
15074
26580
24770
10551
-8954
-23973
-26982
-16474
2288
19903
27547
21391
4518
-14618
-26431
-25003
-11049
8440
23701
27088
16904
-1748
-19524
-27520
-21728
-5052
14156
26272
25226
11542
-7923
-23420
-27183
-17329
1207
19138
27482
22057
5583
-13689
-26102
-25439
-12032
7403
23130
27269
17746
-666
-18745
-27433
-22378
-6112
13216
25923
25643
12517
-6881
-22831
-27343
-18157
125
18345
27374
22690
6638
-12739
-25734
-25837
-12996
6355
22523
27407
18561
416
-17937
-27304
-22993
-7162
12256
25535
26021
13471
-5827
-22206
-27461
-18958
-958
17522
27224
23287
7684
-11769
-25326
-26195
-13941
5297
21881
27503
19347
1498
-17063
-26981
-23235
-7616
12166
26341
27968
16405
-2375
-18782
-24425
-16315
1624
20521
30994
27849
12717
-6781
-20878
-22512
-10864
8231
25206
31557
24103
6578
-12239
-22920
-20116
-5229
14281
28640
30656
19317
305
-16856
-23568
-16470
884
19798
30798
28373
13738
-5776
-20393
-22789
-11764
7158
24459
31417
24492
7068
-12241
-23901
-22231
-8242
10878
25370
27800
16791
-2282
-19980
-27520
-21179
-4189
14899
26524
24860
10743
-8757
-23869
-27024
-16640
2080
19758
27538
21522
4724
-14441
-26371
-25090
-11239
8242
23594
27126
17068
-1540
-19377
-27506
-21856
-5256
13977
26208
25309
11731
-7724
-23309
-27217
-17490
999
18988
27464
22182
5786
-13508
-26035
-25519
-12219
7203
23016
27298
17905
-458
-18592
-27412
-22499
-6315
13033
25851
25719
12702
-6679
-22713
-27369
-18313
-83
18189
27348
22807
6840
-12554
-25658
-25909
-13180
6152
22402
27429
18715
625
-17778
-27275
-23107
-7363
12069
25455
26089
13653
-5623
-22082
-27478
-19108
-1166
17361
27190
23398
7884
-11580
-25243
-26259
-14120
5092
21754
27517
19495
1706
-16937
-27096
-23680
-8401
11087
25020
26419
14582
-4559
-21417
-27545
-19874
-2246
16507
26990
23952
8915
-10589
-24788
-26569
-15039
4025
21072
27563
20245
2785
-16070
-26875
-24216
-9425
10087
24546
26708
15490
-3488
-20719
-27570
-20609
-3323
15627
26749
24470
9932
-9582
-24295
-26837
-15935
2951
20358
27566
20964
3860
-15178
-26613
-24714
-10435
9072
24034
26956
16373
-2412
-19989
-27552
-21312
-4395
14723
26466
24950
10934
-8559
-23764
-27064
-16806
1872
19612
27527
21651
4929
-14263
-26309
-25175
-11429
8043
23486
27162
17231
-1332
-19228
-27491
-21982
-5460
13797
26142
25391
11919
-7562
-23350
-27587
-18236
-98
17602
25835
20305
3600
-16091
-29077
-29011
-16068
3154
18939
23327
14063
-4250
-22438
-31389
-26618
-10517
8849
21778
21793
8886
-10477
-26595
-31393
-22469
-4291
14032
23321
18924
3042
-16368
-29581
-29979
-17362
1949
18280
23449
14867
-3167
-21619
-31243
-27220
-11564
7920
21527
22493
10419
-8531
-24722
-29885
-21258
-2983
15964
26266
22921
7746
-11543
-25197
-26322
-14299
4888
21625
27529
19642
1914
-16773
-27056
-23786
-8599
10896
24932
26478
14759
-4354
-21285
-27553
-20018
-2454
16340
26947
24055
9111
-10397
-24696
-26623
-15213
3819
20937
27567
20386
2992
-15901
-26828
-24315
-9621
9893
24451
26759
15662
-3282
-20581
-27570
-20747
-3530
15455
26698
24565
10126
-9386
-24196
-26884
-16104
2744
20217
27562
21099
4066
-15004
-26557
-24806
-10627
8875
23932
26999
16540
-2205
-19845
-27544
-21443
-4601
14547
26407
25038
11125
-8361
-23658
-27103
-16970
1665
19465
27515
21779
5133
-14084
-26246
-25259
-11618
7844
23376
27197
17393
-1124
-19078
-27475
-22107
-5664
13616
26075
25471
12107
-7323
-23084
-27281
-17810
583
18684
27425
22426
6193
-13143
-25895
-25674
-12591
6800
22784
27354
18220
-42
-18282
-27364
-22737
-6719
12665
25704
25866
13070
-6274
-22475
-27416
-18623
-500
17874
27293
23039
7243
-12181
-25503
-26048
-13544
5746
22157
27468
19018
1041
-17458
-27211
-23332
-7764
11693
25293
26221
14013
-5215
-21830
-27509
-19406
-1581
17036
27118
23615
8282
-11201
-25072
-26383
-14476
4683
21496
27540
19787
2122
-16607
-27016
-23890
-8796
10704
24842
26535
14934
-4148
-21153
-27560
-20160
-2661
16172
26902
24156
9308
-10203
-24603
-26677
-15386
3612
20801
27569
20526
3161
-15882
-27116
-24998
-10704
8464
22744
24808
13442
-5840
-23553
-30982
-24546
-7584
11321
22645
20659
6319
-13190
-28095
-30929
-20273
-1463
16075
23556
17232
272
-18829
-30501
-28896
-14819
4678
19828
23040
12706
-5997
-23700
-31534
-25574
-8806
10370
22346
21124
7315
-12162
-27551
-31141
-21134
-2505
15470
23838
18492
2227
-16670
-28572
-27342
-13416
6409
22376
26645
17217
-1068
-18966
-27457
-22231
-5868
13435
26007
25550
12293
-7122
-22970
-27310
-17969
375
18530
27403
22547
6396
-12960
-25822
-25749
-12776
6598
22666
27379
18376
167
-18126
-27338
-22854
-6921
12479
25628
25937
13253
-6071
-22353
-27437
-18776
-708
17715
27262
23152
7444
-11994
-25423
-26116
-13725
5542
22032
27485
19168
1249
-17296
-27176
-23442
-7963
11505
25209
26284
14192
-5011
-21703
-27522
-19554
-1789
16872
27080
23722
8480
-11010
-24985
-26443
-14653
4477
21365
27549
19932
2329
-16440
-26973
-23993
-8993
10512
24751
26591
15109
-3942
-21018
-27565
-20302
-2868
16002
26856
24255
9503
-10010
-24508
-26729
-15559
3406
20664
27570
20664
3406
-15559
-26729
-24508
-10010
9503
24255
26856
16002
-2868
-20302
-27565
-21018
-3942
15109
26591
24751
10512
-8993
-23993
-26973
-16440
2329
19932
27549
21365
4477
-14653
-26443
-24985
-11010
8480
23722
27080
16872
-1789
-19554
-27522
-21703
-5011
14192
26284
25209
11505
-7963
-23442
-27176
-17296
1249
19168
27485
22032
5542
-13725
-26116
-25423
-11994
7444
23152
27262
17715
-708
-18776
-27437
-22353
-6071
13253
25937
25628
12479
-6921
-22854
-27338
-18126
167
18376
27379
22666
6598
-12776
-25749
-25822
-12960
6396
22547
27403
18530
375
-17969
-27310
-22970
-7122
12293
25550
26007
13473
-5716
-21894
-26871
-18039
319
19164
29231
25655
10409
-8695
-21928
-22519
-10057
9299
25907
31501
23317
5457
-13134
-23141
-19551
-4162
15315
29124
30346
18370
-806
-17574
-23534
-15700
2003
20706
31040
27828
12678
-6819
-20896
-22501
-10829
8272
25232
31556
24075
6537
-12273
-22929
-20095
-5228
14167
28322
30059
18394
-971
-18493
-25568
-18832
-1840
16721
27394
24691
9851
-9777
-24412
-26779
-15730
3199
20526
27569
20801
3612
-15386
-26677
-24603
-10203
9308
24156
26902
16172
-2661
-20160
-27560
-21153
-4148
14934
26535
24842
10704
-8796
-23890
-27016
-16607
2122
19787
27540
21496
4683
-14476
-26383
-25072
-11201
8282
23615
27118
17036
-1581
-19406
-27509
-21830
-5215
14013
26221
25293
11693
-7764
-23332
-27211
-17458
1041
19018
27468
22157
5746
-13544
-26048
-25503
-12181
7243
23039
27293
17874
-500
-18623
-27416
-22475
-6274
13070
25866
25704
12665
-6719
-22737
-27364
-18282
-42
18220
27354
22784
6800
-12591
-25674
-25895
-13143
6193
22426
27425
18684
583
-17810
-27281
-23084
-7323
12107
25471
26075
13616
-5664
-22107
-27475
-19078
-1124
17393
27197
23376
7844
-11618
-25259
-26246
-14084
5133
21779
27515
19465
1665
-16970
-27103
-23658
-8361
11125
25038
26407
14547
-4601
-21443
-27544
-19845
-2205
16540
26999
23932
8875
-10627
-24806
-26557
-15004
4066
21099
27562
20217
2744
-16104
-26884
-24196
-9386
10126
24565
26698
15455
-3530
-20747
-27570
-20581
-3282
15662
26759
24451
9893
-9621
-24315
-26828
-15901
2992
20386
27567
20937
3819
-15213
-26623
-24696
-10397
9111
24055
26947
16340
-2454
-20018
-27553
-21285
-4354
14759
26478
24932
10896
-8599
-23786
-27056
-16773
1914
19642
27529
21587
4735
-14636
-26907
-26047
-12626
6473
21507
24765
14434
-4485
-22672
-31157
-25805
-9381
9833
22156
21375
7882
-11564
-27220
-31243
-21619
-3167
14867
23449
18280
1949
-17362
-29979
-29581
-16368
3042
18924
23321
14032
-4291
-22469
-31393
-26595
-10477
8886
21793
21778
8849
-10517
-26618
-31389
-22399
-4098
14400
23913
19789
4236
-14795
-27597
-27575
-14560
5101
21719
27108
18684
753
-17651
-27250
-23197
-7524
11919
25391
26142
13797
-5460
-21982
-27491
-19228
-1332
17231
27162
23486
8043
-11429
-25175
-26309
-14263
4929
21651
27527
19612
1872
-16806
-27064
-23764
-8559
10934
24950
26466
14723
-4395
-21312
-27552
-19989
-2412
16373
26956
24034
9072
-10435
-24714
-26613
-15178
3860
20964
27566
20358
2951
-15935
-26837
-24295
-9582
9932
24470
26749
15627
-3323
-20609
-27570
-20719
-3488
15490
26708
24546
10087
-9425
-24216
-26875
-16070
2785
20245
27563
21072
4025
-15039
-26569
-24788
-10589
8915
23952
26990
16507
-2246
-19874
-27545
-21417
-4559
14582
26419
25020
11087
-8401
-23680
-27096
-16937
1706
19495
27517
21754
5092
-14120
-26259
-25243
-11580
7884
23398
27190
17361
-1166
-19108
-27478
-22082
-5623
13653
26089
25455
12069
-7363
-23107
-27275
-17778
625
18715
27429
22402
6152
-13180
-25909
-25658
-12554
6840
22807
27348
18189
-83
-18313
-27369
-22713
-6679
12702
25719
25851
13033
-6315
-22499
-27412
-18592
-458
17905
27298
23016
7203
-12219
-25519
-26035
-13508
5786
22182
27464
18988
999
-17490
-27217
-23309
-7724
11731
25309
26208
13977
-5256
-21856
-27506
-19377
-1540
17068
27126
23594
8242
-11239
-25090
-26371
-14441
4724
21522
27538
19758
2080
-16640
-27024
-23869
-8757
10743
24860
26562
15051
-3852
-20593
-26670
-18897
-1010
18205
29302
26901
12380
-6828
-20959
-22818
-11390
7654
24829
31569
24498
7158
-11764
-22789
-20393
-5776
13738
28373
30798
19798
884
-16470
-23568
-16856
305
19317
30656
28640
14281
-5229
-20116
-22920
-12239
6578
24103
31557
25206
8231
-10864
-22512
-20917
-6933
12380
27263
30143
19439
352
-17729
-25926
-20313
-3876
14991
26696
25259
11316
-8202
-23572
-27133
-17101
1498
19347
27503
21881
5297
-13941
-26195
-25326
-11769
7684
23287
27224
17522
-958
-18958
-27461
-22206
-5827
13471
26021
25535
12256
-7162
-22993
-27304
-17937
416
18561
27407
22523
6355
-12996
-25837
-25734
-12739
6638
22690
27374
18345
125
-18157
-27343
-22831
-6881
12517
25643
25923
13216
-6112
-22378
-27433
-18745
-666
17746
27269
23130
7403
-12032
-25439
-26102
-13689
5583
22057
27482
19138
1207
-17329
-27183
-23420
-7923
11542
25226
26272
14156
-5052
-21728
-27520
-19524
-1748
16904
27088
23701
8440
-11049
-25003
-26431
-14618
4518
21391
27547
19903
2288
-16474
-26982
-23973
-8954
10551
24770
26580
15074
-3984
-21045
-27564
-20274
-2827
16036
26865
24236
9464
-10048
-24527
-26718
-15524
3447
20692
27570
20636
3365
-15593
-26739
-24489
-9971
9542
24275
26847
15969
-2909
-20330
-27565
-20991
-3901
15144
26602
24733
10474
-9033
-24014
-26965
-16407
2371
19960
27550
21338
4436
-14688
-26454
-24967
-10972
8520
23743
27072
16839
-1831
-19583
-27525
-21677
-4970
14227
26297
25192
11467
-8003
-23464
-27169
-17264
1290
19198
27488
22007
5501
-13761
-26129
-25407
-11957
7484
23175
27256
17683
-749
-18806
-27441
-22329
-6030
13289
25951
25612
12442
-6961
-22877
-27332
-18095
208
18407
27422
22794
6895
-12227
-24875
-24573
-11313
8436
24961
30163
21611
3747
-14337
-23468
-18985
-3082
16331
29566
29993
17399
-1909
-18256
-23453
-14897
3126
21587
31237
27242
11604
-7844
-21358
-22169
-9869
9379
25932
31498
23288
5415
-13166
-23148
-19529
-4123
15353
29141
30334
18334
-847
-17600
-23570
-15823
1707
20154
30159
26572
11028
-8858
-23304
-25255
-13905
4899
21596
27707
20085
2495
-16306
-26938
-24075
-9151
10358
24677
26634
15248
-3777
-20910
-27567
-20414
-3034
15867
26818
24334
9660
-9854
-24431
-26769
-15696
3241
20553
27569
20774
3571
-15421
-26687
-24584
-10165
9347
24176
26893
16138
-2702
-20189
-27561
-21126
-4107
14969
26546
24824
10666
-8836
-23911
-27007
-16574
2163
19816
27542
21470
4642
-14512
-26395
-25055
-11163
8321
23637
27111
17003
-1623
-19436
-27512
-21805
-5174
14049
26233
25276
11656
-7804
-23354
-27204
-17426
1082
19048
27471
22132
5705
-13580
-26062
-25487
-12144
7283
23061
27287
17842
-541
-18653
-27420
-22451
-6233
13106
25880
25689
12628
-6760
-22760
-27359
-18251
