iteration,cycles,rotation,events_used,align_n0,offset_a_codes,offset_b_codes,gain_a_codes,gain_b_codes,gain_ratio,skew_a_ps,skew_b_ps,skew_mismatch_ps,skew_phase_ps,skew_diff_route_ps,skew_centroid_ps,skew_source,raw_a_sndr_db,raw_a_sfdr_db,raw_a_enob,raw_b_sndr_db,raw_b_sfdr_db,raw_b_enob,cal_a_sndr_db,cal_a_sfdr_db,cal_a_enob,cal_b_sndr_db,cal_b_sfdr_db,cal_b_enob,raw_difference_dbc,cal_difference_dbc,cal_dc_difference_codes,raw_sndr_db,raw_sfdr_db,raw_enob,cal_sndr_db,cal_sfdr_db,cal_enob,raw_offset_spur_dbc,raw_image_spur_dbc,cal_offset_spur_dbc,cal_image_spur_dbc,swapped,align_margin,frame_sha1,rejected,offset_error_a,offset_error_b,gain_error,skew_error_ps,skew_batch_n,offset_a_state,offset_b_state,gain_corr_a,gain_corr_b,skew_cmd_ps,skew_batch_used,skew_batch_mean_ps,skew_batch_se_ps,skew_batch_error_ps,skew_action,skew_step_codes,skew_code
0,0,0,7,8131,-58.72135416666667,-65.07552083333334,16.99545744004375,17.995220051178322,1.0588252840302483,0.0,-47.15436685726713,-47.15436685726713,-47.15436685726713,-53.36342679266397,20.95622889456058,phase,37.05860142700241,40.98763122609807,5.863555054319337,37.38710428713123,40.8066576219208,5.918123635736086,37.05860142700241,40.98763122609807,5.863555054319337,37.38710428713123,40.8066576219208,5.918123635736086,-23.438259943059162,-23.438259943059162,4.4228652352237745,37.05860142700241,40.98763122609807,5.863555054319337,37.05860142700241,40.98763122609807,5.863555054319337,nan,-23.438259943059162,nan,-23.438259943059162,False,5.7018844609629,a64fd89e737f7627,align_margin=5.7,,,,,,,,,,,,,,,,,
0,0,0,8,8056,-44.17083333333333,-47.08124999999999,9.677182841843052,9.589746459133798,0.9909646862999023,0.0,-48.078393863643434,-48.078393863643434,-48.078393863643434,-54.5200284434843,10.307376902911614,phase,34.948006528485124,38.477862074384305,5.512957895097197,35.24468599587321,38.34352223594921,5.562240198650036,34.948006528485124,38.477862074384305,5.512957895097197,35.24468599587321,38.34352223594921,5.562240198650036,-23.4185785248034,-23.4185785248034,4.121761712127494,34.948006528485124,38.477862074384305,5.512957895097197,34.948006528485124,38.477862074384305,5.512957895097197,nan,-23.4185785248034,nan,-23.4185785248034,False,6.587953929229388,fdd0d5e157bd80b8,,-44.17083333333333,-47.08124999999999,-0.009035313700097691,-48.078393863643434,1,-15.459791666666664,-16.478437499999995,0.9984188201024828,1.0015955966134584,0.0,,,,,,,
1,1020,0,7,5144,-36.18914616206046,-40.55491870550286,16.635824830911027,16.288604814771663,0.9791281755086653,0.0,-46.22740832290528,-46.22740832290528,-46.22740832290528,-53.77150774133336,-35.499092829969214,phase,36.699494464726634,40.82823619683517,5.803902735004425,36.794557320382715,41.9895295060154,5.819693907040319,36.69949446472664,40.82823619683518,5.803902735004426,36.794557320382715,41.98952950601543,5.819693907040319,-23.838723379906877,-23.623701113238873,2.4929741723204604,36.699494464726634,40.82823619683517,5.803902735004425,36.69949446472664,40.82823619683518,5.803902735004426,nan,-23.838723379906877,nan,-23.623701113238873,False,6.011825047962644,5c5e097666888f80,,-36.18914616206046,-40.55491870550286,-0.020871824491334734,-46.22740832290528,2,-28.146052083333323,-30.650046874999987,0.9947720261856285,1.0053319790449682,0.0,,,,,,,
2,2040,0,8,4191,-24.08362763591761,-26.109262147510492,16.57773517572035,17.69532592929337,1.0674151650829746,0.0,-46.384377372538644,-46.384377372538644,-46.384377372538644,-57.347279083180936,0.20597209319735027,phase,36.43675764238922,39.33949882192134,5.760258744582927,37.397360732251855,41.64188289471554,5.9198273641614385,36.436757642389225,39.339498821921346,5.760258744582928,37.39736073225184,41.641882894715536,5.919827364161436,-23.604106017171627,-22.857839534296808,1.961978186023078,36.43675764238922,39.33949882192134,5.760258744582927,36.436757642389225,39.339498821921346,5.760258744582928,nan,-23.604106017171627,nan,-22.857839534296808,False,6.371318477272155,6777459a9d6258f2,,-24.08362763591761,-26.109262147510492,0.06741516508297463,-46.384377372538644,3,-36.61962135416667,-39.739822135416645,1.0065080022495436,0.9942205023479725,0.0,,,,,,,
3,3060,0,7,6947,73.44345936825225,75.34609898137606,17.296744620799085,17.87586965721346,1.0334817359630775,0.0,-39.12273217525921,-39.12273217525921,-39.12273217525921,-39.809893748733806,-17.471972171421157,phase,37.485359533947374,41.6092304497723,5.934445105306874,37.19942372039857,41.27163322713692,5.886947461860228,37.48535953394738,41.609230449772284,5.9344451053068745,37.199423720398556,41.27163322713691,5.886947461860226,-25.434584176972763,-26.08102563162342,-0.19555213706862773,37.485359533947374,41.6092304497723,5.934445105306874,37.48535953394738,41.609230449772284,5.9344451053068745,nan,-25.434584176972763,nan,-26.08102563162342,False,6.012305621778244,90d263d02c3ce653,,73.44345936825225,75.34609898137606,0.033481735963077464,-39.12273217525921,4,-11.080618463541668,-13.215389596354154,1.0124054384053514,0.9885837893241157,0.0,,,,,,,
4,4080,0,7,1759,-47.65013408289184,-49.2718666410105,17.619080914271002,17.795977782390768,1.0100400735418886,0.0,-44.00812216672597,-44.00812216672597,-44.00812216672597,-44.21952688271516,-29.75695330472415,phase,37.05174384470098,41.16556246135587,5.862415921046675,37.44394389765831,41.145209035108394,5.927565431504703,37.05174384470097,41.16556246135585,5.862415921046674,37.44394389765831,41.14520903510837,5.927565431504703,-23.97145687952914,-25.004244506110616,0.38036553381550675,37.05174384470098,41.16556246135587,5.862415921046675,37.05174384470097,41.16556246135585,5.862415921046674,nan,-23.97145687952914,nan,-25.004244506110616,False,6.742622401211467,5b5e0589ec5c6848,,-47.65013408289184,-49.2718666410105,0.010040073541888628,-44.00812216672597,5,-27.553808251302087,-30.659690737630203,1.014184247790116,0.9868641006837856,0.0,,,,,,,
5,5100,0,8,124,38.1181740307445,40.64215081157393,14.264820314984533,14.470181171064214,1.014396315659438,0.0,-40.733653993199674,-40.733653993199674,-40.733653993199674,-41.481682175628336,-20.31385100096099,phase,36.247583759166474,40.61024302904971,5.728834511489448,36.63210052975069,39.45866767425055,5.792707729194467,36.247583759166474,40.61024302904971,5.728834511489448,36.63210052975069,39.45866767425054,5.792707729194467,-25.341774264936237,-25.63208769659909,-0.2757495051037111,36.247583759166474,40.61024302904971,5.728834511489448,36.247583759166474,40.61024302904971,5.728834511489448,nan,-25.341774264936237,nan,-25.63208769659909,False,6.065624145788085,b733fb3578d98147,,38.1181740307445,40.64215081157393,0.014396315659437997,-40.733653993199674,6,-14.399037863346356,-16.24559585445964,1.016739338189519,0.9844131244674479,0.0,,,,,,,
6,6120,0,7,7982,-27.522841202802013,-27.512529745509248,11.94167105870558,11.435094108314425,0.9575790567416562,0.0,-41.66941634145366,-41.66941634145366,-41.66941634145366,-41.90649608801623,31.018496282570688,phase,35.656934287638144,39.43688582147898,5.630719981335241,35.60025382590609,38.18022989956794,5.621304622243537,35.65693428763814,39.43688582147897,5.63071998133524,35.60025382590609,38.180229899567955,5.621304622243537,-24.51917476398899,-25.457818520197677,2.2260980995958795,35.656934287638144,39.43688582147898,5.630719981335241,35.65693428763814,39.43688582147897,5.63071998133524,nan,-24.51917476398899,nan,-25.457818520197677,False,6.533040029183297,e41783e7429a8ff6,,-27.522841202802013,-27.512529745509248,-0.04242094325834378,-41.66941634145366,7,-23.87343711117513,-26.027449805398767,1.0091914058790927,0.9920448215845841,0.0,,,,,,,
7,7140,0,7,4248,29.682841833020078,31.59182422407136,17.687267357101444,17.973090665154363,1.0161598342062805,0.0,-39.67499868325685,-39.67499868325685,-39.67499868325685,-39.694866038344955,-15.578020698243314,phase,37.40843564442484,41.625964959941946,5.921667050568911,37.39230792225684,41.873538553058424,5.918988026952964,37.40843564442483,41.62596495994193,5.921667050568909,37.39230792225684,41.8735385530584,5.918988026952964,-25.570229334071502,-26.128972661260047,0.9735059845505702,37.40843564442484,41.625964959941946,5.921667050568911,37.40843564442483,41.62596495994193,5.921667050568909,nan,-25.570229334071502,nan,-26.128972661260047,False,6.731707124911638,516259b1e7acfc88,,29.682841833020078,31.59182422407136,0.016159834206280532,-39.67499868325685,8,-13.57906224726384,-14.881644456842531,1.0120453698943392,0.9892839626351232,0.0,,,,,,,
8,8160,0,8,5371,41.42628479716848,37.377805447264265,17.017311682869185,16.725656147343102,0.9828612450097107,0.0,-42.660092157216276,-42.660092157216276,-42.660092157216276,-43.160796622445126,16.8460920113612,phase,36.995849798186754,40.35090601109478,5.853131195712086,36.804045160810624,40.47804350697574,5.821269960267546,36.995849798186754,40.35090601109479,5.853131195712086,36.804045160810624,40.47804350697574,5.821269960267546,-25.147803047180375,-25.365989177599126,1.7592157759360276,36.995849798186754,40.35090601109478,5.853131195712086,36.995849798186754,40.35090601109479,5.853131195712086,nan,-25.147803047180375,nan,-25.365989177599126,False,5.993193923896595,d69ed570d1f7200d,align_margin=6.0,,,,,,,,,,,,,,,,,
8,8160,0,7,1647,-31.473662466960135,-37.48728892927642,14.343171981986156,13.590502252499975,0.9475241787220099,0.0,-45.61352116926181,-45.61352116926181,-45.61352116926181,-46.053819445653126,-9.46143599398725,phase,36.26275333168534,39.78875421985161,5.73135437403411,36.29444048266645,39.988929498259346,5.736618020376488,36.262753331685346,39.78875421985161,5.731354374034112,36.29444048266645,39.98892949825935,5.736618020376488,-23.851086662634252,-24.900600980142347,4.068350297008576,36.26275333168534,39.78875421985161,5.73135437403411,36.262753331685346,39.78875421985161,5.731354374034112,nan,-23.851086662634252,nan,-24.900600980142347,False,8.438761482249225,93301f1efc4762bc,,-31.473662466960135,-37.48728892927642,-0.05247582127799011,-45.61352116926181,9,-24.463734210721498,-28.144318896947638,1.0027514853020756,0.9988719612074946,0.0,,,,,,,
9,9180,0,7,8111,-37.425417049468635,-36.832315068503405,15.318865657105551,15.844543338337388,1.0343157054183059,0.0,-43.503092044204315,-43.503092044204315,-43.503092044204315,-44.105281814883966,-9.145025005041092,phase,37.1228393848211,40.173884834750254,5.874225811432077,36.95898862220568,40.746989627474846,5.847008076778353,37.122839384821084,40.17388483475024,5.8742258114320745,36.95898862220568,40.74698962747486,5.847008076778353,-25.056424953747868,-25.173743517459513,-0.43923875432514947,37.1228393848211,40.173884834750254,5.874225811432077,37.122839384821084,40.17388483475024,5.8742258114320745,nan,-25.056424953747868,nan,-25.173743517459513,False,6.206150570512959,6f0fb91fc1d955ad,,-37.425417049468635,-36.832315068503405,0.034315705418305864,-43.503092044204315,10,-37.52668765363564,-41.05018749134929,1.0087732571031198,0.9930724995309754,0.0,,,,,,,
10,10200,0,7,6192,11.25215129024506,8.405613895564287,14.259194968079893,14.240588858458626,0.9986951500654196,0.0,-40.0665800312282,-40.0665800312282,-40.0665800312282,-40.621977577668574,-17.87734731066893,phase,36.19465095083049,40.181845350489105,5.720041686184468,36.124942100915746,40.282868599877546,5.708462143009261,36.1946509508305,40.181845350489134,5.720041686184469,36.12494210091575,40.282868599877574,5.708462143009262,-25.02169352088515,-25.797488059938427,0.6625536296784205,36.19465095083049,40.181845350489105,5.720041686184468,36.1946509508305,40.181845350489134,5.720041686184469,nan,-25.02169352088515,nan,-25.797488059938427,False,6.063568917451071,82f65a4152c933a3,,11.25215129024506,8.405613895564287,-0.0013048499345803544,-40.0665800312282,11,-33.62268551652983,-38.08769999437703,1.0085429050023758,0.9932995626668516,0.0,,,,,,,
11,11220,0,8,279,14.20341278728629,18.554206735308483,16.275208896106914,16.437374340676687,1.0099639547243269,0.0,-46.018756346067796,-46.018756346067796,-46.018756346067796,-46.13742866106304,-26.70828576340293,phase,36.90288437113159,40.85089859847429,5.83768843374279,36.73156724850699,40.439092116422266,5.809230439951328,36.902884371131584,40.850898598474295,5.837688433742789,36.73156724850699,40.43909211642227,5.809230439951328,-24.64180989376624,-24.782564771625033,-2.1478585134475736,36.90288437113159,40.85089859847429,5.83768843374279,36.902884371131584,40.850898598474295,5.837688433742789,nan,-24.64180989376624,nan,-24.782564771625033,False,6.69512217399834,fbc76d75bce3a517,,14.20341278728629,18.554206735308483,0.009963954724326873,-46.018756346067796,12,-28.693599752411057,-31.549921663011737,1.0103014932748982,0.991584641486579,0.0,,,,,,,
12,12240,0,8,900,44.97247202011867,42.39326444780147,19.694303562146903,19.744538682682787,1.0025507436897865,0.0,-41.26545752040599,-41.26545752040599,-41.26545752040599,-41.89699588543701,-27.70588180520843,phase,37.91708223282205,42.54443264050365,6.006159839339211,37.63200902712247,42.72054277702658,5.958805486232969,37.91708223282204,42.54443264050365,6.00615983933921,37.632009027122486,42.72054277702659,5.958805486232972,-24.558376475413475,-25.553824240417136,0.12112234477584138,37.91708223282205,42.54443264050365,6.006159839339211,37.91708223282204,42.54443264050365,6.00615983933921,nan,-24.558376475413475,nan,-25.553824240417136,False,7.298548538265672,a8716418372e72d4,,44.97247202011867,42.39326444780147,0.002550743689786472,-41.26545752040599,13,-13.113730464067189,-16.58635533095763,1.01075247180268,0.9911431439369146,0.0,,,,,,,
13,13260,0,7,848,39.723815836442704,37.21216076085801,14.179521579567021,15.025618165383264,1.0596703196979145,0.0,-47.595336916208055,-47.595336916208055,-47.595336916208055,-48.4558022521124,23.047468763381247,phase,36.07548477324565,39.71085216416704,5.700246640074028,36.772255934842455,40.41669602014028,5.815989357947252,36.07548477324565,39.71085216416703,5.700246640074028,36.772255934842455,40.41669602014028,5.815989357947252,-23.453765513111794,-24.305311759669806,-0.1062212662122004,36.07548477324565,39.71085216416704,5.700246640074028,36.07548477324565,39.71085216416703,5.700246640074028,nan,-23.453765513111794,nan,-24.305311759669806,False,6.206186988159109,dc3eef215a8bc214,,39.723815836442704,37.21216076085801,0.059670319697914476,-47.595336916208055,14,0.6417001983563289,-3.4457142984557834,1.0213070583500665,0.9813761251254931,0.0,,,,,,,
14,14280,0,7,3185,-62.18912320751747,-58.7058321696345,15.288846037956747,15.325981075118456,1.0024288973196223,0.0,-39.90322219036937,-39.90322219036937,-39.90322219036937,-43.10792590342918,-42.88554584219284,phase,36.398864109531495,40.57553414047468,5.75396413779593,36.67144092855907,40.633493537448686,5.799242679162638,36.398864109531495,40.575534140474694,5.75396413779593,36.67144092855908,40.63349353744869,5.799242679162639,-25.3744484616196,-25.29265309015748,-1.4563749503263335,36.398864109531495,40.57553414047468,5.75396413779593,36.398864109531495,40.575534140474694,5.75396413779593,nan,-25.3744484616196,nan,-25.29265309015748,False,5.630232398813625,7e90a56b9baf0be3,align_margin=5.6,,,,,,,,,,,,,,,,,
14,14280,0,7,7248,5.594813482872638,4.4549218833640225,15.065834261294315,15.292466947255111,1.015042823519109,0.0,-39.234688924608,-39.234688924608,-39.234688924608,-41.742496304749544,2.356693724748355,phase,36.87585775196023,41.28191497419702,5.83319896211964,36.09391206520867,40.36740427508767,5.703307652028019,36.87585775196024,41.281914974197036,5.833198962119642,36.093912065208656,40.36740427508765,5.703307652028017,-25.307784927868255,-25.51000593358914,-1.9148034383781898,36.87585775196023,41.28191497419702,5.83319896211964,36.87585775196024,41.281914974197036,5.833198962119642,nan,-25.307784927868255,nan,-25.51000593358914,False,6.765445393854814,b2daecaa556933d6,,5.594813482872638,4.4549218833640225,0.015042823519108905,-39.234688924608,15,2.5590322122649507,-1.8569017939962695,1.023995643171643,0.978830944946921,0.0,,,,,,,
15,15300,0,8,4424,29.667424787660693,32.17562684899269,13.12019889578675,13.486741165051608,1.027937249440827,0.0,-43.656588197065005,-43.656588197065005,-43.656588197065005,-45.580092281315515,9.963156743163418,phase,36.33753213379243,39.60816693403686,5.743776101958876,36.43571328399063,39.92145635107644,5.7600852631213675,36.33753213379242,39.608166934036845,5.743776101958875,36.43571328399064,39.921456351076436,5.760085263121369,-24.25464073819487,-24.987855071079412,-0.6047009005943365,36.33753213379243,39.60816693403686,5.743776101958876,36.33753213379242,39.608166934036845,5.743776101958875,nan,-24.25464073819487,nan,-24.987855071079412,False,6.784613579285138,4614fc6a005d3f71,,29.667424787660693,32.17562684899269,0.027937249440826983,-43.656588197065005,16,12.699308437972226,9.64811800056909,1.0290019769708243,0.974175483001413,0.0,,,,,,,
16,16320,0,7,5156,-64.78139409397568,-65.61192968082489,15.569661774984912,15.479231178567204,0.9941918714918394,0.0,-45.39309028773741,-45.39309028773741,-45.39309028773741,-49.282186461084486,-0.9908044148509988,phase,36.64468793883822,41.206968957174695,5.794798660936582,36.80213250734504,41.53936160159782,5.820952243745024,36.64468793883822,41.20696895717469,5.794798660936582,36.802132507345036,41.53936160159782,5.820952243745023,-23.85601389315781,-24.284957557320595,1.2362954760787517,36.64468793883822,41.206968957174695,5.794798660936582,36.64468793883822,41.20696895717469,5.794798660936582,nan,-23.85601389315781,nan,-24.284957557320595,False,6.157971457439036,5e40f3cfa00e167a,,-64.78139409397568,-65.61192968082489,-0.005808128508160593,-45.39309028773741,17,-9.335137015318052,-13.924817049630073,1.0279560762202797,0.9751714415255953,0.0,,,,,,,
17,17340,0,8,7056,35.83308348139858,33.30345002550048,14.68291319783544,14.266428058865914,0.9716347067262562,0.0,-39.36521742708114,-39.36521742708114,-39.36521742708114,-45.79436153914953,29.737398834872245,phase,36.36243627551749,40.63321270890057,5.747913002577657,36.66045553772999,39.805206993887,5.797417863410297,36.3624362755175,40.63321270890059,5.747913002577659,36.660455537729995,39.80520699388701,5.797417863410299,-25.27320282609661,-24.783574236072358,-0.5471930690391325,36.36243627551749,40.63321270890057,5.747913002577657,36.3624362755175,40.63321270890059,5.747913002577659,nan,-25.27320282609661,nan,-24.783574236072358,False,6.311573114682568,6b9df81742a652e5,,35.83308348139858,33.30345002550048,-0.02836529327374382,-39.36521742708114,18,2.8653640650432646,-1.9718342072595547,1.0228533779947395,0.9801534364609595,0.0,,,,,,,
18,18360,0,8,4396,21.97350149652017,25.574817756345468,13.966359956366132,13.757430197721819,0.9850405002236049,0.0,-47.166563401026245,-47.166563401026245,-47.166563401026245,-48.12246242449549,-13.149337860435176,phase,36.32989953003796,39.69459249165301,5.742508227581058,36.38508788762987,39.773492178387045,5.751675728842172,36.32989953003796,39.69459249165302,5.742508227581058,36.38508788762988,39.77349217838704,5.751675728842174,-23.46872574499537,-24.452049191357922,-1.4719488240500622,36.32989953003796,39.69459249165301,5.742508227581058,36.32989953003796,39.69459249165302,5.742508227581058,nan,-23.46872574499537,nan,-24.452049191357922,False,7.572828993861008,43b4edf694a06135,,21.97350149652017,25.574817756345468,-0.014959499776395102,-47.166563401026245,19,10.384257475611452,7.160599431947961,1.020175637390845,0.9827583607197006,0.0,,,,,,,
19,19380,0,8,1160,-18.2047018171305,-20.853083580629388,14.910250831629378,15.324720968285822,1.0277976635897514,0.0,-47.890131721978875,-47.890131721978875,-47.890131721978875,-48.124490081817264,18.91678190435214,phase,36.167170156080346,39.96921279599732,5.715476770113015,36.64969132438054,40.46044875561964,5.7956297881030805,36.167170156080346,39.96921279599733,5.715476770113015,36.64969132438055,40.46044875561964,5.795629788103081,-23.265055063323498,-24.322922944376735,-0.3860243525950011,36.167170156080346,39.96921279599732,5.715476770113015,36.167170156080346,39.96921279599733,5.715476770113015,nan,-23.265055063323498,nan,-24.322922944376735,False,7.432671922882027,d115de232a1c3dec,,-18.2047018171305,-20.853083580629388,0.027797663589751442,-47.890131721978875,20,4.1386215258141155,-0.2660270359004908,1.0251383747457088,0.9781069416981488,0.0,16,-43.288295619980445,0.7724918788802868,-43.288295619980445,move+1:OK,1,25
20,20400,0,7,5019,0.19426728353556655,-1.2018632150655577,15.199349183110895,16.134602214751272,1.0615324393415215,0.0,-39.70702145455624,-39.70702145455624,-39.70702145455624,-49.77750797037807,34.27756056128217,phase,36.68428740718853,39.75564708492204,5.801376645712381,37.144812338531324,40.94513531179045,5.877875803742746,36.68428740718852,39.75564708492203,5.80137664571238,37.14481233853131,40.94513531179044,5.877875803742743,-25.885884452404145,-24.019067868947804,-2.9075831316877823,36.68428740718853,39.75564708492204,5.801376645712381,36.68428740718852,39.75564708492203,5.80137664571238,nan,-25.885884452404145,nan,-24.019067868947804,False,5.686784443909649,b676799c8428875f,align_margin=5.7,,,,,,,,,,,,,,,,,
20,20400,0,8,772,-55.20485119920674,-51.41644719589188,13.20030961093003,12.427223332969794,0.9414342314122609,0.0,-40.59805608887767,-40.59805608887767,-40.59805608887767,-43.162324611123914,3.9301371898403663,phase,36.05166957950231,39.22966216832784,5.696290627824305,36.38466995037626,39.50276244213044,5.751606304049213,36.0516695795023,39.22966216832783,5.696290627824303,36.38466995037625,39.502762442130425,5.751606304049211,-24.681111915284735,-25.37409230871201,-2.815791711991447,36.05166957950231,39.22966216832784,5.696290627824305,36.0516695795023,39.22966216832783,5.696290627824303,nan,-24.681111915284735,nan,-25.37409230871201,False,7.102261044088108,05fb7265f736d285,,-55.20485119920674,-51.41644719589188,-0.0585657685877391,-40.59805608887767,1,-14.709271008220824,-18.664584240001986,1.0146317218011993,0.9887551920015544,0.0,,,,,,,
21,21420,0,8,2200,32.43481698090883,35.340789337253895,16.280565653058876,16.173373672725326,0.9934159547881919,0.0,-37.42008159707906,-37.42008159707906,-37.42008159707906,-39.482810789475906,-1.0580641309656014,phase,36.83457163864767,40.200849985690255,5.826340803762071,36.761561000042,40.695776530146205,5.814212790704652,36.834571638647674,40.20084998569027,5.826340803762073,36.761561000042,40.695776530146226,5.814212790704652,-26.324401914464044,-26.01713814238682,-0.8900060777941015,36.83457163864767,40.200849985690255,5.826340803762071,36.834571638647674,40.20084998569027,5.826340803762073,nan,-26.324401914464044,nan,-26.01713814238682,False,8.59611031225116,5b7c05ab7d92c5db,,32.43481698090883,35.340789337253895,-0.006584045211808109,-37.42008159707906,2,-3.520791780343533,-6.15463600600129,1.0134626551035064,0.9899019941540966,0.0,,,,,,,
22,22440,0,7,6295,3.755576007941144,0.03964822054520312,11.688756905265407,12.419436187532945,1.0625112908232688,0.0,-38.87132811719649,-38.87132811719649,-38.87132811719649,-39.033774793171204,-8.60273236179765,phase,34.996098588075604,38.71780197175137,5.520946609314885,35.780854862863166,39.841708643818244,5.651304794495543,34.99609858807559,38.71780197175135,5.5209466093148825,35.780854862863166,39.84170864381824,5.651304794495543,-24.989592735959427,-26.23779503074058,1.2766455932925376,34.996098588075604,38.71780197175137,5.520946609314885,34.99609858807559,38.71780197175135,5.5209466093148825,nan,-24.989592735959427,nan,-26.23779503074058,False,5.905367925692308,c9584c7dad097a59,align_margin=5.9,,,,,,,,,,,,,,,,,
22,22440,0,8,399,10.472405323666194,12.892906925889804,16.398542125264818,17.045832971438234,1.0394724629316987,0.0,-38.6515985463884,-38.6515985463884,-38.6515985463884,-38.797748784561655,-7.77700263965423,phase,36.79770940065175,41.28169577129826,5.820217508413912,37.539437710352225,41.11172867489387,5.94342819108841,36.79770940065175,41.28169577129826,5.820217508413912,37.539437710352225,41.11172867489387,5.94342819108841,-24.984276955417076,-26.2468179427777,0.5655386072414839,36.79770940065175,41.28169577129826,5.820217508413912,36.79770940065175,41.28169577129826,5.820217508413912,nan,-24.984276955417076,nan,-26.2468179427777,False,6.538424312571683,d626ddc43d64c4a5,,10.472405323666194,12.892906925889804,0.039472462931698704,-38.6515985463884,3,0.09586034277670308,-1.5960863205675073,1.0204633318435974,0.9833237273373785,0.0,,,,,,,
23,23460,0,7,3976,-37.90917735749887,-37.17963108049595,12.003478236698136,11.6851475741993,0.9734801316567054,0.0,-32.48868695508521,-32.48868695508521,-32.48868695508521,-35.162802411303744,-3.330913687411051,phase,35.905357871703934,39.27784841155931,5.6719863574259035,35.71727124828688,39.82237857750223,5.640742732273568,35.905357871703934,39.277848411559305,5.6719863574259035,35.717271248286885,39.822378577502235,5.640742732273569,-26.83684280826299,-27.16072156959511,2.0374396942707875,35.905357871703934,39.27784841155931,5.6719863574259035,35.905357871703934,39.277848411559305,5.6719863574259035,nan,-26.83684280826299,nan,-27.16072156959511,False,6.019877954863214,3a49120d7ed7aaca,,-37.90917735749887,-37.17963108049595,-0.02651986834329456,-32.48868695508521,4,-12.906284527195139,-14.829643608368887,1.0157273850319082,0.9880116327341767,0.0,,,,,,,
24,24480,0,7,983,65.33193789027777,62.33371346163551,24.23681648582247,23.846158397888377,0.9838816253709471,0.0,-35.65842941130837,-35.65842941130837,-35.65842941130837,-37.55257929360117,-20.307462295508465,phase,38.54635670419257,42.63487252273989,6.110690482424015,39.01867820029486,44.008809483901665,6.189149202706788,38.54635670419257,42.63487252273989,6.110690482424015,39.01867820029486,44.00880948390166,6.189149202706788,-26.58486569799723,-26.48848060878032,1.5792878201538247,38.54635670419257,42.63487252273989,6.110690482424015,38.54635670419257,42.63487252273989,6.110690482424015,nan,-26.58486569799723,nan,-26.48848060878032,False,6.657650972905464,76aca07ffd7ec23d,,65.33193789027777,62.33371346163551,-0.016118374629052856,-35.65842941130837,5,9.605836932323156,7.251877487893562,1.012862306992145,0.9908441887186904,0.0,,,,,,,
25,25500,0,8,687,19.033789232907495,19.891401049285477,15.431615602649744,15.35963800338663,0.995335705533596,0.0,-36.246184400437095,-36.246184400437095,-36.246184400437095,-37.085082449952395,-20.591433804903513,phase,36.66031326985377,40.356919498212456,5.797394230872721,37.019429018908035,41.19471620404294,5.857048009785388,36.660313269853795,40.356919498212484,5.797394230872724,37.01942901890801,41.19471620404293,5.857048009785385,-26.666189261664492,-26.718990286334353,-0.4026903429453448,36.66031326985377,40.356919498212456,5.797394230872721,36.660313269853795,40.356919498212484,5.797394230872724,nan,-26.666189261664492,nan,-26.718990286334353,False,6.114556530235493,5db1947b78629dc2,,19.033789232907495,19.891401049285477,-0.00466429446640404,-36.246184400437095,6,16.18306483934338,14.27819953379748,1.0120355565827417,0.9916567568624259,0.0,,,,,,,
26,26520,0,8,2255,-55.8472237386264,-55.92486660793693,17.171957587820593,18.316523035756003,1.0666531723061794,0.0,-34.389053878774874,-34.389053878774874,-34.389053878774874,-34.604810186981226,34.37754159873608,phase,37.599811881094105,42.07875925985149,5.953457123105334,37.139401147788895,41.082215601600126,5.8769769348486545,37.59981188109411,42.078759259851495,5.953457123105335,37.13940114778889,41.08221560160011,5.876976934848654,-25.995270386176745,-27.22602858217464,1.8386654797540878,37.599811881094105,42.07875925985149,5.953457123105334,37.59981188109411,42.078759259851495,5.953457123105335,nan,-25.995270386176745,nan,-27.22602858217464,False,7.919414498197878,6552ccc6af4bbe23,,-55.8472237386264,-55.92486660793693,0.0666531723061794,-34.389053878774874,7,-3.1310078544268016,-5.460185928031642,1.0238402481409974,0.9808125693420854,0.0,,,,,,,
27,27540,0,8,7268,-3.415181746037362,-5.807454065666434,16.714946589231623,16.412190648955953,0.9818871129106259,0.0,-39.08417022815402,-39.08417022815402,-39.08417022815402,-40.77819996767968,2.5143950658200147,phase,36.71888291578941,41.06735272517733,5.80712340793844,37.025911637766775,41.80236431444267,5.85812485677189,36.718882915789386,41.0673527251773,5.807123407938437,37.02591163776678,41.80236431444267,5.858124856771892,-24.942564855603084,-25.826740088464277,-0.32814753428636934,36.71888291578941,41.06735272517733,5.80712340793844,36.718882915789386,41.0673527251773,5.807123407938437,nan,-24.942564855603084,nan,-25.826740088464277,False,6.421084223414722,f6693fc9e0fbc8d0,,-3.415181746037362,-5.807454065666434,-0.018112887089374086,-39.08417022815402,8,-4.298488438710752,-7.532558353220581,1.020594925148874,0.9839788557113425,0.0,,,,,,,
28,28560,0,8,7308,4.0638270933954885,3.404214267906582,17.047794434992134,16.509565897224068,0.9684282597481757,0.0,-36.60671604042527,-36.60671604042527,-36.60671604042527,-41.42763593055121,26.121956284276358,phase,37.036960933138786,41.325102879490665,5.859960287896809,37.237699543591994,42.25238237485145,5.893305572025249,37.036960933138786,41.32510287949067,5.859960287896809,37.237699543592,42.25238237485147,5.89330557202525,-26.559789035554175,-25.753120755282517,-1.8628447265199082,37.036960933138786,41.325102879490665,5.859960287896809,37.036960933138786,41.32510287949067,5.859960287896809,nan,-26.559789035554175,nan,-25.753120755282517,False,6.602388997657109,040df243a0fa28c6,,4.0638270933954885,3.404214267906582,-0.0315717402518243,-36.60671604042527,9,-2.904850818495323,-6.32168376292671,1.0149560825200261,0.9895926291563986,0.0,,,,,,,
29,29580,0,8,7424,-10.06428676759706,-12.824691225271863,16.941989118696554,16.665175333784138,0.9836610811768888,0.0,-32.04035342664684,-32.04035342664684,-32.04035342664684,-32.16211789364037,7.7507797058811,phase,36.84520002212856,40.56746007812599,5.8281063159682,36.99094918053346,40.84855497465087,5.8523171396235,36.84520002212855,40.56746007812599,5.828106315968198,36.99094918053346,40.84855497465086,5.8523171396235,-26.748233287971225,-27.828035820977263,0.2843396311331796,36.84520002212856,40.56746007812599,5.8281063159682,36.84520002212855,40.56746007812599,5.828106315968198,nan,-26.748233287971225,nan,-27.828035820977263,False,6.853593223193116,56714df48ff02c98,,-10.06428676759706,-12.824691225271863,-0.016338918823111226,-32.04035342664684,10,-6.375444698688625,-10.857531945902366,1.0120540076377955,0.9924691818028327,0.0,,,,,,,
30,30600,0,8,3273,-46.95674744945446,-45.73501583627974,16.833282426191257,17.26928553287125,1.0259012529844809,0.0,-39.753836933321125,-39.753836933321125,-39.753836933321125,-40.4164778298588,10.505834564745316,phase,37.261637803626634,40.97080440923329,5.897282027180505,37.51280784691553,41.89196097982151,5.939004625733477,37.26163780362663,40.97080440923328,5.897282027180504,37.512807846915535,41.89196097982151,5.939004625733478,-24.753282129435846,-25.77622590746182,-0.9345848580272642,37.261637803626634,40.97080440923329,5.897282027180505,37.26163780362663,40.97080440923328,5.897282027180504,nan,-24.753282129435846,nan,-25.77622590746182,False,5.454750114123126,b8139b14643e578d,align_margin=5.5,,,,,,,,,,,,,,,,,
30,30600,0,7,847,52.84600971311458,52.066619098003166,18.470538968525535,19.052339948988188,1.031498863214228,0.0,-35.92679100193666,-35.92679100193666,-35.92679100193666,-36.236251640157214,5.954250824928501,phase,37.80119762848273,42.08839988413174,5.986909905063578,37.8853012549918,41.537427779324155,6.000880607141496,37.80119762848273,42.08839988413172,5.986909905063578,37.88530125499179,41.53742777932415,6.000880607141494,-25.733865471954317,-26.899410960364524,0.6528756354822938,37.80119762848273,42.08839988413174,5.986909905063578,37.80119762848273,42.08839988413172,5.986909905063578,nan,-25.733865471954317,nan,-26.899410960364524,False,6.30309416488041,290d2589b198a02e,,52.84600971311458,52.066619098003166,0.0314988632142279,-35.92679100193666,11,11.900361987519055,7.504062568496785,1.0176327540193946,0.9871654542657099,0.0,,,,,,,
31,31620,0,8,5604,-0.5823271015608,-0.07599124164917015,6.99736600251205,6.868357349425641,0.9815632549390593,0.0,-37.45987357131485,-37.45987357131485,-37.45987357131485,-40.480819267982476,15.325302362821157,phase,34.50547579978818,37.72785422321622,5.439447807273785,34.830029449255285,38.047718321617566,5.493360373630447,34.50547579978819,37.727854223216234,5.439447807273786,34.83002944925529,38.04771832161757,5.4933603736304475,-26.27484212692158,-25.88253165113858,-2.7824513563855984,34.50547579978818,37.72785422321622,5.439447807273785,34.50547579978819,37.727854223216234,5.439447807273786,nan,-26.27484212692158,nan,-25.88253165113858,False,6.532661077247765,54ce8c96adf6f9c9,,-0.5823271015608,-0.07599124164917015,-0.01843674506094073,-37.45987357131485,12,11.700079041887378,7.477119836189572,1.0143494327803788,0.9904102992630087,0.0,,,,,,,
32,32640,0,8,5572,-4.614313481251855,-5.455546217911845,6.2299412188979195,6.181902323523495,0.992289029111751,0.0,-36.43144603445181,-36.43144603445181,-36.43144603445181,-36.50518982594688,5.93205839107961,phase,34.22972977728803,37.2982620303283,5.393642820147514,34.22088154110765,37.46690407427267,5.392173013473032,34.229729777288036,37.2982620303283,5.393642820147515,34.22088154110765,37.466904074272655,5.392173013473032,-25.426573092382267,-26.64331688816914,-0.8082870466412011,34.22972977728803,37.2982620303283,5.393642820147514,34.229729777288036,37.2982620303283,5.393642820147515,nan,-25.426573092382267,nan,-26.64331688816914,False,6.7218863251792635,9235737184e94a66,,-4.614313481251855,-5.455546217911845,-0.0077109708882490136,-36.43144603445181,13,10.107915960560135,5.549190393523221,1.0129806494647096,0.9917571642722675,0.0,,,,,,,
33,33660,0,8,1415,-11.521176908941683,-11.169895209972267,15.793340991890153,14.762086615342321,0.9347032159264225,0.0,-39.01011907684353,-39.01011907684353,-39.01011907684353,-40.264724485605626,10.08501057039569,phase,36.901364866356055,39.91586904740834,5.837436024311637,36.67443327658236,39.71644274586039,5.799739746940593,36.90136486635606,39.91586904740835,5.837436024311639,36.67443327658235,39.716442745860384,5.79973974694059,-26.117191969572833,-25.92221171446756,-2.0299314829480455,36.901364866356055,39.91586904740834,5.837436024311637,36.90136486635606,39.91586904740835,5.837436024311639,nan,-26.117191969572833,nan,-25.92221171446756,False,7.746728605409091,3eb130dee60905d2,,-11.521176908941683,-11.169895209972267,-0.06529678407357753,-39.01011907684353,14,6.127176624364087,1.607234172456764,1.001405383185418,1.0038815976255078,0.0,,,,,,,
34,34680,0,8,3416,-37.04792007757094,-37.795038723223534,17.61933902428071,17.025315687555047,0.9662857195773885,0.0,-40.202214424411395,-40.202214424411395,-40.202214424411395,-41.03683825281756,32.158055037814556,phase,36.97614677749273,41.1619899181039,5.849858268686501,36.818555598327144,41.80804316658153,5.823680331948031,36.97614677749273,41.1619899181039,5.849858268686501,36.81855559832714,41.80804316658151,5.82368033194803,-25.677200817706844,-25.601884693505248,-2.165355379541081,36.97614677749273,41.1619899181039,5.849858268686501,36.97614677749273,41.1619899181039,5.849858268686501,nan,-25.677200817706844,nan,-25.601884693505248,False,6.912040742499111,edce67f2735fe340,,-37.04792007757094,-37.795038723223534,-0.03371428042261149,-40.202214424411395,15,-6.821397694163349,-11.569881121236431,0.9954970923519684,1.0100111516242396,0.0,,,,,,,
35,35700,0,8,6151,-48.7704998965782,-47.889167566170435,18.88335541010491,20.133654238878538,1.0662116875745802,0.0,-32.15310617405795,-32.15310617405795,-32.15310617405795,-42.81979496575994,32.359669851787984,phase,37.27769989976574,41.1922295811646,5.899950149462748,37.204128073669246,41.14831332173024,5.887728915891902,37.27769989976576,41.192229581164625,5.899950149462751,37.20412807366923,41.1483133217302,5.887728915891899,-27.03641417945194,-25.53140346633998,-2.1276010255221793,37.27769989976574,41.1922295811646,5.899950149462748,37.27769989976576,41.192229581164625,5.899950149462751,nan,-27.03641417945194,nan,-25.53140346633998,False,7.974565621719804,4dd7524f8d07edc3,,-48.7704998965782,-47.889167566170435,0.06621168757458018,-32.15310617405795,16,-23.968283501206177,-28.164953978803673,1.0070319622825055,0.9990348650860525,0.0,,,,,,,
36,36720,0,8,1312,-4.496447894136168,-3.6627575509014036,14.73870802110921,15.07025673795983,1.0224951004101424,0.0,-40.225749720034045,-40.225749720034045,-40.225749720034045,-40.215081133832214,3.56589586653983,phase,36.83746372805913,40.39234212306564,5.82682121728557,36.89679014848054,40.797527467602535,5.836676104398761,36.83746372805914,40.392342123065646,5.8268212172855725,36.89679014848055,40.79752746760257,5.836676104398763,-25.93237409310909,-26.035931551434793,-2.734385080464243,36.83746372805913,40.39234212306564,5.82682121728557,36.83746372805914,40.392342123065646,5.8268212172855725,nan,-25.93237409310909,nan,-26.035931551434793,False,7.148747076324111,aecbf036529a0cec,,-4.496447894136168,-3.6627575509014036,0.022495100410142355,-40.225749720034045,17,-25.531050942450676,-29.448157586222386,1.0109962871763647,0.9951885452562484,0.0,,,,,,,
37,37740,0,8,3750,-29.792998084171792,-28.395806730929436,15.870548768216844,15.91768143108233,1.002969819352427,0.0,-38.482452604686884,-38.482452604686884,-38.482452604686884,-38.90023180514873,-23.915479777145357,phase,37.044869080339076,40.85108550828417,5.861273933611143,37.27407936168785,41.778157423096786,5.899348731177385,37.044869080339076,40.85108550828419,5.861273933611143,37.27407936168785,41.7781574230968,5.899348731177385,-26.205713997616,-26.246835732297868,-0.9901174109684696,37.044869080339076,40.85108550828417,5.861273933611143,37.044869080339076,40.85108550828419,5.861273933611143,nan,-26.205713997616,nan,-26.246835732297868,False,6.848213610771487,499c8664fa0cd9cf,,-29.792998084171792,-28.395806730929436,0.0029698193524270167,-38.482452604686884,18,-35.845183112592935,-39.43473993104455,1.0115217205356701,0.9946728589661947,0.0,,,,,,,
38,38760,0,7,5544,65.32889407577781,64.33497461088973,18.28031833072528,18.608369644406846,1.0179456018077204,0.0,-34.70893038978396,-34.70893038978396,-34.70893038978396,-35.421379066233285,5.089915570724366,phase,36.803624431908524,41.62006387978593,5.8212000717456025,37.37283439473023,42.14938210350464,5.9157532217159865,36.803624431908524,41.62006387978594,5.8212000717456025,37.37283439473025,42.149382103504664,5.915753221715989,-26.00373670645812,-27.158119019305936,-0.6726662043767178,36.803624431908524,41.62006387978593,5.8212000717456025,36.803624431908524,41.62006387978594,5.8212000717456025,nan,-26.00373670645812,nan,-27.158119019305936,False,6.478225172396181,dc34122d1b5f01e8,,65.32889407577781,64.33497461088973,0.017945601807720424,-34.70893038978396,19,-13.240514856518722,-16.796903871845625,1.014698384588574,0.9916041777623616,0.0,,,,,,,
39,39780,0,7,5123,67.68027048964535,66.08424955119315,12.658296242767669,13.022786278745404,1.028794557260104,0.0,-36.454371760357866,-36.454371760357866,-36.454371760357866,-36.55623978977222,-12.645563896594053,phase,36.110954071628335,40.239142933639215,5.7061385501043755,36.56666672819239,40.95927880137171,5.781838326942258,36.110954071628335,40.23914293363922,5.7061385501043755,36.56666672819238,40.959278801371696,5.781838326942257,-25.436545942169154,-26.709972761685414,1.053851960877342,36.110954071628335,40.239142933639215,5.7061385501043755,36.110954071628335,40.23914293363922,5.7061385501043755,nan,-25.436545942169154,nan,-26.709972761685414,False,6.562530514997307,15db593ef3c7a0b5,,67.68027048964535,66.08424955119315,0.028794557260104048,-36.454371760357866,20,10.104446593262828,6.528418733300352,1.0198114979675088,0.9867472891464302,0.0,19,-36.95185679773672,0.5634347744904341,-36.95185679773672,move+1:OK,1,26
40,40800,0,8,371,-16.115431747535418,-10.907958832644006,15.97579637090098,15.943441150280437,0.997974735038594,0.0,-33.743777746465796,-33.743777746465796,-33.743777746465796,-40.0532955061474,-7.293881304353096,phase,37.06452373817043,40.84672187584844,5.8645388269386105,37.27979658959444,40.95220930922614,5.900298436809709,37.06452373817042,40.84672187584843,5.864538826938609,37.27979658959444,40.952209309226134,5.900298436809709,-27.323994477772253,-25.949080979035877,-2.7991021924999586,37.06452373817043,40.84672187584844,5.8645388269386105,37.06452373817042,40.84672187584843,5.864538826938609,nan,-27.323994477772253,nan,-25.949080979035877,False,6.520547952826667,bbd4befba5fa4265,,-16.115431747535418,-10.907958832644006,-0.0020252649614059814,-33.743777746465796,1,4.573619452287508,2.6593575933119005,1.0194500549810461,0.9870977231925574,0.0,,,,,,,
41,41820,0,8,2747,26.23153873596153,26.440355101930322,18.165253069347454,17.419276656301854,0.9589338827156567,0.0,-32.9866044587813,-32.9866044587813,-32.9866044587813,-38.77411482484937,-12.984926559504665,phase,37.87812033472578,42.000881222778695,5.999687763243486,37.67263752758645,41.2181788229104,5.965554406575824,37.87812033472577,42.00088122277867,5.999687763243484,37.67263752758644,41.21817882291039,5.965554406575821,-27.60564007860614,-26.203990330487088,-0.3891509574773444,37.87812033472578,42.000881222778695,5.999687763243486,37.87812033472577,42.00088122277867,5.999687763243484,nan,-27.60564007860614,nan,-26.203990330487088,False,6.517464434143333,e79f55d4cba06872,,26.23153873596153,26.440355101930322,-0.041066117284343284,-32.9866044587813,2,13.579493268986875,12.03444181065273,1.0121237052644543,0.9944953629364612,0.0,,,,,,,
42,42840,0,8,6503,-33.485810773309154,-32.67131098068654,18.037532857025237,18.143948768746693,1.005899693298688,0.0,-34.49439701761545,-34.49439701761545,-34.49439701761545,-35.81103385587651,23.829212396442486,phase,37.672364193753424,40.862552882379724,5.965509002284623,37.16570550452551,40.522520543008724,5.881346429323176,37.672364193753424,40.862552882379724,5.965509002284623,37.16570550452551,40.52252054300872,5.881346429323176,-27.1811649762089,-26.93282583337083,1.388129403740411,37.672364193753424,40.862552882379724,5.965509002284623,37.672364193753424,40.862552882379724,5.965509002284623,nan,-27.1811649762089,nan,-26.93282583337083,False,6.068161129846412,c2f07df85167f3ee,,-33.485810773309154,-32.67131098068654,0.005899693298687891,-34.49439701761545,3,1.9998477081748032,0.5361892602576077,1.0131686686666979,0.9934746219105006,0.0,,,,,,,
43,43860,0,8,8095,-66.93230087648794,-67.32730083572292,11.058747407291206,11.20715721212675,1.0134201279195234,0.0,-34.746555437371505,-34.746555437371505,-34.746555437371505,-36.46955048262632,4.909733896832828,phase,35.81319272542774,39.16360077421242,5.656676532463081,35.86505026658099,39.23047257491872,5.665290741956976,35.81319272542774,39.16360077421241,5.656676532463081,35.86505026658098,39.2304725749187,5.665290741956974,-27.22042716859199,-26.836759053290073,1.0966500635380712,35.81319272542774,39.16360077421242,5.656676532463081,35.81319272542774,39.16360077421241,5.656676532463081,nan,-27.22042716859199,nan,-26.836759053290073,False,5.770032398184283,8a733534fc128f2e,align_margin=5.8,,,,,,,,,,,,,,,,,
43,43860,0,7,5127,41.41342362905705,38.15383227622669,11.728247057365284,12.927863193875163,1.1022843508192068,0.0,-26.25944253478383,-26.25944253478383,-26.25944253478383,-26.413900352684852,-34.174474922396264,phase,35.908509739263216,39.81849072880291,5.672509923465651,35.95405753706739,39.973034170444436,5.680076002835116,35.908509739263216,39.81849072880289,5.672509923465651,35.954057537067385,39.97303417044443,5.680076002835115,-28.77822304755705,-29.663346187129225,2.473562751906549,35.908509739263216,39.81849072880291,5.672509923465651,35.908509739263216,39.81849072880289,5.672509923465651,nan,-28.77822304755705,nan,-29.663346187129225,False,6.726869360538138,5069f073d0ead159,,41.41342362905705,38.15383227622669,0.10228435081920684,-26.25944253478383,4,16.30615101031362,13.977741769167443,1.0313041460870611,0.9773417985883319,0.0,,,,,,,
44,44880,0,8,507,-4.854547324200425,-2.940813427615602,18.79912862471921,18.88482272000061,1.0045584078385803,0.0,-28.951795430775814,-28.951795430775814,-28.951795430775814,-44.159791974156875,-5.118490359297295,phase,38.192733059498174,42.582782419208684,6.051949013205678,38.07385398913117,42.672354130525946,6.032201659324116,38.19273305949818,42.582782419208684,6.051949013205679,38.073853989131166,42.6723541305259,6.032201659324115,-28.197641517299225,-25.155765160895452,-0.3344675219680049,38.192733059498174,42.582782419208684,6.051949013205678,38.19273305949818,42.582782419208684,6.051949013205679,nan,-28.197641517299225,nan,-25.155765160895452,False,7.108213403106814,0b54a719e5bca5b5,,-4.854547324200425,-2.940813427615602,0.004558407838580303,-28.951795430775814,5,14.658633573370519,12.924594649958836,1.0321268394451708,0.9765656899677118,0.0,,,,,,,
45,45900,0,8,7260,-22.09427504267387,-22.849206782447766,15.734475892201326,15.003728634660325,0.9535575723940579,0.0,-27.963127762520077,-27.963127762520077,-27.963127762520077,-43.3795778389349,2.7138878914511313,phase,36.67313969512953,40.957838787931074,5.799524866300587,36.96187699730044,40.21399176395484,5.847487873305722,36.67313969512953,40.95783878793106,5.799524866300587,36.96187699730044,40.213991763954844,5.847487873305722,-28.62190058899379,-25.48159966246438,-1.348269020495593,36.67313969512953,40.957838787931074,5.799524866300587,36.67313969512953,40.95783878793106,5.799524866300587,nan,-28.62190058899379,nan,-25.48159966246438,False,6.538319968829256,6bc69698727f0432,,-22.09427504267387,-22.849206782447766,-0.04644242760594208,-27.963127762520077,6,7.1663409893574945,4.735465689139897,1.0237383061414813,0.9848892191048757,0.0,,,,,,,
46,46920,0,8,7283,27.016360749782983,24.328767282724826,15.981124134182293,15.527611179311604,0.9716219615677308,0.0,-30.465040541459445,-30.465040541459445,-30.465040541459445,-32.48223148047799,-23.15945639782495,phase,36.90273641405001,41.16083478075983,5.837663856154488,36.84744538860262,41.17964776535456,5.82847930043233,36.90273641405001,41.160834780759814,5.837663856154488,36.84744538860263,41.179647765354574,5.828479300432331,-26.78478006375611,-27.798664415193773,0.9474214437286577,36.90273641405001,41.16083478075983,5.837663856154488,36.90273641405001,41.160834780759814,5.837663856154488,nan,-26.78478006375611,nan,-27.798664415193773,False,6.373227760007974,dee292ee6fd62409,,27.016360749782983,24.328767282724826,-0.02837803843226916,-30.465040541459445,7,16.402809143082376,13.381177697940924,1.018654261267134,0.9899231874721438,0.0,,,,,,,
47,47940,0,7,47,3.258423737766691,1.5870421834010813,19.480039098263383,19.493557983826467,1.0006939865723519,0.0,-32.63312490568336,-32.63312490568336,-32.63312490568336,-36.66928801082101,-14.332451045232595,phase,29.615676142433756,31.4053320149052,4.627188727979029,29.352656906208598,30.939354469436292,4.5834978249515945,29.615676142433756,31.405332014905202,4.627188727979029,29.352656906208594,30.939354469436285,4.583497824951594,-27.52267336792692,-26.726092763214034,-1.0732377244696352,29.615676142433756,31.4053320149052,4.627188727979029,29.615676142433756,31.405332014905202,4.627188727979029,nan,-27.52267336792692,nan,-26.726092763214034,False,5.385032402766185,88cea1a92acaa4ee,align_margin=5.4,,,,,,,,,,,,,,,,,
47,47940,0,7,1656,-68.54874344515012,-66.1917610588323,15.832426981253535,16.50518627616681,1.0424924931414405,0.0,-26.70481489167146,-26.70481489167146,-26.70481489167146,-28.79166549531739,-6.501876368773743,phase,36.65606068495315,41.07134146673766,5.7966878214207895,36.97400600613441,41.313943074784085,5.849502658826315,36.656060684953154,41.07134146673765,5.79668782142079,36.974006006134374,41.313943074784035,5.849502658826308,-28.6384945695186,-28.79758948871677,-1.164739362731499,36.65606068495315,41.07134146673766,5.7966878214207895,36.656060684953154,41.07134146673765,5.79668782142079,nan,-28.6384945695186,nan,-28.79758948871677,False,7.545010994468086,bca2147ace4a9272,,-68.54874344515012,-66.1917610588323,0.042492493141440546,-26.70481489167146,8,-7.149892806996455,-10.021765746338403,1.026229164128953,0.9828619824342975,0.0,,,,,,,
48,48960,0,8,2076,-5.8453402852709075,-5.1857281531763775,17.73208753852526,17.193688856406187,0.9696370390147617,0.0,-32.11893918693981,-32.11893918693981,-32.11893918693981,-35.17321433332295,-0.8897695251779244,phase,36.833188292346684,41.40451554965708,5.826111012017722,36.767807091157366,41.195523820983865,5.815250347368334,36.83318829234667,41.40451554965707,5.82611101201772,36.767807091157366,41.195523820983844,5.815250347368334,-26.427830993936652,-27.140118093218515,0.6587214573953711,36.833188292346684,41.40451554965708,5.826111012017722,36.83318829234667,41.40451554965707,5.82611101201772,nan,-26.427830993936652,nan,-27.140118093218515,False,7.762345092650829,49da894d64a5a2a5,,-5.8453402852709075,-5.1857281531763775,-0.030362960985238274,-32.11893918693981,9,-9.143471991214357,-11.868418568453293,1.0207762768162898,0.988247972030929,0.0,,,,,,,
49,49980,0,8,4675,30.20352926846138,29.980645314934428,18.57920654513713,18.16659996625961,0.9777920236865275,0.0,-26.634921151906603,-26.634921151906603,-26.634921151906603,-28.198678962026875,-1.0294533551357379,phase,37.73363052283558,41.65684166921042,5.9756861333613935,37.54117691133074,41.1089372187473,5.9437170949054385,37.7336305228356,41.656841669210436,5.975686133361395,37.54117691133074,41.1089372187473,5.9437170949054385,-28.070510878968594,-29.03927723700701,1.3790774199665154,37.73363052283558,41.65684166921042,5.9756861333613935,37.7336305228356,41.656841669210436,5.975686133361395,nan,-28.070510878968594,nan,-29.03927723700701,False,6.997969537394526,b3d8d23eb37199b3,,30.20352926846138,29.980645314934428,-0.02220797631347249,-26.634921151906603,10,1.212602580710671,-1.250409569494634,1.016809136125334,0.9921759267790072,0.0,,,,,,,
50,51000,0,8,4693,18.86488269867153,19.28582594175988,18.170994844964117,17.340711412079393,0.954307211026763,0.0,-31.23915753247507,-31.23915753247507,-31.23915753247507,-33.749012881140295,-28.2358254272548,phase,29.638193613528966,30.87103590317673,4.630929171682553,29.920138257667052,31.154208808871076,4.677763830177251,29.638193613528966,30.871035903176725,4.630929171682553,29.920138257667052,31.154208808871076,4.677763830177251,-28.111425185365988,-27.621331402289492,0.4426418393769964,29.638193613528966,30.87103590317673,4.630929171682553,29.638193613528966,30.871035903176725,4.630929171682553,nan,-28.111425185365988,nan,-27.621331402289492,False,6.45637759510963,1e2eeaf2eb1decb3,,18.86488269867153,19.28582594175988,-0.04569278897323703,-31.23915753247507,11,7.706160427461933,5.552858779828491,1.008678488200803,1.0004894707054184,0.0,,,,,,,
51,52020,0,8,1820,-54.94451817457085,-54.92868994431298,16.586800917956975,16.130129214751378,0.9724677648532454,0.0,-29.66523588967935,-29.66523588967935,-29.66523588967935,-29.73626956378473,18.186298118308198,phase,36.575878119722944,40.72945126472966,5.7833684584257385,36.5561877574079,41.22374516260906,5.780097634120914,36.57587811972296,40.72945126472966,5.783368458425741,36.5561877574079,41.22374516260904,5.780097634120914,-28.2940702247911,-28.648469816708282,1.1183618836342823,36.575878119722944,40.72945126472966,5.7833684584257385,36.57587811972296,40.72945126472966,5.783368458425741,nan,-28.2940702247911,nan,-28.648469816708282,False,7.475268708519088,376589420130c47c,,-54.94451817457085,-54.92868994431298,-0.027532235146754624,-29.66523588967935,12,-11.358964472149749,-13.662777209778156,1.003818532868995,1.0054464468272515,0.0,,,,,,,
52,53040,0,7,2915,63.35256223807756,64.40226565901827,9.653407128353097,10.513207872785882,1.0890670758003627,0.0,-34.665393356061045,-34.665393356061045,-34.665393356061045,-35.08649284591265,-25.2709505670623,phase,35.155689376697964,37.16645202783361,5.547456707092686,35.31794219433719,38.40621079725721,5.574409002381594,35.155689376697964,37.16645202783363,5.547456707092686,35.31794219433719,38.40621079725722,5.574409002381594,-27.180083937682753,-27.134785673848913,-0.9162601285150469,35.155689376697964,37.16645202783361,5.547456707092686,35.155689376697964,37.16645202783363,5.547456707092686,nan,-27.180083937682753,nan,-27.134785673848913,False,5.441729190954261,90b08e4af04020d2,align_margin=5.4,,,,,,,,,,,,,,,,,
52,53040,0,7,2520,60.55546372201034,60.58471118122104,15.719531684502119,16.92308074366947,1.07656392590588,0.0,-27.332591744910737,-27.332591744910737,-27.332591744910737,-33.08777097864623,-7.14888749386206,phase,36.86277766476396,41.103967750287524,5.831026190160127,36.646739351339285,40.78911254724689,5.7951394271327725,36.86277766476397,41.10396775028754,5.831026190160128,36.64673935133929,40.78911254724689,5.795139427132773,-27.845816272878498,-27.651688859540442,0.8160574178707902,36.86277766476396,41.103967750287524,5.831026190160127,36.86277766476397,41.10396775028754,5.831026190160128,nan,-27.845816272878498,nan,-27.651688859540442,False,7.115596125465199,32ac319f926da1cb,,60.55546372201034,60.58471118122104,0.0765639259058799,-27.332591744910737,13,9.754824134769335,7.4270073136441965,1.017268383229363,0.992932872903923,0.0,,,,,,,
53,54060,0,7,2008,-31.2461731778603,-28.557087664298862,17.29574426100911,17.701862351265554,1.0234808103154014,0.0,-32.99078478817341,-32.99078478817341,-32.99078478817341,-35.85219412018617,-5.23754302193561,phase,36.893932880486986,41.553577222125696,5.836201475163952,37.01230542180175,41.82290576656796,5.855864688006935,36.893932880486986,41.553577222125696,5.836201475163952,37.01230542180174,41.82290576656794,5.8558646880069345,-27.65514076286585,-26.987180092698647,-0.298538189739066,36.893932880486986,41.553577222125696,5.836201475163952,36.893932880486986,41.553577222125696,5.836201475163952,nan,-27.65514076286585,nan,-26.987180092698647,False,6.975501394031873,124f6951a5ffebd5,,-31.2461731778603,-28.557087664298862,0.02348081031540139,-32.99078478817341,14,-0.9956924373999332,-2.639111912797935,1.0214484832699942,0.9889463770784226,0.0,,,,,,,
54,55080,0,7,1516,-64.57909625500936,-64.01517122841207,12.425097658066296,11.912293847355583,0.9587283879110758,0.0,-29.17177697470663,-29.17177697470663,-29.17177697470663,-30.010143132559193,-2.5217696160677425,phase,35.6864825548028,38.231377694834926,5.635628331362592,35.76204242192849,38.59945786204996,5.648179804307059,35.68648255480281,38.231377694834926,5.635628331362593,35.76204242192849,38.59945786204997,5.648179804307059,-27.272932549967667,-28.616317564234123,1.1794785922408266,35.6864825548028,38.231377694834926,5.635628331362592,35.68648255480281,38.231377694834926,5.635628331362593,nan,-27.272932549967667,nan,-28.616317564234123,False,7.6062235539263785,d9036a48a6e8031f,,-64.57909625500936,-64.01517122841207,-0.04127161208892416,-29.17177697470663,15,-23.12376258430995,-25.294849826651983,1.0140710387951848,0.9963965548963344,0.0,,,,,,,
55,56100,0,8,2336,55.915256046151505,56.644683139726624,14.45602449183897,15.450903881455647,1.0688210918692291,0.0,-26.70293446032313,-26.70293446032313,-26.70293446032313,-26.728303304102777,-18.942802214476128,phase,36.08686384172923,39.91731842580619,5.702136850785588,36.404804204909176,40.12832738345266,5.754950864602854,36.08686384172923,39.91731842580619,5.702136850785588,36.404804204909176,40.12832738345266,5.754950864602854,-28.69269348231089,-29.590464629348375,0.09782643446425254,36.08686384172923,39.91731842580619,5.702136850785588,36.08686384172923,39.91731842580619,5.702136850785588,nan,-28.69269348231089,nan,-29.590464629348375,False,8.114596441160183,72784dbb7df91145,,55.915256046151505,56.644683139726624,0.06882109186922913,-26.70293446032313,16,-3.8249769298014726,-5.397511762323781,1.0262841971166832,0.9851689580714194,0.0,,,,,,,
56,57120,0,8,752,27.158021889620045,25.238398345402587,21.879878808261978,21.33714490234604,0.9751948394837088,0.0,-32.25987657532003,-32.25987657532003,-32.25987657532003,-41.23408969308671,-1.9887333201232047,phase,37.922349524113,42.952357089167855,6.007034804669935,37.7795699553294,43.760402636775176,5.983317268327143,37.922349524113,42.95235708916786,6.007034804669935,37.7795699553294,43.760402636775176,5.983317268327143,-27.641050565344404,-25.59097919201363,-1.059849079967988,37.922349524113,42.952357089167855,6.007034804669935,37.922349524113,42.95235708916786,6.007034804669935,nan,-27.641050565344404,nan,-25.59097919201363,False,6.98049006267157,813a651231917aaa,,27.158021889620045,25.238398345402587,-0.024805160516291225,-32.25987657532003,17,5.436889995629038,3.5689090211562124,1.021829196873841,0.9895542591430229,0.0,,,,,,,
57,58140,0,7,2808,41.06538416964397,38.5965818892619,17.443602333074374,17.755058709601357,1.0178550491223042,0.0,-28.739574064683797,-28.739574064683797,-28.739574064683797,-32.914127950392135,-4.39387400882187,phase,37.26371637472505,42.17362175846813,5.8976273047716035,37.608262006361635,42.552571489345475,5.9548607983989434,37.26371637472504,42.173621758468144,5.897627304771603,37.60826200636164,42.5525714893455,5.954860798398944,-28.420713267422336,-27.814768173303655,1.0938575019438206,37.26371637472505,42.17362175846813,5.8976273047716035,37.26371637472504,42.173621758468144,5.897627304771603,nan,-28.420713267422336,nan,-27.814768173303655,False,5.662019330013929,682c1ec1f8243dc7,align_margin=5.7,,,,,,,,,,,,,,,,,
57,58140,0,8,3882,-53.94557184218186,-54.106098050080405,17.10061749569746,16.897085012313983,0.9880979453850315,0.0,-29.74927775838087,-29.74927775838087,-29.74927775838087,-30.51407926256079,19.83899075700453,phase,36.73814659044827,40.905161348781746,5.810323353895062,37.08637406246875,41.88049146109533,5.868168448915076,36.73814659044828,40.905161348781775,5.810323353895064,37.086374062468735,41.88049146109531,5.868168448915073,-27.322240938589704,-28.67862464430425,1.0644673769939548,36.73814659044827,40.905161348781746,5.810323353895062,36.73814659044828,40.905161348781775,5.810323353895064,nan,-27.322240938589704,nan,-28.67862464430425,False,6.386905445058776,9945c28c0d358eb8,,-53.94557184218186,-54.106098050080405,-0.011902054614968516,-29.74927775838087,18,-13.040709002841119,-15.568125802915127,1.0197008701648778,0.9916401885350083,0.0,,,,,,,
58,59160,0,8,3359,27.354623688349477,24.102435353664113,2.231138076220729,2.2369631733353015,1.0026108187461171,0.0,-32.68327454011226,-32.68327454011226,-32.68327454011226,-32.73738326825264,-27.33485402388944,phase,33.24810595144108,35.89304644512574,5.2305823839603125,33.65591978502512,36.12790116868015,5.298325545685236,33.24810595144107,35.89304644512573,5.230582383960311,33.65591978502513,36.127901168680154,5.298325545685237,-26.533037784792256,-27.93268795482023,1.0464333720120473,33.24810595144108,35.89304644512574,5.2305823839603125,33.24810595144107,35.89304644512573,5.230582383960311,nan,-26.533037784792256,nan,-27.93268795482023,False,6.598502446394695,52eb5e9952c15965,,27.354623688349477,24.102435353664113,0.0026108187461171273,-32.68327454011226,19,-3.651565018513386,-7.0611567718948365,1.0201667646406478,0.9911882946092556,0.0,,,,,,,
59,60180,0,8,7028,39.43104203323443,38.28331648730768,13.895062555257002,13.969023557612475,1.0053228261521925,0.0,-32.32880079633346,-32.32880079633346,-32.32880079633346,-32.51596355014121,-7.28608617878789,phase,36.176947043250486,39.97213659493447,5.717100837749251,36.448465463576284,39.78897706872549,5.762203565378121,36.17694704325047,39.97213659493445,5.717100837749249,36.448465463576284,39.7889770687255,5.762203565378121,-26.520686111357247,-27.85668840136557,0.6738291070311724,36.176947043250486,39.97213659493447,5.717100837749251,36.17694704325047,39.97213659493445,5.717100837749249,nan,-26.520686111357247,nan,-27.85668840136557,False,5.821318057022196,02a76aa63962bc98,align_margin=5.8,,,,,,,,,,,,,,,,,
59,60180,0,7,451,12.202153480747626,16.06830883437773,18.31050858998399,18.19539014157831,0.9937129846590581,0.0,-31.743450406579893,-31.743450406579893,-31.743450406579893,-35.64082119533073,6.71707235667349,phase,37.75877522810875,41.4302313073608,5.979862994702452,37.70981572310304,42.217785521128626,5.971730186561968,37.75877522810876,41.43023130736082,5.979862994702453,37.709815723103034,42.217785521128626,5.971730186561967,-27.786626908676702,-26.929356839430362,-1.515102131001185,37.75877522810875,41.4302313073608,5.979862994702452,37.75877522810876,41.43023130736082,5.979862994702453,nan,-27.786626908676702,nan,-26.929356839430362,False,6.4552829185529905,9f60e9f21fed7d8d,,12.202153480747626,16.06830883437773,-0.006287015340941893,-31.743450406579893,20,0.53476398796629,-1.3872519017316423,1.0190443489232153,0.9922857269858879,0.0,19,-30.138003361110833,0.6213524070873351,-30.138003361110833,move+1:OK,1,27
60,61200,0,8,2872,24.672153397784378,22.68175172498183,16.54065568104679,15.820821703568699,0.9564809284856273,0.0,-20.561290553100907,-20.561290553100907,-20.561290553100907,-22.025081088356565,-10.743511242064477,phase,36.88789868848328,41.01697483455879,5.835199117688254,37.0164578661969,41.90602083782441,5.856554462823406,36.88789868848328,41.01697483455878,5.835199117688254,37.01645786619691,41.90602083782438,5.856554462823407,-30.097287460689305,-31.08764094192143,0.5972347272572147,36.88789868848328,41.01697483455879,5.835199117688254,36.88789868848328,41.01697483455878,5.835199117688254,nan,-30.097287460689305,nan,-31.08764094192143,False,5.82294064920187,84f78682c56ca490,align_margin=5.8,,,,,,,,,,,,,,,,,
60,61200,0,7,4343,-35.86651145996549,-34.0201421555024,16.72262687978112,16.577999919012395,0.9913514209335382,0.0,-22.166237156224355,-22.166237156224355,-22.166237156224355,-25.224749478249027,-8.839535551106684,phase,37.13323686909591,40.5745037061729,5.875952968288358,36.85715197112724,41.10747288897049,5.830091689556021,37.13323686909591,40.574503706172905,5.875952968288358,36.857151971127244,41.10747288897049,5.8300916895560215,-30.494116686793653,-30.05343075652446,0.2949825651195166,37.13323686909591,40.5745037061729,5.875952968288358,37.13323686909591,40.574503706172905,5.875952968288358,nan,-30.494116686793653,nan,-30.05343075652446,False,6.799412029812889,7d3c1773afb7546a,,-35.86651145996549,-34.0201421555024,-0.00864857906646177,-22.166237156224355,1,-11.78391382448857,-13.386869986125571,1.017502023939034,0.9938006547323965,0.0,,,,,,,
61,62220,0,8,3903,-44.519362488173826,-45.69061120952282,18.382366354255122,18.32874442854971,0.9970829693700997,0.0,-23.268011222913447,-23.268011222913447,-23.268011222913447,-25.5515169918363,1.0519493227844325,phase,37.40949784107621,41.37437437934105,5.921843495195384,37.52689558879213,41.45478259451737,5.9413447821913845,37.409497841076195,41.374374379341035,5.9218434951953824,37.52689558879214,41.45478259451739,5.941344782191385,-30.285027887602464,-30.01178317562715,1.3730265277479117,37.40949784107621,41.37437437934105,5.921843495195384,37.409497841076195,41.374374379341035,5.9218434951953824,nan,-30.285027887602464,nan,-30.01178317562715,False,6.399595105705363,a80cb7bb9b486173,,-44.519362488173826,-45.69061120952282,-0.0029170306299003412,-23.268011222913447,2,-27.097668985917572,-29.478340490981616,1.0169826091393164,0.9943094546335198,0.0,,,,,,,
62,63240,0,8,2056,20.472879263221415,19.83565214564389,16.795321361860633,16.954880040107863,1.0095001860821526,0.0,-24.24542017705687,-24.24542017705687,-24.24542017705687,-24.28024949513127,16.66030712088903,phase,37.12294890169245,41.66720078990993,5.8742440036033985,36.92973020562193,41.28811993107881,5.842147874688029,37.12294890169245,41.66720078990994,5.8742440036033985,36.929730205621915,41.288119931078796,5.842147874688027,-28.63746745375134,-30.2785810417084,2.052276201968475,37.12294890169245,41.66720078990993,5.8742440036033985,37.12294890169245,41.66720078990994,5.8742440036033985,nan,-28.63746745375134,nan,-30.2785810417084,False,7.864810425387448,cb9e0412a9d13047,,20.472879263221415,19.83565214564389,0.00950018608215264,-24.24542017705687,3,-20.051818174179758,-22.49612965247138,1.0186733758444153,0.9926719394847496,0.0,,,,,,,
63,64260,0,7,6711,39.46907873100164,38.257457082127615,14.926623898517132,14.651764721144287,0.9815859782331522,0.0,-26.439543020138586,-26.439543020138586,-26.439543020138586,-26.638083620043503,7.331753555006935,phase,36.65992717684245,40.110269438471505,5.797330095821006,36.70627007985392,40.71456333441557,5.80502825246743,36.659927176842444,40.1102694384715,5.797330095821005,36.70627007985392,40.71456333441557,5.80502825246743,-27.78247639457114,-29.448345434060617,2.325419723119328,36.65992717684245,40.110269438471505,5.797330095821006,36.659927176842444,40.1102694384715,5.797330095821005,nan,-27.78247639457114,nan,-29.448345434060617,False,6.023220723246835,8b20ae4507c81498,,39.46907873100164,38.257457082127615,-0.01841402176684781,-26.439543020138586,4,-6.490869313216843,-9.007171774106395,1.0153907479440965,0.9959307874548834,0.0,,,,,,,
64,65280,0,8,3617,-25.408847695225255,-28.20674667564074,18.53122426934972,18.102696476019165,0.976875365215922,0.0,-25.7791912515202,-25.7791912515202,-25.7791912515202,-25.85998951984752,-26.61780258635351,phase,29.676200994078414,31.297945231267093,4.637242690046248,29.51947077898453,30.99651253993729,4.611207770595437,29.676200994078414,31.297945231267093,4.637242690046248,29.519470778984527,30.996512539937285,4.611207770595437,-28.150318964478963,-29.845723248974323,1.9547850338771404,29.676200994078414,31.297945231267093,4.637242690046248,29.676200994078414,31.297945231267093,4.637242690046248,nan,-28.150318964478963,nan,-29.845723248974323,False,6.064380334258391,fd82c9dbcfb5bd64,,-25.408847695225255,-28.20674667564074,-0.023124634784078002,-25.7791912515202,5,-15.249169220257613,-18.91986998650249,1.011281653407462,1.0000565376746966,0.0,,,,,,,
65,66300,0,7,7639,12.121371958715976,11.561148590007349,12.812452486730502,13.651725088699788,1.0655044459941214,0.0,-25.950409462602106,-25.950409462602106,-25.950409462602106,-27.24373863400796,-19.58398569917436,phase,36.148746049501966,39.300228437599166,5.712416287292686,36.25666654092329,39.484175008543716,5.730343279223138,36.14874604950196,39.30022843759917,5.712416287292685,36.2566665409233,39.484175008543716,5.73034327922314,-28.037395481996654,-29.17210563804375,0.19881659812283736,36.148746049501966,39.300228437599166,5.712416287292686,36.14874604950196,39.30022843759917,5.712416287292685,nan,-28.037395481996654,nan,-29.17210563804375,False,7.073737106990448,4d187db2ace4ec2a,,12.121371958715976,11.561148590007349,0.06550444599412142,-25.950409462602106,6,-11.054017284834114,-14.873696741226626,1.0228742561862953,0.9892973839244177,0.0,,,,,,,
66,67320,0,7,3202,-10.264056663250216,-7.980075763656345,18.639613818931068,18.035610014181284,0.9675956910579159,0.0,-21.2956881149183,-21.2956881149183,-21.2956881149183,-25.24155496703282,28.115719641807694,phase,36.876813531094925,40.977593535010335,5.833357729417762,36.95695879319737,41.38583679724155,5.846670895879963,36.87681353109491,40.97759353501033,5.83335772941776,36.95695879319738,41.38583679724155,5.8466708958799645,-29.854309212291675,-29.654035327324134,-0.8360290780501494,36.876813531094925,40.977593535010335,5.833357729417762,36.87681353109491,40.97759353501033,5.83335772941776,nan,-29.854309212291675,nan,-29.654035327324134,False,5.653010745261683,e22503009ada327d,align_margin=5.7,,,,,,,,,,,,,,,,,
66,67320,0,8,4808,43.84279500695423,42.87856917397891,15.474819632706554,15.280000754430981,0.9874105881102603,0.0,-26.175546547947075,-26.175546547947075,-26.175546547947075,-27.851833076390168,24.411887026411378,phase,36.32719223371009,39.7778921419655,5.742058510583073,36.617526149176214,40.63480433023348,5.790286735743558,36.32719223371009,39.777892141965495,5.742058510583073,36.61752614917622,40.6348043302335,5.7902867357435595,-28.14166523698677,-29.114320913185292,0.14480788312507542,36.32719223371009,39.7778921419655,5.742058510583073,36.32719223371009,39.777892141965495,5.742058510583073,nan,-28.14166523698677,nan,-29.114320913185292,False,7.2213445500956475,fe68a844325a68c0,,43.84279500695423,42.87856917397891,-0.012589411889739721,-26.175546547947075,7,3.947805431524495,0.29615961820269554,1.0206207137548509,0.9915047408938351,0.0,,,,,,,
67,68340,0,7,8119,-59.169309204470444,-58.970584386374924,16.516991499691585,16.995267980037806,1.028956634163985,0.0,-23.035944268948015,-23.035944268948015,-23.035944268948015,-24.027026964935796,-17.843972926117914,phase,37.318057309061764,41.081187678871885,5.906654038050128,37.35653650785952,40.78342879904004,5.913045931538128,37.31805730906175,41.08118767887187,5.906654038050125,37.356536507859516,40.78342879904005,5.913045931538126,-28.98756305739575,-30.421588394941075,0.5494050465799747,37.318057309061764,41.081187678871885,5.906654038050128,37.31805730906175,41.08118767887187,5.906654038050125,nan,-28.98756305739575,nan,-30.421588394941075,False,6.236328370900529,fb00780d61643e49,,-59.169309204470444,-58.970584386374924,0.028956634163985084,-23.035944268948015,8,-16.34304105284241,-20.52038687316825,1.0257926183648183,0.9866217731937258,0.0,,,,,,,
68,69360,0,7,711,67.32653015322728,67.14739302662329,12.525997043780494,12.217713585130443,0.9753885093879116,0.0,-21.464640735586773,-21.464640735586773,-21.464640735586773,-27.034548131821552,11.993213918210554,phase,35.899169347175516,39.3694661678749,5.670958363318193,36.1180211035219,39.731058485422864,5.70731247566809,35.89916934717551,39.36946616787489,5.670958363318191,36.118021103521905,39.73105848542288,5.7073124756680915,-29.910876462163955,-29.46205294540558,-0.128394718096299,35.899169347175516,39.3694661678749,5.670958363318193,35.89916934717551,39.36946616787489,5.670958363318191,nan,-29.910876462163955,nan,-29.46205294540558,False,5.6347306887633355,eb549f72a6883ddc,align_margin=5.6,,,,,,,,,,,,,,,,,
68,69360,0,7,1091,58.966320313554014,56.684063575701046,34.29635806897251,34.37487772852008,1.002289445992769,0.0,-21.21916329907444,-21.21916329907444,-21.21916329907444,-28.46764858706133,3.2882758441474476,phase,38.277043466885,42.436103524272504,6.065954064266611,38.2776734549104,41.67143581495253,6.066058713440267,38.277043466885,42.43610352427251,6.065954064266611,38.277673454910406,41.671435814952545,6.066058713440268,-30.3731432635021,-28.917600097886517,0.125486540237155,38.277043466885,42.436103524272504,6.065954064266611,38.277043466885,42.43610352427251,6.065954064266611,nan,-30.3731432635021,nan,-28.917600097886517,False,7.648981343311395,63ad56b4a7ee0ecc,,58.966320313554014,56.684063575701046,0.0022894459927689237,-21.21916329907444,9,3.7762420656524256,-0.41194938422603045,1.0262036053047356,0.9862273831071511,0.0,,,,,,,
69,70380,0,7,3083,34.68494172809395,34.90882436906707,15.457213634164333,14.965547893981178,0.9681918260418909,0.0,-25.023685725100897,-25.023685725100897,-25.023685725100897,-35.786163992043285,7.506013051350799,phase,37.24796390266205,41.58400776268496,5.895010615060142,36.934692069096386,40.8743404600619,5.842972104501062,37.247963902662036,41.584007762684934,5.89501061506014,36.93469206909638,40.87434046006188,5.84297210450106,-29.917903476427714,-26.993386374337163,-2.4131887236188128,37.24796390266205,41.58400776268496,5.895010615060142,37.247963902662036,41.584007762684934,5.89501061506014,nan,-29.917903476427714,nan,-26.993386374337163,False,5.739213603376359,9ec9812ce535b3cb,align_margin=5.7,,,,,,,,,,,,,,,,,
69,70380,0,8,2331,-19.781349104499334,-18.031553360067583,15.338211734811818,14.82471995069211,0.9665220566127484,0.0,-26.63019389641695,-26.63019389641695,-26.63019389641695,-30.187915446757646,3.8897083604333846,phase,36.52324735872754,40.49509091494957,5.774625807097598,36.70392263149146,40.574520504310186,5.804638310878981,36.52324735872754,40.49509091494956,5.774625807097598,36.703922631491466,40.57452050431021,5.804638310878982,-28.010372302196114,-28.513614511314856,-0.07190893976297019,36.52324735872754,40.49509091494957,5.774625807097598,36.52324735872754,40.49509091494956,5.774625807097598,nan,-28.010372302196114,nan,-28.513614511314856,False,7.718173981180562,c367ca70262cbdd7,,-19.781349104499334,-18.031553360067583,-0.03347794338725163,-26.63019389641695,10,-2.9704426573259264,-6.811126474746924,1.0201914477193532,0.9922054683952485,0.0,,,,,,,
70,71400,0,8,6364,4.0123544633745425,4.901785870386114,15.819615350917791,16.030518645368808,1.0133317586915147,0.0,-26.559753448028168,-26.559753448028168,-26.559753448028168,-27.057453709592252,-9.989780375951032,phase,36.93607138075361,40.73286344146454,5.843201226038806,37.10890976584399,41.67552791809513,5.871911921236544,36.93607138075362,40.73286344146456,5.843201226038808,37.10890976584399,41.675527918095135,5.871911921236544,-28.104185361065493,-29.3934661840671,0.12405517223087426,36.93607138075361,40.73286344146454,5.843201226038806,36.93607138075362,40.73286344146456,5.843201226038808,nan,-28.104185361065493,nan,-29.3934661840671,False,6.353302912134793,2605e8551653db50,,4.0123544633745425,4.901785870386114,0.013331758691514706,-26.559753448028168,11,-1.5939127272618503,-5.0820238752521645,1.022571613304378,0.9899210510179897,0.0,,,,,,,
71,72420,0,7,6331,-52.113704621509534,-49.074570028813845,14.56113984293936,14.81870036270276,1.0176882113997614,0.0,-26.987181117097297,-26.987181117097297,-26.987181117097297,-28.332591421285606,-21.85872127648408,phase,37.0123325247212,39.71440285808273,5.855869190153024,36.73988215322681,40.18334226148625,5.810611653359936,37.0123325247212,39.71440285808272,5.855869190153024,36.73988215322681,40.18334226148625,5.810611653359936,-27.886974631687067,-29.109207743900207,-1.4335887070120243,37.0123325247212,39.71440285808273,5.855869190153024,37.0123325247212,39.71440285808272,5.855869190153024,nan,-27.886974631687067,nan,-29.109207743900207,False,6.069227401669174,758955cc0bbe35d7,,-52.113704621509534,-49.074570028813845,0.0176882113997614,-26.987181117097297,12,-19.431095356053532,-22.433003018913904,1.0257369193061947,0.9869100716147848,0.0,,,,,,,
72,73440,0,7,6716,75.93963311125435,74.20194698758472,11.145468664092805,10.780208981253658,0.9672279655663203,0.0,-28.762827736895094,-28.762827736895094,-28.762827736895094,-39.756884532039365,4.915698995558907,phase,35.172578568110254,38.66349163117128,5.550262220616322,35.55167513314931,39.06543300918247,5.6132350719517135,35.17257856811024,38.66349163117127,5.55026222061632,35.55167513314932,39.06543300918247,5.613235071951714,-28.826160614863873,-25.94295395236987,0.39783058802439086,35.172578568110254,38.66349163117128,5.550262220616322,35.17257856811024,38.66349163117127,5.55026222061632,nan,-28.826160614863873,nan,-25.94295395236987,False,6.192623792201724,b6e49370f79b7f45,,75.93963311125435,74.20194698758472,-0.03277203443367971,-28.762827736895094,13,6.480881768565215,3.8821417877059687,1.0198542093192997,0.9927618812193792,0.0,,,,,,,
73,74460,0,8,5727,32.6867029510623,30.913305997546992,16.617345010309286,16.9034969622273,1.017220076476747,0.0,-26.619846834561596,-26.619846834561596,-26.619846834561596,-26.93847028373705,-4.843077675171952,phase,37.288045237876844,40.72705980705454,5.901668644165589,37.463774340624134,41.65453126643699,5.930859525020621,37.28804523787683,40.727059807054516,5.9016686441655875,37.46377434062413,41.65453126643698,5.93085952502062,-27.911720055449255,-29.287707158745114,1.1244572574466414,37.288045237876844,40.72705980705454,5.901668644165589,37.28804523787683,40.727059807054516,5.9016686441655875,nan,-27.911720055449255,nan,-29.287707158745114,False,5.964659196052939,132c4d4bc0f79dc5,align_margin=6.0,,,,,,,,,,,,,,,,,
73,74460,0,8,3240,-25.115659058378434,-26.348372009619112,16.623992373294133,16.9291489830387,1.018356397361851,0.0,-26.445862701711228,-26.445862701711228,-26.445862701711228,-26.82265655743433,0.6928162553589455,phase,36.692127633332106,40.6541540254127,5.802679008859155,36.980656325708246,41.16248860212287,5.85060736307446,36.69212763333212,40.65415402541272,5.802679008859157,36.98065632570824,41.16248860212288,5.850607363074459,-28.084570232698493,-29.467996634765427,0.07114897982725843,36.692127633332106,40.6541540254127,5.802679008859155,36.69212763333212,40.65415402541272,5.802679008859157,nan,-28.084570232698493,nan,-29.467996634765427,False,5.897526819190764,19d0b9e636bee3d0,align_margin=5.9,,,,,,,,,,,,,,,,,
73,74460,0,8,5088,-5.74905256265879,-7.070177228690284,8.950832845952615,9.217250088899492,1.029764519965016,0.0,-24.214454300708635,-24.214454300708635,-24.214454300708635,-24.723331692538864,14.261647494420844,phase,34.85979357972151,38.381834690094465,5.498304581349089,34.9303818434616,38.42275140579278,5.510030206555085,34.85979357972151,38.38183469009447,5.498304581349089,34.9303818434616,38.42275140579279,5.510030206555085,-28.597237331693467,-29.98366448804463,0.04865921034445009,34.85979357972151,38.381834690094465,5.498304581349089,34.85979357972151,38.38183469009447,5.498304581349089,nan,-28.597237331693467,nan,-29.98366448804463,False,6.787758125068043,b2dbfa6c75633d73,,-5.74905256265879,-7.070177228690284,0.029764519965016056,-24.214454300708635,14,4.507885649567387,1.3895379953422151,1.0251664167398704,0.9877402582699536,0.0,,,,,,,
74,75480,0,8,7264,-6.759232110016356,-8.010940270851236,16.556230946296136,16.211387664804278,0.979171389755891,0.0,-22.97383512810725,-22.97383512810725,-22.97383512810725,-31.251083972439424,24.83163257916515,phase,36.91863261002264,41.31682989336534,5.840304420269542,37.122733075228865,42.4318312096218,5.874208152031374,36.91863261002264,41.31682989336533,5.840304420269542,37.12273307522888,42.43183120962185,5.874208152031376,-30.233503359627303,-28.19420766110218,-0.2840646498386157,36.91863261002264,41.31682989336534,5.840304420269542,36.91863261002264,41.31682989336533,5.840304420269542,nan,-30.233503359627303,nan,-28.19420766110218,False,6.726465000402572,67139022521c6ae7,,-6.759232110016356,-8.010940270851236,-0.02082861024410898,-22.97383512810725,15,2.2002298388854675,-1.4490919696942348,1.021429678187186,0.9914171630370892,0.0,,,,,,,
75,76500,0,8,259,-23.58674841639793,-21.384529172085934,15.309565321237956,14.73419154868152,0.9624173671503098,0.0,-25.938646687011126,-25.938646687011126,-25.938646687011126,-31.799159086345423,6.565009903224651,phase,36.72881765092812,40.47611833848432,5.808773696167463,36.73046281963104,40.25454006591658,5.809046980005157,36.72881765092812,40.47611833848432,5.808773696167463,36.73046281963104,40.25454006591658,5.809046980005157,-29.450347490292597,-27.875181728026526,-0.35449043540198133,36.72881765092812,40.47611833848432,5.808773696167463,36.72881765092812,40.47611833848432,5.808773696167463,nan,-29.450347490292597,nan,-27.875181728026526,False,5.192477993168625,897d7cfb58190bef,align_margin=5.2,,,,,,,,,,,,,,,,,
75,76500,0,7,3431,12.014331825417926,9.070566804959654,4.066629860436133,4.249708734458827,1.04501980271277,0.0,-21.28705342730716,-21.28705342730716,-21.28705342730716,-23.53261476882565,14.16329763461049,phase,33.70980125042199,36.819856617656875,5.3072759552196,33.6973269387301,36.84716621644509,5.3052038104202826,33.70980125042198,36.819856617656875,5.307275955219598,33.69732693873009,36.84716621644509,5.305203810420282,-29.88493242893897,-30.62083770267922,0.7729957503047782,33.70980125042199,36.819856617656875,5.3072759552196,33.70980125042198,36.819856617656875,5.307275955219598,nan,-29.88493242893897,nan,-30.62083770267922,False,5.705124787057428,75487e9a632a28c3,align_margin=5.7,,,,,,,,,,,,,,,,,
75,76500,0,8,6804,36.01154532732816,35.9978700435316,20.32989250281586,20.743828260838683,1.0203609417986588,0.0,-23.900662109535606,-23.900662109535606,-23.900662109535606,-25.06795738644547,-13.474649944210062,phase,38.19267344176243,43.578927070801534,6.051939109927314,37.69693047705131,43.400263666832295,5.969589780241082,38.19267344176242,43.57892707080155,6.051939109927313,37.69693047705131,43.400263666832316,5.969589780241082,-28.93575976439394,-30.194725915526885,-0.5724729022554502,38.19267344176243,43.578927070801534,6.051939109927314,38.19267344176242,43.57892707080155,6.051939109927313,nan,-28.93575976439394,nan,-30.194725915526885,False,7.423627781187921,0eec008f462e7474,,36.01154532732816,35.9978700435316,0.02036094179865877,-23.900662109535606,16,14.539836895275553,11.259236053032074,1.02506920047726,0.987955071724714,0.0,,,,,,,
76,77520,0,8,1031,26.030091091082042,25.043769221716808,25.011127004366852,24.675306322905037,0.9865731487668196,0.0,-20.671032344734563,-20.671032344734563,-20.671032344734563,-25.84209617139291,-4.326262040834468,phase,38.77576775467298,43.116640221490734,6.148798630344349,39.46086210755917,44.8817909995676,6.262601678996541,38.775767754672984,43.11664022149075,6.14879863034435,39.46086210755918,44.8817909995676,6.262601678996543,-30.132358090649976,-29.669547119182056,-1.0588719833702314,38.77576775467298,43.116640221490734,6.148798630344349,38.775767754672984,43.11664022149075,6.14879863034435,nan,-30.132358090649976,nan,-29.669547119182056,False,7.742658621157093,6b2315049e739997,,26.030091091082042,25.043769221716808,-0.013426851233180437,-20.671032344734563,17,23.42756064859578,20.131420101137522,1.0226605964370183,0.9903080619851895,0.0,,,,,,,
77,78540,0,7,5120,-76.08537123497052,-75.50187404081743,14.550454726598364,13.785882388647604,0.9474537152056757,0.0,-25.35663557635425,-25.35663557635425,-25.35663557635425,-26.748398948156208,9.440787990184091,phase,36.5487275702417,40.45507596879038,5.778858400372377,36.200674975784075,40.53188137525147,5.721042354781408,36.5487275702417,40.455075968790375,5.778858400372377,36.20067497578408,40.53188137525148,5.721042354781409,-28.271294008410454,-29.548225249432445,-0.9720402343800032,36.5487275702417,40.45507596879038,5.778858400372377,36.5487275702417,40.455075968790375,5.778858400372377,nan,-28.271294008410454,nan,-29.548225249432445,False,6.275493217426368,81c7e7be550cb2cd,,-76.08537123497052,-75.50187404081743,-0.05254628479432433,-25.35663557635425,18,-2.612241828412742,-6.552858184260607,1.0132566188210637,0.9999195886584278,0.0,,,,,,,
78,79560,0,7,1520,-57.842437869727874,-56.4946819705807,12.033297069499369,11.693276050690145,0.9717433204843691,0.0,-25.34863987034778,-25.34863987034778,-25.34863987034778,-26.086486278905696,-1.8900780615105364,phase,35.81295159956488,38.54938236108234,5.656636478333038,35.70495773337834,38.5642189850183,5.63869729790338,35.812951599564876,38.54938236108233,5.656636478333037,35.704957733378336,38.56421898501829,5.638697297903379,-28.53017420272113,-29.867088341978167,-0.4994211555612613,35.81295159956488,38.54938236108234,5.656636478333038,35.812951599564876,38.54938236108233,5.656636478333037,nan,-28.53017420272113,nan,-29.867088341978167,False,7.583057585645223,e1eb0258b3a78986,,-57.842437869727874,-56.4946819705807,-0.028256679515630934,-25.34863987034778,19,-22.592228021801628,-26.327586986436064,1.0082461470006678,1.0050078884012106,0.0,,,,,,,
79,80580,0,8,1688,-29.970600991846055,-29.480772100978,15.451093157520031,16.656946215786462,1.0780432197238772,0.0,-26.511620218567703,-26.511620218567703,-26.511620218567703,-30.355041269477905,18.61146329640671,phase,36.914783675876286,41.528822728240975,5.8396650624379225,36.949214582853315,41.81631505290072,5.845384482201548,36.914783675876286,41.528822728240975,5.8396650624379225,36.94921458285331,41.816315052900705,5.845384482201547,-28.08506876943764,-28.46603893186773,0.20723710724023725,36.914783675876286,41.528822728240975,5.8396650624379225,36.914783675876286,41.528822728240975,5.8396650624379225,nan,-28.08506876943764,nan,-28.46603893186773,False,7.721146461855087,ebb24f6b393ebc42,,-29.970600991846055,-29.480772100978,0.07804321972387718,-26.511620218567703,20,-32.99614613083772,-36.59444195785011,1.0220163327282399,0.9922755983091746,0.0,18,-24.53634906471128,0.4661184395549289,-24.53634906471128,move+1:OK,1,28
80,81600,0,8,7136,49.276411326511756,48.490404327138826,17.79270119225844,17.773584064594,0.9989255634960723,0.0,-17.57558341037473,-17.57558341037473,-17.57558341037473,-20.94493689531129,-5.003653048405273,phase,37.231596530586735,42.108427423546175,5.892291782489492,37.352497922614006,42.34134900211182,5.912375070201663,37.231596530586735,42.10842742354616,5.892291782489492,37.352497922614,42.341349002111805,5.912375070201661,-31.254629939322356,-31.62625647363507,-0.3236419103647066,37.231596530586735,42.108427423546175,5.892291782489492,37.231596530586735,42.10842742354616,5.892291782489492,nan,-31.254629939322356,nan,-31.62625647363507,False,6.553287125189889,9d983e4c5f6d6162,,49.276411326511756,48.490404327138826,-0.0010744365039276893,-17.57558341037473,1,-16.120932485044527,-19.490684147602575,1.0218241666885284,0.9924623729835392,0.0,,,,,,,
81,82620,0,7,4487,6.118805713749055,7.527265511867043,16.683465221707134,16.903643230098933,1.013197378689969,0.0,-17.014029418792898,-17.014029418792898,-17.014029418792898,-20.228379017652205,-32.70224280138123,phase,36.60656219766987,40.228482972502164,5.78846548134051,37.37236017918877,41.23093102381461,5.915674448370228,36.60656219766986,40.228482972502164,5.788465481340509,37.37236017918877,41.230931023814605,5.915674448370228,-31.606526645261297,-32.06957813589554,0.08433816091693203,36.60656219766987,40.228482972502164,5.78846548134051,36.60656219766986,40.228482972502164,5.788465481340509,nan,-31.606526645261297,nan,-32.06957813589554,False,6.641931077431236,e4a211269cc27525,,6.118805713749055,7.527265511867043,0.013197378689969064,-17.014029418792898,2,-14.02509049027894,-16.836132195941673,1.0241841117729398,0.9902000962956246,0.0,,,,,,,
82,83640,0,7,3056,27.403952248555562,25.477216098879666,16.495013029694945,16.349007989297025,0.9911485344003623,0.0,-17.64263126466838,-17.64263126466838,-17.64263126466838,-22.677772229076524,13.064528258451922,phase,36.54319810368282,40.924320261573754,5.777939884332695,37.02124313264014,41.77243659349821,5.857349357581419,36.543198103682826,40.92432026157376,5.777939884332696,37.02124313264012,41.7724365934982,5.857349357581416,-31.275270988496334,-30.85659616134974,0.60976469141956,36.54319810368282,40.924320261573754,5.777939884332695,36.543198103682826,40.92432026157376,5.777939884332696,nan,-31.275270988496334,nan,-30.85659616134974,False,5.375504575659372,92cac5d96bd5102b,align_margin=5.4,,,,,,,,,,,,,,,,,
82,83640,0,7,3969,-46.641891886503586,-46.785214574377605,16.22637553505016,16.714302498931048,1.0300699908508175,0.0,-16.57637661045858,-16.57637661045858,-16.57637661045858,-23.391652196436056,-10.343138533833132,phase,37.50171117205026,41.22826509592042,5.937161324260841,36.95383079946774,40.492794425578175,5.846151295592648,37.501711172050264,41.228265095920435,5.937161324260842,36.953830799467724,40.49279442557815,5.846151295592646,-32.199531934888306,-30.47482264381271,1.5723495147945261,37.50171117205026,41.22826509592042,5.937161324260841,37.501711172050264,41.228265095920435,5.937161324260842,nan,-32.199531934888306,nan,-30.47482264381271,False,6.211650198474815,30395b093b1dd960,,-46.641891886503586,-46.785214574377605,0.03006999085081752,-16.57637661045858,3,-29.964277568681315,-33.37301717736209,1.0295736229752888,0.985141528511302,0.0,,,,,,,
83,84660,0,8,4807,56.364551160580774,55.124924672020676,20.81751259688964,20.041412037742795,0.9627188620381668,0.0,-23.58629978676319,-23.58629978676319,-23.58629978676319,-40.36471308715997,-31.242368381825262,phase,38.20244782655734,42.14222907776464,6.053562761886602,38.43778441585419,43.38761716477403,6.092655218580431,38.20244782655732,42.142229077764625,6.053562761886599,38.43778441585419,43.387617164774056,6.092655218580431,-30.33879926955837,-25.77361908134129,0.3210176168744354,38.20244782655734,42.14222907776464,6.053562761886602,38.20244782655732,42.142229077764625,6.053562761886599,nan,-30.33879926955837,nan,-25.77361908134129,False,7.016121365638,78592f038cc4a1b4,,56.364551160580774,55.124924672020676,-0.03728113796183319,-23.58629978676319,4,-10.803342919642855,-13.788294498618683,1.0228564796262878,0.9918176826512094,0.0,,,,,,,
84,85680,0,8,3748,-46.24887211108364,-45.5918311015939,12.698203526898032,12.997571428928595,1.0235756106284188,0.0,-16.70288188229644,-16.70288188229644,-16.70288188229644,-21.172304564200733,-7.8222643812554145,phase,35.79660207165881,38.85227878771031,5.653920609910102,35.93668875735847,39.49583018879797,5.677190823481474,35.7966020716588,38.852278787710304,5.653920609910101,35.93668875735847,39.49583018879798,5.677190823481474,-32.04665702202084,-31.63232406627554,0.4071934294213566,35.79660207165881,38.85227878771031,5.653920609910102,35.7966020716588,38.852278787710304,5.653920609910101,nan,-32.04665702202084,nan,-31.63232406627554,False,6.519234290765357,98104957d590d159,,-46.24887211108364,-45.5918311015939,0.02357561062841884,-16.70288188229644,5,-26.628735397767855,-29.87707892410213,1.027076511192462,0.9878199576467158,0.0,,,,,,,
85,86700,0,8,6993,67.8149583837409,65.12871471662972,15.989212943201972,16.167666715201225,1.011160885318944,0.0,-16.555050520194644,-16.555050520194644,-16.555050520194644,-25.875836511581944,2.918540974251508,phase,30.15314036812793,31.243887688387282,4.716468499689025,29.898768776564133,31.437390017574227,4.6742140824857366,30.15314036812792,31.243887688387275,4.716468499689023,29.898768776564122,31.437390017574216,4.674214082485735,-31.956231048069355,-29.971965600757137,0.9710236413641162,30.15314036812793,31.243887688387282,4.716468499689025,30.15314036812792,31.243887688387275,4.716468499689023,nan,-31.956231048069355,nan,-29.971965600757137,False,5.210281821912956,f0b436419d33a2b2,align_margin=5.2,,,,,,,,,,,,,,,,,
85,86700,0,7,1112,12.625643977633416,11.992232828216785,19.93421231398931,19.529649180532438,0.9797050855541977,0.0,-18.904136629368008,-18.904136629368008,-18.904136629368008,-31.363426603226735,-12.334342967456827,phase,37.85094044588073,43.01111505672223,5.995172831541651,37.90544000536225,42.46149960673342,6.004225914512003,37.85094044588072,43.01111505672219,5.995172831541648,37.90544000536226,42.461499606733426,6.004225914512004,-32.088375949853756,-28.21416967109748,-0.36390560950951567,37.85094044588073,43.01111505672223,5.995172831541651,37.85094044588072,43.01111505672219,5.995172831541648,nan,-32.088375949853756,nan,-28.21416967109748,False,7.0516656642080475,6004c74c6148a76a,,12.625643977633416,11.992232828216785,-0.020294914445802337,-18.904136629368008,6,-22.326256133549116,-25.628044008999723,1.0234287359557719,0.9914009855694884,0.0,,,,,,,
86,87720,0,7,2692,72.99467497621592,70.11881982856451,15.796244764088605,15.826262254234084,1.00190029279704,0.0,-22.301823594844087,-22.301823594844087,-22.301823594844087,-31.405664724749837,-17.39097908709844,phase,36.44282222472785,41.01818403520498,5.761266150287018,36.888035254082986,41.904957693888676,5.835221803003819,36.44282222472785,41.01818403520498,5.761266150287018,36.888035254082986,41.904957693888676,5.835221803003819,-30.775649289506198,-27.912324816097772,1.164817462698359,36.44282222472785,41.01818403520498,5.761266150287018,36.44282222472785,41.01818403520498,5.761266150287018,nan,-30.775649289506198,nan,-27.912324816097772,False,6.577998482127672,d65ee4f024bb1179,,72.99467497621592,70.11881982856451,0.0019002927970399597,-22.301823594844087,7,2.637022054859745,-0.8735931891831505,1.0237690784504356,0.9910719192652413,0.0,,,,,,,
87,88740,0,7,1747,-64.66652439053999,-62.64643084750268,18.951464526572465,18.252336274760754,0.9631095395909144,0.0,-20.108633404332444,-20.108633404332444,-20.108633404332444,-29.150446608278177,15.790522218239563,phase,37.61565428673134,41.355236079552036,5.956088751948728,37.721517967158775,41.27027722588353,5.973674080923385,37.61565428673135,41.355236079552036,5.95608875194873,37.72151796715878,41.27027722588355,5.973674080923386,-31.82989899130536,-28.755682128078156,-0.8816198052568343,37.61565428673134,41.355236079552036,5.956088751948728,37.61565428673135,41.355236079552036,5.95608875194873,nan,-31.82989899130536,nan,-28.755682128078156,False,7.665089496682545,332dffbd5f1f477c,,-64.66652439053999,-62.64643084750268,-0.03689046040908561,-20.108633404332444,8,-19.47077941434116,-22.997366822969052,1.0171597987355268,0.9977151847838805,0.0,,,,,,,
88,89760,0,8,6239,-30.449157235962048,-28.920778219678276,15.608476124249108,15.409524020119132,0.987253585644989,0.0,-20.827608567050145,-20.827608567050145,-20.827608567050145,-23.927644247703064,-15.413518198778267,phase,36.86143106577303,40.54955128639456,5.830802502620106,36.61669085480766,40.132859600771766,5.7901479825261895,36.86143106577303,40.549551286394575,5.830802502620106,36.61669085480764,40.13285960077174,5.790147982526188,-31.54614514912163,-30.482549149415036,-0.2721745144626144,36.86143106577303,40.54955128639456,5.830802502620106,36.86143106577303,40.549551286394575,5.830802502620106,nan,-31.54614514912163,nan,-30.482549149415036,False,6.055338817540641,4e6a721a1a0bab9e,,-30.449157235962048,-28.920778219678276,-0.012746414355011004,-20.827608567050145,9,-29.948194119321762,-33.142819684929876,1.0148908991900367,0.9999694444636931,0.0,,,,,,,
89,90780,0,8,5631,6.005052737715701,5.189536111025504,14.720998561819322,15.233632313684138,1.0348233001798122,0.0,-23.825168285936307,-23.825168285936307,-23.825168285936307,-25.825258210355326,8.63359073476498,phase,36.8462460770155,40.783765362156984,5.828280079238456,36.45181023494768,40.09558595374321,5.762759175240479,36.846246077015515,40.783765362157,5.828280079238458,36.45181023494768,40.09558595374321,5.762759175240479,-30.522840870751246,-29.924370980154936,-0.5365200894961362,36.8462460770155,40.783765362156984,5.828280079238456,36.846246077015515,40.783765362157,5.828280079238458,nan,-30.522840870751246,nan,-29.924370980154936,False,5.635704497254237,d654c30b48213aae,align_margin=5.6,,,,,,,,,,,,,,,,,
89,90780,0,7,3200,23.55156492449342,22.519735727967912,16.8084619945892,17.112707413438933,1.0181007292010222,0.0,-18.229239963417562,-18.229239963417562,-18.229239963417562,-18.231932501882987,-0.7386726668966704,phase,37.21091868264455,42.156955965660956,5.888856924027334,37.11526015767036,40.403204519206184,5.872966803599729,37.210918682644525,42.15695596566092,5.888856924027331,37.115260157670356,40.40320451920618,5.872966803599728,-31.268800162581442,-32.92136848135249,0.5048411096973346,37.21091868264455,42.156955965660956,5.888856924027334,37.210918682644525,42.15695596566092,5.888856924027331,nan,-31.268800162581442,nan,-32.92136848135249,False,5.657295706976704,7fbe15931c534a17,align_margin=5.7,,,,,,,,,,,,,,,,,
89,90780,0,8,2772,72.25839925046526,71.84374939355854,17.988644240772768,18.61120189155199,1.034608369727394,0.0,-16.847419419220685,-16.847419419220685,-16.847419419220685,-17.20591328271447,1.2165953366177336,phase,37.52112926291622,42.65279351218153,5.940386920750203,37.509564494716884,42.61226810976404,5.938465862909782,37.521129262916226,42.65279351218153,5.940386920750204,37.5095644947169,42.61226810976406,5.938465862909784,-32.51238068734315,-33.25356198049282,-0.2085528825629197,37.52112926291622,42.65279351218153,5.940386920750203,37.521129262916226,42.65279351218153,5.940386920750204,nan,-32.51238068734315,nan,-33.25356198049282,False,6.638007285645795,6a1c9a4b8d13bdf7,,72.25839925046526,71.84374939355854,0.034608369727394006,-16.847419419220685,10,-5.028826177559143,-7.996739045204425,1.0210375500976607,0.9941157515872642,0.0,,,,,,,
90,91800,0,8,4676,40.47209182061321,38.23914855234509,10.302810198096276,10.427500454760683,1.0121025481656885,0.0,-17.573262882204677,-17.573262882204677,-17.573262882204677,-19.6380974579453,27.63505502585144,phase,35.54132515796734,39.08207237449862,5.61151580697132,35.683081736447676,38.25806775422613,5.635063411370046,35.54132515796735,39.08207237449864,5.611515806971322,35.68308173644767,38.25806775422613,5.635063411370045,-31.23257246673685,-32.24434461190982,1.6782007328619484,35.54132515796734,39.08207237449862,5.61151580697132,35.54132515796735,39.08207237449864,5.611515806971322,nan,-31.23257246673685,nan,-32.24434461190982,False,7.614302381753128,861d4e7d2afbc0a9,,40.47209182061321,38.23914855234509,0.012102548165688454,-17.573262882204677,11,8.844544234586559,5.46618212061713,1.0232000524202416,0.9920354451866523,0.0,,,,,,,
91,92820,0,8,812,13.006618005521716,12.775003784144936,21.9448232426622,21.886741557285266,0.9973532853404798,0.0,-20.542512089142594,-20.542512089142594,-20.542512089142594,-29.18368760829837,10.867384971023652,phase,37.695210078672176,43.826303602779234,5.969303999779432,38.20289938970252,44.15311045300627,6.0536377723758354,37.69521007867216,43.82630360277923,5.96930399977943,38.20289938970254,44.153110453006306,6.053637772375837,-31.57951513659913,-28.46309006707342,-1.7283977128803514,37.695210078672176,43.826303602779234,5.969303999779432,37.69521007867216,43.82630360277923,5.96930399977943,nan,-31.57951513659913,nan,-28.46309006707342,False,6.372634858867744,052df8e5c40cf102,,13.006618005521716,12.775003784144936,-0.002646714659520155,-20.542512089142594,12,13.293641252481262,9.97333087840114,1.0227261316690281,0.9924961506247083,0.0,,,,,,,
92,93840,0,7,7884,-71.78194647773049,-72.54981201390439,17.321045580132807,16.922850879096856,0.9770109316326331,0.0,-16.44782703517148,-16.44782703517148,-16.44782703517148,-20.728876601883442,-13.149856412278693,phase,37.29285756258379,42.46506229783477,5.902468033651793,37.2544756771276,42.221953205850056,5.896092305170699,37.2928575625838,42.465062297834784,5.902468033651794,37.254475677127616,42.22195320585009,5.896092305170701,-31.788940926078965,-31.850415011164888,1.6205427391055238,37.29285756258379,42.46506229783477,5.902468033651793,37.2928575625838,42.465062297834784,5.902468033651794,nan,-31.788940926078965,nan,-31.850415011164888,False,6.0759297585353895,747be502606c6fd3,,-71.78194647773049,-72.54981201390439,-0.022989068367366916,-16.44782703517148,13,-11.271763394220507,-15.611084929039258,1.0186116155006726,0.9965830018526809,0.0,,,,,,,
93,94860,0,7,5808,-46.64934251157571,-46.55740803158999,17.87419901526049,17.849082779730036,0.9985948329483737,0.0,-17.779897419841223,-17.779897419841223,-17.779897419841223,-18.483479156894152,-0.3895099021906827,phase,37.08815108862633,41.25668996868867,5.868463635984441,37.6016734480235,41.75889633213782,5.953766353492276,37.08815108862634,41.25668996868868,5.868463635984442,37.601673448023504,41.75889633213782,5.953766353492277,-31.483844776342053,-32.58445928997804,-0.2844139497405189,37.08815108862633,41.25668996868867,5.868463635984441,37.08815108862634,41.25668996868868,5.868463635984442,nan,-31.483844776342053,nan,-32.58445928997804,False,6.40500783491877,7244f036796369a4,,-46.64934251157571,-46.55740803158999,-0.0014051670516262993,-17.779897419841223,14,-27.30070870624333,-31.9620489538755,1.0183611345915842,0.9968284106727916,0.0,,,,,,,
94,95880,0,8,4175,-21.094204867031223,-19.029488630163897,17.560660656773663,17.58277261132764,1.0012591755507472,0.0,-20.991217260418413,-20.991217260418413,-20.991217260418413,-21.313313428111428,-23.483604572054,phase,37.070033127152065,40.84034244627105,5.86545400783257,37.6824763701064,41.83124166692355,5.967188765798406,37.07003312715207,40.84034244627106,5.865454007832571,37.682476370106414,41.83124166692355,5.967188765798409,-29.988976807513886,-31.385384899728933,-1.6463657892889465,37.070033127152065,40.84034244627105,5.86545400783257,37.07003312715207,40.84034244627106,5.865454007832571,nan,-29.988976807513886,nan,-31.385384899728933,False,6.49831493926917,fb2eb80638a5b774,,-21.094204867031223,-19.029488630163897,0.0012591755507471714,-20.991217260418413,15,-34.550564825724834,-38.643560986685735,1.018585536294023,0.9966090300679589,0.0,,,,,,,
95,96900,0,8,3160,28.092315593022747,27.668169824885886,17.324381555217215,17.317562981306185,0.9996064174707018,0.0,-23.753944437087306,-23.753944437087306,-23.753944437087306,-28.302398899138723,-3.826443254469817,phase,36.81670655329966,41.029521389285875,5.82337318161124,37.05990909472309,41.61828832683306,5.8637722748709455,36.81670655329965,41.02952138928586,5.823373181611239,37.059909094723096,41.61828832683306,5.863772274870947,-30.664602409820084,-29.147722219452326,-0.7494155314082533,36.81670655329966,41.029521389285875,5.82337318161124,36.81670655329965,41.02952138928586,5.823373181611239,nan,-30.664602409820084,nan,-29.147722219452326,False,5.938621002128452,d2a83ece1d6e26d0,align_margin=5.9,,,,,,,,,,,,,,,,,
95,96900,0,8,563,52.55640591628449,51.48920191232277,15.341698661381264,15.269970456314002,0.9953246243033167,0.0,-17.025486113615333,-17.025486113615333,-17.025486113615333,-17.991657123523574,-2.2539435586115095,phase,36.75278727936326,41.24532413561802,5.812755362020476,36.634866321759134,40.440871452418044,5.793167163082913,36.75278727936327,41.245324135618034,5.812755362020477,36.634866321759134,40.44087145241804,5.793167163082913,-31.48853929772638,-32.64869036666491,1.440138919060253,36.75278727936326,41.24532413561802,5.812755362020476,36.75278727936327,41.245324135618034,5.812755362020477,nan,-31.48853929772638,nan,-32.64869036666491,False,6.510949678161962,367c7431e5fb58e4,,52.55640591628449,51.48920191232277,-0.004675375696683304,-17.025486113615333,16,-16.49146088672115,-20.561022974679062,1.017752139033281,0.9974282766401702,0.0,,,,,,,
96,97920,0,8,3417,22.12529800621253,22.06662739384334,22.636638862186505,22.24131013472568,0.9825358910451496,0.0,-17.67957002176557,-17.67957002176557,-17.67957002176557,-18.113966870847108,-17.299615668763344,phase,28.780198098054186,30.72923083670154,4.488404999676775,28.91761037046229,30.82409792769859,4.511230958548554,28.780198098054186,30.729230836701532,4.488404999676775,28.917610370462295,30.824097927698592,4.511230958548554,-31.119926901593185,-32.50013670608368,-0.5746850572559374,28.780198098054186,30.72923083670154,4.488404999676775,28.780198098054186,30.729230836701532,4.488404999676775,nan,-31.119926901593185,nan,-32.50013670608368,False,5.831536672200161,280a6af1fd683ec1,align_margin=5.8,,,,,,,,,,,,,,,,,
96,97920,0,8,1164,8.071837219728003,8.657450999762084,14.060761732834203,14.064749060065742,1.0002835783229458,0.0,-23.61180787775749,-23.61180787775749,-23.61180787775749,-27.37487784498376,-16.174181024363104,phase,36.26792647183216,40.330565486503545,5.732213699639895,36.62228694045006,40.161927095197356,5.791077564858814,36.26792647183217,40.330565486503545,5.732213699639896,36.62228694045006,40.161927095197356,5.791077564858814,-30.63044037871446,-29.318366498681723,-1.7840923617434576,36.26792647183216,40.330565486503545,5.732213699639895,36.26792647183217,40.330565486503545,5.732213699639896,nan,-30.63044037871446,nan,-29.318366498681723,False,8.253871324465893,7602a69075f2f26f,,8.071837219728003,8.657450999762084,0.0002835783229457878,-23.61180787775749,17,-13.715595409702077,-17.523102433541382,1.0178026462111143,0.9973787920912746,0.0,,,,,,,
97,98940,0,8,283,-8.694821264559927,-6.451608781399301,16.58425994056791,16.41550329316619,0.9898242883308338,0.0,-22.79294802058709,-22.79294802058709,-22.79294802058709,-26.98368456828878,-2.5768624294450695,phase,36.84244783531399,41.14233274413628,5.827649142078736,37.111153681859186,41.41884060171675,5.872284664760663,36.842447835314,41.142332744136276,5.827649142078738,37.11115368185918,41.41884060171674,5.872284664760661,-30.891333865826894,-29.506351611278223,-0.20391721635363602,36.84244783531399,41.14233274413628,5.827649142078736,36.842447835314,41.142332744136276,5.827649142078738,nan,-30.891333865826894,nan,-29.506351611278223,False,6.781607762291214,f3087e406d1385f8,,-8.694821264559927,-6.451608781399301,-0.010175711669166199,-22.79294802058709,18,-16.705553682973015,-19.787099915135226,1.0159901946149215,0.9991731326103539,0.0,,,,,,,
98,99960,0,7,5395,40.22615431676277,37.2063097715304,15.296194444188853,15.984940767111096,1.045027299138702,0.0,-20.593086381889147,-20.593086381889147,-20.593086381889147,-20.592582915487213,14.912483790784957,phase,37.31565324929611,41.0013662741217,5.906254692574105,37.13527347481146,39.871911099592324,5.8762912748856255,37.31565324929612,41.00136627412172,5.906254692574107,37.13527347481147,39.87191109959232,5.876291274885627,-30.377715007117384,-31.886183646082706,1.568908123167061,37.31565324929611,41.0013662741217,5.906254692574105,37.31565324929612,41.00136627412172,5.906254692574107,nan,-30.377715007117384,nan,-31.886183646082706,False,5.815773795895317,f8c26756bab6b4c7,align_margin=5.8,,,,,,,,,,,,,,,,,
98,99960,0,7,7072,41.12625812980444,38.632733498866315,17.839058664469526,17.593887818857475,0.9862565144146107,0.0,-16.84076952410606,-16.84076952410606,-16.84076952410606,-17.60767032866552,-9.444886762482751,phase,37.17309105399311,41.452024974705694,5.88257326478291,37.413491948963284,42.42793197376362,5.922506968266327,37.1730910539931,41.452024974705665,5.882573264782907,37.413491948963284,42.42793197376362,5.922506968266327,-32.518665116157436,-32.81843842737074,1.4457124219759443,37.17309105399311,41.452024974705694,5.88257326478291,37.1730910539931,41.452024974705665,5.882573264782907,nan,-32.518665116157436,nan,-32.81843842737074,False,5.968322659305679,3870db6d0374799e,align_margin=6.0,,,,,,,,,,,,,,,,,
98,99960,0,8,1684,-38.22416355430001,-36.5004024493732,16.848608797320704,16.398609309690702,0.9732915938020021,0.0,-18.26285527726789,-18.26285527726789,-18.26285527726789,-19.56456450116521,-2.4425725228096096,phase,36.88794470054261,40.09340226196973,5.835206760887478,37.009257307224345,41.92004653569785,5.855358356681785,36.887944700542604,40.09340226196972,5.835206760887477,37.009257307224345,41.920046535697864,5.855358356681785,-32.320676630279486,-32.23301583436576,-0.7698639656143778,36.88794470054261,40.09340226196973,5.835206760887478,36.887944700542604,40.09340226196972,5.835206760887477,nan,-32.320676630279486,nan,-32.23301583436576,False,7.916028244989159,6f40aa5917b1151c,,-38.22416355430001,-36.5004024493732,-0.026708406197997858,-18.26285527726789,19,-29.87345364393246,-32.57281286150457,1.0112414858230039,1.0039713928235512,0.0,,,,,,,
99,100980,0,8,3892,-14.930016173869454,-14.25858960257596,19.110182421006492,18.85967129455284,0.9868912226511096,0.0,-19.869208609188284,-19.869208609188284,-19.869208609188284,-19.908079855111286,16.221575621668304,phase,37.23702014740317,42.34876213617409,5.893192715515478,37.634670102190405,42.58415900996742,5.959247525280799,37.23702014740317,42.34876213617411,5.893192715515478,37.6346701021904,42.584159009967415,5.959247525280798,-31.507925529406027,-31.643777564781868,-0.004786325358004717,37.23702014740317,42.34876213617409,5.893192715515478,37.23702014740317,42.34876213617411,5.893192715515478,nan,-31.507925529406027,nan,-31.643777564781868,False,6.6021010809615674,f7b7f1d50e3d1fdb,,-14.930016173869454,-14.25858960257596,-0.013108777348890377,-19.869208609188284,20,-35.0408698685561,-37.543578359977964,1.0089216614133714,1.0063051318430547,0.0,20,-19.26709076543478,0.5479150345645767,-19.26709076543478,move+1:OK,1,29
100,102000,0,7,1747,-32.43343148105753,-31.783691370790493,19.617476497019204,19.5524608577931,0.9966858306553351,0.0,-18.68391509956211,-18.68391509956211,-18.68391509956211,-18.777233089513313,-1.011048869350781,phase,37.57867886556258,41.41504954696614,5.949946655409067,37.97685019770326,42.38145889876935,6.016088072708183,37.57867886556258,41.41504954696614,5.949946655409067,37.97685019770326,42.38145889876934,6.016088072708183,-32.6661580365862,-32.624446273545445,-0.673144815386415,37.57867886556258,41.41504954696614,5.949946655409067,37.57867886556258,41.41504954696614,5.949946655409067,nan,-32.6661580365862,nan,-32.624446273545445,False,8.062444423029518,ea6b40015cd8e884,,-32.43343148105753,-31.783691370790493,-0.0033141693446648857,-18.68391509956211,1,-46.29219041456147,-48.59816968398568,1.0083365073961221,1.0068907090283945,0.0,,,,,,,
101,103020,0,8,2115,0.8177008253252751,0.7302505248333375,17.464296614663688,17.541984660709648,1.00444839249814,0.0,-15.97882849909497,-15.97882849909497,-15.97882849909497,-16.00658537787943,-3.751700139148922,phase,37.32300003353966,41.59555804952149,5.907475088627851,37.1112147293216,41.4512317203783,5.872294805535151,37.323000033539664,41.5955580495215,5.9074750886278515,37.11121472932159,41.45123172037829,5.872294805535148,-34.19234502377773,-34.245881610027766,0.5727154426076098,37.32300003353966,41.59555804952149,5.907475088627851,37.323000033539664,41.5955580495215,5.9074750886278515,nan,-34.19234502377773,nan,-34.245881610027766,False,7.861704579729826,28589bf2b5550dab,,0.8177008253252751,0.7302505248333375,0.004448392498139997,-15.97882849909497,2,-46.008361269464956,-48.34433112792402,1.009121465793265,1.0061103474944026,0.0,,,,,,,
102,104040,0,8,6404,49.505845433658024,49.36287360276171,15.853122986665868,15.542126294295072,0.9803826228666505,0.0,-12.985765000209046,-12.985765000209046,-12.985765000209046,-14.358301390288686,-20.103334595326864,phase,36.80724010686418,40.464124974781015,5.821800682203353,37.023350252177444,41.29613668712631,5.857699377438115,36.807240106864185,40.46412497478103,5.821800682203354,37.02335025217743,41.29613668712629,5.857699377438112,-33.99513044539968,-34.607345805580096,0.7134111539860513,36.80724010686418,40.464124974781015,5.821800682203353,36.807240106864185,40.46412497478103,5.821800682203354,nan,-33.99513044539968,nan,-34.607345805580096,False,6.249077686059795,6437f0cbd8e7644e,,49.505845433658024,49.36287360276171,-0.019617377133349545,-12.985765000209046,3,-28.83793482515222,-31.172252733150614,1.0056571104288956,1.009633480188961,0.0,,,,,,,
103,105060,0,7,4355,4.05082605320753,4.225592316472046,15.341098232888427,15.298236633301787,0.9972060931404015,0.0,-19.807916609350055,-19.807916609350055,-19.807916609350055,-20.049605287206333,-13.42296069663663,phase,36.885953838664,40.04015778604918,5.83487605293422,36.62404922424295,40.02048392919302,5.791370303030392,36.885953838664,40.04015778604917,5.83487605293422,36.62404922424296,40.02048392919302,5.7913703030303925,-32.129352839777646,-32.00161584948118,1.0071453705327045,36.885953838664,40.04015778604918,5.83487605293422,36.885953838664,40.04015778604917,5.83487605293422,nan,-32.129352839777646,nan,-32.00161584948118,False,6.6362873505137205,fa59fb48de3bd7ae,,4.05082605320753,4.225592316472046,-0.0027939068595984606,-19.807916609350055,4,-27.4281211780156,-29.707406984881235,1.0051654107765302,1.0101285070815385,0.0,,,,,,,
104,106080,0,7,6692,75.26803857398353,75.45145487923244,9.920126098150558,10.904071612007243,1.0991867950186769,0.0,-15.470121363404578,-15.470121363404578,-15.470121363404578,-20.71448392742418,9.594838072471882,phase,35.051239991517555,38.269006030690875,5.5301063108833155,35.70308602749154,39.214613253291176,5.638386383304243,35.051239991517555,38.269006030690875,5.5301063108833155,35.70308602749155,39.21461325329118,5.638386383304245,-32.74178256927634,-31.69861901546613,0.8822269380755721,35.051239991517555,38.269006030690875,5.5301063108833155,35.051239991517555,38.269006030690875,5.5301063108833155,nan,-32.74178256927634,nan,-31.69861901546613,False,6.318691160781655,992cc88ab219ee0b,,75.26803857398353,75.45145487923244,0.09918679501867689,-15.470121363404578,5,-1.2196850157101444,-3.5641895401728085,1.0226127594992775,0.994177172253844,0.0,,,,,,,
105,107100,0,8,4331,-32.203356603048135,-30.848880674230664,17.69313231623506,17.47815572634049,0.9878497155816038,0.0,-19.26412674672505,-19.26412674672505,-19.26412674672505,-29.054524045277557,-1.2824126966639082,phase,37.5361823939675,41.1401891218338,5.94288744085839,37.7659198261194,42.112698405183615,5.981049805003224,37.5361823939675,41.14018912183379,5.94288744085839,37.7659198261194,42.11269840518359,5.981049805003224,-32.39623517783224,-28.754299738966907,0.5555051855424091,37.5361823939675,41.1401891218338,5.94288744085839,37.5361823939675,41.14018912183379,5.94288744085839,nan,-32.39623517783224,nan,-28.754299738966907,False,6.855609491985518,43a34399dd41d5e3,,-32.203356603048135,-30.848880674230664,-0.012150284418396162,-19.26412674672505,6,-12.241623385211595,-14.424535701112317,1.020438378220663,0.9963170915781703,0.0,,,,,,,
106,108120,0,7,2132,14.20849729402093,12.103752243453641,14.8785916262601,14.962098341694794,1.0056125416660613,0.0,-16.100069496268258,-16.100069496268258,-16.100069496268258,-18.44471315131944,33.165387822833466,phase,36.4844177987021,40.938108446993425,5.768175714070116,36.53444538521693,40.99546977009841,5.776485944388194,36.4844177987021,40.938108446993425,5.768175714070116,36.53444538521691,40.995469770098396,5.776485944388192,-32.50883997866058,-32.77290236246323,3.0388271511617653,36.4844177987021,40.938108446993425,5.768175714070116,36.4844177987021,40.938108446993425,5.768175714070116,nan,-32.50883997866058,nan,-32.77290236246323,False,7.694192774055391,6db32f932ef64f83,,14.20849729402093,12.103752243453641,0.005612541666061288,-16.100069496268258,7,-7.368253117054204,-10.17256278905634,1.02144064748086,0.9953439757730812,0.0,,,,,,,
107,109140,0,8,5472,49.2350596734885,46.797403697650076,15.953632579945891,15.648722737384187,0.9808877482270099,0.0,-12.58119326367919,-12.58119326367919,-12.58119326367919,-19.277686118482976,-1.2215695653580931,phase,36.76806602828507,41.43841473404947,5.815293360180245,36.69854387276007,40.92744217572437,5.803744829362138,36.76806602828507,41.43841473404946,5.815293360180245,36.69854387276007,40.92744217572437,5.803744829362138,-35.499607362200756,-32.18136673370872,0.4922701339295452,36.76806602828507,41.43841473404947,5.815293360180245,36.76806602828507,41.43841473404946,5.815293360180245,nan,-35.499607362200756,nan,-32.18136673370872,False,6.323138578209139,126a826c4e79419f,,49.2350596734885,46.797403697650076,-0.01911225177299014,-12.58119326367919,8,9.502302140581437,6.283146687113369,1.0180242920863414,0.9987379128698751,0.0,,,,,,,
108,110160,0,8,5839,-49.278961139898314,-50.051147952020585,15.872666254649136,15.569046677922795,0.9808715453437188,0.0,-12.980415203492246,-12.980415203492246,-12.980415203492246,-15.650776957615985,9.582453823870907,phase,36.90221831805696,40.24447147044743,5.83757779369717,37.60483806874465,41.1676385351138,5.95429203799745,36.90221831805697,40.24447147044742,5.837577793697172,37.60483806874464,41.167638535113795,5.954292037997449,-34.8014015635985,-34.1135500593768,0.6708075911038947,36.90221831805696,40.24447147044743,5.83757779369717,36.90221831805697,40.24447147044742,5.837577793697172,nan,-34.8014015635985,nan,-34.1135500593768,False,6.932161164915548,79b18b87f7bb4336,,-49.278961139898314,-50.051147952020585,-0.019128454656281213,-12.980415203492246,9,-7.4399619419553975,-11.256892153376306,1.0146164765720622,1.0021463660662624,0.0,,,,,,,
109,111180,0,8,5179,-21.774765093718685,-22.42133750659545,16.394603068354222,17.184507557075452,1.0481807632321363,0.0,-14.59474292172763,-14.59474292172763,-14.59474292172763,-14.595683964628106,14.921761651551108,phase,37.02731405298279,39.776294505112126,5.858357816110098,37.48685027015162,41.3572830740527,5.934692735905585,37.02731405298278,39.77629450511212,5.8583578161100975,37.48685027015162,41.35728307405272,5.934692735905585,-33.58357207091529,-35.05684953180577,-0.47438859858093174,37.02731405298279,39.776294505112126,5.858357816110098,37.02731405298278,39.77629450511212,5.8583578161100975,nan,-33.58357207091529,nan,-35.05684953180577,False,6.129209904137715,bb750b963c6659ee,,-21.774765093718685,-22.42133750659545,0.04818076323213627,-14.59474292172763,10,-14.951339845604345,-19.087552816361267,1.0231713509121623,0.9940850361562029,0.0,,,,,,,
110,112200,0,7,8023,-48.83587665158911,-48.09813066731587,15.856816870023847,15.771323608172828,0.9946084221977339,0.0,-14.187249095678089,-14.187249095678089,-14.187249095678089,-19.41347255397594,1.3045354366347794,phase,36.97214376043378,40.87922911907816,5.8491933156866756,37.410618692795964,41.442856003663394,5.922029683188699,36.97214376043378,40.87922911907817,5.8491933156866756,37.41061869279597,41.44285600366342,5.9220296831887005,-33.27900611469877,-32.169136889134,0.10332239220166706,36.97214376043378,40.87922911907816,5.8491933156866756,36.97214376043378,40.87922911907817,5.8491933156866756,nan,-33.27900611469877,nan,-32.169136889134,False,6.308512671198544,8c089332023d52ea,,-48.83587665158911,-48.09813066731587,-0.005391577802266068,-14.187249095678089,11,-31.656808399642816,-36.022065580634816,1.0222059620220512,0.9950280657662536,0.0,,,,,,,
111,113220,0,8,3512,67.33625895189249,65.56528375409702,18.538965306507592,18.246075282187295,0.9842013823599159,0.0,-16.282852510347166,-16.282852510347166,-16.282852510347166,-19.574743489180367,-2.091153125755286,phase,37.022660893877884,42.163103380433185,5.857584866092672,37.68238475777535,41.9547807170204,5.967173547803215,37.02266089387788,42.163103380433185,5.8575848660926715,37.68238475777536,41.954780717020405,5.967173547803217,-32.54124865901423,-32.389590924109605,0.7804935898578975,37.022660893877884,42.163103380433185,5.857584866092672,37.02266089387788,42.163103380433185,5.8575848660926715,nan,-32.54124865901423,nan,-32.389590924109605,False,6.11417797059578,b924eeed0add8ff1,,67.33625895189249,65.56528375409702,-0.015798617640084056,-16.282852510347166,12,-8.601092126434494,-12.959550960745954,1.019379809821956,0.9978232375074652,0.0,,,,,,,
112,114240,0,7,4347,-25.073506322045915,-24.58057623875179,15.811034684529883,17.01395052804266,1.076080779500772,0.0,-14.263728840252211,-14.263728840252211,-14.263728840252211,-16.17549377777926,-0.7361522213158787,phase,37.322117027131895,40.85151547535513,5.907328409822575,37.33505348468135,40.444073189226835,5.9094773230367705,37.322117027131895,40.851515475355114,5.907328409822575,37.33505348468134,40.44407318922681,5.909477323036768,-33.504769204521075,-33.7588365193365,0.48742376325824355,37.322117027131895,40.85151547535513,5.907328409822575,37.322117027131895,40.851515475355114,5.907328409822575,nan,-33.504769204521075,nan,-33.7588365193365,False,6.939598125700495,fd65f306405ab903,,-25.073506322045915,-24.58057623875179,0.07608077950077208,-14.263728840252211,13,-17.209980715515762,-21.58152062448488,1.0329519716662114,0.9854773663117776,0.0,,,,,,,
113,115260,0,7,6553,42.835852750069485,40.645048821126,16.12157323920329,15.897015870247728,0.986071001531693,0.0,-16.319449301323594,-16.319449301323594,-16.319449301323594,-31.455137960742526,-26.627186794109676,phase,29.783504534176835,31.746596024400443,4.655067198368245,29.299598249826996,31.14395559048562,4.574684094655647,29.78350453417683,31.74659602440044,4.655067198368244,29.299598249827,31.143955590485625,4.574684094655648,-32.26621311463876,-28.1265131613455,0.23226417765710572,29.783504534176835,31.746596024400443,4.655067198368245,29.78350453417683,31.74659602440044,4.655067198368244,nan,-32.26621311463876,nan,-28.1265131613455,False,6.162058848183059,7b3316818c1b2c9b,,42.835852750069485,40.645048821126,-0.013928998468306975,-16.319449301323594,14,-2.695706215085245,-7.146113405915173,1.030434074040756,0.9879134735731235,0.0,,,,,,,
114,116280,0,7,6196,-31.5056528007704,-28.762412464990305,17.437621561171145,16.475706473530355,0.9448367953011026,0.0,-19.973313813680907,-19.973313813680907,-19.973313813680907,-38.76659239101892,23.56476691302644,phase,36.96920154129821,41.42830758398647,5.848704574966481,36.647776559888534,41.1438130028512,5.795311720911718,36.96920154129821,41.42830758398646,5.848704574966481,36.647776559888555,41.14381300285123,5.795311720911721,-32.24992464723296,-26.268128712119022,-2.6872939258358786,36.96920154129821,41.42830758398647,5.848704574966481,36.96920154129821,41.42830758398646,5.848704574966481,nan,-32.24992464723296,nan,-26.268128712119022,False,7.1211925267883105,0e4e9a0537bd5b55,,-31.5056528007704,-28.762412464990305,-0.05516320469889735,-19.973313813680907,15,-13.397000706472083,-17.336119547178185,1.020486716033626,0.9980071562617572,0.0,,,,,,,
115,117300,0,8,5600,-43.863792395727145,-42.28777258523589,16.304710507447794,15.96810404895879,0.9793552631102989,0.0,-14.903188656309489,-14.903188656309489,-14.903188656309489,-20.595889811842717,-5.728616744147093,phase,36.721323662179906,40.81560646769714,5.807528847538191,36.789028064822446,41.15554010736351,5.818775426050241,36.7213236621799,40.81560646769713,5.807528847538189,36.78902806482245,41.155540107363535,5.818775426050242,-34.07233076945481,-31.830555273913518,-0.48021108193922935,36.721323662179906,40.81560646769714,5.807528847538191,36.7213236621799,40.81560646769713,5.807528847538189,nan,-34.07233076945481,nan,-31.830555273913518,False,6.555155803339603,1cfc5b10f727eed5,,-43.863792395727145,-42.28777258523589,-0.020644736889701143,-14.903188656309489,16,-28.44112337587352,-32.166394372332476,1.0167998720770348,1.001688791811134,0.0,,,,,,,
116,118320,0,8,5763,-11.75306427276601,-13.669151059105424,16.81440121058064,16.71275327511182,0.9939547097636245,0.0,-16.56972372496027,-16.56972372496027,-16.56972372496027,-16.668488600711008,-24.85604337701867,phase,37.3481395324679,41.042482633928685,5.911651085127558,36.80058232552264,39.78538309256742,5.820694738458911,37.34813953246791,41.04248263392869,5.911651085127561,36.80058232552264,39.785383092567436,5.820694738458911,-32.21648034638809,-33.62706876334448,1.7469244515728821,37.3481395324679,41.042482633928685,5.911651085127558,37.34813953246791,41.04248263392869,5.911651085127561,nan,-32.21648034638809,nan,-33.62706876334448,False,5.792727708933399,80395296712f1843,align_margin=5.8,,,,,,,,,,,,,,,,,
116,118320,0,7,4380,40.85308952555286,41.554160718607356,14.527680747370068,14.44095554454913,0.994030347697678,0.0,-16.430667106185734,-16.430667106185734,-16.430667106185734,-16.53961756952308,18.71088221480641,phase,36.368295823680754,40.20118890566559,5.748886349448631,36.685808611833664,40.032221575628625,5.801629337513899,36.36829582368075,40.201188905665575,5.74888634944863,36.68580861183368,40.03222157562863,5.8016293375139005,-32.328284208625504,-33.85035769150723,0.9138696820091372,36.368295823680754,40.20118890566559,5.748886349448631,36.36829582368075,40.201188905665575,5.74888634944863,nan,-32.328284208625504,nan,-33.85035769150723,False,7.259397113294266,719cd3d2500f9f6e,,40.85308952555286,41.554160718607356,-0.005969652302322048,-16.430667106185734,17,-14.378787485984452,-17.646958425349453,1.0157376322799994,1.002741529705723,0.0,,,,,,,
117,119340,0,8,3149,-36.45901778673858,-37.077328929233346,17.926492726100633,18.759882989397695,1.0464893092045642,0.0,-15.80850052047591,-15.80850052047591,-15.80850052047591,-15.828425703768493,-17.463132633777764,phase,37.50908173002103,42.06104266391386,5.93838566943871,37.55161845771324,42.14557293554638,5.945451571048712,37.50908173002102,42.06104266391385,5.938385669438709,37.551618457713246,42.145572935546404,5.945451571048713,-32.89426724030293,-34.37738861585592,1.5812768458023143,37.50908173002103,42.06104266391386,5.93838566943871,37.50908173002102,42.06104266391385,5.938385669438709,nan,-32.89426724030293,nan,-34.37738861585592,False,6.096333126931315,f8a2db3b5d567466,,-36.45901778673858,-37.077328929233346,0.04648930920456418,-15.80850052047591,18,-26.941732699223223,-30.588543809810474,1.0240012969301104,0.9949460050807447,0.0,,,,,,,
118,120360,0,7,2548,83.32977315713774,81.40938619386706,15.481614961555566,15.701696889613922,1.0142156957529864,0.0,-13.15024744457132,-13.15024744457132,-13.15024744457132,-19.390032850473983,6.366664174024368,phase,36.811372991055734,41.094286829227386,5.822487207816568,36.632759820271076,40.96203566202105,5.7928172458922065,36.811372991055734,41.0942868292274,5.822487207816568,36.632759820271076,40.96203566202104,5.7928172458922065,-33.80468135615704,-32.21893179999518,1.4840762992531538,36.811372991055734,41.094286829227386,5.822487207816568,36.811372991055734,41.0942868292274,5.822487207816568,nan,-33.80468135615704,nan,-32.21893179999518,False,6.489112307470987,69fafb3767cc566e,,83.32977315713774,81.40938619386706,0.014215695752986424,-13.15024744457132,19,1.5400872871715698,-1.9505222263768047,1.0265487528354793,0.9925055245126878,0.0,,,,,,,
119,121380,0,7,5543,47.73613831690074,47.87546969132344,17.88089750303415,17.38418839158459,0.9722212427331864,0.0,-18.188772543094426,-18.188772543094426,-18.188772543094426,-31.322974428453392,-19.721161264679285,phase,37.693852960591755,41.813040177029364,5.969078564882352,37.625006870677126,41.7507934872479,5.957642337321783,37.69385296059174,41.81304017702935,5.9690785648823494,37.62500687067712,41.7507934872479,5.957642337321781,-32.84038184994078,-28.137423788824933,-2.558554647676111,37.693852960591755,41.813040177029364,5.969078564882352,37.69385296059174,41.81304017702935,5.9690785648823494,nan,-32.84038184994078,nan,-28.137423788824933,False,6.338254458766428,06e78df1dfda95ac,,47.73613831690074,47.87546969132344,-0.02777875726681356,-18.188772543094426,20,17.815640069994856,14.932420969521743,1.0215584093256551,0.9974682321217425,0.0,19,-15.87555867021623,0.5426988507372057,-15.87555867021623,move+1:OK,1,30
120,122400,0,8,5195,16.613078236778506,15.735971415638659,17.453386019823466,17.54255311036926,1.0051088705907563,0.0,-11.243718505300574,-11.243718505300574,-11.243718505300574,-17.43773366280474,-3.6455030553110666,phase,36.70992470298083,40.22257764195234,5.805635332721068,38.03163375196511,41.42875447013715,6.025188330891215,36.70992470298083,40.22257764195234,5.805635332721068,38.031633751965124,41.42875447013716,6.0251883308912175,-36.09683921929773,-33.34775226351035,-0.21372582483273206,36.70992470298083,40.22257764195234,5.805635332721068,36.70992470298083,40.22257764195234,5.805635332721068,nan,-36.09683921929773,nan,-33.34775226351035,False,6.1242059849207,6ed35890758b40f0,,16.613078236778506,15.735971415638659,0.005108870590756265,-11.243718505300574,1,23.50750979549666,20.45399029685579,1.0224717360256301,0.9965809761771915,0.0,,,,,,,
121,123420,0,8,2224,-9.05016296911532,-8.907804812968877,15.504865262994477,15.005043104320052,0.9677635277574871,0.0,-14.123528454977277,-14.123528454977277,-14.123528454977277,-25.033213611005653,-4.498729659800915,phase,36.41402289605062,39.96312119442432,5.756482208646283,36.93020657004834,41.26201608007327,5.842227004991419,36.41402289605062,39.96312119442432,5.756482208646283,36.930206570048355,41.26201608007325,5.842227004991422,-34.660535353255554,-29.98650187467627,0.046764020787133376,36.41402289605062,39.96312119442432,5.756482208646283,36.41402289605062,39.96312119442432,5.756482208646283,nan,-34.660535353255554,nan,-29.98650187467627,False,8.274392326489854,cc2b0a6da26c9174,,-9.05016296911532,-8.907804812968877,-0.032236472242512915,-14.123528454977277,2,20.409568867072835,17.32556244295626,1.01670358172163,1.002390344333294,0.0,,,,,,,
122,124440,0,8,3147,19.860471923846134,17.223843629405167,18.071710151805345,17.743304154036522,0.9818276192452093,0.0,-10.234028622511694,-10.234028622511694,-10.234028622511694,-11.587187270761294,-8.70408826633123,phase,37.54821180973456,41.3844559456492,5.944885682680161,37.40668518717752,41.17620013604751,5.921376276939789,37.54821180973457,41.38445594564921,5.9448856826801615,37.40668518717754,41.17620013604753,5.921376276939791,-37.05189887917672,-37.1290690816363,1.3968644863792434,37.54821180973456,41.3844559456492,5.944885682680161,37.54821180973457,41.38445594564921,5.9448856826801615,nan,-37.05189887917672,nan,-37.1290690816363,False,6.065599817771305,77c4b1e16ee996fb,,19.860471923846134,17.223843629405167,-0.018172380754790662,-10.234028622511694,3,27.24653226359734,23.339532254588235,1.0134702949163141,1.005637114196854,0.0,,,,,,,
123,125460,0,8,652,-67.26135358434018,-68.1004369603364,15.639295685496165,16.50572213899673,1.0554006056873833,0.0,-12.131752839983056,-12.131752839983056,-12.131752839983056,-12.135596777022743,-15.751007119945918,phase,37.33823408570272,41.42023891563924,5.910005662076865,36.91210722095783,40.98936356247032,5.839220468597647,37.33823408570274,41.42023891563926,5.910005662076867,36.912107220957836,40.98936356247036,5.839220468597648,-35.3121073633667,-36.291802305808716,0.6023365144478134,37.33823408570272,41.42023891563924,5.910005662076865,37.33823408570274,41.42023891563926,5.910005662076867,nan,-35.3121073633667,nan,-36.291802305808716,False,5.40828033125811,aae05f3a31aca92c,align_margin=5.4,,,,,,,,,,,,,,,,,
123,125460,0,7,2300,-4.923957012083939,-3.230034093345239,17.046035585259673,17.89964455848378,1.0500766860983355,0.0,-12.044516901236518,-12.044516901236518,-12.044516901236518,-12.04764838989914,-17.09888219306476,phase,37.20493341610502,42.01472897768781,5.887862693705154,37.132095277642065,41.86265388908548,5.87576333515649,37.20493341610502,42.01472897768781,5.887862693705154,37.13209527764206,41.86265388908544,5.875763335156488,-34.88406621509285,-36.06324131178874,-0.7959181336683514,37.20493341610502,42.01472897768781,5.887862693705154,37.20493341610502,42.01472897768781,5.887862693705154,nan,-34.88406621509285,nan,-36.06324131178874,False,7.88133303397506,75b9b1f05737ed47,,-4.923957012083939,-3.230034093345239,0.05007668609833549,-12.044516901236518,4,25.546053263004943,22.215357423815696,1.0223517608363035,0.9972445647920792,0.0,,,,,,,
124,126480,0,8,4395,-53.53737872128148,-53.473856558814816,20.075181070256665,19.438634279384985,0.9682918530774904,0.0,-9.799381981328063,-9.799381981328063,-9.799381981328063,-18.169312627462155,3.215851671681728,phase,37.45953985936989,41.271462745444566,5.93015612281892,38.33897018253354,42.10842804565068,6.076240894108562,37.45953985936989,41.27146274544455,5.93015612281892,38.33897018253354,42.10842804565068,6.076240894108562,-36.78671807029654,-32.83641309459061,0.8638848202859535,37.45953985936989,41.271462745444566,5.93015612281892,37.45953985936989,41.27146274544455,5.93015612281892,nan,-36.78671807029654,nan,-32.83641309459061,False,7.569873393049933,3169b2227391dec7,,-53.53737872128148,-53.473856558814816,-0.03170814692250956,-9.799381981328063,5,7.217642954286539,3.4477948254802016,1.0166788068644639,1.0029594078826003,0.0,,,,,,,
125,127500,0,8,7196,11.335505645818131,9.62748776805401,17.460798316975296,17.68202466298354,1.0126698872521291,0.0,-10.188278142290965,-10.188278142290965,-10.188278142290965,-11.833559048265625,-12.65344328185045,phase,37.42768117924063,42.18303108159736,5.924863983262564,37.18719571570818,41.379951550210976,5.884916231845213,37.427681179240615,42.18303108159736,5.924863983262561,37.18719571570817,41.37995155021096,5.884916231845212,-37.719633789691215,-36.67681972878557,1.0332818399445394,37.42768117924063,42.18303108159736,5.924863983262564,37.427681179240615,42.18303108159736,5.924863983262561,nan,-37.719633789691215,nan,-36.67681972878557,False,6.524970527443928,32cb9cd4e623a850,,11.335505645818131,9.62748776805401,0.012669887252129142,-10.188278142290965,6,11.119983545286242,6.80747288656214,1.0189330178890192,1.0007634386078617,0.0,,,,,,,
126,128520,0,7,6052,-36.89140839612505,-36.68962846429123,27.390991756435756,26.916265066205433,0.9826685103463337,0.0,-11.136296796037142,-11.136296796037142,-11.136296796037142,-13.970442173928056,-4.103387201423149,phase,37.99870662910938,43.93328685186908,6.0197187091543825,38.64808496464708,44.54463624038305,6.127588864559317,37.998706629109385,43.93328685186907,6.019718709154383,38.6480849646471,44.544636240383085,6.1275888645593195,-36.12848395531848,-35.122178357089275,0.9040165917957195,37.99870662910938,43.93328685186908,6.0197187091543825,37.998706629109385,43.93328685186907,6.019718709154383,nan,-36.12848395531848,nan,-35.122178357089275,False,6.780376703155147,c742b558525fbd54,,-36.89140839612505,-36.68962846429123,-0.017331489653666265,-11.136296796037142,7,-1.5520888205639363,-6.024100957067937,1.015842583153988,1.003852299373106,0.0,,,,,,,
127,129540,0,7,5298,22.239550959732675,22.416374154061074,18.226603396475127,17.734724435551986,0.9730131308492581,0.0,-14.583389653996909,-14.583389653996909,-14.583389653996909,-17.793040594432547,30.37420526302216,phase,29.284669863483636,30.686451857229926,4.5722042962597405,29.254788063407787,30.661463638451973,4.567240542094317,29.284669863483643,30.68645185722993,4.572204296259741,29.254788063407787,30.661463638451977,4.567240542094317,-34.5754981728039,-33.002549584399844,-0.9064112494073804,29.284669863483636,30.686451857229926,4.5722042962597405,29.284669863483643,30.68645185722993,4.572204296259741,nan,-34.5754981728039,nan,-33.002549584399844,False,6.2752511173427,b44945bfe5b65e86,,22.239550959732675,22.416374154061074,-0.026986869150741888,-14.583389653996909,8,6.110361016633439,1.7915218779058355,1.0110450612518556,1.0087246851749159,0.0,,,,,,,
128,130560,0,8,5365,-36.23537746179973,-34.611719708067085,16.523117899756873,16.86882283147105,1.020922499846065,0.0,-11.005715059567304,-11.005715059567304,-11.005715059567304,-11.008870576429835,-13.167920300485475,phase,29.601606087962576,31.606149122764208,4.624851509628335,29.513273141049396,31.406804752151594,4.6101782626327905,29.601606087962576,31.606149122764208,4.624851509628335,29.513273141049396,31.406804752151594,4.6101782626327905,-36.88165913343431,-37.00389619216203,-1.0367986574131969,29.601606087962576,31.606149122764208,4.624851509628335,29.601606087962576,31.606149122764208,4.624851509628335,nan,-36.88165913343431,nan,-37.00389619216203,False,5.933601609587284,b64ebeeb261ea66b,align_margin=5.9,,,,,,,,,,,,,,,,,
128,130560,0,7,5408,42.25752713726361,43.059030295521055,14.573713759852465,14.633036282490332,1.0040705151490823,0.0,-10.043255036589231,-10.043255036589231,-10.043255036589231,-10.127608102595985,13.493121037540481,phase,36.56319567687553,40.58449453837405,5.781261740344773,36.84239337281893,39.78280550475525,5.827640095152647,36.56319567687552,40.58449453837405,5.781261740344772,36.842393372818925,39.782805504755245,5.827640095152646,-37.55049103948323,-37.8522570646378,-1.314620447958844,36.56319567687553,40.58449453837405,5.781261740344773,36.56319567687552,40.58449453837405,5.781261740344772,nan,-37.55049103948323,nan,-37.8522570646378,False,6.024774143887617,1fdd22255049e928,,42.25752713726361,43.059030295521055,0.004070515149082299,-10.043255036589231,9,20.73892216081174,16.731832970638806,1.011765269243546,1.0080090431121287,0.0,,,,,,,
129,131580,0,8,5200,-72.85170004491829,-74.31185430543789,17.436889876199118,17.34977662337209,0.9950040830993643,0.0,-12.703460798864526,-12.703460798864526,-12.703460798864526,-13.104960893509912,-3.468330485093455,phase,36.889901920641044,42.31473969706255,5.835531880505157,37.47462915776398,41.27458315371708,5.932662650791359,36.889901920641044,42.314739697062535,5.835531880505157,37.47462915776398,41.27458315371706,5.932662650791359,-35.0041957930823,-35.63093541639346,0.7514320823457545,36.889901920641044,42.31473969706255,5.835531880505157,36.889901920641044,42.314739697062535,5.835531880505157,nan,-35.0041957930823,nan,-35.63093541639346,False,6.025485967505958,d15e9a50e9be32dc,,-72.85170004491829,-74.31185430543789,-0.004995916900635722,-12.703460798864526,10,-4.462669345472367,-9.070662735751462,1.01088069758213,1.00889475570618,0.0,,,,,,,
130,132600,0,8,7255,49.50805335215408,49.40624481755573,16.603556076800196,16.685481639876013,1.0049342178685619,0.0,-12.70506324664483,-12.70506324664483,-12.70506324664483,-12.808840394298732,26.7478428169017,phase,37.28932730599217,40.66526931106495,5.901881612291058,37.18274505157311,40.94846470865029,5.884176918865966,37.28932730599216,40.66526931106495,5.901881612291057,37.1827450515731,40.948464708650256,5.884176918865964,-36.053058337674294,-35.9812583742095,0.06580496696268767,37.28932730599217,40.66526931106495,5.901881612291058,37.28932730599216,40.66526931106495,5.901881612291057,nan,-36.053058337674294,nan,-35.9812583742095,False,7.0275165141797205,e7c082d274dc87ad,,49.50805335215408,49.40624481755573,0.004934217868561852,-12.70506324664483,11,12.678639925442965,8.069069221761556,1.011753581062304,1.0080278644933494,0.0,,,,,,,
131,133620,0,7,5684,-65.80244450600047,-65.56308410849334,16.429751272604324,16.084439556943693,0.978982535405973,0.0,-11.04980760484614,-11.04980760484614,-11.04980760484614,-11.049560786078736,38.54393299935584,phase,37.134395396572046,41.3741657529045,5.8761454147129655,36.634277914922365,40.844977470746414,5.79306942108345,37.134395396572046,41.374165752904524,5.8761454147129655,36.63427791492238,40.8449774707464,5.793069421083453,-36.314446257651916,-36.4983654728805,0.22743314396870318,37.134395396572046,41.3741657529045,5.8761454147129655,37.134395396572046,41.374165752904524,5.8761454147129655,nan,-36.314446257651916,nan,-36.4983654728805,False,6.3896253615597525,b8dbf8c2ad2acb62,,-65.80244450600047,-65.56308410849334,-0.02101746459402698,-11.04980760484614,12,-10.084665298462063,-14.695261255854984,1.008032294425429,1.0118150446599745,0.0,,,,,,,
132,134640,0,8,4972,-9.679967497179412,-10.679443453781438,19.658191502190718,20.33253317412916,1.0343033422918528,0.0,-12.588427553922976,-12.588427553922976,-12.588427553922976,-15.810519835932716,-1.155357743007047,phase,37.66669113345516,43.204286824301555,5.964566633464313,37.947608723627454,44.36108023304077,6.01123068498795,37.66669113345516,43.204286824301576,5.964566633464313,37.947608723627454,44.36108023304073,6.01123068498795,-34.74081894554209,-33.821631837553696,0.014764587295442055,37.66669113345516,43.204286824301555,5.964566633464313,37.66669113345516,43.204286824301576,5.964566633464313,nan,-34.74081894554209,nan,-33.821631837553696,False,6.689031865308072,d331ab8da8fab6ab,,-9.679967497179412,-10.679443453781438,0.034303342291852834,-12.588427553922976,13,-13.44565744400034,-18.389419816305733,1.0140835978718896,1.0059424815840214,0.0,,,,,,,
133,135660,0,8,2732,53.59625245520396,55.56139191076625,18.458343165821134,17.568556562838708,0.9517948824014703,0.0,-16.377201418076083,-16.377201418076083,-16.377201418076083,-18.328490124652912,25.279230230491017,phase,37.537890559099544,42.670546970472536,5.9431711892191945,37.01649607408735,42.014222719251705,5.8565608096490624,37.537890559099544,42.670546970472536,5.9431711892191945,37.01649607408734,42.01422271925167,5.856560809649061,-34.00020906217716,-33.07280466288643,-2.771954436327688,37.537890559099544,42.670546970472536,5.9431711892191945,37.537890559099544,42.670546970472536,5.9431711892191945,nan,-34.00020906217716,nan,-33.07280466288643,False,6.51717951140222,854fcc0f42bd198c,,53.59625245520396,55.56139191076625,-0.048205117598529745,-16.377201418076083,14,5.052510161399777,0.9421896194012689,1.0055288945311125,1.0148582951597984,0.0,,,,,,,
134,136680,0,8,5960,-45.16805393213912,-46.57724075046815,14.894357170106284,15.395692346324557,1.0336594033896593,0.0,-12.606485260016258,-12.606485260016258,-12.606485260016258,-19.02377117990053,18.070047770401597,phase,36.16934912121052,40.291514769616725,5.715838724453576,36.28653016207273,40.490520906434895,5.735304013633344,36.16934912121052,40.291514769616725,5.715838724453576,36.286530162072744,40.49052090643492,5.735304013633347,-34.71277921223741,-32.39853131962653,0.42450202887918564,36.16934912121052,40.291514769616725,5.715838724453576,36.16934912121052,40.291514769616725,5.715838724453576,nan,-34.71277921223741,nan,-32.39853131962653,False,6.508315094238261,a80b07ef4b5b6ee4,,-45.16805393213912,-46.57724075046815,0.03365940338965934,-12.606485260016258,15,-10.669384020090144,-15.121170497389176,1.0114518575002842,1.0090750392730732,0.0,,,,,,,
135,137700,0,8,1340,-24.143557434281853,-22.94140124197346,14.671863561270523,15.116485540536205,1.0303043970800925,0.0,-11.908527193249434,-11.908527193249434,-11.908527193249434,-12.81240162700444,20.31552279495449,phase,36.31879403945617,39.38658923484813,5.740663461703684,36.590131928192584,40.176839460412566,5.7857362006964435,36.31879403945616,39.38658923484813,5.740663461703681,36.59013192819259,40.176839460412566,5.785736200696444,-35.54468959388609,-36.061444734161256,-1.9146252937022277,36.31879403945617,39.38658923484813,5.740663461703684,36.31879403945616,39.38658923484813,5.740663461703681,nan,-35.54468959388609,nan,-36.061444734161256,False,6.82384481183142,8ea0b6a845f072e1,,-24.143557434281853,-22.94140124197346,0.03030439708009247,-11.908527193249434,16,-19.023953779725268,-23.078448323302965,1.0168158592757743,1.0038810433209344,0.0,,,,,,,
136,138720,0,8,3745,-18.096149375729453,-19.015901226856116,17.57670910428098,17.756756802567704,1.0102435386066024,0.0,-10.24183295230718,-10.24183295230718,-10.24183295230718,-12.91177135556334,-0.6987787264884232,phase,37.58225450457318,41.39452286352841,5.950540615377605,37.959102049419265,42.04237165602073,6.013139875318815,37.582254504573186,41.394522863528415,5.950540615377606,37.95910204941925,42.04237165602072,6.013139875318813,-37.76166488035771,-35.72598956032776,0.7347481188545499,37.58225450457318,41.39452286352841,5.950540615377605,37.582254504573186,41.394522863528415,5.950540615377606,nan,-37.76166488035771,nan,-35.72598956032776,False,6.1138257768902955,7c071a03d794978f,,-18.096149375729453,-19.015901226856116,0.010243538606602431,-10.24183295230718,17,-25.252861623488094,-29.708283076813593,1.0186386229650763,1.0020997139479908,0.0,,,,,,,
137,139740,0,7,4861,58.581002272094764,60.475623520848494,13.22289311241925,12.931891415377976,0.9779925849383174,0.0,-15.808930810624348,-15.808930810624348,-15.808930810624348,-21.541974667947525,-9.222990862932571,phase,30.427842349022306,32.16569193784832,4.762100057977127,30.589340081819586,32.493366451183846,4.788926923890297,30.427842349022303,32.16569193784832,4.762100057977126,30.589340081819586,32.493366451183846,4.788926923890297,-33.943955387845335,-31.45465830091602,-2.254679495156042,30.427842349022306,32.16569193784832,4.762100057977127,30.427842349022303,32.16569193784832,4.762100057977126,nan,-33.943955387845335,nan,-31.45465830091602,False,5.81735473078482,26e22acf87fc46af,align_margin=5.8,,,,,,,,,,,,,,,,,
137,139740,0,7,49,-20.07540727214132,-19.183474834001565,5.232325415143133,3.940874051829982,0.753178317316523,0.0,-11.932326741355306,-11.932326741355306,-11.932326741355306,-13.714196557335113,-9.397335516772534,phase,31.809060057701643,33.14385880529725,4.991538215565057,32.138696943559864,34.43399115641465,5.046295173348815,31.809060057701643,33.143858805297256,4.991538215565057,32.138696943559864,34.433991156414656,5.046295173348815,-35.117932148508196,-35.394546735697055,0.19127963444440965,31.809060057701643,33.14385880529725,4.991538215565057,31.809060057701643,33.143858805297256,4.991538215565057,nan,-35.117932148508196,nan,-35.394546735697055,False,5.292925276866487,41b3490321d6552d,align_margin=5.3,,,,,,,,,,,,,,,,,
137,139740,0,8,7405,48.218476447223,47.27191593571502,22.03800628653217,22.247297988242064,1.0094968528000554,0.0,-10.607663782331405,-10.607663782331405,-10.607663782331405,-12.568833425246085,-11.88654896533756,phase,29.07633850867205,30.876307193313117,4.537597758915623,28.917628268564943,30.673126955349936,4.5112339316553065,29.076338508672052,30.876307193313124,4.537597758915624,28.917628268564947,30.673126955349936,4.5112339316553065,-37.08160634944309,-36.34867424034171,0.019226925036896603,29.07633850867205,30.876307193313117,4.537597758915623,29.076338508672052,30.876307193313124,4.537597758915624,nan,-37.08160634944309,nan,-36.34867424034171,False,6.23363319713052,83c69ff516a2a140,,48.218476447223,47.27191593571502,0.009496852800055411,-10.607663782331405,18,-8.685193388600588,-13.197779833262167,1.0203315486503577,1.0004499427244447,0.0,,,,,,,
138,140760,0,8,671,34.90786529054541,34.231925311916406,16.605556864328687,16.920613915358363,1.0189729891989632,0.0,-10.126789102724539,-10.126789102724539,-10.126789102724539,-16.121126949065818,-11.95763604908251,phase,37.44653716344804,41.324675259656004,5.927996206552832,36.91599978640746,40.66128018488476,5.839867074154064,37.44653716344805,41.324675259656004,5.927996206552833,36.91599978640747,40.661280184884774,5.839867074154065,-37.74495252025837,-34.1939497995753,0.7244132689921583,37.44653716344804,41.324675259656004,5.927996206552832,37.44653716344805,41.324675259656004,5.927996206552833,nan,-37.74495252025837,nan,-34.1939497995753,False,6.344057969843093,2dc3d0a0582d6157,,34.90786529054541,34.231925311916406,0.018972989198963175,-10.126789102724539,19,3.2891034640762804,-1.2219943916204024,1.023719328054441,0.9971900260458301,0.0,,,,,,,
139,141780,0,8,1416,-47.099128833471354,-44.595049900324824,15.91728042926411,16.38063228843747,1.0291099890607873,0.0,-16.33716524678073,-16.33716524678073,-16.33716524678073,-28.214904023071377,2.6506391316899043,phase,36.64180669387761,40.5912285036549,5.79432004881688,37.02273909657653,40.658298989360716,5.857597856574175,36.641806693877605,40.591228503654875,5.7943200488168785,37.02273909657654,40.65829898936073,5.857597856574176,-33.70999844356228,-29.07255884646522,-2.503312009451321,36.64180669387761,40.5912285036549,5.79432004881688,36.641806693877605,40.591228503654875,5.7943200488168785,nan,-33.70999844356228,nan,-29.07255884646522,False,7.264064685816501,3726c424cbb8fe4c,,-47.099128833471354,-44.595049900324824,0.029109989060787322,-16.33716524678073,20,-12.813645248350415,-16.874244271219922,1.0289344082816128,0.9922537865425702,0.0,18,-11.969875823205786,0.4716601449784111,-11.969875823205786,move+1:OK,1,31
140,142800,0,8,2232,20.909447103718747,21.069139123871288,13.92472076377019,13.426036578202538,0.9641871320777113,0.0,-9.961303155426561,-9.961303155426561,-9.961303155426561,-27.74254243589437,13.148524805736738,phase,36.12018558770141,41.27960693974077,5.7076720245351185,36.306544542164545,40.96625190055724,5.738628661489128,36.12018558770141,41.27960693974078,5.7076720245351185,36.306544542164545,40.966251900557225,5.738628661489128,-38.444471614349816,-29.09970622677983,-0.13363724354578732,36.12018558770141,41.27960693974077,5.7076720245351185,36.12018558770141,41.27960693974078,5.7076720245351185,nan,-38.444471614349816,nan,-29.09970622677983,False,8.162863548966163,24110eae0c6570d7,,20.909447103718747,21.069139123871288,-0.03581286792228866,-9.961303155426561,1,-5.701135036427764,-9.44247752629294,1.0224858171703275,0.9987034727171789,0.0,,,,,,,
141,143820,0,7,5919,-41.8121188272597,-40.057602608808374,16.036713115630697,15.491438170813161,0.9659983351397572,0.0,-11.095118597672764,-11.095118597672764,-11.095118597672764,-23.870781704899493,-17.026403118868018,phase,36.921873487687485,41.004890601472184,5.840842772041111,37.019097733376924,41.20735576001507,5.856992978966267,36.921873487687485,41.00489060147219,5.840842772041111,37.01909773337692,41.20735576001506,5.856992978966266,-37.10744146479652,-30.654075655820122,0.040211397777452085,36.921873487687485,41.004890601472184,5.840842772041111,36.921873487687485,41.00489060147219,5.840842772041111,nan,-37.10744146479652,nan,-30.654075655820122,False,6.59352234633766,c031e31950ca1425,,-41.8121188272597,-40.057602608808374,-0.03400166486024281,-11.095118597672764,2,-20.01355027367804,-23.48083955875708,1.0164017286563665,1.004855218966934,0.0,,,,,,,
142,144840,0,8,2376,44.76721113649077,43.73905114407004,13.430946145581403,14.430695564102388,1.0744362614282308,0.0,-8.471956909399639,-8.471956909399639,-8.471956909399639,-10.669155765169297,27.35070408942984,phase,35.91278305864071,39.79772673181766,5.673219777182843,36.39118241056947,40.780868034237415,5.7526881080680194,35.912783058640706,39.79772673181765,5.673219777182842,36.39118241056946,40.780868034237436,5.752688108068018,-39.082552374815954,-37.58545064565459,1.4209550740878374,35.91278305864071,39.79772673181766,5.673219777182843,35.912783058640706,39.79772673181765,5.673219777182842,nan,-39.082552374815954,nan,-37.58545064565459,False,7.745650051900326,4544f0af89356812,,44.76721113649077,43.73905114407004,0.07443626142823079,-8.471956909399639,3,-4.597870177890723,-8.246139463192105,1.0296417289946815,0.9926724660379742,0.0,,,,,,,
143,145860,0,8,5832,-54.489546199956344,-52.003324927882545,15.237876461358224,15.512338136167491,1.0180118060088803,0.0,-12.732984738128282,-12.732984738128282,-12.732984738128282,-33.96916625456083,-1.5366559130269,phase,36.71240462475929,40.362235220717594,5.806047279860348,36.749606913381115,40.94660368527109,5.8122270620234415,36.712404624759294,40.36223522071761,5.806047279860349,36.74960691338111,40.94660368527109,5.812227062023441,-35.63362287950741,-27.508324177550648,-0.34982870646051367,36.71240462475929,40.362235220717594,5.806047279860348,36.712404624759294,40.36223522071761,5.806047279860349,nan,-35.63362287950741,nan,-27.508324177550648,False,6.796575082645687,925f551629d4d99c,,-54.489546199956344,-52.003324927882545,0.018011806008880304,-12.732984738128282,4,-23.120178115628967,-26.581657317741534,1.0328872277339092,0.9895988580876128,0.0,,,,,,,
144,146880,0,8,5956,-14.707484595055327,-14.55443137379482,14.950882932780134,14.908393724948933,0.9971580803607228,0.0,-7.698473287619714,-7.698473287619714,-7.698473287619714,-33.684620466356954,18.89394116136491,phase,36.49145590435778,40.68453368177033,5.769344834610927,36.98396308427143,41.4876491988563,5.8511566585168495,36.491455904357785,40.684533681770326,5.769344834610928,36.98396308427142,41.487649198856296,5.851156658516849,-40.500992698093626,-27.372268281750387,1.526634102030549,36.49145590435778,40.68453368177033,5.769344834610927,36.491455904357785,40.684533681770326,5.769344834610928,nan,-40.500992698093626,nan,-27.372268281750387,False,6.658480907526425,22cbc62a6f61c6e2,,-14.707484595055327,-14.55443137379482,-0.0028419196392771573,-7.698473287619714,5,-28.103897025158833,-31.729249131531997,1.0323735357968193,0.9900924238370254,0.0,,,,,,,
145,147900,0,8,7292,29.261059034484283,26.138521637135888,17.142520215693857,16.66734354603287,0.9722808161412599,0.0,-7.45609749599858,-7.45609749599858,-7.45609749599858,-32.960495402947714,-18.427543592220985,phase,36.9532579018263,41.35651759787308,5.846056129871479,37.0738273884113,41.32653760629975,5.866084283789253,36.953257901826305,41.356517597873086,5.84605612987148,37.073827388411296,41.326537606299766,5.866084283789252,-40.35198974239364,-27.712713722557133,2.1705132165149834,36.9532579018263,41.35651759787308,5.846056129871479,36.953257901826305,41.356517597873086,5.84605612987148,nan,-40.35198974239364,nan,-27.712713722557133,False,6.531857881786914,b48c42f0f56d01f0,,29.261059034484283,26.138521637135888,-0.02771918385874006,-7.45609749599858,6,-18.18367889968657,-22.489220268829126,1.0273656392231307,0.995032145837734,0.0,,,,,,,
146,148920,0,8,6404,18.084130618406213,18.994387806462214,18.376424050213675,18.410295523681558,1.001843202647878,0.0,-9.369941011809889,-9.369941011809889,-9.369941011809889,-24.495927986910264,-13.66108407024669,phase,37.45583856051025,42.36998362305893,5.929541289121305,37.30589150019454,42.02305747611356,5.9046331395672,37.455838560510266,42.36998362305896,5.929541289121308,37.305891500194555,42.02305747611356,5.904633139567203,-38.5724834289655,-30.143432651130926,-0.25222017923194073,37.45583856051025,42.36998362305893,5.929541289121305,37.455838560510266,42.36998362305896,5.929541289121308,nan,-38.5724834289655,nan,-30.143432651130926,False,6.774404441494148,bcdae03bdc632fcf,,18.084130618406213,18.994387806462214,0.0018432026478780728,-9.369941011809889,7,-12.022828784796266,-15.80799317473893,1.027697026759778,0.9947117783099715,0.0,,,,,,,
147,149940,0,8,4571,11.199666240272265,13.393041271942458,17.580934289164897,17.289356577361776,0.9834151185023869,0.0,-9.228736193910947,-9.228736193910947,-9.228736193910947,-28.28425371211457,-18.653742760690488,phase,36.852320957344375,40.92604414411734,5.829289195572156,37.31830537746799,40.2526002650151,5.906695245426578,36.85232095734439,40.92604414411738,5.829289195572159,37.31830537746799,40.252600265015076,5.906695245426578,-38.67934555895178,-28.75502872859943,-0.7873606613364972,36.852320957344375,40.92604414411734,5.829289195572156,36.85232095734439,40.92604414411738,5.829289195572159,nan,-38.67934555895178,nan,-28.75502872859943,False,6.9412113776736994,bca78b4271012053,,11.199666240272265,13.393041271942458,-0.016584881497613058,-9.228736193910947,8,-8.208588710117567,-11.095508063580304,1.0247142859140326,0.997647472418191,0.0,,,,,,,
148,150960,0,8,1463,-6.580325366615099,-8.795210503583597,14.531799836703144,14.926968529518627,1.0271933757178102,0.0,-9.165673208358161,-9.165673208358161,-9.165673208358161,-20.84432757383405,-24.290866646473194,phase,36.200571214347676,38.84983640486421,5.721025118662405,37.537334205485166,40.48166969039144,5.943078771675277,36.20057121434767,38.849836404864206,5.721025118662404,37.53733420548518,40.481669690391435,5.94307877167528,-38.19608573105482,-31.6627787821616,1.1140265714173436,36.200571214347676,38.84983640486421,5.721025118662405,36.20057121434767,38.849836404864206,5.721025118662404,nan,-38.19608573105482,nan,-31.6627787821616,False,6.855966706662193,9f62dabd87b9d800,,-6.580325366615099,-8.795210503583597,0.02719337571781022,-9.165673208358161,9,-10.456155578243091,-14.18109065799387,1.0295907380155793,0.9930255136334822,0.0,,,,,,,
149,151980,0,7,3193,-45.277422410353566,-45.212299545936894,16.205016075550137,16.268544837064045,1.003920314624665,0.0,-10.09557245741757,-10.09557245741757,-10.09557245741757,-27.275258926027433,3.9734269970568796,phase,37.6688655319685,40.93516478799428,5.964927829230649,37.09731724257398,40.515216173736135,5.869986252919267,37.66886553196851,40.935164787994296,5.96492782923065,37.09731724257398,40.515216173736135,5.869986252919267,-36.857403149216296,-29.272012772501274,1.0860113698841367,37.6688655319685,40.93516478799428,5.964927829230649,37.66886553196851,40.935164787994296,5.96492782923065,nan,-36.857403149216296,nan,-29.272012772501274,False,5.656587561269003,d781c378183d89ea,align_margin=5.7,,,,,,,,,,,,,,,,,
149,151980,0,8,1452,-29.619063269699986,-27.976583274147444,17.071503971901155,16.537477707193283,0.9687182649175577,0.0,-11.447657038482742,-11.447657038482742,-11.447657038482742,-32.87973698690054,4.15813813063847,phase,37.61328161150396,41.87463226695331,5.9556946198511564,37.30059629794445,41.16584732258345,5.903753537864528,37.61328161150396,41.87463226695329,5.9556946198511564,37.30059629794445,41.165847322583446,5.903753537864528,-36.51063574465751,-27.668147387787045,-0.03219844634058422,37.61328161150396,41.87463226695331,5.9556946198511564,37.61328161150396,41.87463226695329,5.9556946198511564,nan,-36.51063574465751,nan,-27.668147387787045,False,7.413472458048368,71527184af23ce11,,-29.619063269699986,-27.976583274147444,-0.03128173508244225,-11.447657038482742,10,-20.524886542524676,-24.041667261029353,1.0239544456913399,0.998637179460585,0.0,,,,,,,
150,153000,0,7,6692,71.92628391924478,69.19723515367572,10.542770770417087,10.190358841992273,0.9665731204728761,0.0,-10.439064595769239,-10.439064595769239,-10.439064595769239,-24.32809589199992,-8.256684507621515,phase,35.62364419384598,39.13228746041227,5.625190065422921,35.36671088501163,39.29383465386519,5.582510113789308,35.623644193845976,39.132287460412265,5.62519006542292,35.36671088501163,39.29383465386519,5.582510113789308,-37.18622211392766,-30.332378327741196,1.1886423965046653,35.62364419384598,39.13228746041227,5.625190065422921,35.623644193845976,39.132287460412265,5.62519006542292,nan,-37.18622211392766,nan,-30.332378327741196,False,6.088672947808205,949518ad2c95a711,,71.92628391924478,69.19723515367572,-0.033426879527123865,-10.439064595769239,11,4.060386247358952,0.21041628033092508,1.0179646153592972,1.0046809351753525,0.0,,,,,,,
151,154020,0,8,4331,-42.33086114614906,-42.7612086439364,17.65786712099836,16.947870072979494,0.9597914604774348,0.0,-7.757981825151614,-7.757981825151614,-7.757981825151614,-11.55837675459849,-25.85709254813487,phase,37.04820417734964,41.075241323489124,5.861827936436818,37.33504500052089,40.64688337080913,5.90947591370779,37.048204177349646,41.075241323489124,5.861827936436819,37.33504500052089,40.64688337080913,5.90947591370779,-40.622404899199935,-36.990221548106604,0.6369584021991983,37.04820417734964,41.075241323489124,5.861827936436818,37.048204177349646,41.075241323489124,5.861827936436819,nan,-40.622404899199935,nan,-36.990221548106604,False,6.720477512683104,ab2e63e9ecb55985,,-42.33086114614906,-42.7612086439364,-0.0402085395225652,-7.757981825151614,12,-10.493952064216678,-14.686276292784903,1.010801713027179,1.0120465266416045,0.0,,,,,,,
152,155040,0,8,2971,51.92382474292126,51.80289313383045,18.257049492911207,18.255815139177233,0.9999323902948035,0.0,-7.350187465581342,-7.350187465581342,-7.350187465581342,-7.558874569366065,-16.676657984039988,phase,37.41507619491212,41.585156007179435,5.922770132045203,37.743664436619305,42.12488488496724,5.97735289644839,37.41507619491212,41.585156007179435,5.922770132045203,37.74366443661932,42.12488488496726,5.977352896448393,-40.11467658690211,-40.00872115155029,0.1317205932541632,37.41507619491212,41.585156007179435,5.922770132045203,37.41507619491212,41.585156007179435,5.922770132045203,nan,-40.11467658690211,nan,-40.00872115155029,False,5.8300712449927845,91c8d24d6f8f362c,align_margin=5.8,,,,,,,,,,,,,,,,,
152,155040,0,7,8259,-47.287416309147424,-47.438283847132084,15.041159566492173,15.44456165008523,1.02681987926594,0.0,-7.734934012919676,-7.734934012919676,-7.734934012919676,-8.14787719302153,13.236926019937885,phase,36.861835159176024,40.3098287867205,5.830869627770104,36.81539404234225,39.528546331047885,5.8231551565352575,36.861835159176024,40.30982878672049,5.830869627770104,36.815394042342255,39.5285463310479,5.823155156535259,-39.44240524194983,-39.14924555825105,-0.3239248380548503,36.861835159176024,40.3098287867205,5.830869627770104,36.861835159176024,40.30982878672049,5.830869627770104,nan,-39.44240524194983,nan,-39.14924555825105,False,5.471349721192776,79b78b6427ddccf2,align_margin=5.5,,,,,,,,,,,,,,,,,
152,155040,0,8,4824,42.50862795345351,43.04869067838058,16.076986217809967,16.058791527470653,0.9988682772944621,0.0,-9.048150225847465,-9.048150225847465,-9.048150225847465,-9.6484580213719,0.7420692115654395,phase,36.95430919333684,40.65820527392958,5.846230763012765,37.25052917623471,41.452417160262264,5.895436740238324,36.95430919333684,40.658205273929575,5.846230763012765,37.25052917623471,41.45241716026224,5.895436740238324,-38.890216402318146,-38.600873255823615,-0.6901143459763053,36.95430919333684,40.65820527392958,5.846230763012765,36.95430919333684,40.658205273929575,5.846230763012765,nan,-38.890216402318146,nan,-38.600873255823615,False,6.823429757733784,1775ba3f2f0cb288,,42.50862795345351,43.04869067838058,-0.001131722705537852,-9.048150225847465,13,4.225076991592491,0.2014204096898098,1.0106015222585287,1.0122471910438855,0.0,,,,,,,
153,156060,0,8,7136,7.746814486242457,6.660414020338898,17.17744856010863,17.899713160285124,1.0420472573472765,0.0,-8.579767957192232,-8.579767957192232,-8.579767957192232,-9.396835267356392,8.180809769751107,phase,37.24988205170775,41.41523952623314,5.8953292444697265,37.039302978221436,41.64255201856497,5.860349331930472,37.24988205170775,41.41523952623316,5.8953292444697265,37.039302978221436,41.64255201856495,5.860349331930472,-38.34342298072522,-37.882812299089,0.4012075035724436,37.24988205170775,41.41523952623314,5.8953292444697265,37.24988205170775,41.41523952623316,5.8953292444697265,nan,-38.34342298072522,nan,-37.882812299089,False,6.585031875500366,96e9fb13b534bd45,,7.746814486242457,6.660414020338898,0.042047257347276545,-8.579767957192232,14,6.908018794535117,2.504360766298365,1.0180378011578708,1.0050993499818446,0.0,,,,,,,
154,157080,0,8,6912,34.66450734181202,33.86118322007886,13.994999628778366,13.29400403603952,0.949910995974779,0.0,-8.318103521727787,-8.318103521727787,-8.318103521727787,-11.680217590451422,-6.494895912409013,phase,36.69181585115942,41.29151255346492,5.802627217800569,36.348926010230144,40.47349221347686,5.74566877246348,36.69181585115941,41.29151255346489,5.802627217800567,36.348926010230144,40.47349221347687,5.74566877246348,-39.52383231059657,-36.47435291443506,-0.6712587785555701,36.69181585115942,41.29151255346492,5.802627217800569,36.69181585115941,41.29151255346489,5.802627217800567,nan,-39.52383231059657,nan,-36.47435291443506,False,6.017989099800727,f4fbd2cda1fbf930,,34.66450734181202,33.86118322007886,-0.050089004025220984,-8.318103521727787,15,18.825628883114494,14.295646998093934,1.0091141137418667,1.0143741920250005,0.0,,,,,,,
155,158100,0,8,244,-5.7904268424207,-3.6219721636980395,18.55633451916623,18.89633921511647,1.0183228371745001,0.0,-8.23347702026402,-8.23347702026402,-8.23347702026402,-10.12261053579458,-11.04738481895714,phase,37.27103101111019,42.23117492087852,5.8988423606495335,37.14255974103114,41.743246538129995,5.877501618111486,37.2710310111102,42.231174920878544,5.898842360649536,37.14255974103115,41.743246538129995,5.877501618111487,-40.13754786176907,-38.25374565876123,-2.215428503024711,37.27103101111019,42.23117492087852,5.8988423606495335,37.2710310111102,42.231174920878544,5.898842360649536,nan,-40.13754786176907,nan,-38.25374565876123,False,6.764771583890967,992d4aef6d7b32d0,,-5.7904268424207,-3.6219721636980395,0.018322837174500117,-8.23347702026402,16,16.817283774024418,13.045920548761053,1.0123498346212685,1.0111801290193425,0.0,,,,,,,
156,159120,0,8,1585,-61.61054841385759,-63.15039387303417,12.962021731052129,12.425154980645845,0.9585815576037684,0.0,-8.414906531356117,-8.414906531356117,-8.414906531356117,-8.575292625189432,2.9584019345918477,phase,30.729794389608294,32.33259706372003,4.81225820425387,30.53043186369081,31.88080170073792,4.77914150559648,30.7297943896083,32.33259706372003,4.812258204253871,30.530431863690815,31.880801700737923,4.779141505596481,-39.53772350409278,-39.46326756387076,0.6319097272463488,30.729794389608294,32.33259706372003,4.81225820425387,30.7297943896083,32.33259706372003,4.812258204253871,nan,-39.53772350409278,nan,-39.46326756387076,False,6.984506057820788,02e2132d3e70ed8c,,-61.61054841385759,-63.15039387303417,-0.0414184423962316,-8.414906531356117,17,-4.483348880217459,-8.812339143305309,1.0050120927920019,1.01882607576108,0.0,,,,,,,
157,160140,0,7,1999,-52.05228256864253,-51.91518946941446,17.53555002864548,17.600606164653946,1.0037099569675425,0.0,-9.438382897318466,-9.438382897318466,-9.438382897318466,-16.55302879547333,5.937593515480827,phase,37.1024342664451,40.72237326302857,5.870836256884569,37.25004157306653,41.11308674444845,5.895355743034308,37.10243426644511,40.72237326302859,5.87083625688457,37.250041573066525,41.11308674444845,5.895355743034307,-37.94018716616355,-33.49594358145555,-0.6914829731203067,37.1024342664451,40.72237326302857,5.870836256884569,37.10243426644511,40.72237326302859,5.87083625688457,nan,-37.94018716616355,nan,-33.49594358145555,False,7.8311740172387125,c38613e6c016810d,,-52.05228256864253,-51.91518946941446,0.003709956967542505,-9.438382897318466,18,-22.610791355474678,-26.646900651481793,1.0056645893248226,1.0181670555405045,0.0,,,,,,,
158,161160,0,8,624,65.2198205635421,65.21680779691158,17.069730760467994,18.089358410952418,1.0597330833621461,0.0,-7.755528989735147,-7.755528989735147,-7.755528989735147,-14.310171045955402,9.797008539568818,phase,36.9456212416715,42.09745582288019,5.844787581673008,37.173390152913164,41.479478804829455,5.882622948988899,36.945621241671496,42.09745582288021,5.844787581673007,37.173390152913164,41.47947880482944,5.882622948988899,-39.5636234114972,-34.686525731511104,0.8076610205534713,36.9456212416715,42.09745582288019,5.844787581673008,36.945621241671496,42.09745582288021,5.844787581673007,nan,-39.5636234114972,nan,-34.686525731511104,False,6.568886312416242,405d26f1377ba053,,65.2198205635421,65.21680779691158,0.05973308336214611,-7.755528989735147,19,0.08756895227480044,-4.22829792346316,1.0161770925058098,1.0081237764846676,0.0,,,,,,,
159,162180,0,7,2944,37.059696792403834,36.87177638871453,15.668973204631678,15.079714778519891,0.9623932967134308,0.0,-10.748587424774723,-10.748587424774723,-10.748587424774723,-14.04013846551837,-0.07834768641583441,phase,36.603742925872524,40.77453467424009,5.7879971637662,36.74281622476011,41.101247469405074,5.811099040657827,36.603742925872524,40.77453467424009,5.7879971637662,36.74281622476011,41.10124746940508,5.811099040657827,-37.16059987987191,-35.13038899590572,-0.4507073297791784,36.603742925872524,40.77453467424009,5.7879971637662,36.603742925872524,40.77453467424009,5.7879971637662,nan,-37.16059987987191,nan,-35.13038899590572,False,5.837043111658308,5a60d17778f2a7dd,align_margin=5.8,,,,,,,,,,,,,,,,,
159,162180,0,8,2772,33.14318091503769,33.608500726812345,18.181068942437726,18.361326781536814,1.0099145897125077,0.0,-12.074507485271278,-12.074507485271278,-12.074507485271278,-15.747444440668064,18.593258856490174,phase,37.35936121743879,42.55246513833043,5.913515152398471,37.771406385217354,43.19723159106403,5.981961193557701,37.35936121743879,42.55246513833045,5.913515152398471,37.771406385217354,43.19723159106402,5.981961193557701,-35.860220381050105,-33.97130051197056,-0.7313113086127832,37.35936121743879,42.55246513833043,5.913515152398471,37.35936121743879,42.55246513833045,5.913515152398471,nan,-35.860220381050105,nan,-33.97130051197056,False,6.518288752189244,32bd2788b844362b,,33.14318091503769,33.608500726812345,0.009914589712507693,-12.074507485271278,20,11.503013568978625,7.4398875997489515,1.0179402138216123,1.0063917999374528,0.0,20,-9.334390634322032,0.3401134961643524,-9.334390634322032,inside-deadband,,
160,163200,0,7,4611,1.4999847139204832,1.496701591181278,2.6856394043678726,3.4024399578407434,1.266901264669814,0.0,-8.864926381533067,-8.864926381533067,-8.864926381533067,-10.889180589083564,-8.193377612031146,phase,33.8361582487618,35.79928151173961,5.328265489827542,33.25773978082503,35.886388377325446,5.232182687844689,33.83615824876179,35.79928151173961,5.32826548982754,33.25773978082503,35.88638837732545,5.232182687844689,-38.80220396575932,-37.55397369028411,0.8285319350911848,33.8361582487618,35.79928151173961,5.328265489827542,33.83615824876179,35.79928151173961,5.32826548982754,nan,-38.80220396575932,nan,-37.55397369028411,False,6.468397463028249,7ecf04c22a5b1543,gain ratio=1.267 out of range,,,,,,,,,,,,,,,,,
160,163200,0,8,4397,-22.698892983714842,-23.354885918524204,14.123855252828697,14.471619247124861,1.0246224552766154,0.0,-10.742061323504137,-10.742061323504137,-10.742061323504137,-15.541840878375243,-3.3254644408500575,phase,30.483599432629834,31.773697312140104,4.771362031998311,30.271858012858655,31.595814667176334,4.736189038680839,30.48359943262983,31.7736973121401,4.7713620319983105,30.271858012858655,31.59581466717634,4.736189038680839,-37.139260884025894,-34.08856881434425,1.1881096486466625,30.483599432629834,31.773697312140104,4.771362031998311,30.48359943262983,31.7736973121401,4.7713620319983105,nan,-37.139260884025894,nan,-34.08856881434425,False,6.245485486055863,ac9b24c1dfd8acf9,,-22.698892983714842,-23.354885918524204,0.02462245527661544,-10.742061323504137,1,3.6984171531694363,-0.6824063934965192,1.0223264466147033,1.0021595371488592,0.0,,,,,,,
161,164220,0,7,8131,-65.73290740776773,-63.20900999870851,16.646223999475623,17.37870018692832,1.0440025430076978,0.0,-7.926716254941827,-7.926716254941827,-7.926716254941827,-16.0015920231479,4.056663564676856,phase,37.28652364734579,40.532851386862475,5.901415888263421,37.14455698717294,41.029764374468066,5.877833386573579,37.28652364734579,40.53285138686248,5.901415888263421,37.14455698717293,41.02976437446805,5.8778333865735775,-40.32185732183691,-34.07143922015349,-1.0294855476228193,37.28652364734579,40.532851386862475,5.901415888263421,37.28652364734579,40.53285138686248,5.901415888263421,nan,-40.32185732183691,nan,-34.07143922015349,False,5.577310937766429,79edfa84e9107edc,align_margin=5.6,,,,,,,,,,,,,,,,,
161,164220,0,7,1001,40.19235908040729,37.94385849179312,3.9476425158362662,3.5032821890382233,0.8874365333194538,0.0,-7.976394799065923,-7.976394799065923,-7.976394799065923,-16.806003285621042,-12.257342420712602,phase,31.848291077534,33.94745507957963,4.998054996268106,32.06175718683946,33.98771683258876,5.033514482863698,31.848291077534,33.94745507957964,4.998054996268106,32.06175718683946,33.98771683258877,5.033514482863698,-39.945668099922045,-33.51786833076114,0.8495686938901503,31.848291077534,33.94745507957963,4.998054996268106,31.848291077534,33.94745507957964,4.998054996268106,nan,-39.945668099922045,nan,-33.51786833076114,False,6.759859635189188,ac506f8f1449f513,,40.19235908040729,37.94385849179312,-0.11256346668054618,-7.976394799065923,2,17.4585284412268,12.569326469227263,1.0021880400554262,1.0244046733369498,0.0,,,,,,,
162,165240,0,8,7312,-22.16525435402322,-22.787191990309196,16.144268820543203,16.70121280135659,1.034497937751426,0.0,-8.324147941460794,-8.324147941460794,-8.324147941460794,-21.169141729057625,18.83280511187161,phase,36.268583414184974,40.68348675831362,5.732322826276574,36.718079141283,42.31248320725672,5.806989890578572,36.26858341418498,40.683486758313606,5.732322826276576,36.718079141283006,42.31248320725673,5.806989890578573,-39.60285863124146,-31.533836651803973,0.08509905102705773,36.268583414184974,40.68348675831362,5.732322826276574,36.26858341418498,40.683486758313606,5.732322826276576,nan,-39.60285863124146,nan,-31.533836651803973,False,6.323903462983608,f7cddc9dc3a60378,,-22.16525435402322,-22.787191990309196,0.03449793775142607,-8.324147941460794,3,9.717626820130747,4.78381220499773,1.0082383886641109,1.0184264366594307,0.0,,,,,,,
163,166260,0,8,5080,-57.75202276760454,-57.538398784206045,11.82947943893869,12.911849765587295,1.0914977140148536,0.0,-9.682592245010843,-9.682592245010843,-9.682592245010843,-14.470477418809262,12.952030147365381,phase,35.71943193153473,39.907142051096656,5.6411016497566004,36.031784872569695,40.02253099773653,5.692987520360415,35.71943193153473,39.907142051096656,5.6411016497566004,36.03178487256969,40.022530997736524,5.692987520360414,-38.31377341743286,-35.290173638259006,-1.3572170914570947,35.71943193153473,39.907142051096656,5.6411016497566004,35.71943193153473,39.907142051096656,5.6411016497566004,nan,-38.31377341743286,nan,-35.290173638259006,False,6.18193646386007,d7444a974bc66f57,,-57.75202276760454,-57.538398784206045,0.09149771401485363,-9.682592245010843,4,-10.33041756691501,-14.990261650084804,1.0243824025194483,1.0034862808636131,0.0,,,,,,,
164,167280,0,8,2456,56.239341766018114,54.66455053339026,18.06819389953105,17.717759623682063,0.980604908393302,0.0,-9.253770955914936,-9.253770955914936,-9.253770955914936,-20.12739483774023,3.010674622562813,phase,37.08896641693423,41.417625443543315,5.868599072580437,37.152360814032825,42.29516638666005,5.879129703327712,37.08896641693423,41.4176254435433,5.868599072580437,37.15236081403283,42.29516638666002,5.879129703327714,-38.36685202257738,-31.967951017379804,0.34597463741785184,37.08896641693423,41.417625443543315,5.868599072580437,37.08896641693423,41.4176254435433,5.868599072580437,nan,-38.36685202257738,nan,-31.967951017379804,False,7.375177861559068,2b5914d95ec786ee,,56.239341766018114,54.66455053339026,-0.019395091606697945,-9.253770955914936,5,8.884837956505244,4.075861177444871,1.0209055041754462,1.0069596205654083,0.0,,,,,,,
165,168300,0,8,816,19.98268916615646,20.3669889875651,22.78526940257277,22.476215904984443,0.9864362587894866,0.0,-10.243846620319388,-10.243846620319388,-10.243846620319388,-15.974930850815928,10.867955294802284,phase,38.49088169243917,44.544665742990986,6.101475364192553,38.458728908182714,44.13366545942332,6.096134370130019,38.490881692439174,44.54466574299101,6.101475364192555,38.4587289081827,44.133665459423305,6.0961343701300175,-37.47694708251207,-33.76844233772061,-1.7264353884069648,38.49088169243917,44.544665742990986,6.101475364192553,38.490881692439174,44.54466574299101,6.101475364192555,nan,-37.47694708251207,nan,-33.76844233772061,False,6.5960172066524185,d25d4396b94d0b88,,19.98268916615646,20.3669889875651,-0.013563741210513403,-10.243846620319388,6,15.73556133839508,11.155038932005832,1.0184822270151168,1.0093826605000116,0.0,,,,,,,
166,169320,0,7,4737,10.454148347131444,11.364663163694289,16.679716044003737,17.330959679634752,1.0390440481068701,0.0,-9.442564610970555,-9.442564610970555,-9.442564610970555,-10.273083239747837,11.353131236371786,phase,30.117078742905083,31.523708111011047,4.710478196495861,29.764135684870734,30.919483672294152,4.6518497815399895,30.117078742905083,31.523708111011047,4.710478196495861,29.764135684870737,30.919483672294156,4.6518497815399895,-37.85294821447316,-37.71196580916113,0.3491975390216986,30.117078742905083,31.523708111011047,4.710478196495861,30.117078742905083,31.523708111011047,4.710478196495861,nan,-37.85294821447316,nan,-37.71196580916113,False,6.0422413778473,0b05b3ed66679897,,10.454148347131444,11.364663163694289,0.03904404810687012,-9.442564610970555,7,19.3281148699568,15.095697180803791,1.0254412191019417,1.0027450040747075,0.0,,,,,,,
167,170340,0,7,3846,-69.77806006831358,-68.20428069359178,17.93891227868881,18.22028577346507,1.015685092295731,0.0,-12.743299924293392,-12.743299924293392,-12.743299924293392,-24.660812802446223,-2.3397824915359315,phase,37.63108957989696,42.110256271177136,5.958652754135708,37.15803571880575,41.37700905781125,5.880072378539162,37.63108957989695,42.11025627117712,5.958652754135707,37.15803571880576,41.37700905781127,5.880072378539164,-35.66842719166447,-30.08147185960331,-0.21506217630111557,37.63108957989696,42.110256271177136,5.958652754135708,37.63108957989695,42.11025627117712,5.958652754135707,nan,-35.66842719166447,nan,-30.08147185960331,False,5.996964528263404,8e30ab27a531e06b,align_margin=6.0,,,,,,,,,,,,,,,,,
167,170340,0,7,4232,-30.170392980501106,-28.663747225625066,17.943957397584114,18.613504665700972,1.037313244413242,0.0,-9.106819277345448,-9.106819277345448,-9.106819277345448,-17.79544071986438,9.054274896982406,phase,37.23208516192026,42.16800545829923,5.892372950485094,37.65544385348855,43.199383212522676,5.962698314532982,37.23208516192025,42.16800545829922,5.892372950485092,37.65544385348855,43.19938321252269,5.962698314532982,-38.27445710753344,-32.93605975240707,-1.2572634386604342,37.23208516192026,42.16800545829923,5.892372950485094,37.23208516192025,42.16800545829922,5.892372950485092,nan,-38.27445710753344,nan,-32.93605975240707,False,5.741250266550731,715421a66e5973af,align_margin=5.7,,,,,,,,,,,,,,,,,
167,170340,0,8,388,20.738490876164065,21.33249196191226,16.161510554789498,16.190404842483073,1.0017878457335792,0.0,-9.23933676532019,-9.23933676532019,-9.23933676532019,-17.910109562132796,0.024630700062781095,phase,36.9459624088814,41.63488469590578,5.84484425396701,36.83056359597847,40.39090052024757,5.8256750159432675,36.945962408881414,41.63488469590579,5.844844253967013,36.83056359597846,40.39090052024755,5.825675015943267,-38.54335878466011,-32.920675665307954,-1.3350078763065376,36.9459624088814,41.63488469590578,5.84484425396701,36.945962408881414,41.63488469590579,5.844844253967013,nan,-38.54335878466011,nan,-32.920675665307954,False,6.483843438968453,1bbf9995764207f4,,20.738490876164065,21.33249196191226,0.001787845733579152,-9.23933676532019,8,26.40650383213859,22.54163025085579,1.025762051975948,1.0024318321367751,0.0,,,,,,,
168,171360,0,8,1939,-80.00756342122432,-78.74098390997568,14.311303614235069,14.482694872176312,1.0119759361244187,0.0,-8.672058728746237,-8.672058728746237,-8.672058728746237,-20.561621130371478,-19.82397915951058,phase,36.25099514878559,39.833292235256195,5.729401187505913,36.584533901297625,39.97252526513869,5.784806295896616,36.25099514878558,39.833292235256174,5.7294011875059105,36.58453390129763,39.97252526513869,5.784806295896617,-38.536144245423635,-31.42630336815809,-0.8341567287107239,36.25099514878559,39.833292235256195,5.729401187505913,36.25099514878558,39.833292235256174,5.7294011875059105,nan,-38.536144245423635,nan,-31.42630336815809,False,7.840452188589215,de775e07b50009a8,,-80.00756342122432,-78.74098390997568,0.011975936124418718,-8.672058728746237,9,-0.8928558424432431,-4.950857003610409,1.0279118326182786,1.0003558090285303,0.0,,,,,,,
169,172380,0,7,3865,-44.99561810501332,-44.32793049768726,18.805244466562925,18.715077471389943,0.9952052207918219,0.0,-12.242962516078949,-12.242962516078949,-12.242962516078949,-27.16818043679352,-13.523455954413613,phase,37.57585035543042,41.18415293846584,5.949476803227645,37.373527731507174,41.647141867644855,5.915868393938069,37.575850355430404,41.18415293846582,5.949476803227642,37.37352773150717,41.64714186764484,5.9158683939380685,-36.33037447735964,-29.555490244760417,-0.0562093213998498,37.57585035543042,41.18415293846584,5.949476803227645,37.575850355430404,41.18415293846582,5.949476803227642,nan,-36.33037447735964,nan,-29.555490244760417,False,6.574740517236513,9e582864ce5434fe,,-44.99561810501332,-44.32793049768726,-0.004794779208178057,-12.242962516078949,10,-16.213689630921436,-20.460114344013434,1.027049325818775,1.0011992380001613,0.0,,,,,,,
170,173400,0,7,3948,-23.77817961221198,-21.759699457746883,11.78148249158593,11.556373956937845,0.9808930213316659,0.0,-9.998367283887896,-9.998367283887896,-9.998367283887896,-19.982949880384545,26.771840436546988,phase,35.49794702175001,39.31767811583052,5.604310136503324,35.695530944195696,38.056918516861515,5.6371313860790195,35.49794702175001,39.317678115830496,5.604310136503324,35.6955309441957,38.056918516861515,5.637131386079021,-37.398554610922375,-32.251957511083866,-0.36709197447618,35.49794702175001,39.31767811583052,5.604310136503324,35.49794702175001,39.317678115830496,5.604310136503324,nan,-37.398554610922375,nan,-32.251957511083866,False,6.4061561849409845,b4429a2e11cedf74,,-23.77817961221198,-21.759699457746883,-0.019106978668334107,-9.998367283887896,11,-24.31686701009893,-28.06688682360873,1.0236151591458194,1.004612180198505,0.0,,,,,,,
171,174420,0,7,4368,40.19469345659551,38.44652001433812,14.119812572033274,14.606704589998921,1.0344828952566991,0.0,-8.936332059937486,-8.936332059937486,-8.936332059937486,-15.299033796477953,-8.371001564558066,phase,35.76141786985299,39.164747830823266,5.648076058115116,36.51862211195144,39.78153683194846,5.773857493679642,35.76141786985299,39.16474783082327,5.648076058115116,36.51862211195144,39.78153683194846,5.773857493679642,-38.57245460360751,-34.36349946105802,1.349362408560813,35.76141786985299,39.164747830823266,5.648076058115116,35.76141786985299,39.16474783082327,5.648076058115116,nan,-38.57245460360751,nan,-34.36349946105802,False,6.320298791909486,525d1fb27af76b47,,40.19469345659551,38.44652001433812,0.03448289525669912,-8.936332059937486,12,-10.573281264897647,-14.67238268534568,1.0297921716511185,0.9987519200338468,0.0,,,,,,,
172,175440,0,8,3142,-16.615750309258225,-16.75875823977084,16.51146124070562,16.331776736125093,0.9891175891726922,0.0,-9.625412073682604,-9.625412073682604,-9.625412073682604,-23.284098091707015,23.986917975432878,phase,36.95412027927948,41.98133638749755,5.846199381940114,36.79686915670099,40.80427786141142,5.82007793300681,36.95412027927948,41.98133638749758,5.846199381940114,36.79686915670101,40.80427786141142,5.820077933006813,-37.93741757851922,-30.608058396098304,0.8763024513816084,36.95412027927948,41.98133638749755,5.846199381940114,36.95412027927948,41.98133638749758,5.846199381940114,nan,-37.93741757851922,nan,-30.608058396098304,False,5.963622304097024,b0ceedfbfa437655,align_margin=6.0,,,,,,,,,,,,,,,,,
172,175440,0,7,4636,64.28729717608276,61.449759298379576,20.875942855649694,19.860682355378756,0.9513669630497108,0.0,-10.281653354621788,-10.281653354621788,-10.281653354621788,-27.90274261375067,-12.48069644619594,phase,37.8528397920517,42.869330582137806,5.995488337550117,38.00604856961231,43.16343100415998,6.0209383006000525,37.8528397920517,42.8693305821378,5.995488337550117,38.00604856961231,43.16343100415999,6.0209383006000525,-37.52734569491992,-29.028888323160547,1.4499815778905258,37.8528397920517,42.869330582137806,5.995488337550117,37.8528397920517,42.8693305821378,5.995488337550117,nan,-37.52734569491992,nan,-29.028888323160547,False,7.163109594849833,2f36470a5ad725aa,,64.28729717608276,61.449759298379576,-0.0486330369502892,-10.281653354621788,13,11.276325511149869,6.8619095878586425,1.0210278355224887,1.0076865999844813,0.0,,,,,,,
173,176460,0,7,8244,-37.57358237501488,-37.92988331390838,17.996063621722442,18.53983150520766,1.0302159347130142,0.0,-10.048384174221656,-10.048384174221656,-10.048384174221656,-12.6755905755459,-4.238249964296268,phase,37.44058262474719,42.16824365325908,5.927007080522789,37.54714994966521,42.34596740493554,5.944709293964322,37.44058262474719,42.16824365325907,5.927007080522789,37.547149949665204,42.345967404935514,5.94470929396432,-37.53502806050474,-36.016623514050565,1.6333798931997805,37.44058262474719,42.16824365325908,5.927007080522789,37.44058262474719,42.16824365325907,5.927007080522789,nan,-37.53502806050474,nan,-36.016623514050565,False,5.955915971032393,92b3d6bd15e71491,align_margin=6.0,,,,,,,,,,,,,,,,,
173,176460,0,8,6919,26.392216164476032,25.600033284175737,16.710870539685605,16.143222607001114,0.966031217144767,0.0,-8.236225241425366,-8.236225241425366,-8.236225241425366,-11.806739953359562,-24.125826696774766,phase,37.10044891974435,41.05697661997454,5.870506465073813,37.34328214545384,41.894092850056126,5.91084421020828,37.10044891974435,41.05697661997455,5.870506465073813,37.34328214545383,41.894092850056104,5.910844210208277,-38.796189890350036,-36.22873910134822,0.6977144589247075,37.10044891974435,41.05697661997454,5.870506465073813,37.10044891974435,41.05697661997455,5.870506465073813,nan,-38.796189890350036,nan,-36.22873910134822,False,5.520658742480122,1effec7b2450907f,align_margin=5.5,,,,,,,,,,,,,,,,,
173,176460,0,8,1597,-57.714951786688985,-58.684553416192905,12.86820231566791,12.1123734525973,0.941263834331363,0.0,-9.64391775610396,-9.64391775610396,-9.64391775610396,-12.106536366417828,-2.2926303806104245,phase,30.35330508191029,32.34281714403742,4.749718452144567,30.609843681070675,32.11930874368515,4.792332837387155,30.35330508191029,32.342817144037426,4.749718452144567,30.609843681070664,32.11930874368514,4.792332837387153,-38.18952842787808,-36.69463476068826,0.7255656162293711,30.35330508191029,32.34281714403742,4.749718452144567,30.35330508191029,32.342817144037426,4.749718452144567,nan,-38.18952842787808,nan,-36.69463476068826,False,7.274712568727281,6bb77dc54ea6c48d,,-57.714951786688985,-58.684553416192905,-0.05873616566863704,-9.64391775610396,14,-8.507888417752584,-13.52100876789188,1.0105328650050693,1.0186907816612794,0.0,,,,,,,
174,177480,0,7,828,-45.37916475174986,-45.297074142855195,8.257812307506454,8.695861563157905,1.0530466471432463,0.0,-8.224062225328073,-8.224062225328073,-8.224062225328073,-10.641897806423852,12.288124448190002,phase,34.874070607327354,37.98355313146508,5.500676180619163,35.23765851961914,37.3072768084601,5.561072843790555,34.87407060732736,37.983553131465094,5.5006761806191635,35.23765851961914,37.3072768084601,5.561072843790555,-39.10483752574511,-36.796691297109476,-0.17104240734440346,34.874070607327354,37.98355313146508,5.500676180619163,34.87407060732736,37.983553131465094,5.5006761806191635,nan,-39.10483752574511,nan,-36.796691297109476,False,6.558830032378968,8daf7e173091e2d3,,-45.37916475174986,-45.297074142855195,0.05304664714324625,-8.224062225328073,15,-24.225049346539173,-29.084098407463053,1.0199138065604705,1.0097104835394861,0.0,,,,,,,
175,178500,0,8,1024,42.309474738033465,40.887736396196516,13.24419082783932,13.391097237423226,1.0110921393004326,0.0,-9.935021745163292,-9.935021745163292,-9.935021745163292,-11.259628813725026,-0.8557951629579901,phase,36.33205133820605,40.480908256844685,5.742865670798348,35.91986936795447,39.218591316220774,5.6743969049758265,36.332051338206064,40.48090825684472,5.74286567079835,35.91986936795446,39.21859131622077,5.674396904975825,-37.97154021351385,-36.79318547264755,0.27750481103813485,36.33205133820605,40.480908256844685,5.742865670798348,36.332051338206064,40.48090825684472,5.74286567079835,nan,-37.97154021351385,nan,-36.79318547264755,False,7.201626337638532,64be9593e0a3b7b3,,42.309474738033465,40.887736396196516,0.011092139300432624,-9.935021745163292,16,-9.705865408583794,-14.911018131517656,1.021893586113411,1.0077720117052098,0.0,,,,,,,
176,179520,0,8,7513,-22.598611643162585,-22.087446879608535,12.856683717265875,12.530852829341363,0.9746566925740782,0.0,-8.127338326080341,-8.127338326080341,-8.127338326080341,-14.106936737602016,-2.1286814583936904,phase,30.46478325037375,32.629925231649935,4.768236420327866,30.46488653901602,32.5800307220345,4.768253577909638,30.464783250373742,32.62992523164993,4.768236420327864,30.464886539016018,32.5800307220345,4.768253577909637,-39.95402445928202,-35.3387997476799,0.4626386860605436,30.46478325037375,32.629925231649935,4.768236420327866,30.464783250373742,32.62992523164993,4.768236420327864,nan,-39.95402445928202,nan,-35.3387997476799,False,5.8864030446283975,8b63a93da0628104,align_margin=5.9,,,,,,,,,,,,,,,,,
176,179520,0,8,4959,55.328757841626505,55.24330858108342,14.359522722372962,14.306478228160291,0.9963059709408012,0.0,-8.190602641373987,-8.190602641373987,-8.190602641373987,-11.613319533032113,20.56124823268873,phase,36.484784477080126,40.45533101211782,5.768236624099689,36.31644516686037,40.224827869882624,5.740273283531623,36.48478447708014,40.45533101211782,5.768236624099692,36.316445166860355,40.2248278698826,5.7402732835316215,-38.61427031577663,-36.366276904797246,0.022774270435133914,36.484784477080126,40.45533101211782,5.768236624099689,36.48478447708014,40.45533101211782,5.768236624099692,nan,-38.61427031577663,nan,-36.366276904797246,False,6.766599235420752,e0b583db09af30c4,,55.328757841626505,55.24330858108342,-0.0036940290591988,-8.190602641373987,17,9.244312484420533,4.275025714513516,1.0212329778079716,1.0084259065536316,0.0,,,,,,,
177,180540,0,8,5575,35.29153523044072,36.125781727449585,6.70386710261586,6.790854548663399,1.0129757115879574,0.0,-8.036983428211123,-8.036983428211123,-8.036983428211123,-11.365968889327688,-13.591123832512427,phase,34.151939010302414,37.11951755519463,5.380720765830967,34.37199509608055,37.676470120184675,5.417274932903747,34.151939010302414,37.11951755519463,5.380720765830967,34.37199509608056,37.676470120184675,5.417274932903748,-39.58204209290643,-36.636806818083826,-0.6609499084659038,34.151939010302414,37.11951755519463,5.380720765830967,34.151939010302414,37.11951755519463,5.380720765830967,nan,-39.58204209290643,nan,-36.636806818083826,False,6.4875924614741605,5cd397ad937801fb,,35.29153523044072,36.125781727449585,0.012975711587957406,-8.036983428211123,18,21.33953228154001,16.81340213110045,1.0235519421101975,1.0061653561524462,0.0,,,,,,,
178,181560,0,8,5764,-82.53555127780913,-81.48458020771827,17.972418852786237,18.450668882974306,1.0266102205888623,0.0,-9.303542763218156,-9.303542763218156,-9.303542763218156,-14.23325336352068,-20.31174853256947,phase,37.260577520758666,41.55240849164259,5.897105900458251,37.66140596319508,42.01200622116196,5.963688698205163,37.260577520758666,41.55240849164261,5.897105900458251,37.66140596319509,42.01200622116196,5.963688698205164,-37.869630992705034,-34.990931672842365,-0.4994530174081717,37.260577520758666,41.55240849164259,5.897105900458251,37.260577520758666,41.55240849164261,5.897105900458251,nan,-37.869630992705034,nan,-34.990931672842365,False,6.239038329137754,1821611c45725b46,,-82.53555127780913,-81.48458020771827,0.02661022058886231,-9.303542763218156,19,-6.8832102669989865,-11.531444864784714,1.028318407128847,1.001601307140127,0.0,,,,,,,
179,182580,0,8,6804,42.31517590197512,41.32876911269258,19.116761335482195,18.412049659538567,0.96313645059555,0.0,-8.26122971609053,-8.26122971609053,-8.26122971609053,-20.210552497018163,13.01825409165885,phase,37.42135815534836,43.24578500895727,5.923813647067834,37.23208381763671,42.59558509354454,5.892372727182179,37.42135815534836,43.24578500895727,5.923813647067834,37.23208381763672,42.59558509354454,5.89237272718218,-39.54541173018799,-31.506834665040596,-0.34098019184724393,37.42135815534836,43.24578500895727,5.923813647067834,37.42135815534836,43.24578500895727,5.923813647067834,nan,-39.54541173018799,nan,-31.506834665040596,False,7.24211797735606,1963a6961dc25eca,,42.31517590197512,41.32876911269258,-0.036863549404450024,-8.26122971609053,20,7.519246659783981,2.910498337889935,1.0216846005080245,1.00831006722094,0.0,20,-9.331572474016413,0.24088840175642146,-9.331572474016413,inside-deadband,,
180,183600,0,8,2368,24.620495060402114,23.769777161830348,15.212748277210522,15.668988730073758,1.0299906660223064,0.0,-8.224396365425317,-8.224396365425317,-8.224396365425317,-12.495307311951695,13.658651749716402,phase,36.45516104656925,40.96698982099747,5.763315788466654,36.27511855522411,40.96113483948837,5.73340839787776,36.45516104656925,40.96698982099747,5.763315788466654,36.275118555224104,40.96113483948837,5.733408397877759,-39.19962074000461,-35.97151391637048,0.5119764876766029,36.45516104656925,40.96698982099747,5.763315788466654,36.45516104656925,40.96698982099747,5.763315788466654,nan,-39.19962074000461,nan,-35.97151391637048,False,8.181095216107526,ebf01ab6800bbd58,,24.620495060402114,23.769777161830348,0.029990666022306378,-8.224396365425317,1,15.953525953859588,11.161355169628457,1.0270467757939692,1.0031721751920697,0.0,,,,,,,
181,184620,0,8,3785,-48.22774680463577,-46.625458264140704,18.328863852709397,18.22134905730529,0.9941341265739058,0.0,-7.316979130586994,-7.316979130586994,-7.316979130586994,-19.201174396932757,7.23344507939863,phase,37.885109716053464,42.46202238646288,6.000848790042104,38.10308004947794,42.07194158435395,6.037056486624243,37.88510971605347,42.46202238646289,6.000848790042106,38.10308004947794,42.07194158435394,6.037056486624243,-41.0104985814252,-32.20897089384641,-1.3156781759468608,37.885109716053464,42.46202238646288,6.000848790042104,37.88510971605347,42.46202238646289,6.000848790042106,nan,-41.0104985814252,nan,-32.20897089384641,False,6.284374919874719,47874771bf4023ba,,-48.22774680463577,-46.625458264140704,-0.005865873426094237,-7.316979130586994,2,-0.48166646332460594,-5.10595247307484,1.0259924836758092,1.0042080355938183,0.0,,,,,,,
182,185640,0,8,6780,39.93718471532161,38.952512501740344,16.859361310186973,16.248249566096934,0.963752378702461,0.0,-9.874209234373023,-9.874209234373023,-9.874209234373023,-21.48113752113064,-5.582358786243666,phase,36.65201236415983,41.29296403402286,5.796015342883694,36.97120811325305,41.45258829629817,5.849037892566952,36.65201236415982,41.29296403402289,5.796015342883693,36.97120811325306,41.45258829629818,5.849037892566955,-38.44171272539751,-31.516464622763756,-1.117754322193016,36.65201236415983,41.29296403402286,5.796015342883694,36.65201236415982,41.29296403402289,5.796015342883693,nan,-38.44171272539751,nan,-31.516464622763756,False,6.769782318808617,b5124cadc8be6dc7,,39.93718471532161,38.952512501740344,-0.036247621297539,-9.874209234373023,3,13.142229298838993,8.470297559168026,1.0194842709503888,1.0108176449104278,0.0,,,,,,,
183,186660,0,8,3004,0.014293884301352477,0.7486519207183733,17.839871138750365,18.271422654900476,1.0241902821378979,0.0,-9.381178235644112,-9.381178235644112,-9.381178235644112,-10.312280539166798,-14.020986743413362,phase,37.06104479100519,42.297205766141005,5.863960928738404,37.25587363030629,42.39321345879587,5.896324523306694,37.0610447910052,42.297205766141,5.863960928738407,37.25587363030628,42.39321345879587,5.896324523306692,-38.510829522616994,-37.84808905124444,-0.6656859312522414,37.06104479100519,42.297205766141005,5.863960928738404,37.0610447910052,42.297205766141,5.863960928738407,nan,-38.510829522616994,nan,-37.84808905124444,False,5.704475857469772,027918354367ed48,align_margin=5.7,,,,,,,,,,,,,,,,,
183,186660,0,8,6664,27.548864902219776,27.14731294610567,15.47186079004443,14.6569754118374,0.9473311329991169,0.0,-7.914280150958072,-7.914280150958072,-7.914280150958072,-10.876764936032536,-11.070541293953795,phase,36.52995966548027,40.439047493902194,5.7757408082193145,36.197061253649146,40.452583838641935,5.720442068712483,36.52995966548027,40.439047493902194,5.7757408082193145,36.19706125364915,40.452583838641935,5.720442068712485,-39.7829087427732,-37.321275359882804,-0.5934190305635312,36.52995966548027,40.439047493902194,5.7757408082193145,36.52995966548027,40.439047493902194,5.7757408082193145,nan,-39.7829087427732,nan,-37.321275359882804,False,5.97454043958119,3c722a8f9d1d3d33,align_margin=6.0,,,,,,,,,,,,,,,,,
183,186660,0,8,6636,22.746669200930548,23.676839031913197,15.840456073144242,16.169247442955665,1.0207564332929058,0.0,-9.109313094572856,-9.109313094572856,-9.109313094572856,-10.111538866040108,-6.497537876040127,phase,36.70850607212368,41.63144693449042,5.805399679754765,36.81295445835387,41.971123467079174,5.822749910025561,36.70850607212368,41.63144693449042,5.805399679754765,36.812954458353865,41.97112346707919,5.82274991002556,-38.20515590944836,-37.896075740368104,-0.10695503769276726,36.70850607212368,41.63144693449042,5.805399679754765,36.70850607212368,41.63144693449042,5.805399679754765,nan,-38.20515590944836,nan,-37.896075740368104,False,6.457065525982389,05abea41bfba428d,,22.746669200930548,23.676839031913197,0.020756433292905774,-9.109313094572856,4,20.951407377578683,16.66850591345922,1.0231874209714398,1.0072206363995104,0.0,,,,,,,
184,187680,0,8,3778,-77.97897969136056,-76.93462376131498,14.334853955872493,14.19759918256296,0.9904251013835196,0.0,-8.092068670906738,-8.092068670906738,-8.092068670906738,-13.363394400041692,9.015966967511101,phase,36.56724404516998,39.9920815669164,5.781934226772423,36.74953373606572,39.803775775382235,5.81221490632321,36.56724404516997,39.99208156691638,5.781934226772421,36.74953373606572,39.803775775382235,5.81221490632321,-40.177025057586405,-35.614013426441815,-0.6385383547597208,36.56724404516998,39.9920815669164,5.781934226772423,36.56724404516997,39.99208156691638,5.781934226772421,nan,-40.177025057586405,nan,-35.614013426441815,False,6.212159469767018,9cbc8c0308e599b2,,-77.97897969136056,-76.93462376131498,-0.00957489861648042,-8.092068670906738,5,-5.722731037907188,-10.065575322918164,1.0214729607026845,1.0089246584464922,0.0,,,,,,,
185,188700,0,7,3720,-49.742198680810034,-48.007522969918796,9.210125118986538,9.494851517532465,1.0309144984316194,0.0,-8.095442671764177,-8.095442671764177,-8.095442671764177,-11.4760111290957,22.725633747484427,phase,35.293950944419514,37.89036521418067,5.570423744920186,35.12229168055129,37.55899848724384,5.541908917035099,35.29395094441952,37.89036521418067,5.570423744920187,35.12229168055129,37.55899848724384,5.541908917035099,-39.12895394241505,-36.23022862382153,-0.8939848506302366,35.293950944419514,37.89036521418067,5.570423744920186,35.29395094441952,37.89036521418067,5.570423744920187,nan,-39.12895394241505,nan,-36.23022862382153,False,6.586907536044128,9a11bfefd295a51b,,-49.742198680810034,-48.007522969918796,0.03091449843161942,-8.095442671764177,6,-22.766519966306333,-26.7195770848968,1.026999167444962,1.0036300195911283,0.0,,,,,,,
186,189720,0,8,6888,70.18026536252327,68.48812444495493,13.768339740255602,13.792427985511488,1.00174953884857,0.0,-8.777899813011627,-8.777899813011627,-8.777899813011627,-17.938448449176278,15.183362994511695,phase,35.99666377594901,40.01977876265326,5.687153451154321,36.456915250851324,40.621282885435704,5.763607184526799,35.99666377594899,40.019778762653225,5.687153451154318,36.45691525085133,40.62128288543573,5.7636071845267995,-38.729923901628965,-33.15585157362419,1.4171239908053046,35.99666377594901,40.01977876265326,5.687153451154321,35.99666377594899,40.019778762653225,5.687153451154318,nan,-38.729923901628965,nan,-33.15585157362419,False,6.128664309724331,a8dad9d9bda7d5d3,,70.18026536252327,68.48812444495493,0.001749538848569987,-8.777899813011627,7,1.1508245219008657,-2.835433438516258,1.0273136030596184,1.0033232755526886,0.0,,,,,,,
187,190740,0,8,368,48.289313011256425,46.27516752721873,18.024329577227522,17.77465274437767,0.986147788089422,0.0,-9.488345759685181,-9.488345759685181,-9.488345759685181,-19.033726961679196,17.964943766608,phase,37.498770528457534,41.684973554532554,5.936672845258728,37.43938053933393,42.32364347802659,5.926807398560455,37.498770528457534,41.68497355453255,5.936672845258728,37.439380539333925,42.32364347802658,5.926807398560453,-38.88487002436052,-32.370377650788924,0.8162970038839195,37.498770528457534,41.684973554532554,5.936672845258728,37.498770528457534,41.68497355453255,5.936672845258728,nan,-38.88487002436052,nan,-32.370377650788924,False,6.670030893173277,6b4d511ab4ec4904,,48.289313011256425,46.27516752721873,-0.01385221191057795,-9.488345759685181,8,17.602723439235568,13.307228681631095,1.0248232540571833,1.005789633221626,0.0,,,,,,,
188,191760,0,7,6948,27.618330701427446,27.40259236731213,16.854962369572124,16.656484897175776,0.9882243894679554,0.0,-9.129072255211163,-9.129072255211163,-9.129072255211163,-15.387439337627388,-1.3386180809614137,phase,36.96729492079807,42.37668216898122,5.848387860597686,37.198607582728755,40.912651770508106,5.886811890818731,36.967294920798075,42.37668216898122,5.848387860597688,37.19860758272877,40.912651770508134,5.886811890818733,-38.45986932922549,-34.36583827249179,-1.1838384218335527,36.96729492079807,42.37668216898122,5.848387860597686,36.967294920798075,42.37668216898122,5.848387860597688,nan,-38.45986932922549,nan,-34.36583827249179,False,5.470866780005467,89ed558f9fbb86e9,align_margin=5.5,,,,,,,,,,,,,,,,,
188,191760,0,7,4624,28.59778417600814,28.746264455444127,20.75261373205591,20.26753225963855,0.9766255239614435,0.0,-7.618964563943298,-7.618964563943298,-7.618964563943298,-15.749042001166465,-25.392123543587477,phase,37.58280038563398,42.514213822435536,5.950631293294682,37.775563188401094,43.79834991642131,5.982651692425431,37.582800385633995,42.514213822435565,5.950631293294684,37.77556318840108,43.7983499164213,5.98265169242543,-40.12277278578048,-34.076991850917196,-1.4436444146280323,37.58280038563398,42.514213822435536,5.950631293294682,37.582800385633995,42.514213822435565,5.950631293294684,nan,-40.12277278578048,nan,-34.076991850917196,False,6.1227047486690624,d8a312a90fdb6d6d,,28.59778417600814,28.746264455444127,-0.02337447603855647,-7.618964563943298,9,27.369504610503128,23.310505934726876,1.020631180402933,1.0100023185276439,0.0,,,,,,,
189,192780,0,8,240,-7.191967370930868,-6.748168151610578,17.795708433632925,17.643110163422936,0.9914249960444628,0.0,-8.591858734112607,-8.591858734112607,-8.591858734112607,-10.63569045277875,6.297019022890337,phase,36.657931337579804,41.51220228436653,5.796998561059769,37.1655182174843,42.41937742848591,5.881315318518987,36.65793133757982,41.512202284366566,5.796998561059771,37.1655182174843,42.4193774284859,5.881315318518987,-38.79058624114396,-37.19412145879862,0.3003494726061291,36.657931337579804,41.51220228436653,5.796998561059769,36.65793133757982,41.512202284366566,5.796998561059771,nan,-38.79058624114396,nan,-37.19412145879862,False,6.308699156993211,ac1911ecdb5ac6f4,,-7.191967370930868,-6.748168151610578,-0.00857500395553723,-8.591858734112607,10,24.903198830160374,20.972037190905812,1.0190995950313406,1.011531062945457,0.0,,,,,,,
190,193800,0,7,231,-48.36696664530522,-49.584152352897,18.044678781324116,17.781297151719084,0.9854039169775842,0.0,-10.575810929798527,-10.575810929798527,-10.575810929798527,-11.114527591180515,20.647320393767206,phase,37.015857956475905,41.316536598934235,5.8564548100458325,37.235754806488416,41.502616662026696,5.892982525994754,37.015857956475905,41.31653659893424,5.8564548100458325,37.23575480648842,41.50261666202671,5.892982525994755,-37.31121771456102,-36.946957866854305,1.7123302889790786,37.015857956475905,41.316536598934235,5.8564548100458325,37.015857956475905,41.31653659893424,5.8564548100458325,nan,-37.31121771456102,nan,-36.946957866854305,False,6.465355219441978,d87b9bccaacab413,,-48.36696664530522,-49.584152352897,-0.014596083022415773,-10.575810929798527,11,8.292027156270915,3.8154179240887736,1.0164964941293326,1.0141531029495836,0.0,,,,,,,
191,194820,0,8,1451,-17.651404516768878,-18.43730468684197,14.19924277992857,14.526273618420182,1.0230315689054834,0.0,-12.666025788076002,-12.666025788076002,-12.666025788076002,-13.681302637183824,5.014482389131996,phase,37.03217906449118,40.43021479399708,5.859165957556676,36.34435108447376,38.92879976023104,5.744908818018898,37.03217906449119,40.43021479399707,5.859165957556677,36.34435108447376,38.92879976023102,5.744908818018898,-35.768096877051214,-35.392089254953476,0.1894002807107107,37.03217906449118,40.43021479399708,5.859165957556676,37.03217906449119,40.43021479399707,5.859165957556677,nan,-35.768096877051214,nan,-35.392089254953476,False,7.313608154228309,8d65e23e72a5b90c,,-17.651404516768878,-18.43730468684197,0.023031568905483413,-12.666025788076002,12,2.2142968182427563,-2.5475825160089656,1.0205935082125088,1.0101575576392374,0.0,,,,,,,
192,195840,0,7,3193,-61.62441935231505,-61.758319101253214,15.920060845380082,15.650890645460928,0.9830923887456582,0.0,-8.475048815808307,-8.475048815808307,-8.475048815808307,-10.14488225467341,-11.816767921444603,phase,37.151487456739616,40.80048631344363,5.878984627365385,36.980927172164606,40.34615978200356,5.850652354180168,37.151487456739616,40.80048631344362,5.878984627365385,36.980927172164606,40.346159782003575,5.850652354180168,-38.9400383072598,-38.375097976456736,-0.218433232054414,37.151487456739616,40.80048631344363,5.878984627365385,37.151487456739616,40.80048631344362,5.878984627365385,nan,-38.9400383072598,nan,-38.375097976456736,False,5.470967462123497,6f8bbd6999fb93cd,align_margin=5.5,,,,,,,,,,,,,,,,,
192,195840,0,8,3900,-53.47880741489402,-51.52468646914861,18.51581246288006,19.090187745511347,1.0310207982384125,0.0,-12.330513945648848,-12.330513945648848,-12.330513945648848,-16.947849064912386,-27.40148751435903,phase,37.24359537669956,42.146344031656646,5.894284946295609,37.6376844244391,43.58305935038118,5.95974824326231,37.24359537669956,42.146344031656675,5.894284946295609,37.6376844244391,43.583059350381184,5.95974824326231,-35.8837448889583,-33.63320752447258,-0.7892502321893851,37.24359537669956,42.146344031656646,5.894284946295609,37.24359537669956,42.146344031656675,5.894284946295609,nan,-35.8837448889583,nan,-33.63320752447258,False,6.559605065491762,8c0cfd8a01cab865,,-53.47880741489402,-51.52468646914861,0.031020798238412528,-12.330513945648848,13,-16.125602901475546,-20.399886968739157,1.0261339426403053,1.0048387692872827,0.0,,,,,,,
193,196860,0,7,3076,21.033692257985408,19.899357528374843,16.995431934025117,16.24799394536562,0.9560212419689603,0.0,-10.153571055943061,-10.153571055943061,-10.153571055943061,-17.128607411695143,7.251352013172371,phase,36.65307681000692,41.2106874160191,5.796192161130719,37.5283452810926,42.3838565560824,5.941585594865881,36.653076810006915,41.21068741601909,5.796192161130717,37.5283452810926,42.3838565560824,5.941585594865881,-36.94678674428425,-33.1997774601735,-0.3650208086763591,36.65307681000692,41.2106874160191,5.796192161130719,36.653076810006915,41.21068741601909,5.796192161130717,nan,-36.94678674428425,nan,-33.1997774601735,False,5.795800759461414,5f2f306281bf741a,align_margin=5.8,,,,,,,,,,,,,,,,,
193,196860,0,8,2759,53.62413383205095,52.323725211288156,17.15598736981209,17.062001149503008,0.99452166650143,0.0,-10.19532720153746,-10.19532720153746,-10.19532720153746,-17.507450659038103,5.212126031805243,phase,36.97168707749879,40.904663309755584,5.849117454734019,37.09631137484773,40.67246591207584,5.869819165257098,36.97168707749879,40.904663309755584,5.849117454734019,37.09631137484773,40.672465912075815,5.869819165257098,-37.10644523780518,-33.11214234758048,0.8601760068394846,36.97168707749879,40.904663309755584,5.849117454734019,36.97168707749879,40.904663309755584,5.849117454734019,nan,-37.10644523780518,nan,-33.11214234758048,False,6.135446118408441,75390ba2d48d055b,,53.62413383205095,52.323725211288156,-0.005478333498569965,-10.19532720153746,14,2.1648424890408897,-2.1747702796804624,1.0251501794487077,1.0058074232274399,0.0,,,,,,,
194,197880,0,7,7096,30.769723749109858,28.1105148507055,17.97697732511841,17.044234029821045,0.9481145646218242,0.0,-12.579079897092928,-12.579079897092928,-12.579079897092928,-22.287285489628815,-28.541761474850404,phase,37.51406034110088,42.187350893358186,5.939212681245994,37.14723144466922,40.970069024101825,5.87827764861615,37.514060341100866,42.187350893358165,5.9392126812459916,37.14723144466921,40.97006902410182,5.878277648616148,-35.98336473763724,-31.18526151745066,0.8327696075500564,37.51406034110088,42.187350893358186,5.939212681245994,37.514060341100866,42.187350893358165,5.9392126812459916,nan,-35.98336473763724,nan,-31.18526151745066,False,5.485776258388794,3a70b58dbadded48,align_margin=5.5,,,,,,,,,,,,,,,,,
194,197880,0,8,6092,-21.68913308986697,-19.272444227899683,33.4338487704939,33.390439715293894,0.998701643490165,0.0,-11.259922159679263,-11.259922159679263,-11.259922159679263,-21.804730671153667,23.031895524668975,phase,37.97348065418818,42.943573275346296,6.015528347871792,37.61852441831136,42.664177457292254,5.956565517991921,37.97348065418817,42.94357327534628,6.01552834787179,37.61852441831135,42.66417745729227,5.95656551799192,-36.60566810365315,-31.400534444091335,-1.4431587520097888,37.97348065418818,42.943573275346296,6.015528347871792,37.97348065418817,42.94357327534628,6.01552834787179,nan,-36.60566810365315,nan,-31.400534444091335,False,7.9717344019281855,1630c11d9d4bad45,,-21.68913308986697,-19.272444227899683,-0.001298356509835008,-11.259922159679263,15,-5.240118007123425,-8.881178806792303,1.0249172526271246,1.0060362522368016,0.0,,,,,,,
195,198900,0,7,72,0.5850711170308784,1.9449317980432852,13.625020544057906,12.945271604555334,0.9501102448026016,0.0,-10.118989216694942,-10.118989216694942,-10.118989216694942,-15.559275254490762,-25.29434403408906,phase,36.005892942968,39.59776302879992,5.688686535376745,35.960036397678955,39.54656298593712,5.681069169049661,36.005892942968,39.59776302879992,5.688686535376745,35.960036397678955,39.54656298593712,5.681069169049661,-37.44306609281351,-33.84655242441338,-0.6783062273518606,36.005892942968,39.59776302879992,5.688686535376745,36.005892942968,39.59776302879992,5.688686535376745,nan,-37.44306609281351,nan,-33.84655242441338,False,5.255056981675792,f580259bea2100b3,align_margin=5.3,,,,,,,,,,,,,,,,,
195,198900,0,7,8108,-33.32794610140724,-32.97028990393549,9.635424271631507,10.161688503607431,1.054617650156345,0.0,-9.362036326081718,-9.362036326081718,-9.362036326081718,-15.645739148145926,1.2213323788975354,phase,35.03813461975997,38.51721217299341,5.527929338830561,35.575407452285674,38.853260635235486,5.617177317655428,35.038134619759965,38.5172121729934,5.5279293388305595,35.575407452285674,38.85326063523549,5.617177317655428,-37.97356973410193,-33.799430781049765,1.0491341634088733,35.03813461975997,38.51721217299341,5.527929338830561,35.038134619759965,38.5172121729934,5.5279293388305595,nan,-37.97356973410193,nan,-33.799430781049765,False,5.674788350053376,e171d9224f539780,align_margin=5.7,,,,,,,,,,,,,,,,,
195,198900,0,8,2756,52.372751983499946,50.0800986270713,17.48426590045952,17.695714277310596,1.0120936376771483,0.0,-7.405316864773723,-7.405316864773723,-7.405316864773723,-15.719077362251461,1.1520348337211974,phase,37.82179443792161,41.79758659386506,5.990331301980334,37.224016570120845,41.694056746730006,5.891032652843995,37.821794437921604,41.797586593865034,5.9903313019803335,37.22401657012084,41.694056746729984,5.891032652843994,-41.00353878432041,-34.2995880641876,1.6485662881823986,37.82179443792161,41.79758659386506,5.990331301980334,37.821794437921604,41.797586593865034,5.9903313019803335,nan,-41.00353878432041,nan,-34.2995880641876,False,6.220066244369662,6511ee7f5dfb2704,,52.372751983499946,50.0800986270713,0.012093637677148328,-7.405316864773723,16,12.644704545369784,8.541686900585002,1.0270863737600326,1.0039325322275576,0.0,,,,,,,
196,199920,0,8,6923,20.080697969744875,19.545291173316414,18.511773801050694,18.150953611950282,0.9805086107372416,0.0,-10.532612740468002,-10.532612740468002,-10.532612740468002,-23.462738261676886,9.926777129409132,phase,37.92912772945978,42.11086960426399,6.008160752401958,37.26370938407044,41.82555426249863,5.897626143533296,37.92912772945979,42.110869604264,6.00816075240196,37.263709384070424,41.8255542624986,5.8976261435332935,-37.562946371086674,-30.836326815842266,-0.48435158475298934,37.92912772945978,42.11086960426399,6.008160752401958,37.92912772945979,42.110869604264,6.00816075240196,nan,-37.562946371086674,nan,-30.836326815842266,False,6.089243288883285,d554248ccda23631,,20.080697969744875,19.545291173316414,-0.019491389262758396,-10.532612740468002,17,19.48759962115703,15.355742318713592,1.023582989204482,1.0074250124810296,0.0,,,,,,,
197,200940,0,7,7995,-78.83518432031441,-77.47991661845687,14.828796453934682,14.787990956389809,0.9972482259317784,0.0,-12.140632608523065,-12.140632608523065,-12.140632608523065,-20.096449248401616,0.5961208664746647,phase,37.13933309833122,39.6728653147728,5.87696563095203,36.80652611304706,39.848245125918694,5.821682078579247,37.13933309833123,39.67286531477281,5.876965630952032,36.80652611304707,39.84824512591869,5.821682078579248,-36.16468105183712,-32.013256411989666,-0.2883085106776164,37.13933309833122,39.6728653147728,5.87696563095203,37.13933309833123,39.67286531477281,5.876965630952032,nan,-36.16468105183712,nan,-32.013256411989666,False,4.711099939164033,ea48c9a6a27bc08f,align_margin=4.7,,,,,,,,,,,,,,,,,
197,200940,0,7,6064,-61.12506614251603,-60.62023927416499,25.225172036422972,25.45004977780396,1.0089148149735623,0.0,-9.353023675166611,-9.353023675166611,-9.353023675166611,-13.576286469952864,3.6919209902932857,phase,37.99863563992618,43.6420132560982,6.019706916931259,38.035704481143156,43.782409328225675,6.025864531751355,37.99863563992618,43.64201325609819,6.019706916931259,38.035704481143156,43.78240932822567,6.025864531751355,-38.01133945806325,-35.29774158883209,-0.00614148505101042,37.99863563992618,43.6420132560982,6.019706916931259,37.99863563992618,43.64201325609819,6.019706916931259,nan,-38.01133945806325,nan,-35.29774158883209,False,6.384868880314986,1e7abf07c5483cce,,-61.12506614251603,-60.62023927416499,0.00891481497356228,-9.353023675166611,18,-1.4132685795812634,-5.7049654095028295,1.0251798734722797,1.0058672235535349,0.0,,,,,,,
198,201960,0,7,6567,-15.780574744946023,-14.76553696819851,14.80602859138283,14.722154937215892,0.9943351687017711,0.0,-7.804897531936345,-7.804897531936345,-7.804897531936345,-16.061533515877016,-5.944730429409727,phase,37.085461564207286,41.20847080811605,5.868016871130779,37.069054518947844,40.64523602095654,5.865291448330208,37.08546156420729,41.20847080811604,5.86801687113078,37.069054518947844,40.645236020956546,5.865291448330208,-39.468274955886265,-33.72306838228232,-0.3872753304026455,37.085461564207286,41.20847080811605,5.868016871130779,37.08546156420729,41.20847080811604,5.86801687113078,nan,-39.468274955886265,nan,-33.72306838228232,False,5.722905671563458,9fe621e9b6036a76,align_margin=5.7,,,,,,,,,,,,,,,,,
198,201960,0,8,3484,-37.82407781600308,-37.226761625820515,17.511784893494553,17.21775264607218,0.9832094644143555,0.0,-11.045155536318633,-11.045155536318633,-11.045155536318633,-20.711779008331003,-23.966240921204747,phase,37.435933497337494,41.509753127868834,5.926234800222176,36.81293460372337,41.24179391767272,5.822746611914182,37.4359334973375,41.50975312786885,5.926234800222177,36.81293460372337,41.24179391767274,5.822746611914182,-37.06651884096732,-31.817197592754773,0.15282585039746266,37.435933497337494,41.509753127868834,5.926234800222176,37.4359334973375,41.50975312786885,5.926234800222177,nan,-37.06651884096732,nan,-31.817197592754773,False,6.6806512485596725,bc7ba5b96e43b40d,,-37.82407781600308,-37.226761625820515,-0.016790535585644473,-11.045155536318633,19,-14.326541243394477,-18.658331682843503,1.0221675426215158,1.008873280506795,0.0,,,,,,,
199,202980,0,8,7523,28.14791697712777,28.78651593865878,2.1875066776952536,2.5521071725763145,1.1666740031464509,0.0,-9.203480993615702,-9.203480993615702,-9.203480993615702,-12.113486318324371,8.343405027490238,phase,33.36822171191639,36.169338397768584,5.250535168092424,33.27813215265077,36.23533569561766,5.235570125025045,33.36822171191639,36.16933839776857,5.250535168092424,33.27813215265078,36.23533569561768,5.235570125025046,-38.21355296108498,-36.32919336352968,-0.4966274414237404,33.36822171191639,36.169338397768584,5.250535168092424,33.36822171191639,36.16933839776857,5.250535168092424,nan,-38.21355296108498,nan,-36.32919336352968,False,6.125104005656098,ffe74b31033ae971,,28.14791697712777,28.78651593865878,0.16667400314645087,-9.203480993615702,20,-4.688423683206407,-8.671665593848283,1.051982074959158,0.9836504968685973,0.0,20,-9.487833393673231,0.3488583093090292,-9.487833393673231,inside-deadband,,
200,204000,0,7,875,54.68486283947754,50.140353459477325,19.15544653306578,19.074872764639274,0.9957936888452367,0.0,-10.566145774554371,-10.566145774554371,-10.566145774554371,-50.67897468780762,14.02055194626465,phase,38.382444434935906,41.859201811336824,6.083462530720251,37.88161392869153,42.24910735652483,6.000268094467032,38.3824444349359,41.85920181133682,6.08346253072025,37.88161392869154,42.249107356524846,6.000268094467034,-37.698137972266224,-23.86722063982257,0.9946082211359966,38.382444434935906,41.859201811336824,6.083462530720251,38.3824444349359,41.85920181133682,6.08346253072025,nan,-37.698137972266224,nan,-23.86722063982257,False,6.9152581320202176,ff8b7e9d835c7a4a,,54.68486283947754,50.140353459477325,-0.004206311154763331,-10.566145774554371,1,13.505519397582509,9.169146530665282,1.0512077062702683,0.9843776249054086,0.0,,,,,,,
201,205020,0,7,7091,28.081153868636022,25.622138925685867,17.770379540333874,16.40976177535839,0.9234333874587622,0.0,-7.600971551463682,-7.600971551463682,-7.600971551463682,-49.666049689777374,-26.76590832567199,phase,36.98958248189735,40.63076283891931,5.852090113271986,37.656814578911025,40.94311491256753,5.962926009785885,36.989582481897365,40.630762838919324,5.852090113271989,37.65681457891102,40.94311491256752,5.9629260097858845,-40.17634056680193,-24.088338348617484,-1.1057947124177332,36.98958248189735,40.63076283891931,5.852090113271986,36.989582481897365,40.630762838919324,5.852090113271989,nan,-40.17634056680193,nan,-24.088338348617484,False,5.77065792190998,1c167915c1b64815,align_margin=5.8,,,,,,,,,,,,,,,,,
201,205020,0,8,4287,-60.483095384634076,-57.391143957938745,18.739816714210928,17.924173742009994,0.9564754029006907,0.0,-8.024312394794029,-8.024312394794029,-8.024312394794029,-51.49033662628042,15.983027116116288,phase,37.6083386982943,42.2706017118944,5.954873537922642,37.94190750000751,42.285253772399,6.010283637875002,37.60833869829429,42.2706017118944,5.95487353792264,37.94190750000752,42.28525377239901,6.010283637875004,-39.74068330849949,-23.734004411898688,-0.7844722669086011,37.6083386982943,42.2706017118944,5.954873537922642,37.60833869829429,42.2706017118944,5.95487353792264,nan,-39.74068330849949,nan,-23.734004411898688,False,7.226410447228402,4535d975734007ad,,-60.483095384634076,-57.391143957938745,-0.04352459709930934,-8.024312394794029,2,-6.6323498915713675,-11.236539130067571,1.0432008626907254,0.9922166261937203,0.0,,,,,,,
202,206040,0,8,2592,52.793631065378655,49.55406573334008,20.321125079102778,19.622282671039198,0.9656100533143102,0.0,-7.752684464788205,-7.752684464788205,-7.752684464788205,-40.53379591002033,2.9092163452195163,phase,37.18743741436429,42.05475239842717,5.8849563811236365,37.289811045762555,42.71324085565074,5.901961967734644,37.1874374143643,42.05475239842717,5.884956381123638,37.28981104576257,42.71324085565074,5.901961967734647,-40.85306625082228,-25.911946220328716,0.49600980912967074,37.18743741436429,42.05475239842717,5.8849563811236365,37.1874374143643,42.05475239842717,5.884956381123638,nan,-40.85306625082228,nan,-25.911946220328716,False,7.299296345370745,c876ddf727474117,,52.793631065378655,49.55406573334008,-0.03438994668568984,-7.752684464788205,3,11.080222570478613,6.243437065456087,1.0369226288319053,0.9984006944236533,0.0,,,,,,,
203,207060,0,8,7837,-53.37236669872535,-52.04132376276698,15.385759123145455,14.593206591988237,0.9484879150379426,0.0,-9.842116119279432,-9.842116119279432,-9.842116119279432,-29.393352083343153,24.931206105936084,phase,29.849105214847942,30.942434243458568,4.665964321403313,30.059622683937413,31.948053886544116,4.700934000654056,29.849105214847942,30.942434243458568,4.665964321403313,30.059622683937416,31.94805388654412,4.700934000654056,-38.11855544884297,-28.628272892789184,-0.2591815666070296,29.849105214847942,30.942434243458568,4.665964321403313,29.849105214847942,30.942434243458568,4.665964321403313,nan,-38.11855544884297,nan,-28.628272892789184,False,5.42141646291961,9406f749e17b065a,align_margin=5.4,,,,,,,,,,,,,,,,,
203,207060,0,8,6256,-21.85855980414236,-21.46686249712762,18.791322824451015,18.952834578864774,1.0085950178134135,0.0,-10.914974956179933,-10.914974956179933,-10.914974956179933,-29.068361805938448,-5.138381845467641,phase,37.561524741217205,42.79617523359135,5.9470971330925595,37.198881985757595,42.34234706049528,5.886857472717209,37.561524741217184,42.79617523359131,5.947097133092556,37.19888198575759,42.3423470604953,5.886857472717208,-37.37074807682797,-28.8473036733576,-0.1774982988038083,37.561524741217205,42.79617523359135,5.9470971330925595,37.561524741217184,42.79617523359131,5.947097133092556,nan,-37.37074807682797,nan,-28.8473036733576,False,6.691472188534053,b2d3c613b44cbe95,,-21.85855980414236,-21.46686249712762,0.008595017813413541,-10.914974956179933,4,3.702144670811095,-1.2820002824535397,1.0384822933134452,0.9969117692055639,0.0,,,,,,,
204,208080,0,7,4212,-7.471186571602601,-6.1572591089553725,18.406632719296326,18.08897469645726,0.9827421980063712,0.0,-7.720017681864704,-7.720017681864704,-7.720017681864704,-32.74643388709127,-8.672844708830059,phase,37.31899084859217,41.55477956036287,5.906809111061824,37.500657949572634,42.3952258274771,5.936986370360904,37.31899084859219,41.5547795603629,5.906809111061827,37.50065794957265,42.395225827477134,5.936986370360906,-40.01223454081459,-27.974051447121994,-0.9988017769222424,37.31899084859217,41.55477956036287,5.906809111061824,37.31899084859219,41.5547795603629,5.906809111061827,nan,-40.01223454081459,nan,-27.974051447121994,False,6.539228852453908,9d639ae4f3a76dda,,-7.471186571602601,-6.1572591089553725,-0.017257801993628807,-7.720017681864704,5,1.1841284110272126,-3.4437168502614672,1.035345956999864,0.9999754297889495,0.0,,,,,,,
205,209100,0,8,1287,2.540088355661325,3.1290566334572176,19.10157264130507,18.76647730990848,0.9824571862385832,0.0,-11.47345515308027,-11.47345515308027,-11.47345515308027,-32.34907516194216,17.797458606362028,phase,38.084968809197825,41.40488714282938,6.0340479749498055,38.147450030620796,41.946288204091076,6.044426915385515,38.084968809197825,41.40488714282941,6.0340479749498055,38.1474500306208,41.946288204091104,6.044426915385516,-36.51526610179312,-27.84235436822902,-1.7720565088295945,38.084968809197825,41.40488714282938,6.0340479749498055,38.084968809197825,41.40488714282941,6.0340479749498055,nan,-36.51526610179312,nan,-27.84235436822902,False,6.927707961124772,41afa716f806c8a8,,2.540088355661325,3.1290566334572176,-0.017542813761416753,-11.47345515308027,6,2.042808467167694,-2.3485201193366203,1.0321674527719642,1.0031001633863899,0.0,,,,,,,
206,210120,0,8,6343,-39.423524178623914,-38.65845701503824,15.99778618331002,15.618927735664451,0.9763180703064516,0.0,-10.284345081483409,-10.284345081483409,-10.284345081483409,-22.24229444341253,4.903772371279959,phase,37.05918415369107,40.921971565099525,5.863651852772604,37.01912642600839,40.45659219290688,5.856997745184119,37.05918415369108,40.921971565099525,5.863651852772605,37.01912642600839,40.45659219290688,5.856997745184119,-37.364070124275045,-30.9070450150451,0.43580521784586246,37.05918415369107,40.921971565099525,5.863651852772604,37.05918415369108,40.921971565099525,5.863651852772605,nan,-37.364070124275045,nan,-30.9070450150451,False,6.785028161918214,e280919fa8ad449d,,-39.423524178623914,-38.65845701503824,-0.02368192969354843,-10.284345081483409,7,-11.32540366300766,-15.837163077568807,1.0278898022884742,1.0073581874328497,0.0,,,,,,,
207,211140,0,8,5308,-0.8968472188251866,-1.1608999800078692,17.303099253624286,17.707867780256297,1.0233928338905662,0.0,-9.879981237334311,-9.879981237334311,-9.879981237334311,-16.693735110751142,10.071529662342234,phase,36.94965836656894,41.117048041437705,5.845458200426735,36.91568850303817,41.63519269346332,5.839815365953185,36.94965836656894,41.117048041437705,5.845458200426735,36.91568850303816,41.635192693463324,5.839815365953184,-37.87865892754613,-33.589639887500965,-0.4390257670033648,36.94965836656894,41.117048041437705,5.845458200426735,36.94965836656894,41.117048041437705,5.845458200426735,nan,-37.87865892754613,nan,-33.589639887500965,False,6.180741843799784,1dcd9079b06a90f9,,-0.8968472188251866,-1.1608999800078692,0.023392833890566234,-9.879981237334311,8,-11.630783214288316,-16.240510167086395,1.0320977219839538,1.0033285828234122,0.0,,,,,,,
208,212160,0,8,5616,18.105307539792562,16.806683681088117,6.426140639464596,6.670403473825876,1.0380108136540303,0.0,-7.913982533289438,-7.913982533289438,-7.913982533289438,-23.01571223402089,6.074153282935249,phase,34.182833898503404,37.47204712032801,5.385852807060367,34.369423496591764,37.70614533927552,5.416847756908932,34.18283389850341,37.472047120328014,5.385852807060368,34.36942349659178,37.70614533927554,5.416847756908934,-39.74779329431439,-30.763188172779785,0.024889549730816363,34.182833898503404,37.47204712032801,5.385852807060367,34.18283389850341,37.472047120328014,5.385852807060368,nan,-39.74779329431439,nan,-30.763188172779785,False,6.560760370383938,ea67974834149f94,,18.105307539792562,16.806683681088117,0.03801081365403025,-7.913982533289438,9,-5.4909986726207425,-10.377685775272827,1.0389631249659932,0.996898944830806,0.0,,,,,,,
209,213180,0,7,7483,34.730977443827584,34.03223830289546,12.915667176294015,12.45808501620422,0.9645715429296862,0.0,-12.40544961376421,-12.40544961376421,-12.40544961376421,-37.52938654603984,20.046238738324554,phase,36.10861397158514,39.56983369332775,5.705749829166968,35.89147340527456,38.97431715914418,5.6696799676535825,36.10861397158514,39.569833693327766,5.705749829166968,35.89147340527458,38.974317159144206,5.669679967653586,-35.5825537814474,-26.37604043445885,-1.5670452676032944,36.10861397158514,39.56983369332775,5.705749829166968,36.10861397158514,39.569833693327766,5.705749829166968,nan,-35.5825537814474,nan,-26.37604043445885,False,6.491600408618095,f2bf60dd215fde09,,34.730977443827584,34.03223830289546,-0.035428457070313835,-12.40544961376421,10,6.20897586279651,1.5706500794060005,1.0325215743836562,1.0033067157759696,0.0,,,,,,,
210,214200,0,8,7044,23.620956446759855,23.216805774068142,14.4900994366659,14.561279189484118,1.0049123025780005,0.0,-10.197792745684003,-10.197792745684003,-10.197792745684003,-26.81110248174153,5.346180068339817,phase,36.43324139798,39.81249196092318,5.759674650827243,36.35130242828299,39.358452557014544,5.746063526292857,36.43324139798001,39.812491960923204,5.759674650827245,36.351302428282985,39.358452557014544,5.746063526292855,-37.468389879617284,-29.36849353412701,-1.2401091349654578,36.43324139798,39.81249196092318,5.759674650827243,36.43324139798001,39.812491960923204,5.759674650827245,nan,-37.468389879617284,nan,-29.36849353412701,False,6.275013798447032,91d189a5a0c4f0d1,,23.620956446759855,23.216805774068142,0.00491230257800046,-10.197792745684003,11,14.215912435817733,9.669750676613898,1.033409184602201,1.0024484363252029,0.0,,,,,,,
211,215220,0,8,2704,31.013281412208606,29.61351653829407,18.09772709303201,17.5878894605787,0.9718286373845473,0.0,-8.377281983640616,-8.377281983640616,-8.377281983640616,-25.592338349731545,-15.259276097806445,phase,37.37491226521019,42.94080231545173,5.916098382925282,36.89613462380905,41.371225654490715,5.836567213257317,37.37491226521019,42.94080231545173,5.916098382925282,36.896134623809054,41.371225654490715,5.836567213257319,-39.87191985968879,-29.86043073149046,0.2488164947225613,37.37491226521019,42.94080231545173,5.916098382925282,37.37491226521019,42.94080231545173,5.916098382925282,nan,-39.87191985968879,nan,-29.86043073149046,False,6.726388319624862,247830b278fb97d2,,31.013281412208606,29.61351653829407,-0.028171362615452722,-8.377281983640616,12,24.719639958281533,20.00916606479903,1.0283144892500267,1.0075337559282838,0.0,,,,,,,
212,216240,0,7,728,7.971735617470905,7.273344809875049,14.89028115845676,14.755675020409505,0.9909601345592587,0.0,-9.517714785593386,-9.517714785593386,-9.517714785593386,-16.410048917585968,-17.637543566654685,phase,36.29121375300372,40.9714129271655,5.736082018771382,36.34741140691949,40.183667110391035,5.745417177229152,36.29121375300371,40.97141292716552,5.7360820187713815,36.3474114069195,40.18366711039106,5.745417177229153,-38.14009231526868,-33.72704091953851,-0.7934238753935219,36.29121375300372,40.9714129271655,5.736082018771382,36.29121375300371,40.97141292716552,5.7360820187713815,nan,-38.14009231526868,nan,-33.72704091953851,False,5.701673553055215,14f41933c8bfda92,align_margin=5.7,,,,,,,,,,,,,,,,,
212,216240,0,8,7656,-69.5326487855815,-66.83706002462476,6.995436225305508,7.322353446376993,1.0467329285182938,0.0,-9.189377910306687,-9.189377910306687,-9.189377910306687,-16.131910863280012,14.638222744636392,phase,34.9581973943556,37.867141128323276,5.514650729959403,34.78425449187193,37.38561399452205,5.485756560111616,34.9581973943556,37.867141128323276,5.514650729959403,34.78425449187193,37.38561399452206,5.485756560111616,-37.6846678132812,-33.75230667780296,-1.6081420215441469,34.9581973943556,37.867141128323276,5.514650729959403,34.9581973943556,37.867141128323276,5.514650729959403,nan,-37.6846678132812,nan,-33.75230667780296,False,6.553942558119162,5b9bb6fb02307980,,-69.5326487855815,-66.83706002462476,0.046732928518293804,-9.189377910306687,13,1.053312847883003,-3.2088858078806375,1.036724315066105,0.9996617617455005,0.0,,,,,,,
213,217260,0,8,2208,2.7471246884573333,3.5904834581142637,14.413389449940212,14.42935053424772,1.0011073789661302,0.0,-10.178882414331738,-10.178882414331738,-10.178882414331738,-27.92200404916518,-0.29694854827237827,phase,36.02965710860797,39.933906187662515,5.692634071197338,36.079842192796576,39.314514024534965,5.700970463919698,36.029657108607964,39.93390618766251,5.692634071197337,36.07984219279657,39.314514024534965,5.700970463919696,-37.28573099214765,-29.125759710399322,-0.784886584202928,36.02965710860797,39.933906187662515,5.692634071197338,36.029657108607964,39.93390618766251,5.692634071197337,nan,-37.28573099214765,nan,-29.125759710399322,False,8.141029334879626,f64fa3657fc7e647,,2.7471246884573333,3.5904834581142637,0.0011073789661302236,-10.178882414331738,14,1.9807471011239512,-1.9517914001224241,1.0369252232386366,0.9994682502646088,0.0,,,,,,,
214,218280,0,8,6769,28.585093455807737,27.30393148394079,14.130067198109247,13.209830419021614,0.9348738568482696,0.0,-8.978817528424468,-8.978817528424468,-8.978817528424468,-27.66293142643614,-1.988342470406169,phase,30.13972351728045,32.443915213364335,4.714239786923663,30.32364900901303,32.761545558295275,4.744792194188212,30.13972351728045,32.443915213364335,4.714239786923663,30.323649009013035,32.761545558295275,4.744792194188212,-37.850767127107815,-29.254894892474997,0.8493216957953962,30.13972351728045,32.443915213364335,4.714239786923663,30.13972351728045,32.443915213364335,4.714239786923663,nan,-37.850767127107815,nan,-29.254894892474997,False,5.913352883285149,30f5c708c3c657d5,align_margin=5.9,,,,,,,,,,,,,,,,,
214,218280,0,7,3072,12.819509540816966,10.534728247469886,15.98945764235009,15.57444653913734,0.9740447041734835,0.0,-7.976011323868767,-7.976011323868767,-7.976011323868767,-28.00931948895904,-1.7791704904286558,phase,36.75972694063523,40.93842564650029,5.813908129673627,36.741264036080196,40.4441116896016,5.810841202006678,36.75972694063523,40.93842564650029,5.813908129673627,36.74126403608018,40.44411168960157,5.810841202006675,-39.76233237677264,-29.071551289991948,1.6383136367624282,36.75972694063523,40.93842564650029,5.813908129673627,36.75972694063523,40.93842564650029,5.813908129673627,nan,-39.76233237677264,nan,-29.071551289991948,False,5.4480162044695986,5b184f9e8492d94d,align_margin=5.4,,,,,,,,,,,,,,,,,
214,218280,0,8,2703,29.04576908884033,28.257070216354563,18.32467347444797,18.259415176321344,0.9964387742997101,0.0,-7.374268832994441,-7.374268832994441,-7.374268832994441,-28.75501964621286,24.596782964553,phase,38.04425878680881,42.17620364098137,6.027285512758939,37.93097064980206,42.36647735846017,6.008466885349181,38.044258786808825,42.176203640981385,6.027285512758942,37.93097064980206,42.36647735846017,6.008466885349181,-40.01454234150158,-28.53776971862939,0.07685628603359618,38.04425878680881,42.17620364098137,6.027285512758939,38.044258786808825,42.176203640981385,6.027285512758942,nan,-40.01454234150158,nan,-28.53776971862939,False,6.942263073600531,c091f56a31dfb0e7,,29.04576908884033,28.257070216354563,-0.0035612257002899383,-7.374268832994441,15,11.784751240730573,7.943444964920417,1.0362789964066383,1.0000933595231725,0.0,,,,,,,
215,219300,0,7,5035,-15.45066205241693,-17.398194100397177,14.6939157768126,15.401597419577877,1.0481615420636898,0.0,-8.314010688615829,-8.314010688615829,-8.314010688615829,-27.364524697605972,16.81980497944179,phase,36.42051778262981,39.91725129084312,5.757561093460102,37.19335744468376,40.87014740794176,5.885939774864413,36.42051778262979,39.9172512908431,5.757561093460098,37.193357444683755,40.87014740794175,5.885939774864412,-40.02822203923025,-29.190834828981874,0.41942934058041814,36.42051778262981,39.91725129084312,5.757561093460102,36.42051778262979,39.9172512908431,5.757561093460098,nan,-40.02822203923025,nan,-29.190834828981874,False,6.8242440191005285,54b4c2a555a65ecd,,-15.45066205241693,-17.398194100397177,0.04816154206368983,-8.314010688615829,16,6.566338306474866,1.8546454771982717,1.0450130354397908,0.9920516060508924,0.0,,,,,,,
216,220320,0,7,7468,-40.31593320001282,-39.199430782387566,15.325899062822327,14.877981974429112,0.970773845856797,0.0,-7.708337906731224,-7.708337906731224,-7.708337906731224,-41.931316422072314,-30.175995935557594,phase,36.580834359945634,40.70215565870192,5.7841917541437935,36.571060302351384,40.69236586113442,5.782568156536776,36.58083435994562,40.70215565870189,5.784191754143792,36.57106030235138,40.69236586113441,5.782568156536774,-40.644258038378716,-25.51854576329291,-0.3635119030524834,36.580834359945634,40.70215565870192,5.7841917541437935,36.58083435994562,40.70215565870189,5.784191754143792,nan,-40.644258038378716,nan,-25.51854576329291,False,6.566929297861439,e3bfd5fbc70df12e,,-40.31593320001282,-39.199430782387566,-0.029226154143202954,-7.708337906731224,17,-6.936437392458008,-11.975079398154453,1.0396682358300924,0.9972782861103467,0.0,,,,,,,
217,221340,0,8,548,55.5615815315903,54.009970195766876,9.593532366745274,9.12984432248103,0.9516665992735317,0.0,-7.740793362348623,-7.740793362348623,-7.740793362348623,-32.89277384610987,12.006094878390064,phase,35.038510417525174,38.53678444323501,5.527991763708501,34.85274409250842,36.90769669985379,5.497133570184125,35.038510417525174,38.53678444323502,5.527991763708501,34.85274409250842,36.90769669985378,5.497133570184125,-40.264169849400574,-27.669614688861444,0.023134912345612157,35.038510417525174,38.53678444323501,5.527991763708501,35.038510417525174,38.53678444323502,5.527991763708501,nan,-40.264169849400574,nan,-27.669614688861444,False,6.91896101553627,86091aba4a4cd8cb,,55.5615815315903,54.009970195766876,-0.0483334007264683,-7.740793362348623,18,11.768138611568968,6.9800004745329325,1.0308743630737252,1.006142024669791,0.0,,,,,,,
218,222360,0,8,6607,-6.345690033013199,-4.249692854146559,16.572367661432523,15.636994177340155,0.9435582468841079,0.0,-11.373340321469739,-11.373340321469739,-11.373340321469739,-24.454368876226262,-24.241328448040964,phase,37.41280180987057,40.552936161636225,5.922392327221026,37.0029970946467,40.31843084675178,5.85431845426025,37.41280180987056,40.552936161636204,5.922392327221024,37.0029970946467,40.31843084675178,5.85431845426025,-36.63500841590935,-30.312193124100148,-1.4809920363779998,37.41280180987057,40.552936161636225,5.922392327221026,37.41280180987056,40.552936161636204,5.922392327221024,nan,-36.63500841590935,nan,-30.312193124100148,False,6.325216996449616,273a053620a6fb96,,-6.345690033013199,-4.249692854146559,-0.05644175311589206,-11.373340321469739,19,9.613665097519826,5.5016878084464045,1.020692100722256,1.0166744676748802,0.0,,,,,,,
219,223380,0,8,4016,-35.165095296655,-35.15641277932423,14.737509093435701,15.327254917411148,1.0400166554766115,0.0,-10.389824335057433,-10.389824335057433,-10.389824335057433,-10.395245444672838,-13.239320672739407,phase,36.839662091517404,40.2848080461184,5.827186393939769,36.25355881584734,40.26309900060803,5.729827045821819,36.839662091517404,40.28480804611839,5.827186393939769,36.25355881584734,40.26309900060802,5.729827045821819,-37.2372651731697,-37.42221231450529,0.9108870973744114,36.839662091517404,40.2848080461184,5.827186393939769,36.839662091517404,40.28480804611839,5.827186393939769,nan,-37.2372651731697,nan,-37.42221231450529,False,7.357828068525807,3399deba18565420,,-35.165095296655,-35.15641277932423,0.040016655476611485,-10.389824335057433,20,-2.4446072699454326,-6.601246674509828,1.0278399204471587,1.0098287267477029,0.0,20,-9.388962969615658,0.3469364797133235,-9.388962969615658,inside-deadband,,
220,224400,0,8,6228,-9.267344146384595,-9.128223905020505,18.920857023419348,18.058678379428844,0.9544323683159098,0.0,-7.459071967676377,-7.459071967676377,-7.459071967676377,-14.61240211826089,9.150165906780272,phase,37.12693372466533,41.76517981469936,5.87490593432979,37.421198349443245,42.086106263713205,5.92378710123642,37.126933724665335,41.765179814699366,5.8749059343297905,37.42119834944323,42.086106263713184,5.923787101236417,-39.81229871487114,-34.271040637699045,0.3855425617891233,37.12693372466533,41.76517981469936,5.87490593432979,37.126933724665335,41.765179814699366,5.8749059343297905,nan,-39.81229871487114,nan,-34.271040637699045,False,6.668255166151711,1734243376a65320,,-9.267344146384595,-9.128223905020505,-0.04556763168409017,-7.459071967676377,1,-5.600322850464529,-9.765029088431383,1.019643580035259,1.0182659019495333,0.0,,,,,,,
221,225420,0,8,1212,0.531393557005174,-1.7751472693075243,12.798475051277462,13.294249291384155,1.038736977500863,0.0,-10.451786265082918,-10.451786265082918,-10.451786265082918,-10.587457941548033,-14.300005373151238,phase,36.13842508663997,39.70789819205925,5.710701841634547,36.731892394916095,40.88886513100735,5.809284450982741,36.13842508663997,39.707898192059254,5.710701841634547,36.7318923949161,40.88886513100735,5.809284450982742,-37.556953289778384,-37.75889195397699,1.478390683805777,36.13842508663997,39.70789819205925,5.710701841634547,36.13842508663997,39.707898192059254,5.710701841634547,nan,-37.556953289778384,nan,-37.75889195397699,False,7.194080642779386,d00ba87c2af5b00f,,0.531393557005174,-1.7751472693075243,0.038736977500863023,-10.451786265082918,2,-5.4179181861352745,-10.375185574147062,1.026555714358536,1.011620528546145,0.0,,,,,,,
222,226440,0,8,5708,-48.66921872369285,-47.5565148248911,16.97279130890931,16.70491258300137,0.9842171672866014,0.0,-10.623130148630988,-10.623130148630988,-10.623130148630988,-13.839369390446473,9.513348436625845,phase,36.80135819744716,42.0411443916921,5.820823620838399,37.15093269529171,41.46994162412493,5.878892474300949,36.80135819744716,42.04114439169211,5.820823620838399,37.15093269529171,41.46994162412491,5.878892474300949,-37.67778309983455,-35.48756202850506,-0.7118300184281683,36.80135819744716,42.0411443916921,5.820823620838399,36.80135819744716,42.04114439169211,5.820823620838399,nan,-37.67778309983455,nan,-35.48756202850506,False,5.720266326845622,1a6e813f419f23f5,align_margin=5.7,,,,,,,,,,,,,,,,,
222,226440,0,8,2323,-13.01244758277057,-11.965386333593145,14.90625353759142,14.506313896748154,0.9731696740676874,0.0,-9.967773334160611,-9.967773334160611,-9.967773334160611,-13.448821724817144,12.752578738419047,phase,36.692347173419606,39.84154441965518,5.802715477312227,36.68895729429049,40.488138978462146,5.80215237446686,36.69234717341959,39.841544419655165,5.802715477312225,36.68895729429047,40.48813897846213,5.802152374466856,-37.88053757543581,-35.596778718048974,-0.3427983302573703,36.692347173419606,39.84154441965518,5.802715477312227,36.69234717341959,39.841544419655165,5.802715477312225,nan,-37.88053757543581,nan,-35.596778718048974,False,7.3725793104429185,aefe71f5eb29c2fa,,-13.01244758277057,-11.965386333593145,-0.026830325932312604,-9.967773334160611,3,-9.854459320987932,-14.514964373195593,1.0217357200878503,1.0165013516073187,0.0,,,,,,,
223,227460,0,7,7087,52.13010690068921,53.19623253941009,16.255783148278393,16.547558306871114,1.0179490065739234,0.0,-10.315475082405648,-10.315475082405648,-10.315475082405648,-10.371819880452065,24.555373981388204,phase,36.79412508502072,40.8823078687125,5.819622107146299,37.174699309239365,41.831129271056405,5.882840416817171,36.79412508502072,40.88230786871251,5.819622107146299,37.174699309239365,41.83112927105641,5.882840416817171,-36.861383597590795,-37.330882294468324,-1.0122280576839788,36.79412508502072,40.8823078687125,5.819622107146299,36.79412508502072,40.88230786871251,5.819622107146299,nan,-36.861383597590795,nan,-37.330882294468324,False,5.853739060750702,fe8f75cc084cb800,align_margin=5.9,,,,,,,,,,,,,,,,,
223,227460,0,8,508,59.68137245696349,58.209913685098265,10.199215683697256,10.351058603012277,1.0148877054887397,0.0,-8.955100803436936,-8.955100803436936,-8.955100803436936,-9.170057320710432,12.071732816262026,phase,35.516332232489006,39.26886889526236,5.607364158220766,35.14993195281107,38.27660323686754,5.546500324387222,35.516332232489006,39.268868895262344,5.607364158220766,35.149931952811066,38.27660323686753,5.546500324387221,-38.70999775836255,-39.09474695583277,0.9068822317071579,35.516332232489006,39.26886889526236,5.607364158220766,35.516332232489006,39.268868895262344,5.607364158220766,nan,-38.70999775836255,nan,-39.09474695583277,False,7.272809489490178,40199d94e1d48e2d,,59.68137245696349,58.209913685098265,0.014887705488739744,-8.955100803436936,4,10.589653524691183,5.52777315742286,1.0243976976732492,1.0138918607077705,0.0,,,,,,,
224,228480,0,7,8148,-49.62307016818616,-49.66661465874179,12.797629010849944,12.555354494315178,0.9810687967021576,0.0,-10.606330759286633,-10.606330759286633,-10.606330759286633,-11.940480774692585,4.144446478921811,phase,35.61724128982065,38.888904488368425,5.624126460103098,35.819779449473955,39.220583148127,5.657770672670093,35.617241289820655,38.88890448836844,5.624126460103099,35.819779449473955,39.22058314812698,5.657770672670093,-36.78668015193394,-36.38970286819306,0.3145237046103624,35.61724128982065,38.888904488368425,5.624126460103098,35.617241289820655,38.88890448836844,5.624126460103099,nan,-36.78668015193394,nan,-36.38970286819306,False,6.087828030998372,10ff5580777dd076,,-49.62307016818616,-49.66661465874179,-0.01893120329784237,-10.606330759286633,5,-6.364772083950729,-11.617364114341807,1.0210039084855627,1.0173156611336747,0.0,,,,,,,
225,229500,0,7,3051,54.219754438653496,54.41067198598227,14.243971095060278,14.21299671152805,0.997825439034837,0.0,-10.512982617898633,-10.512982617898633,-10.512982617898633,-10.519659295319025,17.396258149409835,phase,36.2804345625091,39.78473653151384,5.7342914555662965,36.45661366623671,40.1424257259334,5.763557087414737,36.28043456250909,39.78473653151384,5.734291455566296,36.45661366623672,40.14242572593342,5.763557087414738,-37.30463089956464,-37.59402114077967,-0.7094236992589957,36.2804345625091,39.78473653151384,5.7342914555662965,36.28043456250909,39.78473653151384,5.734291455566296,nan,-37.30463089956464,nan,-37.59402114077967,False,5.400028802270303,445ce3fc25f006f7,align_margin=5.4,,,,,,,,,,,,,,,,,
225,229500,0,8,3239,35.62046657240815,36.647386809155996,10.595951751517324,10.870848816316196,1.0259435934822472,0.0,-8.843262108180799,-8.843262108180799,-8.843262108180799,-8.90605632944635,10.510216349704121,phase,35.30445239278939,38.30474446028977,5.5721681715597,35.653479600147804,38.9168910506955,5.630146112981364,35.30445239278939,38.30474446028977,5.5721681715597,35.653479600147804,38.9168910506955,5.630146112981364,-39.20622927654679,-39.208475054836114,-1.0614818851333094,35.30445239278939,38.30474446028977,5.5721681715597,35.30445239278939,38.30474446028977,5.5721681715597,nan,-39.20622927654679,nan,-39.208475054836114,False,5.808059367713947,60ff004346ab3b7a,align_margin=5.8,,,,,,,,,,,,,,,,,
225,229500,0,7,3175,44.927023552827876,45.74494404960664,16.13001118970161,16.9821042588363,1.052826564043472,0.0,-11.944474855816635,-11.944474855816635,-11.944474855816635,-13.57743080368738,-11.606738599473452,phase,37.26967391494984,41.63784016452452,5.898616929393662,36.63022397480386,39.696136558378335,5.792396009103633,37.269673914949855,41.637840164524526,5.898616929393665,36.630223974803876,39.696136558378356,5.792396009103634,-36.125226427735356,-35.40732714584284,-1.9540508998986574,37.26967391494984,41.63784016452452,5.898616929393662,37.269673914949855,41.637840164524526,5.898616929393665,nan,-36.125226427735356,nan,-35.40732714584284,False,6.047102870146831,f754b7d3d70ef06f,,44.927023552827876,45.74494404960664,0.05282656404347197,-11.944474855816635,6,9.036205437098696,4.120848742344492,1.0304427309486062,1.008382826198537,0.0,,,,,,,
226,230520,0,8,2228,-3.273541831364639,-1.0672206959090005,14.182321654789124,14.697920463898171,1.0363550356323317,0.0,-10.145683674818061,-10.145683674818061,-10.145683674818061,-17.57214271820781,-22.125098531897876,phase,36.68984062841004,41.13730928029063,5.80229910770931,36.20049435079503,40.40702394758532,5.721012350630405,36.68984062841003,41.13730928029063,5.802299107709309,36.20049435079503,40.40702394758532,5.721012350630405,-37.58866156153877,-33.20017315171869,-1.0830627066706988,36.68984062841004,41.13730928029063,5.80229910770931,36.68984062841003,41.13730928029063,5.802299107709309,nan,-37.58866156153877,nan,-33.20017315171869,False,8.093874251148547,3e0cbb1bbee9c4b7,,-3.273541831364639,-1.0672206959090005,0.03635503563233167,-10.145683674818061,7,7.92431478411415,3.750426682523922,1.0369985428337312,1.002192414944208,0.0,,,,,,,
227,231540,0,8,2479,-3.3403691123172763,-4.157960214359164,18.26985885730218,18.01777681039295,0.9862022991596087,0.0,-7.706901303612498,-7.706901303612498,-7.706901303612498,-26.472502182863288,-2.863079895141742,phase,37.41578525649962,40.89732042343364,5.922887916362064,37.23118087835892,40.85876733538045,5.892222737268924,37.41578525649961,40.89732042343363,5.922887916362062,37.23118087835892,40.85876733538044,5.892222737268924,-39.97885245502189,-29.440224430025626,0.41631708769395637,37.41578525649962,40.89732042343364,5.922887916362064,37.41578525649961,40.89732042343363,5.922887916362062,nan,-39.97885245502189,nan,-29.440224430025626,False,7.228306869558225,ec7360bff3d33132,,-3.3403691123172763,-4.157960214359164,-0.013797700840391336,-7.706901303612498,8,6.796898359674197,2.2983242186405537,1.0344946085921913,1.0046461624654786,0.0,,,,,,,
228,232560,0,8,3144,-0.8502494218937358,-0.7308709261525195,19.031492298943387,18.492838939113984,0.9716967355282323,0.0,-7.439618924272572,-7.439618924272572,-7.439618924272572,-23.50008164424346,0.4760888119415851,phase,37.28294613007438,42.56096384024501,5.9008216162914255,37.41059891037909,41.498036645001484,5.92202639707294,37.28294613007438,42.56096384024498,5.9008216162914255,37.41059891037909,41.49803664500147,5.92202639707294,-40.297037136802544,-30.444866458550564,-0.2763405999502253,37.28294613007438,42.56096384024501,5.9008216162914255,37.28294613007438,42.56096384024498,5.9008216162914255,nan,-40.297037136802544,nan,-30.444866458550564,False,6.289548323049824,db657dca51946f5b,,-0.8502494218937358,-0.7308709261525195,-0.028303264471767675,-7.439618924272572,9,6.509233933788224,2.043702408783024,1.029370683054411,1.0097671882696213,0.0,,,,,,,
229,233580,0,7,5928,-49.55064991554483,-46.70378808306285,17.487299190301428,17.233215760267527,0.985470401845997,0.0,-10.522769159435212,-10.522769159435212,-10.522769159435212,-16.462965302663946,-14.945045700040048,phase,37.13533348098535,41.45027936358499,5.876301242688598,37.471622329436556,42.58504413169578,5.932163177647269,37.135333480985345,41.45027936358497,5.876301242688596,37.471622329436556,42.58504413169579,5.932163177647269,-36.66681501151733,-33.55674671147515,-1.1741000521308904,37.13533348098535,41.45027936358499,5.876301242688598,37.135333480985345,41.45027936358497,5.876301242688596,nan,-36.66681501151733,nan,-33.55674671147515,False,6.032079021013629,d7abbbff395c7529,,-49.55064991554483,-46.70378808306285,-0.01452959815400301,-10.522769159435212,10,-10.338659401370982,-14.144510100957696,1.0267533231385597,1.012372557749268,0.0,,,,,,,
230,234600,0,7,611,28.67648557198961,27.632213003419785,11.379274464885448,11.938027761941944,1.049102717293683,0.0,-8.77903705928156,-8.77903705928156,-8.77903705928156,-12.74031118651872,-5.9432490073573465,phase,35.53598031313041,38.835712043047174,5.610627958991763,35.78545234979802,39.56715349324169,5.6520684966441905,35.53598031313041,38.83571204304718,5.610627958991763,35.785452349798035,39.56715349324171,5.652068496644192,-39.284605697082235,-36.079278716843326,0.49230171324548877,35.53598031313041,38.835712043047174,5.610627958991763,35.53598031313041,38.83571204304718,5.610627958991763,nan,-39.284605697082235,nan,-36.079278716843326,False,6.68585857753608,0ba4a83097ce9a4d,,28.67648557198961,27.632213003419785,0.049102717293683096,-8.77903705928156,11,-0.5634098608911344,-4.591431565622498,1.0355761893159336,1.00408043108814,0.0,,,,,,,
231,235620,0,8,1195,29.98518781175953,27.917383592355385,39.83255209831483,38.64733410635438,0.9702449898506355,0.0,-9.342005073027819,-9.342005073027819,-9.342005073027819,-23.47914850692735,-8.434117255893954,phase,37.320448041020875,40.9138093323432,5.907051169604797,38.11372830779669,41.1091389251954,6.038825300298455,37.32044804102085,40.913809332343185,5.907051169604793,38.11372830779669,41.10913892519541,6.038825300298455,-38.06976987787486,-30.846356870497576,0.5572398675716936,37.320448041020875,40.9138093323432,5.907051169604797,37.32044804102085,40.913809332343185,5.907051169604793,nan,-38.06976987787486,nan,-30.846356870497576,False,8.531123919689549,96604de339f0d40e,,29.98518781175953,27.917383592355385,-0.029755010149364547,-9.342005073027819,12,9.57086692375409,5.139944482345378,1.0301838128118148,1.0094691464670473,0.0,,,,,,,
232,236640,0,7,1519,-53.44940475902739,-54.37394800072717,14.846258482638945,14.128951771706115,0.9516843444581246,0.0,-8.660474839220146,-8.660474839220146,-8.660474839220146,-15.946138126341804,0.9739870388286294,phase,36.05654323137741,38.82377982594727,5.697100204547743,36.41911965049327,39.439706799380936,5.75732884559689,36.05654323137741,38.82377982594727,5.697100204547743,36.41911965049326,39.439706799380915,5.757328845596888,-38.915446290146406,-33.856689009724136,0.650892626749279,36.05654323137741,38.82377982594727,5.697100204547743,36.05654323137741,38.82377982594727,5.697100204547743,nan,-38.915446290146406,nan,-33.856689009724136,False,6.577219943522214,0d3d814481f787aa,,-53.44940475902739,-54.37394800072717,-0.048315655541875446,-8.660474839220146,13,-8.588311499559842,-13.712421503142167,1.0214733617190044,1.0184377752701292,0.0,,,,,,,
233,237660,0,7,5416,-14.350871806968563,-14.43643540861931,19.62336085108191,20.24084865547131,1.0314669749527312,0.0,-9.011263905923041,-9.011263905923041,-9.011263905923041,-9.013937457459836,-1.9781800725865013,phase,37.69554615046685,43.003897785551445,5.969359825658946,37.60671019917456,41.78584061708305,5.954603023118698,37.69554615046684,43.00389778555142,5.969359825658944,37.60671019917456,41.78584061708303,5.954603023118698,-37.963022609293155,-38.10277421598165,-0.37888670858736884,37.69554615046685,43.003897785551445,5.969359825658946,37.69554615046684,43.00389778555142,5.969359825658944,nan,-37.963022609293155,nan,-38.10277421598165,False,6.441542604773489,92ca7b4e7cbd6f34,,-14.350871806968563,-14.43643540861931,0.03146697495273121,-9.011263905923041,14,-13.505527474713888,-18.6736989770424,1.027098330139421,1.013000613993888,0.0,,,,,,,
234,238680,0,8,1575,-28.314419405358215,-28.4940706235788,14.709795909499043,15.133852783816,1.0288281956409142,0.0,-10.305605790023165,-10.305605790023165,-10.305605790023165,-12.939718625795878,1.9759698310377436,phase,36.295493687593456,39.85988242618991,5.73679297136104,36.861553119869846,39.94847264491598,5.830822777387018,36.29549368759346,39.85988242618993,5.736792971361041,36.86155311986983,39.94847264491596,5.830822777387016,-37.55431843289322,-36.03000503838704,-0.6367874517025189,36.295493687593456,39.85988242618991,5.73679297136104,36.29549368759346,39.85988242618993,5.736792971361041,nan,-37.55431843289322,nan,-36.03000503838704,False,7.826091817184791,f47105ceade0d49e,,-28.314419405358215,-28.4940706235788,0.02882819564091421,-10.305605790023165,15,-23.154113691897358,-28.518633501744226,1.0322799736700712,1.0080332914599073,0.0,,,,,,,
235,239700,0,7,5397,13.023877649677246,13.079114522572048,14.650272375033715,14.61708142388395,0.9977344481863473,0.0,-8.082090003652429,-8.082090003652429,-8.082090003652429,-20.866558843615202,20.965757737072888,phase,29.843020620840825,32.37345065807243,4.664953591501798,29.832776343318052,31.872022208820347,4.663251884272102,29.843020620840825,32.373450658072436,4.664953591501798,29.832776343318052,31.872022208820354,4.663251884272102,-40.352271880819316,-31.70555173205691,-0.13365947909548126,29.843020620840825,32.37345065807243,4.664953591501798,29.843020620840825,32.373450658072436,4.664953591501798,nan,-40.352271880819316,nan,-31.70555173205691,False,5.87672018089473,c369adcc901e9d22,align_margin=5.9,,,,,,,,,,,,,,,,,
235,239700,0,7,6340,25.592423974929986,26.059643219475618,14.666913290290834,14.641358973206872,0.9982576894962024,0.0,-9.23497674664407,-9.23497674664407,-9.23497674664407,-22.2102473400275,6.738357871152691,phase,36.26431101246787,39.96809215567482,5.731613124994664,35.89303396710013,39.06736205986968,5.669939197192713,36.264311012467864,39.968092155674796,5.731613124994663,35.89303396710012,39.067362059869666,5.669939197192712,-39.07503009309465,-31.010430829064152,0.39217488515464893,36.26431101246787,39.96809215567482,5.731613124994664,36.264311012467864,39.968092155674796,5.731613124994663,nan,-39.07503009309465,nan,-31.010430829064152,False,6.504088068217478,a6a8abe77980998c,,25.592423974929986,26.059643219475618,-0.001742310503797584,-9.23497674664407,16,-14.476866608066622,-19.47044510946707,1.0319652270278987,1.0083411816237542,0.0,,,,,,,
