iteration,cycles,rotation,events_used,align_n0,offset_a_codes,offset_b_codes,gain_a_codes,gain_b_codes,gain_ratio,tone_ratio,skew_a_ps,skew_b_ps,skew_mismatch_ps,skew_phase_ps,skew_diff_route_ps,skew_centroid_ps,skew_source,raw_a_sndr_db,raw_a_sfdr_db,raw_a_enob,raw_b_sndr_db,raw_b_sfdr_db,raw_b_enob,cal_a_sndr_db,cal_a_sfdr_db,cal_a_enob,cal_b_sndr_db,cal_b_sfdr_db,cal_b_enob,raw_difference_dbc,cal_difference_dbc,cal_dc_difference_codes,raw_sndr_db,raw_sfdr_db,raw_enob,cal_sndr_db,cal_sfdr_db,cal_enob,raw_offset_spur_dbc,raw_image_spur_dbc,cal_offset_spur_dbc,cal_image_spur_dbc,swapped,align_margin,frame_sha1,rejected,offset_error_a,offset_error_b,gain_error,gain_source,skew_error_ps,skew_batch_n,offset_a_state,offset_b_state,gain_corr_a,gain_corr_b,skew_cmd_ps,skew_batch_used,skew_batch_mean_ps,skew_batch_se_ps,skew_batch_error_ps,skew_action,skew_step_codes,skew_code
0,0,0,8,3126,-7.45393601101094,-11.214905708247507,16.617901606881617,17.302101852840188,1.0411724814687335,1.030107729461945,0.0,-55.039130927128134,-55.039130927128134,-55.039130927128134,-60.81690108522491,-113.65084818829466,phase,37.617850484266924,41.66726329329496,5.956453568815104,37.60099995585924,40.437604931024424,5.953654477717482,37.617850484266924,41.66726329329496,5.956453568815104,37.60099995585924,40.437604931024424,5.953654477717482,-22.287726998723585,-22.287726998723585,3.7785866550921448,37.617850484266924,41.66726329329496,5.956453568815104,37.617850484266924,41.66726329329496,5.956453568815104,nan,-22.287726998723585,nan,-22.287726998723585,False,5.772730772256053,0e20b2dcd78c784c,align_margin=5.8,,,,,,,,,,,,,,,,,,
0,0,0,7,4256,1.3572109380338693,-0.07847882343691981,17.812599981199845,18.004081862688682,1.0107497996750017,1.0137881684415893,0.0,-41.80788996512355,-41.80788996512355,-41.80788996512355,-43.51063799401893,13.706797806825387,phase,38.10301902700299,42.32938952955366,6.037046350000498,37.311380327095186,40.8750898877063,5.905544904833088,38.10301902700299,42.32938952955366,6.037046350000498,37.311380327095186,40.8750898877063,5.905544904833088,-25.204192326080673,-25.204192326080673,1.3272645361498612,38.10301902700299,42.32938952955366,6.037046350000498,38.10301902700299,42.32938952955366,6.037046350000498,nan,-25.204192326080673,nan,-25.204192326080673,False,6.911305676434092,5044f17bfd4a479a,,1.3572109380338693,-0.07847882343691981,0.013788168441589255,tone,-41.80788996512355,1,0.4750238283118542,-0.02746758820292193,1.0024129294772781,0.9976198879091405,0.0,,,,,,,
1,1020,0,8,4429,-2.4721837359732066,-4.952413526640726,17.479688831320466,17.34389040718623,0.9922310731361013,1.0254720962119632,0.0,-52.0048128189386,-52.0048128189386,-52.0048128189386,-56.45522186290531,-384.1440519812222,phase,37.27566585147841,40.852610152328865,5.899612267687444,37.519706072406116,42.786348011907236,5.940150510366466,37.27566585147841,40.85261015232887,5.899612267687444,37.519706072406116,42.786348011907236,5.940150510366466,-22.77120056724659,-23.0217612912986,3.03803406518262,37.27566585147841,40.852610152328865,5.899612267687444,37.27566585147841,40.85261015232887,5.899612267687444,nan,-22.77120056724659,nan,-23.0217612912986,False,7.3173182197666184,8df80d6706d8e74b,,-2.4721837359732066,-4.952413526640726,0.025472096211963224,tone,-52.0048128189386,2,-0.38815768316548294,-1.7649477199964858,1.0068813022294363,0.9932833416239805,0.0,,,,,,,
2,2040,0,8,2493,-8.502971650251501,-8.900592812055233,16.961160823069147,17.248909465886634,1.016965150311299,1.0033462298377944,0.0,-40.35792541149287,-40.35792541149287,-40.35792541149287,-40.51352387264113,203.97753721761586,phase,36.68125064833677,41.193225833965236,5.800872200720395,37.227614425466776,42.07668304024979,5.8916303032336845,36.68125064833676,41.19322583396521,5.800872200720392,37.227614425466776,42.076683040249804,5.8916303032336845,-25.39591575718539,-25.895981038581525,-0.020720593617559402,36.68125064833677,41.193225833965236,5.800872200720395,36.68125064833676,41.19322583396521,5.800872200720392,nan,-25.39591575718539,nan,-25.895981038581525,False,7.0338462388972305,89f46010f711427a,,-8.502971650251501,-8.900592812055233,0.0033462298377944233,tone,-40.35792541149287,3,-3.343858688833657,-4.901220476897942,1.0074709220743479,0.9927036244786425,0.0,,,,,,,
3,3060,0,8,2476,-2.1140969156962686,-2.5325611449502032,17.025843241549403,17.40957767672755,1.0225383512425212,1.0154747119662875,0.0,-55.71162706494284,-55.71162706494284,-55.71162706494284,-57.48520510640675,36.9553562378468,phase,37.618899642354556,41.615811308251374,5.956627847567202,37.24284544911909,41.26812336195055,5.894160373607822,37.61889964235455,41.615811308251374,5.956627847567201,37.24284544911908,41.26812336195055,5.894160373607821,-22.249958306975408,-22.84642320662792,0.9188740552739278,37.618899642354556,41.615811308251374,5.956627847567202,37.61889964235455,41.615811308251374,5.956627847567201,nan,-22.249958306975408,nan,-22.84642320662792,False,6.998865880432462,591600593e9f047b,,-2.1140969156962686,-2.5325611449502032,0.015474711966287469,tone,-55.71162706494284,4,-4.07830561358479,-5.794131894641679,1.0101992284827122,0.9900562759693758,0.0,,,,,,,
4,4080,0,8,3000,-10.791647297802239,-11.711511156127902,17.346963326673343,17.740172455396525,1.0226673176923462,1.0099409441249851,0.0,-54.58059907607893,-54.58059907607893,-54.58059907607893,-55.42291313966289,-131.87945768479062,phase,37.073374301533384,40.6689372484988,5.866009020188271,37.634589372131984,41.89300872192533,5.959234114972091,37.073374301533384,40.66893724849881,5.866009020188271,37.63458937213197,41.89300872192532,5.959234114972089,-22.404828223733617,-23.14798547941983,0.7860643811441701,37.073374301533384,40.6689372484988,5.866009020188271,37.073374301533384,40.66893724849881,5.866009020188271,nan,-22.404828223733617,nan,-23.14798547941983,False,5.647427163353401,1462cb50cc5d4c9c,align_margin=5.6,,,,,,,,,,,,,,,,,,
4,4080,0,8,1801,1.6572096434410781,0.5040517607276243,17.481627913620084,17.941982096601038,1.026333599208017,1.0061784091070154,0.0,-42.039743438489765,-42.039743438489765,-42.039743438489765,-42.45701447409029,141.83066749095676,phase,36.60800592568994,41.6228156452525,5.7887053032707545,37.128855936926826,41.76475297587368,5.875225238692164,36.60800592568995,41.6228156452525,5.788705303270757,37.12885593692682,41.76475297587367,5.875225238692163,-24.50978645944632,-25.493371862832905,1.3377936419179308,36.60800592568994,41.6228156452525,5.7887053032707545,36.60800592568995,41.6228156452525,5.788705303270757,nan,-24.50978645944632,nan,-25.493371862832905,False,7.4645706771169085,39038118747097ab,,1.6572096434410781,0.5040517607276243,0.006178409107015392,tone,-42.039743438489765,5,-3.504138301978787,-5.615941906318101,1.0112914777025148,0.9889923789359125,0.0,,,,,,,
5,5100,0,8,3101,-7.974512355151563,-7.969759503343932,16.579769213400212,16.73550542510912,1.009393147136393,0.990994949181486,0.0,-42.19775150938331,-42.19775150938331,-42.19775150938331,-42.618119511943426,126.94611182678793,phase,36.6470356841649,40.57638982983438,5.795188651854635,37.06990947221853,41.412985160628224,5.865433467145936,36.647035684164905,40.57638982983441,5.7951886518546365,37.06990947221853,41.41298516062824,5.865433467145936,-25.245568889815427,-25.518216092664744,-0.6919894896905312,36.6470356841649,40.57638982983438,5.795188651854635,36.647035684164905,40.57638982983441,5.7951886518546365,nan,-25.245568889815427,nan,-25.518216092664744,False,5.707305679418115,e2fa1be59f0ce637,align_margin=5.7,,,,,,,,,,,,,,,,,,
5,5100,0,8,6776,-1.202238227067922,-3.130817356278045,18.702963656240776,19.422939424784435,1.0384952771002909,1.0074599831515239,0.0,-55.05968379356399,-55.05968379356399,-55.05968379356399,-55.585869800118154,-187.66839226909173,phase,37.756166563170865,41.68113164659063,5.97942966165629,37.64931121125524,41.73573773645078,5.9616796031985455,37.75616656317087,41.68113164659063,5.979429661656292,37.64931121125523,41.73573773645075,5.961679603198544,-22.3064438929037,-23.10769196212728,2.2475116367214336,37.756166563170865,41.68113164659063,5.97942966165629,37.75616656317087,41.68113164659063,5.979429661656292,nan,-22.3064438929037,nan,-23.10769196212728,False,6.99592980668379,9f49f5005c6befc4,,-1.202238227067922,-3.130817356278045,0.007459983151523852,tone,-55.05968379356399,6,-3.920223465110708,-6.723924230586672,1.0126117157448795,0.9877108127632944,0.0,,,,,,,
6,6120,0,8,5732,-2.475223799877739,-1.2593646119816548,17.708665457490397,17.477095201181125,0.9869233366644621,1.003914395576194,0.0,-47.22956703631482,-47.22956703631482,-47.22956703631482,-47.424751616524325,353.030066135068,phase,36.833972869912614,40.442058341839974,5.826241340517046,37.7687669214485,41.17803038972057,5.9815227444266625,36.833972869912614,40.44205834183997,5.826241340517046,37.76876692144849,41.17803038972055,5.98152274442666,-23.51982879904023,-24.56351360197975,-1.346647930039337,36.833972869912614,40.442058341839974,5.826241340517046,36.833972869912614,40.44205834183997,5.826241340517046,nan,-23.51982879904023,nan,-24.56351360197975,False,6.170862705378538,56f5d9fb877ac643,,-2.475223799877739,-1.2593646119816548,0.003914395576193996,tone,-47.22956703631482,7,-4.775761986428265,-7.170186039709148,1.0133053742384694,0.9870368500237536,0.0,,,,,,,
7,7140,0,8,2612,1.6061156469111246,0.7321210657212813,17.413668766609042,17.640834111927344,1.0130452317867613,1.0022409493340716,0.0,-45.453205549019344,-45.453205549019344,-45.453205549019344,-45.539362942135654,61.65666178120251,phase,37.567552070497285,41.45289785682242,5.9480983505809455,37.32237210591715,40.8418515175054,5.907370781713812,37.56755207049729,41.45289785682244,5.948098350580946,37.32237210591715,40.8418515175054,5.907370781713812,-23.79652929447802,-24.908350871431033,0.3157442937201561,37.567552070497285,41.45289785682242,5.9480983505809455,37.56755207049729,41.45289785682244,5.948098350580946,nan,-23.79652929447802,nan,-24.908350871431033,False,6.838853364060175,b08463ce4ee553a1,,1.6061156469111246,0.7321210657212813,0.002240949334071596,tone,-45.453205549019344,8,-4.221002788746757,-6.910578333070554,1.0137027582891014,0.9866506330912724,0.0,,,,,,,
8,8160,0,8,3767,2.1613398842584184,1.7149899123140124,17.143392514142782,16.997455449724477,0.9914872704280724,1.00232521904612,0.0,-46.60375719941151,-46.60375719941151,-46.60375719941151,-46.69506434947541,183.71289157395603,phase,37.32772230699918,41.63763508116196,5.90825951943508,37.432537010515624,41.67354598794723,5.925670599753427,37.32772230699918,41.63763508116194,5.90825951943508,37.43253701051561,41.67354598794722,5.925670599753424,-23.58953884081812,-24.691334291659306,0.4289073254039786,37.32772230699918,41.63763508116196,5.90825951943508,37.32772230699918,41.63763508116194,5.90825951943508,nan,-23.58953884081812,nan,-24.691334291659306,False,6.299723212690155,fafb0b5e6125aca8,,2.1613398842584184,1.7149899123140124,0.0023252190461200417,tone,-46.60375719941151,9,-3.4747594217392597,-6.302210538860284,1.01411524745722,0.9862500831599138,0.0,,,,,,,
9,9180,0,8,4977,4.321040371451087,3.719689960211672,17.120892206966996,17.092557668298785,0.9983450314197597,0.9866844389242728,0.0,-41.66038222840983,-41.66038222840983,-41.66038222840983,-42.72591978051593,69.3428063268442,phase,37.05413665500819,41.34421870670349,5.862813397841894,37.21442514088447,41.960599269821486,5.889439392173501,37.05413665500819,41.34421870670351,5.862813397841894,37.21442514088447,41.96059926982147,5.889439392173501,-25.18753402718017,-25.387883669763426,0.5190000129670866,37.05413665500819,41.34421870670349,5.862813397841894,37.05413665500819,41.34421870670351,5.862813397841894,nan,-25.18753402718017,nan,-25.387883669763426,False,6.320222901964531,84d216120ca1a6ee,,4.321040371451087,3.719689960211672,-0.013315561075727178,tone,-41.66038222840983,10,-1.9834455559829134,-4.982168585704887,1.011752132592035,0.9885792805431224,0.0,,,,,,,
10,10200,0,8,513,-1.6775275763325175,-2.0166184852085824,18.100622566715014,18.133768489205586,1.0018312034499588,1.0065470567565384,0.0,-50.61349881772406,-50.61349881772406,-50.61349881772406,-51.047402015507004,92.12509567192184,phase,36.75264800259397,41.16991088073139,5.812732226344514,37.094297817772905,41.44716508843028,5.8694846873376925,36.75264800259397,41.16991088073141,5.812732226344514,37.094297817772905,41.44716508843029,5.8694846873376925,-22.96509348297326,-23.93319704739389,0.7434174632446886,36.75264800259397,41.16991088073139,5.812732226344514,36.75264800259397,41.16991088073141,5.812732226344514,nan,-22.96509348297326,nan,-23.93319704739389,False,7.197988164092522,db9ba0cdb763caf3,,-1.6775275763325175,-2.0166184852085824,0.0065470567565384385,tone,-50.61349881772406,11,-2.5637602722090955,-5.696139112616224,1.01291133235327,0.9874539980165317,0.0,,,,,,,
11,11220,0,7,2665,1.9079359844384483,2.105129124141686,17.519264544777844,17.691603634345785,1.0098371189685194,0.9989377399926397,0.0,-39.91916850378954,-39.91916850378954,-39.91916850378954,-39.90664536402268,222.886683345138,phase,37.213165438283376,42.236607040024495,5.889230139249731,37.34485258351414,42.29282396944043,5.911105080317964,37.213165438283376,42.23660704002451,5.889230139249731,37.344852583514154,42.29282396944044,5.9111050803179666,-25.055179492668692,-26.139739782014896,-0.02973806445524596,37.213165438283376,42.236607040024495,5.889230139249731,37.213165438283376,42.23660704002451,5.889230139249731,nan,-25.055179492668692,nan,-26.139739782014896,False,6.27192953577489,7c20208f1a567511,,1.9079359844384483,2.105129124141686,-0.0010622600073603161,tone,-39.91916850378954,12,-1.904494674891681,-4.9499826385631875,1.0127230366933817,0.9876377564717498,0.0,,,,,,,
12,12240,0,8,4689,1.775295280686912,2.536613396121129,17.92988038079747,18.81056030956627,1.0491180035819976,1.0020547845628403,0.0,-44.039628643324,-44.039628643324,-44.039628643324,-44.116697132990346,-27.700153772746408,phase,37.339075315946694,42.06693997136409,5.910145401320049,37.40678114924273,41.99435393641185,5.9213922174821825,37.3390753159467,42.06693997136409,5.910145401320051,37.40678114924273,41.99435393641185,5.9213922174821825,-24.154901930762822,-25.255063686172313,-0.5292275641198918,37.339075315946694,42.06693997136409,5.910145401320049,37.3390753159467,42.06693997136409,5.910145401320051,nan,-24.154901930762822,nan,-25.255063686172313,False,7.309257537187322,ef945efed6b78a1e,,1.775295280686912,2.536613396121129,0.0020547845628402506,tone,-44.039628643324,13,-1.2909475097465237,-4.051055189886017,1.0130871990342718,0.9872833427229064,0.0,,,,,,,
13,13260,0,8,7140,-5.969694931968723,-6.246876308163239,17.57349509269866,17.15473410031753,0.9761708760737575,1.003816911068112,0.0,-49.14767781356224,-49.14767781356224,-49.14767781356224,-49.335759820488505,-20.165086593539883,phase,37.078797362345604,41.26497910372925,5.8669098608547525,37.47763954370686,41.97130490436174,5.933162714901472,37.078797362345604,41.26497910372925,5.8669098608547525,37.47763954370686,41.97130490436172,5.933162714901472,-23.102211113751036,-24.116956925589047,0.7351417191634342,37.078797362345604,41.26497910372925,5.8669098608547525,37.078797362345604,41.26497910372925,5.8669098608547525,nan,-23.102211113751036,nan,-24.116956925589047,False,6.560433968119291,566b95b89ad598ed,,-5.969694931968723,-6.246876308163239,0.0038169110681121055,tone,-49.14767781356224,14,-3.3533496683966115,-6.26562380787472,1.0137639001892893,0.9866263850462483,0.0,,,,,,,
14,14280,0,7,3693,-3.1762904542488455,-3.3394136605483666,17.707076193154066,17.911785615610533,1.0115608822271636,0.9987504565098743,0.0,-40.79636724420113,-40.79636724420113,-40.79636724420113,-40.783742179838015,-59.90731484245133,phase,37.07578486289249,41.56821932680785,5.866409445663205,37.79135727967086,41.52542424645266,5.98527529562639,37.07578486289248,41.56821932680785,5.866409445663204,37.79135727967086,41.52542424645268,5.98527529562639,-24.83070658738455,-25.933560883413698,0.1653366900677895,37.07578486289249,41.56821932680785,5.866409445663205,37.07578486289248,41.56821932680785,5.866409445663204,nan,-24.83070658738455,nan,-25.933560883413698,False,6.390072075518198,15e3955e181e6410,,-3.1762904542488455,-3.3394136605483666,-0.0012495434901257374,tone,-40.79636724420113,15,-4.449957723565591,-7.450261477114774,1.0135422203249382,0.9868424006680708,0.0,,,,,,,
15,15300,0,8,954,-3.576260496138261,-2.9448761786637836,16.82028748598816,16.272980546518784,0.9674614991018852,1.0026657010957378,0.0,-50.235596780862295,-50.235596780862295,-50.235596780862295,-50.34624025372445,159.6880231453691,phase,29.70157578433249,31.511618050901124,4.641457771483802,29.986013593240326,31.84459184851487,4.688706576950221,29.701575784332487,31.51161805090112,4.641457771483802,29.98601359324033,31.844591848514867,4.688706576950221,-22.915803977669945,-23.85692053829548,-0.5062901854530484,29.70157578433249,31.511618050901124,4.641457771483802,29.701575784332487,31.51161805090112,4.641457771483802,nan,-22.915803977669945,nan,-23.85692053829548,False,6.39715028695571,5716dc17561a57eb,,-3.576260496138261,-2.9448761786637836,0.002665701095737827,tone,-50.235596780862295,16,-5.684924702294019,-8.494710582498326,1.0140150354312152,0.9863832648847948,0.0,,,,,,,
16,16320,0,7,320,3.4331593950468253,1.3770454661702607,16.86063816507963,16.9727728177312,1.0066506766561074,1.0021329836074115,0.0,-54.308871266938894,-54.308871266938894,-54.308871266938894,-54.39390961727885,416.2948375632753,phase,36.616123361009194,40.8161051108864,5.7900537144533555,37.3161657704394,40.95373476241229,5.906339828976645,36.61612336100919,40.8161051108864,5.790053714453354,37.3161657704394,40.95373476241228,5.906339828976645,-22.410588987598132,-23.285326995777524,2.353942818410714,36.616123361009194,40.8161051108864,5.7900537144533555,36.61612336100919,40.8161051108864,5.790053714453354,nan,-22.410588987598132,nan,-23.285326995777524,False,6.628418814576802,88c21dcbf1d62c57,,3.4331593950468253,1.3770454661702607,0.0021329836074115427,tone,-54.308871266938894,17,-4.499926702974019,-8.006091269582589,1.014393538984658,0.986015859171599,0.0,,,,,,,
17,17340,0,8,3899,-3.1131061258833714,-2.6865455489901002,17.233341138677158,16.76066530648313,0.9725720144230655,0.9886487026742341,0.0,-39.43672923418525,-39.43672923418525,-39.43672923418525,-40.24578207676723,-122.87956441530068,phase,36.80708105494455,40.542667035215665,5.821774261618696,37.12580887505558,41.69758290032841,5.874719082235147,36.80708105494454,40.542667035215665,5.821774261618695,37.12580887505557,41.6975829003284,5.874719082235145,-25.448294261075834,-25.841971534821653,-0.7947505270685025,36.80708105494455,40.542667035215665,5.821774261618696,36.80708105494454,40.542667035215665,5.821774261618695,nan,-25.448294261075834,nan,-25.841971534821653,False,6.306943138412515,376e82355a1b8fa5,,-3.1131061258833714,-2.6865455489901002,-0.011351297325765897,tone,-39.43672923418525,18,-5.574053363076553,-8.959717860271018,1.0123784695180464,0.9879970460705882,0.0,,,,,,,
18,18360,0,8,537,-6.348178065114986,-5.22619979962762,17.915723377394254,17.35545969312022,0.9687278223450936,0.9965054478942891,0.0,-39.409619962509325,-39.409619962509325,-39.409619962509325,-39.43925298020602,-32.722312438741106,phase,37.114378889704064,41.300649500005306,5.8728204135721045,37.34238262752012,42.3139261346289,5.910694788624605,37.11437888970406,41.3006495000053,5.872820413572103,37.3423826275201,42.3139261346289,5.910694788624602,-25.32312579424444,-26.156632173792637,-1.1048296471680512,37.114378889704064,41.300649500005306,5.8728204135721045,37.11437888970406,41.3006495000053,5.872820413572103,nan,-25.32312579424444,nan,-26.156632173792637,False,6.8974920009484135,1d0ba0467bd913d5,,-6.348178065114986,-5.22619979962762,-0.003494552105710924,tone,-39.409619962509325,19,-7.7687487163350895,-10.811109964270265,1.011759352888371,0.9886033711578104,0.0,,,,,,,
19,19380,0,7,3052,5.59388034448401,5.5668494447669605,16.211330727094722,15.869224894502668,0.9788971159523457,0.9911308781333691,0.0,-41.577339747892,-41.577339747892,-41.577339747892,-41.993088406260334,177.09552574956982,phase,37.26004521483899,41.24894867542518,5.8970174775480055,36.99501535028523,40.75665134992414,5.852992583103859,37.260045214838996,41.24894867542518,5.897017477548006,36.99501535028522,40.756651349924155,5.852992583103858,-25.161890268280914,-25.489261761866793,-0.2978824448607078,37.26004521483899,41.24894867542518,5.8970174775480055,37.260045214838996,41.24894867542518,5.897017477548006,nan,-25.161890268280914,nan,-25.489261761866793,False,5.056385932674144,2c613048a4ec4c10,align_margin=5.1,,,,,,,,,,,,,,,,,,
19,19380,0,7,1356,-0.8448534330276413,-0.642592238736953,16.90477438467461,17.00975412558819,1.0062100645962335,1.003183390247889,0.0,-41.55728869002872,-41.55728869002872,-41.55728869002872,-41.70110790835617,188.50089475430894,phase,37.186168180625366,40.603126543911586,5.884745544954381,37.3056984307511,40.47828151233099,5.904601068231081,37.18616818062536,40.603126543911586,5.884745544954379,37.3056984307511,40.47828151233099,5.904601068231081,-24.573399000310214,-25.64003448614402,-0.1290390308781164,37.186168180625366,40.603126543911586,5.884745544954381,37.18616818062536,40.603126543911586,5.884745544954379,nan,-24.573399000310214,nan,-25.64003448614402,False,6.783267927843724,fd552545f6c5e936,,-0.8448534330276413,-0.642592238736953,0.003183390247889051,tone,-41.55728869002872,20,-8.061010607184445,-11.038609981081388,1.01232299723838,0.9880543745204663,0.0,16,-44.85206967706033,1.297260726488057,-44.85206967706033,move+1:OK,1,25
20,20400,0,8,7831,5.064797388226545,6.315004920580902,17.499858068165903,17.8710391576871,1.0212105199982402,0.9933397074584999,0.0,-32.68681210743717,-32.68681210743717,-32.68681210743717,-33.00839964909441,-329.40052043094863,phase,37.29127654713719,41.439791293224594,5.902205406501195,37.356167046831374,42.49162489865674,5.9129845592743155,37.29127654713717,41.43979129322457,5.902205406501192,37.356167046831374,42.49162489865672,5.9129845592743155,-27.15389715491165,-27.843529007017086,-0.9053415274086802,37.29127654713719,41.439791293224594,5.902205406501195,37.29127654713717,41.43979129322457,5.902205406501192,nan,-27.15389715491165,nan,-27.843529007017086,False,6.248499053024198,ce5eceed315d4c7b,,5.064797388226545,6.315004920580902,-0.006660292541500135,tone,-32.68681210743717,1,-6.309910325243637,-8.801636207977028,1.0111430829594632,0.9892137240844329,0.0,,,,,,,
21,21420,0,8,3121,7.141905352432358,6.489553369654708,18.37330690471095,17.927610258954175,0.9757421650839295,1.0043515410843449,0.0,-35.80580637811275,-35.80580637811275,-35.80580637811275,-36.05154737792297,43.72102790634303,phase,37.20800055848875,42.31028511801352,5.888372185795474,37.50580254187521,42.014540169321315,5.93784095379987,37.208000558488735,42.310285118013496,5.888372185795472,37.50580254187522,42.01454016932135,5.9378409537998715,-25.569640247283225,-26.87959608342816,0.5865872165312904,37.20800055848875,42.31028511801352,5.888372185795474,37.208000558488735,42.310285118013496,5.888372185795472,nan,-25.569640247283225,nan,-26.87959608342816,False,6.223905285918872,c77683470d140f09,,7.141905352432358,6.489553369654708,0.004351541084344879,tone,-35.80580637811275,2,-3.837790488320876,-6.505526050911232,1.011913088326302,0.9884636821942615,0.0,,,,,,,
22,22440,0,8,128,2.320587358424038,1.9136064980958323,17.48952239227487,17.702195777419174,1.0121600453330983,0.9985203589633371,0.0,-33.0216209920055,-33.0216209920055,-33.0216209920055,-33.018572005768675,214.27561009847827,phase,37.44106195277538,40.96342677336898,5.927086703118834,37.33593916175081,41.34665093136684,5.909624445473557,37.441061952775385,40.96342677336898,5.927086703118835,37.33593916175081,41.34665093136683,5.909624445473557,-26.46035518580845,-27.663928557178366,0.7008942143440213,37.44106195277538,40.96342677336898,5.927086703118834,37.441061952775385,40.96342677336898,5.927086703118835,nan,-26.46035518580845,nan,-27.663928557178366,False,6.083945153980695,ef7b5dd91e1f9769,,2.320587358424038,1.9136064980958323,-0.001479641036662871,tone,-33.0216209920055,3,-3.0351468771073913,-5.8279470094165,1.0116510664033727,0.9887200114693753,0.0,,,,,,,
23,23460,0,7,1641,-0.6223340789318826,-2.1749244748123973,20.493478835889245,21.356730646722045,1.0421232440692807,1.0044322536287404,0.0,-46.44771504375371,-46.44771504375371,-46.44771504375371,-46.686247957118695,-20.637990806151244,phase,37.88137326218694,43.42137398239858,6.00022811664235,38.349531125232815,43.46579423288396,6.077995203527046,37.88137326218693,43.42137398239857,6.000228116642348,38.349531125232815,43.46579423288393,6.077995203527046,-23.767254127997056,-24.715061451040516,0.9793094010151058,37.88137326218694,43.42137398239858,6.00022811664235,37.88137326218693,43.42137398239857,6.000228116642348,nan,-23.767254127997056,nan,-24.715061451040516,False,8.227588476273356,3ebf917401346832,,-0.6223340789318826,-2.1749244748123973,0.004432253628740446,tone,-46.44771504375371,4,-3.2504552327843568,-6.597855130374884,1.0124357478726376,0.9879565004187375,0.0,,,,,,,
24,24480,0,8,3095,-5.2305907729221035,-5.908601569494944,16.51027566648134,16.494765087831862,0.9990605499894245,1.003424728451715,0.0,-43.381347800816414,-43.381347800816414,-43.381347800816414,-43.54154157978044,210.84169977294704,phase,36.70381510406857,41.91977727819943,5.804620449180826,37.27940986494921,42.00682387367111,5.9002341968354175,36.70381510406855,41.91977727819942,5.804620449180824,37.2794098649492,42.0068238736711,5.900234196835417,-24.139648385640513,-25.26119700244113,0.2947528494797087,36.70381510406857,41.91977727819943,5.804620449180826,36.70381510406855,41.91977727819942,5.804620449180824,nan,-24.139648385640513,nan,-25.26119700244113,False,5.72077444403667,29297760395aa5bd,align_margin=5.7,,,,,,,,,,,,,,,,,,
24,24480,0,7,6176,-4.069300505731438,-3.2505537782602802,16.84323408622387,16.855001449526352,1.0006986403705038,0.9955577442738094,0.0,-32.56799857165608,-32.56799857165608,-32.56799857165608,-32.68856053904869,507.10241529653786,phase,36.78196271104601,40.18734091241025,5.817601779243525,36.86952231665202,40.63572547943875,5.8321465642279104,36.78196271104603,40.187340912410264,5.817601779243527,36.86952231665201,40.63572547943874,5.83214656422791,-26.792513881725874,-27.7915162543807,-1.2230178244168943,36.78196271104601,40.18734091241025,5.817601779243525,36.78196271104603,40.187340912410264,5.817601779243527,nan,-26.792513881725874,nan,-27.7915162543807,False,6.263319422158861,5a3f4634445da415,,-4.069300505731438,-3.2505537782602802,-0.004442255726190614,tone,-32.56799857165608,5,-4.657216284039899,-7.74941779726244,1.0116486856354199,0.9887279596365778,0.0,,,,,,,
25,25500,0,8,2848,-0.3422372359868157,-0.34824658903377625,17.435147431416087,17.384594761605783,0.9971005309815038,0.9974052572726788,0.0,-31.971581535800752,-31.971581535800752,-31.971581535800752,-31.997214527256926,166.3673010643544,phase,37.85199735036026,42.09331448150782,5.995348397069811,37.45552077315824,41.090667318997205,5.929488500524625,37.85199735036025,42.09331448150782,5.99534839706981,37.45552077315823,41.0906673189972,5.929488500524624,-26.885021352509966,-27.94905130891443,0.10507059457256196,37.85199735036026,42.09331448150782,5.995348397069811,37.85199735036025,42.09331448150782,5.99534839706981,nan,-26.885021352509966,nan,-27.94905130891443,False,6.050182024448291,2e3919aa1bdb311a,,-0.3422372359868157,-0.34824658903377625,-0.0025947427273211865,tone,-31.971581535800752,6,-4.775620068175841,-7.872693674083627,1.01118931622323,0.9891780891763766,0.0,,,,,,,
26,26520,0,8,5616,7.528322258640447,8.051056540884598,19.73564911673707,19.392265436790083,0.9826008418615543,1.006210497739613,0.0,-42.70177263481705,-42.70177263481705,-42.70177263481705,-43.12086329059387,-14.561340200313676,phase,37.213134376093564,41.6404249039348,5.889224979417536,37.858456812286455,42.26701028476362,5.996421397389778,37.21313437609357,41.64042490393481,5.889224979417538,37.85845681228646,42.26701028476363,5.996421397389779,-24.192631483602188,-25.306362061311667,-0.14770606577423617,37.213134376093564,41.6404249039348,5.889224979417536,37.21313437609357,41.64042490393481,5.889224979417538,nan,-24.192631483602188,nan,-25.306362061311667,False,6.749172698371211,c10ba5175bc97b16,,7.528322258640447,8.051056540884598,0.006210497739612908,tone,-42.70177263481705,7,-2.169863907335952,-5.023995527467921,1.012288314291707,0.9881096492697932,0.0,,,,,,,
27,27540,0,7,3822,-1.4099278123498409,-2.9653769869138586,17.11329772917759,17.429483635741246,1.01847603609587,1.0033482432112755,0.0,-46.211741074404166,-46.211741074404166,-46.211741074404166,-46.36585738067422,-4.884876524121532,phase,36.94711419920041,40.91459323077285,5.845035581262528,37.92119067224205,41.85778996666783,6.006842304359145,36.947114199200406,40.91459323077285,5.845035581262526,37.92119067224204,41.85778996666784,6.006842304359144,-23.87422787620777,-24.86295870054129,1.3832289148226202,36.94711419920041,40.91459323077285,5.845035581262528,36.947114199200406,40.91459323077285,5.845035581262526,nan,-23.87422787620777,nan,-24.86295870054129,False,6.553563746983439,228c3dd7ae58b7e9,,-1.4099278123498409,-2.9653769869138586,0.00334824321127547,tone,-46.211741074404166,8,-2.657348280469041,-6.074366755182212,1.0128814571000386,0.9875326058520956,0.0,,,,,,,
28,28560,0,7,1517,-2.2339441798513024,-0.10664745378693713,14.898495224648313,14.945559069275236,1.003158966319569,0.9863672419535506,0.0,-35.37923494208899,-35.37923494208899,-35.37923494208899,-36.78444309783811,311.96203707334456,phase,36.618415029422884,39.989260544327394,5.790434390269583,36.79525969066202,39.82581140257186,5.81981057984419,36.618415029422884,39.989260544327394,5.790434390269583,36.79525969066203,39.82581140257187,5.819810579844192,-26.79393003552638,-26.674775301681063,-2.2608798115865127,36.618415029422884,39.989260544327394,5.790434390269583,36.618415029422884,39.989260544327394,5.790434390269583,nan,-26.79393003552638,nan,-26.674775301681063,False,6.755375224713075,189b5a1992005458,,-2.2339441798513024,-0.10664745378693713,-0.013632758046449367,tone,-35.37923494208899,9,-3.4292850727433737,-6.112164604695465,1.0104649927290221,0.9899211571832226,0.0,,,,,,,
29,29580,0,8,4454,7.334552816462016,7.298497925771708,16.733277719629356,15.361319602386247,0.918010198585678,1.006532008954425,0.0,-40.638308283708774,-40.638308283708774,-40.638308283708774,-41.10386517140275,-354.9262641820925,phase,29.75834843903663,31.269314666280327,4.650888445022696,29.961122572196114,32.04227721925681,4.684571855846531,29.75834843903663,31.269314666280327,4.650888445022696,29.961122572196118,32.04227721925682,4.6845718558465315,-24.63894165398601,-25.732287830940862,-0.19123545678486664,29.75834843903663,31.269314666280327,4.650888445022696,29.75834843903663,31.269314666280327,4.650888445022696,nan,-24.63894165398601,nan,-25.732287830940862,False,6.53999853105646,26d98f2bc9a1de26,,7.334552816462016,7.298497925771708,0.0065320089544249615,tone,-40.638308283708774,10,-0.8887779752846034,-3.531682052641782,1.0116200568456337,0.9887969202827169,0.0,,,,,,,
30,30600,0,8,3497,3.182084758400152,3.7901115504576874,16.961247084392348,17.027193393950366,1.0038880578314728,0.9895013298045771,0.0,-35.175241086024975,-35.175241086024975,-35.175241086024975,-35.9801229394431,-138.53527043223608,phase,36.6976116204213,41.55949095614354,5.803589970169652,37.034957001650945,41.68723756750314,5.859627408912118,36.69761162042129,41.559490956143534,5.80358997016965,37.03495700165093,41.68723756750314,5.859627408912115,-26.675994327579442,-26.88887404320099,-0.4026940353666433,36.6976116204213,41.55949095614354,5.803589970169652,36.69761162042129,41.559490956143534,5.80358997016965,nan,-26.675994327579442,nan,-26.88887404320099,False,6.109740939470643,8aba6c9c84a6047c,,3.182084758400152,3.7901115504576874,-0.010498670195422943,tone,-35.175241086024975,11,0.2121587429066223,-2.1901133083935633,1.0097614404111517,0.9906328796469263,0.0,,,,,,,
31,31620,0,7,3580,-9.161413760233263,-8.728689182202029,16.29041511002958,17.157760613713407,1.0532426888956208,1.0086069176184609,0.0,-42.05211164749589,-42.05211164749589,-42.05211164749589,-42.78956329841318,7.190617173278633,phase,37.07293687698826,41.126355582167385,5.865936358303698,37.26393618334926,42.0088635655102,5.897663817832104,37.07293687698827,41.126355582167406,5.8659363583037,37.263936183349266,42.00886356551018,5.897663817832105,-24.39855161121873,-25.42847602694944,-0.06379544701039208,37.07293687698826,41.126355582167385,5.865936358303698,37.07293687698827,41.126355582167406,5.8659363583037,nan,-24.39855161121873,nan,-25.42847602694944,False,5.671802192333797,30205ad910419e84,align_margin=5.7,,,,,,,,,,,,,,,,,,
31,31620,0,8,6413,-2.74835809603812,-2.061960363922495,16.580982057243638,17.329203723417123,1.045125292554467,1.0084733025009014,0.0,-42.001603342867185,-42.001603342867185,-42.001603342867185,-42.71975701451558,36.00238355733728,phase,37.08229707935246,41.036370933888236,5.867491209194761,37.10710538372949,41.62771346596494,5.871612189988288,37.08229707935247,41.03637093388826,5.867491209194763,37.107105383729476,41.62771346596494,5.871612189988285,-24.435813720820544,-25.44290548631566,-0.6484870829408589,37.08229707935246,41.036370933888236,5.867491209194761,37.08229707935247,41.03637093388826,5.867491209194763,nan,-24.435813720820544,nan,-25.44290548631566,False,6.159936181861451,0e065ae42f6cbd1c,,-2.74835809603812,-2.061960363922495,0.008473302500901392,tone,-42.001603342867185,12,-0.740467585567228,-2.918623478205503,1.0112587428853628,0.9891762837149765,0.0,,,,,,,
32,32640,0,8,4953,0.5685552219056196,-0.29140737837039404,15.891973501394633,15.735373696684592,0.9901459812592629,0.9914949367580407,0.0,-34.61088467007314,-34.61088467007314,-34.61088467007314,-35.12566585876684,48.902465802874296,phase,36.996084422260765,42.520252009850395,5.853170169810759,37.044408689775416,41.553483691897306,5.861197456773326,36.99608442226077,42.52025200985039,5.8531701698107605,37.04440868977542,41.55348369189731,5.8611974567733265,-26.811270774196746,-27.12252953285166,0.27205722029426616,36.996084422260765,42.520252009850395,5.853170169810759,36.99608442226077,42.52025200985039,5.8531701698107605,nan,-26.811270774196746,nan,-27.12252953285166,False,5.680136977189831,0d274b428877d341,align_margin=5.7,,,,,,,,,,,,,,,,,,
32,32640,0,8,1465,-6.36200884948089,-6.811584980611785,16.305112284031143,17.17104091341677,1.0531077992166726,1.0058918523506881,0.0,-47.035289972170865,-47.035289972170865,-47.035289972170865,-47.409924577015815,300.4357192633232,phase,36.7551924952507,41.20023342670152,5.8131548995433056,37.501192201358904,41.365610411683164,5.937075116504802,36.75519249525071,41.20023342670153,5.813154899543308,37.501192201358904,41.36561041168317,5.937075116504802,-23.5609509410992,-24.522130354890752,0.022145017616960416,36.7551924952507,41.20023342670152,5.8131548995433056,36.75519249525071,41.20023342670153,5.813154899543308,nan,-23.5609509410992,nan,-24.522130354890752,False,7.124920120265506,d11601d70a819b60,,-6.36200884948089,-6.811584980611785,0.00589185235068812,tone,-47.035289972170865,13,-2.9423799180776946,-5.328764908467566,1.0123014256456118,0.9881623435932869,0.0,,,,,,,
33,33660,0,8,5319,1.7753588833296425,0.33061372925310817,17.290019147448884,17.172697854898612,0.9932145076561363,1.0035813374009888,0.0,-43.80409246733492,-43.80409246733492,-43.80409246733492,-43.97575410433274,139.5954873444452,phase,29.137429097595838,30.515789046012486,4.547745697275056,29.42749404509623,30.826433816927445,4.595929243371467,29.13742909759584,30.515789046012493,4.547745697275057,29.427494045096232,30.826433816927445,4.595929243371467,-24.12896026118632,-25.172942187958466,1.0842980367583772,29.137429097595838,30.515789046012486,4.547745697275056,29.13742909759584,30.515789046012493,4.547745697275057,nan,-24.12896026118632,nan,-25.172942187958466,False,5.980140090838187,15465f3ba89d6244,align_margin=6.0,,,,,,,,,,,,,,,,,,
33,33660,0,8,4548,-8.473172221573288,-10.239882520121126,17.79997793521069,17.77557723270829,0.9986291723174481,1.00401801095176,0.0,-45.54669168490835,-45.54669168490835,-45.54669168490835,-45.75079756075538,124.62835983389445,phase,37.73870973973357,41.67543715715479,5.976529857098601,37.6027967955635,41.45821671997473,5.953952956073672,37.738709739733565,41.67543715715481,5.976529857098599,37.602796795563485,41.45821671997473,5.953952956073669,-23.808837953843508,-24.84006882314369,1.5645663316226148,37.73870973973357,41.67543715715479,5.976529857098601,37.738709739733565,41.67543715715481,5.976529857098599,nan,-23.808837953843508,nan,-24.84006882314369,False,6.858622421907659,8637087d804d8dc8,,-8.473172221573288,-10.239882520121126,0.00401801095176002,tone,-45.54669168490835,14,-5.871952279056327,-8.95565770121448,1.0130132273331887,0.9874702960023185,0.0,,,,,,,
34,34680,0,8,7795,-2.1844152356853876,-3.703826155825443,16.883503450487563,16.99948208759653,1.0068693466050507,0.9954698879289913,0.0,-32.378824491621145,-32.378824491621145,-32.378824491621145,-32.50723866290669,80.61702984575639,phase,37.40364629887009,42.023541820986935,5.920871478217625,37.17820014998702,40.95824136737261,5.883421951825087,37.4036462988701,42.02354182098691,5.9208714782176255,37.17820014998702,40.95824136737262,5.883421951825087,-26.342957236632447,-27.466537659251543,0.6075191446421364,37.40364629887009,42.023541820986935,5.920871478217625,37.4036462988701,42.02354182098691,5.9208714782176255,nan,-26.342957236632447,nan,-27.466537659251543,False,6.291543928861513,f8b5d82746bb56c8,,-2.1844152356853876,-3.703826155825443,-0.0045301120710087295,tone,-32.378824491621145,15,-6.626676217363225,-10.2684457007999,1.0122101412295728,0.9882566949213989,0.0,,,,,,,
35,35700,0,7,5287,2.729011111331523,2.771238593632887,17.7398545542025,17.282000785536184,0.9741906695307233,0.9971962548487009,0.0,-32.054880215959656,-32.054880215959656,-32.054880215959656,-32.08795274289863,53.340231325386725,phase,29.33189146190835,30.65739011591535,4.580048415599394,29.59920421534796,30.937891185104263,4.624452527466438,29.331891461908345,30.657390115915348,4.580048415599393,29.599204215347953,30.93789118510426,4.624452527466437,-26.86965283311566,-28.018650321391718,-0.5482989591343335,29.33189146190835,30.65739011591535,4.580048415599394,29.331891461908345,30.657390115915348,4.580048415599393,nan,-26.86965283311566,nan,-28.018650321391718,False,5.8922723402883985,9087f3ab401c2d32,align_margin=5.9,,,,,,,,,,,,,,,,,,
35,35700,0,8,5861,-2.8599332470271746,-2.892946162118415,16.62325761728109,16.299691305806448,0.9805353247285133,0.9899331305597691,0.0,-34.43860019548322,-34.43860019548322,-34.43860019548322,-35.19449411615827,172.53771767431823,phase,37.15462657782919,41.891684029205656,5.879506076051362,36.8618449824259,41.08686423385546,5.830871259539187,37.15462657782919,41.89168402920564,5.879506076051362,36.8618449824259,41.08686423385544,5.830871259539187,-26.639744358911294,-26.92779403363786,-0.37231048494514773,37.15462657782919,41.891684029205656,5.879506076051362,37.15462657782919,41.89168402920564,5.879506076051362,nan,-26.639744358911294,nan,-26.92779403363786,False,6.1375036622392685,e3a2cab1ab0af3a8,,-2.8599332470271746,-2.892946162118415,-0.010066869440230941,tone,-34.43860019548322,16,-7.615578220699789,-11.2930086123843,1.0104269284454517,0.9900154136595293,0.0,,,,,,,
36,36720,0,8,6138,-4.095729276893893,-3.59393535489757,19.834183583757127,19.257304415611486,0.970914902259044,1.002479746195815,0.0,-32.80816325479053,-32.80816325479053,-32.80816325479053,-32.90666086437569,127.27722688371303,phase,29.07781819913768,30.84069644044492,4.537843554674033,29.507027586836013,31.326691136137338,4.609140795155484,29.07781819913768,30.840696440444923,4.537843554674033,29.507027586836013,31.32669113613734,4.609140795155484,-26.475528769031182,-27.707588902434914,-0.5398718356568537,29.07781819913768,30.84069644044492,4.537843554674033,29.07781819913768,30.840696440444923,4.537843554674033,nan,-26.475528769031182,nan,-27.707588902434914,False,6.698959171311407,e63270b808b2761c,,-4.095729276893893,-3.59393535489757,0.0024797461958150357,tone,-32.80816325479053,17,-9.03429065457991,-12.56357203681068,1.010865408853545,0.9895868536622835,0.0,,,,,,,
37,37740,0,7,6824,6.184718078562973,6.5706232149792205,18.941667084500523,19.732197576437535,1.0417350008534298,1.0060111025007623,0.0,-39.685852571939606,-39.685852571939606,-39.685852571939606,-40.095798035557735,290.55517925112184,phase,37.84880433399423,41.88272466539135,5.994817995680106,38.065849866183015,42.59254665148055,6.030872070794522,37.84880433399423,41.88272466539136,5.994817995680106,38.065849866183015,42.59254665148055,6.030872070794522,-24.674725473931446,-25.873662269710344,0.3407961436487952,37.84880433399423,41.88272466539135,5.994817995680106,37.84880433399423,41.88272466539136,5.994817995680106,nan,-24.674725473931446,nan,-25.873662269710344,False,6.807214243251975,511256d351c4ad1c,,6.184718078562973,6.5706232149792205,0.006011102500762311,tone,-39.685852571939606,18,-6.89290634313924,-10.239654619423936,1.0119287815812863,0.9885520848617233,0.0,,,,,,,
38,38760,0,7,6075,0.22602112600283386,0.33567838942910694,18.637634839755144,17.826417080806596,0.9564742111365884,1.0039925540336128,0.0,-45.9098204476847,-45.9098204476847,-45.9098204476847,-46.10961213562961,-1.9664326867559097,phase,29.306016252499685,31.20738246488497,4.5757502080564265,29.675144734723066,31.56317340872625,4.637067231681573,29.306016252499674,31.207382464884965,4.575750208056425,29.675144734723066,31.56317340872625,4.637067231681573,-23.68628222260336,-24.676405400746383,0.252688610097077,29.306016252499685,31.20738246488497,4.5757502080564265,29.306016252499674,31.207382464884965,4.575750208056425,nan,-23.68628222260336,nan,-24.676405400746383,False,7.104538448570429,3d5b563403a3c4fb,,0.22602112600283386,0.33567838942910694,0.003992554033612761,tone,-45.9098204476847,19,-6.814731479906893,-10.120806621327183,1.0126358131405466,0.9878641332134277,0.0,,,,,,,
39,39780,0,8,3129,-2.2269106477856013,-1.2072070939759332,16.91210175930857,17.079051475361286,1.0098716125546505,0.996472566393023,0.0,-32.22385055542502,-32.22385055542502,-32.22385055542502,-32.28995369685449,-49.906854386284536,phase,37.36815621612398,40.77136844579581,5.914976115635213,37.29382107353713,41.70823858868377,5.902628085305172,37.36815621612398,40.771368445795815,5.914976115635213,37.29382107353714,41.70823858868378,5.902628085305174,-26.656914669189934,-27.870242821451292,-0.5500557082328176,37.36815621612398,40.77136844579581,5.914976115635213,37.36815621612398,40.771368445795815,5.914976115635213,nan,-26.656914669189934,nan,-27.870242821451292,False,5.844653781389335,1c595d61541c9d9f,align_margin=5.8,,,,,,,,,,,,,,,,,,
39,39780,0,8,3811,-4.120291662654168,-3.4079712135776314,17.96308618755652,17.367261910008015,0.9668306285831191,0.9886428817439697,0.0,-33.70924992936747,-33.70924992936747,-33.70924992936747,-34.722651015911985,250.84838784722572,phase,37.18323323263561,42.05235442321349,5.884258012065716,37.500200000448125,41.981512605334146,5.936910299077763,37.18323323263562,42.0523544232135,5.884258012065719,37.5002000004481,41.98151260533413,5.936910299077759,-27.057142701396565,-27.262584083468347,-1.7004938325336991,37.18323323263561,42.05235442321349,5.884258012065716,37.18323323263562,42.0523544232135,5.884258012065719,nan,-27.057142701396565,nan,-27.262584083468347,False,6.379394543239131,d80984707a021ec4,,-4.120291662654168,-3.4079712135776314,-0.011357118256030252,tone,-33.70924992936747,20,-8.238838807749154,-11.328249917068815,1.0106232038215242,0.9898500633688655,0.0,17,-38.04503744437994,1.38203984167918,-38.04503744437994,move+1:OK,1,26
40,40800,0,8,6901,7.362823112057907,7.067765555907061,18.264874403548465,17.852796613212654,0.9774387832496809,0.9974898412066593,0.0,-26.098910922610195,-26.098910922610195,-26.098910922610195,-26.14238196472031,215.3861571999713,phase,37.13919672373536,42.395781575631595,5.876942977364679,37.680840170746734,42.324897812639215,5.9669169718848405,37.13919672373536,42.395781575631595,5.876942977364679,37.680840170746734,42.32489781263919,5.9669169718848405,-28.33872565302685,-29.563167514775756,0.2662697766218791,37.13919672373536,42.395781575631595,5.876942977364679,37.13919672373536,42.395781575631595,5.876942977364679,nan,-28.33872565302685,nan,-29.563167514775756,False,5.918031399697618,fc6ff4c5c371a9cd,align_margin=5.9,,,,,,,,,,,,,,,,,,
40,40800,0,8,3248,0.3557699225598266,0.565260335404332,18.072713383257796,18.413866969884165,1.0188767220168726,1.0043166858690016,0.0,-37.5826797421853,-37.5826797421853,-37.5826797421853,-37.82073988060189,173.19039513874276,phase,37.710019675535925,42.17386948526383,5.971764065703643,37.676531567880424,41.440855401406694,5.966201257122995,37.710019675535925,42.173869485263836,5.971764065703643,37.676531567880424,41.440855401406665,5.966201257122995,-25.374865219359396,-26.50921396589222,0.16719125801154422,37.710019675535925,42.17386948526383,5.971764065703643,37.710019675535925,42.173869485263836,5.971764065703643,nan,-25.374865219359396,nan,-26.50921396589222,False,6.117021328411524,4032a6d6e944e30e,,0.3557699225598266,0.565260335404332,0.00431668586900158,tone,-37.5826797421853,1,-8.115628225976355,-11.12838013404513,1.011386648829518,0.9891055247465449,0.0,,,,,,,
41,41820,0,8,1713,9.41628241006989,9.593993237494004,15.566526110047032,15.682601331089115,1.0074567196445432,0.9877296851452877,0.0,-29.014010711193755,-29.014010711193755,-29.014010711193755,-30.45416481103506,-58.47405986183701,phase,36.60350940660644,41.22301035437041,5.787958373190439,36.77642484212801,41.70509940005581,5.816681867463125,36.60350940660643,41.223010354370395,5.787958373190437,36.776424842127994,41.7050994000558,5.816681867463123,-28.234804840308616,-28.094938740236465,-0.21132767015704523,36.60350940660644,41.22301035437041,5.787958373190439,36.60350940660643,41.223010354370395,5.787958373190437,nan,-28.234804840308616,nan,-28.094938740236465,False,7.006698692830242,3add96dd7728fa7a,,9.41628241006989,9.593993237494004,-0.012270314854712305,tone,-29.014010711193755,2,-4.857033852263209,-7.733497030967376,1.0092148931208447,0.9912558208946184,0.0,,,,,,,
42,42840,0,7,733,1.2515403009542954,3.2619731421890235,17.677789960370212,18.202693203011634,1.0296928091021638,0.9938071943964649,0.0,-28.46767539390651,-28.46767539390651,-28.46767539390651,-28.808896551705658,-55.49990735351648,phase,36.60614005921082,41.36310555473785,5.7883953586728945,37.168255139257475,42.76890365177469,5.881769956687289,36.60614005921082,41.36310555473785,5.7883953586728945,37.16825513925748,42.768903651774714,5.8817699566872905,-28.38928783672079,-28.784131472748964,-0.8076233718397132,36.60614005921082,41.36310555473785,5.7883953586728945,36.60614005921082,41.36310555473785,5.7883953586728945,nan,-28.38928783672079,nan,-28.784131472748964,False,6.109112234269953,52fc6480849e5bf9,,1.2515403009542954,3.2619731421890235,-0.006192805603535079,tone,-28.46767539390651,3,-4.4229943743286,-6.581735219636199,1.008121165582919,0.9923367796172332,0.0,,,,,,,
43,43860,0,8,4968,-1.5491850126038378,-2.2786207434824624,19.375324895883665,19.3793166963487,1.0002060249563032,1.0090438063947762,0.0,-38.23672646228696,-38.23672646228696,-38.23672646228696,-39.08215847113378,72.24421211251553,phase,37.93309990999444,41.83653551466349,6.008820583055556,38.24643050762302,42.07012890753141,6.060868855086881,37.93309990999442,41.83653551466345,6.008820583055552,38.24643050762302,42.07012890753142,6.060868855086881,-25.250833041904592,-26.166309929602587,1.2749377289280939,37.93309990999444,41.83653551466349,6.008820583055556,37.93309990999442,41.83653551466345,6.008820583055552,nan,-25.250833041904592,nan,-26.166309929602587,False,6.774513787336125,9c2e1a7e9789f282,,-1.5491850126038378,-2.2786207434824624,0.0090438063947762,tone,-38.23672646228696,4,-4.960841185726338,-7.385411226209776,1.0097166847956205,0.9907803181535487,0.0,,,,,,,
44,44880,0,8,3102,-4.793288930566368,-7.070813061840539,17.06888205359443,17.189325234641466,1.007056301676282,1.0051020856095287,0.0,-32.20410659431337,-32.20410659431337,-32.20410659431337,-32.54207990749514,-117.65671052735901,phase,37.4690135647212,40.95862498990207,5.9317298280267785,37.53713277212598,41.95441358803585,5.943045310984383,37.46901356472121,40.95862498990208,5.931729828026779,37.53713277212597,41.95441358803582,5.943045310984381,-26.458844274343004,-27.781711911905678,1.8389220047927317,37.4690135647212,40.95862498990207,5.9317298280267785,37.46901356472121,40.95862498990208,5.931729828026779,nan,-26.458844274343004,nan,-27.781711911905678,False,6.105386457181333,36be33795dd79867,,-4.793288930566368,-7.070813061840539,0.005102085609528739,tone,-32.20410659431337,5,-6.622347973680235,-9.883224844728439,1.01061822546488,0.9899001756652678,0.0,,,,,,,
45,45900,0,7,8017,-4.968667700158299,-4.860125914437278,15.996000348276397,16.197234212099076,1.0125802612803996,0.9986712176964264,0.0,-25.875699267087384,-25.875699267087384,-25.875699267087384,-25.8805703386484,165.47383310797142,phase,36.7798438599555,40.99016676729616,5.817249810623838,36.97238106614978,41.27125521560658,5.849232735240828,36.7798438599555,40.99016676729615,5.817249810623838,36.972381066149765,41.27125521560657,5.849232735240825,-28.34834732576398,-29.89819405422447,-0.3576320494044527,36.7798438599555,40.99016676729616,5.817249810623838,36.7798438599555,40.99016676729615,5.817249810623838,nan,-28.34834732576398,nan,-29.89819405422447,False,5.987055407767613,aeb9d606b793bcac,align_margin=6.0,,,,,,,,,,,,,,,,,,
45,45900,0,8,6270,1.3718274399594703,2.2762139283074987,16.243479514769987,16.152261140634366,0.9943843082356414,1.0038309205836466,0.0,-33.87735161879972,-33.87735161879972,-33.87735161879972,-34.07975977118926,-120.95183431015472,phase,29.93611027570895,32.418441836179966,4.680416989320423,29.81295048009105,31.621475336127133,4.659958551510141,29.93611027570895,32.41844183617997,4.680416989320423,29.81295048009105,31.621475336127133,4.659958551510141,-26.20635869415733,-27.51457899621203,-1.0150933414974723,29.93611027570895,32.418441836179966,4.680416989320423,29.93611027570895,32.41844183617997,4.680416989320423,nan,-26.20635869415733,nan,-27.51457899621203,False,5.6209211812771525,9b1241cc6ec9d1d1,align_margin=5.6,,,,,,,,,,,,,,,,,,
45,45900,0,8,4061,-6.049665261569277,-5.778509280172469,16.99098641531801,16.759701435108738,0.9863877838192632,0.9961766519131214,0.0,-25.922114700327796,-25.922114700327796,-25.922114700327796,-26.051923927430213,82.23073378771937,phase,37.038632101719934,41.54204807559254,5.8602378906511525,36.59632611820706,41.09742554434202,5.786765135914795,37.03863210171993,41.54204807559253,5.860237890651152,36.59632611820707,41.09742554434202,5.786765135914796,-28.71602478955927,-29.727769026022305,-0.8912946468689107,37.038632101719934,41.54204807559254,5.8602378906511525,37.03863210171993,41.54204807559253,5.860237890651152,nan,-28.71602478955927,nan,-29.727769026022305,False,6.753321093739314,609b6cda51c2ea65,,-6.049665261569277,-5.778509280172469,-0.003823348086878564,tone,-25.922114700327796,6,-8.717484186541684,-11.926338178556414,1.0099420350445731,0.9905650459608357,0.0,,,,,,,
46,46920,0,7,321,1.687456759568474,1.5328554344888543,18.502591790349573,17.891299252287833,0.966961788651654,1.0059190953910049,0.0,-36.08555199798548,-36.08555199798548,-36.08555199798548,-36.49671557246273,121.01106553371548,phase,37.368840109796274,43.26488534556574,5.9150897192352625,37.56112868833242,43.39483701656623,5.947031343576814,37.36884010979628,43.26488534556577,5.915089719235263,37.561128688332424,43.39483701656623,5.947031343576815,-25.549078392691108,-26.68763959011523,-0.4661158695029166,37.368840109796274,43.26488534556574,5.9150897192352625,37.36884010979628,43.26488534556577,5.915089719235263,nan,-25.549078392691108,nan,-26.68763959011523,False,6.392115396695369,4e5c11694eaf30d3,,1.687456759568474,1.5328554344888543,0.0059190953910048805,tone,-36.08555199798548,7,-8.132688381084494,-11.384728716099861,1.0109881751124157,0.9895450150464631,0.0,,,,,,,
47,47940,0,8,1189,6.862843429108725,7.096652813195096,18.751354686725712,19.035298402400993,1.015142570785901,0.9987068628559255,0.0,-26.91106319373611,-26.91106319373611,-26.91106319373611,-26.913915679852593,68.36685343839505,phase,37.22825125694738,41.78755066506561,5.891736089193918,37.89008167626709,43.092928971290306,6.001674697054334,37.228251256947374,41.787550665065616,5.891736089193917,37.89008167626708,43.0929289712903,6.001674697054333,-27.982276264763982,-29.456724164172485,-0.2173724358188034,37.22825125694738,41.78755066506561,5.891736089193918,37.228251256947374,41.787550665065616,5.891736089193917,nan,-27.982276264763982,nan,-29.456724164172485,False,7.992337138282193,9717d1554769bd85,,6.862843429108725,7.096652813195096,-0.0012931371440745298,tone,-26.91106319373611,8,-5.756799860013546,-8.874657474417482,1.0107593894991604,0.9897692380451218,0.0,,,,,,,
48,48960,0,7,5017,-1.0492971832331943,-0.20539537580512834,17.968161236722295,17.715692380999897,0.9859490989424996,1.0039928533009577,0.0,-38.04149573638059,-38.04149573638059,-38.04149573638059,-38.25018489857304,72.1372240161135,phase,37.390482510306555,41.49137666521729,5.918684802376505,37.04246100079382,41.334766460566954,5.860873920397646,37.39048251030656,41.49137666521728,5.918684802376506,37.04246100079383,41.33476646056696,5.860873920397647,-25.236525778560413,-26.317149161529876,-0.4967768168120379,37.390482510306555,41.49137666521729,5.918684802376505,37.39048251030656,41.49137666521728,5.918684802376506,nan,-25.236525778560413,nan,-26.317149161529876,False,6.13098325005773,bf15ba7a077b1c12,,-1.0492971832331943,-0.20539537580512834,0.003992853300957666,tone,-38.04149573638059,9,-6.120144507559779,-8.94728893109296,1.0114656569430067,0.9890803879329361,0.0,,,,,,,
49,49980,0,7,4356,4.129790492875724,3.6795097421594667,17.576281052459397,17.423812231688437,0.9913253082198736,1.001748806209937,0.0,-33.372980857258995,-33.372980857258995,-33.372980857258995,-33.43170971907668,95.07445524253474,phase,37.70357281831189,41.09974123164107,5.970693159188023,37.635860552640644,41.607720094900486,5.959445274525025,37.70357281831188,41.09974123164107,5.970693159188022,37.635860552640644,41.60772009490047,5.959445274525025,-26.263479856142983,-27.582729146879515,0.15548991376042842,37.70357281831189,41.09974123164107,5.970693159188023,37.70357281831188,41.09974123164107,5.970693159188022,nan,-26.263479856142983,nan,-27.582729146879515,False,6.734307167243746,798bcb7a886dc693,,4.129790492875724,3.6795097421594667,0.0017488062099368928,tone,-33.372980857258995,10,-4.691102737743219,-7.645242681397092,1.0117752069918566,0.9887782171343099,0.0,,,,,,,
50,51000,0,8,1408,-4.617586888475277,-7.169404383089131,16.13300768018648,15.939771408169243,0.9880223033517452,1.001397493867701,0.0,-34.74014195164574,-34.74014195164574,-34.74014195164574,-34.78180249841438,-222.5365820078633,phase,37.114664869035884,40.17841418158869,5.872867918444499,37.550482014699085,41.119399686123764,5.945262793139384,37.114664869035884,40.17841418158868,5.872867918444499,37.55048201469909,41.11939968612377,5.945262793139385,-25.810913381654977,-27.132291623142358,2.0187717363042097,37.114664869035884,40.17841418158869,5.872867918444499,37.114664869035884,40.17841418158868,5.872867918444499,nan,-25.810913381654977,nan,-27.132291623142358,False,6.92125084601157,47a42585737cc867,,-4.617586888475277,-7.169404383089131,0.0013974938677010496,tone,-34.74014195164574,11,-6.288449065067639,-10.183012517542611,1.0120226481801278,0.9885367375888756,0.0,,,,,,,
51,52020,0,8,7565,6.853621174992413,7.415948424812022,17.866419038339316,17.683670396333174,0.98977138946456,0.9952740059972598,0.0,-26.026341078240545,-26.026341078240545,-26.026341078240545,-26.237545997978568,65.58110878511496,phase,37.193419135366895,42.238814698488,5.885950022486196,37.580553629022695,42.6071839262157,5.950258077910748,37.1934191353669,42.23881469848798,5.885950022486197,37.58055362902269,42.607183926215704,5.950258077910746,-28.490628820933196,-29.89564313856192,-0.7508252734678935,37.193419135366895,42.238814698488,5.885950022486196,37.1934191353669,42.23881469848798,5.885950022486197,nan,-28.490628820933196,nan,-29.89564313856192,False,6.473689541212034,cb77a5873229e799,,6.853621174992413,7.415948424812022,-0.004725994002740208,tone,-26.026341078240545,12,-3.9181785819307904,-7.5573317006464675,1.0111856559110888,0.9893581880300675,0.0,,,,,,,
52,53040,0,7,6296,11.162017104399766,11.604319864656116,17.05790381651724,16.608821664937157,0.9736730751673465,0.9981450346390748,0.0,-26.361295886957034,-26.361295886957034,-26.361295886957034,-26.379000009956798,550.6308103415128,phase,36.95706852765434,41.210456491248635,5.846689124195074,37.24929265446328,41.25472268132414,5.895231337950712,36.95706852765434,41.21045649124863,5.846689124195074,37.24929265446327,41.254722681324125,5.89523133795071,-27.96056025324111,-29.246535176610095,-0.9760360478839107,36.95706852765434,41.210456491248635,5.846689124195074,36.95706852765434,41.21045649124863,5.846689124195074,nan,-27.96056025324111,nan,-29.246535176610095,False,6.305217793484387,6640754c5dd35058,,11.162017104399766,11.604319864656116,-0.0018549653609252204,tone,-26.361295886957034,13,-0.05468826865104415,-3.452132995295269,1.0108574058971824,0.9896799492905203,0.0,,,,,,,
53,54060,0,7,8267,-7.502228883180869,-7.359540907849282,17.31080337455211,17.121173538052563,0.9890455785097582,0.9902374337857069,0.0,-28.450183133796347,-28.450183133796347,-28.450183133796347,-29.364610527312916,-163.64987300843262,phase,37.18118938164054,42.121391479743124,5.883918501933646,37.3813435703389,42.96557671206109,5.917166706036363,37.18118938164056,42.12139147974316,5.883918501933648,37.38134357033889,42.9655767120611,5.917166706036362,-28.4742791172798,-28.537366618054115,0.07128097158061664,37.18118938164054,42.121391479743124,5.883918501933646,37.18118938164056,42.12139147974316,5.883918501933648,nan,-28.4742791172798,nan,-28.537366618054115,False,5.572465713325267,1b88e2f2578610f5,align_margin=5.6,,,,,,,,,,,,,,,,,,
53,54060,0,8,6789,-3.2430321935259,-2.1930064353987153,20.517269738736275,20.523382270758113,1.0002979213170013,0.9973320090100428,0.0,-26.300230209353614,-26.300230209353614,-26.300230209353614,-26.3513259353857,193.30108602281155,phase,37.26803200794408,42.43291028239973,5.898344187366127,37.71895820547303,43.30182219392407,5.973248871341036,37.26803200794407,42.432910282399746,5.898344187366126,37.71895820547304,43.301822193924096,5.9732488713410365,-28.593476273894897,-29.83631404988554,-1.0518778346665028,37.26803200794408,42.43291028239973,5.898344187366127,37.26803200794407,42.432910282399746,5.898344187366126,nan,-28.593476273894897,nan,-29.83631404988554,False,7.083556499266223,4e9ad39b3bebd906,,-3.2430321935259,-2.1930064353987153,-0.0026679909899571808,tone,-26.300230209353614,14,-1.177558083040588,-4.2276890252419115,1.010385438168246,0.9901432654216221,0.0,,,,,,,
54,55080,0,8,5317,-5.755990911529235,-7.129438037429088,16.716687718942243,17.426076671015718,1.0424359755951917,1.0042273083368023,0.0,-37.919672394177034,-37.919672394177034,-37.919672394177034,-38.15029717221809,-201.05122620377279,phase,36.68022629331661,40.382632070923925,5.8007020420791715,37.246410442741954,41.80578894177869,5.894752565239528,36.6802262933166,40.38263207092391,5.800702042079171,37.24641044274195,41.805788941778694,5.894752565239527,-25.369509507716256,-26.43324631485559,0.9391584733560876,36.68022629331661,40.382632070923925,5.8007020420791715,36.6802262933166,40.38263207092391,5.800702042079171,nan,-25.369509507716256,nan,-26.43324631485559,False,5.727555751911726,3e6c28e804071c91,align_margin=5.7,,,,,,,,,,,,,,,,,,
54,55080,0,8,5053,-0.92605093765642,-0.8694727634453896,18.885667522646962,18.747567667494632,0.9926875841170705,0.9976034050561646,0.0,-25.733550561540206,-25.733550561540206,-25.733550561540206,-25.773458088227084,-14.17318235956153,phase,36.93381278990095,41.72170362623022,5.842826044834045,36.726786637789516,41.896046552459424,5.8084363185696875,36.93381278990095,41.721703626230244,5.842826044834045,36.7267866377895,41.8960465524594,5.808436318569686,-28.702927854055158,-29.95337480582173,-0.13855011560245822,36.93381278990095,41.72170362623022,5.842826044834045,36.93381278990095,41.721703626230244,5.842826044834045,nan,-28.702927854055158,nan,-29.95337480582173,False,6.710741897134651,fe92de2a6782bcbe,,-0.92605093765642,-0.8694727634453896,-0.002396594943835373,tone,-25.733550561540206,15,-1.4983444047114038,-4.535033909394916,1.0099616783575691,0.9905595332070187,0.0,,,,,,,
55,56100,0,8,529,-5.684497826756807,-6.809290357988084,15.840613401333767,16.635759873686077,1.0501966970726877,1.0046137294181012,0.0,-33.159068395584846,-33.159068395584846,-33.159068395584846,-33.439203254269536,-7.351838528319487,phase,36.715076988695586,41.98242963654061,5.80649119413548,36.84078522076979,40.93660558392256,5.827372960260763,36.71507698869557,41.982429636540594,5.806491194135478,36.84078522076979,40.93660558392256,5.827372960260763,-26.265556802086177,-27.48342087887729,1.2013238852459782,36.715076988695586,41.98242963654061,5.80649119413548,36.71507698869557,41.982429636540594,5.806491194135478,nan,-26.265556802086177,nan,-27.48342087887729,False,6.427920050467209,563af55880da6d4b,,-5.684497826756807,-6.809290357988084,0.004613729418101231,tone,-33.159068395584846,16,-3.46829463351651,-6.940998967930928,1.010777124091223,0.9897634258407155,0.0,,,,,,,
56,57120,0,7,4629,-2.0352544733624733,-1.3289565366393261,19.278642487388137,19.6371936362194,1.0185983608060487,1.003299882299695,0.0,-34.80209564789192,-34.80209564789192,-34.80209564789192,-34.95828349690084,203.21605442283487,phase,37.621676136574685,43.07110724955905,5.957089059231676,37.86684468969292,43.553234116167765,5.99781473250713,37.62167613657469,43.071107249559056,5.957089059231677,37.866844689692925,43.5532341161678,5.997814732507131,-25.764758494327165,-27.022350125031302,-0.7512619758904828,37.621676136574685,43.07110724955905,5.957089059231676,37.62167613657469,43.071107249559056,5.957089059231677,nan,-25.764758494327165,nan,-27.022350125031302,False,6.78061036509587,f476c242d872b272,,-2.0352544733624733,-1.3289565366393261,0.0032998822996950228,tone,-34.80209564789192,17,-4.173038586163164,-7.410944386886648,1.0113608270608498,0.9891937377526356,0.0,,,,,,,
57,58140,0,7,7477,-1.8297217532460253,-1.0354050905258123,21.66618847749487,20.928646628351856,0.9659588556654016,1.0026278254008123,0.0,-35.52024000679366,-35.52024000679366,-35.52024000679366,-35.62739377733243,-6.362646563880995,phase,37.97319542613534,44.125761158463035,6.015480967796569,38.297509694088944,43.47272221096433,6.069353769782217,37.97319542613534,44.12576115846306,6.015480967796569,38.297509694088944,43.472722210964314,6.069353769782217,-25.691724328369624,-26.926777790705284,-0.36269979634649596,37.97319542613534,44.125761158463035,6.015480967796569,37.97319542613534,44.12576115846306,6.015480967796569,nan,-25.691724328369624,nan,-26.926777790705284,False,7.0858784029454975,db73dd5d60fa93b6,,-1.8297217532460253,-1.0354050905258123,0.0026278254008123003,tone,-35.52024000679366,18,-4.806247423702586,-7.777295049909807,1.0118259210032288,0.9887400300419639,0.0,,,,,,,
58,59160,0,8,3813,-2.9327609186867676,-1.7632287281863865,17.68333164847964,17.14312033818188,0.96945081837312,0.9894910591801994,0.0,-27.849481037029218,-27.849481037029218,-27.849481037029218,-28.94579283892247,-104.05004624608968,phase,37.69019744495626,42.051689041571514,5.968471336371473,37.25910244189062,41.655542729078036,5.896860870745951,37.690197444956254,42.051689041571514,5.968471336371471,37.25910244189063,41.65554272907805,5.896860870745953,-28.511103832906084,-28.919261216952638,-1.7358265640788364,37.69019744495626,42.051689041571514,5.968471336371473,37.690197444956254,42.051689041571514,5.968471336371471,nan,-28.511103832906084,nan,-28.919261216952638,False,6.280466483178028,6fa92eb0f3caa15d,,-2.9327609186867676,-1.7632287281863865,-0.010508940819800583,tone,-27.849481037029218,19,-5.820716711584264,-8.401453105732674,1.00996510772657,0.990577698825283,0.0,,,,,,,
59,60180,0,7,1248,3.053944362544566,3.1266426123935376,25.253427059470365,25.80567628710678,1.0218682884638153,1.0052166145825447,0.0,-34.318871091500384,-34.318871091500384,-34.318871091500384,-34.66002058026691,185.316281518714,phase,39.2187404972177,44.7670223438204,6.2223821423949675,39.31361620736668,44.88588623021868,6.238142227137323,39.21874049721771,44.7670223438204,6.222382142394969,39.31361620736667,44.885886230218674,6.238142227137321,-26.024121024342072,-27.289878162841802,-0.2026746921662541,39.2187404972177,44.7670223438204,6.2223821423949675,39.21874049721771,44.7670223438204,6.222382142394969,nan,-26.024121024342072,nan,-27.289878162841802,False,7.4349385092796165,55c11eb4dd616297,,3.053944362544566,3.1266426123935376,0.005216614582544743,tone,-34.318871091500384,20,-4.762382598144795,-7.296719054445745,1.0108871125006151,0.9896780858971563,0.0,20,-31.5324860628056,1.0208049070438439,-31.5324860628056,move+1:OK,1,27
60,61200,0,7,2520,-6.3758910488784935,-7.032464016764381,17.658626044906573,17.88196621665593,1.0126476528344501,1.0003636725060283,0.0,-31.399830115917887,-31.399830115917887,-31.399830115917887,-31.40692517574334,-104.75514686511782,phase,37.067702216489764,41.072855106532,5.865066813370393,37.46980448062115,42.06514187353328,5.931861209405508,37.067702216489764,41.072855106532,5.865066813370393,37.46980448062115,42.06514187353327,5.931861209405508,-26.80141439964194,-27.988590914879182,0.7562938560637766,37.067702216489764,41.072855106532,5.865066813370393,37.067702216489764,41.072855106532,5.865066813370393,nan,-26.80141439964194,nan,-27.988590914879182,False,7.219381902576551,e74dc097f238d397,,-6.3758910488784935,-7.032464016764381,0.0003636725060283119,tone,-31.399830115917887,1,-6.969910856752518,-9.783752404927862,1.0109514480742803,0.989615123020833,0.0,,,,,,,
61,62220,0,8,1853,3.7073075537454963,4.962663071015549,16.767019856717624,16.67572875953336,0.9945553176435412,1.0003573463702167,0.0,-30.731595465741062,-30.731595465741062,-30.731595465741062,-30.738404960521468,18.294967744743385,phase,36.515433484060715,40.866029831764614,5.773327821272545,37.297850158720834,41.08332845071889,5.903297368558279,36.515433484060715,40.86602983176463,5.773327821272545,37.29785015872083,41.08332845071888,5.9032973685582775,-26.838222129183734,-28.1303350621535,-1.1273252916468506,36.515433484060715,40.866029831764614,5.773327821272545,36.515433484060715,40.86602983176463,5.773327821272545,nan,-26.838222129183734,nan,-28.1303350621535,False,7.202442741515487,762bb4fc8daa8ba0,,3.7073075537454963,4.962663071015549,0.00035734637021667126,tone,-30.731595465741062,2,-5.686409412363089,-8.028593217835612,1.0110146685446062,0.989553258937617,0.0,,,,,,,
62,63240,0,8,6253,-0.7525013470647923,-0.913784492991945,18.788282469785663,19.091359065569325,1.0161311496285546,1.0005639002428823,0.0,-30.49343131983665,-30.49343131983665,-30.49343131983665,-30.505155522614817,248.72328170446124,phase,37.26183410764592,42.25282238502355,5.897314635821582,37.71916885732929,42.93076982021919,5.973283863343736,37.26183410764592,42.252822385023535,5.897314635821582,37.71916885732929,42.93076982021919,5.973283863343736,-26.72413785676944,-28.03105830215968,-0.47989193879031666,37.26183410764592,42.25282238502355,5.897314635821582,37.26183410764592,42.252822385023535,5.897314635821582,nan,-26.72413785676944,nan,-28.03105830215968,False,6.911378709454966,9b96a2fd42777c81,,-0.7525013470647923,-0.913784492991945,0.0005639002428823314,tone,-30.49343131983665,3,-5.94691549567424,-8.351794187221074,1.0111144380426074,0.9894556623408262,0.0,,,,,,,
63,64260,0,8,6889,-1.5717946563212162,-1.7372985510556513,17.91651700973661,17.723805985074588,0.9892439459880906,0.9871393714816175,0.0,-23.648068774911778,-23.648068774911778,-23.648068774911778,-25.640448713575562,-8.923047501151215,phase,36.952536389163214,42.32541290620227,5.8459362772696375,37.300983211687154,42.37740966587977,5.903817809250358,36.952536389163214,42.32541290620225,5.8459362772696375,37.300983211687154,42.37740966587978,5.903817809250358,-30.355386374746264,-30.006743730727237,0.45684216127594035,36.952536389163214,42.32541290620227,5.8459362772696375,36.952536389163214,42.32541290620225,5.8459362772696375,nan,-30.355386374746264,nan,-30.006743730727237,False,5.839365708684958,fac23e40be91e366,align_margin=5.8,,,,,,,,,,,,,,,,,,
63,64260,0,7,6436,-5.810743243646414,-5.486003588216299,17.57535692497007,17.956615901739266,1.0216928155938343,0.9986634221861226,0.0,-25.157590231842715,-25.157590231842715,-25.157590231842715,-25.164849482120534,348.7000423999312,phase,37.59434804297967,40.867471055186265,5.95254950880061,38.131680158976046,41.42460121369971,6.041807335378081,37.59434804297968,40.867471055186286,5.952549508800613,38.13168015897605,41.42460121369971,6.041807335378083,-28.537781562763342,-30.09550305711588,-0.3932758234084277,37.59434804297967,40.867471055186265,5.95254950880061,37.59434804297968,40.867471055186286,5.952549508800613,nan,-28.537781562763342,nan,-30.09550305711588,False,6.093717408054895,60a474b91601cbbb,,-5.810743243646414,-5.486003588216299,-0.0013365778138774154,tone,-25.157590231842715,4,-7.958320000206243,-10.292357396827843,1.010877937245701,0.9896874068704905,0.0,,,,,,,
64,65280,0,7,5933,6.488548252978246,4.8254427713535115,18.042899756891156,17.869415437009653,0.9903848980918245,1.0005603514578991,0.0,-30.637986996679686,-30.637986996679686,-30.637986996679686,-30.64912460564947,453.50051634863433,phase,37.45397854603168,42.67666814493195,5.929232316616559,37.61836391640396,41.96263599273448,5.956538856545508,37.453978546031685,42.67666814493196,5.9292323166165595,37.61836391640397,41.9626359927345,5.956538856545511,-27.011616050294187,-28.31125423770051,1.3144236856882365,37.45397854603168,42.67666814493195,5.929232316616559,37.453978546031685,42.67666814493196,5.9292323166165595,nan,-27.011616050294187,nan,-28.31125423770051,False,6.43711354435363,e3eaa5dc5eaf3a89,,6.488548252978246,4.8254427713535115,0.000560351457899122,tone,-30.637986996679686,5,-5.711765985257546,-8.585853951144678,1.0109770654577326,0.9895904109855478,0.0,,,,,,,
65,66300,0,7,5382,4.170522387311154,3.862406306953332,17.116732481721353,16.917126668233518,0.9883385562226324,0.9862291411452837,0.0,-24.796090020984888,-24.796090020984888,-24.796090020984888,-26.96771415571497,-103.81143282005158,phase,29.39756944576226,31.31456874084328,4.590958379694728,29.34540472508047,31.273287846593085,4.582293143701075,29.39756944576226,31.314568740843278,4.590958379694728,29.345404725080467,31.273287846593085,4.582293143701074,-29.85312542601132,-29.495093974045204,-0.5949951979048014,29.39756944576226,31.31456874084328,4.590958379694728,29.39756944576226,31.314568740843278,4.590958379694728,nan,-29.85312542601132,nan,-29.495093974045204,False,6.281616416624051,b37ac1e4af76830b,,4.170522387311154,3.862406306953332,-0.013770858854716295,tone,-24.796090020984888,6,-4.267932207586226,-7.219791596026113,1.0085407115248222,0.9920085247163198,0.0,,,,,,,
66,67320,0,7,4645,-5.094578153701239,-5.360152524380547,17.664891031927915,17.104792647021522,0.9682931310533386,1.0031283342158008,0.0,-23.473788583824273,-23.473788583824273,-23.473788583824273,-23.64051658009588,94.12648021877109,phase,37.29698761683471,41.66185969000924,5.903154089175202,37.49262741729388,42.384717937567146,5.935652394899317,37.29698761683471,41.66185969000924,5.903154089175202,37.49262741729388,42.384717937567146,5.935652394899317,-28.96628798781284,-30.635806525216882,0.055596738966073644,37.29698761683471,41.66185969000924,5.903154089175202,37.29698761683471,41.66185969000924,5.903154089175202,nan,-28.96628798781284,nan,-30.635806525216882,False,7.090173979417038,f82524e395166047,,-5.094578153701239,-5.360152524380547,0.003128334215800832,tone,-23.473788583824273,7,-6.035934563286418,-9.110958190657623,1.0090928456976032,0.9914671348778841,0.0,,,,,,,
67,68340,0,8,673,-1.8008357729116788,-1.676612506316086,17.06185739113855,17.547134834591485,1.0284422400403472,1.0035092672836556,0.0,-27.513231058372696,-27.513231058372696,-27.513231058372696,-27.703689368781713,94.0517865137599,phase,36.61465767703197,41.859752937857934,5.789810245354149,37.27023580260363,42.100421274196435,5.898710266213228,36.61465767703198,41.85975293785796,5.78981024535415,37.27023580260362,42.100421274196435,5.898710266213227,-27.98382421529187,-29.41384049701511,-0.13818906857575725,36.61465767703197,41.859752937857934,5.789810245354149,36.61465767703198,41.85975293785796,5.78981024535415,nan,-27.98382421529187,nan,-29.41384049701511,False,6.0274151320855,e9e8f02af67f41a8,,-1.8008357729116788,-1.676612506316086,0.003509267283655637,tone,-27.513231058372696,8,-6.660547574077665,-9.702822869342011,1.009712551586779,0.9908603825775127,0.0,,,,,,,
68,69360,0,7,1089,-6.737468239332252,-7.0625490428173325,19.948431698301246,20.176763134331527,1.0114460845586035,0.9924634198641222,0.0,-22.165419151346892,-22.165419151346892,-22.165419151346892,-22.88698549209854,26.966172663060153,phase,37.27248650586445,42.67405235885099,5.899084137186787,37.64746913841784,43.21427061974188,5.961373611032864,37.27248650586446,42.674052358851,5.8990841371867875,37.64746913841784,43.21427061974191,5.961373611032864,-30.52430302380077,-30.91595583864018,-0.4918312959545732,37.27248650586445,42.67405235885099,5.899084137186787,37.27248650586446,42.674052358851,5.8990841371867875,nan,-30.52430302380077,nan,-30.91595583864018,False,8.150132336427024,eb81d5a7f934cba0,,-6.737468239332252,-7.0625490428173325,-0.007536580135877768,tone,-22.165419151346892,9,-8.995978464840066,-12.19751557120982,1.008380840163913,0.9921771537977683,0.0,,,,,,,
69,70380,0,7,2429,4.2379171792662245,4.9010973173423595,17.045553642441433,16.738268609336938,0.9819727161962407,0.9988987680457988,0.0,-20.910608596935454,-20.910608596935454,-20.910608596935454,-20.91691334042989,125.63372011724776,phase,37.43007452758577,41.981958126743635,5.925261549432852,37.12250063445317,41.34884175811458,5.8741695406068395,37.43007452758576,41.98195812674364,5.925261549432851,37.122500634453175,41.34884175811461,5.87416954060684,-30.28758040334976,-31.638017575080035,-0.39467124585398006,37.43007452758577,41.981958126743635,5.925261549432852,37.43007452758576,41.98195812674364,5.925261549432851,nan,-30.28758040334976,nan,-31.638017575080035,False,7.2609172518776655,f43353d183a6d560,,4.2379171792662245,4.9010973173423595,-0.0011012319542011983,tone,-20.910608596935454,10,-7.5250351925521155,-10.46860652053895,1.0081865094533542,0.9923685726018202,0.0,,,,,,,
70,71400,0,8,6213,2.390384115132012,2.3120939086949934,16.303157914141863,16.59773796159671,1.0180688949347243,1.0056452207471684,0.0,-30.953838727527256,-30.953838727527256,-30.953838727527256,-31.36633471413977,151.7287889500192,phase,36.69906726686699,41.449466539656,5.803831771904816,36.86061575213085,41.45575098656012,5.830667068460275,36.699067266867,41.44946653965601,5.803831771904817,36.86061575213087,41.45575098656015,5.830667068460278,-26.86266835880072,-27.99339276332974,-0.11112126763616281,36.69906726686699,41.449466539656,5.803831771904816,36.699067266867,41.44946653965601,5.803831771904817,nan,-26.86266835880072,nan,-27.99339276332974,False,6.302098083352046,47191bf490040471,,2.390384115132012,2.3120939086949934,0.005645220747168445,tone,-30.953838727527256,11,-6.695194252952722,-9.653150559532872,1.0091825106483858,0.9913937015246452,0.0,,,,,,,
71,72420,0,7,6730,3.647040577713869,5.166269388515885,16.785890687157817,16.25837444059891,0.9685738304633136,0.9898262995777837,0.0,-25.010975442882714,-25.010975442882714,-25.010975442882714,-26.174318307940226,-64.87675269941207,phase,29.732987993883924,31.906196780494565,4.646675746492346,29.99500513660257,32.11859431538736,4.690200188804414,29.732987993883924,31.906196780494568,4.646675746492346,29.995005136602565,32.118594315387355,4.690200188804413,-29.659416304867396,-29.501014998433615,-0.5842846855775514,29.732987993883924,31.906196780494565,4.646675746492346,29.732987993883924,31.906196780494568,4.646675746492346,nan,-29.659416304867396,nan,-29.501014998433615,False,6.301087938684243,dacf36f2b3c9a5cc,,3.647040577713869,5.166269388515885,-0.010173700422216325,tone,-25.010975442882714,12,-5.430344546649604,-7.8292593211683625,1.0073857645548174,0.9931769183796785,0.0,,,,,,,
72,73440,0,7,4872,-6.745483852676447,-6.7497755819759835,17.960689789099174,18.40906856045145,1.0249644516228107,1.0045902741635484,0.0,-23.12723104717494,-23.12723104717494,-23.12723104717494,-23.466158972525818,125.75615114430916,phase,37.46622160563976,41.782321351923876,5.9312660474484655,37.39774145455651,41.805086722399984,5.919890607069188,37.46622160563977,41.78232135192387,5.931266047448467,37.39774145455651,41.80508672239998,5.919890607069188,-28.95743772829811,-30.404234501767586,-0.23268838385327317,37.46622160563976,41.782321351923876,5.9312660474484655,37.46622160563977,41.78232135192387,5.931266047448467,nan,-28.95743772829811,nan,-30.404234501767586,False,6.587055002081557,edf164edf0e53fb0,,-6.745483852676447,-6.7497755819759835,0.004590274163548402,tone,-23.12723104717494,13,-7.773954543441737,-10.207910506040614,1.008194995503176,0.9923827468338593,0.0,,,,,,,
73,74460,0,8,776,8.105288762133004,9.807670676438072,20.281652784971286,20.162877953595274,0.9941437301666054,0.9913202227990734,0.0,-25.146889558064263,-25.146889558064263,-25.146889558064263,-25.97853946490013,65.81495294578342,phase,38.25839544550328,42.90008109423838,6.062856386296227,37.88024470855378,41.91982087243631,6.000040649261426,38.25839544550328,42.90008109423838,6.062856386296227,37.88024470855379,41.91982087243633,6.000040649261427,-29.475535971399598,-29.550613288640438,-1.4865371828677745,38.25839544550328,42.90008109423838,6.062856386296227,38.25839544550328,42.90008109423838,6.062856386296227,nan,-29.475535971399598,nan,-29.550613288640438,False,6.927730003713315,37e860a76b3c5ae5,,8.105288762133004,9.807670676438072,-0.008679777200926608,tone,-25.146889558064263,14,-4.960162489920663,-6.748877438703328,1.006663586614366,0.9939033359078339,0.0,,,,,,,
74,75480,0,7,5513,1.4885007631437221,0.16866853293224554,17.26330521558958,18.403249789206708,1.0660328111784587,1.0018876661305112,0.0,-21.088945804921856,-21.088945804921856,-21.088945804921856,-21.167038271843257,36.39955856904464,phase,37.233425180993976,41.53327900119636,5.892595545015611,36.93147885384606,41.572998590363824,5.84243834781496,37.23342518099396,41.533279001196355,5.892595545015609,36.93147885384607,41.57299859036384,5.842438347814963,-30.028463815006397,-31.19524183585691,0.6553434922051715,37.233425180993976,41.53327900119636,5.892595545015611,37.23342518099396,41.533279001196355,5.892595545015609,nan,-30.028463815006397,nan,-31.19524183585691,False,6.545912589960625,0e3a13575b708a92,,1.4885007631437221,0.16866853293224554,0.0018876661305111675,tone,-21.088945804921856,15,-4.4426358066992515,-6.689481334078763,1.0069961294468885,0.9935756269217534,0.0,,,,,,,
75,76500,0,8,124,-0.4058349702518057,-1.7151022666823692,17.785513992980743,18.03427434967805,1.0139866835895484,1.0078468787252122,0.0,-29.89993997144673,-29.89993997144673,-29.89993997144673,-30.664186168182507,237.43198890773974,phase,37.14380103991416,41.26893457207026,5.87770781393923,37.568527561948166,41.56771706117206,5.948260392350194,37.143801039914166,41.268934572070265,5.877707813939231,37.56852756194819,41.56771706117209,5.948260392350198,-27.19743404057979,-28.316829854668942,0.909268802368072,37.14380103991416,41.26893457207026,5.87770781393923,37.143801039914166,41.268934572070265,5.877707813939231,nan,-27.19743404057979,nan,-28.316829854668942,False,6.089190434424485,e5542a859b26ce56,,-0.4058349702518057,-1.7151022666823692,0.00784687872521217,tone,-29.89993997144673,16,-4.5836912044654285,-7.2936485228398285,1.0083789403351808,0.9922218679010749,0.0,,,,,,,
76,77520,0,8,6017,1.709865410481391,1.2825515823298506,17.064842583601067,17.079641686066303,1.000867227599243,1.0053393726186806,0.0,-29.552945156934825,-29.552945156934825,-29.552945156934825,-29.936825238003113,-167.17606798456004,phase,36.77319133704359,41.33044981956036,5.816144740372691,37.51516849626695,42.22084859425326,5.939396760177235,36.77319133704358,41.330449819560336,5.816144740372688,37.51516849626696,42.22084859425329,5.939396760177236,-27.297359219895704,-28.564416795808498,0.5719123304486217,36.77319133704359,41.33044981956036,5.816144740372691,36.77319133704358,41.330449819560336,5.816144740372688,nan,-27.297359219895704,nan,-28.564416795808498,False,6.35888633645751,4e328b6f3312c782,,1.709865410481391,1.2825515823298506,0.00533937261868056,tone,-29.552945156934825,17,-3.9902110456378717,-6.84123654892816,1.0093211597432548,0.9912996694643597,0.0,,,,,,,
77,78540,0,8,693,-3.63240310021101,-2.755376403124618,17.82840279065873,17.717061656106896,0.993754845239969,0.9947647270909785,0.0,-21.698953445519283,-21.698953445519283,-21.698953445519283,-22.042225276128054,18.120202177676415,phase,36.908339442956695,42.078434274825014,5.838594591853273,37.31422538192867,42.23720825633245,5.906017505303767,36.908339442956695,42.078434274825014,5.838594591853273,37.314225381928665,42.237208256332465,5.906017505303765,-30.76137753802858,-31.417345209098954,-0.9412151437686882,36.908339442956695,42.078434274825014,5.838594591853273,36.908339442956695,42.078434274825014,5.838594591853273,nan,-30.76137753802858,nan,-31.417345209098954,False,6.282277835604712,ebce9b416d8b7d23,,-3.63240310021101,-2.755376403124618,-0.005235272909021482,tone,-21.698953445519283,18,-5.249811196492977,-7.814082370227295,1.0083964471915363,0.9922126509247124,0.0,,,,,,,
78,79560,0,7,5381,-10.300544580063994,-10.145705950838767,17.448707042149348,17.52549194321103,1.0044006069261293,1.0053002313675716,0.0,-30.183098649167643,-30.183098649167643,-30.183098649167643,-30.557506005429733,57.69349194094067,phase,36.9542945809694,41.32798509701378,5.8462283357092035,37.68244296884469,42.114104194987746,5.967183217416062,36.954294580969396,41.327985097013766,5.846228335709203,37.6824429688447,42.11410419498775,5.967183217416063,-26.989391865894707,-28.16362732939694,-0.09670772139889117,36.9542945809694,41.32798509701378,5.8462283357092035,36.954294580969396,41.327985097013766,5.846228335709203,nan,-26.989391865894707,nan,-28.16362732939694,False,6.0653272079255425,8d609e0b95aa2043,,-10.300544580063994,-10.145705950838767,0.005300231367571628,tone,-30.183098649167643,19,-8.824983057781399,-11.392949339403858,1.009331775725598,0.9912971856944883,0.0,,,,,,,
79,80580,0,7,7105,-4.237017289748142,-5.1388126752201675,18.486897507805352,18.538014666764425,1.0027650479988592,1.001441425144854,0.0,-24.007596180889706,-24.007596180889706,-24.007596180889706,-24.052468235516088,65.11499869072752,phase,37.1019611549921,42.118682346129496,5.870757666942209,37.250692324722195,41.44265815707645,5.89546384131598,37.101961154992075,42.118682346129475,5.870757666942206,37.25069232472221,41.44265815707645,5.895463841315983,-28.82066784406801,-30.554539003653204,1.0035811732124218,37.1019611549921,42.118682346129496,5.870757666942209,37.101961154992075,42.118682346129475,5.870757666942206,nan,-28.82066784406801,nan,-30.554539003653204,False,6.288388732341713,3bb93d8b3fe0f772,,-4.237017289748142,-5.1388126752201675,0.0014414251448540139,tone,-24.007596180889706,20,-10.294228440793113,-13.207323940968974,1.0095863790607784,0.9910474914893346,0.0,18,-26.56349555900799,0.9270079967860051,-26.56349555900799,move+1:OK,1,28
80,81600,0,8,6788,1.8413457510585778,2.342389950891807,17.651277393663886,17.424201796157906,0.9871354581064206,0.9990515121954177,0.0,-24.57886295625798,-24.57886295625798,-24.57886295625798,-24.578520925512244,155.36984222820368,phase,37.384320112840456,40.71936381299916,5.9176611483123684,37.01812824561743,41.06975621630349,5.856831934487946,37.38432011284044,40.71936381299914,5.917661148312367,37.01812824561743,41.06975621630351,5.856831934487946,-28.94900257589001,-30.138206739890144,-0.7870609971857183,37.384320112840456,40.71936381299916,5.9176611483123684,37.38432011284044,40.71936381299914,5.917661148312367,nan,-28.94900257589001,nan,-30.138206739890144,False,6.324089769528208,c26ad942749d462d,,1.8413457510585778,2.342389950891807,-0.000948487804582343,tone,-24.57886295625798,1,-9.655876907692937,-12.380081563734265,1.0094188024963413,0.9912121470435216,0.0,,,,,,,
81,82620,0,7,3845,6.148083783335014,7.747842949115508,17.471767314778997,17.52149355259943,1.0028460908919254,0.9886745475503144,0.0,-18.522142116478637,-18.522142116478637,-18.522142116478637,-20.51647154590901,-253.85251764262352,phase,37.171826778394255,41.65364243716178,5.88236325222496,37.85068364347177,41.85178807129414,5.995130173334181,37.171826778394255,41.65364243716179,5.88236325222496,37.85068364347176,41.85178807129412,5.99513017333418,-32.32687654897903,-31.78305597065887,-1.24034647168802,37.171826778394255,41.65364243716178,5.88236325222496,37.171826778394255,41.65364243716179,5.88236325222496,nan,-32.32687654897903,nan,-31.78305597065887,False,5.616938975128533,e9530001bc0e2290,align_margin=5.6,,,,,,,,,,,,,,,,,,
81,82620,0,8,6280,10.016289650317969,9.783178439223304,17.44234576496084,17.953478582272254,1.0293041328384973,0.995532041293253,0.0,-16.848862634631733,-16.848862634631733,-16.848862634631733,-17.18460656971976,-52.30287407330072,phase,37.57118210506139,41.75259960930747,5.948701346355714,37.552229076379255,41.70273397496787,5.945553002720807,37.57118210506138,41.75259960930747,5.948701346355712,37.55222907637925,41.70273397496785,5.945553002720806,-31.482385440159355,-32.76987719260865,0.4682686177970634,37.57118210506139,41.75259960930747,5.948701346355714,37.57118210506138,41.75259960930747,5.948701346355712,nan,-31.482385440159355,nan,-32.76987719260865,False,6.477937616063903,d4ac9fb97a95d29b,,10.016289650317969,9.783178439223304,-0.004467958706746988,tone,-16.848862634631733,2,-6.182886936690297,-8.925611737127294,1.008629545229052,0.9919906469639772,0.0,,,,,,,
82,83640,0,7,353,-1.2407613667031177,-4.124357650663456,17.441044044368795,17.180860375031813,0.9850821046793361,0.9939724063284844,0.0,-16.716753072273253,-16.716753072273253,-16.716753072273253,-17.34655323159827,94.25981143828302,phase,37.33570315529994,41.546021860595204,5.9095852417441765,37.26089021456869,42.48932871267037,5.897157842951611,37.33570315529993,41.5460218605952,5.909585241744176,37.26089021456869,42.48932871267038,5.897157842951611,-32.459879103307635,-33.25214702437438,1.778401917540391,37.33570315529994,41.546021860595204,5.9095852417441765,37.33570315529993,41.5460218605952,5.909585241744176,nan,-32.459879103307635,nan,-33.25214702437438,False,6.55985412560672,5091caa40fb76832,,-1.2407613667031177,-4.124357650663456,-0.006027593671515619,tone,-16.716753072273253,3,-6.61343795554576,-10.380791967052012,1.0075656136428999,0.9930433727628629,0.0,,,,,,,
83,84660,0,8,6737,-8.289438564872954,-7.955271143410131,14.870912924105545,15.618658504679313,1.050282426128774,1.0035804411985536,0.0,-24.511924324399615,-24.511924324399615,-24.511924324399615,-24.723727115033693,-133.01148005861063,phase,36.53763081787767,40.952604410973166,5.777015086026192,36.69347676096274,41.29324781628027,5.802903116438994,36.537630817877684,40.952604410973194,5.777015086026194,36.69347676096274,41.29324781628027,5.802903116438994,-28.94772597129418,-30.343028640530562,-0.6315931130651782,36.53763081787767,40.952604410973166,5.777015086026192,36.537630817877684,40.952604410973194,5.777015086026194,nan,-28.94772597129418,nan,-30.343028640530562,False,5.9845411373058415,b94f6327b1c3b207,align_margin=6.0,,,,,,,,,,,,,,,,,,
83,84660,0,8,2124,6.610451044234884,6.562642547263751,17.340719536728336,17.583150671891165,1.0139804541933424,0.9977592085184769,0.0,-16.6766197998746,-16.6766197998746,-16.6766197998746,-16.75365912027817,40.05266037702827,phase,37.36358751018241,41.24883724261524,5.914217194382461,37.19397363451541,41.49477201935405,5.886042131979305,37.36358751018243,41.24883724261525,5.914217194382464,37.19397363451541,41.49477201935405,5.886042131979305,-32.30316419835315,-33.73126147780937,-0.2530394662920896,37.36358751018241,41.24883724261524,5.914217194382461,37.36358751018243,41.24883724261525,5.914217194382464,nan,-32.30316419835315,nan,-33.73126147780937,False,7.653547351194596,ccbc52c389d07469,,6.610451044234884,6.562642547263751,-0.002240791481523119,tone,-16.6766197998746,4,-4.317152895640755,-8.067776287634338,1.0071705083651776,0.9934336578582122,0.0,,,,,,,
84,85680,0,8,6796,0.13102915675478444,0.38967475733113033,20.30164936982754,20.53107083686957,1.011300631927128,1.0019402808577946,0.0,-19.301667603677224,-19.301667603677224,-19.301667603677224,-19.38268513993204,193.53658059013304,phase,37.655011366113236,41.96925907857066,5.962626472776286,37.90690772095343,42.65252683604957,6.0044697210886095,37.65501136611323,41.969259078570644,5.962626472776285,37.90690772095343,42.65252683604959,6.0044697210886095,-30.448877999743374,-31.943905279654956,-0.46241468266400043,37.655011366113236,41.96925907857066,5.962626472776286,37.65501136611323,41.969259078570644,5.962626472776285,nan,-30.448877999743374,nan,-31.943905279654956,False,7.364712257556277,fe8e206f8559933e,,0.13102915675478444,0.38967475733113033,0.0019402808577946296,tone,-19.301667603677224,5,-4.271619190589548,-7.930488644934637,1.0075124922553131,0.9930969915312216,0.0,,,,,,,
85,86700,0,7,7377,-1.8226021036323878,-1.5702270340611753,16.950277759579283,17.015865764454894,1.0038694354042985,1.0025457092995906,0.0,-22.749242254650536,-22.749242254650536,-22.749242254650536,-22.86854851509271,137.3997528875502,phase,36.89700705007186,41.73486908838239,5.836712134563434,37.083087773215325,41.87644110883767,5.867622553690254,36.89700705007186,41.73486908838238,5.836712134563434,37.083087773215325,41.87644110883768,5.867622553690254,-29.296942122030973,-30.67593129367403,-0.3341438115256885,36.89700705007186,41.73486908838239,5.836712134563434,36.89700705007186,41.73486908838238,5.836712134563434,nan,-29.296942122030973,nan,-30.67593129367403,False,7.098671261453615,d62094a99f658472,,-1.8226021036323878,-1.5702270340611753,0.002545709299590637,tone,-22.749242254650536,6,-4.904773361058814,-8.483888228870576,1.007961338191486,0.9926556911106272,0.0,,,,,,,
86,87720,0,7,3197,-3.175781307237305,-2.3151820704477797,17.42557329681421,16.977536343171913,0.9742885386890422,1.0024374439404136,0.0,-22.544675213585137,-22.544675213585137,-22.544675213585137,-22.657556227450023,34.1115892714478,phase,37.105112283823324,41.79716774810661,5.871281110269656,37.3815588214316,41.60874533317148,5.9172024620318275,37.10511228382333,41.79716774810661,5.871281110269657,37.3815588214316,41.60874533317148,5.9172024620318275,-29.531173986195107,-31.042768293979996,-0.3156158731817753,37.105112283823324,41.79716774810661,5.871281110269656,37.10511228382333,41.79716774810661,5.871281110269657,nan,-29.531173986195107,nan,-31.042768293979996,False,5.437046438939919,e852bd55f23c4f2b,align_margin=5.4,,,,,,,,,,,,,,,,,,
86,87720,0,7,6188,-1.031917710852195,0.33549963533344845,18.788927103379482,19.35144672522198,1.0299388900040662,1.0006510205357801,0.0,-18.481249822173627,-18.481249822173627,-18.481249822173627,-18.49455539027339,-61.47204155186778,phase,37.78896502676088,41.54370609304539,5.984877911422074,37.48922500778939,41.7842501887447,5.9350872105962456,37.78896502676086,41.543706093045365,5.984877911422071,37.48922500778939,41.7842501887447,5.9350872105962456,-30.887324257726014,-32.534173767797505,-1.4984449834588731,37.78896502676088,41.54370609304539,5.984877911422074,37.78896502676086,41.543706093045365,5.984877911422071,nan,-30.887324257726014,nan,-32.534173767797505,False,6.875374465636288,8f6366181999d450,,-1.031917710852195,0.33549963533344845,0.0006510205357801446,tone,-18.481249822173627,7,-5.26309186506641,-8.365594571343335,1.0080761738093122,0.9925426728208772,0.0,,,,,,,
87,88740,0,7,6601,-1.365769115952846,-2.018506088280695,19.284232397114245,19.316727685126008,1.0016850703384297,0.9888659372125257,0.0,-21.461604271881413,-21.461604271881413,-21.461604271881413,-23.118801621120838,261.69797472292913,phase,37.51313720193356,42.326429204570914,5.939059335869363,37.526223587924285,42.243211006809176,5.941233154140248,37.51313720193356,42.32642920457092,5.939059335869363,37.5262235879243,42.243211006809204,5.941233154140249,-31.187525676274866,-30.61974738395536,0.8979853800117887,37.51313720193356,42.326429204570914,5.939059335869363,37.51313720193356,42.32642920457092,5.939059335869363,nan,-31.187525676274866,nan,-30.61974738395536,False,6.33912528119265,551be60de74c561a,,-1.365769115952846,-2.018506088280695,-0.011134062787474308,tone,-21.461604271881413,8,-5.737281418398634,-9.077379716953633,1.006111976711906,0.9944983784468366,0.0,,,,,,,
88,89760,0,8,5433,-6.6570449369778135,-6.549466770123618,17.80168617748788,18.597226897260647,1.0446890655099186,0.9969570592039858,0.0,-17.677418997489703,-17.677418997489703,-17.677418997489703,-17.81782108216276,130.82455408235862,phase,37.516511773419936,42.83716096854934,5.939619895916934,37.56222916157764,41.44881262885456,5.947214146441469,37.51651177341994,42.83716096854935,5.939619895916935,37.56222916157765,41.44881262885457,5.94721414644147,-32.57917314334224,-33.147201793236356,-0.5485728440016917,37.516511773419936,42.83716096854934,5.939619895916934,37.51651177341994,42.83716096854935,5.939619895916935,nan,-32.57917314334224,nan,-33.147201793236356,False,6.76972522210532,fe11b484d5d921f6,,-6.6570449369778135,-6.549466770123618,-0.003042940796014193,tone,-17.677418997489703,9,-8.053092960128652,-11.382374294343794,1.0055762073555294,0.9950295798064102,0.0,,,,,,,
89,90780,0,8,289,-1.35108285019873,-0.3701978416819428,18.080817642541405,17.816342792915428,0.9853726277840607,0.9982605219141208,0.0,-17.59627733544013,-17.59627733544013,-17.59627733544013,-17.635364904760703,-169.03683704346244,phase,36.79428283798546,41.49245661797866,5.819648311957719,36.72518859168648,41.681613639137396,5.808170862406393,36.79428283798544,41.49245661797864,5.819648311957716,36.72518859168647,41.68161363913738,5.80817086240639,-32.561630957953824,-33.09499459841935,-0.8443927318004677,36.79428283798546,41.49245661797866,5.819648311957719,36.79428283798544,41.49245661797864,5.819648311957716,nan,-32.561630957953824,nan,-33.09499459841935,False,6.734869409613176,b99a7e4e25640db6,,-1.35108285019873,-0.3701978416819428,-0.0017394780858791536,tone,-17.59627733544013,10,-8.523349708558625,-11.512590769530279,1.0052701012446636,0.9953330032308607,0.0,,,,,,,
90,91800,0,8,7058,8.247614889146822,7.307609418590251,15.315571726624889,15.631800536888248,1.0206475354565852,1.004209732271424,0.0,-17.25698355094478,-17.25698355094478,-17.25698355094478,-17.617015928005852,-135.40055101422183,phase,30.19099211925104,31.61253613227884,4.722756165988545,30.062400816661796,31.041308415500577,4.701395484495315,30.19099211925104,31.61253613227884,4.722756165988545,30.062400816661796,31.041308415500577,4.701395484495315,-31.639199798610434,-33.081722105238626,0.6538941360268344,30.19099211925104,31.61253613227884,4.722756165988545,30.19099211925104,31.61253613227884,4.722756165988545,nan,-31.639199798610434,nan,-33.081722105238626,False,5.495434612248044,508921fdb74e772e,align_margin=5.5,,,,,,,,,,,,,,,,,,
90,91800,0,8,1204,-1.8149400634768047,-1.9706774993363578,20.04348254024474,20.74462485083922,1.0349810622573536,1.0074838163147026,0.0,-24.06626350520017,-24.06626350520017,-24.06626350520017,-24.886925971845766,224.22075555032515,phase,38.09967367544061,42.06849228135837,6.0364906437609,38.38935664942892,42.61280420201889,6.084610739107795,38.099673675440606,42.06849228135837,6.0364906437608985,38.38935664942892,42.61280420201889,6.084610739107795,-29.03870405960354,-30.084330709938577,-0.13512645754726638,38.09967367544061,42.06849228135837,6.0364906437609,38.099673675440606,42.06849228135837,6.0364906437608985,nan,-29.03870405960354,nan,-30.084330709938577,False,8.64105135593726,f5bee45070405cf6,,-1.8149400634768047,-1.9706774993363578,0.007483816314702629,tone,-24.06626350520017,11,-9.155248559852799,-12.20556198873916,1.0065866711819298,0.9940391306958228,0.0,,,,,,,
91,92820,0,8,3149,6.827331849050584,6.500170079548383,17.27438415173468,17.36929236947199,1.0054941592651672,1.0045288641574253,0.0,-21.91831276891515,-21.91831276891515,-21.91831276891515,-22.263367489379693,-3.1604823146070573,phase,37.13204579403328,41.392678688224265,5.875755115287921,36.84570269547791,41.94416619520201,5.828189816524571,37.13204579403328,41.39267868822425,5.875755115287921,36.8457026954779,41.94416619520197,5.828189816524568,-29.744291227982387,-31.090780028005923,0.3717921218614393,37.13204579403328,41.392678688224265,5.875755115287921,37.13204579403328,41.39267868822425,5.875755115287921,nan,-29.744291227982387,nan,-31.090780028005923,False,5.94343674912822,2ad6bdae9efe5612,align_margin=5.9,,,,,,,,,,,,,,,,,,
91,92820,0,8,4441,1.3127365338199388,-0.07372586770625951,16.305448427254422,16.85891388154852,1.033943589884286,1.0041991413080682,0.0,-19.617086155795825,-19.617086155795825,-19.617086155795825,-19.942313220303657,224.24637744870452,phase,37.042471556241836,41.92360276305401,5.860875673794325,37.32309379259748,41.858438994671474,5.907490663222174,37.04247155624182,41.92360276305399,5.8608756737943235,37.32309379259747,41.858438994671445,5.9074906632221715,-30.60214706858472,-32.18858833735838,1.2037934785942288,37.042471556241836,41.92360276305401,5.860875673794325,37.04247155624182,41.92360276305399,5.8608756737943235,nan,-30.60214706858472,nan,-32.18858833735838,False,6.8659485038982435,ae128eedb993a9f3,,1.3127365338199388,-0.07372586770625951,0.004199141308068199,tone,-19.617086155795825,12,-8.698797267588532,-12.231520779394742,1.0073263611243741,0.9933117158279231,0.0,,,,,,,
92,93840,0,7,2796,4.65734088497136,4.510081105539539,17.307074906287706,17.303555859875114,0.9997966700651817,1.0032474599134085,0.0,-21.136258881536808,-21.136258881536808,-21.136258881536808,-21.32872445933475,99.56543288898919,phase,37.35732916011217,40.733479796082335,5.913177601347538,37.35287604767897,41.21982716625674,5.912437881674248,37.357329160112165,40.733479796082335,5.913177601347536,37.352876047678976,41.21982716625675,5.912437881674249,-30.41950368979524,-31.940877632377585,-0.04771954969172132,37.35732916011217,40.733479796082335,5.913177601347538,37.357329160112165,40.733479796082335,5.913177601347536,nan,-30.41950368979524,nan,-31.940877632377585,False,5.980326823303122,f1e52c6c487d5c6a,align_margin=6.0,,,,,,,,,,,,,,,,,,
92,93840,0,8,116,3.827747514453013,3.9073655769274565,17.844408165061303,17.659164842971126,0.9896189708071755,0.9956646538496972,0.0,-16.678709068279954,-16.678709068279954,-16.678709068279954,-16.99836109486322,320.8896568382217,phase,37.44285452908806,42.03763869702055,5.927384473270442,37.95607496495077,41.799599458645424,6.012637037367239,37.44285452908805,42.037638697020526,5.9273844732704415,37.95607496495077,41.799599458645424,6.012637037367239,-32.817975331898566,-33.51611377894748,-0.20445399543422216,37.44285452908806,42.03763869702055,5.927384473270442,37.44285452908805,42.037638697020526,5.9273844732704415,nan,-32.817975331898566,nan,-33.51611377894748,False,6.186058304792762,3b1e87f62ffefd55,,3.827747514453013,3.9073655769274565,-0.004335346150302843,tone,-16.678709068279954,13,-7.368829461957819,-10.854734489519226,1.0065621171435593,0.9940686084911885,0.0,,,,,,,
93,94860,0,7,4781,4.432737682265735,5.132020456042463,18.215379225073757,18.342736745416065,1.006991757831042,0.9922201618767564,0.0,-20.902997183655494,-20.902997183655494,-20.902997183655494,-21.728314595059427,-225.65921482620158,phase,37.60902871354431,43.31389352969402,5.954988158396066,37.48181813316209,42.358714745831904,5.933856832751179,37.609028713544305,43.31389352969402,5.954988158396064,37.48181813316209,42.35871474583191,5.933856832751179,-31.451767993847376,-31.40656361570382,-0.9750651119052174,37.60902871354431,43.31389352969402,5.954988158396066,37.609028713544305,43.31389352969402,5.954988158396064,nan,-31.451767993847376,nan,-31.40656361570382,False,7.061930345656227,eeb360b5ec08f9bb,,4.432737682265735,5.132020456042463,-0.007779838123243565,tone,-20.902997183655494,14,-5.827485751153597,-9.04780975185834,1.0051917113353952,0.9954326165027729,0.0,,,,,,,
94,95880,0,7,4770,-3.6590579378416614,-2.91833833061623,15.287160722613551,15.93030227284878,1.0420706998444689,1.008200040823945,0.0,-24.660736099682314,-24.660736099682314,-24.660736099682314,-25.611123989350844,170.92405923754802,phase,30.038616112577913,31.29953057009494,4.697444536973075,30.221629516800835,31.390522953411985,4.727845434684524,30.038616112577913,31.29953057009494,4.697444536973075,30.22162951680083,31.390522953411985,4.727845434684523,-28.643781250066414,-29.635096183673095,-0.3217315840683366,30.038616112577913,31.29953057009494,4.697444536973075,30.038616112577913,31.29953057009494,4.697444536973075,nan,-28.643781250066414,nan,-29.635096183673095,False,5.8233496110923,24d9d01df99e60fb,align_margin=5.8,,,,,,,,,,,,,,,,,,
94,95880,0,8,6245,4.097880100919856,4.718704742439648,17.038892084297494,17.243023104159168,1.0119802988863222,1.0073872673647117,0.0,-22.246487157685998,-22.246487157685998,-22.246487157685998,-23.09419849648787,-133.20796331817667,phase,37.06704151994754,41.86079119210538,5.864957063114209,36.930006580797006,41.764092643150136,5.84219378418555,37.06704151994754,41.86079119210537,5.864957063114209,36.93000658079701,41.76409264315013,5.842193784185551,-29.492078767387376,-30.627964819143585,-0.5907582786731087,37.06704151994754,41.86079119210538,5.864957063114209,37.06704151994754,41.86079119210537,5.864957063114209,nan,-29.492078767387376,nan,-30.627964819143585,False,6.127854386371577,52f9344ec95a52d8,,4.097880100919856,4.718704742439648,0.007387267364711736,tone,-22.246487157685998,15,-4.400635510400477,-7.388685234062035,1.0064911948221698,0.9941551860190058,0.0,,,,,,,
95,96900,0,8,2505,-0.906004446275938,-0.7036875825998852,17.727669138817127,18.062033596996088,1.0188611630531181,1.0046357678000413,0.0,-23.73582341231871,-23.73582341231871,-23.73582341231871,-24.076782751198536,86.48402574325114,phase,36.41400919279256,40.668482284896086,5.7564799323575695,37.098412948624784,42.06472551651377,5.870168263891161,36.41400919279257,40.66848228489611,5.75647993235757,37.09841294862477,42.06472551651373,5.870168263891158,-29.347529714207376,-30.57817302601694,0.042378784558448346,36.41400919279256,40.668482284896086,5.7564799323575695,36.41400919279257,40.66848228489611,5.75647993235757,nan,-29.347529714207376,nan,-30.57817302601694,False,7.306637474963865,1ade445ab49e4df4,,-0.906004446275938,-0.7036875825998852,0.004635767800041268,tone,-23.73582341231871,16,-4.715691973713705,-7.636423874239738,1.0073077202297664,0.9933523898905198,0.0,,,,,,,
96,97920,0,8,1833,-5.386404693019714,-4.848417034611609,17.292634833094937,17.53560615412084,1.0140505668089919,0.9978504245775778,0.0,-16.580266623343835,-16.580266623343835,-16.580266623343835,-16.651043173011796,81.00167740047063,phase,37.04482772778187,41.054351740819676,5.861267064415594,37.3703952718416,41.91119926630328,5.915348051800931,37.04482772778188,41.05435174081968,5.861267064415595,37.370395271841616,41.91119926630326,5.915348051800934,-32.69890081346323,-33.91393726958426,0.3267924094461234,37.04482772778187,41.054351740819676,5.861267064415594,37.04482772778188,41.05435174081968,5.861267064415595,nan,-32.69890081346323,nan,-33.91393726958426,False,7.3811188330190065,388bd8c55d29b88b,,-5.386404693019714,-4.848417034611609,-0.002149575422422223,tone,-16.580266623343835,17,-6.587256744533566,-9.34472596258634,1.0069287955440775,0.9937268698930742,0.0,,,,,,,
97,98940,0,8,8104,-5.42192520353222,-4.324630282730654,18.25210349145454,18.547324046322043,1.0161746044780933,1.0034747073949233,0.0,-20.17505575579319,-20.17505575579319,-20.17505575579319,-20.399093452699326,122.5793137079201,phase,38.00828423848564,42.3133235039709,6.0213096741670515,37.415515689668524,41.360135386976545,5.922843137818693,38.008284238485636,42.313323503970885,6.02130967416705,37.41551568966853,41.36013538697654,5.922843137818694,-30.573232522836072,-32.19029127798108,-0.6106089609457133,38.00828423848564,42.3133235039709,6.0213096741670515,38.008284238485636,42.313323503970885,6.02130967416705,nan,-30.573232522836072,nan,-32.19029127798108,False,6.63730814544253,b7027b745c0fee8e,,-5.42192520353222,-4.324630282730654,0.003474707394923282,tone,-20.17505575579319,18,-8.471872448875303,-10.867901640746874,1.007541082557184,0.9931247029788176,0.0,,,,,,,
98,99960,0,7,2665,7.388948073509864,6.942722520329648,18.172736934865767,17.586225827310138,0.9677257691200952,1.0020539110857618,0.0,-20.456080973384402,-20.456080973384402,-20.456080973384402,-20.543851186816475,-21.52829575422288,phase,36.94609523947803,41.83977510022204,5.844866318850173,36.360123543622976,41.377685202476925,5.747528827844349,36.94609523947803,41.83977510022201,5.844866318850173,36.36012354362296,41.37768520247691,5.747528827844347,-30.249842297299345,-31.742997180586407,0.26087526943747363,36.94609523947803,41.83977510022204,5.844866318850173,36.94609523947803,41.83977510022201,5.844866318850173,nan,-30.249842297299345,nan,-31.742997180586407,False,6.029543829638956,2a11103c40e63d9c,,7.388948073509864,6.942722520329648,0.002053911085761806,tone,-20.456080973384402,19,-5.9050968895455185,-8.421126452468021,1.0079032275219781,0.9927684714252809,0.0,,,,,,,
99,100980,0,8,3755,1.8273184832505027,1.682813418567301,16.681079028836503,17.42645846956913,1.0446841262153421,1.0015112662334313,0.0,-20.55509506403652,-20.55509506403652,-20.55509506403652,-20.6048641411639,192.59829944291943,phase,36.94626796827335,40.64505282212224,5.844895011341088,37.22019382573324,41.39529360323064,5.890397645470639,36.946267968273354,40.64505282212224,5.844895011341089,37.220193825733254,41.39529360323068,5.890397645470641,-30.137942677717643,-31.58474017096454,0.3897910646103866,36.94626796827335,40.64505282212224,5.844895011341088,36.946267968273354,40.64505282212224,5.844895011341089,nan,-30.137942677717643,nan,-31.58474017096454,False,6.172998739195996,dbbcf07fb8555173,,1.8273184832505027,1.682813418567301,0.001511266233431341,tone,-20.55509506403652,20,-5.270550385800218,-7.827851470988229,1.008169789291984,0.9925063085661734,0.0,20,-19.855121182392217,0.5976566490461054,-19.855121182392217,move+1:OK,1,29
100,102000,0,8,6145,-1.4792516218208736,-0.9875579613831257,16.39614703257691,16.28911424067861,0.9934720765991157,0.987302976010573,0.0,-15.51358758279607,-15.51358758279607,-15.51358758279607,-18.448510069415242,-39.491967974676356,phase,36.564287729555595,41.51627058602763,5.781443144444451,36.68576502082011,41.00100883945183,5.801622096481746,36.5642877295556,41.51627058602763,5.781443144444453,36.68576502082012,41.00100883945184,5.801622096481748,-34.27498410678096,-32.68743585441192,0.327001988669414,36.564287729555595,41.51627058602763,5.781443144444451,36.5642877295556,41.51627058602763,5.781443144444453,nan,-34.27498410678096,nan,-32.68743585441192,False,6.345189706137434,5e409b9bd6a96dbe,,-1.4792516218208736,-0.9875579613831257,-0.012697023989426959,tone,-15.51358758279607,1,-5.784092919147604,-8.176106472997668,1.0059296569919742,0.9947399981480458,0.0,,,,,,,
101,103020,0,8,501,4.07159577331759,4.414592647663472,18.544260480742807,18.25660050787839,0.9844879242737592,0.9905996488572567,0.0,-17.61306050624468,-17.61306050624468,-17.61306050624468,-19.06890376561254,117.59795967426575,phase,37.675689447536776,42.19616215640172,5.966061370022721,37.39023192977858,42.294347842671094,5.918643177704084,37.675689447536776,42.19616215640171,5.966061370022721,37.39023192977858,42.294347842671094,5.918643177704084,-33.16119614128821,-32.505515838875205,0.21318313503992758,37.675689447536776,42.19616215640172,5.966061370022721,37.675689447536776,42.19616215640171,5.966061370022721,nan,-33.16119614128821,nan,-32.505515838875205,False,7.199331238073221,f6c21c0c196c653b,,4.07159577331759,4.414592647663472,-0.00940035114274329,tone,-17.61306050624468,2,-4.367434695825606,-6.62282880289411,1.004274840891865,0.9963919353616258,0.0,,,,,,,
102,104040,0,7,3177,-7.344144524517706,-9.002002850864013,17.44183469453181,17.34344345287715,0.9943588938103222,0.9989960503027098,0.0,-13.428745553330636,-13.428745553330636,-13.428745553330636,-13.446139788804055,-211.60509265961437,phase,37.26995643772033,42.124198217503434,5.898663860086435,36.802451928190266,41.16611364222594,5.821005303686091,37.26995643772033,42.124198217503434,5.898663860086435,36.80245192819028,41.166113642225966,5.821005303686094,-34.723125344562426,-35.24870366490725,1.608155310392612,37.26995643772033,42.124198217503434,5.898663860086435,37.26995643772033,42.124198217503434,5.898663860086435,nan,-34.723125344562426,nan,-35.24870366490725,False,5.863471714304769,e0bed14df790eabf,align_margin=5.9,,,,,,,,,,,,,,,,,,
102,104040,0,8,2341,-1.491687993467146,-3.727820805860721,16.03055495371746,16.729184769510486,1.043581137260068,0.997648257876907,0.0,-13.792898426872906,-13.792898426872906,-13.792898426872906,-13.903312655056155,160.6843987757678,phase,36.98806352322733,41.29764131540377,5.851837794556036,37.015042896280136,41.45165836122479,5.856319417986734,36.98806352322733,41.29764131540377,5.851837794556036,37.01504289628015,41.4516583612248,5.856319417986737,-35.02200925114448,-35.33392149956313,1.757171143407921,36.98806352322733,41.29764131540377,5.851837794556036,36.98806352322733,41.29764131540377,5.851837794556036,nan,-35.02200925114448,nan,-35.33392149956313,False,7.287569755747806,c2d13f8d6097cd1c,,-1.491687993467146,-3.727820805860721,-0.0023517421230929703,tone,-13.792898426872906,3,-4.8873031386612835,-7.9322907081409815,1.0038615266887294,0.9968029719686913,0.0,,,,,,,
103,105060,0,8,533,-3.0062591398323493,-1.756791713752861,17.22836798970893,17.403500057171584,1.010165331247119,1.0007729591390704,0.0,-12.675018123196825,-12.675018123196825,-12.675018123196825,-12.694864379122343,80.51338578760136,phase,37.2730731677794,42.113030913302694,5.8991815893321276,37.13629828077808,40.53422898939112,5.876461508434898,37.273073167779394,42.11303091330271,5.899181589332126,37.13629828077807,40.53422898939111,5.876461508434896,-35.0569931794681,-35.99616457023733,-0.6389477939264011,37.2730731677794,42.113030913302694,5.8991815893321276,37.273073167779394,42.11303091330271,5.899181589332126,nan,-35.0569931794681,nan,-35.99616457023733,False,6.700473645379155,a92a29e68254dba5,,-3.0062591398323493,-1.756791713752861,0.0007729591390703838,tone,-12.675018123196825,4,-5.935446404408312,-8.549139892086647,1.003997316878477,0.996668240716213,0.0,,,,,,,
104,106080,0,8,5628,-1.7904337119131657,-4.243244628375219,18.97017373372681,19.907238936212796,1.0493967643965216,1.0057988975925922,0.0,-19.55321565762895,-19.55321565762895,-19.55321565762895,-20.14669961569592,70.31123754832,phase,37.83145740155111,42.01055870911716,5.991936445440385,37.7477495586196,42.20276245062648,5.978031488142792,37.831457401551106,42.01055870911716,5.991936445440384,37.74774955861961,42.20276245062648,5.978031488142793,-31.214633838387247,-32.161260438870826,1.561529678065689,37.83145740155111,42.01055870911716,5.991936445440385,37.831457401551106,42.01055870911716,5.991936445440384,nan,-31.214633838387247,nan,-32.161260438870826,False,6.8647147144360945,f9ff794781e6b978,,-1.7904337119131657,-4.243244628375219,0.005798897592592223,tone,-19.55321565762895,5,-6.5596032508806985,-10.03924016744417,1.005016180462645,0.9956626460707836,0.0,,,,,,,
105,107100,0,8,3760,1.488515050932881,1.4805676749735004,17.751491654904914,17.931970388496843,1.010166961577117,1.0038840569131238,0.0,-19.562575863827913,-19.562575863827913,-19.562575863827913,-19.843947585265663,58.49450271631495,phase,37.708943343962744,41.453838168929394,5.971585273083513,38.01749034939123,42.49621127039372,6.022838928470305,37.70894334396275,41.45383816892939,5.971585273083514,38.01749034939123,42.49621127039372,6.022838928470305,-30.918382275999996,-31.978727933223293,-0.16034713703741676,37.708943343962744,41.453838168929394,5.971585273083513,37.70894334396275,41.45383816892939,5.971585273083514,nan,-30.918382275999996,nan,-31.978727933223293,False,6.48625696652501,6b79bd74dfa90ce4,,1.488515050932881,1.4805676749735004,0.003884056913123768,tone,-19.562575863827913,6,-6.041223270583583,-9.518784078943,1.005699299970262,0.9949885026650074,0.0,,,,,,,
106,108120,0,7,1757,5.808822041870805,6.465272297338218,16.236697609128797,16.750861444823844,1.031666774123204,1.0011153846204912,0.0,-15.274343021712818,-15.274343021712818,-15.274343021712818,-15.31034246964481,21.353888737841125,phase,36.54692548573551,41.22959831278213,5.77855905078663,36.97720316706159,41.71502726481456,5.850033748681327,36.546925485735514,41.229598312782144,5.778559050786631,36.97720316706159,41.715027264814566,5.850033748681327,-32.68892498006241,-34.05623584028071,-0.9720573335775331,36.54692548573551,41.22959831278213,5.77855905078663,36.546925485735514,41.229598312782144,5.778559050786631,nan,-32.68892498006241,nan,-34.05623584028071,False,6.823289191121817,7fac26dbb60e0dba,,5.808822041870805,6.465272297338218,0.001115384620491211,tone,-15.274343021712818,7,-4.019657068126348,-7.2445414138192294,1.0058956047383665,0.9947945049442299,0.0,,,,,,,
107,109140,0,7,5948,-6.056883844631955,-6.330872905265977,17.290841429949033,16.67389383616668,0.9643194001702108,1.0004911242755519,0.0,-14.784284403807609,-14.784284403807609,-14.784284403807609,-14.792169141006049,63.28138410860645,phase,37.04300350243569,40.28800316351938,5.860964036949451,37.675210757158965,42.08717140546838,5.965981853348666,37.04300350243568,40.28800316351937,5.86096403694945,37.675210757158965,42.087171405468375,5.965981853348666,-32.64995148349948,-33.995039129718435,0.1361973760134072,37.04300350243569,40.28800316351938,5.860964036949451,37.04300350243568,40.28800316351937,5.86096403694945,nan,-32.64995148349948,nan,-33.995039129718435,False,6.429659029323914,e0240f6a8bf4a29e,,-6.056883844631955,-6.330872905265977,0.0004911242755518685,tone,-14.784284403807609,8,-6.12714151843625,-9.471941651587244,1.005982058194644,0.9947090475615765,0.0,,,,,,,
108,110160,0,8,5229,5.909790024620223,4.050635062554283,17.052221288593977,17.62248697974237,1.0334423112096156,0.997745877505267,0.0,-12.72624685670658,-12.72624685670658,-12.72624685670658,-12.839687784298,45.811366063125334,phase,36.980819739682836,42.110185843058275,5.850634508252964,36.812039832489745,41.22860427937997,5.822597978818895,36.98081973968284,42.11018584305827,5.8506345082529645,36.81203983248974,41.22860427937997,5.822597978818894,-35.12612597924815,-35.96185190434565,1.6607058389254568,36.980819739682836,42.110185843058275,5.850634508252964,36.98081973968284,42.11018584305827,5.8506345082529645,nan,-35.12612597924815,nan,-35.96185190434565,False,6.023307209547951,6377d9b88e6d02fe,,5.909790024620223,4.050635062554283,-0.002254122494733002,tone,-12.72624685670658,9,-4.071014879031648,-8.046678379508444,1.005585227006976,0.9951023183490743,0.0,,,,,,,
109,111180,0,8,3612,-8.686618874148127,-10.522782932265518,19.97239501750109,20.079318837676155,1.0053535802832545,1.001397368100109,0.0,-14.814766816664227,-14.814766816664227,-14.814766816664227,-14.866855947297518,161.3289632460881,phase,37.94548782037195,41.68844706898846,6.010878375477069,38.64758872417814,42.388468348729226,6.127506432587732,37.94548782037195,41.68844706898847,6.010878375477069,38.64758872417814,42.38846834872922,6.127506432587732,-32.86886996480454,-34.69371481574731,1.3179403043046998,37.94548782037195,41.68844706898846,6.010878375477069,37.94548782037195,41.68844706898847,6.010878375477069,nan,-32.86886996480454,nan,-34.69371481574731,False,7.144537113798264,4fda48236e28bc9d,,-8.686618874148127,-10.522782932265518,0.001397368100108931,tone,-14.814766816664227,10,-7.0944449417435305,-11.747779219473497,1.005831132232654,0.9948593161712649,0.0,,,,,,,
110,112200,0,8,889,-0.3670086764589193,0.009250487415372183,19.030161952531973,18.9897958013516,0.997878833018812,1.0023384874434984,0.0,-20.09686375493609,-20.09686375493609,-20.09686375493609,-20.206664896572303,130.42282709509033,phase,37.601100374398676,43.08638349421681,5.953671158537987,37.356356459407294,41.3907172985505,5.9130160231573585,37.60110037439868,43.08638349421682,5.953671158537988,37.356356459407294,41.39071729855048,5.9130160231573585,-30.7809139045084,-31.82796915664771,-0.7282364520383997,37.601100374398676,43.08638349421681,5.953671158537987,37.60110037439868,43.08638349421682,5.953671158537988,nan,-30.7809139045084,nan,-31.82796915664771,False,7.511055433915634,ebfb099840d8fe6c,,-0.3670086764589193,0.009250487415372183,0.002338487443498405,tone,-20.09686375493609,11,-7.222153294213684,-11.744524819034407,1.00624275384043,0.994453134468766,0.0,,,,,,,
111,113220,0,8,2088,5.31806169967078,6.179302151289308,17.49996404766703,17.815254959855316,1.0180166605673866,0.9936107959426512,0.0,-13.97362825498404,-13.97362825498404,-13.97362825498404,-14.833205314285696,80.27617348285678,phase,37.043672648062,41.116535831560995,5.861075190707974,37.28812418835031,41.604093900803775,5.901681758862178,37.043672648062,41.11653583156099,5.861075190707974,37.288124188350324,41.604093900803804,5.901681758862181,-34.76846510444934,-34.56804729703518,-0.649386500083331,37.043672648062,41.116535831560995,5.861075190707974,37.043672648062,41.11653583156099,5.861075190707974,nan,-34.76846510444934,nan,-34.56804729703518,False,7.69776976551312,1e506991b06d163e,,5.31806169967078,6.179302151289308,-0.006389204057348774,tone,-13.97362825498404,12,-5.372379382520064,-9.569705636523011,1.0051176630404648,0.9955721930627535,0.0,,,,,,,
112,114240,0,8,4297,3.324360048025069,4.702967391881258,17.37797916777208,17.623824294064082,1.014146934112335,1.0016304790493011,0.0,-13.781171376365627,-13.781171376365627,-13.781171376365627,-13.853796714753061,191.83074658007865,phase,37.42264883777023,41.78879259332695,5.924028046141236,36.82919092522431,41.09131235434782,5.825446997545567,37.422648837770225,41.78879259332695,5.924028046141234,36.82919092522432,41.09131235434784,5.825446997545568,-33.692241478439776,-35.07297042588218,-1.5049130653048772,37.42264883777023,41.78879259332695,5.924028046141236,37.422648837770225,41.78879259332695,5.924028046141234,nan,-33.692241478439776,nan,-35.07297042588218,False,6.607982181803866,a9624c5f903de52f,,3.324360048025069,4.702967391881258,0.0016304790493011367,tone,-13.781171376365627,13,-4.214777581663111,-7.916346293395309,1.005404457116507,0.9952885850491782,0.0,,,,,,,
113,115260,0,8,2489,-10.251477378491234,-9.088247264994592,17.667963372387895,17.651413009538395,0.9990632557640817,0.9993405195426807,0.0,-12.87763538144021,-12.87763538144021,-12.87763538144021,-12.884148999588936,200.33092419588857,phase,37.02515109338047,41.55726879523158,5.857998520495096,37.11451805030796,41.75931256653484,5.8728435299514885,37.025151093380465,41.55726879523155,5.857998520495094,37.11451805030796,41.75931256653484,5.8728435299514885,-34.31713233853155,-35.4088617882085,-1.1928931687729776,37.02515109338047,41.55726879523158,5.857998520495096,37.025151093380465,41.55726879523155,5.857998520495094,nan,-34.31713233853155,nan,-35.4088617882085,False,7.343095970379963,b0fb62c1f77f7e91,,-10.251477378491234,-9.088247264994592,-0.0006594804573193391,tone,-12.87763538144021,14,-7.78350761570567,-11.112290254302824,1.0052884243130524,0.9954035261905805,0.0,,,,,,,
114,116280,0,7,1229,-0.47433596110421605,0.604726232970211,18.857510690438342,18.1935444941533,0.9647903582193537,1.0003766133824301,0.0,-13.70150939566106,-13.70150939566106,-13.70150939566106,-13.70711407628662,-34.42204961926402,phase,37.80291455557418,43.04103392879695,5.987195108899367,37.140665027368456,41.751703197708935,5.877186881622668,37.802914555574176,43.04103392879693,5.987195108899366,37.14066502736847,41.75170319770895,5.87718688162267,-33.51779833762778,-34.818012643159115,-0.16563389187629207,37.80291455557418,43.04103392879695,5.987195108899367,37.802914555574176,43.04103392879693,5.987195108899366,nan,-33.51779833762778,nan,-34.818012643159115,False,8.051661096557602,7d552c68af11db23,,-0.47433596110421605,0.604726232970211,0.0003766133824301132,tone,-13.70150939566106,15,-7.9486518493119815,-10.899658717473155,1.0053546802009672,0.9953379464882198,0.0,,,,,,,
115,117300,0,8,505,5.42618162960792,5.172285861971204,17.769372242093304,17.7936155384036,1.0013643304884383,0.9978686424520777,0.0,-12.883390119044366,-12.883390119044366,-12.883390119044366,-12.98162967797701,-5.571690696868359,phase,37.25144450447486,41.951196986559054,5.895588788118748,37.255942223649946,41.90968959040919,5.896335917549826,37.25144450447487,41.95119698655907,5.89558878811875,37.25594222364995,41.9096895904092,5.896335917549827,-34.894732042821104,-35.92254745450556,-0.03414598137090419,37.25144450447486,41.951196986559054,5.895588788118748,37.25144450447487,41.95119698655907,5.89558878811875,nan,-34.894732042821104,nan,-35.92254745450556,False,7.078029944178782,02fdae3d0e7aa819,,5.42618162960792,5.172285861971204,-0.0021313575479222635,tone,-12.883390119044366,16,-6.059603528590845,-9.080879419369356,1.0049796954009198,0.9957099881248419,0.0,,,,,,,
116,118320,0,8,3004,-5.864871104437092,-6.902406976716408,17.250698460723658,17.71060347144379,1.0266600805623751,1.0014563773316947,0.0,-13.139000224572673,-13.139000224572673,-13.139000224572673,-13.199921291115048,52.61391092552833,phase,37.56146597419708,41.78710856899254,5.947087371129084,37.58503243210319,41.36360231040719,5.951002065133421,37.561465974197084,41.78710856899254,5.947087371129085,37.5850324321032,41.363602310407195,5.951002065133422,-33.94087981370264,-35.34496685588466,0.16003286507920134,37.56146597419708,41.78710856899254,5.947087371129084,37.561465974197084,41.78710856899254,5.947087371129085,nan,-33.94087981370264,nan,-35.34496685588466,False,5.546809223364435,bbead0569a88a31e,align_margin=5.5,,,,,,,,,,,,,,,,,,
116,118320,0,7,6713,8.098520099297494,8.396264220621447,18.61384037527428,18.117249811185197,0.9733214342619629,1.0028831231283892,0.0,-15.957691163743414,-15.957691163743414,-15.957691163743414,-16.143489614961307,-83.23757483554236,phase,37.13642210295146,42.36223628635504,5.876482076902236,37.17974664624563,42.13431107903163,5.8836788448913016,37.13642210295146,42.36223628635504,5.876482076902236,37.17974664624564,42.13431107903163,5.883678844891303,-32.38479958238277,-33.869152399210435,0.19478318179899112,37.13642210295146,42.36223628635504,5.876482076902236,37.13642210295146,42.36223628635504,5.876482076902236,nan,-32.38479958238277,nan,-33.869152399210435,False,6.2045780973756495,1dc41a6fcb2f2948,,8.098520099297494,8.396264220621447,0.002883123128389231,tone,-15.957691163743414,17,-3.2391664115769,-6.129525599215597,1.0054867544365098,0.9952090503533289,0.0,,,,,,,
117,119340,0,7,7109,1.1788754913188861,0.38281421206710364,17.75959403796547,18.10713199110476,1.0195690257556758,1.0026603832930212,0.0,-19.712882486407597,-19.712882486407597,-19.712882486407597,-19.852298155971013,-54.75360432051948,phase,37.53734131757647,42.239706131290156,5.943079953085793,37.57091667135195,41.86470696203618,5.948657254377402,37.537341317576455,42.239706131290156,5.943079953085791,37.570916671351945,41.86470696203617,5.9486572543774,-31.248339789326263,-32.343452240646776,1.2086476619919881,37.53734131757647,42.239706131290156,5.943079953085793,37.537341317576455,42.239706131290156,5.943079953085791,nan,-31.248339789326263,nan,-32.343452240646776,False,6.1694186900458625,6cf7a08d9d6f67db,,1.1788754913188861,0.38281421206710364,0.002660383293021207,tone,-19.712882486407597,18,-2.8288115062128396,-5.994895619538546,1.0059548759650099,0.994746943167706,0.0,,,,,,,
118,120360,0,8,5366,-5.099715441855082,-4.395036540777921,17.697799636377876,18.43315670107455,1.0415507622306417,0.9947146995552852,0.0,-13.677227092812107,-13.677227092812107,-13.677227092812107,-14.276981803205793,278.74993604326824,phase,29.251125862479533,31.208691958240685,4.56663220306969,29.038245877170134,30.936765959035807,4.531270079264142,29.251125862479533,31.208691958240685,4.56663220306969,29.03824587717013,30.936765959035803,4.531270079264141,-34.58082009277077,-34.785939043050845,0.06485184634038443,29.251125862479533,31.208691958240685,4.56663220306969,29.251125862479533,31.208691958240685,4.56663220306969,nan,-34.58082009277077,nan,-34.785939043050845,False,6.160421472515976,ddfc62bd8f231b13,,-5.099715441855082,-4.395036540777921,-0.005285300444714758,tone,-13.677227092812107,19,-4.603145969214501,-7.541281662579579,1.005024440558182,0.9956719007269984,0.0,,,,,,,
119,121380,0,8,7169,-2.9581493163252053,-2.37016375423876,17.445433776265045,17.44893059846642,1.00020044340807,0.9946341964157214,0.0,-14.824811497788529,-14.824811497788529,-14.824811497788529,-15.392970437814252,89.74189509939899,phase,37.02083638629267,41.54937855497845,5.857281791742969,37.01578033609986,41.06549079519216,5.856441916295658,37.02083638629267,41.54937855497845,5.857281791742969,37.015780336099866,41.06549079519219,5.856441916295659,-34.45974361359356,-34.08968395134903,-0.45469737016355305,37.02083638629267,41.54937855497845,5.857281791742969,37.02083638629267,41.54937855497845,5.857281791742969,nan,-34.45974361359356,nan,-34.08968395134903,False,6.199354865646579,2caf88f2d665ac21,,-2.9581493163252053,-2.37016375423876,-0.005365803584278628,tone,-14.824811497788529,20,-5.633322170838808,-8.374444990155519,1.004080706902731,0.9966118960315679,0.0,18,-15.478110728168522,0.6230792962485927,-15.478110728168522,move+1:OK,1,30
120,122400,0,7,6977,-1.0398761323909593,-0.6053598130866686,17.146178846851825,17.737299071035768,1.034475332927749,1.0013627582694775,0.0,-15.162371789708809,-15.162371789708809,-15.162371789708809,-15.21102433384698,12.131644148101538,phase,37.36858614176838,41.81350140087047,5.915047531855214,37.826021787172174,42.046666545320505,5.991033519463817,37.368586141768375,41.81350140087045,5.915047531855213,37.82602178717216,42.046666545320484,5.991033519463815,-33.30154562047102,-34.17698191692633,-0.37476735414601914,37.36858614176838,41.81350140087047,5.915047531855214,37.368586141768375,41.81350140087045,5.915047531855213,nan,-33.30154562047102,nan,-34.17698191692633,False,6.259705870909843,191950b927905e82,,-1.0398761323909593,-0.6053598130866686,0.0013627582694775153,tone,-15.162371789708809,1,-5.995799652812868,-8.587041222875605,1.0043201627778782,0.9963745447909479,0.0,,,,,,,
121,123420,0,7,729,-1.0391755660418742,-0.8898993889671698,18.34680874430336,18.48016863833939,1.0072688332829238,1.0002375964519397,0.0,-13.671461822252418,-13.671461822252418,-13.671461822252418,-13.67456247120166,32.864620173032385,phase,37.44792771364342,42.8836495257098,5.92822719495738,37.3537375793775,42.916090299473666,5.912580993252077,37.44792771364342,42.88364952570981,5.92822719495738,37.353737579377515,42.91609029947367,5.91258099325208,-34.327773805177905,-35.234626400599566,-0.30330539637891407,37.44792771364342,42.8836495257098,5.92822719495738,37.44792771364342,42.88364952570981,5.92822719495738,nan,-34.327773805177905,nan,-35.234626400599566,False,6.145025274689194,bd039705764d3c5d,,-1.0391755660418742,-0.8898993889671698,0.00023759645193965895,tone,-13.671461822252418,2,-6.357946567307401,-8.899639319411541,1.0043619217866535,0.9963331259969934,0.0,,,,,,,
122,124440,0,7,1913,2.604310074806647,1.1824126214089081,18.05215279579,17.769725329081773,0.9843549149011139,0.9913533451237608,0.0,-13.711617722347283,-13.711617722347283,-13.711617722347283,-15.298690099201803,176.23752009626514,phase,37.19018785680661,41.69356521301285,5.885413265250268,37.28415248622302,41.88203268123887,5.901022007678243,37.19018785680661,41.69356521301283,5.885413265250268,37.28415248622301,41.88203268123887,5.901022007678241,-35.41781944333505,-34.424434617312244,1.460613577006243,37.19018785680661,41.69356521301285,5.885413265250268,37.19018785680661,41.69356521301283,5.885413265250268,nan,-35.41781944333505,nan,-34.424434617312244,False,8.030190421779146,0ec5bb5a2307cfc9,,2.604310074806647,1.1824126214089081,-0.008646654876239168,tone,-13.711617722347283,3,-5.4503967026521885,-8.48427180156554,1.0028421568776615,0.9978538915512847,0.0,,,,,,,
123,125460,0,7,2001,6.615588968406232,6.938006189632096,17.70743899400118,18.083888340508505,1.0212593897194764,0.9986664170679598,0.0,-9.384834988930843,-9.384834988930843,-9.384834988930843,-9.438897166536302,-61.34080740920649,phase,37.22426092248914,41.481760786003306,5.891073242938395,36.94886286249871,41.66433720270378,5.845326056893474,37.22426092248913,41.481760786003306,5.891073242938394,36.9488628624987,41.66433720270376,5.845326056893472,-38.64616754117101,-38.98770610858152,-0.17775804121543626,37.22426092248914,41.481760786003306,5.891073242938395,37.22426092248913,41.481760786003306,5.891073242938394,nan,-38.64616754117101,nan,-38.98770610858152,False,7.246449622675214,fdf9a2da95842794,,6.615588968406232,6.938006189632096,-0.0013335829320402226,tone,-9.384834988930843,4,-3.1415028023884326,-6.050747027115703,1.0026081165704714,0.9980870786863953,0.0,,,,,,,
124,126480,0,7,1266,-9.309821036170934,-10.401166357910116,18.57046929675104,18.63682333276318,1.0035730941933572,0.9940655740000722,0.0,-14.571597026974079,-14.571597026974079,-14.571597026974079,-15.281325070842527,-111.24497181766559,phase,29.74858300513887,30.81956863649357,4.6492662799234,29.445987869826602,30.567604290869518,4.599001307280167,29.748583005138865,30.819568636493564,4.6492662799234,29.44598786982661,30.567604290869525,4.599001307280168,-35.004728314356,-34.54528004869788,0.4806085454704636,29.74858300513887,30.81956863649357,4.6492662799234,29.748583005138865,30.819568636493564,4.6492662799234,nan,-35.004728314356,nan,-34.54528004869788,False,6.567332687266072,7e6d4dd54d32b6da,,-9.309821036170934,-10.401166357910116,-0.005934425999927773,tone,-14.571597026974079,5,-6.391463887688301,-9.698132413629034,1.0015668834273963,0.9991298046004112,0.0,,,,,,,
125,127500,0,7,5125,2.4121420376695237,3.7778134047283287,16.953833984150137,16.974304173716448,1.0012074076922923,1.0053677739492781,0.0,-12.895259749717187,-12.895259749717187,-12.895259749717187,-13.62134534732736,-93.9857929197188,phase,36.67091770185315,41.60028416023177,5.799155764427434,37.601576973890545,42.52204720802724,5.9537503278887955,36.67091770185314,41.60028416023178,5.799155764427433,37.601576973890545,42.52204720802723,5.9537503278887955,-35.100804596115324,-35.57849138985044,-0.568183123298355,36.67091770185315,41.60028416023177,5.799155764427434,36.67091770185314,41.60028416023178,5.799155764427433,nan,-35.100804596115324,nan,-35.57849138985044,False,6.105036026403563,04266e8059b479bd,,2.4121420376695237,3.7778134047283287,0.005367773949278121,tone,-12.895259749717187,6,-5.54853494589334,-8.37474611730718,1.0025077157368274,0.9981962725753071,0.0,,,,,,,
126,128520,0,8,4844,4.653446086190696,3.437574256591141,19.26938531481827,19.757592083756833,1.0253358766230665,1.0039612876301713,0.0,-13.024108373942289,-13.024108373942289,-13.024108373942289,-13.427149930262596,37.247595980986695,phase,38.05263441923443,42.098915005873266,6.028676813826318,37.72270754526741,41.72981347948716,5.973871685260368,38.05263441923444,42.09891500587328,6.028676813826319,37.72270754526741,41.72981347948714,5.973871685260368,-34.463193731026955,-35.12925294263065,0.914518199850006,38.05263441923443,42.098915005873266,6.028676813826318,38.05263441923444,42.09891500587328,6.028676813826319,nan,-34.463193731026955,nan,-35.12925294263065,False,7.197471814969915,d1a7256cc2823432,,4.653446086190696,3.437574256591141,0.0039612876301713396,tone,-13.024108373942289,7,-3.9239029309969053,-7.169421049620024,1.00320267948419,0.9975070279258796,0.0,,,,,,,
127,129540,0,8,1200,0.7292043154983354,0.12273825905662783,17.850569455870662,18.33183897879758,1.026961017916918,1.0024844023660864,0.0,-14.787265550580377,-14.787265550580377,-14.787265550580377,-14.93960191701257,-20.304892448667836,phase,37.725269447830726,41.13855444860179,5.974297250470221,37.78843098551664,41.786955693491976,5.984789200251934,37.725269447830726,41.13855444860179,5.974297250470221,37.78843098551664,41.78695569349198,5.984789200251934,-33.31425647434573,-33.94655770029693,-0.25126054004021803,37.725269447830726,41.13855444860179,5.974297250470221,37.725269447830726,41.13855444860179,5.974297250470221,nan,-33.31425647434573,nan,-33.94655770029693,False,7.824825393641214,36dffe9b073fcf7c,,0.7292043154983354,0.12273825905662783,0.00248440236608638,tone,-14.787265550580377,8,-3.6694962037783907,-7.12635529723215,1.0036388423285407,0.9970744161640003,0.0,,,,,,,
128,130560,0,7,1249,2.657050979056311,3.036828727341617,18.51562340510917,18.953912632626466,1.0236713189681939,1.0018938590292725,0.0,-15.596847262951163,-15.596847262951163,-15.596847262951163,-15.684999397764516,44.03497045325995,phase,37.64001770346735,42.607004041557104,5.960135831140756,37.503357531454085,42.34549187250395,5.937434805889383,37.64001770346736,42.607004041557104,5.960135831140758,37.50335753145409,42.34549187250397,5.937434805889385,-33.65661935807338,-34.51420098603685,-0.026213740584803635,37.64001770346735,42.607004041557104,5.960135831140756,37.64001770346736,42.607004041557104,5.960135831140758,nan,-33.65661935807338,nan,-34.51420098603685,False,7.361011443206461,2774f410c6261f45,,2.657050979056311,3.036828727341617,0.0018938590292725266,tone,-15.596847262951163,9,-2.7429000982389797,-6.060346544687104,1.0039714736631835,0.996744585100005,0.0,,,,,,,
129,131580,0,8,2832,4.84132411805,4.903000609247288,18.49438742655028,18.361987950897582,0.9928410997023548,0.9919728689541246,0.0,-14.08935279533111,-14.08935279533111,-14.08935279533111,-15.426521192731444,-129.264284830496,phase,37.66695239987831,41.462947389346496,5.964610033202378,37.03262270347051,41.3594752971529,5.859239651739288,37.666952399878305,41.46294738934648,5.964610033202377,37.03262270347051,41.35947529715289,5.859239651739288,-35.190217680875165,-34.36782051614013,-0.16316399644272206,37.66695239987831,41.462947389346496,5.964610033202378,37.666952399878305,41.46294738934648,5.964610033202377,nan,-35.190217680875165,nan,-34.36782051614013,False,6.505833680301926,0a91a4a5d97f4f27,,4.84132411805,4.903000609247288,-0.00802713104587538,tone,-14.08935279533111,10,-1.0551395534747712,-4.338691630389901,1.002561146810736,0.9981560903331597,0.0,,,,,,,
130,132600,0,8,2505,0.9181401609353457,0.386206624337833,17.3408015437715,17.650916445241737,1.017883539044458,0.996454825311637,0.0,-12.137532808570917,-12.137532808570917,-12.137532808570917,-12.442076756471282,-80.80589619524814,phase,36.91315530846837,41.17438715237216,5.8393945695130185,36.946851066573785,41.83078991691326,5.844991871523885,36.91315530846836,41.17438715237215,5.839394569513018,36.94685106657377,41.83078991691326,5.844991871523883,-36.29263332776337,-36.158136272458606,0.6626646820575095,36.91315530846837,41.17438715237216,5.8393945695130185,36.91315530846836,41.17438715237215,5.839394569513018,nan,-36.29263332776337,nan,-36.158136272458606,False,6.998013906974329,4fa84786694b9eb8,,0.9181401609353457,0.386206624337833,-0.0035451746883630175,tone,-12.137532808570917,11,-0.734611416762492,-4.203269605891584,1.0019391522905243,0.9987775551330729,0.0,,,,,,,
131,133620,0,8,1316,-8.135540380466399,-8.752641876423725,17.281924990484924,17.40203396358453,1.0069499765313028,1.0011194503344187,0.0,-9.890254841056949,-9.890254841056949,-9.890254841056949,-9.93637605678774,-243.55022361026167,phase,37.46787271772202,40.59249649001946,5.931540318558476,37.31173359785857,40.96446084012089,5.905603587684149,37.46787271772203,40.59249649001946,5.931540318558477,37.31173359785855,40.964460840120864,5.905603587684145,-37.848619624939396,-38.17881674061435,0.7171299234513278,37.46787271772202,40.59249649001946,5.931540318558476,37.46787271772203,40.59249649001946,5.931540318558477,nan,-37.848619624939396,nan,-38.17881674061435,False,7.057566905921149,5e0d898622b22e0e,,-8.135540380466399,-8.752641876423725,0.0011194503344187368,tone,-9.890254841056949,12,-3.5765396183441283,-7.270443713884175,1.0021354359863666,0.9985821095977246,0.0,,,,,,,
132,134640,0,7,4889,3.3336869100559543,2.3555514341903154,16.877532427354648,17.55011727143473,1.039850899233941,1.0052111672778752,0.0,-14.942282032449398,-14.942282032449398,-14.942282032449398,-15.549951309427575,142.8766950391218,phase,36.87614328822505,41.2778753403843,5.833246393392867,37.20529507288287,41.731809344632936,5.8879227695818726,36.87614328822506,41.27787534038431,5.8332463933928675,37.205295072882855,41.731809344632936,5.88792276958187,-33.441223092922804,-33.98685131028431,0.9192312578321639,36.87614328822505,41.2778753403843,5.833246393392867,36.87614328822506,41.27787534038431,5.8332463933928675,nan,-33.441223092922804,nan,-33.98685131028431,False,5.674939460493682,f47d755efc3b37d0,align_margin=5.7,,,,,,,,,,,,,,,,,,
132,134640,0,8,7453,-7.424002769311333,-7.039547809818366,17.9700102951312,18.3470532512253,1.020981788541115,1.004638197134513,0.0,-14.454713992980858,-14.454713992980858,-14.454713992980858,-14.953491572088238,-23.787394583567774,phase,37.259130609479044,41.56817983912768,5.89686554974735,37.64760278065627,42.54998320919893,5.961395810740245,37.25913060947904,41.568179839127666,5.896865549747349,37.64760278065627,42.549983209198956,5.961395810740245,-34.09322188149715,-34.704326560918425,-0.47597897700269254,37.259130609479044,41.56817983912768,5.89686554974735,37.25913060947904,41.568179839127666,5.896865549747349,nan,-34.09322188149715,nan,-34.704326560918425,False,7.215179257186893,b4d047c3d8b6a73c,,-7.424002769311333,-7.039547809818366,0.004638197134513078,tone,-14.454713992980858,13,-6.169403692351702,-9.73778386524036,1.0029488537851943,0.9977753180371495,0.0,,,,,,,
133,135660,0,7,2681,1.9257462285233524,1.7223098622337196,17.3444867358086,17.50713887569368,1.0093777430466868,0.9981110762600414,0.0,-10.930507795248051,-10.930507795248051,-10.930507795248051,-11.023916114026427,133.92480980646664,phase,37.188019278172696,41.8498852497877,5.885053036241312,37.12909323878,42.518320931568525,5.875264657604652,37.18801927817269,41.849885249787675,5.885053036241311,37.12909323878,42.51832093156854,5.875264657604652,-36.92763235287879,-37.22621283003554,0.434906716709595,37.188019278172696,41.8498852497877,5.885053036241312,37.18801927817269,41.849885249787675,5.885053036241311,nan,-36.92763235287879,nan,-37.22621283003554,False,6.366752045583111,4b26bfd69ee7ef88,,1.9257462285233524,1.7223098622337196,-0.0018889237399586367,tone,-10.930507795248051,14,-5.49737422899531,-9.133631366291334,1.0026173173527153,0.9981057684928025,0.0,,,,,,,
134,136680,0,7,2928,8.854993314269121,8.809602639182685,17.296819225767113,17.157809676103128,0.9919632882873111,0.9952291905395056,0.0,-12.66184139343872,-12.66184139343872,-12.66184139343872,-13.193423555778761,-100.44172788384824,phase,37.152589726678286,40.63492967944885,5.879167728684101,37.40826687368363,41.067054317341146,5.921639015562065,37.1525897266783,40.63492967944886,5.879167728684104,37.40826687368364,41.06705431734119,5.921639015562067,-35.923172535188314,-35.63128221404101,-0.3146441181707811,37.152589726678286,40.63492967944885,5.879167728684101,37.1525897266783,40.63492967944886,5.879167728684104,nan,-35.923172535188314,nan,-35.63128221404101,False,5.731759663237129,057d4815c428e238,align_margin=5.7,,,,,,,,,,,,,,,,,,
134,136680,0,8,882,2.119135576856985,2.667845895637706,16.67282480235208,16.6585540780679,0.9991440727979002,0.9945390727611867,0.0,-13.422708200309048,-13.422708200309048,-13.422708200309048,-14.077941720457932,1.8299419166727224,phase,30.075363994895707,31.302858654999195,4.7035488363614135,29.981036913018656,31.29619734171097,4.687879885883498,30.075363994895703,31.30285865499919,4.703548836361413,29.981036913018656,31.296197341710972,4.687879885883498,-35.46645729423738,-34.97944556783296,-0.5792952371294309,30.075363994895707,31.302858654999195,4.7035488363614135,30.075363994895703,31.30285865499919,4.703548836361413,nan,-35.46645729423738,nan,-34.97944556783296,False,6.383612845400761,6a6aaefb2d1c5168,,2.119135576856985,2.667845895637706,-0.005460927238813307,tone,-13.422708200309048,15,-4.757612967083034,-8.198113214860141,1.0016591538144888,0.9990648580322091,0.0,,,,,,,
135,137700,0,7,2537,-3.5841192648151323,-5.186446705417239,18.222950238109195,19.063473017635477,1.046124407329419,1.005809332271112,0.0,-15.363333716718055,-15.363333716718055,-15.363333716718055,-16.08945483454645,145.5111066775863,phase,37.13115318594219,41.6804685242882,5.875606841518636,37.27011641759259,41.79999978887163,5.898690434816046,37.13115318594219,41.68046852428819,5.875606841518636,37.27011641759259,41.79999978887164,5.898690434816046,-33.43543066701333,-33.83445060391484,1.38272522665785,37.13115318594219,41.6804685242882,5.875606841518636,37.13115318594219,41.68046852428819,5.875606841518636,nan,-33.43543066701333,nan,-33.83445060391484,False,6.808856195481334,673e2be923e173e5,,-3.5841192648151323,-5.186446705417239,0.005809332271111911,tone,-15.363333716718055,16,-6.009976845462389,-10.015068673058742,1.002677473712698,0.9980550419383087,0.0,,,,,,,
136,138720,0,7,6989,-4.415268822688044,-2.4115116280422355,17.470402804444294,18.00034787882726,1.0303338784065215,0.9984607678758026,0.0,-10.913732244875648,-10.913732244875648,-10.913732244875648,-10.975059359841213,217.37202284137643,phase,37.329463242256004,41.70239174030897,5.908548711338208,37.25102321788303,42.24247188561071,5.895518806957315,37.329463242256004,41.70239174030896,5.908548711338208,37.25102321788302,42.242471885610684,5.895518806957313,-37.04203741724672,-37.322561417732075,-1.4879647176665232,37.329463242256004,41.70239174030897,5.908548711338208,37.329463242256004,41.70239174030896,5.908548711338208,nan,-37.04203741724672,nan,-37.322561417732075,False,6.570060412311131,77453bbd60289641,,-4.415268822688044,-2.4115116280422355,-0.001539232124197376,tone,-10.913732244875648,17,-7.551194364011739,-10.860742543084593,1.0024073868715921,0.9983242981029439,0.0,,,,,,,
137,139740,0,8,6780,2.368005805319494,1.725303032133143,18.971802741460873,19.400846943456322,1.0226148357034,0.9980839635101368,0.0,-10.991791185956986,-10.991791185956986,-10.991791185956986,-11.087850667740469,167.8026408698517,phase,37.93077406602234,41.8982809106565,6.008434230236269,37.97772215229052,42.1456227145364,6.0162329156628775,37.93077406602233,41.898280910656496,6.0084342302362685,37.97772215229053,42.145622714536415,6.01623291566288,-36.812444540692766,-36.964343606172044,0.38334250594969,37.93077406602234,41.8982809106565,6.008434230236269,37.93077406602233,41.898280910656496,6.0084342302362685,nan,-36.812444540692766,nan,-36.964343606172044,False,7.010327096970783,39c16df94ace7342,,2.368005805319494,1.725303032133143,-0.0019160364898631599,tone,-10.991791185956986,18,-6.724382787484528,-10.25587290063066,1.0020712732736752,0.9986596852290952,0.0,,,,,,,
138,140760,0,7,593,1.62779059655734,1.434303703512759,20.082476870394967,19.780869511308797,0.9849815657185798,1.0017409453544153,0.0,-9.909838553382459,-9.909838553382459,-9.909838553382459,-10.01527223931113,214.28955986341802,phase,37.87927733619596,42.984028795611835,5.999879956178732,37.6388244477191,43.77097131319751,5.959937615900184,37.87927733619597,42.98402879561181,5.9998799561787335,37.63882444771911,43.77097131319752,5.959937615900185,-37.392421692070485,-37.99294486784647,-0.21431658750585791,37.87927733619596,42.984028795611835,5.999879956178732,37.87927733619597,42.98402879561181,5.9998799561787335,nan,-37.392421692070485,nan,-37.99294486784647,False,6.575913914228829,5577422ff2bb0c16,,1.62779059655734,1.434303703512759,0.0017409453544152687,tone,-9.909838553382459,19,-6.155833699220752,-9.753192854910877,1.002376569756075,0.998355956914057,0.0,,,,,,,
139,141780,0,7,2297,-0.41948681897838996,-0.23697569335119084,16.847984038289646,17.173685174337066,1.0193317571590295,1.002711809173977,0.0,-10.892041550576344,-10.892041550576344,-10.892041550576344,-11.118443757968938,-102.15146827862536,phase,37.14765201329656,42.43381336994471,5.878347510514379,37.16103349235807,41.52066608340185,5.880570347567787,37.14765201329656,42.433813369944716,5.878347510514379,37.16103349235808,41.52066608340185,5.880570347567788,-35.93242583001405,-36.636675186240346,0.013779906990635929,37.14765201329656,42.43381336994471,5.878347510514379,37.14765201329656,42.433813369944716,5.878347510514379,nan,-35.93242583001405,nan,-36.636675186240346,False,7.663178799912199,e8eccf74c7f377d5,,-0.41948681897838996,-0.23697569335119084,0.0027118091739770644,tone,-10.892041550576344,20,-6.302305984260459,-9.836270931521238,1.0028522642021627,0.9978834518600975,0.0,18,-12.655937041395987,0.48670085146412395,-12.655937041395987,move+1:OK,1,31
140,142800,0,8,3941,-3.0167020868963896,-2.985843094436209,16.22826691729689,17.150951457192058,1.0568566282892307,0.9990381038663173,0.0,-11.397692698587306,-11.397692698587306,-11.397692698587306,-11.418811756333426,261.8970086232153,phase,37.189775739674,41.71255518988217,5.885344807254818,36.800186757418594,41.01310731886781,5.820629029471528,37.18977573967401,41.71255518988218,5.88534480725482,36.80018675741859,41.01310731886781,5.820629029471527,-36.669394385062894,-36.813937942828694,-0.03902779195268624,37.189775739674,41.71255518988217,5.885344807254818,37.18977573967401,41.71255518988218,5.88534480725482,nan,-36.669394385062894,nan,-36.813937942828694,False,5.87598054074529,427aefe04dd86680,align_margin=5.9,,,,,,,,,,,,,,,,,,
140,142800,0,8,4968,-0.5792558747893854,0.19352183320873134,17.036200705680656,17.37688024921199,1.0199973896420307,0.9962456354864727,0.0,-7.447392012754261,-7.447392012754261,-7.447392012754261,-8.015499591276399,68.85666468540592,phase,37.32537830849067,40.98601619681827,5.907870150912072,37.18866626359699,41.57874221506545,5.885160508903156,37.32537830849067,40.986016196818284,5.907870150912072,37.18866626359699,41.57874221506545,5.885160508903156,-40.40579966617862,-39.84887899328903,-0.6287777567592574,37.32537830849067,40.98601619681827,5.907870150912072,37.32537830849067,40.986016196818284,5.907870150912072,nan,-40.40579966617862,nan,-39.84887899328903,False,6.503070317573196,ae866706c1e37a0d,,-0.5792558747893854,0.19352183320873134,-0.0037543645135272863,tone,-7.447392012754261,1,-6.504468918336874,-9.768394626430899,1.002193376435382,0.9985415457730835,0.0,,,,,,,
141,143820,0,8,6605,3.993282672650217,3.4038540610201617,18.305601202704548,18.011803289673445,0.9839503816467008,0.996703755969227,0.0,-8.026009614211576,-8.026009614211576,-8.026009614211576,-8.433503437798526,506.3790284568011,phase,37.1952082122513,42.49647647451005,5.886247211337427,37.53964416549411,43.277954936089,5.943462485962478,37.1952082122513,42.49647647451006,5.886247211337427,37.5396441654941,43.27795493608899,5.943462485962477,-40.12832788573319,-39.749748269509624,0.5349677862584441,37.1952082122513,42.49647647451005,5.886247211337427,37.1952082122513,42.49647647451006,5.886247211337427,nan,-40.12832788573319,nan,-39.749748269509624,False,6.562724773983365,780a8ecbb453802c,,3.993282672650217,3.4038540610201617,-0.003296244030772999,tone,-8.026009614211576,2,-5.109878843915552,-8.575305639397616,1.0016152684967998,0.9991194521000676,0.0,,,,,,,
142,144840,0,8,6273,6.177811874583096,5.331743277653494,15.863025613139591,16.603943448547316,1.0467072205187649,1.0009866470576883,0.0,-11.80961881943314,-11.80961881943314,-11.80961881943314,-11.841172215520642,515.7561120361202,phase,36.840236564052965,41.610247004453186,5.827281821271257,37.33755043683411,42.089785760386064,5.909892099141879,36.84023656405298,41.61024700445323,5.82728182127126,37.33755043683412,42.08978576038609,5.9098920991418815,-36.45399324045532,-36.74948744726869,0.9221304837280737,36.840236564052965,41.610247004453186,5.827281821271257,36.84023656405298,41.61024700445323,5.82728182127126,nan,-36.45399324045532,nan,-36.74948744726869,False,5.868650389584949,82afc5207e2c4a87,align_margin=5.9,,,,,,,,,,,,,,,,,,
142,144840,0,8,6870,-8.365234783304373,-8.874691680539211,16.1951596413627,16.078812489822834,0.9928159305547867,1.001256716818884,0.0,-11.442711955251234,-11.442711955251234,-11.442711955251234,-11.493672138010378,645.5569894971023,phase,30.004791376217156,31.728879880624284,4.69182581000285,29.996831676810732,31.715682463475574,4.690503600799125,30.004791376217163,31.72887988062429,4.691825810002851,29.996831676810732,31.715682463475574,4.690503600799125,-36.68043396666408,-36.89946248928492,0.4888625253552119,30.004791376217156,31.728879880624284,4.69182581000285,30.004791376217163,31.72887988062429,4.691825810002851,nan,-36.68043396666408,nan,-36.89946248928492,False,5.1120390077297255,4db8621db6951bf4,align_margin=5.1,,,,,,,,,,,,,,,,,,
142,144840,0,8,5761,-0.4828945850826253,-1.0739469377863495,17.163309383866977,17.09802219586282,0.9961961189101722,0.9947077628664222,0.0,-10.018265517042195,-10.018265517042195,-10.018265517042195,-10.848084970732337,112.16015992163538,phase,36.83102125071073,41.14708664557792,5.825751038324042,37.08750925704861,41.47928558953658,5.868357019443291,36.83102125071073,41.14708664557793,5.825751038324042,37.08750925704861,41.47928558953658,5.868357019443291,-38.069722076585755,-37.47628452980215,0.028795328505679674,36.83102125071073,41.14708664557792,5.825751038324042,36.83102125071073,41.14708664557793,5.825751038324042,nan,-38.069722076585755,nan,-37.47628452980215,False,6.1455693877933175,b84257c1cfef2511,,-0.4828945850826253,-1.0739469377863495,-0.005292237133577848,tone,-10.018265517042195,3,-5.278619387410431,-8.951518340927098,1.0006876310312378,1.0000497011852443,0.0,,,,,,,
143,145860,0,8,7653,11.661003227225546,13.290013119906678,17.18017987133534,16.955643944281466,0.9869305252485449,0.9995714837954209,0.0,-7.622476442577465,-7.622476442577465,-7.622476442577465,-7.628761243058666,102.66934243975521,phase,36.76549020891572,40.57967672687298,5.814865483208592,37.2754948055065,42.2994898354204,5.899583854735299,36.76549020891572,40.57967672687297,5.814865483208592,37.27549480550651,42.29948983542043,5.899583854735302,-40.407219192143884,-40.41148322905609,-1.1260507816948095,36.76549020891572,40.57967672687298,5.814865483208592,36.76549020891572,40.57967672687297,5.814865483208592,nan,-40.407219192143884,nan,-40.41148322905609,False,6.568659370615389,9dd0a0028793e1a6,,11.661003227225546,13.290013119906678,-0.0004285162045790658,tone,-7.622476442577465,4,-1.2000727930820991,-4.3002449227615385,1.0006125891297546,1.0001247273981022,0.0,,,,,,,
144,146880,0,8,1964,-7.0526566140688125,-6.671916537843067,17.6634991376023,17.93777203859907,1.0155276652072236,0.997265261026542,0.0,-9.770041179484545,-9.770041179484545,-9.770041179484545,-9.998114071880963,45.617959072159834,phase,37.109673812690446,41.145974325232075,5.872038839317351,37.31867170256406,41.23085607488495,5.906756096771439,37.109673812690446,41.145974325232075,5.872038839317351,37.31867170256405,41.23085607488495,5.9067560967714385,-37.05880402357494,-37.004609903811684,-0.7153645379182345,37.109673812690446,41.145974325232075,5.872038839317351,37.109673812690446,41.145974325232075,5.872038839317351,nan,-37.05880402357494,nan,-37.004609903811684,False,7.796136467144362,4d9f0b7426174b13,,-7.0526566140688125,-6.671916537843067,-0.002734738973457995,tone,-9.770041179484545,5,-3.6669914004833,-6.635124487553613,1.0001337166369102,1.0006046789526324,0.0,,,,,,,
145,147900,0,8,1812,-5.756953443700945,-5.576962893648448,17.756623697342384,17.641643812044517,0.9935246763541496,0.9969981885741478,0.0,-11.475485890421352,-11.475485890421352,-11.475485890421352,-11.706029916288312,-50.00675823878873,phase,37.18149492936021,41.329102994489176,5.883969257368807,37.236200691213426,40.42222851536393,5.893056593224823,37.18149492936023,41.329102994489176,5.883969257368809,37.23620069121344,40.42222851536395,5.8930565932248244,-36.12216883654004,-36.19009840877061,-0.13455446842851337,37.18149492936021,41.329102994489176,5.883969257368807,37.18149492936023,41.329102994489176,5.883969257368809,nan,-36.12216883654004,nan,-36.19009840877061,False,7.483514117195326,6164f840a7a62808,,-5.756953443700945,-5.576962893648448,-0.0030018114258522077,tone,-11.475485890421352,6,-5.68165571164244,-8.585881918370463,0.9996083293937635,1.0011318962070679,0.0,,,,,,,
146,148920,0,8,3412,8.070303088302982,7.047120811416736,18.82387806139668,18.900295588340068,1.004059605926799,1.0046581107094397,0.0,-10.78001690317188,-10.78001690317188,-10.78001690317188,-11.426919346964226,-76.44114332782884,phase,37.72849108339187,42.082676928554946,5.97483240587905,37.50174424194128,42.143490071864434,5.937166817598221,37.728491083391866,42.082676928554946,5.974832405879048,37.501744241941296,42.14349007186448,5.937166817598222,-36.84114922915308,-36.606876452736905,0.7029113580038278,37.72849108339187,42.082676928554946,5.97483240587905,37.728491083391866,42.082676928554946,5.974832405879048,nan,-36.84114922915308,nan,-36.606876452736905,False,6.860195552263518,1a17855ceba9b4ba,,8.070303088302982,7.047120811416736,0.004658110709439667,tone,-10.78001690317188,7,-2.855942882079392,-6.122178291165578,1.0004231794900327,1.0003195879675033,0.0,,,,,,,
147,149940,0,8,2629,-10.376790088153328,-10.287996494981359,18.393914513081167,18.44291747841744,1.002664085738869,0.9971690605967922,0.0,-9.318140944789201,-9.318140944789201,-9.318140944789201,-9.575444044064222,-79.24822484070978,phase,37.05640654683718,41.758180124740264,5.863190456285246,37.48015412766554,42.6096316860453,5.933580419877998,37.05640654683718,41.75818012474028,5.863190456285246,37.48015412766554,42.6096316860453,5.933580419877998,-38.58107398641645,-38.56577194168874,-0.39152777202515665,37.05640654683718,41.758180124740264,5.863190456285246,37.05640654683718,41.75818012474028,5.863190456285246,nan,-38.58107398641645,nan,-38.56577194168874,False,7.1308638985581565,438ef5e9274efac3,,-10.376790088153328,-10.287996494981359,-0.0028309394032077773,tone,-9.318140944789201,8,-6.486283127399397,-9.721826660103098,0.99992755544526,1.0008165676107992,0.0,,,,,,,
148,150960,0,8,7824,5.252177896151314,6.864466621570022,18.327229618060432,18.39949157216423,1.00394287383362,0.9989152896442195,0.0,-9.941192823969804,-9.941192823969804,-9.941192823969804,-9.973359492898501,56.927671010598154,phase,37.59887119160394,42.04739381615195,5.953300862392682,37.91032782366498,42.257853327442646,6.005037844462621,37.598871191603955,42.047393816151974,5.953300862392684,37.91032782366497,42.25785332744262,6.0050378444626205,-38.186120953332306,-38.27265925113429,-0.9066790561804625,37.59887119160394,42.04739381615195,5.953300862392682,37.598871191603955,42.047393816151974,5.953300862392684,nan,-38.186120953332306,nan,-38.27265925113429,False,6.517442669555454,431b03b0a4cfb7fe,,5.252177896151314,6.864466621570022,-0.001084710355780505,tone,-9.941192823969804,9,-4.64788768200696,-7.321223597261092,0.9997377448847362,1.0010067532237497,0.0,,,,,,,
149,151980,0,8,6511,3.6868647911772765,1.869160752218722,17.184312293301996,18.225255670500506,1.0605752129868031,1.0044582699941507,0.0,-11.44746352709726,-11.44746352709726,-11.44746352709726,-12.01060541030792,204.26849499000602,phase,29.507652053594562,30.846783519386072,4.609244527175177,29.16277805231246,30.550084784954215,4.551956487095094,29.50765205359456,30.846783519386065,4.609244527175176,29.16277805231246,30.550084784954215,4.551956487095094,-36.11761194212857,-35.90615821104849,1.3155280103588387,29.507652053594562,30.846783519386072,4.609244527175177,29.50765205359456,30.846783519386065,4.609244527175176,nan,-36.11761194212857,nan,-35.90615821104849,False,6.084929561838846,4807f973223da509,,3.6868647911772765,1.869160752218722,0.004458269994150665,tone,-11.44746352709726,10,-3.3571465016178745,-6.667675295843868,1.000517737522993,1.0002292368864345,0.0,,,,,,,
150,153000,0,8,2773,0.6177443257619005,1.3929911932449524,17.81633954546745,17.407145187289927,0.9770326358490612,0.9959343761959515,0.0,-10.615673941831309,-10.615673941831309,-10.615673941831309,-11.08006039545987,-238.3562589234204,phase,37.49310921504295,43.15141903802201,5.935732427747999,37.90247973814418,42.444836730294185,6.003734175771459,37.49310921504293,43.151419038021984,5.935732427747995,37.90247973814417,42.44483673029418,6.003734175771458,-37.09492363639835,-37.051494615183465,-1.3036299285966653,37.49310921504295,43.15141903802201,5.935732427747999,37.49310921504293,43.151419038021984,5.935732427747995,nan,-37.09492363639835,nan,-37.051494615183465,False,6.570254604702564,70437ab479e8f50e,,0.6177443257619005,1.3929911932449524,-0.004065623804048513,tone,-10.615673941831309,11,-3.14104786997148,-6.180240116331024,0.9998058849952349,1.0009437892516633,0.0,,,,,,,
151,154020,0,8,934,0.05236923587328551,-1.785893794350236,16.096341794194846,16.225165714119886,1.0080033042024181,1.002089887698798,0.0,-7.796314105204805,-7.796314105204805,-7.796314105204805,-7.981024255747821,90.74466959241626,phase,30.104787233589406,31.794682022709274,4.708436417539769,29.897326315561237,31.591448649913517,4.673974471023461,30.104787233589406,31.794682022709274,4.708436417539769,29.897326315561244,31.591448649913524,4.673974471023462,-40.42085083515523,-40.21362991312182,1.6673890365560058,30.104787233589406,31.794682022709274,4.708436417539769,30.104787233589406,31.794682022709274,4.708436417539769,nan,-40.42085083515523,nan,-40.21362991312182,False,6.204517480704122,9b95e4af89fabc16,,0.05236923587328551,-1.785893794350236,0.002089887698798032,tone,-7.796314105204805,12,-3.122715078745974,-6.804713573017238,1.0001715443487764,1.0005784771931803,0.0,,,,,,,
152,155040,0,7,4733,6.5905466607349705,5.680997569363698,17.552075114939964,17.630635798588187,1.0044758630038766,1.0040684942248461,0.0,-11.130244322801618,-11.130244322801618,-11.130244322801618,-11.61622459324086,36.48736083478847,phase,37.1116931889846,41.99632679302606,5.872374283884486,37.14991801579619,41.467280451398985,5.8787239228897334,37.1116931889846,41.99632679302606,5.872374283884486,37.149918015796175,41.46728045139898,5.878723922889731,-36.53877811727156,-36.46561965660348,0.36775887105875604,37.1116931889846,41.99632679302606,5.872374283884486,37.1116931889846,41.99632679302606,5.872374283884486,nan,-36.53877811727156,nan,-36.46561965660348,False,7.189041236901144,23850eb7ae430be9,,6.5905466607349705,5.680997569363698,0.00406849422484612,tone,-11.130244322801618,13,-0.8164193794825505,-4.817513973386626,1.0008836529753833,0.999868965480193,0.0,,,,,,,
153,156060,0,8,1064,-0.8163105471212786,-0.09037006082140892,19.567004845973347,19.69453896785942,1.0065178152144383,0.9963838932176992,0.0,-9.755021468770535,-9.755021468770535,-9.755021468770535,-10.156725524783987,105.5530511636577,phase,37.691259689884184,42.618173179249695,5.968647789017307,38.14157478294887,42.95491258105489,6.043450960622737,37.6912596898842,42.61817317924974,5.968647789017309,38.14157478294889,42.9549125810549,6.04345096062274,-38.17521549954713,-38.01569561817305,0.07868731663109463,37.691259689884184,42.618173179249695,5.968647789017307,37.6912596898842,42.61817317924974,5.968647789017309,nan,-38.17521549954713,nan,-38.01569561817305,False,8.160838570558585,063a96c6d8dab28a,,-0.8163105471212786,-0.09037006082140892,-0.003616106782300843,tone,-9.755021468770535,14,-1.1018758265362167,-4.849147639776405,1.000250275096365,1.000503997589922,0.0,,,,,,,
154,157080,0,8,1424,-10.360551959092913,-10.696046776064144,17.124535688312193,17.352857775604335,1.0133330381300776,1.0036618727001652,0.0,-10.495655963618777,-10.495655963618777,-10.495655963618777,-10.914120434400841,-435.5769413444331,phase,37.29017341560523,40.60823035299581,5.90202216206067,37.261455878219074,40.24643864479969,5.897251807013136,37.29017341560525,40.60823035299581,5.902022162060674,37.26145587821907,40.24643864479969,5.897251807013135,-36.954113083978484,-36.91025759231637,0.6353643738255492,37.29017341560523,40.60823035299581,5.90202216206067,37.29017341560525,40.60823035299581,5.902022162060674,nan,-36.954113083978484,nan,-36.91025759231637,False,7.439940951247891,248dd95552a25f1d,,-10.360551959092913,-10.696046776064144,0.0036618727001651585,tone,-10.495655963618777,15,-4.727161693449044,-8.590878188220302,1.000891263202114,0.9998651861379817,0.0,,,,,,,
155,158100,0,8,6484,-1.3215126925300404,-1.952627709714803,17.36063658772886,17.172211524437696,0.9891464196984373,0.9999395622249448,0.0,-7.6856252343573095,-7.6856252343573095,-7.6856252343573095,-7.68521922607889,236.5467242347891,phase,37.90167431355869,41.73721121883111,6.003600384312076,37.45146814507729,40.878962222967886,5.928815306491245,37.90167431355869,41.73721121883112,6.003600384312076,37.45146814507727,40.87896222296785,5.928815306491241,-40.099520732575996,-40.18094863528084,0.6395398643198915,37.90167431355869,41.73721121883111,6.003600384312076,37.90167431355869,41.73721121883112,6.003600384312076,nan,-40.099520732575996,nan,-40.18094863528084,False,5.98288576982798,111bbf0c37b89b11,align_margin=6.0,,,,,,,,,,,,,,,,,,
155,158100,0,7,840,-0.7285537756263245,-1.1691262375541513,19.74011875027856,19.73620442217053,0.9998017069624785,0.9960879191762443,0.0,-11.081456387093228,-11.081456387093228,-11.081456387093228,-11.492166484373117,24.74461113058132,phase,38.27590756106994,42.302463651798604,6.065765375593014,38.30386987899685,42.27831673126594,6.070410278903132,38.27590756106994,42.30246365179862,6.065765375593014,38.303869878996856,42.27831673126594,6.070410278903133,-36.944651348607195,-36.82840558595531,-0.009119955323806939,38.27590756106994,42.302463651798604,6.065765375593014,38.27590756106994,42.30246365179862,6.065765375593014,nan,-36.944651348607195,nan,-36.82840558595531,False,7.234743406223468,f3beb9ef42dd921d,,-0.7285537756263245,-1.1691262375541513,-0.003912080823755715,tone,-11.081456387093228,16,-4.981928450682413,-9.000127543850416,1.0002060388865626,1.0005523964087846,0.0,,,,,,,
156,159120,0,8,2244,-2.1986902254923475,-1.2407533448715227,17.077492456050013,17.714110723900742,1.037278205186687,1.0016011503933928,0.0,-7.886202268842859,-7.886202268842859,-7.886202268842859,-7.995274182197799,128.94106096946183,phase,37.84546720081587,42.04940822797842,5.9942636546205765,37.777025943501215,41.6565950458631,5.982894675000202,37.84546720081585,42.04940822797838,5.994263654620573,37.7770259435012,41.65659504586309,5.982894675000201,-39.97293152479196,-39.93171483838267,-0.9964664065005717,37.84546720081587,42.04940822797842,5.9942636546205765,37.84546720081585,42.04940822797838,5.994263654620573,nan,-39.97293152479196,nan,-39.93171483838267,False,7.371871902001511,a78eaa39c26864a7,,-2.1986902254923475,-1.2407533448715227,0.001601150393392814,tone,-7.886202268842859,17,-5.751311506776517,-9.434151461302122,1.000486297937774,1.000272488482425,0.0,,,,,,,
157,160140,0,8,5181,-2.2266655338819947,-2.0624437429550757,17.65508514118322,17.921815666143974,1.0151078583211453,1.0009940450705512,0.0,-7.6514448123136,-7.6514448123136,-7.6514448123136,-7.696587794685704,-72.87994293854457,phase,37.686279012310536,42.82522975187238,5.967820433938628,37.41136017988274,41.427168069704834,5.922152853801121,37.68627901231055,42.82522975187241,5.9678204339386305,37.41136017988274,41.427168069704834,5.922152853801121,-39.888294512171264,-39.93277709773081,0.4593754894195001,37.686279012310536,42.82522975187238,5.967820433938628,37.68627901231055,42.82522975187241,5.9678204339386305,nan,-39.888294512171264,nan,-39.93277709773081,False,6.0888831385838005,c53e946a3fc663df,,-2.2266655338819947,-2.0624437429550757,0.0009940450705512305,tone,-7.6514448123136,18,-6.530265639846682,-10.155810127661573,1.0006603404204824,1.000098655990889,0.0,,,,,,,
158,161160,0,8,2849,-3.034714930872344,-3.139336379477781,17.099239106512744,17.047422150324625,0.9969696338026888,0.9993130141254973,0.0,-8.086435727574703,-8.086435727574703,-8.086435727574703,-8.10227400620599,21.1348061966099,phase,37.495230900428766,41.45251587912686,5.936084867180859,36.66700729713322,41.62465624537234,5.7985061955370805,37.49523090042878,41.452515879126885,5.9360848671808615,36.667007297133225,41.62465624537237,5.798506195537081,-40.29492858582203,-40.29967981903967,0.3010210266562592,37.495230900428766,41.45251587912686,5.936084867180859,37.49523090042878,41.452515879126885,5.9360848671808615,nan,-40.29492858582203,nan,-40.29967981903967,False,6.010111050724269,0dca5bf1d3aa6798,,-3.034714930872344,-3.139336379477781,-0.0006869858745026658,tone,-8.086435727574703,19,-7.591714947769688,-11.254469471152614,1.0005400385046497,1.00021897303571,0.0,,,,,,,
159,162180,0,7,7625,1.232645492074163,1.4045463668244016,16.582568122320566,17.762696546143033,1.071166806921419,1.0031579950517167,0.0,-11.733876667289838,-11.733876667289838,-11.733876667289838,-12.021650949170153,70.61321454356263,phase,36.73725270474725,41.52669058956985,5.810174867898215,36.92972029786188,41.34380106488098,5.842146228880711,36.73725270474725,41.52669058956987,5.810174867898215,36.92972029786188,41.343801064880964,5.842146228880711,-36.523294926688415,-36.563946793107455,0.23511759817358246,36.73725270474725,41.52669058956985,5.810174867898215,36.73725270474725,41.52669058956987,5.810174867898215,nan,-36.523294926688415,nan,-36.563946793107455,False,6.150188634219591,a88c6f29386480f9,,1.232645492074163,1.4045463668244016,0.0031579950517166555,tone,-11.733876667289838,20,-7.160521886399809,-10.762985864421442,1.001092986090512,0.9996679430364122,0.0,18,-9.601946271586597,0.3444412184245096,-9.601946271586597,inside-deadband,,
160,163200,0,8,5185,-3.4441241319253084,-2.8457474539568715,16.945945543731497,16.89249929278522,0.9968460744307037,0.9982931465930653,0.0,-8.347886618893035,-8.347886618893035,-8.347886618893035,-8.451283664428018,-117.91552259604207,phase,37.228810923260404,42.43468704298576,5.891829057020002,36.75590853447962,40.89218381421391,5.813273842936815,37.2288109232604,42.43468704298577,5.891829057020001,36.755908534479616,40.892183814213894,5.813273842936814,-39.763700607768286,-39.618057207682625,-0.3398613896251428,37.228810923260404,42.43468704298576,5.891829057020002,37.2288109232604,42.43468704298577,5.891829057020001,nan,-39.763700607768286,nan,-39.618057207682625,False,5.973944701743364,66ed537cab2f3914,align_margin=6.0,,,,,,,,,,,,,,,,,,
160,163200,0,7,4488,-3.658188560232485,-3.9304282686194485,19.49944738766996,19.374645013684855,0.9935996968783832,1.0019327851836575,0.0,-11.021902801710777,-11.021902801710777,-11.021902801710777,-11.139757790188519,159.57560855754676,phase,37.396070322908976,41.78497018022902,5.919613010449996,38.14027134134069,43.08017665343206,6.043234442083173,37.39607032290897,41.78497018022902,5.9196130104499955,38.1402713413407,43.08017665343206,6.043234442083174,-37.09854772009067,-37.2715691130417,0.8268184214349348,37.396070322908976,41.78497018022902,5.919613010449996,37.39607032290897,41.78497018022902,5.9196130104499955,nan,-37.09854772009067,nan,-37.2715691130417,False,7.538285224427056,ac643cd378ccb560,,-3.658188560232485,-3.9304282686194485,0.0019327851836574705,tone,-11.021902801710777,1,-8.439489988135772,-12.13909270429707,1.0014315931864335,0.9993304702058453,0.0,,,,,,,
161,164220,0,8,3295,-2.982403461083484,-2.4977757405246725,15.596064723264579,16.239409937493658,1.0412504837370549,1.0015643424399927,0.0,-11.217241198715564,-11.217241198715564,-11.217241198715564,-11.295796559089704,69.60568194301413,phase,36.600408775404645,40.38038712461084,5.78744331817353,36.78794125778809,40.7558131837041,5.818594893320282,36.600408775404645,40.38038712461085,5.78744331817353,36.787941257788084,40.75581318370408,5.818594893320281,-36.83638756483653,-37.061445968217456,0.01567541891143609,36.600408775404645,40.38038712461084,5.78744331817353,36.600408775404645,40.38038712461085,5.78744331817353,nan,-36.83638756483653,nan,-37.061445968217456,False,5.11359195309269,8179ed5cdb773f33,align_margin=5.1,,,,,,,,,,,,,,,,,,
161,164220,0,8,5330,8.688908551959535,8.681475930396044,17.908179199537518,18.405059152647006,1.0277459783919474,0.9940306225917571,0.0,-11.174238490774066,-11.174238490774066,-11.174238490774066,-12.11653421057371,381.9522805692758,phase,29.12459825309178,30.636972552313896,4.54561432775611,29.188165008409083,31.19533157449215,4.556173589436725,29.124598253091776,30.636972552313896,4.545614327756109,29.18816500840908,31.195331574492148,4.556173589436725,-36.73853496770708,-36.31117882140134,0.3973343108980112,29.12459825309178,30.636972552313896,4.54561432775611,29.124598253091776,30.636972552313896,4.545614327756109,nan,-36.73853496770708,nan,-36.31117882140134,False,6.225895447788538,7b1248730e1cdad2,,8.688908551959535,8.681475930396044,-0.005969377408242882,tone,-11.174238490774066,2,-5.402719415011182,-9.098540388292204,1.0003854566389867,1.0003806809382028,0.0,,,,,,,
162,165240,0,7,1909,-11.722908655571889,-12.309120609460235,18.36708550268868,18.468006464644898,1.0054946639161364,1.0013607554466064,0.0,-7.8549200942975155,-7.8549200942975155,-7.8549200942975155,-7.935251759142021,-98.5436985167026,phase,37.337902331472094,41.781884107719485,5.909950553400681,37.5117512229341,42.15503539439603,5.938829106799686,37.337902331472094,41.781884107719485,5.909950553400681,37.51175122293409,42.155035394396016,5.938829106799683,-40.063871309341444,-40.06454862470459,0.5814011034642625,37.337902331472094,41.781884107719485,5.909950553400681,37.337902331472094,41.781884107719485,5.909950553400681,nan,-40.063871309341444,nan,-40.06454862470459,False,7.835136921824123,0aec5a26a3c914b5,,-11.722908655571889,-12.309120609460235,0.0013607554466064098,tone,-7.8549200942975155,3,-9.504156518300494,-13.405093179046482,1.0006236806317814,1.0001427818051971,0.0,,,,,,,
163,166260,0,7,356,-4.050227603575586,-4.76193486021187,17.58867589267724,17.373649913625794,0.9877747489143871,1.0022263084193512,0.0,-11.2680056605655,-11.2680056605655,-11.2680056605655,-11.419406788995078,147.88176402242462,phase,38.11124431522875,42.588344155300256,6.038412676948298,37.271506990257635,41.3094126087843,5.8989214269530965,38.11124431522876,42.58834415530028,6.038412676948299,37.27150699025763,41.3094126087843,5.898921426953095,-37.13966047448967,-37.208585515581554,-0.14914673330777095,38.11124431522875,42.588344155300256,6.038412676948298,38.11124431522876,42.58834415530028,6.038412676948299,nan,-37.13966047448967,nan,-37.208585515581554,False,6.587441964788219,44e7a73519743717,,-4.050227603575586,-4.76193486021187,0.0022263084193512306,tone,-11.2680056605655,4,-10.920852613636168,-15.07153244291429,1.00101352759362,0.9997539877788661,0.0,,,,,,,
164,167280,0,8,2712,5.4628056270220835,6.185433755253394,18.385080872196795,18.21383503723644,0.9906856088286603,0.9952214083119891,0.0,-11.307460104948538,-11.307460104948538,-11.307460104948538,-11.907781496480434,-16.98995952063106,phase,37.6144850284632,41.70569211781515,5.9558945230005325,37.62939932547451,41.96556533765964,5.958371980975833,37.6144850284632,41.70569211781513,5.9558945230005325,37.62939932547451,41.96556533765964,5.958371980975833,-36.76038635280361,-36.57377435682778,-0.6006363239959258,37.6144850284632,41.70569211781515,5.9558945230005325,37.6144850284632,41.70569211781513,5.9558945230005325,nan,-36.76038635280361,nan,-36.57377435682778,False,6.356073526606869,301924565e8fb4be,,5.4628056270220835,6.185433755253394,-0.004778591688010869,tone,-11.307460104948538,5,-9.010806528590718,-12.906097905215262,1.0001764264821746,1.0005940499095913,0.0,,,,,,,
165,168300,0,7,2564,0.5998150250352879,0.4039695803139012,18.26955431325259,18.793495607074508,1.0286783839845428,1.0039361614756217,0.0,-11.682047351587014,-11.682047351587014,-11.682047351587014,-12.120961308385853,86.67379943988799,phase,36.772920483733024,41.19214923295371,5.81609974812841,37.268595204166665,40.81848178388738,5.8984377415559255,36.772920483733024,41.1921492329537,5.81609974812841,37.26859520416668,40.818481783887385,5.898437741555927,-35.952065685838825,-35.89033041908968,-0.45195748898287075,36.772920483733024,41.19214923295371,5.81609974812841,36.772920483733024,41.1921492329537,5.81609974812841,nan,-35.952065685838825,nan,-35.89033041908968,False,7.302467630670903,73d268049d37e008,,0.5998150250352879,0.4039695803139012,0.003936161475621702,tone,-11.682047351587014,6,-8.8009083014342,-12.764792494571815,1.000865376267955,0.9999075147661762,0.0,,,,,,,
166,169320,0,7,1785,-0.9308647026295143,0.20098574880851555,17.720870777968916,17.95581072153472,1.013257810324868,0.9995122423828342,0.0,-7.435884202551199,-7.435884202551199,-7.435884202551199,-7.444196369684082,81.14534788911298,phase,36.810974244439045,41.26530198269276,5.822420970837052,37.11636711421011,41.374589297434554,5.8731506834236065,36.810974244439045,41.265301982692755,5.822420970837052,37.11636711421011,41.374589297434554,5.8731506834236065,-40.99366201240855,-41.02808643405876,-0.09628702513125953,36.810974244439045,41.26530198269276,5.822420970837052,36.810974244439045,41.265301982692755,5.822420970837052,nan,-40.99366201240855,nan,-41.02808643405876,False,7.7898554426910485,51d5fc552db402b1,,-0.9308647026295143,0.20098574880851555,-0.000487757617165796,tone,-7.435884202551199,7,-9.126429249251567,-12.69444097601219,1.0007799448185244,0.9999929061051401,0.0,,,,,,,
167,170340,0,7,1002,6.873544682164657,6.534433100241308,17.214294126125488,17.54131609861466,1.0189971177495374,1.0022167480522397,nan,nan,nan,-8.139901163197976,-8.338580277511646,938.1189193282174,observables-disagree,29.670894251218485,31.222857195986418,4.636361171298752,29.80984936387599,31.392736254782076,4.659443415926244,29.670894251218485,31.22285719598642,4.636361171298752,29.80984936387599,31.392736254782076,4.659443415926244,-38.31080415621963,-38.469758645189955,0.5141397738960594,29.670894251218485,31.222857195986418,4.636361171298752,29.670894251218485,31.22285719598642,4.636361171298752,nan,-38.31080415621963,nan,-38.469758645189955,False,6.768497401823492,66997154ee160348,channel A estimate not finite,,,,,,,,,,,,,,,,,,
167,170340,0,8,2752,4.619309987780898,4.661801925690225,17.391394336040197,17.35963993404123,0.9981741313326924,1.0005479295956266,0.0,-7.290944290887509,-7.290944290887509,-7.290944290887509,-7.306038515721989,84.05623833126606,phase,37.49435366852127,41.89921369531908,5.935939147594897,37.45453656114423,41.44727777264243,5.92932501015685,37.49435366852127,41.89921369531908,5.935939147594897,37.45453656114423,41.44727777264244,5.92932501015685,-40.554154153388865,-40.62768924886587,0.2148787782072743,37.49435366852127,41.89921369531908,5.935939147594897,37.49435366852127,41.89921369531908,5.935939147594897,nan,-40.554154153388865,nan,-40.62768924886587,False,6.483924999890675,397a846b51e18366,,4.619309987780898,4.661801925690225,0.0005479295956265506,tone,-7.290944290887509,8,-7.510930753209575,-11.06279872732205,1.0008759072848574,0.9998970716166751,0.0,,,,,,,
168,171360,0,8,533,1.587888448602838,1.1824285304161757,17.24074505834437,17.651507847580945,1.023825118221197,0.998260319003511,0.0,-7.837349621672903,-7.837349621672903,-7.837349621672903,-7.952467137911243,139.97100036196716,phase,37.34072434420928,42.61705401111981,5.9104193262806115,37.28110121290408,42.07397522963301,5.900515151645197,37.34072434420928,42.617054011119826,5.9104193262806115,37.281101212904076,42.07397522963301,5.900515151645196,-39.40129525175737,-39.37951299052264,0.0851573604029201,37.34072434420928,42.61705401111981,5.9104193262806115,37.34072434420928,42.617054011119826,5.9104193262806115,nan,-39.40129525175737,nan,-39.37951299052264,False,6.8247465400128515,5a516e1241d95ba1,,1.587888448602838,1.1824285304161757,-0.0017396809964890236,tone,-7.837349621672903,9,-6.955656165255267,-10.648906140381545,1.0005711964456017,1.000202014959252,0.0,,,,,,,
169,172380,0,7,1504,-3.2734545950036567,-3.0951618838382426,18.35939517970429,18.92394033815605,1.030749659938463,1.002525469495931,0.0,-10.09158116194404,-10.09158116194404,-10.09158116194404,-10.308496270244484,-44.36492597628709,phase,37.68109235060693,40.962729583324695,5.966958862227066,37.44619862955793,40.87091287590381,5.927939971687364,37.68109235060693,40.96272958332469,5.966958862227066,37.446198629557934,40.87091287590381,5.9279399716873655,-37.969360943826516,-38.03574408616781,-0.24588912165895405,37.68109235060693,40.962729583324695,5.966958862227066,37.68109235060693,40.96272958332469,5.966958862227066,nan,-37.969360943826516,nan,-38.03574408616781,False,6.567356509347296,fe5627b2efaa7fa7,,-3.2734545950036567,-3.0951618838382426,0.00252546949593091,tone,-10.09158116194404,10,-8.100711222128043,-11.731993999775147,1.0010134060517493,0.9997610820780474,0.0,,,,,,,
170,173400,0,8,2581,-0.9721262954179095,-2.032412868807593,18.375004203386183,18.25747700284344,0.9936039633383548,0.9976633864964558,0.0,-8.615056256459779,-8.615056256459779,-8.615056256459779,-8.804947795093945,-277.38503149178723,phase,37.33909252357801,41.602610395320255,5.910148259730567,37.04529215266051,41.769545129762946,5.861344211405401,37.33909252357801,41.60261039532027,5.910148259730567,37.0452921526605,41.76954512976294,5.8613442114054,-38.86011407665463,-38.69923235868135,1.02663840227348,37.33909252357801,41.602610395320255,5.910148259730567,37.33909252357801,41.60261039532027,5.910148259730567,nan,-38.86011407665463,nan,-38.69923235868135,False,7.277790397901026,c653085f036553d9,,-0.9721262954179095,-2.032412868807593,-0.0023366135035441937,tone,-8.615056256459779,11,-8.440610969063778,-12.443508497423021,1.0006040842994326,1.0001708492132917,0.0,,,,,,,
171,174420,0,7,3433,-0.8995224252256124,0.18879038290781458,17.165197922166318,18.296079951478895,1.0658822598166613,1.0027296422998029,0.0,-11.0472007137611,-11.0472007137611,-11.0472007137611,-11.273232937604188,15.905206796046603,phase,37.196297128035475,41.9355185192712,5.886428094358053,36.53432241227953,41.71453608254511,5.776465516989956,37.19629712803549,41.93551851927121,5.886428094358055,36.53432241227952,41.71453608254509,5.776465516989955,-36.8062385286327,-36.87777285485921,-0.9306634377945678,37.196297128035475,41.9355185192712,5.886428094358053,37.19629712803549,41.93551851927121,5.886428094358055,nan,-36.8062385286327,nan,-36.87777285485921,False,6.47269184825948,e037b80de7d98d39,,-0.8995224252256124,0.18879038290781458,0.0027296422998028813,tone,-11.0472007137611,12,-8.755253747130583,-12.377443150617815,1.0010820602653578,0.9996943807866812,0.0,,,,,,,
172,175440,0,7,6301,9.869279165654442,10.79462432437671,16.61974878591622,17.029841380541377,1.0246750176496455,1.000807025223415,0.0,-7.540533270086124,-7.540533270086124,-7.540533270086124,-7.572931781161365,-128.35257251253597,phase,37.618924385444046,43.097928420445264,5.956631957714959,37.05297408855213,41.924258217453804,5.862620280490388,37.618924385444046,43.09792842044527,5.956631957714959,37.05297408855212,41.9242582174538,5.862620280490386,-39.775833439784144,-39.87829919321578,-1.046837896665327,37.618924385444046,43.097928420445264,5.956631957714959,37.618924385444046,43.09792842044527,5.956631957714959,nan,-39.775833439784144,nan,-39.87829919321578,False,5.844619111245592,6f61b689c79ca406,align_margin=5.8,,,,,,,,,,,,,,,,,,
172,175440,0,8,1801,3.5011344542757312,3.3777484210839774,18.252115734226496,18.5765075296729,1.0177728324852828,1.0024073425802944,0.0,-11.51629557904066,-11.51629557904066,-11.51629557904066,-11.6892578110561,56.607546792198846,phase,37.62876321590374,42.67168097433034,5.958266314934177,36.8499585704238,41.174324951889275,5.828896772495649,37.62876321590375,42.67168097433036,5.958266314934179,36.849958570423794,41.17432495188926,5.828896772495647,-36.436235466905835,-36.61601864634483,-0.1163267602569964,37.62876321590374,42.67168097433034,5.958266314934177,37.62876321590375,42.67168097433036,5.958266314934179,nan,-36.436235466905835,nan,-36.61601864634483,False,7.648727139963264,7dafacde4d18400d,,3.5011344542757312,3.3777484210839774,0.0024073425802944026,tone,-11.51629557904066,13,-7.531181208390164,-11.194869786097065,1.0015038010726158,0.9992742360202911,0.0,,,,,,,
173,176460,0,7,3867,-1.4094719721018292,-1.4405430555928636,17.55078780137501,17.660470641943174,1.0062494539737739,0.995633511555718,0.0,-9.042114711559336,-9.042114711559336,-9.042114711559336,-9.672242593768312,-71.60853362550577,phase,37.11353000492476,41.8273658655087,5.872679402811423,37.252497214911756,42.246989900644365,5.895763656962086,37.113530004924776,41.82736586550873,5.872679402811426,37.25249721491177,42.24698990064441,5.895763656962089,-38.8171095440252,-38.37510368432262,0.07624841476179106,37.11353000492476,41.8273658655087,5.872679402811423,37.113530004924776,41.82736586550873,5.872679402811426,nan,-38.8171095440252,nan,-38.37510368432262,False,6.489341212072026,9029ba9f72bf62ec,,-1.4094719721018292,-1.4405430555928636,-0.004366488444282002,tone,-9.042114711559336,14,-8.023755664630167,-11.699426044312517,1.0007385164871154,1.0000411657056438,0.0,,,,,,,
174,177480,0,7,6808,-3.6419942330102346,-2.5663062298581836,16.291317195359856,16.73458573777808,1.0272088829345534,1.0023324236602533,0.0,-9.416067305984484,-9.416067305984484,-9.416067305984484,-9.609672853545096,254.32142336707415,phase,37.325841356059854,41.11957564442608,5.907947069112933,36.87692673806601,40.61309463064843,5.833376534562461,37.325841356059854,41.119575644426064,5.907947069112933,36.87692673806601,40.61309463064843,5.833376534562461,-38.01126280623936,-38.109738988509456,-1.0688211916176362,37.325841356059854,41.11957564442608,5.907947069112933,37.325841356059854,41.119575644426064,5.907947069112933,nan,-38.01126280623936,nan,-38.109738988509456,False,5.916713715689268,31ae135db560b8ec,align_margin=5.9,,,,,,,,,,,,,,,,,,
174,177480,0,7,465,10.922478157552323,9.41547862615004,17.806831431655148,17.54477719251398,0.9852834997541834,0.999674910899463,0.0,-8.139142349544958,-8.139142349544958,-8.139142349544958,-8.143158479464038,-9.363341817947804,phase,37.65127388532393,42.752854304690246,5.962005628791352,37.058614067130094,40.97752565728834,5.863557154008322,37.651273885323945,42.752854304690246,5.962005628791354,37.0586140671301,40.97752565728835,5.863557154008324,-39.808079220878284,-39.80382402881729,0.9429261170551424,37.65127388532393,42.752854304690246,5.962005628791352,37.651273885323945,42.752854304690246,5.962005628791354,nan,-39.808079220878284,nan,-39.80382402881729,False,6.215137828105677,aeecf75574b2dd68,,10.922478157552323,9.41547862615004,-0.00032508910053696827,tone,-8.139142349544958,15,-4.203709476578274,-8.404144177763335,1.0006815838798808,1.0000980771414667,0.0,,,,,,,
175,178500,0,8,3397,-0.26241829800990335,-2.771092849118064,15.422998414271069,15.82976964198649,1.0263743285701845,1.001208927065339,0.0,-7.465777198547182,-7.465777198547182,-7.465777198547182,-7.531891039890222,-22.3446297326728,phase,36.72264997814778,41.679693297927145,5.807749165805279,37.019797391908384,41.890001358676415,5.857109201313686,36.72264997814779,41.67969329792715,5.807749165805282,37.019797391908355,41.8900013586764,5.857109201313681,-40.20022115373582,-40.28918451658646,1.5858753309329168,36.72264997814778,41.679693297927145,5.807749165805279,36.72264997814779,41.67969329792715,5.807749165805282,nan,-40.20022115373582,nan,-40.28918451658646,False,5.83567758365027,099405f1d72f0335,align_margin=5.8,,,,,,,,,,,,,,,,,,
175,178500,0,7,5133,-0.6936102261272418,-0.37087204923360884,17.088236028925675,16.958401104492918,0.9924020873650748,1.0004290937743172,0.0,-7.630350570482263,-7.630350570482263,-7.630350570482263,-7.639603054846183,111.88884664881208,phase,36.42469882284608,40.99685936009117,5.758255618412972,37.14287075490427,41.796138348859735,5.877553281545561,36.424698822846075,40.99685936009116,5.75825561841297,37.14287075490427,41.79613834885973,5.877553281545561,-40.03987381059234,-40.09579236049393,0.3189451491465549,36.42469882284608,40.99685936009117,5.758255618412972,36.424698822846075,40.99685936009116,5.75825561841297,nan,-40.03987381059234,nan,-40.09579236049393,False,5.727537758878925,ab7600482e298032,align_margin=5.7,,,,,,,,,,,,,,,,,,
175,178500,0,7,4776,-0.2610277023589125,0.03753687354060689,17.353616564046074,17.22774465989961,0.9927466471509316,0.9976017957842909,0.0,-9.146886783243678,-9.146886783243678,-9.146886783243678,-9.333918184639588,78.05477382175306,phase,37.71308514378145,41.12923145042802,5.972273279697916,37.46392075306104,41.171940831604175,5.930883846023429,37.71308514378145,41.12923145042802,5.972273279697916,37.46392075306103,41.171940831604175,5.930883846023428,-38.529669917564476,-38.458088859973365,-0.3963264820831238,37.71308514378145,41.12923145042802,5.972273279697916,37.71308514378145,41.12923145042802,5.972273279697916,nan,-38.529669917564476,nan,-38.458088859973365,False,6.5615812821316215,6ee5aa42e9582272,,-0.2610277023589125,0.03753687354060689,-0.002398204215709132,tone,-9.146886783243678,16,-4.295006945520788,-8.391007560425999,1.0002616120910983,1.0005188130514262,0.0,,,,,,,
176,179520,0,8,3029,-3.6405300199594484,-3.932656416796984,17.339952343320633,17.448981096816798,1.006287719328027,1.003165581750929,0.0,-11.033403039621929,-11.033403039621929,-11.033403039621929,-11.336204966780674,-51.592388735186915,phase,37.33807242944631,41.52664315749676,5.909978808878126,37.21133461730385,41.26257959482858,5.88892601616343,37.33807242944631,41.526643157496764,5.909978808878126,37.21133461730385,41.2625795948286,5.88892601616343,-36.63841335791746,-36.60415126039185,0.44271402121059644,37.33807242944631,41.52664315749676,5.909978808878126,37.33807242944631,41.526643157496764,5.909978808878126,nan,-36.63841335791746,nan,-36.60415126039185,False,5.4989038172546865,46cda2c7ab27e2d8,align_margin=5.5,,,,,,,,,,,,,,,,,,
176,179520,0,7,178,3.0957404049970227,2.984805639767675,14.73206318333589,14.28488815484358,0.9696461369376876,0.9972177387683787,0.0,-10.401448515953419,-10.401448515953419,-10.401448515953419,-10.621164675370482,-58.8319119351688,phase,30.17603742529763,32.11836647834441,4.720271997557746,30.19022130027534,32.232645913307216,4.722628122969326,30.17603742529763,32.11836647834441,4.720271997557746,30.19022130027534,32.23264591330721,4.722628122969326,-37.47026621008213,-37.499211275706166,-0.007251387039431734,30.17603742529763,32.11836647834441,4.720271997557746,30.17603742529763,32.11836647834441,4.720271997557746,nan,-37.47026621008213,nan,-37.499211275706166,False,5.170290914660882,88f7407533b358fd,align_margin=5.2,,,,,,,,,,,,,,,,,,
176,179520,0,7,6053,-3.7978542920274325,-4.159761778208187,21.322094533624206,21.467841691095,1.006835499075429,1.002747464716898,0.0,-8.539208796992265,-8.539208796992265,-8.539208796992265,-8.827165653768244,-50.397778377400805,phase,37.50224652963405,42.67199331330659,5.937250254092036,37.49192238412884,43.69280409402242,5.935535279755622,37.50224652963405,42.67199331330658,5.937250254092036,37.49192238412884,43.6928040940224,5.935535279755622,-39.39647757720762,-39.3409236757073,0.48905132285002795,37.50224652963405,42.67199331330659,5.937250254092036,37.50224652963405,42.67199331330658,5.937250254092036,nan,-39.39647757720762,nan,-39.3409236757073,False,6.719462241986598,d41945933f714662,,-3.7978542920274325,-4.159761778208187,0.002747464716897907,tone,-8.539208796992265,17,-5.623908291070516,-9.846169225934863,1.0007425442013036,1.0000390753398083,0.0,,,,,,,
177,180540,0,7,2016,-2.744831370237444,-1.974325521942525,16.83433995783941,17.062104939832643,1.0135297839157138,0.9976514436093081,0.0,-9.386430475283856,-9.386430475283856,-9.386430475283856,-9.561795338911054,-116.88093015253644,phase,37.30562752248606,40.81053648084599,5.904589289449513,36.9369941001272,40.97468879026095,5.84335450168226,37.30562752248605,40.81053648084598,5.90458928944951,36.93699410012721,40.97468879026096,5.843354501682262,-38.56320129127149,-38.48806331578696,-0.9401322459184343,37.30562752248606,40.81053648084599,5.904589289449513,37.30562752248605,40.81053648084598,5.90458928944951,nan,-38.56320129127149,nan,-38.48806331578696,False,6.716464795134642,6704317aca691bc8,,-2.744831370237444,-1.974325521942525,-0.0023485563906918694,tone,-9.386430475283856,18,-6.583886444442457,-10.53715615806557,1.0003312416492198,1.0004510563286253,0.0,,,,,,,
178,181560,0,8,7701,-2.8070082772239777,-4.197412564848022,16.88173416869354,17.471119350743066,1.0349125970211352,1.003239535136899,0.0,-9.258553301289544,-9.258553301289544,-9.258553301289544,-9.626778508530052,-31.863814865531303,phase,36.98746427482213,41.17179400779874,5.851738251631584,37.42056152692652,41.53278286965004,5.923681316765204,36.98746427482212,41.17179400779874,5.851738251631582,37.420561526926534,41.53278286965005,5.923681316765205,-38.53628186859203,-38.515787765751995,0.2225715561739574,36.98746427482213,41.17179400779874,5.851738251631584,36.98746427482212,41.17179400779874,5.851738251631582,nan,-38.53628186859203,nan,-38.515787765751995,False,6.49446206956257,41378dccfa493a00,,-2.8070082772239777,-4.197412564848022,0.0032395351368990077,tone,-9.258553301289544,19,-7.5660140199130055,-12.00558821019211,1.0008983480852456,0.9998857134156545,0.0,,,,,,,
179,182580,0,7,4776,-2.8126197911677155,-2.5911329401316725,18.23265834024844,18.938011396619988,1.038686243289849,1.0012055277576315,0.0,-8.204994512748495,-8.204994512748495,-8.204994512748495,-8.266287707309683,-18.32347347079924,phase,37.64879317530419,41.66869553463271,5.961593550714983,37.7782984577979,41.74754136196421,5.983106056112609,37.6487931753042,41.66869553463272,5.961593550714984,37.77829845779791,41.747541361964224,5.98310605611261,-39.20278705704633,-39.33060356408956,-0.11083153520352118,37.64879317530419,41.66869553463271,5.961593550714983,37.6487931753042,41.66869553463272,5.961593550714984,nan,-39.20278705704633,nan,-39.33060356408956,False,7.061313144056929,b49911b6cdeabab6,,-2.8126197911677155,-2.5911329401316725,0.0012055277576314971,tone,-8.204994512748495,20,-8.549547391500566,-12.912588397191568,1.0011095049649528,0.9996750241605529,0.0,19,-9.404525198425718,0.34352099866162683,-9.404525198425718,inside-deadband,,
180,183600,0,7,7468,2.762839428243187,2.198323608475156,17.4042077966021,18.20942743935457,1.0462658026244478,1.0011802062538298,0.0,-8.38404575569329,-8.38404575569329,-8.38404575569329,-8.439087632269572,258.49421980584026,phase,37.052572188041346,40.863361046492756,5.8625535196081975,37.49459684169408,40.94009136593141,5.935979541809649,37.052572188041346,40.86336104649276,5.8625535196081975,37.494596841694076,40.94009136593142,5.9359795418096475,-39.46613548182562,-39.646082381532175,0.16431368221279818,37.052572188041346,40.863361046492756,5.8625535196081975,37.052572188041346,40.86336104649276,5.8625535196081975,nan,-39.46613548182562,nan,-39.646082381532175,False,6.970695962172167,42bdbc1f7d2418e7,,2.762839428243187,2.198323608475156,0.001180206253829752,tone,-8.38404575569329,1,-7.583625286986167,-12.14292501222064,1.0013162702121952,0.9994687985741001,0.0,,,,,,,
181,184620,0,8,901,0.11699990652048725,1.4722332434439847,18.87808364652833,19.103104366142535,1.01191968018722,1.0019281164758511,0.0,-11.627196902598222,-11.627196902598222,-11.627196902598222,-11.740113560882707,58.294540493278106,phase,37.14961940557381,41.99406241362806,5.87867431986276,37.94996849381175,42.21763199589529,6.011622673390657,37.149619405573794,41.99406241362805,5.878674319862757,37.94996849381176,42.2176319958953,6.011622673390659,-35.976230877499205,-36.238790067757236,-1.0310193165111,37.14961940557381,41.99406241362806,5.87867431986276,37.149619405573794,41.99406241362805,5.878674319862757,nan,-35.976230877499205,nan,-36.238790067757236,False,7.420567774252408,c9e0ea9df4688a24,,0.11699990652048725,1.4722332434439847,0.001928116475851116,tone,-11.627196902598222,2,-7.542729150070812,-11.627369513199035,1.0016541347318684,0.9991322064178968,0.0,,,,,,,
182,185640,0,7,2000,2.359190726058917,3.2330968979806203,17.571645372654352,17.43724173271445,0.9923511067353393,1.0005824906477756,0.0,-9.631567487104242,-9.631567487104242,-9.631567487104242,-9.645397376600659,156.37333786640212,phase,36.912563786972036,40.18423255279306,5.839296310128246,37.52470694746857,41.2398411264129,5.94098122050973,36.912563786972036,40.18423255279306,5.839296310128246,37.52470694746857,41.2398411264129,5.94098122050973,-38.10951963690418,-38.399157785606896,-0.40626611941032964,36.912563786972036,40.18423255279306,5.839296310128246,36.912563786972036,40.18423255279306,5.839296310128246,nan,-38.10951963690418,nan,-38.399157785606896,False,7.493288245025942,873af01c2a3708b3,,2.359190726058917,3.2330968979806203,0.000582490647775602,tone,-9.631567487104242,3,-6.718375987148307,-10.494802764750212,1.0017562392108812,0.9990304183044483,0.0,,,,,,,
183,186660,0,7,4481,0.7120531197948161,0.8370959302003125,19.245334706174635,19.682991758458353,1.02274094262145,0.9933500914674209,0.0,-11.077476745634675,-11.077476745634675,-11.077476745634675,-12.251566898246088,24.006577675214167,phase,37.8061527356798,41.870089958079426,5.987733012571397,37.56208565253784,42.4678625744308,5.947190307730539,37.8061527356798,41.87008995807942,5.987733012571397,37.562085652537846,42.467862574430804,5.94719030773054,-36.36805256680903,-35.8821671841857,-0.703838741870383,37.8061527356798,41.870089958079426,5.987733012571397,37.8061527356798,41.87008995807942,5.987733012571397,nan,-36.36805256680903,nan,-35.8821671841857,False,7.352114028921077,f6055fbe50dc4e2c,,0.7120531197948161,0.8370959302003125,-0.006649908532579074,tone,-11.077476745634675,4,-6.469594315347087,-10.201534841970282,1.00059046142241,1.0002008069398443,0.0,,,,,,,
184,187680,0,8,6217,1.9254283472562668,3.1976198361538817,18.070821577783008,18.192089488193744,1.006710702658911,1.002547760759603,0.0,-10.449893319719498,-10.449893319719498,-10.449893319719498,-10.659268224559357,-41.36106194134771,phase,37.471391047963884,42.57605677846983,5.932124758797988,37.007080722793134,42.352817463764396,5.854996797806169,37.47139104796389,42.57605677846983,5.93212475879799,37.007080722793134,42.352817463764396,5.854996797806169,-37.62008701162839,-37.6698615608687,-0.9000921407670801,37.471391047963884,42.57605677846983,5.932124758797988,37.47139104796389,42.57605677846983,5.93212475879799,nan,-37.62008701162839,nan,-37.6698615608687,False,7.055117061359424,a2b542353949bf07,,1.9254283472562668,3.1976198361538817,0.002547760759602946,tone,-10.449893319719498,5,-5.796092070900646,-9.082592590685767,1.0010365828173677,0.9997559925561386,0.0,,,,,,,
185,188700,0,7,1769,-4.261599797738906,-3.7850172077383224,17.8338027186128,17.04110939252521,0.9555510768737914,1.0011901385999669,0.0,-8.876385159564443,-8.876385159564443,-8.876385159564443,-8.929924835093685,-165.54493130525654,phase,37.08409142534887,41.6004824987734,5.867789273313767,36.865029505539766,42.135750229284874,5.831400250089663,37.08409142534887,41.6004824987734,5.867789273313767,36.865029505539766,42.13575022928488,5.831400250089663,-38.90993847823043,-39.109289411679946,0.15233305201870717,37.08409142534887,41.6004824987734,5.867789273313767,37.08409142534887,41.6004824987734,5.867789273313767,nan,-38.90993847823043,nan,-39.109289411679946,False,7.051460934534422,ef99271b63578e89,,-4.261599797738906,-3.7850172077383224,0.0011901385999668612,tone,-8.876385159564443,6,-7.28610747574299,-10.407671942619759,1.001245072965876,0.9995480166417765,0.0,,,,,,,
186,189720,0,8,661,-4.658015444657783,-5.470091593995999,17.874221698588677,17.900122011357396,1.0014490316392777,1.0022160012142478,0.0,-11.499325861118377,-11.499325861118377,-11.499325861118377,-11.64721426640858,-249.63883583998484,phase,37.19367922855331,41.94316648632245,5.8859932273344375,37.252360331696146,41.968124071075046,5.895740918886403,37.19367922855331,41.94316648632245,5.8859932273344375,37.25236033169615,41.96812407107505,5.895740918886405,-35.77861287946799,-36.00103822375766,0.8022116653429001,37.19367922855331,41.94316648632245,5.8859932273344375,37.19367922855331,41.94316648632245,5.8859932273344375,nan,-35.77861287946799,nan,-36.00103822375766,False,6.237932461956737,76aab1102b446e1d,,-4.658015444657783,-5.470091593995999,0.002216001214247809,tone,-11.499325861118377,7,-8.914385556354118,-12.323069728441927,1.0016333560179302,0.9991612487865623,0.0,,,,,,,
187,190740,0,7,2393,10.870682342801427,9.657138562206395,17.558900609171413,17.918490176501752,1.020479047938942,1.0001451677863773,0.0,-8.354768396986557,-8.354768396986557,-8.354768396986557,-8.355904175388938,239.60235744521853,phase,36.75231900201441,40.99375491273514,5.812677575085451,37.42038842128085,42.26373891740495,5.92365256167456,36.75231900201442,40.993754912735156,5.812677575085452,37.42038842128086,42.263738917404964,5.9236525616745626,-38.96972424486929,-39.29560739781466,1.6677359212126976,36.75231900201441,40.99375491273514,5.812677575085451,36.75231900201442,40.993754912735156,5.812677575085452,nan,-38.96972424486929,nan,-39.29560739781466,False,7.680364455806594,46c996f919bc3cc7,,10.870682342801427,9.657138562206395,0.0001451677863772982,tone,-8.354768396986557,8,-5.115851095494579,-8.94023387399191,1.0016588018749149,0.9991358694161533,0.0,,,,,,,
188,191760,0,8,4672,5.174952622557951,3.0942007750737486,20.40267330054616,20.480668629093614,1.0038227994635078,1.000371424703961,0.0,-10.36785767463963,-10.36785767463963,-10.36785767463963,-10.373986485183016,134.30178666559584,phase,37.85580781077793,42.93600527361099,5.9959813639166,38.198732572081894,42.41187281727653,6.052945609980382,37.85580781077792,42.936005273610995,5.995981363916599,38.198732572081894,42.41187281727651,6.052945609980382,-37.29330620701895,-37.59765571226997,1.3366862528420835,37.85580781077793,42.93600527361099,5.9959813639166,37.85580781077792,42.936005273610995,5.995981363916599,nan,-37.29330620701895,nan,-37.59765571226997,False,7.878214742103805,23e6da4b9741e92a,,5.174952622557951,3.0942007750737486,0.0003714247039610097,tone,-10.36785767463963,9,-3.3076171794095823,-7.856326965606518,1.0017239090191072,0.9990709503733994,0.0,,,,,,,
189,192780,0,8,4169,-7.569303368433337,-6.422708645289142,17.097928339739056,17.971750098558992,1.0511068792345444,0.9932219425208837,0.0,-11.806591370880701,-11.806591370880701,-11.806591370880701,-12.952354240790314,249.82399249780067,phase,37.158212308033846,40.78955526951744,5.880101712297982,37.266346848622625,42.140164037192214,5.898064260568543,37.15821230803384,40.78955526951742,5.88010171229798,37.266346848622625,42.14016403719222,5.898064260568543,-35.812701755583866,-35.37308809953486,-0.7448153255925822,37.158212308033846,40.78955526951744,5.880101712297982,37.15821230803384,40.78955526951742,5.88010171229798,nan,-35.812701755583866,nan,-35.37308809953486,False,6.623030352883552,676dfa673e27b188,,-7.569303368433337,-6.422708645289142,-0.006778057479116306,tone,-11.806591370880701,10,-5.952314141415642,-10.106365388814636,1.0005357041282383,1.0002640956378686,0.0,,,,,,,
190,193800,0,8,1321,6.068159723815108,7.473780908636998,17.64911335113425,18.367747402573602,1.0407178557439072,0.9963189363391237,0.0,-11.245088681744349,-11.245088681744349,-11.245088681744349,-11.603752338141483,-57.19839985875689,phase,37.50681549829079,41.64621365133152,5.938009218985182,37.39150493708348,41.52166926239617,5.918854640711543,37.50681549829079,41.646213651331536,5.938009218985182,37.39150493708348,41.52166926239617,5.918854640711543,-37.053637053054274,-37.01206998753157,-0.7269569320814195,37.50681549829079,41.64621365133152,5.938009218985182,37.50681549829079,41.646213651331536,5.938009218985182,nan,-37.053637053054274,nan,-37.01206998753157,False,7.225125180302087,5a6b746b94642815,,6.068159723815108,7.473780908636998,-0.0036810636608762826,tone,-11.245088681744349,11,-3.8295953872800337,-7.491232715923045,0.9998911728944101,1.0009108325851466,0.0,,,,,,,
191,194820,0,7,7458,-0.2070174224232185,-1.2417675382223772,18.326135687864674,17.65580409400251,0.9634220980746067,1.0030008073654677,0.0,-8.390870103220545,-8.390870103220545,-8.390870103220545,-8.739531466560965,18.36248168327068,phase,29.483214844401854,31.38993054662937,4.605185190099975,29.77111998847012,31.492369484396686,4.653009964862146,29.483214844401854,31.38993054662937,4.605185190099975,29.77111998847012,31.492369484396686,4.653009964862146,-38.95657044698051,-38.82382563970118,0.8119135732709998,29.483214844401854,31.38993054662937,4.605185190099975,29.483214844401854,31.38993054662937,4.605185190099975,nan,-38.95657044698051,nan,-38.82382563970118,False,6.458573988408403,c8b1e58f72caedb6,,-0.2070174224232185,-1.2417675382223772,0.003000807365467706,tone,-8.390870103220545,12,-3.9020593711737868,-7.92545584972139,1.0004162570337605,1.000386785544611,0.0,,,,,,,
192,195840,0,7,5660,-2.8969221414683473,-2.554409870927013,18.19818343056767,17.66911251369018,0.9709272676090953,1.0020607591711475,0.0,-8.142253239508412,-8.142253239508412,-8.142253239508412,-8.31512026894581,163.49570281175667,phase,37.49154585783953,42.02417645815519,5.935472733860388,37.10928560103038,41.236053767803604,5.8719743523306285,37.49154585783954,42.02417645815519,5.935472733860389,37.10928560103038,41.236053767803604,5.8719743523306285,-39.343416882635616,-39.34716478209153,-0.33200771902745974,37.49154585783953,42.02417645815519,5.935472733860388,37.49154585783954,42.02417645815519,5.935472733860389,nan,-39.343416882635616,nan,-39.34716478209153,False,5.839717427031602,14c8ffccf367cf2c,align_margin=5.8,,,,,,,,,,,,,,,,,,
192,195840,0,7,725,-4.824683333908525,-4.7826601526514105,17.034145799939033,16.941593732649164,0.9945666739983992,0.9965574421691672,0.0,-11.054391724962676,-11.054391724962676,-11.054391724962676,-11.372983446723497,312.305173347395,phase,36.85020459992226,41.60881384507878,5.8289376411831,37.66563524420873,42.664214279379806,5.964391236579524,36.85020459992225,41.60881384507878,5.828937641183098,37.66563524420874,42.66421427937984,5.964391236579525,-37.27857080613772,-37.273970681207025,0.04830871228913569,36.85020459992226,41.60881384507878,5.8289376411831,36.85020459992225,41.60881384507878,5.828937641183098,nan,-37.27857080613772,nan,-37.273970681207025,False,5.594088717033292,01cba387eee732ba,align_margin=5.6,,,,,,,,,,,,,,,,,,
192,195840,0,8,3257,-1.919640055991053,-0.8414265207020506,17.488299815938635,18.232531233034635,1.042555961696043,0.9965509798336765,0.0,-11.310808402933702,-11.310808402933702,-11.310808402933702,-11.621967459508488,21.86776058713655,phase,37.305368197171084,42.16279011256774,5.904546212154666,37.799222338606754,42.69000606296197,5.986581783821721,37.3053681971711,42.16279011256777,5.904546212154668,37.79922233860677,42.690006062961984,5.986581783821723,-36.67353623648435,-36.669442731497675,-0.9618020169210004,37.305368197171084,42.16279011256774,5.904546212154666,37.3053681971711,42.16279011256777,5.904546212154668,nan,-36.67353623648435,nan,-36.669442731497675,False,5.937774925729574,36bbdb21362d111d,align_margin=5.9,,,,,,,,,,,,,,,,,,
192,195840,0,8,3925,-1.9611008597369823,-0.6299761225438391,17.363857589421478,18.252538247932605,1.0511799094143996,0.9967307292969627,0.0,-10.287676422097972,-10.287676422097972,-10.287676422097972,-10.597514773369157,138.412171034693,phase,36.94589900063124,41.51204296493721,5.844833721035091,37.43511446698177,42.09544477700857,5.926098748668069,36.94589900063123,41.5120429649372,5.844833721035089,37.43511446698177,42.09544477700858,5.926098748668069,-36.65073330539089,-36.64691282657707,-0.9155766337808584,36.94589900063124,41.51204296493721,5.844833721035091,36.94589900063123,41.5120429649372,5.844833721035089,nan,-36.65073330539089,nan,-36.64691282657707,False,6.421276026376248,b991e25da58a3550,,-1.9611008597369823,-0.6299761225438391,-0.003269270703037286,tone,-10.287676422097972,13,-4.588159078252798,-8.145862242605027,0.999843896510767,1.0009610064900198,0.0,,,,,,,
193,196860,0,8,2320,5.094946201338322,4.492102900700583,17.768116199735797,18.074591610694554,1.0172486158641463,1.0049248772731647,0.0,-12.012057993650611,-12.012057993650611,-12.012057993650611,-12.667505549608538,57.503593730513764,phase,37.4976925996969,41.490771922626344,5.936493787325067,37.686780140370374,41.38896057072672,5.967903677802388,37.49769259969689,41.490771922626344,5.936493787325065,37.686780140370374,41.38896057072671,5.967903677802388,-36.246899475096825,-36.05467871569826,-0.23913435022167295,37.4976925996969,41.490771922626344,5.936493787325067,37.49769259969689,41.490771922626344,5.936493787325065,nan,-36.246899475096825,nan,-36.05467871569826,False,8.068510480047728,f57d4804f43a6a0c,,5.094946201338322,4.492102900700583,0.004924877273164707,tone,-12.012057993650611,14,-2.804649495715471,-6.575135705755782,1.000705615495229,1.0001025525009282,0.0,,,,,,,
194,197880,0,8,7661,-0.9319530216349315,-1.8453230999046006,17.028384480545846,17.744830884725886,1.0420736567816253,1.0008139743465152,0.0,-7.37082559509847,-7.37082559509847,-7.37082559509847,-7.401549936101898,71.4899880868909,phase,37.2584477395297,42.40608351965412,5.896752116200948,37.25313392588694,41.403685770434215,5.895869422904808,37.25844773952971,42.406083519654125,5.896752116200949,37.25313392588694,41.40368577043422,5.895869422904808,-40.04200438934407,-40.117007088460916,-0.04150272768455632,37.2584477395297,42.40608351965412,5.896752116200948,37.25844773952971,42.406083519654125,5.896752116200949,nan,-40.04200438934407,nan,-40.117007088460916,False,6.595218568229493,df207d91fe9b9d13,,-0.9319530216349315,-1.8453230999046006,0.0008139743465152005,tone,-7.37082559509847,15,-3.130603055405255,-7.220932562639628,1.0008481615176288,0.9999602082467159,0.0,,,,,,,
195,198900,0,7,5268,-3.9165340944202947,-3.8298465846653515,17.505456619227136,17.854307151395783,1.0199281024058229,0.9994495710046883,0.0,-8.247420167179495,-8.247420167179495,-8.247420167179495,-8.256852465566222,-121.9234859723938,phase,37.5448780238029,41.29702468224454,5.944331897641678,37.818522756074444,41.62990690554612,5.989787833234958,37.544878023802895,41.29702468224455,5.9443318976416775,37.81852275607446,41.62990690554614,5.989787833234961,-40.29478726361138,-40.25751981681904,-0.34825040102707483,37.5448780238029,41.29702468224454,5.944331897641678,37.544878023802895,41.29702468224455,5.9443318976416775,nan,-40.29478726361138,nan,-40.25751981681904,False,5.916083015944307,ec4afb724addfd83,align_margin=5.9,,,,,,,,,,,,,,,,,,
195,198900,0,8,1469,-10.14281034476235,-10.481307679666735,17.272496916162428,16.8956396572497,0.9781816571893499,0.9982012594287062,0.0,-7.71938579244676,-7.71938579244676,-7.71938579244676,-7.844588708017255,-83.04575750137963,phase,37.16331759830916,41.81214960676037,5.880949767160991,36.97584167678112,40.96805015049502,5.849807587505171,37.16331759830916,41.81214960676038,5.880949767160991,36.975841676781116,40.96805015049502,5.849807587505169,-40.7805930025431,-40.65032383616647,1.2696006822734116,37.16331759830916,41.81214960676037,5.880949767160991,37.16331759830916,41.81214960676038,5.880949767160991,nan,-40.7805930025431,nan,-40.65032383616647,False,7.229846867524686,b60146b2a0ceb2db,,-10.14281034476235,-10.481307679666735,-0.001798740571293811,tone,-7.71938579244676,16,-6.677578268192608,-10.889536230695041,1.0005331149337091,1.0002755425256213,0.0,,,,,,,
196,199920,0,7,6725,-0.6203932166344772,-0.24108323847907315,17.384714450553595,18.197218404711386,1.046736686787048,0.9995823628775762,0.0,-7.802097823756137,-7.802097823756137,-7.802097823756137,-7.812055262537404,137.3233932806897,phase,37.22671303494111,42.60881701748773,5.891480570588225,36.96005356623873,41.487399961576955,5.84718497778052,37.226713034941106,42.608817017487695,5.891480570588224,36.96005356623873,41.487399961576955,5.84718497778052,-39.75365761127621,-39.731128010661095,0.06908974390055367,37.22671303494111,42.60881701748773,5.891480570588225,37.226713034941106,42.608817017487695,5.891480570588224,nan,-39.75365761127621,nan,-39.731128010661095,False,6.860934071512352,15f1e7247e74d66f,,-0.6203932166344772,-0.24108323847907315,-0.00041763712242381956,tone,-7.802097823756137,17,-6.894600196383814,-10.97389212052778,1.0004599894737822,1.0003486797052847,0.0,,,,,,,
197,200940,0,8,3000,7.1492481871090625,8.159999051086505,16.436560890416356,17.927075830225075,1.0906828958774333,1.0042899617145906,0.0,-12.355443582416656,-12.355443582416656,-12.355443582416656,-12.847055015698773,414.1456055862669,phase,37.31757287874096,40.9911691041965,5.90657356789717,37.31670145322271,41.22666938933822,5.906428812827694,37.31757287874096,40.991169104196516,5.90657356789717,37.31670145322271,41.2266693893382,5.906428812827694,-35.72155768341904,-35.74102564009374,-0.4942572000835046,37.31757287874096,40.9911691041965,5.90657356789717,37.31757287874096,40.991169104196516,5.90657356789717,nan,-35.72155768341904,nan,-35.74102564009374,False,5.462911637560594,0d358c504a09b714,align_margin=5.5,,,,,,,,,,,,,,,,,,
197,200940,0,7,1637,7.2127802421897735,7.743130918661796,16.748800623128567,17.640275136087055,1.0532261702206571,1.0028395919499324,0.0,-9.132582318905666,-9.132582318905666,-9.132582318905666,-9.422704518415719,35.350671080100355,phase,36.9749481277664,41.25986496136526,5.84965915743628,36.93450733495726,41.54359305793675,5.842941417766988,36.974948127766396,41.25986496136526,5.849659157436279,36.934507334957246,41.543593057936725,5.842941417766985,-38.62224191126831,-38.639583642388196,-1.173380005144419,36.9749481277664,41.25986496136526,5.84965915743628,36.974948127766396,41.25986496136526,5.849659157436279,nan,-38.62224191126831,nan,-38.639583642388196,False,7.2677643492294655,2740186eabe0bd2c,,7.2127802421897735,7.743130918661796,0.0028395919499324407,tone,-9.132582318905666,18,-4.371287808754767,-8.264740925036568,1.0009571466469416,0.9998529854146492,0.0,,,,,,,
198,201960,0,8,3013,-2.550349234985029,-2.5670836478888637,17.45951098792977,17.740448476605806,1.0160907993855186,0.9963739589760557,0.0,-9.680426146506338,-9.680426146506338,-9.680426146506338,-10.087030279483555,256.83200704125426,phase,37.15522109777355,42.10286318765672,5.8796048335172015,37.32496060373706,42.15286867554849,5.907800764740377,37.15522109777356,42.10286318765672,5.879604833517204,37.324960603737075,42.15286867554851,5.9078007647403785,-38.22651578246472,-38.03336418865832,0.2707660764001314,37.15522109777355,42.10286318765672,5.8796048335172015,37.15522109777356,42.10286318765672,5.879604833517204,nan,-38.22651578246472,nan,-38.03336418865832,False,5.513805604508632,0368b7dddd59d22c,align_margin=5.5,,,,,,,,,,,,,,,,,,
198,201960,0,8,5845,5.989121004029873,4.9336403540639395,19.376012945316987,19.98238612540313,1.0312950441247872,1.0020608044637138,0.0,-10.043663064997196,-10.043663064997196,-10.043663064997196,-10.18845084095727,-55.02401582638492,phase,37.53808358561456,42.4237798888505,5.943203253424346,37.586882983027124,42.792556240204505,5.951309465619124,37.538083585614565,42.42377988885052,5.943203253424347,37.58688298302711,42.792556240204505,5.951309465619122,-37.37873501965295,-37.56937880351045,0.8633701341123752,37.53808358561456,42.4237798888505,5.943203253424346,37.538083585614565,42.42377988885052,5.943203253424347,nan,-37.37873501965295,nan,-37.56937880351045,False,6.70967002606312,e2ae3cd8e6c74091,,5.989121004029873,4.9336403540639395,0.0020608044637138168,tone,-10.043663064997196,19,-2.2770999022770617,-6.537712902805612,1.001318132614206,0.9994931392255868,0.0,,,,,,,
199,202980,0,7,5387,3.6752789183527694,4.93064839343386,18.07626704723751,18.71471567982862,1.0353197167823804,0.9951445622793421,0.0,-10.78151273929351,-10.78151273929351,-10.78151273929351,-11.432194218524867,-47.426161512706955,phase,29.312025451740435,31.53182997182224,4.576748413910371,29.401320644194268,31.379130258360437,4.591581502357852,29.31202545174044,31.53182997182224,4.576748413910372,29.401320644194268,31.379130258360437,4.591581502357852,-37.078264320860065,-36.723776881574246,-0.49864589848186114,29.312025451740435,31.53182997182224,4.576748413910371,29.31202545174044,31.53182997182224,4.576748413910372,nan,-37.078264320860065,nan,-36.723776881574246,False,5.988480318285507,bea78a822ba52c17,align_margin=6.0,,,,,,,,,,,,,,,,,,
199,202980,0,7,996,-3.1091279391630793,-3.8332745572588465,16.446542781155408,17.213456716554905,1.0466307080828097,0.9978616545975258,0.0,-7.688036889918259,-7.688036889918259,-7.688036889918259,-7.866521771634556,-164.9127217361259,phase,37.395710489428026,41.58336193830927,5.919553237446517,37.60968873689109,41.31771623414728,5.955097796825763,37.395710489428026,41.5833619383093,5.919553237446517,37.6096887368911,41.317716234147284,5.955097796825765,-40.974991513749764,-40.691113998491645,0.215802100306151,37.395710489428026,41.58336193830927,5.919553237446517,37.395710489428026,41.5833619383093,5.919553237446517,nan,-40.974991513749764,nan,-40.691113998491645,False,6.850434245504095,72a4106527161d13,,-3.1091279391630793,-3.8332745572588465,-0.002138345402474151,tone,-7.688036889918259,20,-3.3638621841764786,-7.880039370479128,1.0009434289097803,0.9998679614979064,0.0,19,-9.756659118766056,0.3585826308737206,-9.756659118766056,inside-deadband,,
200,204000,0,7,5805,4.930290524947871,5.005079010394221,17.523893538477033,17.690062940842864,1.009482447607946,1.0016059290807788,0.0,-9.075768663016838,-9.075768663016838,-9.075768663016838,-9.1727808088561,-68.95321328373646,phase,37.404462471696725,40.9978949099918,5.921007055099125,37.15406557908568,41.62353334914319,5.87941288689131,37.40446247169673,40.99789490999183,5.921007055099126,37.15406557908569,41.62353334914319,5.879412886891311,-38.66125425372476,-38.819697236712344,-0.8307028822309541,37.404462471696725,40.9978949099918,5.921007055099125,37.40446247169673,40.99789490999183,5.921007055099126,nan,-38.66125425372476,nan,-38.819697236712344,False,5.901876113103772,1c51293c776a8dcb,align_margin=5.9,,,,,,,,,,,,,,,,,,
200,204000,0,7,5125,-6.063513825469693,-6.156277574162097,17.026699227316335,16.821569097756182,0.9879524429942911,1.002590188884494,0.0,-12.191848532589578,-12.191848532589578,-12.191848532589578,-12.381641291141094,-63.87311986233777,phase,36.993105781479,42.14714166726782,5.852675378983224,36.9554074350586,42.07774379143373,5.84641319519246,36.99310578147901,42.147141667267825,5.852675378983225,36.9554074350586,42.07774379143373,5.84641319519246,-36.27940643333919,-36.37051740271822,-0.5381785515344593,36.993105781479,42.14714166726782,5.852675378983224,36.99310578147901,42.147141667267825,5.852675378983225,nan,-36.27940643333919,nan,-36.37051740271822,False,6.283891735553671,fa95a4e549cd7d42,,-6.063513825469693,-6.156277574162097,0.002590188884493916,tone,-12.191848532589578,1,-5.484091737235145,-10.035021061990449,1.001397139604905,0.9994159091947863,0.0,,,,,,,
201,205020,0,8,3033,-4.5303761714127955,-4.043743842803156,17.538670859403208,18.027838590714598,1.0278908096989074,1.0012670460676145,0.0,-11.584103921112849,-11.584103921112849,-11.584103921112849,-11.635412835664773,143.17980651618848,phase,37.42984311594712,42.878761727999795,5.925223108961316,37.95393804705912,42.748936359303016,6.012282067617795,37.429843115947115,42.878761727999795,5.925223108961315,37.953938047059125,42.74893635930304,6.012282067617796,-36.39511081654807,-36.54185259778741,-0.12301520093961793,37.42984311594712,42.878761727999795,5.925223108961316,37.429843115947115,42.878761727999795,5.925223108961315,nan,-36.39511081654807,nan,-36.54185259778741,False,5.58720436827825,7b91fb64a7467892,align_margin=5.6,,,,,,,,,,,,,,,,,,
201,205020,0,8,8073,-4.761695541742742,-5.5987017860733435,15.806299286324618,16.2081834735699,1.025425571157759,0.9974557008031174,0.0,-8.388939287728036,-8.388939287728036,-8.388939287728036,-8.620532183884272,-21.43441552207402,phase,36.947713201233476,41.855309623514515,5.8451350832613755,37.018524652127766,41.51696252011944,5.8568977827454765,36.94771320123348,41.855309623514515,5.845135083261376,37.01852465212777,41.51696252011944,5.856897782745478,-39.33577245014372,-39.15432446720957,0.9093306798714433,36.947713201233476,41.855309623514515,5.8451350832613755,36.94771320123348,41.855309623514515,5.845135083261376,nan,-39.33577245014372,nan,-39.15432446720957,False,5.817340761948891,a1e75bbe4c5e2082,align_margin=5.8,,,,,,,,,,,,,,,,,,
201,205020,0,7,6308,-4.863086054328497,-4.740588704624492,18.085389501676385,18.342823744223633,1.0142343764574926,0.9994744944639132,0.0,-7.345034088041641,-7.345034088041641,-7.345034088041641,-7.355456917969363,244.99681025425403,phase,37.29360202222448,42.018683627624256,5.902591698043935,37.98816003691007,42.0747621529449,6.017966783539879,37.29360202222448,42.01868362762427,5.902591698043935,37.98816003691006,42.0747621529449,6.017966783539878,-40.232691790519404,-40.643629450318066,0.8535609148917933,37.29360202222448,42.018683627624256,5.902591698043935,37.29360202222448,42.01868362762427,5.902591698043935,nan,-40.232691790519404,nan,-40.643629450318066,False,6.446958118014419,bc42d7e3f0588b78,,-4.863086054328497,-4.740588704624492,-0.0005255055360867678,tone,-7.345034088041641,2,-7.183797130528478,-11.695196801993795,1.0013050476502854,0.9995078672730642,0.0,,,,,,,
202,206040,0,7,4633,-4.724668312900711,-2.920848710055816,15.92953481085852,16.01095802626887,1.0051114622226662,0.9957379081649941,0.0,-9.543181366985019,-9.543181366985019,-9.543181366985019,-10.112715094574956,62.72993568896751,phase,36.97558141258788,41.0025592257232,5.849764354250479,36.8718688473354,40.47353456556927,5.832536353377974,36.97558141258788,41.0025592257232,5.849764354250479,36.8718688473354,40.47353456556927,5.832536353377974,-38.02752487713206,-37.74016060132333,-1.7304806587590136,36.97558141258788,41.0025592257232,5.849764354250479,36.97558141258788,41.0025592257232,5.849764354250479,nan,-38.02752487713206,nan,-37.74016060132333,False,6.084409844476368,f5be52dc0875b0d1,,-4.724668312900711,-2.920848710055816,-0.004262091835005921,tone,-9.543181366985019,3,-8.835275781710505,-12.717997204064313,1.0005582081883957,1.0002565572645867,0.0,,,,,,,
203,207060,0,8,914,4.750729074505504,5.748257274689918,15.992384665593397,16.399813544452126,1.025476430649851,1.0036241345416805,0.0,-12.35017271571487,-12.35017271571487,-12.35017271571487,-12.707232747691712,98.49576492692829,phase,29.848826684048944,31.41904345986923,4.665918053828729,30.003622209814363,31.489327731445982,4.691631596314679,29.84882668404895,31.419043459869233,4.6659180538287295,30.00362220981436,31.489327731445982,4.691631596314678,-35.89195507322329,-35.941948046172854,-0.7332849627524869,29.848826684048944,31.41904345986923,4.665918053828729,29.84882668404895,31.419043459869233,4.6659180538287295,nan,-35.89195507322329,nan,-35.941948046172854,False,6.217875238547519,086cf8ae39002fba,,4.750729074505504,5.748257274689918,0.003624134541680535,tone,-12.35017271571487,4,-7.173448251368717,-10.706623190537812,1.0011927857619658,0.9996244618041267,0.0,,,,,,,
204,208080,0,8,898,0.9549142420547247,-1.2711640847211232,17.64737267574419,17.68176145231406,1.0019486626820737,0.999868040337642,0.0,-7.858147699793973,-7.858147699793973,-7.858147699793973,-7.858415718565973,-279.79539558264526,phase,29.607096731375414,31.30317627186191,4.625763576640434,29.559567127049313,30.886651697386295,4.617868293529786,29.607096731375407,31.30317627186191,4.625763576640433,29.559567127049306,30.88665169738629,4.617868293529785,-40.27918036660765,-40.340657317907514,1.676692071796749,29.607096731375414,31.30317627186191,4.625763576640434,29.607096731375407,31.30317627186191,4.625763576640433,nan,-40.27918036660765,nan,-40.340657317907514,False,6.2356325067822835,b7888f9b647712ae,,0.9549142420547247,-1.2711640847211232,-0.0001319596623580166,tone,-7.858147699793973,5,-6.839626444547774,-11.151697762692061,1.001169665276122,0.9996475491193524,0.0,,,,,,,
205,209100,0,8,6884,7.777922104725459,7.001661159877374,15.560442847307876,16.17014482426741,1.0391828165138,1.0018294965021635,0.0,-11.25529419942775,-11.25529419942775,-11.25529419942775,-11.360336023990556,387.8322084361503,phase,36.772757939379645,40.3816680019339,5.816072747405257,37.27252792898161,41.025852472970676,5.899091018103258,36.77275793937962,40.38166800193388,5.816072747405253,37.272527928981624,41.02585247297068,5.8990910181032605,-37.11752651437125,-37.2633747626016,0.32652866005093095,36.772757939379645,40.3816680019339,5.816072747405257,36.77275793937962,40.38166800193388,5.816072747405253,nan,-37.11752651437125,nan,-37.2633747626016,False,5.167014629579983,d167a12728a25594,align_margin=5.2,,,,,,,,,,,,,,,,,,
205,209100,0,8,3525,1.3429003033462368,2.159469317997341,17.221875100888994,17.263570537100403,1.0024210741261999,1.0017473799816807,0.0,-10.981832974641806,-10.981832974641806,-10.981832974641806,-11.079580300677652,-75.22006690807441,phase,37.00190602315618,41.88981338933197,5.854137213148868,37.35424261575747,41.99487128736798,5.912664886338451,37.00190602315618,41.88981338933196,5.854137213148868,37.35424261575747,41.99487128736798,5.912664886338451,-36.82008556388312,-37.00778534097997,-0.29369552172767666,37.00190602315618,41.88981338933197,5.854137213148868,37.00190602315618,41.88981338933196,5.854137213148868,nan,-36.82008556388312,nan,-37.00778534097997,False,6.122936122360521,bb02e423cd548a3c,,1.3429003033462368,2.159469317997341,0.00174737998168073,tone,-10.981832974641806,6,-6.3701604564412,-10.395617020069414,1.0014758144466116,0.9993423986129268,0.0,,,,,,,
206,210120,0,8,5376,-4.009631669507828,-2.0538950321474347,18.612862467453564,18.85547245691131,1.0130345340423579,0.996507583965722,0.0,-9.281716961268282,-9.281716961268282,-9.281716961268282,-9.67618260242959,292.62298492427004,phase,37.63119983241707,41.41750284814296,5.95867106850782,37.83711354252531,41.446041399663265,5.992876003741746,37.631199832417074,41.41750284814296,5.958671068507821,37.8371135425253,41.44604139966325,5.9928760037417454,-38.523444211241596,-38.1932693057194,-1.4697815867831636,37.63119983241707,41.41750284814296,5.95867106850782,37.631199832417074,41.41750284814296,5.958671068507821,nan,-38.523444211241596,nan,-38.1932693057194,False,5.939643039114278,2f87023ee2c6b88e,align_margin=5.9,,,,,,,,,,,,,,,,,,
206,210120,0,8,3883,-7.461285269934432,-5.873196022028971,18.210478488817735,18.154075210675146,0.996902702025253,0.9945187451678212,0.0,-10.612757570628407,-10.612757570628407,-10.612757570628407,-11.45226071913555,-79.54733470828074,phase,37.286509500270874,41.62639243717446,5.901413538250977,37.43070383819198,41.76748838851854,5.9253660860784025,37.28650950027088,41.626392437174474,5.901413538250978,37.43070383819199,41.767488388518544,5.925366086078404,-37.2457861049185,-36.8288033350039,-1.01532161202472,37.286509500270874,41.62639243717446,5.901413538250977,37.28650950027088,41.626392437174474,5.901413538250978,nan,-37.2457861049185,nan,-36.8288033350039,False,6.624353076051043,c59d2d5119b61223,,-7.461285269934432,-5.873196022028971,-0.005481254832178761,tone,-10.612757570628407,7,-8.977761964941001,-12.45258829494308,1.0005151792208435,1.000306270652697,0.0,,,,,,,
207,211140,0,7,1108,-1.4916824167140104,-1.5155274329799275,19.562165570618518,19.85330239053745,1.0148826477757762,1.003590900933909,0.0,-11.078074383345676,-11.078074383345676,-11.078074383345676,-11.463184407822487,82.01013365541243,phase,38.17080088610681,42.359549811286286,6.048305795034355,37.79554950741674,41.83960811687588,5.985971678972881,38.17080088610681,42.35954981128628,6.048305795034355,37.795549507416744,41.83960811687591,5.985971678972882,-36.941676042080594,-36.97928303694192,0.48455779471752114,38.17080088610681,42.359549811286286,6.048305795034355,38.17080088610681,42.35954981128628,6.048305795034355,nan,-36.941676042080594,nan,-36.97928303694192,False,7.936494485514513,68b3aa8330070c9d,,-1.4916824167140104,-1.5155274329799275,0.0035909009339090137,tone,-11.078074383345676,8,-9.499581979962146,-12.982860489674866,1.0011439106268483,0.999679919690692,0.0,,,,,,,
208,212160,0,8,7133,2.4726566736349707,1.5718828521794732,17.37420252518601,17.555781154824828,1.0104510482927547,1.0016873616098143,0.0,-8.715529091266383,-8.715529091266383,-8.715529091266383,-8.826300353944701,248.44669226187906,phase,37.02167975356103,41.97428364138584,5.857421885973594,37.361576401743996,42.286920016783675,5.913883123213289,37.02167975356104,41.97428364138585,5.857421885973595,37.361576401744,42.286920016783675,5.9138831232132905,-38.96399626154116,-39.20555303106623,0.6660449840616063,37.02167975356103,41.97428364138584,5.857421885973594,37.02167975356104,41.97428364138585,5.857421885973595,nan,-38.96399626154116,nan,-39.20555303106623,False,6.520976319696398,1ae54ca107fd9e30,,2.4726566736349707,1.5718828521794732,0.0016873616098143085,tone,-8.715529091266383,9,-8.63514098742755,-12.432525339967109,1.0014395366919693,0.9993852231845102,0.0,,,,,,,
209,213180,0,8,7568,9.225117247579842,8.536692453185445,16.0035180604588,16.249541195592073,1.0153730657349114,0.9967855802876808,0.0,-7.9787445273846265,-7.9787445273846265,-7.9787445273846265,-8.369372009924374,352.8334999529853,phase,37.37273721706121,41.50825536384226,5.915737079246049,36.58520319040652,40.50918776524342,5.784917473489456,37.3727372170612,41.50825536384225,5.915737079246047,36.58520319040651,40.50918776524342,5.784917473489454,-40.196945864927116,-39.850405516268005,0.481481694088453,37.37273721706121,41.50825536384226,5.915737079246049,37.3727372170612,41.50825536384225,5.915737079246047,nan,-40.196945864927116,nan,-39.850405516268005,False,6.04814638431081,b9d91e03f1b9ad40,,9.225117247579842,8.536692453185445,-0.003214419712319172,tone,-7.9787445273846265,10,-5.4109912326470155,-9.442844995190509,1.0008762034691674,0.9999492137100537,0.0,,,,,,,
210,214200,0,8,44,4.762035882108218,5.056203036882783,15.940916016608071,15.715179582854603,0.9858391805390427,0.9956828556182964,0.0,-10.711169846809574,-10.711169846809574,-10.711169846809574,-11.230099697768983,41.73771898127262,phase,29.91971854037474,31.69448308915465,4.677694109696801,29.94630256124332,31.591271448265754,4.682110060007196,29.919718540374735,31.69448308915465,4.6776941096968,29.946302561243318,31.591271448265754,4.682110060007195,-37.31131830040021,-37.15322207189297,-0.05770097300288235,29.91971854037474,31.69448308915465,4.677694109696801,29.919718540374735,31.69448308915465,4.6776941096968,nan,-37.31131830040021,nan,-37.15322207189297,False,5.4376821146845025,6c96c50827c7bb37,align_margin=5.4,,,,,,,,,,,,,,,,,,
210,214200,0,7,6168,-1.121341462343147,0.35701009328187194,18.233790718815168,18.495259749353625,1.014339806492824,1.002097919106048,0.0,-11.828450028507559,-11.828450028507559,-11.828450028507559,-11.9595174579576,-8.16121072650124,phase,37.2972051117995,41.023990025999744,5.903190217906895,37.736273243518696,41.65162486927801,5.97612512350809,37.2972051117995,41.023990025999744,5.903190217906895,37.73627324351869,41.65162486927801,5.976125123508089,-36.2575959672838,-36.33439952790654,-1.5234340342949237,37.2972051117995,41.023990025999744,5.903190217906895,37.2972051117995,41.023990025999744,5.903190217906895,nan,-36.2575959672838,nan,-36.33439952790654,False,7.3461297528813025,965f8e45a3f78abd,,-1.121341462343147,0.35701009328187194,0.002097919106047952,tone,-11.828450028507559,11,-5.803117162367146,-9.317885116293212,1.0012436609984257,0.9995828650817495,0.0,,,,,,,
211,215220,0,7,716,1.4152653566992361,0.3372061741680398,16.228867652302203,17.392931190485044,1.071727958051202,1.001976143527691,0.0,-10.908642537319535,-10.908642537319535,-10.908642537319535,-11.032829260707631,415.37115966718693,phase,37.18631073708325,40.88157522353836,5.884769225429111,37.55795234331853,41.39407206610629,5.9465037115147075,37.186310737083254,40.88157522353838,5.884769225429113,37.557952343318526,41.394072066106276,5.946503711514706,-37.421830350769284,-37.62074342314759,1.1067060103325672,37.18631073708325,40.88157522353836,5.884769225429111,37.186310737083254,40.88157522353838,5.884769225429113,nan,-37.421830350769284,nan,-37.62074342314759,False,5.525167843477039,d60c50f0b0351d23,align_margin=5.5,,,,,,,,,,,,,,,,,,
211,215220,0,8,5329,3.7704173928106854,3.4335605373670557,17.135433756192665,17.691416561629282,1.0324463806021653,1.001233048082535,0.0,-9.042450582066808,-9.042450582066808,-9.042450582066808,-9.102154076979508,169.5867695546223,phase,37.023266364316825,42.108954027555335,5.857685442577546,36.93126599195299,40.832090720197876,5.842402988696511,37.02326636431683,42.108954027555335,5.857685442577548,36.93126599195298,40.83209072019787,5.842402988696509,-38.06492773629132,-38.24165965295034,0.5108801236217153,37.023266364316825,42.108954027555335,5.857685442577546,37.02326636431683,42.108954027555335,5.857685442577548,nan,-38.06492773629132,nan,-38.24165965295034,False,5.994036116145082,5cb92cb657b85f59,align_margin=6.0,,,,,,,,,,,,,,,,,,
211,215220,0,8,5985,-0.3859132098660504,-0.9114448212472417,18.975514409583734,19.7638749713157,1.041546202369818,0.9998094148116793,0.0,-8.182481706590591,-8.182481706590591,-8.182481706590591,-8.18410254668762,66.78527927540756,phase,37.24562061033255,43.32342937228597,5.894621363842617,37.567172556132995,43.34365741489773,5.948035308327741,37.245620610332544,43.323429372285965,5.894621363842616,37.56717255613299,43.343657414897706,5.948035308327739,-39.633641010856714,-39.682344344761596,0.8800152645494308,37.24562061033255,43.32342937228597,5.894621363842617,37.245620610332544,43.323429372285965,5.894621363842616,nan,-39.633641010856714,nan,-39.682344344761596,False,6.999532926224694,f92390954181e3e3,,-0.3859132098660504,-0.9114448212472417,-0.00019058518832071325,tone,-8.182481706590591,12,-5.938019013649209,-9.637023927671741,1.0012102671113805,0.9996162099322863,0.0,,,,,,,
212,216240,0,8,8100,-2.045069946490605,-1.151122010885997,20.409939724291494,20.29253240525091,0.9942475420982823,1.0014706780219522,0.0,-10.100684180498108,-10.100684180498108,-10.100684180498108,-10.17625530479287,149.1682960122795,phase,38.12916414882202,42.92883196584655,6.041389393492031,38.36672653771986,43.05570341600947,6.080851584338848,38.12916414882202,42.92883196584655,6.041389393492031,38.366726537719856,43.05570341600945,6.0808515843388475,-36.960932367566734,-37.1483592637826,-1.3674826292390128,38.12916414882202,42.92883196584655,6.041389393492031,38.12916414882202,42.92883196584655,6.041389393492031,nan,-36.960932367566734,nan,-37.1483592637826,False,6.783398381718241,bda3e23aac816341,,-2.045069946490605,-1.151122010885997,0.0014706780219522209,tone,-10.100684180498108,13,-6.65292826376788,-10.040071317066708,1.0014679472500394,0.9993593178595032,0.0,,,,,,,
213,217260,0,7,3859,4.414186082016445,2.812598060548007,17.172896236200266,17.704027842065575,1.0309284816352462,0.9998354918975786,0.0,-7.84232490018053,-7.84232490018053,-7.84232490018053,-7.844237210703334,250.16943382726328,phase,37.17453294096404,41.60900555386639,5.8828127808910375,36.968084334417526,41.72232514126466,5.848518992428161,37.17453294096403,41.60900555386639,5.882812780891035,36.96808433441752,41.72232514126465,5.84851899242816,-39.914787714402124,-40.20014882955805,1.7295005448397034,37.17453294096404,41.60900555386639,5.8828127808910375,37.17453294096403,41.60900555386639,5.882812780891035,nan,-39.914787714402124,nan,-40.20014882955805,False,6.416715408440078,9ebb09606a0fa5c7,,4.414186082016445,2.812598060548007,-0.00016450810242141234,tone,-7.84232490018053,14,-5.1102277380564765,-9.055030898070788,1.0014391160715028,0.999388093066636,0.0,,,,,,,
214,218280,0,7,5669,-1.4503371532263043,-0.40793955242432295,17.428101172466594,18.470449430706818,1.0598084810229904,0.9982388231653787,0.0,-7.890717236177645,-7.890717236177645,-7.890717236177645,-8.009342928061338,182.87943932465606,phase,37.27402584072869,43.069721636179835,5.899339840652607,36.82483543637189,42.78436011132865,5.824723494413936,37.27402584072869,43.06972163617984,5.899339840652607,36.824835436371885,42.78436011132864,5.824723494413935,-39.31235044476687,-39.1951010755564,-0.8083894721119647,37.27402584072869,43.069721636179835,5.899339840652607,37.27402584072869,43.06972163617984,5.899339840652607,nan,-39.31235044476687,nan,-39.1951010755564,False,5.967505535462446,452f693e22a8c029,align_margin=6.0,,,,,,,,,,,,,,,,,,
214,218280,0,7,2701,2.2679773439992275,1.0054829899089943,18.063243922090948,18.23046314562475,1.009257430407021,0.9997280053785047,0.0,-7.636566942973337,-7.636566942973337,-7.636566942973337,-7.638583062292718,103.31504400313044,phase,37.37713731549229,41.63374920560641,5.916467992606694,37.74060455446219,43.17399642760401,5.976844610375779,37.3771373154923,41.63374920560642,5.9164679926066945,37.74060455446219,43.17399642760404,5.976844610375779,-40.5880133422123,-40.70756106956762,1.4535153227898177,37.37713731549229,41.63374920560641,5.916467992606694,37.3771373154923,41.63374920560642,5.9164679926066945,nan,-40.5880133422123,nan,-40.70756106956762,False,6.2069047140794025,420d3de331203fa1,,2.2679773439992275,1.0054829899089943,-0.0002719946214952973,tone,-7.636566942973337,15,-4.317576384958089,-8.702896378048361,1.0013914485121707,0.9994356759414896,0.0,,,,,,,
215,219300,0,7,712,-2.972729483351933,-3.6266947324457792,17.396405563319924,17.19739145007677,0.9885600440551482,1.0013514990021866,0.0,-10.190588050183402,-10.190588050183402,-10.190588050183402,-10.253362957482139,-38.31160216473715,phase,37.529099347084454,41.59738746418053,5.941710854997418,37.01718679893923,41.430580506520975,5.85667554799655,37.529099347084454,41.597387464180535,5.941710854997418,37.01718679893923,41.430580506520975,5.85667554799655,-37.600523839777466,-37.84185845640853,0.22483253831628458,37.529099347084454,41.59738746418053,5.941710854997418,37.529099347084454,41.597387464180535,5.941710854997418,nan,-37.600523839777466,nan,-37.84185845640853,False,5.908067847871276,cb7ae9f8961c8256,align_margin=5.9,,,,,,,,,,,,,,,,,,
215,219300,0,8,4957,-2.324282019347666,-0.407453044004646,16.0499827830022,16.637079703192413,1.036579286602848,1.0020356057562592,0.0,-11.410209871566948,-11.410209871566948,-11.410209871566948,-11.538219586402752,333.289440685047,phase,36.96679388866131,41.53193069234532,5.848304632667992,36.6408047251861,41.58391042393415,5.794153608834901,36.9667938886613,41.53193069234532,5.848304632667991,36.64080472518609,41.58391042393413,5.7941536088349,-36.405336759202925,-36.63607362772784,-1.7479225150032383,36.96679388866131,41.53193069234532,5.848304632667992,36.9667938886613,41.53193069234532,5.848304632667991,nan,-36.405336759202925,nan,-36.63607362772784,False,5.967562905378048,84d0c01271d064a5,align_margin=6.0,,,,,,,,,,,,,,,,,,
215,219300,0,8,5341,-2.063325909881128,-2.429772112367078,17.73793610133758,17.72660526842898,0.9993612090581526,0.9963691529098039,0.0,-9.0031345059295,-9.0031345059295,-9.0031345059295,-9.442652196412043,-66.99552727646791,phase,37.435141657450174,41.72569689250516,5.926103265357172,37.18216541424968,42.62712059251649,5.884080633596294,37.435141657450174,41.725696892505155,5.926103265357172,37.182165414249695,42.627120592516505,5.884080633596295,-38.87351264542972,-38.62898582983298,0.40839209782978836,37.435141657450174,41.72569689250516,5.926103265357172,37.435141657450174,41.725696892505155,5.926103265357172,nan,-38.87351264542972,nan,-38.62898582983298,False,6.122689608032191,4ffa7f42c10283bc,,-2.063325909881128,-2.429772112367078,-0.003630847090196121,tone,-9.0031345059295,16,-5.038736995557829,-9.553796800956883,1.0007551661474496,1.0000730297459661,0.0,,,,,,,
216,220320,0,7,3712,2.7499519541444397,2.2912751721933056,18.039072768950003,17.94651504966623,0.9948690423022689,1.0003634247437745,0.0,-7.228640237239385,-7.228640237239385,-7.228640237239385,-7.236125244132176,261.6911202985492,phase,37.98632084819108,41.98046919977425,6.017661270463635,37.82424630851962,41.33483013099641,5.990738589455087,37.98632084819107,41.980469199774234,6.017661270463634,37.82424630851962,41.334830130996394,5.990738589455087,-40.51010847314559,-40.6372517824129,-0.014735768213438583,37.98632084819108,41.98046919977425,6.017661270463635,37.98632084819107,41.980469199774234,6.017661270463634,nan,-40.51010847314559,nan,-40.6372517824129,False,6.139997115094759,1a7309897f86dca0,,2.7499519541444397,2.2912751721933056,0.0003634247437744875,tone,-7.228640237239385,17,-4.076980097858494,-8.7519090523478,1.0008188135056713,1.0000094488780233,0.0,,,,,,,
217,221340,0,8,4529,-3.728052329587519,-4.304495009652673,18.713835642507387,18.382320146826,0.9822850054892879,0.9977611540244534,0.0,-8.595197079317991,-8.595197079317991,-8.595197079317991,-8.769429428647737,-299.8622072505656,phase,37.11273830070741,42.118900059121756,5.872547890482959,37.39674044471443,41.530538671220015,5.919724326364524,37.11273830070743,42.11890005912178,5.872547890482962,37.396740444714446,41.53053867122004,5.919724326364527,-39.16082405152581,-39.10949117149165,0.7181355107977474,37.11273830070741,42.118900059121756,5.872547890482959,37.11273830070743,42.11890005912178,5.872547890482962,nan,-39.16082405152581,nan,-39.10949117149165,False,7.150834409637212,11e6548a1e737380,,-3.728052329587519,-4.304495009652673,-0.0022388459755465773,tone,-8.595197079317991,18,-5.380730884462025,-10.258468070433839,1.0004266946504192,1.0004021297778483,0.0,,,,,,,
218,222360,0,7,5773,-3.234000587820124,-2.753315016188135,17.468574855801112,17.864815859282327,1.022683075565814,1.000335227814171,0.0,-7.540622972323333,-7.540622972323333,-7.540622972323333,-7.547478124638734,105.39147813666307,phase,37.259674770032774,42.359203928125766,5.89695594186591,37.80936049422933,41.99631686950181,5.9882658628287935,37.25967477003278,42.35920392812578,5.896955941865912,37.80936049422933,41.996316869501804,5.9882658628287935,-40.25886181371749,-40.261488171661284,-0.9432754836387209,37.259674770032774,42.359203928125766,5.89695594186591,37.25967477003278,42.35920392812578,5.896955941865912,nan,-40.25886181371749,nan,-40.261488171661284,False,5.918216038244659,f11b7494d6b11db9,align_margin=5.9,,,,,,,,,,,,,,,,,,
218,222360,0,8,2201,-3.4429138377607726,-2.521586095718478,16.69229809236724,16.72822957012104,1.002152578246265,1.0025366378869114,0.0,-8.247873914477067,-8.247873914477067,-8.247873914477067,-8.502922628482615,-78.31875952721253,phase,36.986677670856636,42.11877519326143,5.851607586521037,37.11276886383298,41.93603671019276,5.8725529674141175,36.98667767085663,42.11877519326141,5.851607586521036,37.112768863832976,41.936036710192745,5.872552967414117,-39.85911907402914,-39.86556519437754,-1.0890794175784877,36.986677670856636,42.11877519326143,5.851607586521037,36.98667767085663,42.11877519326141,5.851607586521036,nan,-39.85911907402914,nan,-39.86556519437754,False,7.316739410014114,196a3f65b5bf654c,,-3.4429138377607726,-2.521586095718478,0.002536637886911386,tone,-8.247873914477067,19,-6.585236771459915,-11.140668444894708,1.0008707956953466,0.9999591632831466,0.0,,,,,,,
219,223380,0,8,369,7.1603558674176035,8.185301545299277,17.69224072830613,18.040324403644874,1.0196743691590089,1.0019372746005624,0.0,-8.784461853312198,-8.784461853312198,-8.784461853312198,-8.928307218381695,4.3705452992334966,phase,36.75024852770762,41.606072388463616,5.812333642476349,37.16653411781351,41.67084459200942,5.881484072726498,36.75024852770761,41.6060723884636,5.812333642476348,37.16653411781352,41.670844592009416,5.881484072726499,-39.11660414896031,-39.33531065459369,-0.5480588388322154,36.75024852770762,41.606072388463616,5.812333642476349,36.75024852770761,41.6060723884636,5.812333642476348,nan,-39.11660414896031,nan,-39.33531065459369,False,6.669949615409964,a764751c311d082c,,7.1603558674176035,8.185301545299277,0.0019372746005623664,tone,-8.784461853312198,20,-4.081292641633395,-8.275695907967677,1.001210113970262,0.9996208095567168,0.0,18,-9.216489882439411,0.36756590172254155,-9.216489882439411,inside-deadband,,
220,224400,0,7,2008,-7.237919373902584,-6.167391611361877,17.42713879532403,17.52892737157135,1.0058408082613441,0.9974257272801287,0.0,-8.436521371164508,-8.436521371164508,-8.436521371164508,-8.672676249654101,36.931778285024514,phase,36.8974206420098,40.6375822778208,5.836780837543157,37.10619748348056,41.37368529035726,5.871461375993449,36.897420642009806,40.637582277820805,5.836780837543158,37.10619748348055,41.37368529035726,5.871461375993448,-39.82253119774732,-39.53900512280212,-1.4976449999366102,36.8974206420098,40.6375822778208,5.836780837543157,36.897420642009806,40.637582277820805,5.836780837543158,nan,-39.82253119774732,nan,-39.53900512280212,False,7.38722942613027,32c12bd31c0b0c76,,-7.237919373902584,-6.167391611361877,-0.0025742727198713178,tone,-8.436521371164508,1,-6.611502580105059,-10.43510179802101,1.0007590710906928,1.000072298714484,0.0,,,,,,,
221,225420,0,8,5977,8.202936659441708,6.781864933419153,17.527743705567627,18.29720285785574,1.0438994981449723,1.0025884840317314,0.0,-10.466061274930869,-10.466061274930869,-10.466061274930869,-10.68246809039254,120.38075587119634,phase,36.99876247779002,42.201024144512644,5.853615029533226,37.020636295557566,41.95354316501526,5.85724855407933,36.99876247779002,42.20102414451266,5.853615029533226,37.020636295557566,41.95354316501525,5.85724855407933,-37.17594678610385,-37.261121606644146,1.2215472566297843,36.99876247779002,42.201024144512644,5.853615029533226,36.99876247779002,42.20102414451266,5.853615029533226,nan,-37.17594678610385,nan,-37.261121606644146,False,6.701892455202545,10fe235b3ddfead8,,8.202936659441708,6.781864933419153,0.0025884840317313973,tone,-10.466061274930869,2,-3.742652410527717,-8.061620670958646,1.0012123996438405,0.9996204508596761,0.0,,,,,,,
222,226440,0,8,7313,-0.14297332835042656,-0.2408746730307495,17.650030085286758,17.62903105709877,0.9988102553884318,0.99995476801708,0.0,-7.665738560511473,-7.665738560511473,-7.665738560511473,-7.665646942313538,209.3338525282845,phase,37.457904222322476,42.43619950957666,5.929884422312704,36.635427198095755,41.61314767447978,5.793260331909595,37.457904222322476,42.43619950957667,5.929884422312704,36.63542719809576,41.61314767447979,5.793260331909596,-39.58449183563759,-39.74715516698477,0.2726581854666237,37.457904222322476,42.43619950957666,5.929884422312704,37.457904222322476,42.43619950957667,5.929884422312704,nan,-39.58449183563759,nan,-39.74715516698477,False,6.152047917605478,830dae95a3fb9066,,-0.14297332835042656,-0.2408746730307495,-4.523198291994657e-05,tone,-7.665738560511473,3,-3.7926324796323843,-8.145958816990232,1.0012044744499624,0.9996283638102473,0.0,,,,,,,
223,227460,0,8,5237,4.913262456106496,4.529307092155992,17.91716257968811,17.89292045981193,0.9986469888985847,0.9949726177377349,0.0,-11.01551098289004,-11.01551098289004,-11.01551098289004,-11.697580182718635,175.9694868510787,phase,37.34756373425747,42.13629979597787,5.9115554375842985,37.89284275925276,42.3215691244161,6.002133348713084,37.34756373425748,42.13629979597787,5.911555437584299,37.89284275925275,42.3215691244161,6.002133348713082,-36.73953537353792,-36.47065798892419,0.5662155115633944,37.34756373425747,42.13629979597787,5.9115554375842985,37.34756373425748,42.13629979597787,5.911555437584299,nan,-36.73953537353792,nan,-36.47065798892419,False,6.147766272710564,dc3c28ffe6a9d3a6,,4.913262456106496,4.529307092155992,-0.005027382262265068,tone,-11.01551098289004,4,-2.07505939289403,-6.560111976658362,1.000323622867206,1.000512272490456,0.0,,,,,,,
224,228480,0,8,276,0.4173381318618897,0.7430154059335267,17.183280109367413,17.48614501707087,1.0176255584367941,1.0031707048649963,0.0,-11.453416681008047,-11.453416681008047,-11.453416681008047,-11.747883172948784,67.98774282115207,phase,37.11008219148971,40.979209576078915,5.872106676327195,36.85931542073715,41.04564757048459,5.830451066567633,37.110082191489695,40.9792095760789,5.872106676327193,36.85931542073713,41.04564757048458,5.830451066567631,-36.44756771761476,-36.43086747669791,-0.1297316663346384,37.11008219148971,40.979209576078915,5.872106676327195,37.110082191489695,40.9792095760789,5.872106676327193,nan,-36.44756771761476,nan,-36.43086747669791,False,6.8030431120258354,1524c2a82b8d6fc4,,0.4173381318618897,0.7430154059335267,0.0031707048649962655,tone,-11.453416681008047,5,-1.9290383025063127,-6.300189735595382,1.0008786757882855,0.9999588695700602,0.0,,,,,,,
225,229500,0,7,861,-0.029799490630069543,1.5744946653825953,19.218928588923074,19.389428833401205,1.0088714749986842,1.0022009622137025,0.0,-9.098676580365941,-9.098676580365941,-9.098676580365941,-9.27659788180252,-11.022900800125623,phase,37.513647886806865,42.13761673593144,5.939144167243666,37.584909897748766,42.02038272204153,5.950981710589497,37.513647886806865,42.13761673593146,5.939144167243666,37.58490989774878,42.020382722041546,5.950981710589499,-38.38082224186602,-38.531499858782595,-1.2280515053187073,37.513647886806865,42.13761673593144,5.939144167243666,37.513647886806865,42.13761673593146,5.939144167243666,nan,-38.38082224186602,nan,-38.531499858782595,False,7.065300660304082,31d7a19735a983d5,,-0.029799490630069543,1.5744946653825953,0.002200962213702473,tone,-9.098676580365941,6,-1.93945896784051,-5.749093935904295,1.0012641826138198,0.9995745628693304,0.0,,,,,,,
226,230520,0,7,2008,5.910764787326207,6.90757174497641,18.48123211046086,18.33902679001539,0.9923054199202996,0.9950253002134417,0.0,-10.76483252740605,-10.76483252740605,-10.76483252740605,-11.449039228961254,107.66743298629214,phase,36.94057206814135,40.38723725386103,5.8439488485284645,37.690251974997906,41.590520365974,5.9684803945179254,36.94057206814135,40.38723725386103,5.8439488485284645,37.69025197499791,41.59052036597399,5.968480394517926,-37.228474717874725,-37.0118127557281,-0.3803269943300531,36.94057206814135,40.38723725386103,5.8439488485284645,36.94057206814135,40.38723725386103,5.8439488485284645,nan,-37.228474717874725,nan,-37.0118127557281,False,7.757337962135177,d7dca58e0f4216e8,,5.910764787326207,6.90757174497641,-0.00497469978655829,tone,-10.76483252740605,7,0.12669670963874813,-3.3304148292634115,1.0003925095886008,1.0004491155953872,0.0,,,,,,,
227,231540,0,8,260,4.210760331865125,3.0346645798776954,17.780402449155936,17.4102733722974,0.9791833127558872,1.0034950596490027,0.0,-9.843812259965125,-9.843812259965125,-9.843812259965125,-10.247756114009608,-6.746936514988333,phase,37.2921463412403,41.178905566049934,5.902349890571479,37.705129129051464,42.102832243877806,5.970951682566689,37.2921463412403,41.17890556604994,5.902349890571479,37.70512912905147,42.10283224387781,5.970951682566691,-38.22143964378383,-38.212824387140344,0.9918150184037922,37.2921463412403,41.178905566049934,5.902349890571479,37.2921463412403,41.17890556604994,5.902349890571479,nan,-38.22143964378383,nan,-38.212824387140344,False,6.868084124166521,ed2927f8b4bd1f60,,4.210760331865125,3.0346645798776954,0.003495059649002652,tone,-9.843812259965125,8,1.5998845854244854,-2.268759032481486,1.0010043850999506,0.9998393366754953,0.0,,,,,,,
228,232560,0,8,8188,-2.2938303597212646,-2.7032603128213393,17.736925815996287,18.27308282493683,1.030228294040504,1.0011630934360483,0.0,-7.851803186991338,-7.851803186991338,-7.851803186991338,-7.910849430534646,149.65652643528125,phase,37.665770773059876,41.04260504167263,5.964413749677721,37.78993201448835,41.92642168850065,5.985038540612684,37.66577077305988,41.042605041672644,5.964413749677722,37.78993201448835,41.92642168850063,5.985038540612684,-40.319444748122464,-40.47191082331608,0.5184399225148066,37.665770773059876,41.04260504167263,5.964413749677721,37.66577077305988,41.042605041672644,5.964413749677722,nan,-40.319444748122464,nan,-40.47191082331608,False,6.121809917392449,c5f262a87e9601cf,,-2.2938303597212646,-2.7032603128213393,0.001163093436048257,tone,-7.851803186991338,9,0.7978495115998301,-3.21505217657144,1.0012081308851595,0.9996360644504078,0.0,,,,,,,
229,233580,0,7,6449,-16.75921626664897,-16.94288510213753,17.541667427489223,17.77530027650352,1.013318736658305,0.9959968579266746,0.0,-10.027860022563026,-10.027860022563026,-10.027860022563026,-10.506431020782252,149.79523693485595,phase,36.707360747857074,40.69288250093153,5.805209426554332,36.88503924310969,40.794192590311795,5.834724126762407,36.70736074785708,40.692882500931546,5.805209426554333,36.8850392431097,40.79419259031182,5.83472412676241,-37.93907362614429,-37.74512814262031,0.3995686465841466,36.707360747857074,40.69288250093153,5.805209426554332,36.70736074785708,40.692882500931546,5.805209426554333,nan,-37.93907362614429,nan,-37.74512814262031,False,5.791047802024218,a8f41f4665d2e21f,align_margin=5.8,,,,,,,,,,,,,,,,,,
229,233580,0,8,4553,-8.246127599212649,-8.866024959015139,17.589725127325917,17.708959859496403,1.0067786580692641,1.0017913007607626,0.0,-11.582701284883322,-11.582701284883322,-11.582701284883322,-11.680972315509484,-253.07314396952253,phase,37.2982505383217,42.03818507162432,5.903363876797626,36.98034813075136,41.908192812425554,5.8505561678988975,37.298250538321696,42.0381850716243,5.903363876797624,36.980348130751366,41.90819281242557,5.850556167898898,-36.64487546750698,-36.83709857176686,0.48359358956761156,37.2982505383217,42.03818507162432,5.903363876797626,37.298250538321696,42.0381850716243,5.903363876797624,nan,-36.64487546750698,nan,-36.83709857176686,False,6.846879776088495,e01166ce71905fa6,,-8.246127599212649,-8.866024959015139,0.0017913007607626152,tone,-11.582701284883322,10,-2.0848125150986663,-6.319290654963437,1.0015219872403034,0.9993232612275801,0.0,,,,,,,
230,234600,0,8,2637,-2.1089396684796045,-1.3708522905852765,17.25252066917357,16.599637183772725,0.9621572118115237,1.0001032890584396,0.0,-8.634136758136536,-8.634136758136536,-8.634136758136536,-8.635263079125078,-94.92377554387315,phase,36.76018269054147,41.77288192914482,5.813983835638119,37.11063480573259,41.54170579828397,5.872198472713055,36.76018269054148,41.772881929144845,5.81398383563812,37.1106348057326,41.54170579828401,5.872198472713057,-39.7114398604443,-39.7421434514913,-0.700172232092807,36.76018269054147,41.77288192914482,5.813983835638119,36.76018269054148,41.772881929144845,5.81398383563812,nan,-39.7114398604443,nan,-39.7421434514913,False,6.460593567038616,dffec59cf84578f0,,-2.1089396684796045,-1.3708522905852765,0.00010328905843959291,tone,-8.634136758136536,11,-2.8218196835601175,-6.7994138746665955,1.0015400903363403,0.9993051997403566,0.0,,,,,,,
231,235620,0,8,176,-7.6365333678613085,-7.563934999489214,18.124469664308602,18.175295774378263,1.0028042812292461,0.998307859297699,0.0,-7.80387331681855,-7.80387331681855,-7.80387331681855,-7.913641142588677,-4.803651135238268,phase,37.31258317378083,41.54224092976907,5.905744713252631,37.08979305160587,41.03329385935872,5.868736387309945,37.31258317378084,41.54224092976908,5.9057447132526315,37.08979305160586,41.033293859358736,5.868736387309944,-40.272172122729955,-40.17564554553539,0.18359410844779145,37.31258317378083,41.54224092976907,5.905744713252631,37.31258317378084,41.54224092976908,5.9057447132526315,nan,-40.272172122729955,nan,-40.17564554553539,False,6.210804089712185,fc164642471d1578,,-7.6365333678613085,-7.563934999489214,-0.0016921407023009483,tone,-7.80387331681855,12,-5.4904963591526785,-9.44863180179144,1.0012435096547674,0.9996016202009207,0.0,,,,,,,
232,236640,0,8,1017,-0.7327952938144104,-1.6882006689894864,17.372042816498375,17.97711133453233,1.0348300153542862,1.0008358656443779,0.0,-8.271461269017658,-8.271461269017658,-8.271461269017658,-8.302890220214858,25.88049727594675,phase,37.50517660136342,42.247686837974314,5.937736976970668,37.0556802321983,40.79474912819866,5.863069806013007,37.50517660136341,42.24768683797429,5.937736976970667,37.0556802321983,40.79474912819865,5.863069806013007,-39.455712056697806,-39.68681049462815,0.8441808777164865,37.50517660136342,42.247686837974314,5.937736976970668,37.50517660136341,42.24768683797429,5.937736976970667,nan,-39.455712056697806,nan,-39.68681049462815,False,7.452270157452901,2371293a6fa65d4c,,-0.7327952938144104,-1.6882006689894864,0.0008358656443778756,tone,-8.271461269017658,13,-5.746656174783822,-10.039737520515219,1.0013899680387583,0.999455524103461,0.0,,,,,,,
233,237660,0,8,2217,8.776631179875691,8.987517227229281,18.23356628455237,18.99351248945125,1.041678418420137,1.001432310181038,0.0,-11.17281214362855,-11.17281214362855,-11.17281214362855,-11.238550814068772,19.20150661426453,phase,37.40135474730555,41.7931217912933,5.920490821811553,37.485592034526704,42.92741854963373,5.934483726665566,37.40135474730555,41.7931217912933,5.920490821811553,37.4855920345267,42.927418549633735,5.934483726665565,-36.765412324569276,-36.96018345263833,-0.532475661040074,37.40135474730555,41.7931217912933,5.920490821811553,37.40135474730555,41.7931217912933,5.920490821811553,nan,-36.765412324569276,nan,-36.96018345263833,False,8.056308458160638,8ae3e7a59e3fcb41,,8.776631179875691,8.987517227229281,0.0014323101810380656,tone,-11.17281214362855,14,-2.6790990681625995,-6.89239283766706,1.0016409707218803,0.9992053646029934,0.0,,,,,,,
234,238680,0,7,3213,3.934593872269975,4.259502443200464,17.820035695096433,17.45890177886905,0.9797343887292684,0.9987688580978558,0.0,-7.9358104548459165,-7.9358104548459165,-7.9358104548459165,-7.991129758896726,-261.38654158300005,phase,37.67892717148125,41.53804287064833,5.966599197920474,37.00806288023688,42.15682880205891,5.855159946883203,37.678927171481234,41.53804287064833,5.9665991979204716,37.00806288023689,42.15682880205891,5.855159946883205,-38.94456785998444,-38.88332881026394,-0.47185416159668003,37.67892717148125,41.53804287064833,5.966599197920474,37.678927171481234,41.53804287064833,5.9665991979204716,nan,-38.94456785998444,nan,-38.88332881026394,False,5.992530503379726,1560340cb471e377,align_margin=6.0,,,,,,,,,,,,,,,,,,
234,238680,0,7,3968,1.11551191495762,1.809474963861271,17.329024156224417,17.962673891732326,1.036565806002429,0.9948867983881886,0.0,-9.895071068530727,-9.895071068530727,-9.895071068530727,-10.679544634807375,287.13278100384474,phase,37.300470726196735,41.502631671161296,5.903732678770223,37.4704040156928,41.14887425591263,5.931960799948971,37.30047072619674,41.5026316711613,5.903732678770224,37.4704040156928,41.14887425591263,5.931960799948971,-37.54006866585495,-37.150193895366456,-1.0940724368302004,37.300470726196735,41.502631671161296,5.903732678770223,37.30047072619674,41.5026316711613,5.903732678770224,nan,-37.54006866585495,nan,-37.150193895366456,False,6.29156449726836,16e4eb9c064a3a43,,1.11551191495762,1.809474963861271,-0.005113201611811391,tone,-9.895071068530727,15,-2.289309531145373,-6.258572944593252,1.0007446920823388,1.0001040590429957,0.0,,,,,,,
235,239700,0,7,3172,-6.914477952013066,-6.64905237854936,17.301051100233817,17.579570820127373,1.0160984276781768,0.9967643863674313,0.0,-10.207473333985185,-10.207473333985185,-10.207473333985185,-10.513401723214281,14.7022315463183,phase,37.72189043746929,41.41469551613834,5.973735953067989,37.561273672161015,41.41629578755318,5.947055427269272,37.7218904374693,41.414695516138345,5.97373595306799,37.56127367216101,41.416295787553175,5.947055427269271,-37.97424514974156,-37.85978479261797,-0.25107010325204104,37.72189043746929,41.41469551613834,5.973735953067989,37.7218904374693,41.414695516138345,5.97373595306799,nan,-37.97424514974156,nan,-37.85978479261797,False,6.046976882712351,f9d839ccedaa4621,,-6.914477952013066,-6.64905237854936,-0.0032356136325687457,tone,-10.207473333985185,16,-4.707575950494471,-8.585499139372576,1.0001780380278649,1.0006721885980288,0.0,,,,,,,
236,240720,0,8,7256,-3.814561943545651,-2.6272059127367746,16.982727926633853,16.90664379890813,0.9955199112854891,0.9993834902252393,0.0,-8.916452596548634,-8.916452596548634,-8.916452596548634,-8.927320499726282,207.28173564082846,phase,37.306613291705155,40.834365634943794,5.904753038489229,37.59585942268763,40.520853434560266,5.952800568552764,37.30661329170515,40.83436563494378,5.904753038489228,37.59585942268763,40.520853434560266,5.952800568552764,-38.91988195624598,-38.929723468057404,-1.0844727138997365,37.306613291705155,40.834365634943794,5.904753038489229,37.30661329170515,40.83436563494378,5.904753038489228,nan,-38.91988195624598,nan,-38.929723468057404,False,6.577420333767764,4d1ea45cee169a89,,-3.814561943545651,-2.6272059127367746,-0.0006165097747606874,tone,-8.916452596548634,17,-6.042434975067236,-9.504403531775196,1.0000701296088996,1.0007802169310323,0.0,,,,,,,
237,241740,0,8,6233,4.160269739723019,3.5092181996896317,16.55870104270141,17.212650348569067,1.0394927901760687,1.003667945351731,0.0,-11.598724683805228,-11.598724683805228,-11.598724683805228,-11.984371930471902,109.13915020900608,phase,36.963110206596504,41.23269027470681,5.847692725348257,37.232593951603086,41.85587685969783,5.892457467043703,36.963110206596504,41.23269027470681,5.847692725348257,37.23259395160307,41.855876859697815,5.8924574670437,-36.486786642182956,-36.38237842346095,0.9068398770527506,36.963110206596504,41.23269027470681,5.847692725348257,36.963110206596504,41.23269027470681,5.847692725348257,nan,-36.486786642182956,nan,-36.38237842346095,False,6.122183545072913,fde8adfdcc2eb43c,,4.160269739723019,3.5092181996896317,0.0036679453517309835,tone,-11.598724683805228,18,-4.586442674334791,-8.277134697807016,1.000712065060978,1.00014017332566,0.0,,,,,,,
238,242760,0,8,2645,-5.080749528403953,-5.250655464198749,18.399807576201212,18.92749241388398,1.028678823704944,0.9959536572156722,0.0,-11.17250547991298,-11.17250547991298,-11.17250547991298,-11.608169549645796,128.31500332969844,phase,37.19187254729746,43.04475235849661,5.885693114169014,37.38509410867782,42.03123104221835,5.917789719049472,37.19187254729747,43.04475235849661,5.885693114169016,37.385094108677826,42.031231042218366,5.917789719049473,-37.31120237534685,-37.22007664265337,0.250027051701748,37.19187254729746,43.04475235849661,5.885693114169014,37.19187254729747,43.04475235849661,5.885693114169016,nan,-37.31120237534685,nan,-37.22007664265337,False,6.871810818776213,5a3c68b1b7abcf1f,,-5.080749528403953,-5.250655464198749,-0.0040463427843278055,tone,-11.17250547991298,19,-6.3634396718008155,-10.114606545736846,1.0000034508533393,1.000851259870961,0.0,,,,,,,
239,243780,0,7,8267,7.813525910679712,7.163595982803234,18.250306347417183,19.080256288964534,1.0454759457593876,1.0038660309153369,0.0,-8.78300371982273,-8.78300371982273,-8.78300371982273,-9.321715808175261,281.8216516986488,phase,37.69025487564083,41.66567591626251,5.968480876352299,37.414010117446885,41.934746210904514,5.922593042765264,37.69025487564083,41.66567591626251,5.968480876352299,37.41401011744688,41.93474621090451,5.922593042765263,-38.86874882064881,-38.711384577243976,1.0430317775010893,37.69025487564083,41.66567591626251,5.968480876352299,37.69025487564083,41.66567591626251,5.968480876352299,nan,-38.86874882064881,nan,-38.711384577243976,False,5.69417833320974,cd8d633abe3041a5,align_margin=5.7,,,,,,,,,,,,,,,,,,
239,243780,0,8,7385,5.9174652774260394,7.374427915161197,19.150634609218518,19.33904058686773,1.009838106229572,0.9969072024588655,0.0,-11.59215220380681,-11.59215220380681,-11.59215220380681,-11.83464441762266,-140.53323725518726,phase,36.929775567374506,41.852337007419905,5.842155409862875,37.418818373924054,42.17416762642617,5.92339175646579,36.929775567374506,41.852337007419905,5.842155409862875,37.41881837392405,42.17416762642617,5.923391756465789,-36.504934322448335,-36.61383111248806,-1.3959261031288106,36.929775567374506,41.852337007419905,5.842155409862875,36.929775567374506,41.852337007419905,5.842155409862875,nan,-36.504934322448335,nan,-36.61383111248806,False,7.663931413758496,f6d8b7307553ac4b,,5.9174652774260394,7.374427915161197,-0.003092797541134451,tone,-11.59215220380681,20,-4.292333971783723,-7.535752050775035,0.9994622094159024,1.0013946407432113,0.0,20,-9.872186878215379,0.3171190703265236,-9.872186878215379,inside-deadband,,
240,244800,0,7,7225,-3.163181903102104,-1.589778202439315,17.80769056153606,18.292074039884426,1.0272008027472477,0.9989388684146102,0.0,-10.396250373896288,-10.396250373896288,-10.396250373896288,-10.425491779486263,126.0322291732025,phase,37.39369582948429,42.300409378556836,5.919218576326294,37.23473637496574,41.90728180202355,5.8928133513232135,37.39369582948429,42.30040937855685,5.919218576326294,37.23473637496573,41.907281802023526,5.892813351323212,-37.593115781628654,-37.73720361351184,-0.7577625164653616,37.39369582948429,42.300409378556836,5.919218576326294,37.39369582948429,42.30040937855685,5.919218576326294,nan,-37.593115781628654,nan,-37.73720361351184,False,6.070563235864095,088ea68ff82aee8d,,-3.163181903102104,-1.589778202439315,-0.0010611315853897851,tone,-10.396250373896288,1,-5.400043353544887,-8.091399493066914,0.9992766112551098,1.0015807952871558,0.0,,,,,,,
241,245820,0,7,3709,-3.9258160006011833,-4.694949210859667,17.0005569810541,17.872345689659635,1.0512800086242515,1.005129263093016,0.0,-10.563113870571495,-10.563113870571495,-10.563113870571495,-11.355003112873433,216.36182695564307,phase,37.173474691896,41.69336619448905,5.882636992009303,37.42052302507822,42.692759745181384,5.923674921109339,37.17347469189598,41.693366194489045,5.8826369920093,37.420523025078225,42.692759745181405,5.92367492110934,-37.37203080805191,-36.924532986246575,0.8874838865460699,37.173474691896,41.69336619448905,5.882636992009303,37.17347469189598,41.693366194489045,5.8826369920093,nan,-37.37203080805191,nan,-36.924532986246575,False,5.891836407246913,b38e4ef7eb700598,align_margin=5.9,,,,,,,,,,,,,,,,,,
241,245820,0,7,4609,2.2513729842371717,0.38481601896036793,18.61204688941114,18.70999456894906,1.0052625957864767,0.9985496030184485,0.0,-10.966123569182713,-10.966123569182713,-10.966123569182713,-11.018920281840465,188.4659838393692,phase,37.53017080303416,42.96861388342258,5.941888837713316,37.688415078024796,42.402114160611816,5.968175262130366,37.53017080303415,42.96861388342257,5.941888837713315,37.688415078024796,42.402114160611816,5.968175262130366,-37.43121370319124,-37.605214381271146,1.6769589391409596,37.53017080303416,42.96861388342258,5.941888837713316,37.53017080303415,42.96861388342257,5.941888837713315,nan,-37.43121370319124,nan,-37.605214381271146,False,7.0005940213986895,4203f36b505c7f17,,2.2513729842371717,0.38481601896036793,-0.0014503969815514717,tone,-10.966123569182713,2,-4.61149238016296,-7.956926460766495,0.9990229753934874,1.0018353852520687,0.0,,,,,,,
242,246840,0,7,735,-8.982218214570786,-10.770344064205307,16.41295822611873,16.069937211601378,0.9791005978452144,1.0043445735917658,0.0,-7.688543042969128,-7.688543042969128,-7.688543042969128,-8.45008747147561,406.3901951766911,phase,29.81542406917359,30.881699884845332,4.660369446706577,29.871906835012982,31.69450984715761,4.6697519659490005,29.815424069173588,30.881699884845325,4.660369446706576,29.871906835012986,31.69450984715762,4.669751965949001,-39.869601632496106,-39.26234109229852,1.7270361737095952,29.81542406917359,30.881699884845332,4.660369446706577,29.815424069173588,30.881699884845325,4.660369446706576,nan,-39.869601632496106,nan,-39.26234109229852,False,5.018095955536575,e6aac3fa4e9c46da,align_margin=5.0,,,,,,,,,,,,,,,,,,
242,246840,0,8,7189,3.581555881164193,2.5066100943422307,17.808507746431932,17.66671178082463,0.9920377401842829,1.0022223147280527,0.0,-8.316338923416629,-8.316338923416629,-8.316338923416629,-8.51256598379578,119.12323285608241,phase,37.47797106135269,42.19170361439289,5.933217784277856,37.457282427194166,42.82728733393807,5.9297811340854105,37.47797106135267,42.191703614392885,5.933217784277852,37.45728242719417,42.82728733393807,5.929781134085411,-40.251741446863896,-40.10643598228797,0.5117011105656888,37.47797106135269,42.19170361439289,5.933217784277856,37.47797106135267,42.191703614392885,5.933217784277852,nan,-40.251741446863896,nan,-40.10643598228797,False,6.499434790891259,2a50bb048c1b2b82,,3.581555881164193,2.5066100943422307,0.0022223147280526767,tone,-8.316338923416629,3,-3.3567218801014063,-7.08122018612833,0.9994115005010664,1.0014466303198275,0.0,,,,,,,
243,247860,0,8,5717,-8.497800108414658,-8.141696313266294,17.15389754766487,17.39103841735906,1.0138243142140295,1.0035917256763525,0.0,-8.394587323265863,-8.394587323265863,-8.394587323265863,-8.885207613834865,55.6736603395955,phase,37.23164784757629,41.406904400074474,5.892300306906361,37.15450222807305,41.64279637541987,5.87948541994569,37.23164784757629,41.40690440007448,5.892300306906361,37.15450222807304,41.64279637541985,5.879485419945689,-39.66461977867435,-39.263624905253955,-0.1318796946520333,37.23164784757629,41.406904400074474,5.892300306906361,37.23164784757629,41.40690440007448,5.892300306906361,nan,-39.66461977867435,nan,-39.263624905253955,False,6.037799913099289,7f7153c941dcf43d,,-8.497800108414658,-8.141696313266294,0.003591725676352464,tone,-8.394587323265863,4,-6.33270328161016,-9.926697541954212,1.0000396825918951,1.0008194218050217,0.0,,,,,,,
244,248880,0,8,6012,0.4004338669437162,0.9991565067062825,18.0161169399642,18.567430380412024,1.0306011246643763,0.9983851844554139,0.0,-9.796480668136216,-9.796480668136216,-9.796480668136216,-9.87405736891638,126.8320930964852,phase,37.57115498826651,41.673388389417596,5.948696841904736,37.476647885513906,42.127870400146435,5.932997987626895,37.57115498826651,41.673388389417624,5.948696841904736,37.476647885513906,42.127870400146435,5.932997987626895,-38.24840672374864,-38.335742080903316,-0.20189333846442747,37.57115498826651,41.673388389417596,5.948696841904736,37.57115498826651,41.673388389417624,5.948696841904736,nan,-38.24840672374864,nan,-38.335742080903316,False,6.667378080337085,f6ae6bffb004e337,,0.4004338669437162,0.9991565067062825,-0.0016148155445860901,tone,-9.796480668136216,5,-6.192556989547972,-9.577279085709137,0.999757078657581,1.0011027035357034,0.0,,,,,,,
245,249900,0,8,6261,5.825860132215212,5.063485595697145,17.375460984317872,17.757297630318583,1.0219756267960507,1.0030728180686186,0.0,-8.276940454273205,-8.276940454273205,-8.276940454273205,-8.645608640159383,130.5762641211467,phase,36.84906981122421,41.591100791282514,5.828749138077113,37.0252283091959,41.758344188255535,5.85801134704251,36.84906981122421,41.59110079128253,5.828749138077113,37.0252283091959,41.75834418825555,5.85801134704251,-39.41365640725656,-39.286075286038354,0.6887177250502425,36.84906981122421,41.591100791282514,5.828749138077113,36.84906981122421,41.59110079128253,5.828749138077113,nan,-39.41365640725656,nan,-39.286075286038354,False,6.458342961421855,1370e4fd359a7473,,5.825860132215212,5.063485595697145,0.003072818068618588,tone,-8.276940454273205,6,-4.153010493899999,-7.807011207863178,1.0002946911902983,1.0005660165438948,0.0,,,,,,,
246,250920,0,7,2037,-7.452971980833154,-8.659896543493792,17.122442342636432,17.773897729539392,1.0380468728623355,1.0030488672939661,0.0,-9.622973922083007,-9.622973922083007,-9.622973922083007,-9.941731121702503,-124.26791866824982,phase,36.6398995002731,40.86810504802604,5.794003239248024,37.51881978002218,41.80696568823702,5.94000328571797,36.6398995002731,40.86810504802605,5.794003239248024,37.51881978002217,41.806965688237014,5.940003285717969,-38.017893595785175,-37.96930816081946,1.4224246862866963,36.6398995002731,40.86810504802604,5.794003239248024,36.6398995002731,40.86810504802605,5.794003239248024,nan,-38.017893595785175,nan,-37.96930816081946,False,7.580521273402465,db5f07364f65cbf7,,-7.452971980833154,-8.659896543493792,0.00304886729396614,tone,-9.622973922083007,7,-6.760782199843552,-10.836260392931678,1.0008284001997505,1.0000337854702315,0.0,,,,,,,
247,251940,0,8,629,-5.549669802081879,-6.1813931163683895,17.370047178242178,17.78917569487496,1.0241293827432885,0.9989493751701309,0.0,-7.418115687393286,-7.418115687393286,-7.418115687393286,-7.460972222523114,162.83150410851653,phase,36.94877100219529,41.60033212262363,5.84531079770686,37.50421984017609,42.335348408812585,5.93757804654088,36.9487710021953,41.60033212262362,5.845310797706861,37.50421984017609,42.33534840881261,5.93757804654088,-40.143805500591306,-40.103098526662144,0.8857732189978633,36.94877100219529,41.60033212262363,5.84531079770686,36.9487710021953,41.60033212262362,5.845310797706861,nan,-40.143805500591306,nan,-40.103098526662144,False,6.2396261578392975,502267296d3585fa,,-5.549669802081879,-6.1813931163683895,-0.0010506248298690624,tone,-7.418115687393286,8,-8.701558890773772,-12.999674891684467,1.0006443885454053,1.0002178444041192,0.0,,,,,,,
248,252960,0,7,4741,4.994407230127436,5.5778763439428705,16.975284737840056,17.192789479650546,1.0128130246514007,0.999361672803632,0.0,-8.33487279806855,-8.33487279806855,-8.33487279806855,-8.348009717981903,48.32881040586247,phase,37.022521512968744,41.62800948367454,5.857561713117732,37.337526732978596,41.16829588528315,5.909888161624353,37.022521512968744,41.628009483674575,5.857561713117732,37.3375267329786,41.16829588528315,5.9098881616243535,-39.29155905116233,-39.27622139106195,-0.44366426081089116,37.022521512968744,41.62800948367454,5.857561713117732,37.022521512968744,41.628009483674575,5.857561713117732,nan,-39.29155905116233,nan,-39.27622139106195,False,6.25983207752792,08661a1e2ba06f48,,4.994407230127436,5.5778763439428705,-0.000638327196368027,tone,-8.33487279806855,9,-6.9546420534289295,-11.047843366879924,1.0005326093031626,1.0003296473651557,0.0,,,,,,,
249,253980,0,7,7220,4.494343508764647,3.9414094401191715,18.130676409916035,18.36093695906612,1.0127000528796681,0.9990329050439402,0.0,-8.557113088241747,-8.557113088241747,-8.557113088241747,-8.588334653942336,-24.00882424829831,phase,37.84883701990695,41.597587671445886,5.994823425233713,38.01057368797077,41.71207074212647,6.021689981390494,37.848837019906966,41.59758767144588,5.994823425233716,38.01057368797077,41.712070742126485,6.021689981390494,-38.49482032495073,-38.480516306996854,0.839055907176443,37.84883701990695,41.597587671445886,5.994823425233713,37.848837019906966,41.59758767144588,5.994823425233716,nan,-38.49482032495073,nan,-38.480516306996854,False,6.114313422271586,cb1c8b6dce5738dc,,4.494343508764647,3.9414094401191715,-0.0009670949560598441,tone,-8.557113088241747,10,-5.382459184583523,-9.668804659314612,1.0003632775461921,1.0004991086576807,0.0,,,,,,,
250,255000,0,8,1404,-0.9200300965866905,-1.6675058216688665,17.768795512468127,18.43905077684116,1.0377209172058244,1.002486019932812,0.0,-8.385203282967444,-8.385203282967444,-8.385203282967444,-8.628344209130331,66.45629348472956,phase,37.4832346022186,41.03766954278009,5.934092126614386,37.70409567461043,41.58230290330839,5.970780012393759,37.48323460221859,41.03766954278008,5.9340921266143845,37.70409567461044,41.58230290330841,5.970780012393762,-38.92220123605094,-38.89753157306122,0.2574121355112422,37.4832346022186,41.03766954278009,5.934092126614386,37.48323460221859,41.03766954278008,5.9340921266143845,nan,-38.92220123605094,nan,-38.89753157306122,False,7.817314967915735,27dfe9fedd152b87,,-0.9200300965866905,-1.6675058216688665,0.002486019932812056,tone,-8.385203282967444,11,-5.704352781672779,-10.252140548905883,1.0007984890795978,1.0000649174385015,0.0,,,,,,,
251,256020,0,7,3209,-3.7163367736986306,-4.436478549029275,17.115079096595238,17.410783020375415,1.0172773915978572,0.9987159206260949,0.0,-8.30532057670263,-8.30532057670263,-8.30532057670263,-8.363011562324477,101.62811642416204,phase,37.37962159829356,40.9892788240535,5.916880664168366,37.535103436458556,42.014798946594986,5.9427082120363055,37.379621598293554,40.98927882405349,5.9168806641683656,37.535103436458556,42.014798946595,5.9427082120363055,-39.80401222586606,-39.734632003691466,0.855287149675974,37.37962159829356,40.9892788240535,5.916880664168366,37.379621598293554,40.98927882405349,5.9168806641683656,nan,-39.80401222586606,nan,-39.734632003691466,False,5.7735121428884835,a1b43136a7f1d826,align_margin=5.8,,,,,,,,,,,,,,,,,,
251,256020,0,8,429,-5.625477468378805,-5.320735830980513,16.516101088205417,17.38001106714898,1.0523071380061064,1.0023919891481385,0.0,-11.370668513939636,-11.370668513939636,-11.370668513939636,-11.543883683074707,109.13410652764838,phase,36.943397479362496,42.13044338052383,5.844418185940615,37.49999615557374,41.89468275511139,5.9368764378029475,36.94339747936248,42.1304433805238,5.844418185940612,37.49999615557375,41.89468275511138,5.936876437802948,-36.572826480280554,-36.65429423024317,0.4302393526721531,36.943397479362496,42.13044338052383,5.844418185940615,36.94339747936248,42.1304433805238,5.844418185940612,nan,-36.572826480280554,nan,-36.65429423024317,False,5.804811660883039,dfff95933bbde49b,align_margin=5.8,,,,,,,,,,,,,,,,,,
251,256020,0,8,4009,-5.3127769803526075,-7.357952187687305,16.413664790272044,16.15980365963106,0.9845335497047898,1.0029398801849907,0.0,-11.142124074829553,-11.142124074829553,-11.142124074829553,-11.40269950731675,47.68893410983402,phase,37.18247648152491,41.73702374821029,5.884132305901148,37.15509336277999,41.709451863244375,5.879583615079734,37.18247648152491,41.73702374821029,5.884132305901148,37.15509336278,41.70945186324439,5.879583615079735,-36.920898686899555,-37.010811886576796,1.2860725697210307,37.18247648152491,41.73702374821029,5.884132305901148,37.18247648152491,41.73702374821029,5.884132305901148,nan,-36.920898686899555,nan,-37.010811886576796,False,6.886282690614818,07f3863052c69da9,,-5.3127769803526075,-7.357952187687305,0.0029398801849906953,tone,-11.142124074829553,12,-7.562341141380945,-12.827256644655659,1.0013133789178603,0.9995519131785259,0.0,,,,,,,
252,257040,0,8,2361,4.330282695874743,6.335594912255403,18.153131994613773,19.095270271952366,1.051899489169039,0.9962074501081345,0.0,-8.800933566434313,-8.800933566434313,-8.800933566434313,-9.290032945259977,6.746588392277504,phase,37.68561970781887,42.7046331712717,5.9677109149200795,37.55255186849217,42.5257328661134,5.945606622673119,37.68561970781886,42.7046331712717,5.967710914920077,37.55255186849216,42.5257328661134,5.945606622673117,-39.201372784786095,-38.89907313009524,-2.2403791721594883,37.68561970781887,42.7046331712717,5.9677109149200795,37.68561970781886,42.7046331712717,5.967710914920077,nan,-39.201372784786095,nan,-38.89907313009524,False,8.185793280624107,a4906a7fb77f5913,,4.330282695874743,6.335594912255403,-0.0037925498918655043,tone,-8.800933566434313,13,-6.048730142600425,-10.608804366136194,1.000648811002146,1.0002178375675372,0.0,,,,,,,
253,258060,0,8,4954,1.2617010904896415,0.12883443067630512,17.54893037823332,17.225427715723665,0.9815656763382623,1.0016229291910494,0.0,-7.470781736312319,-7.470781736312319,-7.470781736312319,-7.587400336155758,116.26355649398171,phase,29.60954197849015,31.68993831439775,4.626169763868796,29.626389991790223,31.677639560144986,4.628968437174455,29.60954197849015,31.689938314397757,4.626169763868796,29.62638999179022,31.677639560144986,4.628968437174455,-40.09441341671189,-40.13774940094081,0.3773408725887224,29.60954197849015,31.68993831439775,4.626169763868796,29.60954197849015,31.689938314397757,4.626169763868796,nan,-40.09441341671189,nan,-40.13774940094081,False,5.317507230916992,69b1314c0a107a59,align_margin=5.3,,,,,,,,,,,,,,,,,,
253,258060,0,7,6296,2.6924580539869076,2.5558519776550623,16.932272028446345,17.08430469938391,1.0089788700938744,0.9980158452533031,0.0,-9.34206689556601,-9.34206689556601,-9.34206689556601,-9.466126447898375,161.6896747602763,phase,37.23276628232624,41.19830151243798,5.8924860934096746,37.002184542521306,41.34243676025016,5.854183478824138,37.23276628232624,41.19830151243799,5.8924860934096746,37.0021845425213,41.34243676025015,5.854183478824137,-38.42267506575539,-38.38164640240018,0.5158667007962914,37.23276628232624,41.19830151243798,5.8924860934096746,37.23276628232624,41.19830151243799,5.8924860934096746,nan,-38.42267506575539,nan,-38.38164640240018,False,5.683501370274314,0c95d776dce86b97,align_margin=5.7,,,,,,,,,,,,,,,,,,
253,258060,0,7,4209,-2.521970741237001,-1.5132739086551656,17.912847775633736,18.030398055954944,1.0065623446251304,1.0025718424651184,0.0,-10.81869486188033,-10.81869486188033,-10.81869486188033,-11.025523737884944,25.426623615773227,phase,37.383116218819154,41.94773255461457,5.917461165916804,37.142357636137056,40.860083219459895,5.877468045869944,37.38311621881916,41.94773255461459,5.917461165916805,37.14235763613707,40.8600832194599,5.877468045869946,-36.78780339565991,-36.848434006383116,-0.9888053118624107,37.383116218819154,41.94773255461457,5.917461165916804,37.38311621881916,41.94773255461459,5.917461165916805,nan,-36.78780339565991,nan,-36.848434006383116,False,6.555099858611115,4b4b30f180cd0b10,,-2.521970741237001,-1.5132739086551656,0.0025718424651184346,tone,-10.81869486188033,14,-6.930847574538349,-11.138334882525875,1.001099175445487,0.9997688218910422,0.0,,,,,,,
254,259080,0,8,2725,0.839192842242031,-0.2910897673841059,17.222145152521346,17.470566714398355,1.0144245423364486,1.00203837330533,0.0,-10.782951771454655,-10.782951771454655,-10.782951771454655,-10.915903164019573,-104.25079943529909,phase,37.24403240261338,41.018615144714644,5.894357541962356,36.840756447249554,41.025285784887885,5.827368180606239,37.24403240261339,41.01861514471466,5.894357541962358,36.840756447249575,41.02528578488791,5.827368180606243,-37.119738163809586,-37.27730453593513,1.3743331800340544,37.24403240261338,41.018615144714644,5.894357541962356,37.24403240261339,41.01861514471466,5.894357541962358,nan,-37.119738163809586,nan,-37.27730453593513,False,6.4666473723626225,23d3dba6e06c660f,,0.839192842242031,-0.2910897673841059,0.0020383733053299657,tone,-10.782951771454655,15,-6.637452572335888,-11.240239859310138,1.0014562828666498,0.9994129144995106,0.0,,,,,,,
255,260100,0,8,165,6.573121779420691,7.083730669792535,16.075183723633312,17.05361933538629,1.0608662164348708,1.001198996244586,0.0,-11.168995014136923,-11.168995014136923,-11.168995014136923,-11.217725865693138,127.34430813621383,phase,36.525117146352564,41.04527958446109,5.774936403048599,37.197361785809505,41.96634542972415,5.886604947808888,36.52511714635256,41.045279584461085,5.774936403048598,37.19736178580949,41.96634542972413,5.886604947808887,-37.23771095213356,-37.52002155199612,-1.3548027375269172,36.525117146352564,41.04527958446109,5.774936403048599,36.52511714635256,41.045279584461085,5.774936403048598,nan,-37.23771095213356,nan,-37.52002155199612,False,5.646266106903147,ff4ca69aba6c8b28,align_margin=5.6,,,,,,,,,,,,,,,,,,
255,260100,0,7,1637,-5.27160385661612,-5.053071046932885,19.633850684329992,19.57833737041456,0.9971725712491162,1.0012658693257575,0.0,-11.179350455025649,-11.179350455025649,-11.179350455025649,-11.231987351686934,78.3911725725353,phase,37.54618999974025,42.86376043999289,5.9445498338438965,37.697868122957075,43.187183293386084,5.96974553537493,37.54618999974025,42.863760439992895,5.9445498338438965,37.697868122957075,43.18718329338607,5.96974553537493,-36.7881862929931,-37.006854370423206,-0.06822362713118935,37.54618999974025,42.86376043999289,5.9445498338438965,37.54618999974025,42.863760439992895,5.9445498338438965,nan,-36.7881862929931,nan,-37.006854370423206,False,7.989617521525769,e53eaf1574e2418a,,-5.27160385661612,-5.053071046932885,0.0012658693257574516,tone,-11.179350455025649,16,-8.479830898161742,-13.00985364032895,1.001678132604824,0.9991917973283146,0.0,,,,,,,
256,261120,0,7,7353,0.049988813820372804,-0.1345408630579259,17.118154990364253,16.535665241722576,0.9659723989548197,0.9934424896077213,0.0,-10.629343049556223,-10.629343049556223,-10.629343049556223,-11.81611535482605,-27.657057623539863,phase,36.770863532658105,40.96796568616888,5.81575806190334,36.889988477093574,41.301772972073884,5.835546258653419,36.770863532658105,40.96796568616888,5.81575806190334,36.889988477093574,41.30177297207388,5.835546258653419,-37.294282058557265,-36.78650066934791,-0.2568302675533999,36.770863532658105,40.96796568616888,5.81575806190334,36.770863532658105,40.96796568616888,5.81575806190334,nan,-37.294282058557265,nan,-36.78650066934791,False,6.076349841676903,7d0421fd994bfe57,,0.049988813820372804,-0.1345408630579259,-0.006557510392278698,tone,-10.629343049556223,17,-8.462364124886346,-13.056981030882179,1.000528642521076,1.0003460028974294,0.0,,,,,,,
257,262140,0,7,4521,3.6266964471837513,3.1237179315577013,17.395649374129178,17.73217578323862,1.0193454352793478,1.002734672154852,0.0,-8.879838492413965,-8.879838492413965,-8.879838492413965,-9.155927029335391,70.12271950292013,phase,36.76055232671441,41.827583994308775,5.81404523699575,36.70903358189452,41.361944931120284,5.805487305962546,36.76055232671442,41.827583994308775,5.814045236995751,36.709033581894516,41.36194493112028,5.805487305962545,-38.421713327549526,-38.45651610250308,0.18638218623693348,36.76055232671441,41.827583994308775,5.81404523699575,36.76055232671442,41.827583994308775,5.814045236995751,nan,-38.421713327549526,nan,-38.45651610250308,False,7.118573772828735,e40a5fdf7788a8d6,,3.6266964471837513,3.1237179315577013,0.0027346721548520136,tone,-8.879838492413965,18,-7.193691042908511,-11.964057909403683,1.001007463139372,0.9998685752925218,0.0,,,,,,,
258,263160,0,8,1014,5.634383675545104,4.217615604685112,16.334630922180256,16.503888095637336,1.0103618608993026,1.0020931574600318,0.0,-9.717137741102889,-9.717137741102889,-9.717137741102889,-9.870187890558267,213.22084963974348,phase,29.624791512282176,30.718040986163253,4.6287029090169725,29.71572953360176,31.221964587353483,4.643808892624877,29.624791512282165,30.718040986163242,4.628702909016971,29.71572953360176,31.221964587353487,4.643808892624877,-37.8234714636356,-37.96509194948486,0.8796448127568204,29.624791512282176,30.718040986163253,4.6287029090169725,29.624791512282165,30.718040986163242,4.628702909016971,nan,-37.8234714636356,nan,-37.96509194948486,False,6.795288186058253,f3ff5a69ab708b95,,5.634383675545104,4.217615604685112,0.0020931574600318026,tone,-9.717137741102889,19,-5.22364150875612,-10.487698417649558,1.0013741347312002,0.9995030859050604,0.0,,,,,,,
259,264180,0,7,6853,12.810413372017397,13.169287929003772,19.53671553087391,19.569672427520715,1.00168692104846,1.0018139108471749,0.0,-11.072976668129867,-11.072976668129867,-11.072976668129867,-11.177294922815147,89.85648885017602,phase,37.292857130905645,42.92057621687175,5.90246796194446,37.31709050345968,43.0817355278426,5.9064934391129045,37.292857130905645,42.92057621687174,5.90246796194446,37.31709050345969,43.081735527842625,5.906493439112906,-37.170848717135364,-37.38023442891547,-0.6398683430298977,37.292857130905645,42.92057621687175,5.90246796194446,37.292857130905645,42.92057621687174,5.90246796194446,nan,-37.170848717135364,nan,-37.38023442891547,False,6.443269132572762,5392e0a617c6702d,,12.810413372017397,13.169287929003772,0.00181391084717486,tone,-11.072976668129867,20,-0.746149505819937,-5.876156102122241,1.0016920053270872,0.9991863837139712,0.0,19,-9.566905948981551,0.2883602945528527,-9.566905948981551,inside-deadband,,
260,265200,0,8,1817,0.29437480518480663,1.7472721275356642,18.195469358564093,18.710074767733868,1.02828206291516,0.9941484312582363,0.0,-11.769476122766278,-11.769476122766278,-11.769476122766278,-12.630360071851246,175.12493162455803,phase,37.45986539379024,41.77487048570768,5.930210198304027,36.85401306871813,41.949730477424,5.829570277195704,37.459865393790224,41.774870485707666,5.9302101983040245,36.85401306871812,41.949730477424,5.829570277195701,-36.64146319003927,-36.28741569722924,-1.4189605876116413,37.45986539379024,41.77487048570768,5.930210198304027,37.459865393790224,41.774870485707666,5.9302101983040245,nan,-36.64146319003927,nan,-36.28741569722924,False,6.556119472208743,b36f499eb90aba75,,0.29437480518480663,1.7472721275356642,-0.005851568741763735,tone,-11.769476122766278,1,-0.6432923588458638,-5.264112889158938,1.0006662481423192,1.000215597596529,0.0,,,,,,,
261,266220,0,8,27,-14.967509266356599,-13.70209218607884,17.321720232458667,17.241986143168404,0.9953968723533099,1.0023214195431107,0.0,-10.881109698190672,-10.881109698190672,-10.881109698190672,-11.050311534092137,-115.65302279078055,phase,37.65288251744286,42.40465214311851,5.962272843429048,37.402717673037245,42.99680741714285,5.920717221434759,37.652882517442855,42.4046521431185,5.962272843429046,37.402717673037245,42.99680741714285,5.920717221434759,-37.16774697836041,-37.222376762003194,-1.1940517177923038,37.65288251744286,42.40465214311851,5.962272843429048,37.652882517442855,42.4046521431185,5.962272843429046,nan,-37.16774697836041,nan,-37.222376762003194,False,5.673104281338237,e33dafaab72d94d5,align_margin=5.7,,,,,,,,,,,,,,,,,,
261,266220,0,8,7401,-1.7806557148407944,-2.252044931704728,18.44173279292425,19.165988559785717,1.0392726526836649,1.0012656858727031,0.0,-7.34395643095767,-7.34395643095767,-7.34395643095767,-7.417144715765232,36.133509129254385,phase,37.4026407621987,41.79724835705435,5.920704445547957,37.45458475713333,41.9075503975278,5.929333016135105,37.402640762198715,41.79724835705436,5.92070444554796,37.454584757133325,41.907550397527785,5.9293330161351046,-40.79829872790016,-40.8985524143361,0.20734808923021653,37.4026407621987,41.79724835705435,5.920704445547957,37.402640762198715,41.79724835705436,5.92070444554796,nan,-40.79829872790016,nan,-40.8985524143361,False,7.453200483897813,e377ddc91b552034,,-1.7806557148407944,-2.252044931704728,0.0012656858727031484,tone,-7.34395643095767,2,-1.2661069100024243,-6.0521587144697016,1.000887890740693,0.9999943348641249,0.0,,,,,,,
262,267240,0,7,317,-0.8359660705882743,-0.9136200727604998,17.51203634242899,17.641029365787972,1.007365963662744,1.0019556372427485,0.0,-10.160316797860927,-10.160316797860927,-10.160316797860927,-10.28946987276621,-43.181257236535835,phase,37.03453793909398,41.779735896229994,5.859557797191692,37.48796036684943,42.659938673814025,5.934877137350404,37.03453793909398,41.779735896229994,5.859557797191692,37.48796036684943,42.659938673814025,5.934877137350404,-37.990776589058605,-38.083464098155815,0.03173228966134678,37.03453793909398,41.779735896229994,5.859557797191692,37.03453793909398,41.779735896229994,5.859557797191692,nan,-37.990776589058605,nan,-38.083464098155815,False,6.574676656658554,3beaa6ce2c2fe7fc,,-0.8359660705882743,-0.9136200727604998,0.001955637242748498,tone,-10.160316797860927,3,-1.5584354788787749,-6.371927551469787,1.001230431126809,0.9996527682658207,0.0,,,,,,,
263,268260,0,8,3153,-3.100060713414414,-2.3646203400446604,18.099636239729215,18.21554612950464,1.006403990016164,0.9968783205064606,0.0,-9.434948174573575,-9.434948174573575,-9.434948174573575,-9.744224709067023,174.2260513667728,phase,37.588614017848776,42.301247482072036,5.951597012931691,37.40234934892924,41.66265975266118,5.920656038028114,37.58861401784876,42.30124748207204,5.951597012931689,37.402349348929235,41.662659752661156,5.920656038028113,-38.39252186348881,-38.207467094115444,-1.2552512153804534,37.588614017848776,42.301247482072036,5.951597012931691,37.58861401784876,42.30124748207204,5.951597012931689,nan,-38.39252186348881,nan,-38.207467094115444,False,6.128920810804757,36f929070f256129,,-3.100060713414414,-2.3646203400446604,-0.0031216794935393644,tone,-9.434948174573575,4,-2.6421233253158185,-7.199832145233245,1.0006834650384067,1.0002005825873417,0.0,,,,,,,
264,269280,0,7,3325,5.109408690306014,6.093955198626048,20.868624165817923,21.47629230558026,1.0291187447209709,1.0028739633840817,0.0,-9.428264035838737,-9.428264035838737,-9.428264035838737,-9.718979350134322,81.04049761352364,phase,37.95020387521298,43.626353195034696,6.011661773291193,38.04222933444708,43.57745851039003,6.026948394426426,37.95020387521298,43.626353195034696,6.011661773291193,38.04222933444708,43.57745851039005,6.026948394426426,-38.14225440666312,-38.24325087317583,-0.8231228843735607,37.95020387521298,43.626353195034696,6.011661773291193,37.95020387521298,43.626353195034696,6.011661773291193,nan,-38.14225440666312,nan,-38.24325087317583,False,5.645968728644283,7f7dfba1a8f1543f,align_margin=5.6,,,,,,,,,,,,,,,,,,
264,269280,0,8,7321,-2.70820114455151,-3.9601016665603157,18.213774409206106,18.09764067830147,0.9936238514711186,0.9984460514341167,0.0,-8.142648080207435,-8.142648080207435,-8.142648080207435,-8.230329094300586,-36.410618069468484,phase,37.658291586653895,42.41201686407376,5.9631713599092855,37.48646277338017,42.29521496229938,5.934628367671125,37.658291586653895,42.41201686407376,5.9631713599092855,37.486462773380154,42.29521496229937,5.934628367671123,-39.383602243888596,-39.34968751830019,1.111857300838421,37.658291586653895,42.41201686407376,5.9631713599092855,37.658291586653895,42.41201686407376,5.9631713599092855,nan,-39.383602243888596,nan,-39.34968751830019,False,6.758767249722744,0cb5384b09989195,,-2.70820114455151,-3.9601016665603157,-0.0015539485658833119,tone,-8.142648080207435,5,-3.5893463321001358,-8.585589769679615,1.0004113381772117,1.0004730014579135,0.0,,,,,,,
265,270300,0,8,1832,-5.795149053959027,-5.33501124186445,18.360930743972215,18.931399112306977,1.0310696868415585,0.9971439296026399,0.0,-9.805672387113864,-9.805672387113864,-9.805672387113864,-10.054249240724001,522.8355244460222,phase,37.89949468067748,42.05146698790416,6.003238319049416,37.5319483956412,41.51856667667927,5.942184118877277,37.89949468067747,42.05146698790416,6.003238319049414,37.5319483956412,41.51856667667927,5.942184118877277,-38.06300471317403,-38.072744871289615,-0.98492127611512,37.89949468067748,42.05146698790416,6.003238319049416,37.89949468067747,42.05146698790416,6.003238319049414,nan,-38.06300471317403,nan,-38.072744871289615,False,7.755263261831316,5f913ac0e8d78668,,-5.795149053959027,-5.33501124186445,-0.002856070397360133,tone,-9.805672387113864,6,-5.616814525914597,-10.45196090806271,0.9999113202657852,1.0009744824544364,0.0,,,,,,,
266,271320,0,8,7830,-7.159759475277126,-6.563391781516251,16.377553217304214,16.7503526272181,1.022762826960012,1.0040328584229234,0.0,-10.056465039368323,-10.056465039368323,-10.056465039368323,-10.578013001430124,72.39061130374144,phase,37.347235439567946,40.59930577243644,5.911500903582716,36.79639352355718,40.22071925518929,5.819998924178934,37.34723543956795,40.59930577243644,5.911500903582717,36.796393523557185,40.220719255189294,5.819998924178935,-38.015953199960805,-37.83299639461103,-0.29388932561930936,37.347235439567946,40.59930577243644,5.911500903582716,37.34723543956795,40.59930577243644,5.911500903582717,nan,-38.015953199960805,nan,-37.83299639461103,False,5.93027670157754,c51a4ef7f58e4228,align_margin=5.9,,,,,,,,,,,,,,,,,,
266,271320,0,7,6417,3.399822679734971,4.768813507527675,17.27776714762596,17.44098056807573,1.0094464417221989,0.9972387272929588,0.0,-11.218601956919363,-11.218601956919363,-11.218601956919363,-11.41821535326724,-171.00944975421447,phase,37.209995350208025,41.25549750333099,5.888703546546185,37.2337169000095,41.90163876418458,5.892644003323838,37.209995350208025,41.255497503330986,5.888703546546185,37.23371690000949,41.90163876418457,5.892644003323836,-36.92750567605507,-37.08546570362796,-1.6892284808884828,37.209995350208025,41.25549750333099,5.888703546546185,37.209995350208025,41.255497503330986,5.888703546546185,nan,-36.92750567605507,nan,-37.08546570362796,False,5.889301560167764,70055b1c76296803,align_margin=5.9,,,,,,,,,,,,,,,,,,
266,271320,0,7,3316,-1.706268357132839,1.0114598676936088,17.974446901883116,18.51463296936062,1.0300530008197866,1.0035444171312016,0.0,-9.649791201672498,-9.649791201672498,-9.649791201672498,-10.073034416855082,35.94241809409892,phase,37.30431886478709,41.14751182306275,5.904371904449683,37.612341750330025,42.85532090515025,5.955538496732563,37.30431886478709,41.14751182306274,5.904371904449683,37.61234175033002,42.855320905150236,5.9555384967325615,-38.348220880591796,-38.17091695047152,-2.3689598084994534,37.30431886478709,41.14751182306275,5.904371904449683,37.30431886478709,41.14751182306274,5.904371904449683,nan,-38.348220880591796,nan,-38.17091695047152,False,5.7589711233989656,cfb82516e638e602,align_margin=5.8,,,,,,,,,,,,,,,,,,
266,271320,0,7,6548,6.342623750582469,8.83409808447843,15.793837248314874,16.683771139430515,1.0563469077921892,1.0022353115015508,0.0,-8.004929919101478,-8.004929919101478,-8.004929919101478,-8.211675283097584,-20.411223934592417,phase,37.013706144960615,40.855469906676035,5.856097366272528,37.104363432731624,40.52569346083991,5.871156716400603,37.013706144960615,40.85546990667603,5.856097366272528,37.10436343273163,40.5256934608399,5.871156716400604,-39.985415790854766,-39.83332438286627,-1.97391588856126,37.013706144960615,40.855469906676035,5.856097366272528,37.013706144960615,40.85546990667603,5.856097366272528,nan,-39.985415790854766,nan,-39.83332438286627,False,5.775428311610249,c0c1ec89ba34fc9e,align_margin=5.8,,,,,,,,,,,,,,,,,,
266,271320,0,8,1717,-7.214306714689826,-5.4630206839302975,20.287668225270775,19.848400129333694,0.9783480244718357,1.0047441902167902,0.0,-11.288311004512481,-11.288311004512481,-11.288311004512481,-11.931357758207273,196.46712136037493,phase,37.849338231037535,43.619136754631064,5.994906682896601,37.71757966625217,43.375708319680186,5.973019878114979,37.84933823103753,43.619136754631064,5.9949066828966,37.71757966625216,43.37570831968016,5.973019878114978,-36.91693911667302,-36.724369997756476,-1.5785383907215502,37.849338231037535,43.619136754631064,5.994906682896601,37.84933823103753,43.619136754631064,5.9949066828966,nan,-36.91693911667302,nan,-36.724369997756476,False,8.538910152360879,f006e2f1abc888e5,,-7.214306714689826,-5.4630206839302975,0.004744190216790178,tone,-11.288311004512481,7,-8.142045812895397,-12.36215669515925,1.0007414799288563,1.0001473641254106,0.0,,,,,,,
267,272340,0,8,3117,5.3294878966909875,6.669315582134113,17.794366230562996,17.418734976557054,0.9788904393031559,0.9979476221674101,0.0,-8.396089676277986,-8.396089676277986,-8.396089676277986,-8.546064743695263,-153.8009049116668,phase,37.4154850842462,41.47334309771509,5.922838053861495,37.51055128370359,42.453641578776605,5.938629781346112,37.4154850842462,41.47334309771506,5.922838053861495,37.510551283703585,42.45364157877661,5.938629781346111,-39.3667080120727,-39.277679277800495,-1.6196331028318545,37.4154850842462,41.47334309771509,5.922838053861495,37.4154850842462,41.47334309771506,5.922838053861495,nan,-39.3667080120727,nan,-39.277679277800495,False,6.081208274119304,61ba903fc57dbdcd,,5.3294878966909875,6.669315582134113,-0.0020523778325899356,tone,-8.396089676277986,8,-6.278107122181335,-10.028240176978795,1.0003820474936833,1.0005073219437624,0.0,,,,,,,
268,273360,0,7,7369,1.1142285027256773,1.5319586659055395,16.266720291699833,16.830676617749376,1.0346693319818934,1.003315440887069,0.0,-11.596088505730908,-11.596088505730908,-11.596088505730908,-11.912530643458561,-10.178028008444457,phase,37.00523792326089,41.85237981878886,5.85469068492706,36.66704326384834,40.91609283391794,5.798512170074476,37.00523792326089,41.85237981878889,5.85469068492706,36.66704326384835,40.91609283391794,5.798512170074478,-36.54894170255732,-36.530196039210566,-0.5015317794248784,37.00523792326089,41.85237981878886,5.85469068492706,37.00523792326089,41.85237981878889,5.85469068492706,nan,-36.54894170255732,nan,-36.530196039210566,False,6.56997826646526,419ad607b043bf56,,1.1142285027256773,1.5319586659055395,0.003315440887069032,tone,-11.596088505730908,9,-5.888276080199897,-9.492326524667636,1.0009624713136995,0.9999287436812679,0.0,,,,,,,
269,274380,0,8,3800,3.79384443475822,5.136348498751788,18.82168600901751,18.98720440080585,1.0087940257694787,1.0019288699796982,0.0,-9.538807931940415,-9.538807931940415,-9.538807931940415,-9.67113310918142,-71.69399063797664,phase,37.85046656410647,42.118497477465795,5.995094113638949,37.737722335766655,41.597078475224194,5.97636583650609,37.85046656410646,42.11849747746578,5.995094113638948,37.737722335766655,41.597078475224194,5.97636583650609,-38.51219743923198,-38.65144699429852,-0.6304707432504104,37.85046656410647,42.118497477465795,5.995094113638949,37.85046656410646,42.11849747746578,5.995094113638948,nan,-38.51219743923198,nan,-38.65144699429852,False,6.656821758889444,7ea6b77b05ca6464,,3.79384443475822,5.136348498751788,0.0019288699796982112,tone,-9.538807931940415,10,-4.561707312419158,-7.694476441925982,1.0013003484445007,0.999591865282182,0.0,,,,,,,
270,275400,0,8,1420,-11.808962488263331,-11.395110702383944,17.696918293953335,17.5636904418779,0.9924716919713102,0.9953663055450994,0.0,-10.335115685989601,-10.335115685989601,-10.335115685989601,-10.953984895907624,52.190488785542975,phase,37.28398942057808,40.98728994045567,5.900994920361808,37.5947985824728,41.62477947276134,5.952624349247974,37.283989420578074,40.98728994045565,5.900994920361807,37.59479858247281,41.62477947276136,5.9526243492479765,-37.6879008440249,-37.355234846792584,-0.6399616475470857,37.28398942057808,40.98728994045567,5.900994920361808,37.283989420578074,40.98728994045565,5.900994920361807,nan,-37.6879008440249,nan,-37.355234846792584,False,7.330010765497085,7990139672321ab5,,-11.808962488263331,-11.395110702383944,-0.004633694454900583,tone,-10.335115685989601,11,-8.6894766448806,-11.684393611478473,1.0004883974668521,1.0004062042547448,0.0,,,,,,,
271,276420,0,8,7684,-4.668194937322851,-4.8590664084997774,17.666965022293436,17.857163656978386,1.0107657786408104,1.0040212665157973,0.0,-11.413234499436381,-11.413234499436381,-11.413234499436381,-11.877822369537753,97.7330178271789,phase,37.32738066277357,41.464701899094976,5.908202767902587,37.10063890603434,40.4469872542728,5.870538024258197,37.32738066277355,41.46470189909496,5.9082027679025835,37.10063890603433,40.4469872542728,5.870538024258194,-36.2689539568935,-36.28390531583951,-0.049325805945575674,37.32738066277357,41.464701899094976,5.908202767902587,37.32738066277355,41.46470189909496,5.9082027679025835,nan,-36.2689539568935,nan,-36.28390531583951,False,6.82749384448669,85054ef23e2d0609,,-4.668194937322851,-4.8590664084997774,0.004021266515797262,tone,-11.413234499436381,12,-10.322547285379587,-13.384376314246538,1.0011924628029831,0.9997050164229053,0.0,,,,,,,
272,277440,0,7,3956,0.656032205992942,0.5600449974259563,17.293493392607886,17.503323547847454,1.0121334741614012,0.999826131823143,0.0,-7.948955364812903,-7.948955364812903,-7.948955364812903,-7.948631591210118,-8.698955792948865,phase,37.25336335657806,41.60683401547181,5.895907534315294,37.38101036822707,41.0104909708057,5.917111356848351,37.25336335657806,41.60683401547181,5.895907534315294,37.38101036822708,41.01049097080572,5.917111356848353,-39.800737147076084,-39.828760595015005,-0.1664689317078223,37.25336335657806,41.60683401547181,5.895907534315294,37.25336335657806,41.60683401547181,5.895907534315294,nan,-39.800737147076084,nan,-39.828760595015005,False,6.240964815231409,81e6776676ddea31,,0.656032205992942,0.5600449974259563,-0.00017386817685705047,tone,-7.948955364812903,13,-10.09320949007228,-13.188302726659213,1.00116199958905,0.9997354396680446,0.0,,,,,,,
273,278460,0,8,641,7.654998400375856,7.444873747914528,17.786643853536592,18.066042309207923,1.015708329124484,0.9959901431556631,0.0,-9.870093454272556,-9.870093454272556,-9.870093454272556,-10.357136441324252,93.24831508531764,phase,37.138863686625676,42.05094008590126,5.876887655585661,37.58570817060885,42.302715131920685,5.951114314054626,37.138863686625676,42.050940085901246,5.876887655585661,37.58570817060886,42.30271513192072,5.951114314054629,-37.71895266138167,-37.50019237074878,-0.09621345469008524,37.138863686625676,42.05094008590126,5.876887655585661,37.138863686625676,42.050940085901246,5.876887655585661,nan,-37.71895266138167,nan,-37.50019237074878,False,6.1516391162050885,6560ab3c08cccc4f,,7.654998400375856,7.444873747914528,-0.0040098568443368565,tone,-9.870093454272556,14,-7.417069723250018,-10.581907366067323,1.00045945923719,1.0004398033648088,0.0,,,,,,,
274,279480,0,7,353,2.758380204233741,2.2679116814124387,16.70746262454791,17.085096714763317,1.0226027194375138,1.0014711580120204,0.0,-7.5463463143825695,-7.5463463143825695,-7.5463463143825695,-7.643098027579965,-74.24819950105808,phase,37.04968127003126,41.957678766747755,5.862073300669645,36.84323097374764,41.42186079742451,5.827779231519542,37.04968127003126,41.957678766747755,5.862073300669645,36.84323097374764,41.42186079742451,5.827779231519542,-39.62567214965687,-39.62891599581038,0.37469179448368983,37.04968127003126,41.957678766747755,5.862073300669645,37.04968127003126,41.957678766747755,5.862073300669645,nan,-39.62567214965687,nan,-39.62891599581038,False,6.590167758654351,144630caeb1b597a,,2.758380204233741,2.2679116814124387,0.0014711580120203571,tone,-7.5463463143825695,15,-6.4520800251987716,-9.788487226420093,1.0007170301782928,1.000182615847639,0.0,,,,,,,
275,280500,0,8,5192,7.248918491110726,7.387082624014441,17.5040686232818,17.511395904604754,1.0004186044673755,1.003206115445507,0.0,-10.832728423777981,-10.832728423777981,-10.832728423777981,-11.147846151848885,167.4235428940836,phase,37.50068681383422,41.3087930017694,5.936991165088742,36.782835212659954,40.082897597582246,5.817746713066438,37.50068681383421,41.30879300176939,5.936991165088739,36.782835212659954,40.08289759758226,5.817746713066438,-36.964169243557365,-37.04013059084758,0.4080099930901362,37.50068681383422,41.3087930017694,5.936991165088742,37.50068681383421,41.30879300176939,5.936991165088739,nan,-36.964169243557365,nan,-37.04013059084758,False,6.183066409944205,8cdfaad5fb1a24b4,,7.248918491110726,7.387082624014441,0.003206115445506974,tone,-10.832728423777981,16,-3.916776442489954,-7.203480371233052,1.0012785026855242,0.9996232366187503,0.0,,,,,,,
276,281520,0,7,1528,-7.847300358996644,-8.335696525756429,16.182473195525038,16.28084472987393,1.0060788936993943,1.0019017222710183,0.0,-10.309589624419981,-10.309589624419981,-10.309589624419981,-10.430577904560797,-118.68197253217015,phase,36.85649249777034,39.97687326040992,5.829982142486768,37.22508545500861,40.28617337451262,5.891210208473192,36.85649249777033,39.97687326040992,5.829982142486767,37.225085455008596,40.286173374512614,5.89121020847319,-37.385043097906966,-37.60067200499271,0.18972378446063587,36.85649249777034,39.97687326040992,5.829982142486768,36.85649249777033,39.97687326040992,5.829982142486767,nan,-37.385043097906966,nan,-37.60067200499271,False,7.514510969224284,4238b670f649de95,,-7.847300358996644,-8.335696525756429,0.001901722271018258,tone,-10.309589624419981,17,-6.659824573736458,-10.12207377436686,1.0016117295704328,0.9992911920652243,0.0,,,,,,,
277,282540,0,8,5213,-0.9530212305531589,-1.1305687172212475,17.515276911806993,16.91660675707567,0.9658201147634862,1.0011977138524029,0.0,-10.73753656257094,-10.73753656257094,-10.73753656257094,-10.785953359880947,9.30862827996994,phase,37.194109756339,41.64897105909975,5.886064743577908,37.28517495758874,41.41059406108737,5.901191853420056,37.194109756338996,41.64897105909975,5.886064743577907,37.28517495758872,41.410594061087366,5.9011918534200545,-37.03846065060975,-37.357247115931045,0.1332730189360256,37.194109756339,41.64897105909975,5.886064743577908,37.194109756338996,41.64897105909975,5.886064743577907,nan,-37.03846065060975,nan,-37.357247115931045,False,6.107688322410533,fc1fcbf81c6ebef0,,-0.9530212305531589,-1.1305687172212475,0.0011977138524028597,tone,-10.73753656257094,18,-6.9928452651341715,-10.518053498965102,1.001821667312999,0.9990819912698338,0.0,,,,,,,
278,283560,0,7,3215,-0.6597100749164736,-0.6375054264266429,15.123867886210979,15.211089926593377,1.0057671781477224,1.0002233129573934,0.0,-9.434310788934964,-9.434310788934964,-9.434310788934964,-9.437177087963926,-138.18411470296473,phase,30.11145880240997,31.99155777005462,4.709544651563118,30.02281754363679,31.81952025590606,4.694820189972889,30.111458802409974,31.991557770054623,4.709544651563118,30.022817543636794,31.81952025590607,4.69482018997289,-37.71105816148227,-37.93793883138361,-0.30123127618514633,30.11145880240997,31.99155777005462,4.709544651563118,30.111458802409974,31.991557770054623,4.709544651563118,nan,-37.71105816148227,nan,-37.93793883138361,False,4.899839544543096,034f7cd5c142f6f8,align_margin=4.9,,,,,,,,,,,,,,,,,,
278,283560,0,8,4957,-1.1988680358919281,-1.244947855538561,17.268772465619556,17.064566529095075,0.988174843525732,0.9948807305334086,0.0,-9.007866419128408,-9.007866419128408,-9.007866419128408,-9.870049953542265,-78.02226879957695,phase,37.44039131524216,42.60538479388781,5.9269753015352435,37.16998002598828,41.98460825887558,5.882056482722306,37.44039131524217,42.605384793887815,5.926975301535244,37.16998002598829,41.984608258875554,5.882056482722308,-38.353190470356246,-37.89955226982048,0.5996726096432292,37.44039131524216,42.60538479388781,5.9269753015352435,37.44039131524217,42.605384793887815,5.926975301535244,nan,-38.353190470356246,nan,-37.89955226982048,False,6.336988081285352,9bcf4c43e1d4dabf,,-1.1988680358919281,-1.244947855538561,-0.0051192694665913585,tone,-9.007866419128408,19,-7.411686089058055,-10.95418562149959,1.000924163175321,0.999981646586017,0.0,,,,,,,
279,284580,0,8,3922,10.59714543408656,9.803091044387322,18.29781898659542,18.394642310602347,1.0052915226715193,1.0021899477224732,0.0,-9.453209483146038,-9.453209483146038,-9.453209483146038,-9.623612099833492,-184.26293781804733,phase,37.037285825022266,41.2337930711834,5.860014256648218,37.30398708898364,41.35567515762566,5.904316792189974,37.03728582502225,41.233793071183385,5.860014256648215,37.30398708898364,41.355675157625676,5.904316792189974,-38.05734850927945,-38.19711001141047,0.5106180735479366,37.037285825022266,41.2337930711834,5.860014256648218,37.03728582502225,41.233793071183385,5.860014256648215,nan,-38.05734850927945,nan,-38.19711001141047,False,6.592378387798422,e14b9df9435f0ae6,,10.59714543408656,9.803091044387322,0.0021899477224731623,tone,-9.453209483146038,20,-3.706109744328898,-7.523040782742367,1.0013077582038359,0.9995992501964646,0.0,20,-9.746549547193945,0.3021676387394731,-9.746549547193945,inside-deadband,,
280,285600,0,8,7645,-8.919936986449482,-7.8031381290633615,17.98916453129556,18.22984721246617,1.0133793140171625,0.994677662071438,0.0,-11.76484650366002,-11.76484650366002,-11.76484650366002,-12.478803435108821,301.69118194948214,phase,37.60569324665547,42.7583677104899,5.954434094128817,37.34319153126622,41.3561398099081,5.910829158017646,37.60569324665548,42.75836771048993,5.954434094128818,37.34319153126623,41.35613980990811,5.910829158017647,-36.303723761604275,-36.015675028653334,-0.8123964821347656,37.60569324665547,42.7583677104899,5.954434094128817,37.60569324665548,42.75836771048993,5.954434094128818,nan,-36.303723761604275,nan,-36.015675028653334,False,7.027048132532684,89cb6e3f3bf240fa,,-8.919936986449482,-7.8031381290633615,-0.00532233792856196,tone,-11.76484650366002,1,-6.824010229647797,-10.255234053831153,1.0003751310083968,1.0005352678743227,0.0,,,,,,,
281,286620,0,7,7722,5.380515341976494,4.575095754580266,15.182099235914752,15.791586239397274,1.0401451073406713,1.0007176175802637,0.0,-7.816830344915746,-7.816830344915746,-7.816830344915746,-7.840154128280542,-83.24946199219897,phase,30.081349787424383,31.435970129743698,4.704543154057206,30.012932660182223,31.032063850080945,4.693178182754522,30.081349787424383,31.435970129743698,4.704543154057206,30.012932660182223,31.032063850080945,4.693178182754522,-40.18175650976464,-40.16192196052405,0.9966543539837547,30.081349787424383,31.435970129743698,4.704543154057206,30.081349787424383,31.435970129743698,4.704543154057206,nan,-40.18175650976464,nan,-40.16192196052405,False,5.788267689313962,4afc8df4aa4a5d54,align_margin=5.8,,,,,,,,,,,,,,,,,,
281,286620,0,8,5351,-7.193338876552636,-8.737022330187086,16.40041257762435,17.17273561739576,1.0470916835851505,1.0033796136638036,0.0,-11.545910789666502,-11.545910789666502,-11.545910789666502,-11.87444320637596,-64.17751767047073,phase,29.503874744593553,30.99047767793048,4.608617067208232,29.384792209728545,30.813191319510228,4.5888359152373,29.50387474459355,30.990477677930475,4.608617067208231,29.384792209728538,30.813191319510224,4.588835915237299,-36.42787869819023,-36.4087670422993,1.2391444155906202,29.503874744593553,30.99047767793048,4.608617067208232,29.50387474459355,30.990477677930475,4.608617067208231,nan,-36.42787869819023,nan,-36.4087670422993,False,5.9358616416411625,a4e2ca699a3ed994,align_margin=5.9,,,,,,,,,,,,,,,,,,
281,286620,0,8,5712,6.214999026894844,5.2239390298195705,17.93281127967764,17.861879575648512,0.9960445853735431,1.0035563893468036,0.0,-9.756947511162158,-9.756947511162158,-9.756947511162158,-10.178178021203395,-49.196457335934156,phase,36.699425874271505,40.3429633684481,5.803891341241115,37.823692798433285,41.78996090326393,5.990646644258022,36.69942587427152,40.34296336844811,5.803891341241117,37.82369279843327,41.789960903263925,5.990646644258019,-37.60404836573645,-37.57315575231366,0.7623352105050056,36.699425874271505,40.3429633684481,5.803891341241115,36.69942587427152,40.34296336844811,5.803891341241117,nan,-37.60404836573645,nan,-37.57315575231366,False,6.224658368201631,f0d030678094a5de,,6.214999026894844,5.2239390298195705,0.003556389346803579,tone,-9.756947511162158,2,-4.649576267839388,-8.427833542181709,1.0009977326136739,0.9999147733251674,0.0,,,,,,,
282,287640,0,7,1513,-4.031344419049864,-3.499134482994347,19.221189882956537,19.299645601065613,1.00408173055814,1.0018466881028398,0.0,-11.151443536774526,-11.151443536774526,-11.151443536774526,-11.259091161902463,31.55161456768077,phase,37.65658057745708,42.27855734718517,5.962887139112472,37.315054383406284,42.63327947833125,5.906155213190414,37.65658057745708,42.27855734718517,5.962887139112472,37.3150543834063,42.63327947833126,5.906155213190416,-36.905870261785374,-37.01404847916791,-0.31504629801545114,37.65658057745708,42.27855734718517,5.962887139112472,37.65658057745708,42.27855734718517,5.962887139112472,nan,-36.905870261785374,nan,-37.01404847916791,False,7.425653645605355,a8f313924bdd900f,,-4.031344419049864,-3.499134482994347,0.001846688102839833,tone,-11.151443536774526,3,-6.059140446354869,-9.652634996985054,1.0013212254693367,0.999592226094045,0.0,,,,,,,
283,288660,0,8,2721,0.39504414496318985,1.305145749127601,18.016472641348397,18.060736046441754,1.0024568297010465,1.000174262192258,0.0,-8.765528300807139,-8.765528300807139,-8.765528300807139,-8.767384211005426,173.22703665919985,phase,37.43663545418316,42.172938734775144,5.926351404349363,37.369924689253985,42.19090504107518,5.915269881935878,37.436635454183154,42.17293873477512,5.9263514043493615,37.36992468925399,42.190905041075204,5.91526988193588,-39.02280052603218,-39.20494408134636,-1.0058018869553726,37.43663545418316,42.172938734775144,5.926351404349363,37.436635454183154,42.17293873477512,5.9263514043493615,nan,-39.02280052603218,nan,-39.20494408134636,False,6.702091526043404,7bd4f44b3faef054,,0.39504414496318985,1.305145749127601,0.00017426219225802342,tone,-8.765528300807139,4,-5.921057434410017,-9.19564763726975,1.0013517616449201,0.9995617479570124,0.0,,,,,,,
284,289680,0,7,2672,5.298293657617414,4.583521364739601,16.974878734078953,17.71141590937681,1.0433898342860723,0.9971091339594779,0.0,-8.797003161466453,-8.797003161466453,-8.797003161466453,-9.081522546395414,234.37472871530275,phase,37.4084993652702,40.513975867572626,5.921677635426945,37.13210005143069,41.028465431817395,5.875764128144634,37.408499365270195,40.51397586757262,5.921677635426944,37.132100051430676,41.02846543181741,5.875764128144631,-38.98805190294175,-38.8069191298975,0.4954387173120325,37.4084993652702,40.513975867572626,5.921677635426945,37.408499365270195,40.51397586757262,5.921677635426944,nan,-38.98805190294175,nan,-38.8069191298975,False,6.102357775157293,ffc091e11110e2c5,,5.298293657617414,4.583521364739601,-0.002890866040522133,tone,-8.797003161466453,5,-4.069157980895431,-7.590711793198362,1.0008451762295076,1.0000688938926758,0.0,,,,,,,
285,290700,0,8,4061,-3.6180502698888253,-3.06083581661696,17.002297233469434,16.984391608078752,0.998946870229075,0.9966854853530981,0.0,-10.090075738810913,-10.090075738810913,-10.090075738810913,-10.415080679138592,-151.4662990879159,phase,37.390972600724226,41.99353270989029,5.918766212744889,37.291360477808006,41.51869336436944,5.902219348473092,37.390972600724226,41.993532709890275,5.918766212744889,37.291360477808,41.51869336436942,5.90221934847309,-37.38999832605991,-37.297903441994094,-0.5704604071595758,37.390972600724226,41.99353270989029,5.918766212744889,37.390972600724226,41.993532709890275,5.918766212744889,nan,-37.38999832605991,nan,-37.297903441994094,False,6.9344788182361885,04e7861061e6dac9,,-3.6180502698888253,-3.06083581661696,-0.0033145146469019116,tone,-10.090075738810913,6,-5.334406217622412,-8.66193052858571,1.0002646459302262,1.0006509029947952,0.0,,,,,,,
286,291720,0,7,2536,-0.9500713595253536,-1.0752902890604963,18.12896666065722,18.67389294504801,1.0300583201784672,1.0019668517902343,0.0,-7.929662135646377,-7.929662135646377,-7.929662135646377,-8.090924583671177,52.53809768996749,phase,37.642314104402544,41.87009428314019,5.960517293090124,37.70468205385134,41.3626258578888,5.970877417583281,37.642314104402544,41.870094283140176,5.960517293090124,37.70468205385134,41.36262585788883,5.970877417583281,-40.328909074036204,-40.24793737916805,0.24038548577728922,37.642314104402544,41.87009428314019,5.960517293090124,37.642314104402544,41.870094283140176,5.960517293090124,nan,-40.328909074036204,nan,-40.24793737916805,False,6.90286128748054,6dfa1319e5141419,,-0.9500713595253536,-1.0752902890604963,0.0019668517902342586,tone,-7.929662135646377,7,-5.666843215357779,-9.038037320719521,1.0006089360843984,1.0003071559907135,0.0,,,,,,,
287,292740,0,8,5205,-2.409228092792755,-2.4203886194410176,16.828261916863923,17.585335058599558,1.0449881957789686,1.0013381826971621,0.0,-8.017198761087581,-8.017198761087581,-8.017198761087581,-8.094653600947117,156.15668923085508,phase,36.99358914232058,41.26248650069713,5.852755671481825,37.170694468944575,41.681252363729314,5.882175160954249,36.99358914232057,41.26248650069711,5.852755671481823,37.170694468944575,41.681252363729335,5.882175160954249,-39.64666875854326,-39.68430536194815,0.48211041649402686,36.99358914232058,41.26248650069713,5.852755671481825,36.99358914232057,41.26248650069711,5.852755671481823,nan,-39.64666875854326,nan,-39.68430536194815,False,6.097226547403732,53c2a41a597d72fc,,-2.409228092792755,-2.4203886194410176,0.001338182697162127,tone,-8.017198761087581,8,-6.509559887244807,-9.884913214519706,1.0008432606582547,1.000073215143908,0.0,,,,,,,
288,293760,0,7,204,1.315368634349662,1.1140538607224078,17.04495472943558,17.745017521968037,1.0410715548175373,1.0027905596682536,0.0,-10.40110295647839,-10.40110295647839,-10.40110295647839,-10.651844513491245,22.502453102409923,phase,36.937315409810324,40.688282714903906,5.843407875383775,37.37954812875757,41.29813149185772,5.916868459926508,36.93731540981031,40.688282714903885,5.8434078753837735,37.37954812875759,41.298131491857724,5.916868459926511,-37.81982774117863,-37.98117536599904,0.36379795043496027,36.937315409810324,40.688282714903906,5.843407875383775,36.93731540981031,40.688282714903885,5.8434078753837735,nan,-37.81982774117863,nan,-37.98117536599904,False,5.667304731491495,3034063f07869191,align_margin=5.7,,,,,,,,,,,,,,,,,,
288,293760,0,7,4608,0.07416155071333182,1.4058749100777985,18.086705315713058,17.39775066463491,0.9619082282233232,0.9950264439871878,0.0,-11.233315929448125,-11.233315929448125,-11.233315929448125,-11.889763397281191,-117.95133528801846,phase,37.47152502538691,41.20607341892971,5.932147014183873,37.29399182976108,41.642433442045075,5.902656450126426,37.471525025386924,41.206073418929705,5.932147014183875,37.29399182976107,41.642433442045075,5.9026564501264245,-36.34061182989535,-36.19841309432571,-0.722593619982562,37.47152502538691,41.20607341892971,5.932147014183873,37.471525025386924,41.206073418929705,5.932147014183875,nan,-36.34061182989535,nan,-36.19841309432571,False,6.800641415066731,ec3b552f0f57e62c,,0.07416155071333182,1.4058749100777985,-0.004973556012812241,tone,-11.233315929448125,9,-6.483625214184617,-9.392893019321873,0.9999721544052921,1.0009480019718715,0.0,,,,,,,
289,294780,0,8,4561,0.6984642572837204,0.3079406277761094,17.62107378918935,17.35960423170695,0.9851615423321811,1.004726139340556,0.0,-10.504775692927456,-10.504775692927456,-10.504775692927456,-11.185010221488517,-108.75637958682124,phase,37.423831497463766,42.969882843724335,5.924224501239829,37.00631870868415,42.04024409443181,5.8548702173893945,37.423831497463766,42.969882843724335,5.924224501239829,37.006318708684155,42.04024409443183,5.854870217389395,-36.25127727447944,-36.084189313799975,-0.0038373787048059382,37.423831497463766,42.969882843724335,5.924224501239829,37.423831497463766,42.969882843724335,5.924224501239829,nan,-36.25127727447944,nan,-36.084189313799975,False,6.778091054892845,51505df3efc8f1bb,,0.6984642572837204,0.3079406277761094,0.00472613934055599,tone,-10.504775692927456,10,-6.239155916742339,-9.285215877742777,1.0007992057595112,1.0001240376891385,0.0,,,,,,,
290,295800,0,7,3476,4.274781564217989,3.960876451507768,15.74024659915783,16.821125007896356,1.068669725212333,1.0017873120372114,0.0,-8.63491610281542,-8.63491610281542,-8.63491610281542,-8.762281139821598,12.66188149296901,phase,37.015094408083115,40.85996274606599,5.856327974764638,36.67672041806581,40.25853230466605,5.800119670775053,37.01509440808311,40.859962746065975,5.856327974764636,36.67672041806581,40.25853230466605,5.800119670775053,-39.19639512282649,-39.34733417226902,0.9367615717488365,37.015094408083115,40.85996274606599,5.856327974764638,37.01509440808311,40.859962746065975,5.856327974764636,nan,-39.19639512282649,nan,-39.34733417226902,False,6.293232826238209,67a4c02ba7a1892d,,4.274781564217989,3.960876451507768,0.001787312037211386,tone,-8.63491610281542,11,-4.744177164894866,-7.899081052675594,1.001112235341286,0.9998117773927534,0.0,,,,,,,
291,296820,0,7,2685,-6.673173358661748,-6.145924347090547,17.648866348479416,17.304988602566144,0.9805155901164779,0.9950364826978564,0.0,-11.230430591637566,-11.230430591637566,-11.230430591637566,-11.882146134993175,231.72656652051117,phase,37.385072691488745,42.03539774133571,5.917786161376869,37.55134639334814,42.12254203244711,5.945406377632582,37.38507269148873,42.03539774133568,5.917786161376866,37.55134639334814,42.1225420324471,5.945406377632582,-36.35678271944805,-36.16686738347496,-0.3824173464869638,37.385072691488745,42.03539774133571,5.917786161376869,37.38507269148873,42.03539774133568,5.917786161376866,nan,-36.35678271944805,nan,-36.16686738347496,False,6.583507814031285,bc669230e75d1c1c,,-6.673173358661748,-6.145924347090547,-0.004963517302143616,tone,-11.230430591637566,12,-7.0771929777875995,-10.05055953104592,1.0002426537085227,1.0006845615065993,0.0,,,,,,,
292,297840,0,8,7425,12.050643054865489,11.280039787096346,17.623160223893667,18.11515206734738,1.0279173449712309,1.0035009762832974,0.0,-9.938107009641136,-9.938107009641136,-9.938107009641136,-10.339707886588062,312.8841232422029,phase,36.91499767256233,40.995052872866246,5.839700610060189,37.3389712144592,42.37174234315296,5.9101281087141535,36.914997672562336,40.99505287286626,5.83970061006019,37.3389712144592,42.371742343152945,5.9101281087141535,-38.08132684787967,-37.999198556602856,0.9746082015507227,36.91499767256233,40.995052872866246,5.839700610060189,36.914997672562336,40.99505287286626,5.83970061006019,nan,-38.08132684787967,nan,-37.999198556602856,False,7.223193169239137,f0b9d29103901ec0,,12.050643054865489,11.280039787096346,0.0035009762832973745,tone,-9.938107009641136,13,-2.860491106931377,-6.105246415052889,1.0008554732249535,1.0000736101722743,0.0,,,,,,,
293,298860,0,8,1053,-8.327412569413811,-9.565961815189823,17.792906141437506,18.861314885438166,1.0600468937175174,1.0026244003476343,0.0,-11.045686149423476,-11.045686149423476,-11.045686149423476,-11.258633826486628,-302.6982438762142,phase,37.16530024011036,42.08622538879883,5.881279109652885,37.25704541503491,42.50386690199272,5.89651917193271,37.16530024011037,42.08622538879886,5.881279109652886,37.25704541503492,42.50386690199274,5.896519171932712,-36.94210275620699,-37.04776891885383,0.7161892429908843,37.16530024011036,42.08622538879883,5.881279109652885,37.16530024011037,42.08622538879886,5.881279109652886,nan,-36.94210275620699,nan,-37.04776891885383,False,7.5339676400252715,e3c45aab1ddda645,,-8.327412569413811,-9.565961815189823,0.002624400347634337,tone,-11.045686149423476,14,-5.772594279933406,-9.453086615275442,1.0013151361790298,0.9996155085465557,0.0,,,,,,,
294,299880,0,7,6300,1.5382720590299166,1.9614286054250967,17.359417169551033,18.21609319732013,1.0493493542670163,0.9941469911608193,0.0,-11.749700440745915,-11.749700440745915,-11.749700440745915,-12.61641257803497,127.41476145682859,phase,37.361127791125476,41.278767225963165,5.9138086031769905,37.9088258589953,42.615635651676044,6.004788348670316,37.36112779112548,41.278767225963186,5.913808603176991,37.908825858995286,42.61563565167603,6.004788348670314,-36.29618181994256,-36.061367444046866,-0.13000672944711233,37.361127791125476,41.278767225963165,5.9138086031769905,37.36112779112548,41.278767225963186,5.913808603176991,nan,-36.29618181994256,nan,-36.061367444046866,False,6.113024562432803,b72c88b44007bd16,,1.5382720590299166,1.9614286054250967,-0.005853008839180718,tone,-11.749700440745915,15,-5.234906192329976,-8.766322548462435,1.000289512569029,1.00064541934484,0.0,,,,,,,
295,300900,0,7,4228,0.8792397668301757,-0.44952060625570045,17.653275647221548,17.74256567045469,1.0050579861220938,0.9964577198377231,0.0,-11.744370655209329,-11.744370655209329,-11.744370655209329,-12.059638156797778,-65.11425439774472,phase,37.87652158308168,41.55432111188976,5.999422189880679,37.67488688906259,41.244454318974164,5.9659280546615605,37.8765215830817,41.55432111188978,5.999422189880681,37.674886889062584,41.244454318974164,5.96592805466156,-36.17072082890145,-36.219440831698165,0.5799402228553161,37.87652158308168,41.55432111188976,5.999422189880679,37.8765215830817,41.55432111188978,5.999422189880681,nan,-36.17072082890145,nan,-36.219440831698165,False,6.056695241822355,93bb82842f3fe86e,,0.8792397668301757,-0.44952060625570045,-0.0035422801622768674,tone,-11.744370655209329,16,-4.927261340990674,-8.923553280895614,0.9996694340720703,1.0012679235523685,0.0,,,,,,,
296,301920,0,7,477,-3.8961598263307233,-4.549941462290502,18.090226956289527,18.175691838794318,1.004724367621882,0.9974827432581322,0.0,-11.65100619067861,-11.65100619067861,-11.65100619067861,-11.808530055689337,216.8191634282903,phase,37.723074273457534,43.679311141632056,5.973932603564375,38.18305471147204,43.18680313104028,6.050341314198014,37.72307427345754,43.67931114163206,5.973932603564377,38.18305471147202,43.18680313104025,6.05034131419801,-36.39706086514138,-36.59903701567894,0.3499732165107676,37.723074273457534,43.679311141632056,5.973932603564375,37.72307427345754,43.67931114163206,5.973932603564377,nan,-36.39706086514138,nan,-36.59903701567894,False,6.849321329794131,40cf5101bc7e5862,,-3.8961598263307233,-4.549941462290502,-0.002517256741867757,tone,-11.65100619067861,17,-6.291368207458536,-10.514016207293741,0.9992290597631227,1.0017101151375385,0.0,,,,,,,
297,302940,0,7,8138,7.966314880976433,9.001600078018217,17.42343567139292,17.951147730411268,1.0302874857158502,1.0061632296431051,0.0,-11.015518827735578,-11.015518827735578,-11.015518827735578,-12.096373232489718,21.82221716842638,phase,37.0351601195275,40.80046300852746,5.8596611494231725,37.486280058893314,41.25370414918085,5.934598016427461,37.03516011952751,40.80046300852747,5.859661149423175,37.48628005889331,41.25370414918085,5.9345980164274605,-37.82206057851666,-37.19602106781775,-0.7492526707249496,37.0351601195275,40.80046300852746,5.8596611494231725,37.03516011952751,40.80046300852747,5.859661149423175,nan,-37.82206057851666,nan,-37.19602106781775,False,5.271850420058677,d8ff7d0f17e20402,align_margin=5.3,,,,,,,,,,,,,,,,,,
297,302940,0,8,2064,1.5631903174591377,2.613891161263542,18.00009914682607,18.471646846116457,1.0261969501081072,1.0002125631882892,0.0,-9.320557390155814,-9.320557390155814,-9.320557390155814,-9.323009292876844,-20.156582183123653,phase,37.05972834119411,40.66161422814567,5.863742249367793,36.681810340234534,40.77836737902095,5.800965172796435,37.0597283411941,40.661614228145666,5.8637422493677915,36.68181034023456,40.77836737902098,5.80096517279644,-38.56736416786302,-38.732719449757106,-1.3311664394934382,37.05972834119411,40.66161422814567,5.863742249367793,37.0597283411941,40.661614228145666,5.8637422493677915,nan,-38.56736416786302,nan,-38.732719449757106,False,7.691205521862082,9228ff01fc42041d,,1.5631903174591377,2.613891161263542,0.0002125631882892165,tone,-9.320557390155814,18,-5.743829476709054,-9.600716149106123,0.9992662296432082,1.0016728608846537,0.0,,,,,,,
298,303960,0,7,7741,-1.4125987341985184,0.3473876251580791,18.554231958532586,19.64271436737272,1.0586649132808523,0.9999181387715254,0.0,-9.944219035520131,-9.944219035520131,-9.944219035520131,-9.94404074642535,20.396488194913005,phase,37.52296995855228,41.867838645803175,5.9406926841448975,37.77071988476736,42.085209952922256,5.9818471569381,37.52296995855228,41.867838645803175,5.9406926841448975,37.77071988476737,42.08520995292226,5.981847156938102,-38.43215748379133,-38.5329602224262,-0.999757212257235,37.52296995855228,41.867838645803175,5.9406926841448975,37.52296995855228,41.867838645803175,5.9406926841448975,nan,-38.43215748379133,nan,-38.5329602224262,False,6.310909010296362,ed5fe44715aa0415,,-1.4125987341985184,0.3473876251580791,-8.18612284746445e-05,tone,-9.944219035520131,19,-6.238602083150495,-9.47933353652546,0.9992519144400102,1.0016872117393436,0.0,,,,,,,
299,304980,0,8,785,0.46011934862584203,-0.40491740128903214,18.608222125308796,19.619183571788977,1.0543287499295908,1.0057802909514435,0.0,-11.41229449885814,-11.41229449885814,-11.41229449885814,-12.338000839981007,39.7423212323102,phase,37.48842722970582,42.38613069850837,5.9349546893199046,37.51791872577602,41.94503021599779,5.939853608932895,37.48842722970583,42.38613069850839,5.934954689319905,37.51791872577603,41.94503021599782,5.9398536089328955,-36.94850034421048,-36.47142428254897,0.4256705449753757,37.48842722970582,42.38613069850837,5.9349546893199046,37.48842722970583,42.38613069850839,5.934954689319905,nan,-36.94850034421048,nan,-36.47142428254897,False,6.959211423965362,65385d0b92aee588,,0.46011934862584203,-0.40491740128903214,0.005780290951443501,tone,-11.41229449885814,20,-6.077439747915647,-9.620815916244648,1.0002627086298788,1.0006797773859368,0.0,20,-10.234104266823813,0.29082695528680186,-10.234104266823813,move+1:OK,1,32
