iteration,cycles,rotation,events_used,align_n0,offset_a_codes,offset_b_codes,gain_a_codes,gain_b_codes,gain_ratio,tone_ratio,skew_a_ps,skew_b_ps,skew_mismatch_ps,skew_phase_ps,skew_diff_route_ps,skew_centroid_ps,skew_source,skew_used_ps,skew_observable,gain_mag_ratio,skew_slope_ps,skew_fold_ps,phase_a_samples,phase_b_samples,dither_peak_a_codes,dbc_ab_coherent,snr_dither_db,raw_a_sndr_db,raw_a_sfdr_db,raw_a_enob,raw_b_sndr_db,raw_b_sfdr_db,raw_b_enob,cal_a_sndr_db,cal_a_sfdr_db,cal_a_enob,cal_b_sndr_db,cal_b_sfdr_db,cal_b_enob,raw_difference_dbc,cal_difference_dbc,cal_dc_difference_codes,raw_sndr_db,raw_sfdr_db,raw_enob,cal_sndr_db,cal_sfdr_db,cal_enob,raw_offset_spur_dbc,raw_image_spur_dbc,cal_offset_spur_dbc,cal_image_spur_dbc,swapped,align_margin,frame_sha1,rejected,offset_error_a,offset_error_b,gain_error,gain_source,skew_error_ps,skew_batch_n,offset_a_state,offset_b_state,gain_corr_a,gain_corr_b,skew_cmd_ps,skew_batch_used,skew_batch_mean_ps,skew_batch_se_ps,skew_batch_error_ps,skew_action,skew_step_codes,skew_code
0,0,0,8,3030,-12.5,-14.5,260.7586172167334,252.58825702942656,0.9686669599857713,1.4877434324828012,nan,nan,nan,-681.2268406736125,-974.2470310964421,143.7195256586885,observables-disagree,-75.68207084090126,dither_fold,1.0026936026936026,-194.18401372237557,-75.68207084090126,-0.2880429610976493,-0.5404821789367376,282.375,-14.57519141705755,5.943837709760153,-6.007817677575215,4.218979812281127,-1.2903351623879096,-8.983309235283256,0.8204888387784738,-1.7846028630038633,-6.007817677575215,4.218979812281127,-1.2903351623879096,-8.983309235283256,0.8204888387784738,-1.7846028630038633,-5.046980115492722,-5.046980115492722,3.9647058823529395,-6.007817677575215,4.218979812281127,-1.2903351623879096,-6.007817677575215,4.218979812281127,-1.2903351623879096,nan,-5.046980115492722,nan,-5.046980115492722,False,13.926261117237832,e637dc379f1c3098,,-12.5,-14.5,0.002693602693602637,dither_mag,nan,1,-4.375,-5.074999999999999,1.0004713804713805,0.9995298858294157,0.0,,,,,,,
1,1020,0,7,2530,1.3339618406285019,-0.59138851578241,259.5826052530321,249.67227637317364,0.9618220609574427,1.578799877980109,0.0,-245.22865355334815,-245.22865355334815,-245.22865355334815,-602.4857392923068,133.64937092060651,phase,-72.66683341597367,dither_fold,0.9982880701324874,-204.64268442824425,-72.66683341597367,-0.3256928528066607,-0.5917283425633783,284.21428571428567,-14.616097671170047,6.792409252866342,-5.7760016118408295,4.80537667001096,-1.2518275102725631,-8.518828785369406,0.537377035141276,-1.7074466420879413,-5.7760016118408295,4.80537667001096,-1.2518275102725631,-8.518828785369406,0.5373770351412768,-1.7074466420879413,-5.981817858172251,-5.998115606957405,2.330345042700395,-5.7760016118408295,4.80537667001096,-1.2518275102725631,-5.7760016118408295,4.80537667001096,-1.2518275102725631,nan,-5.981817858172251,nan,-5.998115606957405,False,16.942018636167898,9de5660bd5943045,,1.3339618406285019,-0.59138851578241,-0.0017119298675125627,dither_mag,-245.22865355334815,2,-3.9083333333333354,-5.282083333333334,1.0001716515247618,0.9998298462269584,0.0,,,,,,,
2,2040,0,8,6390,0.0916824013897781,-2.8840925105955195,259.0121385149816,250.05016007699342,0.9653993882704853,1.4193333406215667,0.0,-180.14241915417125,-180.14241915417125,-180.14241915417125,-426.3389140078802,128.68723733336202,phase,-70.23781538949886,dither_fold,0.9909568423868115,-205.78439986925275,-70.23781538949886,-0.3448390304737334,-0.612358750303762,285.5625,-14.833704878636905,6.99452777323769,-6.701528421569351,4.877903024737321,-1.4055695052440784,-9.57210549038073,-0.4322996098869283,-1.8824095498971314,-6.70152842156935,4.877903024737322,-1.4055695052440782,-9.57210549038073,-0.4322996098869293,-1.8824095498971314,-4.751131068267485,-4.7583874560325965,2.1922551579759166,-6.701528421569351,4.877903024737321,-1.4055695052440784,-6.70152842156935,4.877903024737322,-1.4055695052440782,nan,-4.751131068267485,nan,-4.7583874560325965,False,16.376950323784687,134cf7cd03f06012,,0.0916824013897781,-2.8840925105955195,-0.009043157613188524,dither_mag,-180.14241915417125,3,-3.8762499999999993,-6.291687500000003,0.9985888272948901,1.001426568947197,0.0,,,,,,,
3,3060,0,8,1702,3.3298776603504243,2.253230643184717,257.7849857378998,249.2297039523735,0.9668123348571404,1.474177140518116,0.0,-263.66976408719245,-263.66976408719245,-263.66976408719245,-535.1655107265236,128.00793147749658,phase,-70.06009155186305,dither_fold,1.015038475864006,-187.18326359846742,-70.06009155186305,-0.29049482474941335,-0.533833067427421,282.0625,-14.744017992704661,6.613091659730688,-6.113118768971001,4.353900879400193,-1.30782703803505,-8.23933675659752,1.2993962193376842,-1.6610193947836414,-6.113118768971,4.353900879400192,-1.3078270380350498,-8.23933675659752,1.2993962193376856,-1.6610193947836414,-4.598430533982377,-4.5484828036329805,0.432485137214611,-6.113118768971001,4.353900879400193,-1.30782703803505,-6.113118768971,4.353900879400192,-1.3078270380350498,nan,-4.598430533982377,nan,-4.5484828036329805,False,19.289655587132444,34d42b3025ab1899,,3.3298776603504243,2.253230643184717,0.015038475864006084,dither_mag,-263.66976408719245,4,-2.7091458333333307,-5.504180208333334,1.0012168467409248,0.9988301278389653,0.0,,,,,,,
4,4080,0,8,2638,-9.435655291845254,-9.950831622771048,261.3011024048515,251.03452190693812,0.9607097696740419,1.5035009184197807,0.0,-261.1565284983606,-261.1565284983606,-261.1565284983606,-564.7767417134469,132.01401530027093,phase,-63.257773139311276,dither_fold,0.9819659947411185,-205.59182552695222,-63.257773139311276,-0.3445685479886655,-0.6118379211737034,283.75,-14.597040202291163,5.628362978698441,-6.655222679471999,3.8825423182324825,-1.3978775215069765,-9.41992357466883,0.32494119590472037,-1.8571301619051215,-6.655222679472001,3.8825423182324825,-1.397877521506977,-9.419923574668829,0.32494119590472037,-1.8571301619051213,-4.741256043494419,-4.781858917563557,0.5306049878571173,-6.655222679471999,3.8825423182324825,-1.3978775215069765,-6.655222679472001,3.8825423182324825,-1.397877521506977,nan,-4.741256043494419,nan,-4.781858917563557,False,17.041788262317922,f38809dc66ca6c6a,,-9.435655291845254,-9.950831622771048,-0.018034005258881547,dither_mag,-261.1565284983606,5,-6.0076114583333355,-8.991050468750002,0.9980570555120286,1.0020402785754092,0.0,,,,,,,
5,5100,0,8,514,8.99011016930054,8.717132968473985,260.9389223668424,253.6466584837263,0.9720537518244816,1.5639226016362815,0.0,-171.51169315345453,-171.51169315345453,-171.51169315345453,-524.8370464631986,140.52926687289354,phase,-76.29670016324926,dither_fold,0.9959078563931171,-195.68140359464127,-76.29670016324926,-0.2882722350013383,-0.542658059674372,283.625,-14.416322934311472,6.904979511782825,-6.188107322929453,3.8237837200266647,-1.3202836084600422,-8.7279772456947,4.24373677825818,-1.7421889112449667,-6.1881073229294525,3.8237837200266647,-1.320283608460042,-8.7279772456947,4.24373677825818,-1.7421889112449667,-3.427922872263113,-3.3657751196917522,0.7617109924180365,-6.188107322929453,3.8237837200266647,-1.3202836084600422,-6.1881073229294525,3.8237837200266647,-1.320283608460042,nan,-3.427922872263113,nan,-3.3657751196917522,False,17.416713557637244,6f981d4c9046a2d5,,8.99011016930054,8.717132968473985,-0.004092143606882925,dither_mag,-171.51169315345453,6,-2.854947447916682,-5.946266138020835,0.9973423217722005,1.0027608133330785,0.0,,,,,,,
6,6120,0,8,7418,-2.288953040883992,-1.4577473498080509,258.03276697569424,250.8842540640169,0.9722961041132008,1.4100738294050865,0.0,-234.7665790029294,-234.7665790029294,-234.7665790029294,-462.2661222230787,135.31526516482134,phase,-76.74951132526151,dither_fold,1.000047283776551,-210.42667750117423,-76.74951132526151,-0.3234936181874308,-0.5970482989389573,283.375,-14.47867485549203,6.857329278612012,-5.800295631536559,4.80457822324506,-1.2558630617170365,-8.650395737201816,0.39693259962024946,-1.7293016174753848,-5.800295631536562,4.804578223245059,-1.255863061717037,-8.650395737201817,0.39693259962024685,-1.729301617475385,-6.177527572857838,-6.065240081857012,-0.5637676942357093,-5.800295631536559,4.80457822324506,-1.2558630617170365,-5.800295631536562,4.804578223245059,-1.255863061717037,nan,-6.177527572857838,nan,-6.065240081857012,False,17.76660677386326,53b970e56bea180b,,-2.288953040883992,-1.4577473498080509,4.728377655105476e-05,dither_mag,-234.7665790029294,7,-3.658215841145844,-6.455072989713538,0.9973505744417108,1.0027525162197068,0.0,,,,,,,
7,7140,0,8,738,-6.9898824567796884,-6.362391524795164,261.0140856582603,252.35726280957647,0.9668338862753254,1.626969014806499,0.0,-309.8394060146243,-309.8394060146243,-309.8394060146243,-687.5190179907722,130.6757007256383,phase,-66.44080035157099,dither_fold,1.002708099808136,-196.20867285126434,-66.44080035157099,-0.3312767036217357,-0.5863479783283794,283.875,-14.971900552117718,6.76479862758259,-6.712935900228969,4.469357747604987,-1.4074644352539816,-9.169376226332725,0.5586012036267175,-1.8155110010519477,-6.712935900228968,4.469357747604987,-1.4074644352539816,-9.169376226332725,0.5586012036267166,-1.8155110010519477,-6.104797665687211,-5.987070714407925,0.7564087228064835,-6.712935900228969,4.469357747604987,-1.4074644352539816,-6.712935900228968,4.469357747604987,-1.4074644352539816,nan,-6.104797665687211,nan,-5.987070714407925,False,16.432594905089147,73cc7e8899fb48ce,,-6.9898824567796884,-6.362391524795164,0.002708099808135911,dither_mag,-309.8394060146243,8,-6.111173630078136,-8.675797443313812,0.9978232362990864,1.0022785777604206,0.0,,,,,,,
8,8160,0,8,2478,3.042037387984262,2.493967222529447,260.1384839996752,251.09631438354293,0.9652409382990655,1.6628958187041365,0.0,-276.99486432417444,-276.99486432417444,-276.99486432417444,-688.8009026939488,134.12629643382934,phase,-72.72593483637054,dither_fold,0.998041352948706,-196.37701161398275,-72.72593483637054,-0.29953248077815375,-0.5548225958763313,284.125,-14.558360133110678,7.101313887004458,-5.98662574879053,3.2162206281708485,-1.286814908436965,-7.7977479309734505,1.2125596374894472,-1.587665769264693,-5.986625748790532,3.216220628170847,-1.2868149084369656,-7.7977479309734505,1.2125596374894472,-1.587665769264693,-6.477922773566361,-6.398774270270163,2.116257183255753,-5.98662574879053,3.2162206281708485,-1.286814908436965,-5.986625748790532,3.216220628170847,-1.2868149084369656,nan,-6.477922773566361,nan,-6.398774270270163,False,18.305567539444557,0d940b361cb757af,,3.042037387984262,2.493967222529447,-0.0019586470512940046,dither_mag,-276.99486432417444,9,-5.044137859550784,-7.804893338153981,0.9974812191796757,1.0026227962095293,0.0,,,,,,,
9,9180,0,8,2562,-1.5353185777444613,-3.370590574856002,258.0833680714628,251.97305046346537,0.9763242488128662,1.4262006567539731,0.0,-121.79316660489627,-121.79316660489627,-121.79316660489627,-388.02078593798785,120.9577328512906,phase,-71.91651528967124,dither_fold,1.0058302943954593,-208.15553147113994,-71.91651528967124,-0.3560009096930895,-0.6266031006055715,284.6875,-14.747256602831744,6.561524808761542,-6.3121981237518545,4.2024021420541215,-1.3408966982976505,-9.269377629134116,-0.19003532922817204,-1.8321225297564978,-6.312198123751854,4.20240214205412,-1.3408966982976502,-9.269377629134114,-0.19003532922817057,-1.8321225297564974,-6.200041891793093,-6.094231800229188,1.8465728511417163,-6.3121981237518545,4.2024021420541215,-1.3408966982976505,-6.312198123751854,4.20240214205412,-1.3408966982976502,nan,-6.200041891793093,nan,-6.094231800229188,False,17.118534002915215,b4d353bdee192b37,,-1.5353185777444613,-3.370590574856002,0.005830294395459346,dither_mag,-121.79316660489627,10,-5.582856275374678,-8.98151400313342,0.9984989507829836,1.0016057483358844,0.0,,,,,,,
10,10200,0,8,4422,-3.2955228794550218,-2.00503374825812,259.4123347988025,250.53623721714953,0.9657838260137586,1.3896900727978263,0.0,-167.73749256194395,-167.73749256194395,-167.73749256194395,-400.9951753744261,124.0020821683376,phase,-69.06931005390074,dither_fold,1.0071508430585403,-207.99940146054087,-69.06931005390074,-0.35055105398645614,-0.6209502758851593,284.75,-14.651915564122625,6.0570845157972295,-6.7363519267826355,4.42690667228188,-1.4113541406615675,-9.446995110960678,-0.0639276109215156,-1.8616270948439666,-6.736351926782634,4.42690667228188,-1.411354140661567,-9.446995110960678,-0.06392761092151608,-1.8616270948439666,-4.641124606874899,-4.577857533082148,-0.13428743438624657,-6.7363519267826355,4.42690667228188,-1.4113541406615675,-6.736351926782634,4.42690667228188,-1.411354140661567,nan,-4.641124606874899,nan,-4.577857533082148,False,18.12246607581305,63683eb3e87442ef,,-3.2955228794550218,-2.00503374825812,0.0071508430585403016,dither_mag,-167.73749256194395,11,-6.738023245660206,-9.682150768703387,0.9997484699089377,1.000361240650275,0.0,,,,,,,
11,11220,0,8,2454,-0.01197374182568467,-1.9435510674163279,259.06735137031035,251.48878489187427,0.9707467326996242,1.527396502248697,0.0,-225.33277501443794,-225.33277501443794,-225.33277501443794,-539.5234017978804,135.19493823154497,phase,-72.07912732682244,dither_fold,0.9989278239927294,-203.52404232667092,-72.07912732682244,-0.30949272023649055,-0.5740739752611628,283.375,-14.424508059369664,6.327044623284803,-5.556461327358026,3.7153674306018902,-1.2153590244780774,-8.726384457503139,0.27081249630668985,-1.7419243284888937,-5.556461327358026,3.7153674306018902,-1.2153590244780774,-8.726384457503137,0.2708124963066908,-1.7419243284888932,-3.1663078012151336,-3.1556903492817137,0.8761493526653817,-5.556461327358026,3.7153674306018902,-1.2153590244780774,-5.556461327358026,3.7153674306018902,-1.2153590244780774,nan,-3.1663078012151336,nan,-3.1556903492817137,False,18.410612561268515,e1c0e57ed34b72bc,,-0.01197374182568467,-1.9435510674163279,-0.0010721760072706088,dither_mag,-225.33277501443794,12,-6.742215109679134,-10.362147999657207,0.9995608863024579,1.000549140693338,0.0,,,,,,,
12,12240,0,8,1582,1.741450079160387,1.1961378204386222,259.48669482052105,251.40754770581617,0.9688648887362299,1.5773565042967705,0.0,-197.85151797293258,-197.85151797293258,-197.85151797293258,-555.7146497651845,144.51349911049581,phase,-79.08431063264125,dither_fold,1.0108456229917495,-200.3758863923366,-79.08431063264125,-0.2875427467242989,-0.5480313990343365,280.4375,-14.308496453744295,6.393183629346061,-6.222199341641737,3.8884916503684237,-1.3259467344919829,-8.920902194275905,4.796036453973268,-1.7742362448963298,-6.222199341641739,3.8884916503684215,-1.3259467344919833,-8.920902194275907,4.796036453973269,-1.7742362448963303,-2.786363169260417,-2.7702361120120447,-0.8439462703629852,-6.222199341641737,3.8884916503684237,-1.3259467344919829,-6.222199341641739,3.8884916503684215,-1.3259467344919833,nan,-2.786363169260417,nan,-2.7702361120120447,False,19.30004511066138,5b56dbec41c795ef,,1.741450079160387,1.1961378204386222,0.010845622991749515,dither_mag,-197.85151797293258,13,-6.132439821291445,-9.943729533110513,1.0014580368952317,0.9986704895515361,0.0,,,,,,,
13,13260,0,8,338,4.347102162038017,6.019049823389366,260.10180768794544,252.19739551652194,0.9696103143546517,1.3267958154556678,0.0,-303.17575863354904,-303.17575863354904,-303.17575863354904,-472.7814627329046,132.1971194970976,phase,-69.20933199062675,dither_fold,0.9982265210565536,-190.2191553097429,-69.20933199062675,-0.28941884355918285,-0.5367037454618486,284.0,-14.61292624890498,7.475122563315511,-6.283758259004514,3.8416913484091157,-1.3361724682731753,-8.483810204249629,0.8402432198769599,-1.701629602034822,-6.283758259004514,3.841691348409117,-1.3361724682731753,-8.483810204249629,0.8402432198769599,-1.701629602034822,-3.551649944865697,-3.5938393389317245,-0.03697127366569575,-6.283758259004514,3.8416913484091157,-1.3361724682731753,-6.283758259004514,3.841691348409117,-1.3361724682731753,nan,-3.551649944865697,nan,-3.5938393389317245,False,16.20054366395161,4d04386123ad2a4b,,4.347102162038017,6.019049823389366,-0.0017734789434463716,dither_mag,-303.17575863354904,14,-4.613169217172786,-7.834257529855165,1.0011472255655254,0.9989809864009761,0.0,,,,,,,
14,14280,0,8,5190,-0.22041669406320352,-2.746274457849694,258.3042626646691,250.0899458362745,0.9681990659245974,1.6444203790493195,0.0,-286.72640343363275,-286.72640343363275,-286.72640343363275,-680.6200637156591,126.84965521606567,phase,-64.13069376514359,dither_fold,0.9925073446578165,-203.52176943643164,-64.13069376514359,-0.348041110189191,-0.6126194104565521,284.3125,-14.66250357720085,5.769158513705518,-6.161256614076017,5.114129918525307,-1.3158233578199365,-9.603279066455253,-0.10978519415348482,-1.8875878847932315,-6.1612566140760165,5.1141299185253075,-1.3158233578199363,-9.603279066455253,-0.10978519415348334,-1.8875878847932315,-4.136857255426736,-4.169780046943633,-0.041065562073647754,-6.161256614076017,5.114129918525307,-1.3158233578199365,-6.1612566140760165,5.1141299185253075,-1.3158233578199363,nan,-4.136857255426736,nan,-4.169780046943633,False,15.556205278168436,1023d6650ed02b5a,,-0.22041669406320352,-2.746274457849694,-0.007492655342183463,dither_mag,-286.72640343363275,15,-4.690226657828972,-8.79643406107253,0.999834506621635,1.00030075350027,0.0,,,,,,,
15,15300,0,8,4274,-2.8717979999520438,-3.39208581387825,259.27567467342135,249.98216988646166,0.9641558939199922,1.3498219438258423,0.0,-246.3694750515526,-246.3694750515526,-246.3694750515526,-442.9052614364135,135.98354794267334,phase,-75.0629316505794,dither_fold,1.0008020510065576,-208.11845650539922,-75.0629316505794,-0.3141993856501126,-0.5847533791071315,283.1875,-14.347064583518609,6.151963697556953,-5.991132597015102,4.492022225066893,-1.2875635543214454,-8.875785285138395,0.9369814388737657,-1.7667417417173414,-5.991132597015102,4.492022225066897,-1.2875635543214454,-8.875785285138397,0.9369814388737635,-1.7667417417173417,-4.1215223252479465,-4.113794795386945,-0.68129077046801,-5.991132597015102,4.492022225066893,-1.2875635543214454,-5.991132597015102,4.492022225066897,-1.2875635543214454,nan,-4.1215223252479465,nan,-4.113794795386945,False,16.941670625981086,96cef9862a11802d,,-2.8717979999520438,-3.39208581387825,0.0008020510065576136,dither_mag,-246.3694750515526,16,-5.695522327588831,-9.983307139697144,0.9999748423193096,1.0001604648793136,0.0,,,,,,,
16,16320,0,8,7250,-2.6710771392814765,0.3833686470310567,259.50812991892195,251.49618841354268,0.9691264335037116,1.4225587682351053,0.0,-110.69152169937439,-110.69152169937439,-110.69152169937439,-388.2294081437878,135.46009141219585,phase,-75.10862442422335,dither_fold,1.004594719516828,-200.2586122804469,-75.10862442422335,-0.3026238342423289,-0.5629600302069099,282.375,-14.66669832657434,6.818224050103229,-6.322123202401373,3.2738072902945516,-1.3425453824587,-8.749786281143775,0.6917262422553037,-1.7458116746086005,-6.322123202401373,3.2738072902945516,-1.3425453824587,-8.749786281143775,0.6917262422553028,-1.7458116746086005,-4.031494510862243,-4.028462491028275,-2.350311840001918,-6.322123202401373,3.2738072902945516,-1.3425453824587,-6.322123202401373,3.2738072902945516,-1.3425453824587,nan,-4.031494510862243,nan,-4.028462491028275,False,16.890959762601803,c0796c3fe03518ab,,-2.6710771392814765,0.3833686470310567,0.004594719516828105,dither_mag,-110.69152169937439,17,-6.630422846266074,-9.849149640803144,1.0007788980060695,0.9993599381337854,0.0,,,,,,,
17,17340,0,7,6170,-1.2246969920222575,0.18236617374351105,255.80866675945984,246.16010485520027,0.9622821148849807,1.2500929525618025,0.0,-139.68896267764853,-139.68896267764853,-139.68896267764853,-283.40577772989144,122.92447889809108,phase,-71.46629651254639,dither_fold,1.0020347911696212,-211.94826140973478,-71.46629651254639,-0.3536721371009685,-0.6292048769336237,282.4285714285714,-14.687830240712481,5.8611337879126655,-6.464871781112089,4.522391588827003,-1.3662577709488521,-9.133836409546102,-0.2045765478031381,-1.8096073770010137,-6.464871781112088,4.522391588827004,-1.3662577709488521,-9.133836409546102,-0.2045765478031381,-1.8096073770010137,-4.528706567713744,-4.556338287934681,-0.19484713125271746,-6.464871781112089,4.522391588827003,-1.3662577709488521,-6.464871781112088,4.522391588827004,-1.3662577709488521,nan,-4.528706567713744,nan,-4.556338287934681,False,16.51321679952262,2479fa744e35b7f9,,-1.2246969920222575,0.18236617374351105,0.0020347911696212417,dither_mag,-139.68896267764853,18,-7.058733183406287,-9.785280599855373,1.0011352638173405,0.9990048002292148,0.0,,,,,,,
18,18360,0,8,3894,2.0443848009686763,2.0832053290803856,259.3389682843827,250.7204089509942,0.9667672028218387,1.0295742127158978,0.0,-54.30501196632906,-54.30501196632906,-54.30501196632906,-96.15659280930234,126.36278305302554,phase,-69.0539129764635,dither_fold,1.002233867364582,-210.07281371720447,-69.0539129764635,-0.3483751296704311,-0.6214697875027969,282.4375,-14.646559426733452,7.0727644198461554,-6.489604600730657,4.536211485022919,-1.3703662127459566,-9.160448843943573,0.02911191665744809,-1.8140280471667067,-6.489604600730656,4.5362114850229185,-1.3703662127459562,-9.160448843943573,0.029111916657449045,-1.8140280471667067,-4.96824971957916,-5.006086214868888,-0.09914095534357248,-6.489604600730657,4.536211485022919,-1.3703662127459566,-6.489604600730656,4.5362114850229185,-1.3703662127459562,nan,-4.96824971957916,nan,-5.006086214868888,False,16.290140800637797,62800677ac3fdc86,,2.0443848009686763,2.0832053290803856,0.0022338673645820872,dither_mag,-54.30501196632906,19,-6.34400990254742,-9.055432389905988,1.0015266344111808,0.9986151329556688,0.0,,,,,,,
19,19380,0,8,5366,0.4279956327700253,0.1385735511623617,261.06120556396723,250.72950542947092,0.960424222694533,1.4032377309479198,0.0,-193.7371768719735,-193.7371768719735,-193.7371768719735,-431.72500546661513,130.35434302499786,phase,-68.52466425504701,dither_fold,0.9964239711622811,-205.05359888401273,-68.52466425504701,-0.3277360110163088,-0.5943056895655253,284.9375,-14.422192220094807,6.4952165270492905,-6.747240629090305,3.0265131248024013,-1.413162895197725,-9.114091511650708,0.19471551290542552,-1.8063274936296858,-6.747240629090307,3.0265131248023995,-1.4131628951977253,-9.114091511650704,0.19471551290542646,-1.8063274936296851,-4.3390345925572396,-4.391026122588279,1.2251678529646113,-6.747240629090305,3.0265131248024013,-1.413162895197725,-6.747240629090307,3.0265131248023995,-1.4131628951977253,nan,-4.3390345925572396,nan,-4.391026122588279,False,15.460405192778264,ed8183faad8b0596,,0.4279956327700253,0.1385735511623617,-0.003576028837718903,dither_mag,-193.7371768719735,20,-6.19443976998916,-9.006864386772213,1.000899873989061,0.9992423141635703,0.0,20,-71.4411624945833,0.934842134634864,-71.4411624945833,move+1:OK,1,25
20,20400,0,8,2814,5.149069117526487,7.417906349103399,260.25326047069063,252.1335076696305,0.9688005722334665,1.435191101353593,0.0,-178.64561366923232,-178.64561366923232,-178.64561366923232,-438.4265946263094,125.78862342827279,phase,-67.41442710128032,dither_fold,1.001725854312006,-174.609737216883,-67.41442710128032,-0.29592807804038995,-0.5229207364223378,282.25,-15.402676714513353,7.031053707492395,-5.45065753282668,4.791725245312666,-1.197783643326691,-8.16450267071626,1.5685094437582956,-1.6485884835076845,-5.450657532826679,4.791725245312666,-1.197783643326691,-8.16450267071626,1.5685094437582936,-1.6485884835076845,-4.81521876593974,-4.84328802039934,-0.18551711079509126,-5.45065753282668,4.791725245312666,-1.197783643326691,-5.450657532826679,4.791725245312666,-1.197783643326691,nan,-4.81521876593974,nan,-4.84328802039934,False,14.988970153623136,a46be8f558429c33,,5.149069117526487,7.417906349103399,0.0017258543120060033,dither_mag,-178.64561366923232,1,-4.393885850492946,-6.408628518068603,1.001202170277658,0.9989410384566366,0.0,,,,,,,
21,21420,0,7,1762,2.4968839259382754,1.7817397240603294,259.2789059043313,249.66961656113455,0.9629384067721175,1.4664205249818008,0.0,-24.109808397739947,-24.109808397739947,-24.109808397739947,-84.25099451378951,113.61466365989509,phase,-57.601043906174255,dither_fold,0.9889693903620703,-187.99459527365792,-57.601043906174255,-0.3589738460262494,-0.6033668198820047,283.2142857142857,-15.408733914472892,6.7623175893175445,-6.334062563729495,3.6985242200612194,-1.344528665071345,-9.04049152097788,0.16888026092515773,-1.7941015815577877,-6.334062563729494,3.698524220061221,-1.3445286650713446,-9.040491520977877,0.16888026092515868,-1.794101581557787,-7.11861338123864,-7.17132016545328,1.4006200663963102,-6.334062563729495,3.6985242200612194,-1.344528665071345,-6.334062563729494,3.698524220061221,-1.3445286650713446,nan,-7.11861338123864,nan,-7.17132016545328,False,17.99337631475693,bdf7405338775cd5,,2.4968839259382754,1.7817397240603294,-0.011030609637929678,dither_mag,-24.109808397739947,2,-3.521025802820417,-5.784358536744589,0.9992694929735862,1.0008908586754763,0.0,,,,,,,
22,22440,0,7,5902,0.5206451898105138,0.2846118600139933,260.8739012394104,253.42938536004542,0.9714631634517822,1.5716564393601906,0.0,-273.49098238137634,-273.49098238137634,-273.49098238137634,-618.0228201628654,121.1284378870901,phase,-65.89697541052817,dither_fold,0.9946962329238737,-177.68605677911293,-65.89697541052817,-0.31013236831239077,-0.5411242421252376,282.92857142857144,-15.488881467076041,6.9354734952806325,-5.709437821613519,4.914639641814324,-1.240770402261382,-8.608572856962818,1.1583195133300177,-1.7223542951765478,-5.709437821613519,4.914639641814324,-1.240770402261382,-8.60857285696282,1.1583195133300155,-1.7223542951765483,-5.537985410444861,-5.5081432749234285,1.2676849615010501,-5.709437821613519,4.914639641814324,-1.240770402261382,-5.709437821613519,4.914639641814324,-1.240770402261382,nan,-5.537985410444861,nan,-5.5081432749234285,False,16.16784704227564,f5ee4b18173ea551,,0.5206451898105138,0.2846118600139933,-0.005303767076126342,dither_mag,-273.49098238137634,3,-3.338666771833271,-5.684833048883983,0.9983420117621093,1.0018247981700505,0.0,,,,,,,
23,23460,0,7,314,0.6625664201316693,0.3103984316645937,258.6535277064316,252.2659712714708,0.9753045841222371,1.1909668050495712,0.0,-337.38129730264615,-337.38129730264615,-337.38129730264615,-427.5672257006455,119.8715867795174,phase,-66.2062915536478,dither_fold,1.0011692593910424,-184.23756018664736,-66.2062915536478,-0.3231640223477478,-0.5626728505903894,283.57142857142856,-15.318296140253807,6.715398619479709,-6.322578411461002,3.206973820258219,-1.3426209985815618,-8.724751199685707,0.6889950992728694,-1.741653023203606,-6.322578411461003,3.206973820258219,-1.3426209985815623,-8.724751199685706,0.6889950992728711,-1.7416530232036056,-5.338920133530834,-5.283502553825863,0.46084252309584306,-6.322578411461002,3.206973820258219,-1.3426209985815618,-6.322578411461003,3.206973820258219,-1.3426209985815623,nan,-5.338920133530834,nan,-5.283502553825863,False,15.83191348565743,8fb199c379f27e95,,0.6625664201316693,0.3103984316645937,0.0011692593910423987,dither_mag,-337.38129730264615,4,-3.1063834016916343,-5.5763914817745945,0.9985462928973363,1.0016200437966727,0.0,,,,,,,
24,24480,0,8,3994,3.559534680988264,3.582185392609148,260.4084054514545,253.12675294373383,0.9720375673162436,1.569445308402515,0.0,-595.248334900446,-595.248334900446,-595.248334900446,-151.19363888413935,126.03941479894445,phase,-70.45900875678979,dither_fold,0.9996974430425122,-179.68420938315563,-70.45900875678979,-0.29814178607248243,-0.5317312582705848,283.875,-15.32035609449988,7.171862259249515,-6.128503349708136,3.609652701426919,-1.3103826162305874,-9.034875280682005,0.09559402316172515,-1.7931686512760807,-6.128503349708135,3.60965270142692,-1.3103826162305872,-9.034875280682005,0.09559402316172609,-1.7931686512760807,-3.036962203685758,-2.9894913305693036,0.28914133370548445,-6.128503349708136,3.609652701426919,-1.3103826162305874,-6.128503349708135,3.60965270142692,-1.3103826162305872,nan,-3.036962203685758,nan,-2.9894913305693036,False,17.65668746246349,d5289b3cf39f6dd7,,3.559534680988264,3.582185392609148,-0.00030255695748782063,dither_mag,-595.248334900446,5,-1.8587325444329004,-4.324654463153475,0.9984934223998856,1.001673093091883,0.0,,,,,,,
25,25500,0,8,3068,-6.3150722870222165,-6.118899258598082,258.95279496594355,251.57452921517083,0.9715072944018887,2.469186470138158,0.0,-95.91026135667167,-95.91026135667167,-95.91026135667167,-493.4115991840666,118.6122966919773,phase,-62.60795272103674,dither_fold,1.0065644699186351,-196.30148733560944,-62.60795272103674,-0.3667131065770661,-0.6219050401133583,283.75,-15.23746271534349,6.9361443942033185,-6.3912309929003115,4.559080193043062,-1.3540250818771282,-9.16042407744695,0.661319369106313,-1.8140239331307226,-6.3912309929003115,4.559080193043062,-1.3540250818771282,-9.160424077446947,0.6613193691063137,-1.8140239331307222,-8.22576792412315,-8.150905220334012,0.32344127875411566,-6.3912309929003115,4.559080193043062,-1.3540250818771282,-6.3912309929003115,4.559080193043062,-1.3540250818771282,nan,-8.22576792412315,nan,-8.150905220334012,False,15.166285033466156,4b93262a301a423b,,-6.3150722870222165,-6.118899258598082,0.00656446991863513,dither_mag,-95.91026135667167,6,-4.072342820548054,-6.462692067716423,0.999640473906063,1.0005298933369016,0.0,,,,,,,
26,26520,0,8,6266,3.7584910589449603,3.33946068850374,258.46299796437927,250.8997790451272,0.9707377110889411,1.515622345186255,0.0,-189.51383516494545,-189.51383516494545,-189.51383516494545,-505.45093524784664,120.98982797321861,phase,-67.70533617875004,dither_fold,1.0113933215491833,-178.041079973615,-67.70533617875004,-0.30257768707345184,-0.5340310910391514,282.625,-15.378134594524244,6.87162369985145,-6.226732784414887,3.7474890509494463,-1.3266997980755626,-8.514270381984971,4.587661073431212,-1.7066894322234172,-6.226732784414885,3.747489050949447,-1.3266997980755624,-8.514270381984971,4.58766107343121,-1.7066894322234172,-3.79580772628963,-3.7803060623398554,1.0302259522648574,-6.226732784414887,3.7474890509494463,-1.3266997980755626,-6.226732784414885,3.747489050949447,-1.3266997980755624,nan,-3.79580772628963,nan,-3.7803060623398554,False,16.1226882340777,9eeea02e10eb5ab1,,3.7584910589449603,3.33946068850374,0.011393321549183266,dither_mag,-189.51383516494545,7,-2.756397833356237,-5.294499844015673,1.0016335883428011,0.9985574779110641,0.0,,,,,,,
27,27540,0,8,3418,-3.5660848469737667,-2.684954787615857,256.973892039858,247.55580260394123,0.9633500144269287,1.2819909946911219,0.0,-217.823936221927,-217.823936221927,-217.823936221927,-372.21019689323657,119.4925884410624,phase,-60.23046745136777,dither_fold,0.9852630717244528,-190.53099749250072,-60.23046745136777,-0.3511452116162069,-0.5988355083564578,285.5625,-15.269662350130158,6.434800200360091,-6.3427813345149815,4.357883075952749,-1.3459769658662761,-8.982355685811031,0.20352130441055266,-1.7844444660815668,-6.342781334514981,4.35788307595275,-1.3459769658662761,-8.982355685811031,0.20352130441055172,-1.7844444660815668,-7.098022391780648,-7.15741302699114,0.13315599956269766,-6.3427813345149815,4.357883075952749,-1.3459769658662761,-6.342781334514981,4.35788307595275,-1.3459769658662761,nan,-7.098022391780648,nan,-7.15741302699114,False,15.924208640750486,aebb99ff8d5de0d3,,-3.5660848469737667,-2.684954787615857,-0.014736928275547179,dither_mag,-217.823936221927,8,-4.002491925014889,-6.235591565276858,0.9990504129315885,1.0011712389580658,0.0,,,,,,,
28,28560,0,8,7318,-2.4285331127517376,-5.003595317917571,259.3057734216163,252.87382624636396,0.9751955111126879,1.5480422948246204,0.0,-239.26913503574866,-239.26913503574866,-239.26913503574866,-562.2761531868643,128.04757896236305,phase,-67.6117252225407,dither_fold,1.0027972179208773,-175.89491615867283,-67.6117252225407,-0.299274220040558,-0.5279376110468327,279.875,-15.563313094720472,6.868823193568863,-5.6250615824481285,4.199674832000529,-1.226754415689058,-8.118065820975703,0.8556971466691625,-1.6408747210923096,-5.625061582448128,4.19967483200053,-1.2267544156890577,-8.118065820975703,0.8556971466691633,-1.6408747210923096,-5.1782326035741155,-5.13438985570465,1.079122743820566,-5.6250615824481285,4.199674832000529,-1.226754415689058,-5.625061582448128,4.19967483200053,-1.2267544156890577,nan,-5.1782326035741155,nan,-5.13438985570465,False,16.670911985242203,f49b2455de2b2530,,-2.4285331127517376,-5.003595317917571,0.002797217920877282,dither_mag,-239.26913503574866,9,-4.853286417926341,-7.984801184096622,0.9995394612323981,1.000682519539772,0.0,,,,,,,
29,29580,0,7,2022,4.497047732194153,5.717867745471061,260.19707218063496,252.91081010298396,0.9719971404113544,1.4213515329559816,0.0,-221.58602635865648,-221.58602635865648,-221.58602635865648,-471.54029696364563,122.871431741887,phase,-65.59127760870453,dither_fold,1.0034718258678728,-174.884635684433,-65.59127760870453,-0.2952906696042188,-0.5226406959939817,282.2857142857143,-15.330476756558282,7.337323673530833,-5.533770151576024,4.587872246407977,-1.2115897261754194,-7.88005800177321,1.9828795902099141,-1.6013385385005334,-5.533770151576024,4.587872246407975,-1.2115897261754194,-7.88005800177321,1.9828795902099134,-1.6013385385005334,-4.979781962887505,-4.962288509011684,-0.7275633035137319,-5.533770151576024,4.587872246407977,-1.2115897261754194,-5.533770151576024,4.587872246407975,-1.2115897261754194,nan,-4.979781962887505,nan,-4.962288509011684,False,18.609519062647617,3a04e2eaacd5b71d,,4.497047732194153,5.717867745471061,0.0034718258678727576,dither_mag,-221.58602635865648,10,-3.2785945049854495,-5.984912436329473,1.0001467509499546,1.000076638847082,0.0,,,,,,,
30,30600,0,8,414,-0.3881291116395763,-3.3070076561689916,258.11791029760036,250.07421781922514,0.968837139317062,1.2861287743387066,0.0,-212.02732378138066,-212.02732378138066,-212.02732378138066,-363.0075091479567,112.47352408976676,phase,-61.62779679061797,dither_fold,1.0002673703068712,-187.32013622256434,-61.62779679061797,-0.36248082149169575,-0.6059969985810294,283.0,-15.656068206452623,7.109755525312066,-6.816307545939644,3.9586154099315363,-1.4246358049733627,-9.548073515574965,0.5687195567330585,-1.878417527504147,-6.816307545939645,3.9586154099315345,-1.4246358049733632,-9.548073515574965,0.5687195567330593,-1.878417527504147,-7.908722836599057,-7.910466448926727,0.9413920422466351,-6.816307545939644,3.9586154099315363,-1.4246358049733627,-6.816307545939645,3.9586154099315345,-1.4246358049733632,nan,-7.908722836599057,nan,-7.910466448926727,False,16.195152686320895,8a760effa868af40,,-0.3881291116395763,-3.3070076561689916,0.0002673703068711841,dither_mag,-212.02732378138066,11,-3.414419761573869,-7.142276416947491,1.0001935476201052,1.0000298579652818,0.0,,,,,,,
31,31620,0,8,5018,-4.878190884623942,-4.77453280329749,258.2418206307963,251.31394266006095,0.9731729045519701,1.4617319712622356,0.0,-201.88218345664086,-201.88218345664086,-201.88218345664086,-466.836003378133,114.4660921951089,phase,-62.284582876230196,dither_fold,0.9978110151969793,-188.76356366898017,-62.284582876230196,-0.3466049573129177,-0.5919975900825919,282.75,-15.213835078336642,5.9439728081665235,-5.915621081660864,4.057842830379943,-1.2750201132327017,-9.003933418032306,0.2637728398758844,-1.7880288069821106,-5.915621081660864,4.057842830379943,-1.2750201132327017,-9.003933418032307,0.26377283987588257,-1.7880288069821109,-5.066619159440602,-5.069303981022502,-1.088370202745871,-5.915621081660864,4.057842830379943,-1.2750201132327017,-5.915621081660864,4.057842830379943,-1.2750201132327017,nan,-5.066619159440602,nan,-5.069303981022502,False,16.5627542436569,896c143df1faca1a,,-4.878190884623942,-4.77453280329749,-0.002188984803020655,dither_mag,-201.88218345664086,12,-5.121456178356348,-8.813313004349201,0.9998104011368367,1.000413782147772,0.0,,,,,,,
32,32640,0,8,3724,1.4545136852521448,1.8974311360777127,261.75614574595915,253.77831294995704,0.9695218892635102,2.684480349866662,0.0,-366.0791660695096,-366.0791660695096,-366.0791660695096,-474.2705841867155,123.72656064273966,phase,-62.638353290146064,dither_fold,0.9985929056899835,-173.242505318055,-62.638353290146064,-0.2961453711138002,-0.5213606280272717,284.5,-15.426398901664445,7.225151516533199,-5.5304024133840155,4.070133466079627,-1.2110303012265806,-8.19643350858459,0.8418783166171804,-1.6538926093994337,-5.5304024133840155,4.070133466079627,-1.2110303012265806,-8.19643350858459,0.8418783166171812,-1.6538926093994337,-4.644551970140608,-4.6347721676065765,-0.03488710454023791,-5.5304024133840155,4.070133466079627,-1.2110303012265806,-5.5304024133840155,4.070133466079627,-1.2110303012265806,nan,-4.644551970140608,nan,-4.6347721676065765,False,15.948248544856062,a11609b0034b81cf,,1.4545136852521448,1.8974311360777127,-0.00140709431001651,dither_mag,-366.0791660695096,13,-4.612279849264952,-8.149486786160312,0.9995642063196931,1.0006604726591783,0.0,,,,,,,
33,33660,0,8,3502,-5.901813722940616,-5.020493590643605,260.3234609348602,252.65942330062734,0.9705595584558144,1.1945302333833474,0.0,-308.6700093544711,-308.6700093544711,-308.6700093544711,-411.31010691497164,122.14556268486794,phase,-62.197330021369524,dither_fold,0.9984038142485425,-173.0755904856688,-62.197330021369524,-0.3066262033247438,-0.5316244709561132,282.4375,-15.616672996446614,6.550699790073528,-6.289696513499558,3.917533835801768,-1.337158889285641,-8.55953275082713,4.720263673755125,-1.7142080981440415,-6.289696513499557,3.917533835801768,-1.3371588892856408,-8.559532750827131,4.720263673755125,-1.7142080981440417,-4.832980143894902,-4.8154921772802775,-0.6665722607947893,-6.289696513499558,3.917533835801768,-1.337158889285641,-6.289696513499557,3.917533835801768,-1.3371588892856408,nan,-4.832980143894902,nan,-4.8154921772802775,False,15.396303917569371,fa83f51e220801fc,,-5.901813722940616,-5.020493590643605,-0.0015961857514574795,dither_mag,-308.6700093544711,14,-6.678815235355556,-9.905499744337535,0.9992849955445291,1.0009404365315107,0.0,,,,,,,
34,34680,0,8,662,-0.6207406147700529,-3.414374908317977,259.6645794362694,252.85514357661836,0.973776031084277,1.5666485959851906,0.0,-8.41083558949613,-8.41083558949613,-8.41083558949613,-462.5434909682996,116.70776384075083,phase,-67.499871457316,dither_fold,1.0036835866124048,-177.41313356044,-67.499871457316,-0.3142510632708796,-0.5448881368994516,282.5,-15.564602238701568,6.822410075340759,-6.267497681736028,3.6662858803859133,-1.3334713757036591,-8.675933912192926,0.7350111325487385,-1.7335438392347053,-6.267497681736028,3.666285880385913,-1.3334713757036591,-8.675933912192924,0.7350111325487385,-1.7335438392347051,-5.230300870544042,-5.203123858815943,1.1608026480469427,-6.267497681736028,3.6662858803859133,-1.3334713757036591,-6.267497681736028,3.666285880385913,-1.3334713757036591,nan,-5.230300870544042,nan,-5.203123858815943,False,15.446559697296934,3db10bfa3d5611a7,,-0.6207406147700529,-3.414374908317977,0.0036835866124047545,dither_mag,-8.41083558949613,15,-6.896229902981111,-11.099408167152733,0.9999291622900529,1.000297570694931,0.0,,,,,,,
35,35700,0,8,426,1.7294407180155815,1.4331678423700018,258.68481680515924,249.47113437875285,0.9643825929167458,1.326392141146712,0.0,-35.349382745122995,-35.349382745122995,-35.349382745122995,-277.56374811352816,121.17458369713196,phase,-66.04280315474138,dither_fold,1.0003684345039348,-195.97260619266092,-66.04280315474138,-0.3487604387273757,-0.6035248267778349,283.5,-15.264367854817865,7.089432702018081,-7.309796904068425,3.13146419988722,-1.5066107814067153,-9.269243596483182,0.17758610230910507,-1.832100265196542,-7.309796904068425,3.131464199887219,-1.5066107814067153,-9.269243596483182,0.17758610230910507,-1.832100265196542,-7.638586461625014,-7.62999671506565,-1.0450746487005311,-7.309796904068425,3.13146419988722,-1.5066107814067153,-7.309796904068425,3.131464199887219,-1.5066107814067153,nan,-7.638586461625014,nan,-7.62999671506565,False,16.267486479228367,0ace4adaf099c224,,1.7294407180155815,1.4331678423700018,0.00036843450393475585,dither_mag,-35.349382745122995,16,-6.290882770271054,-10.597948641982617,0.9999936337609066,1.0002330992240773,0.0,,,,,,,
36,36720,0,7,2390,-0.3757815040654767,2.5152014635265667,259.68070806212137,250.90212045794465,0.9661946870459215,1.2962653650878757,0.0,-270.29300342776145,-270.29300342776145,-270.29300342776145,-414.04586313348136,118.24961828237643,phase,-60.90287153663756,dither_fold,0.9967877203608001,-186.04795416486246,-60.90287153663756,-0.3472754598426412,-0.5891378002569624,285.0,-15.543680052523802,6.810020263822555,-5.5722949229456,5.156344657761592,-1.2179891898580733,-8.380822643753218,1.0358082326040325,-1.6845220338460496,-5.572294922945597,5.156344657761592,-1.2179891898580726,-8.380822643753215,1.0358082326040348,-1.684522033846049,-7.522247609413211,-7.516864703898783,-2.0697858484416103,-5.5722949229456,5.156344657761592,-1.2179891898580733,-5.572294922945597,5.156344657761592,-1.2179891898580726,nan,-7.522247609413211,nan,-7.516864703898783,False,19.520733519305555,79d2750c4a0f5125,,-0.3757815040654767,2.5152014635265667,-0.0032122796391999,dither_mag,-270.29300342776145,17,-6.422407134009517,-9.717833283955374,0.999431488402821,1.000797191218647,0.0,,,,,,,
37,37740,0,8,3026,-4.5749904513590085,-3.034583932724141,259.95795109130313,252.9544255870317,0.9730590063705663,0.8178484779690052,0.0,-166.55303325689817,-166.55303325689817,-166.55303325689817,-226.99519000637878,126.50133234713792,phase,-67.82561970370172,dither_fold,1.0034003994038905,-173.91674805630407,-67.82561970370172,-0.29407152303185086,-0.5201632955050461,282.875,-15.504300734016942,6.382693770547503,-6.149289100059407,2.9446444720577363,-1.3138353986809648,-8.274526974977421,1.7008975430411604,-1.6668649460095386,-6.149289100059408,2.9446444720577363,-1.313835398680965,-8.274526974977421,1.7008975430411604,-1.6668649460095386,-4.500893415349616,-4.479214187000011,-0.7848162421879867,-6.149289100059407,2.9446444720577363,-1.3138353986809648,-6.149289100059408,2.9446444720577363,-1.313835398680965,nan,-4.500893415349616,nan,-4.479214187000011,False,13.845241725115708,ddb16369e035a657,,-4.5749904513590085,-3.034583932724141,0.003400399403890475,dither_mag,-166.55303325689817,18,-8.024564637106188,-10.779091634570996,1.000026219994365,1.0002036651641129,0.0,,,,,,,
38,38760,0,8,8006,9.87482354813535,13.048415267743053,261.2022027925899,254.61983699903718,0.9747997309242468,1.4866571134094142,0.0,-275.273742270606,-275.273742270606,-275.273742270606,-538.3656654261712,129.18607108077438,phase,-65.03790773513226,dither_fold,0.9970904731082547,-172.57214104945018,-65.03790773513226,-0.29779905314813654,-0.5221428365124218,283.0,-15.498991228851688,7.383221838554826,-6.0679978964815104,3.9267036060138487,-1.3003318764919454,-8.155530262384582,1.0982849165303674,-1.6470980502299972,-6.06799789648151,3.9267036060138487,-1.3003318764919451,-8.155530262384582,1.0982849165303674,-1.6470980502299972,-5.715492580562245,-5.712368399113443,-0.4285024183412691,-6.0679978964815104,3.9267036060138487,-1.3003318764919454,-6.06799789648151,3.9267036060138487,-1.3003318764919451,nan,-5.715492580562245,nan,-5.712368399113443,False,15.828357974620209,923a80cac0303f46,,9.87482354813535,13.048415267743053,-0.0029095268917452843,dither_mag,-275.273742270606,19,-4.568467014119015,-6.213076229137817,0.9995170394379483,1.000714422130921,0.0,,,,,,,
39,39780,0,8,5366,3.1502781521850522,3.8825146699915267,258.1839857790097,250.61220520498006,0.970672927094283,1.3975243895055356,0.0,-177.28421576075368,-177.28421576075368,-177.28421576075368,-405.47441880094823,110.91943190710454,phase,-55.63041782766684,dither_fold,1.0018690054709771,-186.0732812826893,-55.63041782766684,-0.36037286571456484,-0.6022681313820609,283.6875,-15.466701647023786,6.804707393607693,-6.6776855873984795,5.030892351407185,-1.4016089015612094,-9.363764816166357,0.01699182163182916,-1.8478014644794614,-6.677685587398479,5.030892351407185,-1.4016089015612092,-9.363764816166357,0.016991821631831078,-1.8478014644794614,-7.48647937420364,-7.459984818975663,0.11997275291748877,-6.6776855873984795,5.030892351407185,-1.4016089015612094,-6.677685587398479,5.030892351407185,-1.4016089015612092,nan,-7.48647937420364,nan,-7.459984818975663,False,15.475059534151866,132940368e8ac33c,,3.1502781521850522,3.8825146699915267,0.0018690054709771253,dither_mag,-177.28421576075368,20,-3.465336892510699,-4.855166215606249,0.9998439574305811,1.0003877231054636,0.0,20,-64.15060301521898,0.8479702517030387,-64.15060301521898,move+1:OK,1,26
40,40800,0,8,6018,-2.034345613430098,-2.8959561783384373,261.394178652675,255.1181072374011,0.9759900107660271,1.3690020005270116,0.0,-162.1944318127475,-162.1944318127475,-162.1944318127475,-374.61916139571446,114.01902211532264,phase,-59.12343246726243,dither_fold,0.9995311543337191,-161.3177277005695,-59.12343246726243,-0.30721777973184045,-0.5169308257425808,283.5,-16.00990266561771,6.917325890389678,-5.917260701724403,4.438903202980504,-1.275292475369502,-8.24379600507252,1.2121523945872683,-1.6617601337329768,-5.917260701724399,4.438903202980506,-1.2752924753695016,-8.243796005072522,1.212152394587269,-1.661760133732977,-5.910772765731891,-5.9032785767045315,0.8610424148193632,-5.917260701724403,4.438903202980504,-1.275292475369502,-5.917260701724399,4.438903202980506,-1.2752924753695016,nan,-5.910772765731891,nan,-5.9032785767045315,False,16.293734323006547,6d34edb2adc1f257,,-2.034345613430098,-2.8959561783384373,-0.00046884566628091484,dither_mag,-162.1944318127475,1,-4.177468980131951,-5.868358040144062,0.9997619222419614,1.0004698414097761,0.0,,,,,,,
41,41820,0,8,1022,-7.3707757842117765,-8.7857679388945,260.51477904587915,252.11287891029346,0.9677488541480941,1.42052146189071,0.0,-205.24773823341573,-205.24773823341573,-205.24773823341573,-445.87260434317244,112.93023231502652,phase,-57.85455006709352,dither_fold,0.9969829476580034,-156.39060750435465,-57.85455006709352,-0.3116983996259742,-0.5150061893816352,283.25,-16.229837887616906,5.643368273060623,-6.098218902803491,4.397070144125994,-1.3053519772098823,-8.269576439845904,1.2119228794357833,-1.6660425979810474,-6.098218902803487,4.397070144125996,-1.3053519772098816,-8.269576439845904,1.2119228794357833,-1.6660425979810474,-5.894453503025538,-5.881484322566614,1.4943270446483279,-6.098218902803491,4.397070144125994,-1.3053519772098823,-6.098218902803487,4.397070144125996,-1.3053519772098816,nan,-5.894453503025538,nan,-5.881484322566614,False,18.124881360358994,955ea976f2e7d4b1,,-7.3707757842117765,-8.7857679388945,-0.0030170523419965622,dither_mag,-205.24773823341573,2,-6.7578548370857705,-8.941932726093638,0.999234063783397,1.00099967216557,0.0,,,,,,,
42,42840,0,8,7650,2.6308382382129665,2.5069363377804486,259.97232722923957,252.74936713867996,0.9722164271576854,1.1390224313477486,0.0,-281.8539859964915,-281.8539859964915,-281.8539859964915,-357.2128811194804,112.44086698531395,phase,-60.49289175369084,dither_fold,0.9994050996091536,-160.03046155723015,-60.49289175369084,-0.3038062854388421,-0.5118458854632413,282.8125,-16.079338325050713,6.788901618078482,-5.28433316282079,5.122426347059652,-1.1701550104353473,-7.979549627206496,1.422729465618458,-1.6178653865791524,-5.284333162820788,5.122426347059652,-1.1701550104353469,-7.979549627206497,1.4227294656184566,-1.6178653865791524,-4.751896504182518,-4.720565392142985,-0.32850845902575765,-5.28433316282079,5.122426347059652,-1.1701550104353473,-5.284333162820788,5.122426347059652,-1.1701550104353469,nan,-4.751896504182518,nan,-4.720565392142985,False,16.787771184093607,042b1d8b4b00963a,,2.6308382382129665,2.5069363377804486,-0.0005949003908464201,dither_mag,-281.8539859964915,3,-5.836355644105758,-8.065381271960868,0.9991300359547558,1.001103945839856,0.0,,,,,,,
43,43860,0,8,7362,3.5332791418441882,4.270090021871442,259.13863256156736,252.66564765961928,0.9750211505017099,1.4142811468527385,0.0,-152.23849259127158,-152.23849259127158,-152.23849259127158,-397.78360073703095,108.84009275548497,phase,-63.16194248835148,dither_fold,1.001302936010347,-176.7963021342001,-63.16194248835148,-0.3373464915667577,-0.5671816843412179,282.6875,-15.903719317179227,7.259847955590458,-6.060766333602963,5.119998137957053,-1.2991306201998278,-8.38804944146171,0.6341214076880988,-1.6857224985816794,-6.060766333602965,5.119998137957053,-1.299130620199828,-8.38804944146171,0.6341214076880988,-1.6857224985816794,-4.793710248684244,-4.7560249463830395,-1.0834256739492494,-6.060766333602963,5.119998137957053,-1.2991306201998278,-6.060766333602965,5.119998137957053,-1.299130620199828,nan,-4.793710248684244,nan,-4.7560249463830395,False,17.737023082641443,18ae6b97ed0bbb97,,3.5332791418441882,4.270090021871442,0.0013029360103469223,dither_mag,-152.23849259127158,4,-4.598631168668744,-6.572497826774567,0.9993578513927571,1.0008759773515101,0.0,,,,,,,
44,44880,0,7,848,7.593751718246836,8.51745239213222,257.30686163498433,250.9750277950971,0.9753918966651205,1.3608687724835449,0.0,-127.24704336995453,-127.24704336995453,-127.24704336995453,-345.68445821691535,107.88668197071866,phase,-57.1683662084719,dither_fold,0.999213224775074,-167.2258099656017,-57.1683662084719,-0.374334804912885,-0.5917283578681672,283.0714285714286,-16.647138073791513,6.696114020013248,-5.992821778817672,6.874204126397851,-1.2878441493052613,-9.339775738369921,-0.256811288579274,-1.8438165678355352,-5.992821778817668,6.874204126397855,-1.2878441493052606,-9.339775738369921,-0.256811288579274,-1.8438165678355352,-8.324187641017836,-8.289924958977933,-0.23439789208789552,-5.992821778817672,6.874204126397851,-1.2878441493052613,-5.992821778817668,6.874204126397855,-1.2878441493052606,nan,-8.324187641017836,nan,-8.289924958977933,False,15.428555152570741,e6531c8812cabf4f,,7.593751718246836,8.51745239213222,-0.0007867752249259841,dither_mag,-127.24704336995453,5,-1.939110259634682,-3.5939985874034694,0.9992202541430526,1.0010138921333291,0.0,,,,,,,
45,45900,0,8,2982,-1.6221239089410666,-1.782807155918217,258.8052238175777,251.9827685164685,0.9736386491722512,1.321759389403245,0.0,306.5906841584693,306.5906841584693,306.5906841584693,-400.2697924535004,105.37784038809023,phase,-54.23381565448666,dither_fold,1.000113044651934,-158.8433825606962,-54.23381565448666,-0.32244018214959597,-0.528936579478501,283.0,-16.256585037271943,6.854999267689364,-6.279049326361481,4.038161759789314,-1.3353902535484188,-8.754935863740169,0.5834052141798397,-1.746667087000028,-6.279049326361478,4.038161759789316,-1.3353902535484186,-8.754935863740167,0.5834052141798388,-1.7466670870000278,-6.480164817986889,-6.442732465577449,0.3955172553106763,-6.279049326361481,4.038161759789314,-1.3353902535484188,-6.279049326361478,4.038161759789316,-1.3353902535484186,nan,-6.480164817986889,nan,-6.442732465577449,False,13.920711234003136,4c2b9bb2c5925171,,-1.6221239089410666,-1.782807155918217,0.00011304465193395785,dither_mag,306.5906841584693,6,-2.507296668762547,-4.217349081812258,0.9992400215315737,1.0009940914999569,0.0,,,,,,,
46,46920,0,8,7654,-7.611914040726866,-8.791381676812616,257.01935300369007,251.4903891449947,0.9784881418691612,1.2641448278651253,0.0,-230.18693302783007,-230.18693302783007,-230.18693302783007,-356.2511157314151,114.49408650801429,phase,-56.4899198453464,dither_fold,1.006149068090452,-173.66331116783272,-56.4899198453464,-0.36567944716286566,-0.5914417516810482,281.8125,-16.141810822536865,5.905806512049415,-6.573322454208269,5.019361378356737,-1.3842728329249618,-8.913841247713105,0.5043241176407954,-1.7730633301849013,-6.57332245420827,5.019361378356737,-1.3842728329249618,-8.913841247713103,0.5043241176407962,-1.773063330184901,-7.50718717932852,-7.467848690964617,0.8085628767154445,-6.573322454208269,5.019361378356737,-1.3842728329249618,-6.57332245420827,5.019361378356737,-1.3842728329249618,nan,-7.50718717932852,nan,-7.467848690964617,False,16.960979842569913,86c360a0986a8a6c,,-7.611914040726866,-8.791381676812616,0.0061490680904519035,dither_mag,-230.18693302783007,7,-5.17349283469566,-7.291276903177973,1.0003152906445165,0.9999235178853237,0.0,,,,,,,
47,47940,0,8,6782,-6.095094952675644,-7.424821853977316,259.80829497813556,251.2638286106703,0.9671124189157073,1.272247345379288,0.0,-215.06093698162414,-215.06093698162414,-215.06093698162414,-364.7032210418307,120.49326147722806,phase,-62.692971060564226,dither_fold,0.9999439023692502,-172.49013603894596,-62.692971060564226,-0.31896183620011503,-0.5431990130507448,283.6875,-15.948915490441758,6.414832963413914,-6.197792889877313,3.6421196623060603,-1.3218925066241385,-8.786015304845755,4.3715272027951295,-1.7518297848580988,-6.197792889877315,3.6421196623060608,-1.3218925066241387,-8.786015304845758,4.3715272027951295,-1.7518297848580995,-6.581951380049959,-6.5902787353003625,0.9448234041222481,-6.197792889877313,3.6421196623060603,-1.3218925066241385,-6.197792889877315,3.6421196623060608,-1.3218925066241387,nan,-6.581951380049959,nan,-6.5902787353003625,False,15.902087173878984,294c7783d457045b,,-6.095094952675644,-7.424821853977316,-5.609763074976293e-05,dither_mag,-215.06093698162414,8,-7.306103675885513,-9.890163320399026,1.0003054704639003,0.9999333347705776,0.0,,,,,,,
48,48960,0,8,2090,-3.795055247384596,-5.326148253700028,259.1076378543847,252.5314073541883,0.9746196964525912,1.1056658105095611,0.0,-218.9654976548436,-218.9654976548436,-218.9654976548436,-279.2059873229142,111.18197019896752,phase,-59.75511849069092,dither_fold,0.9925599013366696,-163.25883115774948,-59.75511849069092,-0.32282733660723967,-0.535063817112314,281.875,-16.106730929223318,5.534182350320825,-6.2833861284424195,3.564193541482004,-1.336110652565186,-8.501123434179101,4.6751489759348095,-1.704505553850349,-6.2833861284424195,3.564193541482003,-1.336110652565186,-8.501123434179101,4.675148975934808,-1.704505553850349,-5.75977400079016,-5.7661556903104705,0.1451578830357212,-6.2833861284424195,3.564193541482004,-1.336110652565186,-6.2833861284424195,3.564193541482003,-1.336110652565186,nan,-5.75977400079016,nan,-5.7661556903104705,False,19.387492751038888,5f855dd9ce121a84,,-3.795055247384596,-5.326148253700028,-0.007440098663330397,dither_mag,-218.9654976548436,9,-8.63396738932558,-11.754439491592695,0.9990030554699992,1.0012450243371716,0.0,,,,,,,
49,49980,0,8,4034,3.5054691434808563,5.469574110041482,256.5919176010824,250.7828511129907,0.9773606801710608,1.5017736594769162,0.0,-160.77301215433727,-160.77301215433727,-160.77301215433727,-462.809086140665,110.66763552660949,phase,-64.76760295823959,dither_fold,1.0049593953966869,-166.10306658106742,-64.76760295823959,-0.31170931660663204,-0.5276433031620197,282.0,-16.081637846203815,7.070973008348181,-6.383859334012679,3.5317309477414027,-1.3528005538227044,-9.136904006881307,0.29538215841204296,-1.810116944664669,-6.383859334012683,3.5317309477414023,-1.352800553822705,-9.136904006881307,0.29538215841204296,-1.810116944664669,-6.592721141804418,-6.552190834329489,-2.3009982904914494,-6.383859334012679,3.5317309477414027,-1.3528005538227044,-6.383859334012683,3.5317309477414023,-1.352800553822705,nan,-6.592721141804418,nan,-6.552190834329489,False,17.61708534807286,dfee47b7f389651e,,3.5054691434808563,5.469574110041482,0.004959395396686883,dither_mag,-160.77301215433727,10,-7.405828803061622,-9.842469002868592,0.9998700844220497,1.0003803379152179,0.0,,,,,,,
50,51000,0,8,4566,5.530110262241134,6.72002391102469,257.7634869760117,250.6778936836929,0.9725112607086271,1.3568005116274011,0.0,-213.98727590566637,-213.98727590566637,-213.98727590566637,-408.66345496757293,107.42729561266506,phase,-53.91543675401438,dither_fold,0.9961559059458966,-168.35889771285625,-53.91543675401438,-0.37914861348215656,-0.5980151805088697,284.8125,-16.48537049670984,6.039020886000413,-7.26464768272389,4.3582692447178415,-1.4991109107514768,-8.916049978904713,0.17437186850506745,-1.7734302290539392,-7.264647682723893,4.3582692447178415,-1.4991109107514773,-8.916049978904713,0.17437186850506653,-1.7734302290539392,-7.17364194313817,-7.163077797051805,-0.4754762328982478,-7.26464768272389,4.3582692447178415,-1.4991109107514768,-7.264647682723893,4.3582692447178415,-1.4991109107514773,nan,-7.17364194313817,nan,-7.163077797051805,False,17.186520683435983,e127acdd574ba639,,5.530110262241134,6.72002391102469,-0.003844094054103353,dither_mag,-213.98727590566637,11,-5.470038721990052,-7.491354851864583,0.9991974553589292,1.001055907186079,0.0,,,,,,,
51,52020,0,8,3646,0.6528476950817738,0.25829396530681753,261.2348168271558,254.86430919061056,0.9756138645150036,1.5428536949459486,0.0,-297.48871217831476,-297.48871217831476,-297.48871217831476,-610.6513660661227,110.92008811988028,phase,-58.72308931401446,dither_fold,1.0079709167288968,-157.83904036028275,-58.72308931401446,-0.30508646942767514,-0.5102772218960427,281.5625,-16.26576973602126,7.398391760041742,-6.003997919342875,4.170567951854898,-1.2897006510536337,-8.57407884733867,4.329066241085545,-1.7166243932456264,-6.003997919342877,4.170567951854897,-1.2897006510536342,-8.574078847338672,4.329066241085545,-1.7166243932456267,-4.621196641325947,-4.5921224096781925,1.1334331299606994,-6.003997919342875,4.170567951854898,-1.2897006510536337,-6.003997919342877,4.170567951854897,-1.2897006510536342,nan,-4.621196641325947,nan,-4.5921224096781925,False,16.23066341739299,9609d4b62ecf5bee,,0.6528476950817738,0.25829396530681753,0.007970916728896826,dither_mag,-297.48871217831476,12,-5.241358502626863,-7.40104732037865,1.0005912463085977,0.9996705662994263,0.0,,,,,,,
52,53040,0,8,1434,3.8686444728192555,3.025050438411796,260.1834138654244,253.27797175155405,0.9734593300499851,1.4558832793232503,0.0,-137.81095929240212,-137.81095929240212,-137.81095929240212,-418.2753517361601,121.17255199874978,phase,-62.33388293685847,dither_fold,0.9937048546619855,-162.3798865757225,-62.33388293685847,-0.3085331365023861,-0.5196269890508254,284.1875,-16.16810867816112,7.073322149227278,-5.534182378949168,5.205567838249211,-1.2116582024832505,-8.657792061110602,0.7246104631984958,-1.7305302427094023,-5.53418237894917,5.20556783824921,-1.211658202483251,-8.657792061110602,0.7246104631984958,-1.7305302427094023,-6.3378328846370655,-6.3587027248579995,0.3880522278243971,-5.534182378949168,5.205567838249211,-1.2116582024832505,-5.53418237894917,5.20556783824921,-1.211658202483251,nan,-6.3378328846370655,nan,-6.3587027248579995,False,18.239603124369626,a6bad248a837511e,,3.8686444728192555,3.025050438411796,-0.006295145338014452,dither_mag,-137.81095929240212,13,-3.888133026707461,-6.341930758246119,0.9994889445276927,1.000778830496996,0.0,,,,,,,
53,54060,0,7,4858,-6.108743470229805,-8.689831880886892,259.30568478067255,253.41312770963737,0.977275634832228,1.6269373746315934,0.0,-161.65768471315099,-161.65768471315099,-161.65768471315099,-568.3832311976652,112.45849086451919,phase,-61.57586625194822,dither_fold,1.0109517819580238,-167.80077295006905,-61.57586625194822,-0.3151067011421134,-0.5332477059772032,282.2142857142857,-15.74484503112674,5.720105077995939,-6.281248047673705,4.58648206662935,-1.335755489646795,-8.785872907856222,1.423279125347793,-1.7518061308731265,-6.281248047673703,4.586482066629353,-1.3357554896467945,-8.785872907856222,1.4232791253477937,-1.7518061308731265,-6.637089187896468,-6.60958133768025,0.026255736430517373,-6.281248047673705,4.58648206662935,-1.335755489646795,-6.281248047673703,4.586482066629353,-1.3357554896467945,nan,-6.637089187896468,nan,-6.60958133768025,False,16.328616083134612,9458eec5a52cb687,,-6.108743470229805,-8.689831880886892,0.01095178195802382,dither_mag,-161.65768471315099,14,-6.027286467359843,-9.381004992859978,1.001404526900929,0.9988815545302315,0.0,,,,,,,
54,55080,0,8,3224,-5.146598597050865,-3.4151710476631365,260.35202144671547,253.27254949040676,0.9728080776290127,1.4528080985239131,0.0,-348.8551965393598,-348.8551965393598,-348.8551965393598,-596.5815079304134,117.17846561143114,phase,-59.5898718025538,dither_fold,0.9958041283153342,-167.3972485114252,-59.5898718025538,-0.3209387253608365,-0.5385551484256893,284.1875,-16.164971382991943,6.363381649903836,-5.986784743914971,3.874085353579912,-1.2868413195872044,-8.990090076252391,0.5397481894587168,-1.785729248546909,-5.986784743914972,3.874085353579911,-1.2868413195872048,-8.990090076252391,0.5397481894587185,-1.785729248546909,-5.169773548923869,-5.218364574535752,-0.7280580903657516,-5.986784743914971,3.874085353579912,-1.2868413195872044,-5.986784743914972,3.874085353579911,-1.2868413195872048,nan,-5.169773548923869,nan,-5.218364574535752,False,14.549093331717302,698d9bfa868b3712,,-5.146598597050865,-3.4151710476631365,-0.004195871684665842,dither_mag,-348.8551965393598,15,-7.826069537117236,-10.57765324535899,1.0006692180435481,0.9996181012813119,0.0,,,,,,,
55,56100,0,8,5324,3.0781280983547106,6.283585968472229,233.46723455200484,216.67533296899745,0.9280759819885261,0.9024324222232563,0.0,-123.20552997481818,-123.20552997481818,-123.20552997481818,-121.27535886613421,107.64409253314858,phase,-58.589110013680234,dither_fold,1.0006268017513822,-169.65181591147817,-58.589110013680234,-0.3382861994358112,-0.5588335601207328,283.8125,-16.14209945374403,7.283617544776596,-7.1330146449313725,0.7166126468234206,-1.4772449576297964,-6.982172806749891,0.7033730163539607,-1.4521881738787197,-7.1330146449313725,0.7166126468234214,-1.4772449576297964,-6.982172806749892,0.7033730163539598,-1.4521881738787197,-16.047026535535146,-16.02383462011909,-0.9233785379709957,-7.1330146449313725,0.7166126468234206,-1.4772449576297964,-7.1330146449313725,0.7166126468234214,-1.4772449576297964,nan,-16.047026535535146,nan,-16.02383462011909,False,15.363137662314136,33d24de57406c589,,3.0781280983547106,6.283585968472229,0.0006268017513821889,dither_mag,-123.20552997481818,16,-6.749445199126194,-8.377557942816678,1.0007789817567723,0.999508521550175,0.0,,,,,,,
56,57120,0,8,518,6.838101142284367,5.874669249750175,259.53866541207714,251.74929949626227,0.9699876474919548,1.2869590847724126,0.0,-218.07316867387723,-218.07316867387723,-218.07316867387723,-368.3833253377552,107.46545963291952,phase,-57.766977691835365,dither_fold,0.9970564915970637,-176.00322638386132,-57.766977691835365,-0.36465428757439106,-0.5934584818734108,284.375,-16.118474636635,7.054759630246083,-6.51892235351331,4.08887496780078,-1.3752362713477262,-8.782788750547025,0.45041239530447363,-1.751293812383227,-6.518922353513307,4.08887496780078,-1.3752362713477255,-8.782788750547025,0.4504123953044763,-1.751293812383227,-8.214508641314186,-8.236224015783014,0.6158249701042937,-6.51892235351331,4.08887496780078,-1.3752362713477262,-6.518922353513307,4.08887496780078,-1.3752362713477255,nan,-8.214508641314186,nan,-8.236224015783014,False,17.590349671581805,7b94c1b260ad80c5,,6.838101142284367,5.874669249750175,-0.0029435084029363345,dither_mag,-218.07316867387723,17,-4.357972712765363,-6.320412662830844,1.0002634665218728,1.0000249023244212,0.0,,,,,,,
57,58140,0,8,2858,-3.559631550619736,-5.279718811165825,259.2048693010467,251.2327800547703,0.9692440606236551,1.3887252589647847,0.0,-186.63639006413138,-186.63639006413138,-186.63639006413138,-411.69559511916316,113.81842748953649,phase,-58.30500005634673,dither_fold,0.9974051584071882,-173.51340348444253,-58.30500005634673,-0.34549805034519965,-0.5710654748749749,282.9375,-16.065916510999777,6.782793053011552,-6.563627819269638,3.866442674940841,-1.3826624284501061,-8.557979065429338,1.2780470973398448,-1.713950010868661,-6.563627819269639,3.866442674940838,-1.3826624284501061,-8.557979065429338,1.2780470973398448,-1.713950010868661,-6.230110954823582,-6.235240611884439,1.1109576998152535,-6.563627819269638,3.866442674940841,-1.3826624284501061,-6.563627819269639,3.866442674940838,-1.3826624284501061,nan,-6.230110954823582,nan,-6.235240611884439,False,15.026608020133702,f023a27690aec5a5,,-3.559631550619736,-5.279718811165825,-0.0025948415928117585,dither_mag,-186.63639006413138,18,-5.603515596630816,-8.168268230840045,0.9998092496037001,1.0004801923166495,0.0,,,,,,,
58,59160,0,8,610,4.602637474206385,6.33797688457098,259.25868889381115,251.61874007798468,0.970531561166092,1.327513787501628,0.0,-198.684090651754,-198.684090651754,-198.684090651754,-374.7045743302864,112.38998633617352,phase,-62.008645796502805,dither_fold,0.997982901288874,-169.9923887101267,-62.008645796502805,-0.33195684099534367,-0.5529469463185084,283.9375,-16.13749261615766,7.074706119530041,-6.424470094805223,4.283971022320476,-1.359546527376283,-8.329187798935502,0.9394070880488813,-1.6759448170989206,-6.424470094805224,4.283971022320476,-1.3595465273762832,-8.329187798935504,0.9394070880488804,-1.6759448170989208,-5.5987667397918965,-5.585814721321193,-0.6127948538371104,-6.424470094805223,4.283971022320476,-1.359546527376283,-6.424470094805224,4.283971022320476,-1.3595465273762832,nan,-5.5987667397918965,nan,-5.585814721321193,False,15.531473020795454,faf4b381da0febfa,,4.602637474206385,6.33797688457098,-0.0020170987111259864,dither_mag,-198.684090651754,19,-3.992285137810031,-5.951041016712693,0.9994563246626693,1.000834067897252,0.0,,,,,,,
59,60180,0,7,1622,-5.004992291123001,-5.453503785048724,262.4190261339325,254.65290939328216,0.9704056643488697,1.377179217130805,0.0,-186.76551240385427,-186.76551240385427,-186.76551240385427,-400.122600615719,109.03683442365151,phase,-56.42673121823436,dither_fold,1.0071668076736893,-174.8801437729661,-56.42673121823436,-0.36875773551641117,-0.5961019224212671,284.1428571428571,-16.11425174216083,5.822128806808421,-6.305714749544413,3.8896909690774066,-1.3398197258379425,-9.218687923552908,0.28954482684854294,-1.823702312882543,-6.305714749544414,3.8896909690774057,-1.3398197258379425,-9.218687923552908,0.28954482684854477,-1.823702312882543,-6.519919106225311,-6.49094206649139,0.5390777415821901,-6.305714749544413,3.8896909690774066,-1.3398197258379425,-6.305714749544414,3.8896909690774057,-1.3398197258379425,nan,-6.519919106225311,nan,-6.49094206649139,False,18.83293001229504,96ff75e2f9cf2059,,-5.004992291123001,-5.453503785048724,0.007166807673689268,dither_mag,-186.76551240385427,20,-5.744985339576516,-7.858176660863255,1.0007098341326635,0.9995877625046716,0.0,20,-59.24876114150934,0.6516349002394847,-59.24876114150934,move+1:OK,1,27
60,61200,0,8,6742,-0.15512469512052196,0.00817329013707041,257.9925296424254,251.73982153957704,0.975763995525318,1.390594756917286,0.0,-132.3170461094665,-132.3170461094665,-132.3170461094665,-367.16370248857777,99.94463892261057,phase,-55.71746606930399,dither_fold,0.9951716844917746,-150.22816209052706,-55.71746606930399,-0.32926525829228687,-0.524561869009972,283.0625,-17.032987632882495,6.867193162790879,-5.8870218183168,4.435854230054278,-1.2702694050360133,-8.683577931434009,0.7380258290653832,-1.734813609872759,-5.8870218183168,4.4358542300542805,-1.2702694050360133,-8.68357793143401,0.7380258290653832,-1.7348136098727593,-4.176244345744028,-4.1950767067376535,-0.04072613517145074,-5.8870218183168,4.435854230054278,-1.2702694050360133,-5.8870218183168,4.4358542300542805,-1.2702694050360133,nan,-4.176244345744028,nan,-4.1950767067376535,False,15.811043522817657,f7675ee975236056,,-0.15512469512052196,0.00817329013707041,-0.004828315508225378,dither_mag,-132.3170461094665,1,-5.799240470724738,-7.855314829561112,0.9998642791406726,1.000436467210483,0.0,,,,,,,
61,62220,0,8,7142,-8.449612584929993,-7.397912708047631,259.14066048767097,253.31070247940394,0.977502727679648,0.8515124012515174,0.0,-250.6809547592949,-250.6809547592949,-250.6809547592949,-251.8875866257654,104.15493084786672,phase,-54.19183799384472,dither_fold,1.0039491549239599,-142.58580791713317,-54.19183799384472,-0.32187902937437735,-0.5072405796666505,282.875,-17.25139958179345,5.455383566305155,-6.198855186107998,3.738536106358233,-1.3220689677920263,-8.343481551120362,1.4271277577657844,-1.6783191945382663,-6.198855186108,3.7385361063582327,-1.3220689677920268,-8.343481551120359,1.4271277577657844,-1.6783191945382656,-8.503843024178229,-8.490134894512199,0.5711887757367524,-6.198855186107998,3.738536106358233,-1.3220689677920263,-6.198855186108,3.7385361063582327,-1.3220689677920268,nan,-8.503843024178229,nan,-8.490134894512199,False,16.042393047338965,147cd442e0251990,,-8.449612584929993,-7.397912708047631,0.003949154923959863,dither_mag,-250.6809547592949,2,-8.757006305971084,-10.443454639214723,1.000555287455393,0.9997477831753278,0.0,,,,,,,
62,63240,0,8,2326,1.1326348948721954,1.380606339220611,257.87937233193287,249.31074623975366,0.9667727355829376,1.1064497039922976,0.0,-291.2658282014407,-291.2658282014407,-291.2658282014407,-360.27859582888783,96.15060304695953,phase,-51.68483627373895,dither_fold,0.9965033262533618,-159.0262630530563,-51.68483627373895,-0.3688869855631658,-0.575621127532139,285.9375,-16.832638161949205,6.135614093975689,-7.26775893341588,3.698102105588296,-1.4996277298033025,-9.417575926249278,0.1110786189003187,-1.8567401870845976,-7.267758933415878,3.698102105588295,-1.499627729803302,-9.417575926249278,0.1110786189003187,-1.8567401870845976,-5.974720031349715,-5.988205187341347,0.06040922021632056,-7.26775893341588,3.698102105588296,-1.4996277298033025,-7.267758933415878,3.698102105588295,-1.499627729803302,nan,-5.974720031349715,nan,-5.988205187341347,False,19.42136653321763,63ce671521ca3b67,,1.1326348948721954,1.380606339220611,-0.0034966737466382014,dither_mag,-291.2658282014407,3,-8.36080409888121,-9.960120515489567,0.9999430297593945,1.0003616933887243,0.0,,,,,,,
63,64260,0,8,2338,-0.7016559253344781,0.210196514690848,259.5032093616077,252.9760281917433,0.974847397124985,1.6178145308967682,0.0,-175.89631685861198,-175.89631685861198,-175.89631685861198,-565.6935976872318,93.36924821778264,phase,-50.945363948433865,dither_fold,1.0064879616224935,-147.47379586991588,-50.945363948433865,-0.3470131649585191,-0.5387290995894097,281.9375,-17.288582286259235,6.481510434801993,-6.500365851577639,3.7989376682898213,-1.3721537959431294,-8.919374816164972,0.5750468382911663,-1.7739825276021548,-6.500365851577639,3.7989376682898213,-1.3721537959431294,-8.919374816164972,0.5750468382911663,-1.7739825276021548,-5.5008842038971215,-5.492712632050978,-0.382804988745847,-6.500365851577639,3.7989376682898213,-1.3721537959431294,-6.500365851577639,3.7989376682898213,-1.3721537959431294,nan,-5.5008842038971215,nan,-5.492712632050978,False,19.370705425827488,7b12e930663a6acd,,-0.7016559253344781,0.210196514690848,0.006487961622493543,dither_mag,-175.89631685861198,4,-8.606397664272789,-9.886578335068222,1.0010783583597023,0.9992332109910314,0.0,,,,,,,
64,65280,0,8,8176,2.6759468522067285,3.73371316786975,259.0016272921579,253.1604705334878,0.9774474128995292,1.3885045246882697,0.0,-265.3606177321072,-265.3606177321072,-265.3606177321072,-470.79551104412644,97.15971612743547,phase,-48.30137045907575,dither_fold,0.9998361081188589,-139.33292547803393,-48.30137045907575,-0.33034242339610553,-0.5114752265175496,283.875,-17.35366667484625,6.756399780665731,-6.694858311887931,3.9472629079017416,-1.4044615136026464,-8.0608331569264,4.720585399852702,-1.6313676340409302,-6.6948583118879315,3.947262907901741,-1.4044615136026466,-8.0608331569264,4.720585399852701,-1.6313676340409302,-6.769310905676695,-6.805312029928679,0.5937784326846449,-6.694858311887931,3.9472629079017416,-1.4044615136026464,-6.6948583118879315,3.947262907901741,-1.4044615136026466,nan,-6.769310905676695,nan,-6.805312029928679,False,14.82852897481869,a7efb29dce79e8a6,,2.6759468522067285,3.73371316786975,-0.0001638918811410761,dither_mag,-265.3606177321072,5,-7.670825148443986,-8.578775917794342,1.001049646352021,0.9992618747756563,0.0,,,,,,,
65,66300,0,8,3106,7.512035194352715,9.48843375877312,258.61159345428985,252.1344970151827,0.9749543461969659,0.556426019369504,0.0,-78.66941447810224,-78.66941447810224,-78.66941447810224,-143.70596179304576,97.07139457828734,phase,-49.13028513869401,dither_fold,0.9941957973026729,-152.53707537012917,-49.13028513869401,-0.37214830066741206,-0.57044649864858,282.8125,-17.2113550032457,6.880946169310297,-6.748074929204499,4.5445796678225445,-1.4133014832565614,-8.699146449162109,1.1781813860304293,-1.7373997423857326,-6.748074929204501,4.544579667822544,-1.4133014832565616,-8.699146449162109,1.1781813860304293,-1.7373997423857326,-8.000859677892283,-8.046853996530958,-0.9733372361603205,-6.748074929204499,4.5445796678225445,-1.4133014832565614,-6.748074929204501,4.544579667822544,-1.4133014832565616,nan,-8.000859677892283,nan,-8.046853996530958,False,15.010938404340305,fe5062ce798015c1,,7.512035194352715,9.48843375877312,-0.0058042026973270655,dither_mag,-78.66941447810224,6,-5.044369679821921,-5.2553710132329865,1.000032844716956,1.0002827860838843,0.0,,,,,,,
66,67320,0,8,4022,-1.7056863411231784,-2.411977534288591,259.01992321339725,253.67695981628995,0.9793723844450938,1.295108606260403,0.0,-167.78589350684643,-167.78589350684643,-167.78589350684643,-323.6159735830579,98.58603654639975,phase,-54.03550208564486,dither_fold,1.0076666835891794,-143.7886795234862,-54.03550208564486,-0.31659873164363594,-0.503524015024168,283.8125,-17.145758513977654,7.171139278625505,-6.7476825181050675,2.900014682816041,-1.4132362986885494,-9.057629063448044,0.1082344444773333,-1.796948349409974,-6.747682518105065,2.900014682816043,-1.4132362986885492,-9.057629063448045,0.10823444447733235,-1.7969483494099745,-6.553177714198208,-6.547988179402888,2.40795498891731,-6.7476825181050675,2.900014682816041,-1.4132362986885494,-6.747682518105065,2.900014682816043,-1.4132362986885492,nan,-6.553177714198208,nan,-6.547988179402888,False,17.529552592847406,f860de40db9b01ca,,-1.7056863411231784,-2.411977534288591,0.007666683589179435,dither_mag,-167.78589350684643,7,-5.64134029188425,-6.09932449193477,1.0013745584118214,0.9989509478327414,0.0,,,,,,,
67,68340,0,8,2858,-4.6650633080053465,-7.426210178312075,259.92058374105807,252.41654097971178,0.9711294786532871,2.873797256032244,0.0,-201.83912644918323,-201.83912644918323,-201.83912644918323,-482.7413837823148,96.79717299135348,phase,-48.36502211797079,dither_fold,0.9925901544738502,-146.9245909843932,-48.36502211797079,-0.34015706837831106,-0.5311590366580222,285.5,-17.176094468999846,6.3461831445694905,-6.386271699698351,3.7263994577769157,-1.3532012790196597,-8.414609733862752,1.155304105414655,-1.6901345072861715,-6.38627169969835,3.726399457776917,-1.3532012790196595,-8.414609733862754,1.1553041054146536,-1.6901345072861718,-7.897441915411463,-7.936473504336831,1.5828190888038232,-6.386271699698351,3.7263994577769157,-1.3532012790196597,-6.38627169969835,3.726399457776917,-1.3532012790196595,nan,-7.897441915411463,nan,-7.936473504336831,False,14.905817368765488,d673a4541768c0ad,,-4.6650633080053465,-7.426210178312075,-0.007409845526149761,dither_mag,-201.83912644918323,8,-7.271871189724759,-8.701227586424267,1.000076053023283,1.0002559805606994,0.0,,,,,,,
68,69360,0,8,7546,4.209691325129855,3.0144990421016207,258.38154050363926,250.42574131550708,0.9692091038213307,1.185794180590765,0.0,-189.26136156264977,-189.26136156264977,-189.26136156264977,-287.41524468151005,98.76683931713602,phase,-48.01515748129227,dither_fold,0.9978312860795223,-150.4128612535094,-48.01515748129227,-0.345098298809445,-0.5406350184390072,285.375,-16.926097545382376,6.692659695697197,-6.558319341938636,4.038862538827167,-1.3817806215844912,-8.430993275034584,4.700927602171076,-1.6928560257532532,-6.558319341938636,4.038862538827167,-1.3817806215844912,-8.430993275034584,4.700927602171077,-1.6928560257532532,-10.036931658938723,-10.033294699698395,1.8144501107165332,-6.558319341938636,4.038862538827167,-1.3817806215844912,-6.558319341938636,4.038862538827167,-1.3817806215844912,nan,-10.036931658938723,nan,-10.033294699698395,False,16.17673116850687,46fbfbc13b0e0b99,,4.209691325129855,3.0144990421016207,-0.002168713920477683,dither_mag,-189.26136156264977,9,-5.798591273321095,-7.6464229311757785,0.9996964992231806,1.0006364277288584,0.0,,,,,,,
69,70380,0,8,2046,-2.4839879388668122,-1.1543112372581958,260.67369801303664,253.46928743292486,0.9723623417512899,1.4989253248363574,0.0,-179.84088654796022,-179.84088654796022,-179.84088654796022,-489.53630639613226,102.90617292057244,phase,-52.655427588472406,dither_fold,0.9904962062444518,-139.95057826484015,-52.655427588472406,-0.31827001650419423,-0.5002057682484864,283.1875,-17.214846152602124,6.1844065554883185,-5.983985696464254,5.388197282666999,-1.2863763615389128,-8.078492433396155,1.150337529548327,-1.6343010686704578,-5.983985696464252,5.388197282666999,-1.2863763615389123,-8.078492433396155,1.1503375295483285,-1.6343010686704578,-8.007029698438934,-7.990628451252358,-0.45828255749026914,-5.983985696464254,5.388197282666999,-1.2863763615389128,-5.983985696464252,5.388197282666999,-1.2863763615389123,nan,-8.007029698438934,nan,-7.990628451252358,False,19.36159496904732,7b2a66bda7f34ec0,,-2.4839879388668122,-1.1543112372581958,-0.009503793755548218,dither_mag,-179.84088654796022,10,-6.668250994325373,-8.050174905264257,0.9980338400874974,1.0023166183044074,0.0,,,,,,,
70,71400,0,8,2842,0.9829811553698884,-0.7014463223600728,258.06851537318187,251.12902479929178,0.9731098907441104,1.3660607802667486,0.0,-167.52112023528093,-167.52112023528093,-167.52112023528093,-379.189254432109,92.40393881709471,phase,-51.71921182386639,dither_fold,1.0073499704035307,-153.86590990029688,-51.71921182386639,-0.378447608729571,-0.578473291599957,283.5,-17.29211398617246,6.747521033169843,-6.849125351857891,5.084281466112669,-1.4300872677504803,-8.840883015112086,0.5108068542436618,-1.7609440224438682,-6.849125351857892,5.08428146611267,-1.4300872677504806,-8.840883015112086,0.5108068542436618,-1.7609440224438682,-6.064285533095718,-5.975804584992669,0.4330792900126881,-6.849125351857891,5.084281466112669,-1.4300872677504803,-6.849125351857892,5.08428146611267,-1.4300872677504806,nan,-6.064285533095718,nan,-5.975804584992669,False,15.02385272547348,d6f3b33b503085d5,,0.9829811553698884,-0.7014463223600728,0.007349970403530692,dither_mag,-167.52112023528093,11,-6.3235298129781565,-8.29511368842176,0.9993175559451113,1.001036800369438,0.0,,,,,,,
71,72420,0,8,2386,-0.6135511867178263,-0.1425339377586905,260.02748097799594,253.32602307087296,0.9742278859068358,1.3042959949628559,0.0,-1.9653298523022062,-1.9653298523022062,-1.9653298523022062,-242.01485321733554,99.04112876605087,phase,-56.57296346160714,dither_fold,0.9993634292936813,-147.90729242036278,-56.57296346160714,-0.32211560543379697,-0.5143950855802686,281.875,-17.111935703384866,6.661069952117865,-6.175163874593644,3.1833757172433326,-1.3181335339856552,-8.4086993096381,0.9745445481779533,-1.6891527092422094,-6.175163874593643,3.1833757172433326,-1.318133533985655,-8.4086993096381,0.9745445481779541,-1.6891527092422094,-8.375571053718698,-8.333713980631014,-0.8460796909265951,-6.175163874593644,3.1833757172433326,-1.3181335339856552,-6.175163874593643,3.1833757172433326,-1.318133533985655,nan,-8.375571053718698,nan,-8.333713980631014,False,19.26663889009836,a0b2e708c58d4ddf,,-0.6135511867178263,-0.1425339377586905,-0.0006365707063187287,dither_mag,-1.9653298523022062,12,-6.5384193784358,-8.344948897474145,0.999206232095687,1.0011483867751112,0.0,,,,,,,
72,73440,0,8,2438,-6.394001236749697,-6.47497835267936,258.62605026542235,253.39958683827095,0.9797914269587785,1.0995181532267633,0.0,-207.56764569103117,-207.56764569103117,-207.56764569103117,-257.6065177560921,96.53130983011717,phase,-50.1053402534635,dither_fold,1.0032972182232553,-135.66088802193025,-50.1053402534635,-0.3188701703618492,-0.4952293247903585,282.1875,-17.47450102028652,5.574022463801514,-5.880283991474221,3.65510320386945,-1.2691501646967145,-7.487611654852152,2.1227039833226904,-1.5361481154239456,-5.880283991474219,3.655103203869452,-1.269150164696714,-7.487611654852154,2.122703983322688,-1.536148115423946,-6.796016617861666,-6.752858654300644,0.17671174518229193,-5.880283991474221,3.65510320386945,-1.2691501646967145,-5.880283991474219,3.655103203869452,-1.269150164696714,nan,-6.796016617861666,nan,-6.752858654300644,False,18.106163404186344,7867c7aa85119026,,-6.394001236749697,-6.47497835267936,0.0032972182232553493,dither_mag,-207.56764569103117,13,-8.778097595983272,-10.608591783358197,0.9997827872702069,1.0005726094153293,0.0,,,,,,,
73,74460,0,8,4322,5.089491853383185,4.736302282581665,257.89245591762773,252.56625240175782,0.9793471914604158,1.3443032784174502,0.0,-234.38625749717767,-234.38625749717767,-234.38625749717767,-412.45163380712467,96.21343192566604,phase,-52.397990289011496,dither_fold,1.0007899937418197,-151.9796051981782,-52.397990289011496,-0.3625317258151446,-0.5601052125727762,282.25,-17.169511270180696,6.792843860947261,-6.263296919582652,6.07923643800366,-1.3327735746815037,-8.760027372239918,0.4901117237944175,-1.747512852531548,-6.263296919582654,6.079236438003662,-1.3327735746815041,-8.760027372239918,0.4901117237944183,-1.747512852531548,-9.225002874781026,-9.201690650921305,-0.2396571081264316,-6.263296919582652,6.07923643800366,-1.3327735746815037,-6.263296919582654,6.079236438003662,-1.3327735746815041,nan,-9.225002874781026,nan,-9.201690650921305,False,16.78564826495217,8450ae196011bcb3,,5.089491853383185,4.736302282581665,0.0007899937418196501,dither_mag,-234.38625749717767,14,-6.996388437389122,-8.95183465918283,0.9999210061456033,1.0004343905399329,0.0,,,,,,,
74,75480,0,8,6006,-0.7535520319288356,-1.9865278950566783,257.15052018459136,250.71151730969729,0.9749601794689277,1.2919252703217914,0.0,-112.84294872809862,-112.84294872809862,-112.84294872809862,-287.55117553744225,91.6746146531107,phase,-54.443324784154534,dither_fold,0.9871062098770153,-158.3187594429779,-54.443324784154534,-0.37565346202745137,-0.5814678493033226,283.875,-17.022808543007766,6.044497064615401,-6.741421291828561,3.8638625433785805,-1.4121962278784987,-8.999344761241739,0.2743332817711824,-1.7872665716348404,-6.74142129182856,3.86386254337858,-1.4121962278784985,-8.999344761241739,0.2743332817711815,-1.7872665716348404,-8.949283797941955,-8.937375215079745,-0.46357014214734726,-6.741421291828561,3.8638625433785805,-1.4121962278784987,-6.74142129182856,3.86386254337858,-1.4121962278784985,nan,-8.949283797941955,nan,-8.937375215079745,False,16.32991649733521,46da08f2944cfd9b,,-0.7535520319288356,-1.9865278950566783,-0.01289379012298475,dither_mag,-112.84294872809862,15,-7.260152484302932,-9.646817528468835,0.9976647711168624,1.0027212705266195,0.0,,,,,,,
75,76500,0,8,4390,4.649269961621766,5.394791707771151,260.7062178495918,254.21421193956422,0.9750983848272734,1.4166102621632763,0.0,-148.69242396688716,-148.69242396688716,-148.69242396688716,-398.98975354647115,97.47833009867736,phase,-51.9946922436576,dither_fold,0.9939121780319885,-138.5881687476445,-51.9946922436576,-0.31234127481680796,-0.4925058941887458,282.6875,-17.313469168878903,6.950066848455007,-6.019626782347204,4.741450648914541,-1.292296807698871,-8.378556060182738,4.4718514782780545,-1.6841455249472987,-6.019626782347204,4.741450648914541,-1.292296807698871,-8.37855606018274,4.471851478278055,-1.6841455249472992,-4.772818395964781,-4.682807943904277,-1.817937998448977,-6.019626782347204,4.741450648914541,-1.292296807698871,-6.019626782347204,4.741450648914541,-1.292296807698871,nan,-4.772818395964781,nan,-4.682807943904277,False,17.901988624558644,5c50f512654d3517,,4.649269961621766,5.394791707771151,-0.0060878219680114976,dither_mag,-148.69242396688716,16,-5.6290991147969045,-7.763764726838079,0.996601890152557,1.003796081787463,0.0,,,,,,,
76,77520,0,8,6642,3.7828673523829934,6.856360269718142,258.0894506452122,252.9029972047655,0.9799044345769237,1.1245085457127795,0.0,-323.8261014379776,-323.8261014379776,-323.8261014379776,-330.26124840010266,109.19859913987405,phase,-55.0513620641033,dither_fold,1.0065390868790685,-149.68349927346844,-55.0513620641033,-0.32052641345839056,-0.5151149625138995,283.5625,-16.731071949682242,7.12999781652997,-6.208927972315617,4.230025033420547,-1.3237421880922953,-8.12798188409235,0.9028427411564648,-1.6425219076565365,-6.208927972315617,4.230025033420547,-1.3237421880922953,-8.12798188409235,0.9028427411564641,-1.6425219076565365,-7.098618628208293,-6.948198948610962,-1.6268747185932035,-6.208927972315617,4.230025033420547,-1.3237421880922953,-6.208927972315617,4.230025033420547,-1.3237421880922953,nan,-7.098618628208293,nan,-6.948198948610962,False,15.414476431617015,a7956bbb408f37d3,,3.7828673523829934,6.856360269718142,0.006539086879068456,dither_mag,-323.8261014379776,17,-4.300581091284654,-5.373113739111419,0.9977423417626786,1.0026548601222367,0.0,,,,,,,
77,78540,0,8,1278,-9.37819823319007,-9.518756982640953,261.50719976517263,256.2174047252375,0.9797718952109722,1.2754499974899913,0.0,-242.36945442337807,-242.36945442337807,-242.36945442337807,-376.7770102360761,103.6972014218676,phase,-57.0558652550446,dither_fold,0.9985249917997284,-144.59539792350185,-57.0558652550446,-0.31863590652037543,-0.5066099238209278,283.3125,-17.151832269999193,5.416872724330187,-5.696960713024504,4.937401925415949,-1.2386977928612133,-7.486042249107908,1.3029577078749124,-1.5358874167953338,-5.696960713024502,4.937401925415946,-1.238697792861213,-7.486042249107909,1.3029577078749104,-1.5358874167953338,-6.0096846015878,-5.916515395234141,0.6068460807655125,-5.696960713024504,4.937401925415949,-1.2386977928612133,-5.696960713024502,4.937401925415946,-1.238697792861213,nan,-6.0096846015878,nan,-5.916515395234141,False,17.54879066264472,fcb5fad92c28ee1c,,-9.37819823319007,-9.518756982640953,-0.001475008200271577,dither_mag,-242.36945442337807,18,-7.590377709335032,-8.695857263755755,0.9974847980889034,1.0029140541601944,0.0,,,,,,,
78,79560,0,8,8266,-0.20909504827888364,-0.8733469886741925,260.83961035022446,254.1304156175229,0.9742784666650389,1.0797310209886215,0.0,-90.74278355263486,-90.74278355263486,-90.74278355263486,-141.79370957043582,94.74391179752847,phase,-49.1250355320349,dither_fold,0.9977560735027082,-144.06710387215512,-49.1250355320349,-0.3341744470227112,-0.5214616820565129,283.2857142857143,-17.15590361012733,7.146065423159839,-6.231974472599448,4.045871820616672,-1.3275705103985793,-8.35422455288439,1.036233097697921,-1.6801037463263107,-6.231974472599448,4.0458718206166715,-1.3275705103985793,-8.35422455288439,1.036233097697922,-1.6801037463263107,-7.81909354876693,-7.7048238945570615,1.5117021086638183,-6.231974472599448,4.045871820616672,-1.3275705103985793,-6.231974472599448,4.0458718206166715,-1.3275705103985793,nan,-7.81909354876693,nan,-7.7048238945570615,False,14.707342190975515,13c7306c7c031024,,-0.20909504827888364,-0.8733469886741925,-0.0022439264972917705,dither_mag,-90.74278355263486,19,-7.663745511067773,-9.000640554774572,0.9970930986393148,1.003308771325111,0.0,,,,,,,
79,80580,0,8,5798,3.885750420605609,2.4085837254041054,258.56930666812946,253.4734925037951,0.9802922696819744,1.206003988954379,0.0,-179.89980629316725,-179.89980629316725,-179.89980629316725,-280.49974997236967,95.3223213682234,phase,-52.39085749268667,dither_fold,1.0052177380440728,-147.17384922113843,-52.39085749268667,-0.3455043157533802,-0.5368303197408602,284.4375,-17.25863617278191,6.803251304282954,-5.972310919823415,5.1853322959985295,-1.2844370298709993,-8.155050616874181,0.9588619905859748,-1.6470183748960434,-5.972310919823414,5.185332295998528,-1.284437029870999,-8.155050616874178,0.9588619905859763,-1.647018374896043,-6.37493495434585,-6.2583503645301,1.6023529326931347,-5.972310919823415,5.1853322959985295,-1.2844370298709993,-5.972310919823414,5.185332295998528,-1.284437029870999,nan,-6.37493495434585,nan,-6.2583503645301,False,16.30876210730722,8e6bffa8a74deb3e,,3.885750420605609,2.4085837254041054,0.005217738044072773,dither_mag,-179.89980629316725,20,-6.299767915527389,-8.160416360603472,0.9980035484933092,1.0023974012050918,0.0,20,-52.19494561780508,0.6254573827716655,-52.19494561780508,move+1:OK,1,28
80,81600,0,8,4902,-5.023516148543526,-3.9740883369913242,259.9120031044636,255.21801044409025,0.981940069699333,1.1743174509164633,0.0,37.42966095021002,37.42966095021002,37.42966095021002,-133.98460116340647,85.98573870337647,phase,-48.43723222987468,dither_fold,1.0037305763701874,-124.89352451323948,-48.43723222987468,-0.3216035623543071,-0.48396514422151843,283.375,-18.15708497708745,5.297884458509447,-6.8602656332770895,3.1688999684668753,-1.431937812836726,-8.262690273792156,4.310528060259627,-1.6648987165767701,-6.8602656332770895,3.1688999684668753,-1.431937812836726,-8.26269027379216,4.310528060259625,-1.6648987165767708,-7.859568608572366,-7.7652765397864325,-0.3983257947233554,-6.8602656332770895,3.1688999684668753,-1.431937812836726,-6.8602656332770895,3.1688999684668753,-1.431937812836726,nan,-7.859568608572366,nan,-7.7652765397864325,False,16.177994023686708,cc0ea0832726455c,,-5.023516148543526,-3.9740883369913242,0.003730576370187366,dither_mag,37.42966095021002,1,-8.061515811759465,-9.548020634392264,0.9986550959729993,1.0017454174699751,0.0,,,,,,,
81,82620,0,8,4534,-0.06339880810009646,-0.2649409925129014,258.1671003696865,252.54569194807797,0.9782256979547012,1.323639815934794,0.0,-96.61091619837728,-96.61091619837728,-96.61091619837728,-296.37947703765826,79.447363796523,phase,-43.96867545273893,dither_fold,0.9980538074846237,-134.95933880613526,-43.96867545273893,-0.37930220259990965,-0.5547493430478855,285.625,-18.18401345754736,6.307707138623274,-7.24800856637316,4.162709187905755,-1.496346937935741,-8.47090738606947,1.0392711586573276,-1.699486276755726,-7.2480085663731595,4.1627091879057545,-1.496346937935741,-8.47090738606947,1.0392711586573269,-1.699486276755726,-11.15808215141315,-11.059353296264176,0.2267662065575682,-7.24800856637316,4.162709187905755,-1.496346937935741,-7.2480085663731595,4.1627091879057545,-1.496346937935741,nan,-11.15808215141315,nan,-11.059353296264176,False,17.034917645734307,bbcc7764e176204a,,-0.06339880810009646,-0.2649409925129014,-0.0019461925153763104,dither_mag,-96.61091619837728,2,-8.083735277643644,-9.640588412354967,0.9983149703351849,1.002087260914041,0.0,,,,,,,
82,83640,0,7,66,2.620978064152096,3.4811727267665185,258.3442664265892,253.34982300519724,0.9806674888106675,1.3755634578908993,0.0,-96.88064077159461,-96.88064077159461,-96.88064077159461,-334.67382927622776,84.11998754565238,phase,-47.74555692949559,dither_fold,0.9919018873515107,-139.09344379485321,-47.74555692949559,-0.390110310336243,-0.5709317872695522,285.5,-18.27015490489162,6.781708943146782,-6.961429161209436,2.8320093331697067,-1.4487423855829629,-8.722559921647434,0.5434371889574732,-1.7412890235294742,-6.961429161209436,2.8320093331697063,-1.4487423855829629,-8.722559921647433,0.5434371889574741,-1.741289023529474,-10.709932368771977,-10.615550495036846,-0.66188892358623,-6.961429161209436,2.8320093331697067,-1.4487423855829629,-6.961429161209436,2.8320093331697063,-1.4487423855829629,nan,-10.709932368771977,nan,-10.615550495036846,False,14.29516520531567,8c3e3595fff6fd0a,,2.620978064152096,3.4811727267665185,-0.008098112648489253,dither_mag,-96.88064077159461,3,-7.164844597135032,-8.42471580136406,0.9969001885947066,1.0035189828762092,0.0,,,,,,,
83,84660,0,8,8140,6.311884772973425,3.035359724474468,259.07794437093946,254.3859316811031,0.9818895711048313,1.2097279663442075,0.0,-118.75498905949995,-118.75498905949995,-118.75498905949995,-230.0209959768132,86.16425062099562,phase,-50.555629873255704,dither_fold,0.9948480838845651,-134.65369678969282,-50.555629873255704,-0.3466496357296158,-0.5216994415562165,285.125,-18.036911503908716,7.182311819453937,-6.14850288170127,4.788068291267557,-1.3137047976247958,-8.079306070400786,1.6350320441420902,-1.6344362243190675,-6.1485028817012735,4.788068291267555,-1.3137047976247964,-8.079306070400786,1.6350320441420896,-1.6344362243190675,-6.96089330132004,-6.846800902587201,0.7157680964069151,-6.14850288170127,4.788068291267557,-1.3137047976247958,-6.1485028817012735,4.788068291267555,-1.3137047976247964,nan,-6.96089330132004,nan,-6.846800902587201,False,14.934614148766068,85890afa8ef76386,,6.311884772973425,3.035359724474468,-0.0051519161154348625,dither_mag,-118.75498905949995,4,-4.948815654804436,-7.3660652708866365,0.9960013980189639,1.004428426235613,0.0,,,,,,,
84,85680,0,7,8262,-2.9767337860521783,-4.173167146337345,258.1724714056842,253.82651438137736,0.9831664584506467,1.459490019170108,0.0,11.86826733870926,11.86826733870926,11.86826733870926,-380.8564544508436,87.59196523652595,phase,-47.27729624577197,dither_fold,1.0003839421858773,-143.36824993208174,-47.27729624577197,-0.3914993029250621,-0.5778780278367683,283.0,-18.017550200384754,6.1987629811448866,-6.906219697958521,4.440349724247273,-1.4395713783984256,-8.664775335367263,1.048953029275979,-1.731690255044396,-6.906219697958523,4.440349724247273,-1.4395713783984259,-8.664775335367263,1.048953029275979,-1.731690255044396,-8.444168365036381,-8.213866874796004,0.2014629130745913,-6.906219697958521,4.440349724247273,-1.4395713783984256,-6.906219697958523,4.440349724247273,-1.4395713783984259,nan,-8.444168365036381,nan,-8.213866874796004,False,14.57618708528596,2141f198edd99357,,-2.9767337860521783,-4.173167146337345,0.0003839421858773395,dither_mag,11.86826733870926,5,-5.994855175622885,-8.820234092742988,0.9960683192358949,1.0043609647089717,0.0,,,,,,,
85,86700,0,7,974,2.879323244550543,3.5021070105651253,255.98958296830753,253.07360940228045,0.9886090147410878,1.3975568627617014,0.0,-162.26138181899603,-162.26138181899603,-162.26138181899603,-383.19987683788275,83.71379403327056,phase,-54.34611789488644,dither_fold,1.014568878996232,-135.60719362358367,-54.34611789488644,-0.36491090771672857,-0.5412002594273874,283.64285714285717,-18.30925205106078,6.55456320512827,-6.469957453631116,5.175198821243681,-1.367102567048358,-8.706360102296362,0.3831115394845147,-1.7385980236372696,-6.469957453631114,5.175198821243679,-1.3671025670483579,-8.706360102296363,0.3831115394845147,-1.7385980236372698,-8.440678700666467,-8.255314670704132,-0.5417549916428763,-6.469957453631116,5.175198821243681,-1.367102567048358,-6.469957453631114,5.175198821243679,-1.3671025670483579,nan,-8.440678700666467,nan,-8.255314670704132,False,16.486488809004445,16a25131ed5840dd,,2.879323244550543,3.5021070105651253,0.014568878996231938,dither_mag,-162.26138181899603,6,-4.983114197488207,-7.599818826949609,0.9986078490285072,1.0018370627920063,0.0,,,,,,,
86,87720,0,7,4874,-3.5619201589766307,-1.3526615406458535,258.7569388357282,254.3735299723319,0.9830597436995532,1.3288044674603507,0.0,-87.07209241890729,-87.07209241890729,-87.07209241890729,-291.3543106344188,82.38786987968027,phase,-42.09807989071854,dither_fold,0.9924669298281962,-119.34273765346076,-42.09807989071854,-0.33260388959194,-0.487749448541439,284.7142857142857,-18.354371154546655,5.536702118334677,-6.659144181374481,4.625581644000579,-1.3985289337831364,-8.112257785794036,4.281933297053386,-1.6399099311950227,-6.659144181374482,4.625581644000579,-1.3985289337831368,-8.112257785794036,4.281933297053387,-1.6399099311950227,-6.77290684847123,-6.705662941312106,-1.7455090201060335,-6.659144181374481,4.625581644000579,-1.3985289337831364,-6.659144181374482,4.625581644000579,-1.3985289337831368,nan,-6.77290684847123,nan,-6.705662941312106,False,14.518277227742047,01e1dc65b8d1dfbb,,-3.5619201589766307,-1.3526615406458535,-0.007533070171803824,dither_mag,-87.07209241890729,7,-6.231524228367337,-8.07238223751724,0.9972913970033592,1.0031677963579153,0.0,,,,,,,
87,88740,0,8,3018,1.7268342166536215,2.7059269951451466,258.2308039141186,252.9638433711431,0.9796036705801869,1.6115276482635397,nan,nan,nan,-1373.2103190011658,-994.7078101024478,82.32161892398103,observables-disagree,-45.21494726099935,dither_fold,1.0028706533973197,-140.40401301814768,-45.21494726099935,-0.3882542435731658,-0.5707794604967578,284.0625,-18.034674776992613,6.738631212510038,-7.6314949131845236,3.418072578894712,-1.5600489889010838,-9.429601338225485,0.16109338850289565,-1.8587377638248315,-7.631494913184521,3.4180725788947135,-1.5600489889010833,-9.429601338225485,0.16109338850289476,-1.8587377638248315,-9.615382713646719,-9.482242721227498,0.8136768129298872,-7.6314949131845236,3.418072578894712,-1.5600489889010838,-7.631494913184521,3.4180725788947135,-1.5600489889010833,nan,-9.615382713646719,nan,-9.482242721227498,False,14.009277652938971,92a0d636bbcd9f14,,1.7268342166536215,2.7059269951451466,0.0028706533973197335,dither_mag,nan,8,-5.625490748438771,-7.128298454386209,0.9977924006423212,1.0026652831666432,0.0,,,,,,,
88,89760,0,7,5142,-1.2467508357400823,-2.052156584790473,259.02770070398395,253.70755477529437,0.979461092716221,1.3693577279528322,0.0,-141.5568852376225,-141.5568852376225,-141.5568852376225,-358.66983345097833,84.07866938700984,phase,-47.21894287967637,dither_fold,0.9948309606359367,-129.97917691106565,-47.21894287967637,-0.3388921625287619,-0.5078650925131473,284.2142857142857,-18.004660513875578,6.387895574945739,-6.435834449263449,4.432514541465837,-1.361434293897583,-8.062658501172724,2.2165492545455048,-1.6316708473708843,-6.43583444926345,4.432514541465837,-1.3614342938975834,-8.062658501172722,2.216549254545505,-1.631670847370884,-10.352725106891157,-10.20060019613189,0.14414891736705382,-6.435834449263449,4.432514541465837,-1.361434293897583,-6.43583444926345,4.432514541465837,-1.3614342938975834,nan,-10.352725106891157,nan,-10.20060019613189,False,15.188765786114883,95d7feda8663475c,,-1.2467508357400823,-2.052156584790473,-0.005169039364063321,dither_mag,-141.5568852376225,9,-6.062818986485206,-7.84464399535104,0.9968898157080067,1.0035769886638386,0.0,,,,,,,
89,90780,0,8,3226,-0.35274714868481094,1.650526868278458,257.1136172593198,253.33536437539541,0.9853051233762009,1.2242987532780933,0.0,-216.57399927631218,-216.57399927631218,-216.57399927631218,-315.1731504313956,76.32709065968383,phase,-40.00399658533243,dither_fold,0.9942670885096433,-126.23077807302147,-40.00399658533243,-0.3692192049353813,-0.5333192164303092,284.8125,-18.426289287838628,6.597284756521798,-6.996741039705232,3.809483593978719,-1.4546081461304374,-8.313611840925274,1.433980793043654,-1.6733574486586835,-6.996741039705232,3.809483593978717,-1.4546081461304374,-8.313611840925274,1.4339807930436523,-1.6733574486586835,-11.275352207252542,-11.068309663040544,-0.9181025592340735,-6.996741039705232,3.809483593978719,-1.4546081461304374,-6.996741039705232,3.809483593978717,-1.4546081461304374,nan,-11.275352207252542,nan,-11.068309663040544,False,14.469332903764773,dfa6fc6b212c492d,,-0.35274714868481094,1.650526868278458,-0.005732911490356707,dither_mag,-216.57399927631218,10,-6.18666567454872,-7.269018596978177,0.9958896765191656,1.0045896422760774,0.0,,,,,,,
90,91800,0,8,3618,4.866579897883628,1.9110830451548357,255.32454614795955,251.27315715412513,0.9841323952007079,1.103265409463931,0.0,-44.35225239071637,-44.35225239071637,-44.35225239071637,-104.95921886540434,79.43937221459653,phase,-43.903593261661754,dither_fold,0.9955431503355311,-135.27744658038324,-43.903593261661754,-0.40044416230199564,-0.5763048428564939,283.5,-18.364872085254166,6.676651756061933,-6.803257987462191,4.848535275559086,-1.4224681042296,-9.31166534878206,-0.16392217422683686,-1.839147067903997,-6.8032579874621915,4.848535275559087,-1.4224681042296001,-9.311665348782057,-0.1639221742268364,-1.8391470679039963,-10.386385990919555,-10.11183159748035,1.1113576117605088,-6.803257987462191,4.848535275559086,-1.4224681042296,-6.8032579874621915,4.848535275559087,-1.4224681042296001,nan,-10.386385990919555,nan,-10.11183159748035,False,16.286004398452928,1eb450b70c4fc9cc,,4.866579897883628,1.9110830451548357,-0.004456849664468909,dither_mag,-44.35225239071637,11,-4.4763326884566705,-6.603195421369152,0.9951129336693032,1.0053766783543274,0.0,,,,,,,
91,92820,0,8,78,-3.195474123892854,-4.043428528254109,258.5528093316589,254.9562749794879,0.9860897494733558,1.1787577743814897,0.0,-134.58378161061867,-134.58378161061867,-134.58378161061867,-219.54668204846567,89.3041831557454,phase,-49.215506832567044,dither_fold,1.0089520823379623,-131.4735730929271,-49.215506832567044,-0.34787654932546086,-0.5187921943462661,283.8125,-18.143584911672757,6.830185584709753,-6.8878645017099736,4.342127288206604,-1.43652234247674,-8.106834810484337,1.5943479224316606,-1.6390091047316175,-6.887864501709975,4.342127288206605,-1.4365223424767402,-8.106834810484337,1.5943479224316592,-1.6390091047316175,-10.043383537479926,-9.839938640719524,-0.32383898705287795,-6.8878645017099736,4.342127288206604,-1.43652234247674,-6.887864501709975,4.342127288206605,-1.4365223424767402,nan,-10.043383537479926,nan,-9.839938640719524,False,15.238966231441761,a1e713773398ffd8,,-3.195474123892854,-4.043428528254109,0.008952082337962297,dither_mag,-134.58378161061867,12,-5.600241247496837,-8.01082702388995,0.9966718919299143,1.0038156155263713,0.0,,,,,,,
92,93840,0,8,5474,5.540075043909544,6.744798089806484,259.90484312699795,257.02667534081354,0.9889260709744526,1.2970564192538312,0.0,-173.89617173012175,-173.89617173012175,-173.89617173012175,-318.74372291548565,96.52203824551283,phase,-48.434157819135685,dither_fold,1.0051335809424948,-126.30809975744178,-48.434157819135685,-0.31860868315845353,-0.48280921284312783,282.0625,-17.988589069000266,7.052814788451162,-6.140559990157451,3.539034767202071,-1.3123853804248258,-7.6604304246421915,1.6836969736593015,-1.564855552266145,-6.140559990157448,3.5390347672020717,-1.3123853804248253,-7.6604304246421915,1.683696973659303,-1.564855552266145,-7.733430404003524,-7.593064609012617,-1.187404656859325,-6.140559990157451,3.539034767202071,-1.3123853804248258,-6.140559990157448,3.5390347672020717,-1.3123853804248253,nan,-7.733430404003524,nan,-7.593064609012617,False,16.231191153260312,2e9908c297001c9d,,5.540075043909544,6.744798089806484,0.005133580942494831,dither_mag,-173.89617173012175,13,-3.654740144206275,-5.659120898861801,0.9975672787002224,1.0029184168435432,0.0,,,,,,,
93,94860,0,8,3778,1.8668541996635857,0.7780516370267341,259.93560976477414,255.25083268487393,0.9819771631746045,1.1503338403697805,0.0,-303.8642612538165,-303.8642612538165,-303.8642612538165,-361.89671679045625,90.48629925180236,phase,-48.168151198149474,dither_fold,0.9949162192895374,-131.31523147779305,-48.168151198149474,-0.3476653531485777,-0.5183751540697087,283.9375,-18.223032889263273,7.166563446532324,-6.473343400921773,4.9021385099746775,-1.3676650167644144,-8.582470404075199,1.0786313409831934,-1.7180183395473754,-6.473343400921773,4.9021385099746775,-1.3676650167644144,-8.582470404075199,1.078631340983195,-1.7180183395473754,-8.873324531202053,-8.76189805604053,0.31984115729269735,-6.473343400921773,4.9021385099746775,-1.3676650167644144,-6.473343400921773,4.9021385099746775,-1.3676650167644144,nan,-8.873324531202053,nan,-8.76189805604053,False,15.892681863878083,31dbb807281f336c,,1.8668541996635857,0.7780516370267341,-0.00508378071046256,dither_mag,-303.8642612538165,14,-2.999747760400744,-5.3875952509268314,0.9966797813746745,1.0038152340935802,0.0,,,,,,,
94,95880,0,8,5814,-2.060056283616306,0.2886924941333291,259.8589646354443,256.0901037765761,0.9854965139872871,1.2285829432595041,0.0,-160.15658288277757,-160.15658288277757,-160.15658288277757,-267.22074828573557,86.8833045148448,phase,-45.514647834966965,dither_fold,1.0078379016257684,-122.25946611601032,-45.514647834966965,-0.32509921641975287,-0.48403652237056627,282.5,-18.198571038290876,6.764023005739444,-5.938063497987503,4.4463832209814,-1.278748089366695,-7.642645522329259,1.3054822532912405,-1.5619012495563553,-5.938063497987502,4.446383220981401,-1.2787480893666947,-7.642645522329261,1.3054822532912391,-1.5619012495563556,-7.25820898581627,-7.091785819755932,-0.9099308919900269,-5.938063497987503,4.4463832209814,-1.278748089366695,-5.938063497987502,4.446383220981401,-1.2787480893666947,nan,-7.25820898581627,nan,-7.091785819755932,False,16.284908991758133,8c023662a91f341b,,-2.060056283616306,0.2886924941333291,0.007837901625768362,dither_mag,-160.15658288277757,15,-3.7231693775938184,-5.286936913102437,0.9980468600384658,1.0024490760214817,0.0,,,,,,,
95,96900,0,8,5858,-5.283158347981286,-5.610102420510403,259.2812836715654,254.2660220157897,0.9806570625354949,1.483362577327832,0.0,-327.81656272874574,-327.81656272874574,-327.81656272874574,-586.1484212397245,83.54950958863371,phase,-45.522128222696324,dither_fold,0.9976630255722723,-125.36722201334722,-45.522128222696324,-0.33411735220392014,-0.49709474082127153,283.625,-18.203346929518286,5.895465378297148,-6.310543939423199,4.673469666070371,-1.3406219168477076,-8.649562910728783,1.1544878615608234,-1.729163274207439,-6.3105439394232015,4.67346966607037,-1.340621916847708,-8.64956291072878,1.154487861560824,-1.7291632742074388,-7.14467502516734,-7.063496846865549,-0.42581348808835173,-6.310543939423199,4.673469666070371,-1.3406219168477076,-6.3105439394232015,4.67346966607037,-1.340621916847708,nan,-7.14467502516734,nan,-7.063496846865549,False,16.121941546663592,1f28470e5327f0bf,,-5.283158347981286,-5.610102420510403,-0.0023369744277277338,dither_mag,-327.81656272874574,16,-5.575893428769315,-7.245675660183255,0.9976386882902886,1.0028600084848984,0.0,,,,,,,
96,97920,0,8,634,3.650586187100809,3.622673656555082,257.397485385995,253.07536111729956,0.9832083663823912,1.2488050789886602,0.0,-358.92599425567977,-358.92599425567977,-358.92599425567977,-469.1926326579611,83.34920342199369,phase,-46.4971753461739,dither_fold,1.0059126610999942,-129.08557218188645,-46.4971753461739,-0.3483366201447391,-0.5161478639811915,283.125,-18.26808267157775,7.055406048441569,-6.465962814831375,3.927407030657191,-1.3664390057859428,-8.070988491355847,1.1318321430463654,-1.6330545666704064,-6.465962814831375,3.927407030657191,-1.3664390057859428,-8.070988491355847,1.1318321430463625,-1.6330545666704064,-11.554327743570262,-11.382664401184048,0.4105667695042827,-6.465962814831375,3.927407030657191,-1.3664390057859428,-6.465962814831375,3.927407030657191,-1.3664390057859428,nan,-11.554327743570262,nan,-11.382664401184048,False,15.298548863416409,571a7ab613b2f881,,3.650586187100809,3.622673656555082,0.005912661099994221,dither_mag,-358.92599425567977,17,-4.295164062033387,-5.981355845785778,0.9986709606965066,1.001828432853845,0.0,,,,,,,
97,98940,0,8,6902,-3.067420456950932,-2.690220731408571,259.46415936109105,254.0323810654535,0.979065400365843,1.2511352020184854,0.0,-224.99621284485167,-224.99621284485167,-224.99621284485167,-286.2391626240107,84.77641396749729,phase,-44.543847013923255,dither_fold,1.0001309742246511,-130.65161559815706,-44.543847013923255,-0.3525729755737147,-0.5224200758513189,284.5,-18.168201304466045,6.727253793832416,-6.79580539604062,3.38073029623391,-1.4212301322326613,-8.430929772832114,1.0295841155948602,-1.6928454772146369,-6.7958053960406195,3.38073029623391,-1.4212301322326613,-8.430929772832114,1.0295841155948602,-1.6928454772146369,-7.1574903076573015,-7.092108794658801,-0.14912339286052845,-6.79580539604062,3.38073029623391,-1.4212301322326613,-6.7958053960406195,3.38073029623391,-1.4212301322326613,nan,-7.1574903076573015,nan,-7.092108794658801,False,14.447270606266269,1a8ef2d60c30f14f,,-3.067420456950932,-2.690220731408571,0.00013097422465113695,dither_mag,-224.99621284485167,18,-5.370189973655032,-6.921214633094088,0.9986938507235893,1.0018054734630437,0.0,,,,,,,
98,99960,0,8,86,-2.938466930233073,-2.7712798217270596,260.006179074952,254.77414059231575,0.9798772532973995,1.2801631901045636,0.0,-122.08486717270578,-122.08486717270578,-122.08486717270578,-280.5291568282516,91.4582956497498,phase,-47.30089841209552,dither_fold,1.0024444874192724,-127.97613237915516,-47.30089841209552,-0.3226592590657357,-0.4890282311586374,287.4375,-18.049304714596463,6.820777588746708,-6.1194106776920645,4.730817453868557,-1.3088722055966886,-8.238346429408617,1.4707063849859103,-1.6608548886060825,-6.1194106776920645,4.730817453868557,-1.3088722055966886,-8.238346429408615,1.4707063849859103,-1.6608548886060823,-6.816094427677579,-6.749636751717394,0.9939330606067485,-6.1194106776920645,4.730817453868557,-1.3088722055966886,-6.1194106776920645,4.730817453868557,-1.3088722055966886,nan,-6.816094427677579,nan,-6.749636751717394,False,15.010774979147207,55578d7ef31091cb,,-2.938466930233073,-2.7712798217270596,0.0024444874192723898,dither_mag,-122.08486717270578,19,-6.399998482875768,-7.889414511511155,0.9991210772705041,1.0013779608588496,0.0,,,,,,,
99,100980,0,8,1902,-0.7992983776071924,-3.4319747744787223,259.3062499892354,254.55255349582157,0.9816676362655694,1.2526680703051458,0.0,-294.44471240328477,-294.44471240328477,-294.44471240328477,-407.9514898488915,92.68469651054477,phase,-48.49746731201705,dither_fold,1.0005732670945653,-125.7340393504816,-48.49746731201705,-0.3221915593240418,-0.48564581047966787,282.125,-18.16354561072417,6.325913357237454,-5.560978634239691,3.327653731426153,-1.216109407681012,-7.7901666352827466,1.4530293216057577,-1.5864064178210544,-5.560978634239692,3.327653731426154,-1.2161094076810122,-7.7901666352827466,1.453029321605757,-1.5864064178210544,-3.743503675137031,-3.7005067401605873,1.4432500473367251,-5.560978634239691,3.327653731426153,-1.216109407681012,-5.560978634239692,3.327653731426154,-1.2161094076810122,nan,-3.743503675137031,nan,-3.7005067401605873,False,19.014518565297347,22c09cbf9a3bbcd4,,-0.7992983776071924,-3.4319747744787223,0.0005732670945652885,dither_mag,-294.44471240328477,20,-6.679999013869247,-9.088952765815582,0.9992213108369942,1.001277558435273,0.0,20,-46.72320242480685,0.6960350047259142,-46.72320242480685,move+1:OK,1,29
100,102000,0,8,6582,-0.9692456568747729,-0.27806869658770667,259.71140735305306,256.49889078161715,0.9876304371680186,1.334544742138853,0.0,11.985993691538864,11.985993691538864,11.985993691538864,-266.29650451540476,70.67821130183356,phase,-38.40488128301186,dither_fold,1.0027321823589355,-105.57497352147615,-38.40488128301186,-0.33702351951803183,-0.47427098509595084,283.375,-19.621450126248092,7.006044771384891,-6.803399507207119,4.306980423888503,-1.422491612492877,-8.113336662448917,1.3685784053579666,-1.640089146586199,-6.80339950720712,4.306980423888501,-1.422491612492877,-8.113336662448917,1.3685784053579657,-1.640089146586199,-13.655457958568078,-13.59089703813532,-0.4166632789967082,-6.803399507207119,4.306980423888503,-1.422491612492877,-6.80339950720712,4.306980423888501,-1.422491612492877,nan,-13.655457958568078,nan,-13.59089703813532,False,15.5335803801029,5dcaefb625b973aa,,-0.9692456568747729,-0.27806869658770667,0.0027321823589354644,dither_mag,11.985993691538864,1,-7.019499359015019,-9.186152631113462,0.9996990704336689,1.0008001201295176,0.0,,,,,,,
101,103020,0,7,698,-0.9302206258306434,-1.28987860161027,258.2383518017711,253.82718423337346,0.9829182321772881,1.1534621533541014,0.0,-358.0412513161651,-358.0412513161651,-358.0412513161651,-424.2444147677343,79.45245015020005,phase,-38.46181399791131,dither_fold,0.9976400240728328,-107.06061027494042,-38.46181399791131,-0.33203008387622474,-0.4712088772336473,284.07142857142856,-19.361633263817414,6.823191412010107,-6.848441486884936,3.8125828792637195,-1.4299736689177638,-8.49837043102603,3.9739289262732354,-1.7040482443564835,-6.848441486884936,3.81258287926372,-1.4299736689177638,-8.49837043102603,3.9739289262732354,-1.7040482443564835,-8.702493481328387,-8.684785003364443,0.43908667637449916,-6.848441486884936,3.8125828792637195,-1.4299736689177638,-6.848441486884936,3.81258287926372,-1.4299736689177638,nan,-8.702493481328387,nan,-8.684785003364443,False,15.465538250893166,d14517dfcc172301,,-0.9302206258306434,-1.28987860161027,-0.0023599759271671905,dither_mag,-358.0412513161651,2,-7.345174583359771,-9.637249210223754,0.9992861989290578,1.001214424110436,0.0,,,,,,,
102,104040,0,8,4046,0.17838049755099894,0.01226408595997941,258.0287434465285,253.60651905420565,0.9828615047561968,1.221796907440544,0.0,-168.2481585976776,-168.2481585976776,-168.2481585976776,-273.76813832686264,70.61572001585722,phase,-40.22092314599901,dither_fold,0.9908492818622813,-116.45021633903083,-40.22092314599901,-0.3854514561042052,-0.5368367373449453,283.5,-19.63647916703211,6.857227783883691,-6.789561188749657,4.24732758529279,-1.4201928884966208,-8.63856639452181,0.6486455696473858,-1.7273366103856829,-6.789561188749654,4.247327585292791,-1.4201928884966204,-8.63856639452181,0.648645569647385,-1.7273366103856829,-8.527635053647582,-8.479005482020218,-0.7071095833599421,-6.789561188749657,4.24732758529279,-1.4201928884966208,-6.789561188749654,4.247327585292791,-1.4201928884966204,nan,-8.527635053647582,nan,-8.479005482020218,False,17.616100094288477,ee45fbc2d85a73bc,,0.17838049755099894,0.01226408595997941,-0.009150718137718727,dither_mag,-168.2481585976776,3,-7.282696812517184,-9.63296198664544,0.9976859663186282,1.0028325515619851,0.0,,,,,,,
103,105060,0,8,3918,-0.2001722411492627,0.5846132565313004,256.67342251318513,253.48766688900963,0.9875882917951435,1.2173012621502386,0.0,-422.09136734119426,-422.09136734119426,-422.09136734119426,-510.7628140676516,80.40652506110884,phase,-41.52747604162159,dither_fold,1.0051585222375607,-123.8030878310802,-41.52747604162159,-0.38106609550336656,-0.5420101096837708,283.5625,-18.992627776022324,6.529073758124445,-7.464416537270643,4.158144167754008,-1.532295105858911,-9.225436598413024,0.4084821528311328,-1.8248233552181103,-7.464416537270644,4.158144167754008,-1.532295105858911,-9.225436598413026,0.40848215283113193,-1.8248233552181108,-6.735241251611271,-6.62580858565995,-0.7725523147179314,-7.464416537270643,4.158144167754008,-1.532295105858911,-7.464416537270644,4.158144167754008,-1.532295105858911,nan,-6.735241251611271,nan,-6.62580858565995,False,16.117804562780492,67e45c92e7ad93aa,,-0.2001722411492627,0.5846132565313004,0.005158522237560748,dither_mag,-422.09136734119426,4,-7.3529195948028345,-9.428925291319533,0.9985866187362157,1.0019318991443977,0.0,,,,,,,
104,106080,0,8,3882,1.733798940778335,1.748964265596309,260.08595523385003,256.53764987059947,0.9863571819552495,1.0377944652203743,0.0,-231.65953308965052,-231.65953308965052,-231.65953308965052,-254.38948475273207,77.13199100936042,phase,-35.898981527580936,dither_fold,1.0020005196076762,-101.7586794012535,-35.898981527580936,-0.3457560704376111,-0.47804235365924064,284.625,-19.964852738753066,6.556296432438986,-6.44335537918467,3.351649137420604,-1.3626836178047625,-7.586748447352858,2.1266263038051796,-1.55261602115496,-6.44335537918467,3.3516491374206026,-1.3626836178047625,-7.586748447352859,2.1266263038051783,-1.55261602115496,-10.488362934046387,-10.44348758335067,0.5627432397615912,-6.44335537918467,3.351649137420604,-1.3626836178047625,-6.44335537918467,3.3516491374206026,-1.3626836178047625,nan,-10.488362934046387,nan,-10.44348758335067,False,16.148894942990143,896cb8898610eb73,,1.733798940778335,1.748964265596309,0.002000519607676221,dither_mag,-231.65953308965052,5,-6.745231069955181,-8.817968106024361,0.9989362148555961,1.001581832188493,0.0,,,,,,,
105,107100,0,8,2494,-0.7539660180695797,0.6940642652800602,258.72759283962506,254.79578968748612,0.984803309500212,1.312626202147754,0.0,-110.64128929781789,-110.64128929781789,-110.64128929781789,-291.93825275523466,81.90881836765615,phase,-42.12449813305986,dither_fold,1.002648434698385,-113.30180294326885,-42.12449813305986,-0.3300251250755707,-0.4773174689018202,284.375,-19.125095480654217,6.715355295767889,-5.998091227106169,3.4428018856364115,-1.2887194729412241,-7.171956353614838,2.1294620421691315,-1.4837136800024648,-5.9980912271061735,3.4428018856364115,-1.2887194729412248,-7.171956353614838,2.129462042169131,-1.4837136800024648,-7.709067210650017,-7.659384938961752,-0.587338688665415,-5.998091227106169,3.4428018856364115,-1.2887194729412241,-5.9980912271061735,3.4428018856364115,-1.2887194729412248,nan,-7.709067210650017,nan,-7.659384938961752,False,18.171777781477804,7a79d966082a2217,,-0.7539660180695797,0.6940642652800602,0.0026484346983850493,dither_mag,-110.64128929781789,6,-7.009400195470867,-8.575429268915839,0.999399197888853,1.001118849155236,0.0,,,,,,,
106,108120,0,8,4762,-5.1208546680158635,-4.312723959240809,257.29567262037796,253.65040630132327,0.9858323838798757,1.2124311458960324,0.0,37.905373171577864,37.905373171577864,37.905373171577864,-169.47362416002449,71.60067148500235,phase,-40.19363883827316,dither_fold,0.9990333056208242,-113.67313807220741,-40.19363883827316,-0.39505439385504176,-0.5428294733489114,283.8125,-19.907540781060664,5.7746768174213745,-6.631700754407056,2.906659685745121,-1.393970224984561,-8.4203353820174,0.8216929733559104,-1.6910856116307975,-6.631700754407056,2.9066596857451197,-1.393970224984561,-8.4203353820174,0.8216929733559111,-1.6910856116307975,-13.232793173658093,-13.191034990835037,0.09266255100945386,-6.631700754407056,2.906659685745121,-1.393970224984561,-6.631700754407056,2.9066596857451197,-1.393970224984561,nan,-13.232793173658093,nan,-13.191034990835037,False,16.471629087376623,e76f2bfc35095b92,,-5.1208546680158635,-4.312723959240809,-0.0009666943791758476,dither_mag,37.905373171577864,7,-8.802776793722732,-10.083195691461963,0.9992301280111014,1.0012883738275478,0.0,,,,,,,
107,109140,0,8,4058,7.963308009102141,5.632109283574398,260.46978379857444,256.24926340242024,0.9837965067018368,1.180324831192548,0.0,-234.40385833194182,-234.40385833194182,-234.40385833194182,-313.737800495882,78.8685174163325,phase,-40.092898507651014,dither_fold,0.9966597112775539,-108.54986818740586,-40.092898507651014,-0.33273160941872104,-0.47384643806234866,284.75,-19.32905814006294,7.301498381357882,-6.770390646843076,3.375580854916973,-1.4170084130968565,-8.1212080384589,1.2910937707213437,-1.6413966841293854,-6.770390646843078,3.375580854916971,-1.4170084130968568,-8.1212080384589,1.2910937707213437,-1.6413966841293854,-8.125021876679254,-8.081263187290334,1.8452935608246221,-6.770390646843076,3.375580854916973,-1.4170084130968565,-6.770390646843078,3.375580854916971,-1.4170084130968568,nan,-8.125021876679254,nan,-8.081263187290334,False,17.69597198701243,e866b0f4e8b8ea97,,7.963308009102141,5.632109283574398,-0.003340288722446072,dither_mag,-234.40385833194182,8,-6.01347158258644,-8.114493866116943,0.9986460275137496,1.0018756391091723,0.0,,,,,,,
108,110160,0,7,3180,-3.85630001418152,-3.830176713702376,260.41982743471965,256.18663032742074,0.983744720403979,4.487672266481235,0.0,32.70021677860388,32.70021677860388,32.70021677860388,-232.04655398075502,78.91265633855569,phase,-42.44356000459258,dither_fold,0.9951681734086314,-114.2204933429406,-42.44356000459258,-0.3541058380491422,-0.502592479394965,285.8571428571429,-19.432323728369823,6.282579123188121,-6.036429423235303,4.58522824280341,-1.2950879440590204,-8.220267089062874,1.579953021988386,-1.6578516759240656,-6.0364294232353055,4.585228242803407,-1.2950879440590208,-8.220267089062874,1.5799530219883873,-1.6578516759240656,-10.328305015070958,-10.233574363681445,-0.17364899752148066,-6.036429423235303,4.58522824280341,-1.2950879440590204,-6.0364294232353055,4.585228242803407,-1.2950879440590208,nan,-10.328305015070958,nan,-10.233574363681445,False,13.969035210946876,ebe50c2b65bc0f0b,,-3.85630001418152,-3.830176713702376,-0.004831826591368604,dither_mag,32.70021677860388,9,-7.3650065286811905,-9.452546012976013,0.9978016027383062,1.002726907929496,0.0,,,,,,,
109,111180,0,8,5074,-8.53286019175519,-6.690649154710391,258.2352639974922,255.3871975369286,0.9889710397546972,1.300872701868734,0.0,-89.97408063293544,-89.97408063293544,-89.97408063293544,-267.89673963937616,69.46209145765714,phase,-37.520666720874,dither_fold,0.9898771734558331,-112.10380521730004,-37.520666720874,-0.41015050808923287,-0.5558854548717229,284.3125,-19.73185612989105,4.2476470091941945,-7.172461061250482,4.038012830624163,-1.4837975184801466,-8.830990475923937,4.131686008978736,-1.7593007435089596,-7.172461061250484,4.0380128306241625,-1.4837975184801468,-8.830990475923937,4.131686008978736,-1.7593007435089596,-13.577477412261898,-13.402742395669382,-1.1303000480120406,-7.172461061250482,4.038012830624163,-1.4837975184801466,-7.172461061250484,4.0380128306241625,-1.4837975184801468,nan,-13.577477412261898,nan,-13.402742395669382,False,16.38021258843647,722f33c59d06ebd9,,-8.53286019175519,-6.690649154710391,-0.010122826544166852,dither_mag,-89.97408063293544,10,-10.358087576976107,-11.787904908434406,0.9960340025420542,1.0045213985952652,0.0,,,,,,,
110,112200,0,8,7554,-2.880443105705565,-2.6615749670906137,259.51129361761065,258.0006507923903,0.9941788937037696,1.2346814648547864,0.0,-149.26323941556606,-149.26323941556606,-149.26323941556606,-256.74920767639185,76.79795875335098,phase,-40.88857651495747,dither_fold,1.0132783665049554,-103.96797021224044,-40.88857651495747,-0.34298263501172127,-0.47814099628763385,281.625,-20.000268825324387,5.957419454614029,-6.616681000420624,3.691839796067579,-1.3914752492393065,-7.7863854275302575,4.623789643082112,-1.585778310220973,-6.616681000420625,3.691839796067577,-1.3914752492393065,-7.786385427530257,4.623789643082112,-1.585778310220973,-12.740675451498639,-12.433556745882468,0.4698628411691108,-6.616681000420624,3.691839796067579,-1.3914752492393065,-6.616681000420625,3.691839796067577,-1.3914752492393065,nan,-12.740675451498639,nan,-12.433556745882468,False,16.253047277360807,f7cc4128b251e96b,,-2.880443105705565,-2.6615749670906137,0.013278366504955397,dither_mag,-149.26323941556606,11,-11.370256925034465,-12.71526319048236,0.9983485008360556,1.0022177664904375,0.0,,,,,,,
111,113220,0,8,5714,9.604369078765842,9.695050302028212,259.2318290853743,252.87775311185857,0.9754888279115483,1.2335124209145019,0.0,-199.91190924160412,-199.91190924160412,-199.91190924160412,-315.0138621793699,81.96657798638404,phase,-37.21354820291498,dither_fold,0.997498656063318,-120.07879299487908,-37.21354820291498,-0.4035862073589767,-0.5596886382523195,285.4375,-19.28905965692305,6.334312729594814,-7.110149895530262,4.9790351586295465,-1.4734468265000438,-8.973254535601576,0.31435159993921435,-1.7829326471098965,-7.110149895530262,4.979035158629547,-1.4734468265000438,-8.973254535601576,0.31435159993921524,-1.7829326471098965,-10.334652088770378,-10.243417861090924,-0.3570954239824031,-7.110149895530262,4.9790351586295465,-1.4734468265000438,-7.110149895530262,4.979035158629547,-1.4734468265000438,nan,-10.334652088770378,nan,-10.243417861090924,False,15.539661264722108,2d7bc964e5276552,,9.604369078765842,9.695050302028212,-0.002501343936681999,dither_mag,-199.91190924160412,12,-8.003167001272402,-9.329504407146873,0.9979114885664349,1.0026575725800861,0.0,,,,,,,
112,114240,0,8,6022,3.3711116608657523,4.967671362207241,259.0061566280581,254.95418863381977,0.9843557078063705,1.1593545180006004,0.0,-160.912423529516,-160.912423529516,-160.912423529516,-231.43337050600613,76.99983834780262,phase,-40.62555480002797,dither_fold,1.0010632952631107,-115.21112043013879,-40.62555480002797,-0.35189001163196343,-0.5016644681911439,283.1875,-19.16624802684985,6.867485467692792,-6.500711077070403,4.315884180486061,-1.372211142370499,-7.542524560265036,1.3588243327075933,-1.5452698605091424,-6.500711077070404,4.315884180486061,-1.372211142370499,-7.542524560265036,1.3588243327075915,-1.5452698605091424,-8.428115763613174,-8.297161493202161,-0.3221852267273664,-6.500711077070403,4.315884180486061,-1.372211142370499,-6.500711077070404,4.315884180486061,-1.372211142370499,nan,-8.428115763613174,nan,-8.297161493202161,False,16.16767726991413,58a4128500db2a7b,,3.3711116608657523,4.967671362207241,0.001063295263110664,dither_mag,-160.912423529516,13,-6.820808550827062,-7.595427864645461,0.9980971766142243,1.0024711995663258,0.0,,,,,,,
113,115260,0,7,570,0.9939137030287734,0.22097258588896673,255.10874009633332,250.0567788751579,0.980196832067503,1.1567990939464714,0.0,-69.73051465345686,-69.73051465345686,-69.73051465345686,-160.1338753831129,75.02540852317412,phase,-36.724935412267946,dither_fold,0.9913831230225297,-113.0185063571703,-36.724935412267946,-0.37566541177497476,-0.5225894700392961,285.64285714285717,-19.417381488712195,6.648230196943505,-6.54441489395765,4.266196906988624,-1.37947091261755,-8.188478324857508,1.410998118529759,-1.6525711503085563,-6.54441489395765,4.266196906988623,-1.37947091261755,-8.18847832485751,1.410998118529757,-1.6525711503085565,-8.254715772828579,-8.149853203959708,-0.019304702432081378,-6.54441489395765,4.266196906988624,-1.37947091261755,-6.54441489395765,4.266196906988623,-1.37947091261755,nan,-8.254715772828579,nan,-8.149853203959708,False,17.405277042301385,8ba6c519c7359e50,,0.9939137030287734,0.22097258588896673,-0.008616876977470267,dither_mag,-69.73051465345686,14,-6.472275558037597,-7.518278112019554,0.9965920925122963,1.003996018669976,0.0,,,,,,,
114,116280,0,8,7422,-0.5259260058851927,-0.6509795274168748,257.7229354531273,255.45278648556845,0.9911915136168712,1.213296245603929,0.0,-144.67925433211707,-144.67925433211707,-144.67925433211707,-241.18619773661683,74.84077442067318,phase,-41.90298403974974,dither_fold,1.003725460348551,-104.65110874723841,-41.90298403974974,-0.3304358414122144,-0.4664822827836243,284.625,-19.825405717958702,6.846971195938039,-5.678041884463013,4.840893199098314,-1.2355551303094707,-7.418696529849736,1.8764812471366326,-1.52470042024082,-5.678041884463015,4.8408931990983115,-1.235555130309471,-7.418696529849736,1.876481247136634,-1.52470042024082,-7.181579154922629,-7.029465122497676,0.9649200017303017,-5.678041884463013,4.840893199098314,-1.2355551303094707,-5.678041884463015,4.8408931990983115,-1.235555130309471,nan,-7.181579154922629,nan,-7.029465122497676,False,17.545748983748283,086ba5f86360bc68,,-0.5259260058851927,-0.6509795274168748,0.003725460348551035,dither_mag,-144.67925433211707,15,-6.6569791127244375,-7.745214106146041,0.9972418262690549,1.0033438873716796,0.0,,,,,,,
115,117300,0,7,2538,-0.21741954779146577,0.07881009327032784,259.636535063902,255.3137186143337,0.983350507860905,1.2220546215305925,0.0,-64.18511955326605,-64.18511955326605,-64.18511955326605,-198.06944560443546,75.17743475301695,phase,-39.459752747234596,dither_fold,0.9968173763648897,-108.25485094072559,-39.459752747234596,-0.357133115032162,-0.49786442125510527,284.07142857142856,-19.758396626399506,6.428696418155406,-6.035685586260996,3.498928421195184,-1.2949643830998334,-7.43612813306221,1.7368490830830265,-1.5275960353923939,-6.035685586260996,3.4989284211951865,-1.2949643830998334,-7.436128133062211,1.736849083083026,-1.527596035392394,-10.480308197993992,-10.316597934719878,1.180355496035504,-6.035685586260996,3.498928421195184,-1.2949643830998334,-6.035685586260996,3.4989284211951865,-1.2949643830998334,nan,-10.480308197993992,nan,-10.316597934719878,False,16.87270604488525,87c7262e1a685a18,,-0.21741954779146577,0.07881009327032784,-0.0031826236351103487,dither_mag,-64.18511955326605,16,-6.7332864232708785,-7.71772250232826,0.9966864033229691,1.0039044931135297,0.0,,,,,,,
116,118320,0,8,4282,-2.0723239015304404,-3.671557312475647,260.2971290074794,256.58444814647385,0.9857367583147686,1.1448445628027957,0.0,-192.29017841874173,-192.29017841874173,-192.29017841874173,-253.69920604742322,78.03555791826038,phase,-44.49818570924464,dither_fold,0.999165304623405,-111.92299784211234,-44.49818570924464,-0.32946844088910826,-0.4749683380838543,284.5,-19.187053963882562,6.577868030122095,-6.35743891097745,4.30600869094398,-1.3484117792321346,-7.625329940064379,5.148001036640302,-1.5590249069874385,-6.357438910977451,4.30600869094398,-1.3484117792321348,-7.625329940064379,5.148001036640303,-1.5590249069874385,-6.520001879386075,-6.3639340599014025,1.9079908390905203,-6.35743891097745,4.30600869094398,-1.3484117792321346,-6.357438910977451,4.30600869094398,-1.3484117792321348,nan,-6.520001879386075,nan,-6.3639340599014025,False,16.719237820909136,0e4f39da970f9867,,-2.0723239015304404,-3.671557312475647,-0.0008346953765949738,dither_mag,-192.29017841874173,17,-7.461011175126073,-8.997769626513362,0.9965408156547346,1.00405125764402,0.0,,,,,,,
117,119340,0,8,1246,1.7881375400257298,3.2943955532936036,258.2540890995614,253.96702267287696,0.9833998120160193,1.1629550693125537,0.0,-198.3569398245916,-198.3569398245916,-198.3569398245916,-270.0648224358072,67.7638406850076,phase,-35.60837716035025,dither_fold,0.9951835740939193,-102.39301055447297,-35.60837716035025,-0.3412500114378478,-0.4743609251586626,283.7142857142857,-19.56645911262339,6.646230662678528,-6.339354888887675,4.458292896438581,-1.3454077888517733,-7.7607055865374965,1.513905477293859,-1.5815125559032388,-6.339354888887675,4.458292896438581,-1.3454077888517733,-7.7607055865374965,1.5139054772938603,-1.5815125559032388,-10.618703143818184,-10.461228718848869,-0.0740094735617366,-6.339354888887675,4.458292896438581,-1.3454077888517733,-6.339354888887675,4.458292896438581,-1.3454077888517733,nan,-10.618703143818184,nan,-10.461228718848869,False,17.760881738712104,5e2d97f7a5c5cf03,,1.7881375400257298,3.2943955532936036,-0.004816425906080668,dither_mag,-198.3569398245916,18,-6.832990597165281,-7.849383590567014,0.995700856779562,1.004901642696076,0.0,,,,,,,
118,120360,0,8,4114,-8.115303245449596,-7.235911258263529,255.41151922696284,253.5718306314577,0.9927971588710125,1.2866851911406711,0.0,-625.1380047757267,-625.1380047757267,-625.1380047757267,-721.8821354029096,75.86467826356909,phase,-40.39049706312112,dither_fold,1.0017972365503944,-119.83344168650618,-40.39049706312112,-0.4021249516328183,-0.5579084258252763,284.3125,-19.415159040571364,5.714545774020914,-6.881971355060585,4.07240886699492,-1.4355434144618913,-8.338667425499693,0.7484784937545387,-1.6775195058969592,-6.881971355060585,4.072408866994918,-1.4355434144618913,-8.338667425499695,0.748478493754537,-1.6775195058969594,-11.287459073975327,-11.08149504604813,0.8346256451881713,-6.881971355060585,4.07240886699492,-1.4355434144618913,-6.881971355060585,4.072408866994918,-1.4355434144618913,nan,-11.287459073975327,nan,-11.08149504604813,False,16.411754890970766,8c408cdbf32da9f3,,-8.115303245449596,-7.235911258263529,0.001797236550394432,dither_mag,-625.1380047757267,19,-9.685610554824095,-10.36959933386856,0.996014021024848,1.004586151664773,0.0,,,,,,,
119,121380,0,8,2638,-1.724156158575939,-3.144757158357815,257.7967069295524,255.14151095715755,0.9897004271155395,1.2369733506594955,0.0,-68.47442799623796,-68.47442799623796,-68.47442799623796,-210.53186941272088,72.8300017897777,phase,-39.50083316069422,dither_fold,1.0008453289799164,-111.07805603398836,-39.50083316069422,-0.35580768706483007,-0.5002091599090149,284.875,-19.41934858239849,5.431146429938107,-6.521447291295651,3.5601627065027266,-1.3756556962285136,-7.896681455966059,4.997613001390574,-1.6040999096289135,-6.52144729129565,3.5601627065027266,-1.3756556962285136,-7.896681455966057,4.9976130013905715,-1.6040999096289132,-10.929510760996699,-10.702731330513881,1.5088667908877227,-6.521447291295651,3.5601627065027266,-1.3756556962285136,-6.52144729129565,3.5601627065027266,-1.3756556962285136,nan,-10.929510760996699,nan,-10.702731330513881,False,16.737926977824564,21d041cd0ba788d1,,-1.724156158575939,-3.144757158357815,0.0008453289799164043,dither_mag,-68.47442799623796,20,-10.291480193968988,-11.46523956701456,0.9961613639402136,1.0044376661711694,0.0,20,-39.68512915055691,0.5188847663978682,-39.68512915055691,move+1:OK,1,30
120,122400,0,8,7426,2.830572785633266,1.0867073723748186,255.0098589270894,253.4044542327999,0.9937045387145267,1.1816166156264967,0.0,-151.17250001404693,-151.17250001404693,-151.17250001404693,-225.25367152324932,54.56823439281436,phase,-33.77534621619886,dither_fold,1.0012311649263765,-100.22157141589354,-33.77534621619886,-0.41751186553966574,-0.5477999083803273,285.875,-21.01029358445772,6.279292256338021,-6.821722821457778,2.699187382356327,-1.4255353524016243,-8.013420866214156,1.0949223851497067,-1.6234918382415544,-6.821722821457779,2.6991873823563237,-1.4255353524016245,-8.013420866214156,1.0949223851497076,-1.6234918382415544,-14.147796345228265,-13.894414421219805,-0.12367607762484356,-6.821722821457778,2.699187382356327,-1.4255353524016243,-6.821722821457779,2.6991873823563237,-1.4255353524016245,nan,-14.147796345228265,nan,-13.894414421219805,False,17.607121292014032,676e23e1d3111268,,2.830572785633266,1.0867073723748186,0.0012311649263765378,dither_mag,-151.17250001404693,1,-9.296962126079837,-11.086572385226129,0.996375990753365,1.0042215223054847,0.0,,,,,,,
121,123420,0,8,1922,-0.25212086232530356,-0.7833874668500206,257.12510311439036,255.44313619638774,0.9934585658979616,1.2335955868757755,0.0,-116.86804096031769,-116.86804096031769,-116.86804096031769,-243.9559774933338,58.28719938887305,phase,-32.499919155642914,dither_fold,1.0024843663502665,-96.3042375744104,-32.499919155642914,-0.41979049729676016,-0.5449860061434937,284.6875,-21.350928258483357,5.6125615785705545,-6.430392559027062,2.9231144483522673,-1.3605303254197778,-7.916343523690048,1.4644744256067295,-1.6073660338355564,-6.430392559027062,2.9231144483522673,-1.3605303254197778,-7.916343523690049,1.4644744256067288,-1.6073660338355564,-10.886947170432983,-10.648768780268508,-0.17073538409597333,-6.430392559027062,2.9231144483522673,-1.3605303254197778,-6.430392559027062,2.9231144483522673,-1.3605303254197778,nan,-10.886947170432983,nan,-10.648768780268508,False,19.07093677803669,488813bf7dd3e7bb,,-0.25212086232530356,-0.7833874668500206,0.002484366350266498,dither_mag,-116.86804096031769,2,-9.385525381951886,-11.359605383730317,0.9968091792755023,1.0037860048127982,0.0,,,,,,,
122,124440,0,8,2062,6.9133953638278625,6.835386582486368,257.2701230779956,253.15475931184255,0.984003724502027,1.1294644892150798,0.0,-239.07932833147908,-239.07932833147908,-239.07932833147908,-289.23523176535326,66.27963623759734,phase,-36.11000937871577,dither_fold,1.0039629802299723,-101.593155795388,-36.11000937871577,-0.39772230121614277,-0.5297934037501472,283.75,-20.65300816307903,6.626478268662812,-6.895112238226674,4.049843321227351,-1.4377262854197135,-8.171222627973666,4.615158730688809,-1.6497047554773532,-6.895112238226675,4.049843321227349,-1.4377262854197135,-8.171222627973663,4.615158730688812,-1.6497047554773527,-11.21143902546693,-11.076668656760214,0.4016256568786134,-6.895112238226674,4.049843321227351,-1.4377262854197135,-6.895112238226675,4.049843321227349,-1.4377262854197135,nan,-11.21143902546693,nan,-11.076668656760214,False,19.303957219127565,c3a184f330a1eee9,,6.9133953638278625,6.835386582486368,0.003962980229972324,dither_mag,-239.07932833147908,3,-6.958091498268731,-8.97624349942471,0.9975004879128441,1.0030926055243354,0.0,,,,,,,
123,125460,0,8,28,-1.6710545478489431,-0.32475775171751975,257.3264196848367,254.7008232851406,0.9897966310536173,1.086503924111996,0.0,79.48428080787708,79.48428080787708,79.48428080787708,-60.39967827762461,59.74304209297796,phase,-30.71383747290735,dither_fold,0.9955096831113144,-90.50075752056878,-30.71383747290735,-0.36661282683990287,-0.4842638116166423,283.375,-21.099818086443065,6.688025809211085,-6.854729356467005,3.422990590640934,-1.4310181655260807,-8.152922097447618,1.2630741579339126,-1.6466648002404682,-6.854729356467006,3.4229905906409366,-1.4310181655260807,-8.152922097447616,1.2630741579339133,-1.646664800240468,-9.360455451997261,-9.243832846968363,-0.6011676689681045,-6.854729356467005,3.422990590640934,-1.4310181655260807,-6.854729356467006,3.4229905906409366,-1.4310181655260807,nan,-9.360455451997261,nan,-9.243832846968363,False,14.44752620740153,07e70df6e8001f3a,,-1.6710545478489431,-0.32475775171751975,-0.004490316888685619,dither_mag,79.48428080787708,4,-7.544426140541339,-9.089558274626064,0.9967166465875583,1.0038843965588027,0.0,,,,,,,
124,126480,0,8,826,4.114206580720388,3.5198445093890918,257.5757044183364,253.55102909982128,0.9843747867152155,1.1995522218717816,0.0,-206.28958104432346,-206.28958104432346,-206.28958104432346,-296.58818419815594,63.39511397765119,phase,-31.493937224068368,dither_fold,0.9880099692976864,-86.59730674921198,-31.493937224068368,-0.3418979452884089,-0.45447444406238446,283.125,-21.02598850505523,6.664123078713904,-6.142304715998435,4.746112416096425,-1.3126752019930956,-7.401338964417698,2.1993072994355245,-1.5218171037238704,-6.142304715998431,4.746112416096427,-1.312675201993095,-7.401338964417697,2.1993072994355245,-1.52181710372387,-7.848589080594913,-7.720785058352934,0.5627843372807293,-6.142304715998435,4.746112416096425,-1.3126752019930956,-6.142304715998431,4.746112416096427,-1.312675201993095,nan,-7.848589080594913,nan,-7.720785058352934,False,16.21577182753523,abad4202641c69e7,,4.114206580720388,3.5198445093890918,-0.011990030702313637,dither_mag,-206.28958104432346,5,-6.099710324685204,-7.862379545173603,0.9946252805285922,1.0060163647517475,0.0,,,,,,,
125,127500,0,8,4718,-1.4549275911643118,-3.1564975239351654,254.96354180993708,252.92190696069338,0.9919924439598284,1.162605778334872,0.0,-112.12410284166948,-112.12410284166948,-112.12410284166948,-195.38756669703793,54.186978597727816,phase,-33.07655214636958,dither_fold,1.0067024420492774,-96.06645569171606,-33.07655214636958,-0.41721113373609503,-0.5420975261353259,282.4375,-21.23622570294398,6.001899641398307,-6.609070155467652,3.040668079556795,-1.390210989280341,-8.533863153637348,0.8953806521930974,-1.709944045454709,-6.60907015546765,3.040668079556799,-1.3902109892803407,-8.533863153637348,0.8953806521930983,-1.709944045454709,-12.647103363461632,-12.241978289976494,0.1088036698366861,-6.609070155467652,3.040668079556795,-1.390210989280341,-6.60907015546765,3.040668079556799,-1.3902109892803407,nan,-12.647103363461632,nan,-12.241978289976494,False,17.275298391767663,bf0b292034d4b771,,-1.4549275911643118,-3.1564975239351654,0.006702442049277391,dither_mag,-112.12410284166948,6,-6.611686711045384,-8.960546704362837,0.9957919037317029,1.0048442367542845,0.0,,,,,,,
126,128520,0,8,1406,5.090176241271915,4.691497197976114,260.0600408877427,256.8207318966157,0.9875439956862683,1.0490253846006177,0.0,-214.94870298864595,-214.94870298864595,-214.94870298864595,-238.47881729590563,67.62388190698069,phase,-34.695522896837424,dither_fold,1.0016831820444936,-90.72118622961743,-34.695522896837424,-0.3409233653032666,-0.45886090740176927,286.0,-20.85762349126094,7.080860141721205,-5.666538157006611,4.853058487560277,-1.233644212127344,-7.307486138807309,1.912101916202854,-1.506226933356696,-5.666538157006611,4.853058487560278,-1.233644212127344,-7.307486138807306,1.912101916202856,-1.5062269333566953,-12.153107324797796,-11.928203962791793,0.20979133285128926,-5.666538157006611,4.853058487560277,-1.233644212127344,-5.666538157006611,4.853058487560278,-1.233644212127344,nan,-12.153107324797796,nan,-11.928203962791793,False,18.243308486612626,1d9c4f2edeaa87c9,,5.090176241271915,4.691497197976114,0.0016831820444935808,dither_mag,-214.94870298864595,7,-4.822596362179505,-7.326438691169181,0.9960852210658752,1.0045487503507502,0.0,,,,,,,
127,129540,0,8,6910,-3.795818778335672,-2.903374901014767,260.5487831983673,258.37090765059696,0.9916411985462538,1.1894628906307214,0.0,-109.65662228236245,-109.65662228236245,-109.65662228236245,-200.81198222082273,68.26005678132886,phase,-35.466176526766276,dither_fold,0.987928987489571,-91.11798614284295,-35.466176526766276,-0.3461594143016361,-0.46461279628733193,284.0625,-21.012447985492244,6.632834856035887,-6.940425932899263,3.5816124549262374,-1.4452534772257912,-8.123062840548043,3.5987595366943035,-1.6417047907887115,-6.940425932899265,3.5816124549262356,-1.4452534772257917,-8.123062840548045,3.5987595366943004,-1.641704790788712,-12.256472960185757,-12.072971703399759,-0.6349808260547158,-6.940425932899263,3.5816124549262374,-1.4452534772257912,-6.940425932899265,3.5816124549262356,-1.4452534772257917,nan,-12.256472960185757,nan,-12.072971703399759,False,14.696684568609411,9008d0c24fe5e579,,-3.795818778335672,-2.903374901014767,-0.012071012510428969,dither_mag,-109.65662228236245,8,-6.156354302083347,-8.338018482593297,0.9939810635620107,1.0066967145466745,0.0,,,,,,,
128,130560,0,8,866,-0.15520586688583293,0.7807119084968743,255.16497127943487,254.0349694135238,0.9955714851445123,1.1509530018245817,0.0,-79.39606897989431,-79.39606897989431,-79.39606897989431,-151.17960596733053,63.1422725508311,phase,-36.579838865628886,dither_fold,1.006685356770088,-91.95636196663153,-36.579838865628886,-0.3442619774419998,-0.46380524799862083,283.3125,-20.731885504405835,6.400282547342698,-6.885566687475334,3.9708371310926216,-1.4361406457600223,-8.351309909747856,4.134327115182485,-1.6796195863368533,-6.8855666874753325,3.970837131092622,-1.436140645760022,-8.351309909747856,4.1343271151824865,-1.6796195863368533,-10.640848337372988,-10.24533610596312,-0.8572546451094516,-6.885566687475334,3.9708371310926216,-1.4361406457600223,-6.8855666874753325,3.970837131092622,-1.436140645760022,nan,-10.640848337372988,nan,-10.24533610596312,False,17.23662063650205,1fb0ee72e30a18db,,-0.15520586688583293,0.7807119084968743,0.006685356770087969,dither_mag,-79.39606897989431,9,-6.211005296354178,-8.06658701368565,0.9951439592177197,1.0055267639122656,0.0,,,,,,,
129,131580,0,7,7606,0.5209631332853488,0.17169739563077546,257.79327978704293,254.36187390536045,0.9866893121321196,0.9878565645492048,0.0,-149.8089651438468,-149.8089651438468,-149.8089651438468,-166.4519459288403,61.761865912217836,phase,-37.078083840550626,dither_fold,0.9901482526594446,-94.35130842015586,-37.078083840550626,-0.3603551492048375,-0.48301185015104015,286.85714285714283,-20.931001568531226,6.4342026615304135,-6.726442436524706,4.304230278367082,-1.4097080459343367,-8.372501466500687,4.3024358986067055,-1.6831397784884863,-6.726442436524706,4.304230278367082,-1.4097080459343367,-8.372501466500685,4.302435898606708,-1.683139778488486,-10.53150198807612,-10.26026683201065,-0.38559227446268196,-6.726442436524706,4.304230278367082,-1.4097080459343367,-6.726442436524706,4.304230278367082,-1.4097080459343367,nan,-10.53150198807612,nan,-10.26026683201065,False,15.215694097257705,c988ed49379a3ee8,,0.5209631332853488,0.17169739563077546,-0.009851747340555383,dither_mag,-149.8089651438468,10,-6.027778442630213,-8.00682322556234,0.9934282755183234,1.00727759691049,0.0,,,,,,,
130,132600,0,8,3490,-5.32035965951491,-7.1280100958683725,258.5522682240333,256.89205653946647,0.9935788160128293,1.000980740190151,0.0,-88.78887627288834,-88.78887627288834,-88.78887627288834,-96.04532474597576,68.12273145992053,phase,-36.68829209977038,dither_fold,1.0027987292885154,-93.06428086463826,-36.68829209977038,-0.35501181776760876,-0.4759953828916385,286.0,-20.98198754534172,6.470182556180641,-6.0511345045265665,4.723666912360981,-1.297530648592453,-7.758000559539861,4.18349752806147,-1.5810632158704088,-6.051134504526566,4.723666912360979,-1.297530648592453,-7.758000559539861,4.18349752806147,-1.5810632158704088,-11.423748059247018,-11.0995542577365,1.349087094406122,-6.0511345045265665,4.723666912360981,-1.297530648592453,-6.051134504526566,4.723666912360979,-1.297530648592453,nan,-11.423748059247018,nan,-11.0995542577365,False,15.465684237273969,1585ad86b5ff90ba,,-5.32035965951491,-7.1280100958683725,0.0027987292885154336,dither_mag,-88.78887627288834,11,-7.9022226543763,-10.483601763282191,0.9939148344602016,1.0067856317581465,0.0,,,,,,,
131,133620,0,8,146,4.561793432242657,2.4375304682968206,257.6551717226477,255.78679511646595,0.9927485383130871,1.2858703358121155,0.0,-146.35098685532517,-146.35098685532517,-146.35098685532517,-290.04349767695584,57.62085271331323,phase,-33.00107639214468,dither_fold,1.00277601624663,-93.38772496707747,-33.00107639214468,-0.40217919867453233,-0.523583241131733,285.9375,-21.407103781913,6.7163357377862445,-6.916807577831325,4.15417508900707,-1.4413301624304529,-8.07977261624182,5.232585015168937,-1.6345137236282095,-6.9168075778313245,4.15417508900707,-1.4413301624304526,-8.079772616241819,5.232585015168938,-1.6345137236282092,-13.35694294646238,-13.113228877442321,1.174221508284539,-6.916807577831325,4.15417508900707,-1.4413301624304529,-6.9168075778313245,4.15417508900707,-1.4413301624304526,nan,-13.35694294646238,nan,-13.113228877442321,False,15.030319371190815,ca470defddbc8c30,,4.561793432242657,2.4375304682968206,0.002776016246629931,dither_mag,-146.35098685532517,12,-6.295819725344595,-9.636216146133425,0.9943976811126415,1.0062978864247552,0.0,,,,,,,
132,134640,0,8,3346,-1.4957533770927207,1.5962059552669,261.764396565799,260.81932724178216,0.9963896185408878,1.3784609765052656,0.0,-6.425183109632855,-6.425183109632855,-6.425183109632855,-303.3670053542351,64.90136435937305,phase,-35.933042938300034,dither_fold,1.0021225498151733,-88.82430083921743,-35.933042938300034,-0.3437775192415212,-0.4592491103325039,284.125,-21.2477433697617,7.089855625952641,-6.806740356328548,3.876026994197512,-1.423046570818696,-7.251482965005182,2.9100823954599093,-1.496924080565645,-6.806740356328548,3.8760269941975127,-1.423046570818696,-7.251482965005183,2.91008239545991,-1.496924080565645,-9.756217225024418,-9.438604430640252,-1.8440478572582721,-6.806740356328548,3.876026994197512,-1.423046570818696,-6.806740356328548,3.8760269941975127,-1.423046570818696,nan,-9.756217225024418,nan,-9.438604430640252,False,16.044160991542423,e904f1a68fa9fe6d,,-1.4957533770927207,1.5962059552669,0.002122549815173347,dither_mag,-6.425183109632855,13,-6.82228282147399,-9.081040494986722,0.994767046370136,1.0059248925790265,0.0,,,,,,,
133,135660,0,8,3732,-6.443819584903411,-6.171979097652217,258.2603867604682,255.96672481212798,0.9911188007688243,2.2598745141682794,0.0,-127.1872486402921,-127.1872486402921,-127.1872486402921,-132.99040564099994,54.38599169511137,phase,-26.67328147706852,dither_fold,0.9987282200737415,-78.77577727360226,-26.67328147706852,-0.3520065189503312,-0.45441502940601414,286.3125,-21.824653580137813,6.028949849954448,-6.5766079892699905,4.552554950425421,-1.3848186028687695,-7.233488285851864,2.2738926426454817,-1.4939349312046286,-6.5766079892699905,4.552554950425421,-1.3848186028687695,-7.233488285851863,2.273892642645482,-1.4939349312046286,-13.157755419732746,-12.972460502593021,0.8128102495918821,-6.5766079892699905,4.552554950425421,-1.3848186028687695,-6.5766079892699905,4.552554950425421,-1.3848186028687695,nan,-13.157755419732746,nan,-12.972460502593021,False,15.805249052568755,9c6b629db9684170,,-6.443819584903411,-6.171979097652217,-0.0012717799262584872,dither_mag,-127.1872486402921,14,-9.089483833958093,-11.228509655074703,0.9945456495369825,1.0061490578078631,0.0,,,,,,,
134,136680,0,8,4766,5.525845308569069,5.7469654411332165,258.6646524107261,256.91281848874877,0.9932273934391482,1.0262528261445714,0.0,-72.65200998736104,-72.65200998736104,-72.65200998736104,-84.03749048728793,70.17646518829856,phase,-36.47916998906391,dither_fold,1.001492719467752,-94.0527268323398,-36.47916998906391,-0.34097022050750087,-0.4632387653895426,284.6875,-20.545655238488052,6.990590635239774,-5.99654654797611,6.101228071297018,-1.2884628817236063,-7.595618933629077,1.7195099263745521,-1.554089523858651,-5.996546547976109,6.101228071297019,-1.2884628817236063,-7.595618933629079,1.719509926374549,-1.5540895238586512,-10.507292928424889,-10.162966344420992,0.597894938764707,-5.99654654797611,6.101228071297018,-1.2884628817236063,-5.996546547976109,6.101228071297019,-1.2884628817236063,nan,-10.507292928424889,nan,-10.162966344420992,False,16.414275467673296,2277b1ba182f69fb,,5.525845308569069,5.7469654411332165,0.0014927194677520905,dither_mag,-72.65200998736104,15,-7.144831158739432,-9.229364609131883,0.9948054506261932,1.0058866173577734,0.0,,,,,,,
135,137700,0,8,2574,0.6249014606037994,0.18042045995337805,255.56446277020163,253.7266996313767,0.9928090035723104,1.104394586313946,0.0,-34.2773868318378,-34.2773868318378,-34.2773868318378,-94.69882804479282,56.46706714160019,phase,-29.84090939665271,dither_fold,1.0040231041658132,-95.93906856888336,-29.84090939665271,-0.42193354710103254,-0.5466543362405809,284.0,-21.07980490357384,6.0625084838385455,-6.883060845627775,4.8117758338551715,-1.4357243929614247,-8.510308623647218,0.9680005214648704,-1.7060313328317638,-6.883060845627775,4.811775833855173,-1.4357243929614247,-8.510308623647218,0.9680005214648704,-1.7060313328317638,-9.897478031403379,-9.637265936263805,0.6695804623787458,-6.883060845627775,4.8117758338551715,-1.4357243929614247,-6.883060845627775,4.811775833855173,-1.4357243929614247,nan,-9.897478031403379,nan,-9.637265936263805,False,16.877610863136045,81b923d3d737c64e,,0.6249014606037994,0.18042045995337805,0.004023104165813196,dither_mag,-34.2773868318378,16,-6.924973586513972,-9.16658699593572,0.995505836667896,1.005181267392049,0.0,,,,,,,
136,138720,0,8,3126,-1.1365621249753342,-8.008352630206605e-05,254.9778476821687,253.53782066817558,0.9943523446170582,1.2441794970253788,0.0,-108.12258907838833,-108.12258907838833,-108.12258907838833,-235.38179425704962,65.22632483393303,phase,-36.45239506491527,dither_fold,1.0090407632602958,-107.16020525731918,-36.45239506491527,-0.41202431646973914,-0.551332583304254,283.875,-20.459381168264894,6.262373541760198,-7.170561529621181,4.241347404734021,-1.4834819816646483,-8.99836879875886,0.5553297333451864,-1.787104451621073,-7.170561529621181,4.241347404734024,-1.4834819816646483,-8.99836879875886,0.5553297333451864,-1.787104451621073,-13.011032614351771,-12.770209588674213,1.0026473577586685,-7.170561529621181,4.241347404734021,-1.4834819816646483,-7.170561529621181,4.241347404734024,-1.4834819816646483,nan,-13.011032614351771,nan,-12.770209588674213,False,14.976667616343848,ca9b69eb8e9e8419,,-1.1365621249753342,-8.008352630206605e-05,0.009040763260295792,dither_mag,-108.12258907838833,17,-7.324566164567408,-9.166614880691549,0.9970808598717685,1.003605185349048,0.0,,,,,,,
137,139740,0,8,5326,2.774775824303551,1.1708207435673899,256.7421120891321,255.1174908664444,0.9936721669481177,1.180724442082256,0.0,-78.28619328815473,-78.28619328815473,-78.28619328815473,-171.77378228801024,60.18932278863794,phase,-31.056378889773658,dither_fold,1.0038476290626175,-97.30203887049751,-31.056378889773658,-0.4140246218762094,-0.5405172724078562,286.1875,-20.996711819776436,6.049416633528713,-7.22711534094306,5.0882931042143165,-1.492876302482236,-8.44144918036055,0.8016426607764015,-1.6945928871030815,-7.227115340943061,5.0882931042143165,-1.4928763024822362,-8.441449180360548,0.8016426607764015,-1.694592887103081,-9.381082182659334,-9.240129194214417,0.29348699859988425,-7.22711534094306,5.0882931042143165,-1.492876302482236,-7.227115340943061,5.0882931042143165,-1.4928763024822362,nan,-9.381082182659334,nan,-9.240129194214417,False,15.381041955267463,0e1278f6c5b5103d,,2.774775824303551,1.1708207435673899,0.003847629062617486,dither_mag,-78.28619328815473,18,-6.35055134030216,-8.75829967244951,0.9977522293982574,1.0029320128832466,0.0,,,,,,,
138,140760,0,7,2402,-2.9552908785767062,-1.0990800903625186,256.995406958859,255.13514979141078,0.99276151589843,1.1355475542594897,0.0,-262.56786737272057,-262.56786737272057,-262.56786737272057,-309.6590443060195,60.09458869279992,phase,-31.736211360882194,dither_fold,0.9940610394961558,-87.69671099894464,-31.736211360882194,-0.3496754612890977,-0.46368118558772575,284.0,-21.074393935384578,5.939801485522209,-6.055885982262568,4.645634994342967,-1.2983199306084001,-7.060665442394453,2.0938665371824774,-1.4652268176734973,-6.055885982262566,4.645634994342968,-1.2983199306083997,-7.060665442394452,2.0938665371824765,-1.465226817673497,-8.547021444857634,-8.42460348915072,0.2577649371965409,-6.055885982262568,4.645634994342967,-1.2983199306084001,-6.055885982262566,4.645634994342968,-1.2983199306083997,nan,-8.547021444857634,nan,-8.42460348915072,False,16.834576104949328,a3f1b10374ca0008,,-2.9552908785767062,-1.0990800903625186,-0.005938960503844237,dither_mag,-262.56786737272057,19,-7.387233371196406,-9.141853120425512,0.9967152474587291,1.0039806058174647,0.0,,,,,,,
139,141780,0,8,726,3.592062118055215,2.1503789934168367,258.78549678703104,256.7659372470101,0.9921960095712667,1.1337334622166344,0.0,-199.75181776942887,-199.75181776942887,-199.75181776942887,-245.48286164772267,60.299445432582516,phase,-31.756154679419126,dither_fold,1.0019088935840668,-90.95451925242197,-31.756154679419126,-0.39823811846161034,-0.5164789934897589,287.2142857142857,-21.611230889450695,7.112738856766649,-6.91658119586584,5.144031002017203,-1.4412925574527975,-8.505156174157221,4.058783604261508,-1.7051754442121632,-6.916581195865838,5.144031002017204,-1.441292557452797,-8.50515617415722,4.05878360426151,-1.7051754442121627,-15.440489012539096,-15.301412398690232,0.8310238940015626,-6.91658119586584,5.144031002017203,-1.4412925574527975,-6.916581195865838,5.144031002017204,-1.441292557452797,nan,-15.440489012539096,nan,-15.301412398690232,False,16.34192622837026,66762e8d41c7b475,,3.592062118055215,2.1503789934168367,0.001908893584066762,dither_mag,-199.75181776942887,20,-6.125868357944331,-8.392204528276581,0.9970482065434068,1.0036458586901382,0.0,20,-33.555306800583836,0.6354000893618652,-33.555306800583836,move+1:OK,1,31
140,142800,0,8,5458,1.6626128056367029,2.4427447453899824,254.56106549717188,253.37769316939605,0.9953513223812737,1.0965466179773768,0.0,-54.67018297793108,-54.67018297793108,-54.67018297793108,-99.12071439285803,45.55778780701945,phase,-24.74993997996057,dither_fold,1.0038956782957142,-67.44317889872227,-24.74993997996057,-0.3538134573498036,-0.4414895899181425,282.8125,-22.98352911647185,5.530297638398729,-6.6161320153467384,4.1126777116669375,-1.3913840557054384,-7.794598690770876,4.236893361760278,-1.5871426396629362,-6.616132015346741,4.112677711666936,-1.3913840557054389,-7.794598690770877,4.236893361760279,-1.5871426396629364,-12.586400770416766,-12.3949709855167,-0.710890079085559,-6.6161320153467384,4.1126777116669375,-1.3913840557054384,-6.616132015346741,4.112677711666936,-1.3913840557054389,nan,-12.586400770416766,nan,-12.3949709855167,False,16.3083430125735,09969332921b90bd,,1.6626128056367029,2.4427447453899824,0.0038956782957142444,dither_mag,-54.67018297793108,1,-5.542231099330484,-7.540349610046453,0.9977279378785587,1.0029642846404212,0.0,,,,,,,
141,143820,0,8,7622,-5.694800495152366,-5.851945954486709,257.15212826021326,254.57920481372213,0.9899945473370239,1.1207035817933173,0.0,-145.2768601048304,-145.2768601048304,-145.2768601048304,-192.91902991270862,52.11591430265523,phase,-25.55462055098481,dither_fold,0.9868860476748142,-77.5879730730596,-25.55462055098481,-0.41235678988742547,-0.5132211548824029,285.5625,-22.932789843080812,5.677561193899113,-7.086094428587492,4.27964292345626,-1.4694509017587196,-8.186551501032806,5.180488221738284,-1.652251079905782,-7.086094428587493,4.27964292345626,-1.4694509017587198,-8.186551501032804,5.180488221738283,-1.6522510799057815,-14.149484073668606,-13.981592743981558,-0.6422677890822515,-7.086094428587492,4.27964292345626,-1.4694509017587196,-7.086094428587493,4.27964292345626,-1.4694509017587198,nan,-14.149484073668606,nan,-13.981592743981558,False,16.759138960251775,7145d7a24a346302,,-5.694800495152366,-5.851945954486709,-0.013113952325185751,dither_mag,-145.2768601048304,2,-7.539950214564816,-9.582477246530193,0.9954382104716608,1.0052966152297884,0.0,,,,,,,
142,144840,0,8,258,0.7199840805833446,-0.38622432367029663,258.93522458271343,254.89363536219057,0.9843915047594004,1.2299306740654146,0.0,-76.1549233230626,-76.1549233230626,-76.1549233230626,-222.51048247667273,50.17018876869826,phase,-25.15890839571601,dither_fold,0.9906705376395527,-78.57778658193033,-25.15890839571601,-0.43083846557722844,-0.5329895881337379,283.8125,-22.804993222359137,6.275359424915317,-7.693664009105299,3.872815394888816,-1.5703760812467276,-8.065930243984107,5.118706187871266,-1.6322143262432074,-7.693664009105299,3.8728153948888178,-1.5703760812467276,-8.065930243984106,5.1187061878712665,-1.632214326243207,-16.03297713664778,-15.91550705007287,-0.19296693977684765,-7.693664009105299,3.872815394888816,-1.5703760812467276,-7.693664009105299,3.8728153948888178,-1.5703760812467276,nan,-16.03297713664778,nan,-15.91550705007287,False,16.949847474334355,ae6def1f73c18b88,,0.7199840805833446,-0.38622432367029663,-0.009329462360447294,dither_mag,-76.1549233230626,3,-7.2868009728004575,-9.71694354357796,0.9938130023912302,1.0069533753744508,0.0,,,,,,,
143,145860,0,8,7526,4.57084510867973,3.9945271911257123,253.6284898277661,253.01646529084732,0.9975869251229056,1.1540447304317247,0.0,-166.82385594334522,-166.82385594334522,-166.82385594334522,-220.2537055822853,48.653762680394436,phase,-25.179522666593684,dither_fold,1.0040573548446559,-74.76955304304367,-25.179522666593684,-0.41772916466243026,-0.514929583618387,285.5625,-23.070303234823236,6.292384448697751,-7.304469695775797,5.042691520970002,-1.5057258630856807,-8.4594938754195,1.0171953027176204,-1.69759034475407,-7.304469695775797,5.042691520970002,-1.5057258630856807,-8.4594938754195,1.0171953027176204,-1.69759034475407,-15.692755233638602,-15.085053242998061,-0.002510493714978246,-7.304469695775797,5.042691520970002,-1.5057258630856807,-7.304469695775797,5.042691520970002,-1.5057258630856807,nan,-15.692755233638602,nan,-15.085053242998061,False,16.07875296261246,e88832cf390e1af7,,4.57084510867973,3.9945271911257123,0.004057354844655858,dither_mag,-166.82385594334522,4,-5.677045632320297,-8.328513303325675,0.9945186464912187,1.0062412903039757,0.0,,,,,,,
144,146880,0,7,982,-6.474768265787656,-8.096707156075347,258.9119687702932,259.16987602036767,1.000996119458283,1.152800031982155,0.0,-140.9180443897715,-140.9180443897715,-140.9180443897715,-193.62751683357644,46.38777541675341,phase,-28.846963072101072,dither_fold,1.0052096694760821,-72.17559832581006,-28.846963072101072,-0.3559624062171042,-0.44979068404065725,283.6428571428571,-22.82550992736109,5.687092559845822,-6.102838129739033,4.56971524047678,-1.3061192906543244,-7.596789936372002,2.1437871496963714,-1.5542840425867115,-6.102838129739032,4.56971524047678,-1.3061192906543244,-7.596789936372003,2.1437871496963705,-1.5542840425867115,-11.713351478858163,-11.319768880340305,1.0644622487978808,-6.102838129739033,4.56971524047678,-1.3061192906543244,-6.102838129739032,4.56971524047678,-1.3061192906543244,nan,-11.713351478858163,nan,-11.319768880340305,False,18.070433095924503,b818aad804d7381c,,-6.474768265787656,-8.096707156075347,0.005209669476082146,dither_mag,-140.9180443897715,5,-7.955704661008191,-11.144783647161688,0.9954253413425221,1.0053286624994497,0.0,,,,,,,
145,147900,0,8,5838,3.5892097929643985,4.937621774933587,257.7315045325778,256.9146669072581,0.9968306644280794,0.9776061677925156,0.0,10.050229961210789,10.050229961210789,10.050229961210789,-17.932871357786993,47.77970307577309,phase,-24.862927340365292,dither_fold,1.0072366515100761,-69.15530476499748,-24.862927340365292,-0.3552025879901528,-0.44510448418464954,281.4375,-22.94071529717495,6.638998786804477,-6.713139815496641,4.374334766160609,-1.4074983082220334,-7.600377154843145,5.056492234235934,-1.5548799260536788,-6.713139815496643,4.374334766160609,-1.4074983082220338,-7.6003771548431445,5.056492234235933,-1.5548799260536785,-11.226488819718634,-10.964148242370007,-0.8216242479771765,-6.713139815496641,4.374334766160609,-1.4074983082220334,-6.713139815496643,4.374334766160609,-1.4074983082220338,nan,-11.226488819718634,nan,-10.964148242370007,False,16.284268840705032,99d2906d1b532b05,,3.5892097929643985,4.937621774933587,0.007236651510076131,dither_mag,10.050229961210789,6,-6.693708029655325,-9.425776037321755,0.9966859619449512,1.004064647428889,0.0,,,,,,,
146,148920,0,8,7554,3.8060526859239285,3.502454649548124,258.7005211447849,256.8002500019888,0.9926545523202384,1.046870476448578,0.0,-154.64240654346423,-154.64240654346423,-154.64240654346423,-171.80130844653377,48.58616289064084,phase,-26.424536563159222,dither_fold,0.9975897523240485,-70.2564771710575,-26.424536563159222,-0.350297243275565,-0.44163066359793973,281.9375,-22.93685492009451,6.993248928161262,-6.641103620104872,3.6359460258633494,-1.3955321628081183,-7.726144854620257,4.478309346936833,-1.5757715705349264,-6.641103620104872,3.6359460258633494,-1.3955321628081183,-7.72614485462026,4.478309346936832,-1.5757715705349271,-13.537727368681992,-13.282599848866386,-0.632116238868917,-6.641103620104872,3.6359460258633494,-1.3955321628081183,-6.641103620104872,3.6359460258633494,-1.3955321628081183,nan,-13.537727368681992,nan,-13.282599848866386,False,16.267605431013532,ef96783fccb22edc,,3.8060526859239285,3.502454649548124,-0.002410247675951549,dither_mag,-154.64240654346423,7,-5.357160219275961,-8.204879424259136,0.9962655664408507,1.0044891784382874,0.0,,,,,,,
147,149940,0,7,4750,-0.14230635505332268,0.7080437537721239,257.39903369818165,255.32505220748922,0.991942543602847,1.296035851732676,0.0,-87.00856640007781,-87.00856640007781,-87.00856640007781,-259.19199155214375,54.86271360474552,phase,-32.35934331271591,dither_fold,1.0024308656153227,-79.48822287600115,-32.35934331271591,-0.3497205758306808,-0.4530552655694823,283.2142857142857,-22.084221510091467,6.350951678258085,-5.918864288954272,5.702507658266164,-1.2755588519857595,-7.302621273303389,2.184062925313522,-1.5054188161633537,-5.918864288954271,5.702507658266164,-1.2755588519857595,-7.302621273303387,2.1840629253135244,-1.5054188161633535,-13.835889855501682,-13.543892056087865,-0.22439465717630702,-5.918864288954272,5.702507658266164,-1.2755588519857595,-5.918864288954271,5.702507658266164,-1.2755588519857595,nan,-13.835889855501682,nan,-13.543892056087865,False,15.463536648708171,33a26bfc0e19e489,,-0.14230635505332268,0.7080437537721239,0.002430865615322686,dither_mag,-87.00856640007781,8,-5.407154142529375,-7.9581716257684345,0.9966893792899592,1.0040629034696065,0.0,,,,,,,
148,150960,0,7,4878,2.473936671619626,6.9864420054088985,254.2653358412458,251.72065084333306,0.9899920097661227,1.0484428051824937,0.0,-124.96764487294465,-124.96764487294465,-124.96764487294465,-143.82626320616205,49.70164944243807,phase,-24.34748083883152,dither_fold,0.9958497011551917,-75.68974616505328,-24.34748083883152,-0.4275190531984075,-0.5259157232129767,286.0,-23.188891218740146,5.884916184549276,-7.476980145764326,3.457110000424578,-1.5343820840140077,-8.188959003182884,1.6180206042367682,-1.6526509972064591,-7.476980145764324,3.4571100004245787,-1.5343820840140074,-8.188959003182884,1.618020604236769,-1.6526509972064591,-12.205773986238594,-11.955526102861022,-1.2299587716831233,-7.476980145764326,3.457110000424578,-1.5343820840140077,-7.476980145764324,3.4571100004245787,-1.5343820840140074,nan,-12.205773986238594,nan,-11.955526102861022,False,14.668449662242196,0a7bae2193f6485c,,2.473936671619626,6.9864420054088985,-0.004150298844808331,dither_mag,-124.96764487294465,9,-4.538400192644087,-5.522811556749478,0.9959654815035466,1.004795195895985,0.0,,,,,,,
149,151980,0,7,714,-2.127979655913623,-3.1421839244395606,226.91971034757123,220.18005255908085,0.9702993725041897,0.9484796196160048,0.0,-93.5093746919113,-93.5093746919113,-93.5093746919113,-93.39430624308994,46.30129820541255,phase,-30.134511260603425,dither_fold,1.0104199746135756,-74.72342489083952,-30.134511260603425,-0.3779423666343186,-0.47508281899241,284.92857142857144,-22.81790910455799,5.6539892120984625,-7.566100872830734,-0.01593789746917081,-1.5491861915001222,-7.337286984379562,1.6443525173886655,-1.5111772399301597,-7.566100872830734,-0.01593789746917129,-1.5491861915001222,-7.33728698437956,1.6443525173886666,-1.5111772399301595,-20.6155290149594,-20.931019238921145,-0.2007828321804065,-7.566100872830734,-0.01593789746917081,-1.5491861915001222,-7.566100872830734,-0.01593789746917129,-1.5491861915001222,nan,-20.6155290149594,nan,-20.931019238921145,False,14.502142790168348,afc3943e22b2be04,,-2.127979655913623,-3.1421839244395606,0.010419974613575578,dither_mag,-93.5093746919113,10,-5.286210125218658,-6.617327511887158,0.9977816201343679,1.0029818513245958,0.0,,,,,,,
150,153000,0,8,954,-8.320291271219387,-9.536022953915348,259.28798975122055,254.95784058101432,0.983299846728879,1.252098052395281,0.0,-34.83046334977734,-34.83046334977734,-34.83046334977734,-212.15924472893667,55.10282644403871,phase,-28.6568224634248,dither_fold,0.9901436614538015,-76.67932941471638,-28.6568224634248,-0.3564957285983865,-0.4561788568375178,286.1875,-22.383328449006335,5.227540817584716,-6.725560120372439,4.530763418369008,-1.4095614817894417,-7.281577172241076,5.289826216404468,-1.5019231183124713,-6.7255601203724416,4.530763418369007,-1.4095614817894424,-7.281577172241076,5.289826216404469,-1.5019231183124713,-15.352074411163766,-15.135732421514522,0.3125860735869779,-6.725560120372439,4.530763418369008,-1.4095614817894417,-6.7255601203724416,4.530763418369007,-1.4095614817894424,nan,-15.352074411163766,nan,-15.135732421514522,False,17.254160797637237,56f7a3ffee54dded,,-8.320291271219387,-9.536022953915348,-0.009856338546198495,dither_mag,-34.83046334977734,11,-8.204786581392128,-9.945012882726653,0.9960605872818046,1.0047290750727849,0.0,,,,,,,
151,154020,0,8,6890,1.465656586419133,2.7747397393093594,257.27788875767743,256.5596303189682,0.9972082387562432,1.148155417294264,0.0,-257.86317619278435,-257.86317619278435,-257.86317619278435,-227.9431818459547,47.58372447704598,phase,-25.38663571985882,dither_fold,1.0087027716001054,-71.1673161971738,-25.38663571985882,-0.3741143187671045,-0.46663182982343043,281.6875,-23.130806478862592,6.8257342880726535,-7.2700788267963645,4.356540831306422,-1.50001309415222,-7.706072182387746,1.9583642808245159,-1.5724372395992936,-7.2700788267963645,4.35654083130642,-1.50001309415222,-7.706072182387748,1.9583642808245139,-1.5724372395992938,-12.64374790972964,-12.425938914528544,-0.36821418020762575,-7.2700788267963645,4.356540831306422,-1.50001309415222,-7.2700788267963645,4.35654083130642,-1.50001309415222,nan,-12.64374790972964,nan,-12.425938914528544,False,14.546464879645841,10a96483070a1ea7,,1.465656586419133,2.7747397393093594,0.008702771600105352,dither_mag,-257.86317619278435,12,-7.68977794457156,-8.978425040438996,0.9975775726452262,1.0032120897093633,0.0,,,,,,,
152,155040,0,8,874,4.429022905029527,3.3641965425025013,254.03176485410128,252.64818940986154,0.9945535337085329,1.156756895658278,0.0,-40.683306613085804,-40.683306613085804,-40.683306613085804,-144.36741132800967,44.698774942529575,phase,-26.07400603019745,dither_fold,1.00129039055277,-76.70651439135534,-26.07400603019745,-0.41180987500957383,-0.5115283437183358,284.0625,-23.038278165357234,6.401906453951281,-7.098362213567943,2.628245212081453,-1.4714887397953396,-7.9464441172462195,1.4278716458346572,-1.6123661324329268,-7.098362213567942,2.6282452120814543,-1.4714887397953393,-7.946444117246222,1.4278716458346543,-1.6123661324329275,-14.948443398905377,-14.837210288826084,1.733718202665579,-7.098362213567943,2.628245212081453,-1.4714887397953396,-7.098362213567942,2.6282452120814543,-1.4714887397953393,nan,-14.948443398905377,nan,-14.837210288826084,False,17.173430606524906,50d26e3a0d1ac8ad,,4.429022905029527,3.3641965425025013,0.0012903905527699155,dither_mag,-40.683306613085804,13,-6.135855663971507,-7.804726276285351,0.9978028439634206,1.0029858379669518,0.0,,,,,,,
153,156060,0,7,8002,1.507536078328989,0.4811586612148048,258.0929532510888,255.3550585137304,0.9893918268481559,1.0748459981131384,0.0,-29.424435556674336,-29.424435556674336,-29.424435556674336,-68.67166990521073,56.90880873325503,phase,-30.671644956181,dither_fold,0.9940426709655237,-79.08329914506044,-30.671644956181,-0.3592983450122891,-0.46210663390086765,285.5,-22.38402474406002,7.189531358951839,-6.98001636603736,3.2006941792150885,-1.4518299611357743,-7.894355266654889,1.7775849552228473,-1.6037134994443338,-6.980016366037358,3.200694179215089,-1.4518299611357737,-7.89435526665489,1.7775849552228462,-1.603713499444334,-10.487243877257484,-10.373614694840619,0.6422548853266306,-6.98001636603736,3.2006941792150885,-1.4518299611357743,-6.980016366037358,3.200694179215089,-1.4518299611357737,nan,-10.487243877257484,nan,-10.373614694840619,False,15.883851829464705,5836a82485f0f6a0,,1.507536078328989,0.4811586612148048,-0.005957329034476322,dither_mag,-29.424435556674336,14,-5.607056181581488,-7.636822079585486,0.996762601989141,1.0040377499672486,0.0,,,,,,,
154,157080,0,8,1038,-6.372247314817233,-3.2930877794552393,262.3508943876027,259.3116372326076,0.9884152971458721,1.2623612378680416,0.0,-44.51260655590681,-44.51260655590681,-44.51260655590681,-219.3005537222468,55.65516304263402,phase,-28.809038535384428,dither_fold,1.0096736815171437,-75.24536606646545,-28.809038535384428,-0.3573035594479486,-0.4551225353343537,283.8125,-22.614175039510812,6.010041854131983,-6.370865918481297,4.576308471922128,-1.3506421791497172,-7.772472045751785,4.768969384458021,-1.5834671172345158,-6.370865918481297,4.576308471922127,-1.3506421791497172,-7.772472045751785,4.768969384458023,-1.5834671172345158,-14.66832968625792,-14.444517916359567,-0.491377904145736,-6.370865918481297,4.576308471922128,-1.3506421791497172,-6.370865918481297,4.576308471922127,-1.3506421791497172,nan,-14.66832968625792,nan,-14.444517916359567,False,18.4365181257936,e59931733968ba16,,-6.372247314817233,-3.2930877794552393,0.00967368151714365,dither_mag,-44.51260655590681,15,-7.844586518027967,-8.784767685063896,0.9984500156821134,1.0023543053253012,0.0,,,,,,,
155,158100,0,8,3398,3.855268302810983,2.824735688632082,259.6736146123984,256.86157399190245,0.9891708650311147,1.2790699024170933,0.0,-59.187605852604214,-59.187605852604214,-59.187605852604214,-236.79950406203912,51.783867009488425,phase,-27.66243554248113,dither_fold,1.0002133255644443,-74.30035044039897,-27.66243554248113,-0.35771337551637283,-0.4543038310888915,283.625,-22.750440165218176,7.214068399324486,-6.350159825912874,3.764366947534194,-1.3472026288891819,-7.597655023570463,4.688695591866848,-1.554427744779147,-6.350159825912872,3.764366947534195,-1.3472026288891814,-7.597655023570463,4.688695591866846,-1.554427744779147,-8.14562791116291,-8.071971939308831,1.7916425037470791,-6.350159825912874,3.764366947534194,-1.3472026288891819,-6.350159825912872,3.764366947534195,-1.3472026288891814,nan,-8.14562791116291,nan,-8.071971939308831,False,15.908967987336633,67a02d587d3698b8,,3.855268302810983,2.824735688632082,0.00021332556444431106,dither_mag,-59.187605852604214,16,-6.493147903384839,-7.798432328624864,0.9984872897919171,1.00231689344157,0.0,,,,,,,
156,159120,0,8,8166,-4.583241809591599,-6.215936042840394,257.65108474423334,255.73373407359628,0.992558344271904,1.0375545612831671,0.0,-107.02978782457375,-107.02978782457375,-107.02978782457375,-122.08483844392444,56.72576156887313,phase,-28.386794518124244,dither_fold,0.9991209822671666,-80.56377755880703,-28.386794518124244,-0.3804648223241513,-0.48519773315060044,283.375,-22.350737381293136,6.3918673791025675,-6.946995665212061,4.413875153705006,-1.4463447948857244,-7.8368992570093345,5.206937406256197,-1.5941693117955706,-6.94699566521206,4.413875153705004,-1.4463447948857244,-7.836899257009336,5.206937406256197,-1.594169311795571,-13.49705115342445,-13.425131800529035,1.6818736310366285,-6.946995665212061,4.413875153705006,-1.4463447948857244,-6.94699566521206,4.413875153705004,-1.4463447948857244,nan,-13.49705115342445,nan,-13.425131800529035,False,14.828156480565417,54d2c7381f716699,,-4.583241809591599,-6.215936042840394,-0.000879017732833387,dither_mag,-107.02978782457375,17,-8.099712803866806,-9.968981013606161,0.9983336943860134,1.0024712135982936,0.0,,,,,,,
157,160140,0,8,6492,1.8050333797713543,1.8067682506620504,229.06545339582487,221.3142292007855,0.9661615312124553,0.9986024622084491,0.0,-44.996102201311516,-44.996102201311516,-44.996102201311516,-42.60620751070788,45.82556199976419,phase,-24.198967299044575,dither_fold,0.9990849133758036,-68.51931184437835,-24.198967299044575,-0.3684656761812927,-0.4575407815789846,284.875,-23.127723826592074,5.940820391279126,-7.145391134860826,0.22077797530789298,-1.4793008529669147,-7.057338962610844,0.5982938619474427,-1.464674246280871,-7.145391134860826,0.22077797530789203,-1.4793008529669147,-7.057338962610843,0.5982938619474436,-1.464674246280871,-21.385597079006725,-21.446243051059398,0.8414021907858604,-7.145391134860826,0.22077797530789298,-1.4793008529669147,-7.145391134860826,0.22077797530789203,-1.4793008529669147,nan,-21.385597079006725,nan,-21.446243051059398,False,15.340105380851574,f2ce9886ff1dd172,,1.8050333797713543,1.8067682506620504,-0.0009150866241963707,dither_mag,-44.996102201311516,18,-7.4668966558467655,-9.338170992177337,0.9981738210692254,1.002631896536875,0.0,,,,,,,
158,161160,0,7,4094,-3.9259207936935874,-3.9471903344546355,255.65849738569835,253.60361916564779,0.9919624098511755,1.21114986601025,0.0,-80.92015877065992,-80.92015877065992,-80.92015877065992,-197.05569506670912,52.83812089417827,phase,-25.902026526938027,dither_fold,1.0036959354158264,-77.9577352605708,-25.902026526938027,-0.3866888354648878,-0.48803389130362984,284.2857142857143,-22.536279277029728,6.053040111939657,-6.83373134105862,4.838348534904978,-1.4275301230994386,-7.707741795610707,1.6694960655476723,-1.5727145839884895,-6.833731341058619,4.838348534904979,-1.4275301230994386,-7.707741795610707,1.6694960655476723,-1.5727145839884895,-11.835519144114791,-11.722501751910935,0.31340957164020844,-6.83373134105862,4.838348534904978,-1.4275301230994386,-6.833731341058619,4.838348534904979,-1.4275301230994386,nan,-11.835519144114791,nan,-11.722501751910935,False,15.3560371937531,0c78f31d2ba420c2,,-3.9259207936935874,-3.9471903344546355,0.003695935415826357,dither_mag,-80.92015877065992,19,-8.843482826300399,-10.716061144915274,0.9988194286151025,1.001985793513219,0.0,,,,,,,
159,162180,0,7,48,-2.278823679810193,-3.3739588956870756,259.0663973258735,255.6191630449428,0.9866936263579005,0.8170972964306287,0.0,-312.03922466844733,-312.03922466844733,-312.03922466844733,-330.3270487600908,49.5810881372077,phase,-22.314262925491718,dither_fold,0.9978096564804764,-79.5447677543092,-22.314262925491718,-0.4315197234044771,-0.5349279214850791,284.57142857142856,-22.797914035990306,5.829555234609785,-7.5445743433380565,2.230684471427182,-1.5456103560362222,-8.607117623400326,1.0517556220455806,-1.7221125620266322,-7.544574343338056,2.2306844714271823,-1.545610356036222,-8.607117623400327,1.051755622045579,-1.7221125620266327,-11.02780529269852,-10.92712855310049,0.301734534991176,-7.5445743433380565,2.230684471427182,-1.5456103560362222,-7.544574343338056,2.2306844714271823,-1.545610356036222,nan,-11.02780529269852,nan,-10.92712855310049,False,14.56499566799197,108310d7a00c97dc,,-2.278823679810193,-3.3739588956870756,-0.00219034351952363,dither_mag,-312.03922466844733,20,-9.642013837095265,-11.894606410861599,0.9984365710241403,1.002370707898607,0.0,20,-26.784069424907887,0.5692672253410505,-26.784069424907887,move+1:OK,1,32
160,163200,0,8,622,1.473040569912894,1.5983867568749814,257.9981094513834,255.17607727946947,0.9890618106546796,1.0104048538182575,0.0,-26.62577347566424,-26.62577347566424,-26.62577347566424,-41.80324156030978,39.187870873112104,phase,-19.632933829441907,dither_fold,0.9876565916666987,-61.69957580955344,-19.632933829441907,-0.428733067864327,-0.5089425164167465,288.5,-24.96688464648775,6.4965479985732895,-7.324056224296438,4.805005229759151,-1.5089794392519,-7.9285307095350674,5.049894262321109,-1.6093904833114732,-7.324056224296437,4.80500522975915,-1.5089794392519,-7.928530709535067,5.04989426232111,-1.6093904833114732,-13.360049389775304,-13.27880252868564,-0.730012319259381,-7.324056224296438,4.805005229759151,-1.5089794392519,-7.324056224296437,4.80500522975915,-1.5089794392519,nan,-13.360049389775304,nan,-13.27880252868564,False,15.443589839414633,1e8a4b31e3e6c9a6,,1.473040569912894,1.5983867568749814,-0.012343408333301276,dither_mag,-26.62577347566424,1,-9.125642327445256,-11.336494167060044,0.9962798517232062,1.0045629854921878,0.0,,,,,,,
161,164220,0,8,3228,4.04387566946859,1.0244809584821988,256.68518703566235,255.3320547818204,0.994728436535553,1.1650911174221377,0.0,-199.29249487760825,-199.29249487760825,-199.29249487760825,-258.52639960019536,42.839294984549596,phase,-24.075319422116,dither_fold,0.998203962415059,-68.02588954138616,-24.075319422116,-0.43676570469918735,-0.5251993611029894,286.4375,-24.352238276082986,6.622921443458721,-7.999664953163061,3.2520517675884504,-1.6212068028510067,-8.237586242806195,1.325805861158805,-1.6607286117618265,-7.999664953163061,3.2520517675884504,-1.6212068028510067,-8.237586242806193,1.3258058611588064,-1.6607286117618263,-15.36885035123116,-15.05860631496509,1.2732886378516328,-7.999664953163061,3.2520517675884504,-1.6212068028510067,-7.999664953163061,3.2520517675884504,-1.6212068028510067,nan,-15.36885035123116,nan,-15.05860631496509,False,14.486295259523057,f94aab99c69de548,,4.04387566946859,1.0244809584821988,-0.0017960375849409571,dither_mag,-199.29249487760825,2,-7.7050008461727515,-10.979554541922365,0.9959667144129137,1.0048792943484997,0.0,,,,,,,
162,165240,0,7,7214,8.960381383428095,8.834953563960475,257.0541103830928,255.74627183087188,0.994912205254093,1.0303182467223768,0.0,-199.04722043482388,-199.04722043482388,-199.04722043482388,-208.1515200721522,40.2501273637016,phase,-19.522765975094504,dither_fold,0.9886162467680258,-56.24308503214937,-19.522765975094504,-0.40935465047394964,-0.4824706610157438,286.71428571428567,-25.259721244211818,6.607111399261594,-7.140229562470292,2.6087090859596245,-1.478443448915331,-7.627862386357604,1.9468679956336534,-1.5594455791291701,-7.140229562470292,2.608709085959626,-1.478443448915331,-7.627862386357603,1.9468679956336545,-1.5594455791291701,-10.12629293856764,-9.90958800021895,-1.3913612523002197,-7.140229562470292,2.6087090859596245,-1.478443448915331,-7.140229562470292,2.608709085959626,-1.478443448915331,nan,-10.12629293856764,nan,-9.90958800021895,False,15.878283073255501,ee47c6d2dd50ea98,,8.960381383428095,8.834953563960475,-0.011383753231974159,dither_mag,-199.04722043482388,3,-4.556167216678949,-7.902335452249535,0.9939825925346898,1.0069042227690386,0.0,,,,,,,
163,166260,0,8,5322,-1.3108968290851997,-3.244914541698023,254.571143411976,255.57012637765715,1.0039241799062215,1.1228539645634943,0.0,-100.61274597041147,-100.61274597041147,-100.61274597041147,-141.46472580636822,36.54993211090581,phase,-19.352569556037757,dither_fold,1.0150299154938502,-58.65133463877629,-19.352569556037757,-0.43769457034030484,-0.513941305370714,283.5,-24.840285751430365,5.3484192408601,-7.45772527614739,5.337527249111076,-1.5311836006889354,-8.625662503081589,0.46924872130369766,-1.7251931068241844,-7.45772527614739,5.337527249111075,-1.5311836006889354,-8.62566250308159,0.4692487213036959,-1.7251931068241846,-14.38324132678882,-14.069736175162781,-0.5998076266856716,-7.45772527614739,5.337527249111076,-1.5311836006889354,-7.45772527614739,5.337527249111075,-1.5311836006889354,nan,-14.38324132678882,nan,-14.069736175162781,False,15.295743925953447,df74d6a77b7ab65f,,-1.3108968290851997,-3.244914541698023,0.015029915493850243,dither_mag,-100.61274597041147,4,-5.017758690841317,-9.030268043962199,0.9965970005491168,1.0042950435706404,0.0,,,,,,,
164,167280,0,8,1774,-5.463585244994041,-3.1498695914438692,257.5773589543263,255.95050873401746,0.9936840325294378,1.1809938660426529,0.0,249.7522537471152,249.7522537471152,249.7522537471152,-89.44263632568673,32.93597390614522,phase,-17.235939827179536,dither_fold,1.0053476205856602,-52.72204435743995,-17.235939827179536,-0.4063393973259625,-0.47487805499063446,284.0,-25.51217917082221,5.275857519097407,-6.536936533526628,5.040559753361307,-1.3782286600542573,-7.373430958976633,2.0164449041923915,-1.5171812224213679,-6.536936533526627,5.040559753361309,-1.3782286600542573,-7.373430958976633,2.0164449041923915,-1.5171812224213679,-14.952025926397482,-14.733051822114795,-2.7626669854731345,-6.536936533526628,5.040559753361307,-1.3782286600542573,-6.536936533526627,5.040559753361309,-1.3782286600542573,nan,-14.952025926397482,nan,-14.733051822114795,False,18.284535669744276,86ed9c7503ce501d,,-5.463585244994041,-3.1498695914438692,0.005347620585660184,dither_mag,249.7522537471152,5,-6.9365431490468685,-10.128007561908758,0.9975296495103719,1.0033601897655051,0.0,,,,,,,
165,168300,0,8,4586,5.67249539439433,6.085888818340882,258.38247391107706,256.27429411586223,0.9918408560638662,0.9470418725480922,0.0,-19.63508089744968,-19.63508089744968,-19.63508089744968,-51.59116357094284,37.35194440090654,phase,-18.743182151511117,dither_fold,0.9951195414352217,-58.8417861862227,-18.743182151511117,-0.4051581922521207,-0.4816525142942102,286.375,-24.795260283957976,6.827505721587313,-6.908741212282036,4.918037385515341,-1.439990234598345,-7.4870920299366635,1.8676142509193965,-1.5360617989928014,-6.908741212282038,4.9180373855153405,-1.4399902345983453,-7.487092029936663,1.8676142509193971,-1.5360617989928014,-13.94787169231078,-13.747374564223689,-0.8860944087648797,-6.908741212282036,4.918037385515341,-1.439990234598345,-6.908741212282038,4.9180373855153405,-1.4399902345983453,nan,-13.94787169231078,nan,-13.747374564223689,False,16.94907982751644,ada18d957a9d72e1,,5.67249539439433,6.085888818340882,-0.004880458564778256,dither_mag,-19.63508089744968,6,-4.946253046880464,-8.00507991524069,0.9966776791390966,1.0042213427073028,0.0,,,,,,,
166,169320,0,7,718,-1.2246646614843812,-0.07021524139921667,230.40693153798406,224.82533803835753,0.9757750625713864,0.9772484339555134,0.0,-13.261521174847996,-13.261521174847996,-13.261521174847996,-14.597586402506435,38.56507374073213,phase,-25.190831065538337,dither_fold,1.0033337095036852,-55.25041033877789,-25.190831065538337,-0.3622132046370575,-0.43403873807746873,285.0,-25.282674133303622,6.219012393315769,-7.378465225363897,2.1040738823561265,-1.5180174792963284,-7.389947858396772,2.0319642167397096,-1.5199248934213907,-7.378465225363897,2.1040738823561274,-1.5180174792963284,-7.389947858396772,2.03196421673971,-1.5199248934213907,-26.290961638929787,-26.630321156869748,-0.3459224602509716,-7.378465225363897,2.1040738823561265,-1.5180174792963284,-7.378465225363897,2.1040738823561274,-1.5180174792963284,nan,-26.290961638929787,nan,-26.630321156869748,False,14.644708786814448,2bb12e8054ffcd71,,-1.2246646614843812,-0.07021524139921667,0.003333709503685167,dither_mag,-13.261521174847996,7,-5.37631448047229,-8.029551944906453,0.9972591400630316,1.0036374274202968,0.0,,,,,,,
167,170340,0,8,4906,-6.106901355220648,-5.281255282137872,256.48871579453026,254.99386371631144,0.9941718602567439,1.1858071173069653,0.0,-115.28887357177419,-115.28887357177419,-115.28887357177419,-199.17423637356833,34.83905850382932,phase,-17.08901342258713,dither_fold,0.994646700115781,-55.73677393719411,-17.08901342258713,-0.415704060649516,-0.4881618667678683,286.0625,-25.143307400989823,5.060464791014686,-7.127049632099237,3.9370121994372225,-1.4762540917108369,-7.739490937118415,1.7044811274920417,-1.577988527760534,-7.127049632099239,3.9370121994372225,-1.4762540917108373,-7.739490937118415,1.7044811274920437,-1.577988527760534,-12.732837565266578,-12.570211332216342,-0.34107819158472985,-7.127049632099237,3.9370121994372225,-1.4762540917108369,-7.127049632099239,3.9370121994372225,-1.4762540917108373,nan,-12.732837565266578,nan,-12.570211332216342,False,16.145077926309376,c45e8e51d5836237,,-6.106901355220648,-5.281255282137872,-0.005353299884218954,dither_mag,-115.28887357177419,8,-7.5196044123069905,-9.87129209752252,0.9963248802962004,1.0045827229926763,0.0,,,,,,,
168,171360,0,8,2238,4.316183410022406,4.3285380981385,257.83739878462785,256.9630541672422,0.9966089301959024,0.9511415877278865,0.0,8.569816783425635,8.569816783425635,8.569816783425635,-39.34973463754214,38.75757464417604,phase,-20.429296895040146,dither_fold,0.999871873293014,-54.748854031564505,-20.429296895040146,-0.37024246533965366,-0.4414159755806875,284.9375,-25.146278141997847,6.912001078673484,-7.073476599306795,3.751882765133659,-1.4673549168283715,-7.750401993414254,2.086593137628643,-1.5798009955837633,-7.073476599306793,3.7518827651336584,-1.467354916828371,-7.750401993414253,2.086593137628644,-1.5798009955837633,-15.98770928473963,-15.703829098203435,0.14241383967238797,-7.073476599306795,3.751882765133659,-1.4673549168283715,-7.073476599306793,3.7518827651336584,-1.467354916828371,nan,-15.98770928473963,nan,-15.703829098203435,False,20.64049906724305,4c8921045e7a14e9,,4.316183410022406,4.3285380981385,-0.00012812670698603146,dither_mag,8.569816783425635,9,-6.003367867999543,-8.363214863389638,0.9963025405266502,1.0046052508074246,0.0,,,,,,,
169,172380,0,8,4114,4.769002567629915,5.387913812969664,255.5364819245737,254.5318062532261,0.9960683669753106,0.9821676730307867,0.0,112.00410031660535,112.00410031660535,112.00410031660535,-102.953339227157,35.45929822709028,phase,-16.08485554335759,dither_fold,0.9955952672008883,-59.01441536876401,-16.08485554335759,-0.4299823280327662,-0.5067010680121594,285.4375,-24.745763827769135,6.619837641344314,-7.4283464788205045,2.4200031419182433,-1.526303401797426,-7.812086407030162,1.7400457591420935,-1.5900475759186319,-7.428346478820505,2.420003141918242,-1.5263034017974264,-7.812086407030163,1.7400457591420921,-1.5900475759186319,-11.14299386328206,-10.97807236998544,-0.5086012748403066,-7.4283464788205045,2.4200031419182433,-1.526303401797426,-7.428346478820505,2.420003141918242,-1.5263034017974264,nan,-11.14299386328206,nan,-10.97807236998544,False,16.21050181661202,cce042b1522190d1,,4.769002567629915,5.387913812969664,-0.004404732799111688,dither_mag,112.00410031660535,10,-4.328022447533036,-6.486089661203262,0.9955345623929834,1.0053830549239464,0.0,,,,,,,
170,173400,0,8,2466,-5.335545139850202,-4.978064052601466,257.7428784309696,255.04955371415798,0.9895503428331077,1.0972734226388798,0.0,-112.06056824462433,-112.06056824462433,-112.06056824462433,-150.76359526092,35.95392886230521,phase,-19.920234507004437,dither_fold,0.9951399194884138,-60.91360643075032,-19.920234507004437,-0.44414645381501044,-0.5233341421749859,286.625,-25.02857123227734,5.8186520315774395,-7.505726672481177,1.83774910353823,-1.5391572545649796,-7.95554063082148,1.25070967244873,-1.6138771811995818,-7.505726672481177,1.8377491035382296,-1.5391572545649796,-7.955540630821481,1.2507096724487297,-1.6138771811995818,-12.405123338593382,-12.175931832376959,-0.04943399627516509,-7.505726672481177,1.83774910353823,-1.5391572545649796,-7.505726672481177,1.8377491035382296,-1.5391572545649796,nan,-12.405123338593382,nan,-12.175931832376959,False,18.21092034866324,fb06bf47dea06fb4,,-5.335545139850202,-4.978064052601466,-0.004860080511586151,dither_mag,-112.06056824462433,11,-6.203839590896468,-8.219083279782115,0.9946878462210564,1.006242323491953,0.0,,,,,,,
171,174420,0,8,2346,7.849419581467744,8.018828875548845,260.8536394739422,260.8947233997456,1.0001574979972916,0.9757441044250009,0.0,-146.11098134188032,-146.11098134188032,-146.11098134188032,-145.10112153826864,38.618594168378436,phase,-22.41604529378327,dither_fold,1.0034907530292223,-56.226772513052275,-22.41604529378327,-0.3666362680949449,-0.43973107236191283,284.75,-24.92337819382592,7.1547115827312755,-6.269566516568959,4.288793993572959,-1.3338150359749104,-7.22405848601575,4.158020114337192,-1.4923685192717193,-6.269566516568961,4.288793993572957,-1.3338150359749106,-7.22405848601575,4.1580201143371935,-1.4923685192717193,-11.198656974334394,-10.891020482690404,0.19990575760772078,-6.269566516568959,4.288793993572959,-1.3338150359749104,-6.269566516568961,4.288793993572957,-1.3338150359749106,nan,-11.198656974334394,nan,-10.891020482690404,False,19.696405702594383,94ccb02d13af444c,,7.849419581467744,8.018828875548845,0.0034907530292223043,dither_mag,-146.11098134188032,12,-3.44187073408271,-5.42990413185837,0.9952954829032136,1.0056297666747176,0.0,,,,,,,
172,175440,0,7,5922,-4.433008856053991,-4.428219480447894,255.65591921583817,255.33492972726668,0.9987444472650739,1.090481728513556,0.0,-56.07958237637381,-56.07958237637381,-56.07958237637381,-94.27203478566719,37.43148072273913,phase,-20.78919849889664,dither_fold,1.003127923720044,-62.71680272049261,-20.78919849889664,-0.44688286223917756,-0.528414705775818,287.42857142857144,-24.94930425979462,5.837533260159656,-8.062538562359302,3.3630316734084746,-1.6316509239799506,-8.418099273135894,1.7366630735146782,-1.69071416497274,-8.062538562359302,3.3630316734084746,-1.6316509239799506,-8.418099273135894,1.7366630735146782,-1.69071416497274,-13.311350075109008,-13.046507450858375,0.21470123352645487,-8.062538562359302,3.3630316734084746,-1.6316509239799506,-8.062538562359302,3.3630316734084746,-1.6316509239799506,nan,-13.311350075109008,nan,-13.046507450858375,False,16.05062416997228,0805b48247f86f1b,,-4.433008856053991,-4.428219480447894,0.0031279237200438903,dither_mag,-56.07958237637381,13,-5.000757643820425,-6.971104352374603,0.995840294364363,1.0050810148185312,0.0,,,,,,,
173,176460,0,8,8176,-1.8747447288077372,-0.14630191856800442,256.6174771265408,256.5911976553495,0.9998975928238187,1.27478320134067,0.0,-86.7826571729393,-86.7826571729393,-86.7826571729393,-243.2393723392635,38.600991296726164,phase,-20.405398959817333,dither_fold,1.0038658201568589,-52.57748422843374,-20.405398959817333,-0.36863347670569424,-0.4369842062026581,284.6875,-25.515991089390766,6.937521863474053,-6.769281000694244,4.657544071442715,-1.4168240864940604,-7.393989507326663,4.283436910567814,-1.5205962636755257,-6.769281000694244,4.657544071442716,-1.4168240864940604,-7.39398950732666,4.283436910567815,-1.520596263675525,-13.72373709977063,-13.522937238481061,0.1850935648678298,-6.769281000694244,4.657544071442715,-1.4168240864940604,-6.769281000694244,4.657544071442716,-1.4168240864940604,nan,-13.72373709977063,nan,-13.522937238481061,False,14.96325661390477,2f09b55a7a9fac98,,-1.8747447288077372,-0.14630191856800442,0.003865820156858879,dither_mag,-86.7826571729393,14,-5.659659135149946,-7.022051162376826,0.996513998773882,1.0044036773552365,0.0,,,,,,,
174,177480,0,8,1578,-4.491296097735736,-7.34347869869048,259.44570201834506,257.8194963001634,0.9937319997767137,1.1277525659006788,0.0,-105.07566407355368,-105.07566407355368,-105.07566407355368,-156.91654300237283,40.55214443397131,phase,-22.86870827604602,dither_fold,0.9878125452796703,-62.33192170248904,-22.86870827604602,-0.43576665461180997,-0.5167981528250457,285.75,-24.71888454521611,5.393260753875988,-7.706749412692795,4.296198211354118,-1.572549736327707,-8.296847935953153,4.931651791979857,-1.670572746836072,-7.706749412692794,4.296198211354121,-1.5725497363277068,-8.296847935953151,4.931651791979857,-1.6705727468360716,-15.973601220833785,-15.656324497762945,1.6784117765110693,-7.706749412692795,4.296198211354118,-1.572549736327707,-7.706749412692794,4.296198211354121,-1.5725497363277068,nan,-15.973601220833785,nan,-15.656324497762945,False,19.417574170028317,cafdc4c70b98a853,,-4.491296097735736,-7.34347869869048,-0.012187454720329671,dither_mag,-105.07566407355368,15,-7.2371117711808,-9.5809999222116,0.9943886291571915,1.0065723041554417,0.0,,,,,,,
175,178500,0,8,3236,10.146521253034862,8.503187223104145,256.42202605706245,256.340341213344,0.9996814437317476,1.1647919469336283,0.0,84.11110266593903,84.11110266593903,84.11110266593903,-158.97710470385746,38.505282624083925,phase,-20.684893681232356,dither_fold,0.9919668081171101,-55.1666422895176,-20.684893681232356,-0.4064656201351296,-0.4781822551115025,285.75,-25.22086359195174,6.719664375299912,-7.658180743859505,4.490036235382128,-1.5644818511394527,-8.469020949130234,3.8622187735678386,-1.6991729151379127,-7.658180743859505,4.490036235382128,-1.5644818511394527,-8.469020949130233,3.8622187735678395,-1.6991729151379125,-16.1973537652089,-15.815561860548534,-0.08048017155864073,-7.658180743859505,4.490036235382128,-1.5644818511394527,-7.658180743859505,4.490036235382128,-1.5644818511394527,nan,-16.1973537652089,nan,-15.815561860548534,False,14.477737636212002,db4804b10efd7c87,,10.146521253034862,8.503187223104145,-0.008033191882889867,dither_mag,84.11110266593903,16,-3.6657893179341827,-6.624316616104204,0.9929907090909593,1.0079988115440917,0.0,,,,,,,
176,179520,0,8,6206,-5.793317002170584,-5.481682387925803,256.0191142070616,257.564535753035,1.0060363522104974,1.1191525384151466,0.0,3.1691111046429317,3.1691111046429317,3.1691111046429317,-96.74966061537815,30.536155570449328,phase,-17.65225785655757,dither_fold,1.0100384709586427,-52.90279560574036,-17.65225785655757,-0.4310184429072782,-0.49979207719474067,284.1875,-25.816803970975624,6.198339741241767,-7.12177972935561,4.911655360954035,-1.4753786925839885,-7.782367020173378,1.315852905805177,-1.5851108006932524,-7.12177972935561,4.911655360954034,-1.4753786925839885,-7.78236702017338,1.3158529058051762,-1.5851108006932526,-14.810517501557454,-14.242947154218868,0.9760993316012705,-7.12177972935561,4.911655360954035,-1.4753786925839885,-7.12177972935561,4.911655360954034,-1.4753786925839885,nan,-14.810517501557454,nan,-14.242947154218868,False,16.16852297612718,bd9d3f1c7a1bb7ee,,-5.793317002170584,-5.481682387925803,0.010038470958642742,dither_mag,3.1691111046429317,17,-5.707763056657218,-8.527680800467738,0.9947351280601564,1.0062456266504263,0.0,,,,,,,
177,180540,0,8,7042,3.6882421589806302,4.304397597677163,254.62126229549304,254.6925723606342,1.0002800632771132,0.9204642782881334,0.0,-86.37793012487502,-86.37793012487502,-86.37793012487502,-104.23854105383185,34.73084732000826,phase,-19.920419304791935,dither_fold,1.0065085006148777,-58.02453580963894,-19.920419304791935,-0.43459272833934276,-0.5100246248918734,284.5625,-25.413847071091826,6.536313358822743,-7.236013590958036,4.482313657904426,-1.494354417102664,-8.145419770058865,1.8121730030494232,-1.645418566454961,-7.236013590958036,4.482313657904426,-1.494354417102664,-8.145419770058869,1.8121730030494207,-1.6454185664549617,-11.842340716460091,-11.600429992482352,0.3553790931883194,-7.236013590958036,4.482313657904426,-1.494354417102664,-7.236013590958036,4.482313657904426,-1.494354417102664,nan,-11.842340716460091,nan,-11.600429992482352,False,15.543869709272235,0ffa2f6c7616f452,,3.6882421589806302,4.304397597677163,0.0065085006148777325,dither_mag,-86.37793012487502,18,-4.4100459868271935,-7.030492520304028,0.9958681190438649,1.0051069365169003,0.0,,,,,,,
178,181560,0,8,770,3.2299780629140478,2.593670931787551,260.4785598003065,259.2610588994049,0.995325907430404,1.0229203489326892,0.0,-123.22209430924356,-123.22209430924356,-123.22209430924356,-131.41172306691908,41.084461563481064,phase,-23.399623161783566,dither_fold,1.001848545572634,-62.05951331431557,-23.399623161783566,-0.3911646452005932,-0.47184201250920343,284.5625,-24.644448714129577,7.092762857198869,-6.637960121092831,4.927151252287282,-1.395009986892497,-7.44669455636619,5.246740912369483,-1.5293512552103308,-6.6379601210928305,4.927151252287281,-1.395009986892497,-7.446694556366187,5.246740912369487,-1.5293512552103303,-13.89249200713645,-13.704052613164016,0.06007478200610805,-6.637960121092831,4.927151252287282,-1.395009986892497,-6.6379601210928305,4.927151252287281,-1.395009986892497,nan,-13.89249200713645,nan,-13.704052613164016,False,16.41608573527073,9577767a872f4935,,3.2299780629140478,2.593670931787551,0.0018485455726340305,dither_mag,-123.22209430924356,19,-3.2748632247710043,-6.127320138197621,0.9961902778742824,1.0047823889118723,0.0,,,,,,,
179,182580,0,7,1742,-5.35465899772764,-6.202200017530011,257.94280848012215,256.51478878296905,0.9944638127127194,1.0538240789218773,0.0,-63.71917398955707,-63.71917398955707,-63.71917398955707,-83.08962096952716,39.67665232269888,phase,-18.5562429686337,dither_fold,0.9963340333580993,-56.14101436530508,-18.5562429686337,-0.4296523453003316,-0.5026356639752282,286.92857142857144,-25.519921651993865,5.492713046188339,-6.979878913440091,5.387989895177966,-1.4518071284784204,-7.829190435047609,1.2697915436518212,-1.5928887765859816,-6.979878913440092,5.387989895177965,-1.4518071284784209,-7.829190435047609,1.2697915436518212,-1.5928887765859816,-13.593409314283672,-13.363804956721134,-0.4978577382771405,-6.979878913440091,5.387989895177966,-1.4518071284784204,-6.979878913440092,5.387989895177965,-1.4518071284784209,nan,-13.593409314283672,nan,-13.363804956721134,False,18.347510265812808,7b56bc8494b433f7,,-5.35465899772764,-6.202200017530011,-0.0036659666419006642,dither_mag,-63.71917398955707,20,-5.15616109610115,-8.287758089828458,0.9955511778169396,1.005429373010015,0.0,20,-20.19848650982254,0.5410571354068697,-20.19848650982254,move+1:OK,1,33
180,183600,0,8,8102,-0.5082344220586188,1.2779926526279723,258.14576694915576,258.2441641229463,1.0003811690385376,1.0076045842961665,0.0,-114.16843027003277,-114.16843027003277,-114.16843027003277,-113.89213457648907,28.495763742374137,phase,-13.323427359861306,dither_fold,0.9954564283397468,-39.749484024275056,-13.323427359861306,-0.41452910715671415,-0.4662034363882717,287.25,-27.873502650203577,6.945139994067003,-7.481915076318061,4.362862384269905,-1.5352018399199439,-7.982150358353226,1.6812182559583424,-1.6182974017198053,-7.481915076318062,4.362862384269905,-1.5352018399199439,-7.982150358353223,1.6812182559583444,-1.6182974017198046,-13.888226530891789,-13.675484737613635,-0.580744622270934,-7.481915076318061,4.362862384269905,-1.5352018399199439,-7.481915076318062,4.362862384269905,-1.5352018399199439,nan,-13.888226530891789,nan,-13.675484737613635,False,15.635584926262522,6d4878cb4a2624a8,,-0.5082344220586188,1.2779926526279723,-0.0045435716602532095,dither_mag,-114.16843027003277,1,-5.334838045799084,-7.842876091721829,0.9947595901463139,1.0062324639823765,0.0,,,,,,,
181,184620,0,8,7134,2.2604300631129526,2.4832570405764613,257.8394693593943,257.7714040724822,0.9997360168050252,0.735735249209707,0.0,-102.04457709660547,-102.04457709660547,-102.04457709660547,-74.92929402948246,24.13342834842616,phase,-11.508198664428454,dither_fold,1.0033921999397073,-36.12492107257162,-11.508198664428454,-0.3718630607682757,-0.4188254581626188,285.625,-27.713650965421568,6.860303152679861,-7.032038473001638,3.3189872509475515,-1.4604715071431293,-7.436931183181096,3.4111535892298823,-1.5277294324221091,-7.032038473001636,3.3189872509475515,-1.460471507143129,-7.436931183181095,3.411153589229881,-1.527729432422109,-14.029854950566547,-13.741921333393973,-0.37691651050869535,-7.032038473001638,3.3189872509475515,-1.4604715071431293,-7.032038473001636,3.3189872509475515,-1.460471507143129,nan,-14.029854950566547,nan,-13.741921333393973,False,16.23831018194322,98ee01db21aa358e,,2.2604300631129526,2.4832570405764613,0.0033921999397072966,dither_mag,-102.04457709660547,2,-4.539519729769411,-6.979119459619186,0.9953501142451145,1.0056371486129976,0.0,,,,,,,
182,185640,0,8,78,-5.62171780722816,-4.923479346578411,256.9329460422372,256.8223122498118,0.9995694059709758,1.0005684532479993,0.0,-32.65808469001211,-32.65808469001211,-32.65808469001211,-33.16895464079615,18.59525210282773,phase,-7.447304500707708,dither_fold,0.996171515314852,-25.83685073830824,-7.447304500707708,-0.39163938808795123,-0.42522729404775195,286.75,-30.141538278131115,6.243143387867666,-6.684140284853692,4.930594606911565,-1.4026811104408128,-7.761672477726047,3.2569904971884527,-1.5816731690574832,-6.68414028485369,4.930594606911567,-1.4026811104408123,-7.761672477726048,3.256990497188452,-1.5816731690574832,-15.417841610383219,-15.364107753167708,-1.5723589706180197,-6.684140284853692,4.930594606911565,-1.4026811104408128,-6.68414028485369,4.930594606911567,-1.4026811104408123,nan,-15.417841610383219,nan,-15.364107753167708,False,15.264091590203561,c9c22b2c06c08e8c,,-5.62171780722816,-4.923479346578411,-0.0038284846851479593,dither_mag,-32.65808469001211,3,-6.5163128243501145,-8.692677648752467,0.9946832447780837,1.0063134996364318,0.0,,,,,,,
183,186660,0,8,3986,0.2648969042505864,-1.5671545053459304,259.734765622455,258.8927160025052,0.9967580403881175,1.4532582490640946,0.0,555.4576569596386,555.4576569596386,555.4576569596386,-146.9860438091274,23.066726208446845,phase,-17.764055124203356,dither_fold,0.9991773354872591,-41.09397882644869,-17.764055124203356,-0.3681163254756865,-0.4215384979500698,283.6875,-27.347667690576095,7.123286253342815,-6.546958255404649,5.179447154341851,-1.379893397907749,-7.6296223625191235,1.8110579823348085,-1.5597379339732764,-6.546958255404649,5.179447154341852,-1.379893397907749,-7.6296223625191235,1.8110579823348085,-1.5597379339732764,-15.662698786612914,-15.280035523715913,0.4326568371483068,-6.546958255404649,5.179447154341851,-1.379893397907749,-6.546958255404649,5.179447154341852,-1.379893397907749,nan,-15.662698786612914,nan,-15.280035523715913,False,17.775101650585444,5fc5b603938eedc0,,0.2648969042505864,-1.5671545053459304,-0.0008226645127409338,dither_mag,555.4576569596386,4,-6.423103335827575,-9.237740471689099,0.9945400439218767,1.0064584941391113,0.0,,,,,,,
184,187680,0,8,3140,3.8022293595318235,4.801887757229441,257.1019421561961,258.8972501771423,1.0069828644851524,0.934647731062094,0.0,29.42174905106097,29.42174905106097,29.42174905106097,-64.11188597749616,24.035356443149386,phase,-16.005796228567004,dither_fold,1.0058630114327534,-37.657115065190496,-16.005796228567004,-0.38976868481677374,-0.4387229344015214,285.375,-28.493572392675418,6.98599225984558,-6.951614748181524,4.293075765888739,-1.4471120844155358,-7.790158315690813,4.368187178147155,-1.586405035829039,-6.951614748181526,4.293075765888739,-1.447112084415536,-7.790158315690813,4.368187178147155,-1.586405035829039,-14.78616739565378,-14.392756555727921,-1.106874347969125,-6.951614748181524,4.293075765888739,-1.4471120844155358,-6.951614748181526,4.293075765888739,-1.447112084415536,nan,-14.78616739565378,nan,-14.392756555727921,False,14.999170473826041,2f43ed940a384063,,3.8022293595318235,4.801887757229441,0.005863011432753362,dither_mag,29.42174905106097,5,-5.0850171682879255,-7.567864639931246,0.9955604688602495,1.0054318597183547,0.0,,,,,,,
185,188700,0,8,4702,2.511318374768768,2.518973429198697,256.9189508378517,256.7348526433057,0.9992834386332904,1.2028481727918798,0.0,-47.77358705782327,-47.77358705782327,-47.77358705782327,-170.77694250431588,23.296076519835598,phase,-12.768993096337512,dither_fold,1.0004674883143938,-39.686370581101805,-12.768993096337512,-0.4413528463915262,-0.49294512814695857,284.5625,-28.28910079793269,6.76955511964089,-7.358242393482181,4.976512600320194,-1.5146582048973722,-8.482688753165457,4.849044589653251,-1.7014433144793117,-7.358242393482179,4.976512600320194,-1.514658204897372,-8.482688753165457,4.849044589653249,-1.7014433144793117,-14.138936540543563,-13.72982625643001,-0.6622382277133432,-7.358242393482181,4.976512600320194,-1.5146582048973722,-7.358242393482179,4.976512600320194,-1.514658204897372,nan,-14.138936540543563,nan,-13.72982625643001,False,17.355054148010353,639d3cef4f71c8b8,,2.511318374768768,2.518973429198697,0.00046748831439380467,dither_mag,-47.77358705782327,6,-4.202136159387147,-6.6909870159553035,0.9956419161152058,1.0053496433156281,0.0,,,,,,,
186,189720,0,8,650,-0.04765524598042248,1.61625405639907,255.86341849897622,256.38835397133136,1.002051623774257,1.006680182664277,0.0,46.7900770765166,46.7900770765166,46.7900770765166,-49.64239343223962,29.730334992338094,phase,-19.072430617947873,dither_fold,1.0046981002979634,-46.22550466604835,-19.072430617947873,-0.4231259925574116,-0.4832191486232745,284.375,-27.591345183812575,6.661843782762736,-7.1443292878686435,4.284346968542906,-1.4791244664233627,-8.061760067589976,4.160001743676193,-1.6315216059119562,-7.144329287868645,4.284346968542904,-1.4791244664233631,-8.061760067589974,4.160001743676194,-1.631521605911956,-13.92083801246554,-13.606109646955177,-1.6599825469866172,-7.1443292878686435,4.284346968542906,-1.4791244664233627,-7.144329287868645,4.284346968542904,-1.4791244664233631,nan,-13.92083801246554,nan,-13.606109646955177,False,15.367045537149842,eb519c05b09138ae,,-0.04765524598042248,1.61625405639907,0.004698100297963359,dither_mag,46.7900770765166,7,-4.218888503601649,-6.128308227037609,0.9964605005921898,1.0045269425908552,0.0,,,,,,,
187,190740,0,8,1286,6.263307451465369,5.385913403907493,260.5967162056177,258.57437544086116,0.9922395769440131,1.0903119924535216,0.0,31.50350314580378,31.50350314580378,31.50350314580378,-74.02667819688851,25.93711122225378,phase,-14.526480295611734,dither_fold,0.9837030024683063,-36.19780445116896,-14.526480295611734,-0.37389744708889855,-0.4209545928754182,285.5625,-27.90442974324006,7.273234247144894,-6.217411063062528,3.4342181874094964,-1.3251513393791574,-6.799455163075921,2.810744918509807,-1.421836405826565,-6.217411063062524,3.434218187409499,-1.325151339379157,-6.799455163075921,2.8107449185098075,-1.421836405826565,-18.45631676026407,-18.25105255241535,1.1508032888796627,-6.217411063062528,3.4342181874094964,-1.3251513393791574,-6.217411063062524,3.434218187409499,-1.325151339379157,nan,-18.45631676026407,nan,-18.25105255241535,False,17.815525667696253,0ebc9e2f5ea70e62,,6.263307451465369,5.385913403907493,-0.01629699753169367,dither_mag,31.50350314580378,8,-2.018944194007747,-4.251733680907776,0.9936186205864381,1.0074392904092495,0.0,,,,,,,
188,191760,0,8,8102,-2.183697971715147,-3.574662902689325,257.7349075831546,257.19775718560135,0.9979158803027877,1.2038703300112936,0.0,-113.78951075605232,-113.78951075605232,-113.78951075605232,-210.76735151622853,25.845965578726787,phase,-18.723063094560036,dither_fold,0.9960743167257154,-39.595626611350035,-18.723063094560036,-0.39341012880202525,-0.4448844433967803,287.1875,-28.380950044334533,7.037540446490028,-6.9060268990485625,4.419147864440442,-1.4395393520014224,-7.787380414524453,3.9376635308354513,-1.585943590452567,-6.906026899048564,4.419147864440442,-1.4395393520014228,-7.787380414524452,3.937663530835453,-1.585943590452567,-16.476649691425372,-16.510163863011993,1.0752576905297293,-6.9060268990485625,4.419147864440442,-1.4395393520014224,-6.906026899048564,4.419147864440442,-1.4395393520014228,nan,-16.476649691425372,nan,-16.510163863011993,False,15.72088183281311,38d5ca89c6063943,,-2.183697971715147,-3.574662902689325,-0.003925683274284553,dither_mag,-113.78951075605232,9,-2.7881470594383604,-5.4936268925900595,0.9929360099864637,1.0081341234287504,0.0,,,,,,,
189,192780,0,8,4142,-7.094712749411325,-7.2313861649582805,256.07283718154883,257.27170895335956,1.0046817608029264,1.4700034338656558,0.0,-191.98845124447976,-191.98845124447976,-191.98845124447976,-441.3406234427469,25.16879121087992,phase,-16.407312925286178,dither_fold,1.008843650784132,-35.77731840139218,-16.407312925286178,-0.3940738977282376,-0.4405844116500474,284.75,-29.146836368901074,6.309650088372641,-6.921322701124961,4.432550096626079,-1.4420801829111232,-7.646156110805018,4.4880617460158,-1.562484403788209,-6.921322701124961,4.432550096626079,-1.4420801829111232,-7.6461561108050216,4.4880617460157985,-1.5624844037882097,-14.994264495929176,-15.089996800396495,-0.0430762715651678,-6.921322701124961,4.432550096626079,-1.4420801829111232,-6.921322701124961,4.432550096626079,-1.4420801829111232,nan,-14.994264495929176,nan,-15.089996800396495,False,16.234784222577186,fb37cb1c37318272,,-7.094712749411325,-7.2313861649582805,0.008843650784132073,dither_mag,-191.98845124447976,10,-5.288962255301602,-8.004190813516871,0.9944727163680429,1.00658757300764,0.0,,,,,,,
190,193800,0,8,914,-0.8935712717294262,-0.1216050258190915,255.9154603608816,256.3103563225019,1.001543071923296,1.1787432345059548,0.0,-71.11948097688527,-71.11948097688527,-71.11948097688527,-161.99723670268102,22.896970633902598,phase,-10.619738147362023,dither_fold,0.99774642515582,-37.26940356128997,-10.619738147362023,-0.4434284139006099,-0.49187863853028685,287.6875,-28.413188357336434,6.207814878134739,-7.9772107554597715,4.539063301108232,-1.617476869677703,-8.105055847926504,0.9488534041115788,-1.6387135960010806,-7.977210755459774,4.53906330110823,-1.6174768696777035,-8.105055847926504,0.9488534041115795,-1.6387135960010806,-16.539954321844903,-16.01306349151551,-0.6518640616414948,-7.9772107554597715,4.539063301108232,-1.617476869677703,-7.977210755459774,4.53906330110823,-1.6174768696777035,nan,-16.539954321844903,nan,-16.01306349151551,False,17.18422215417719,59c2c6d9026b204d,,-0.8935712717294262,-0.1216050258190915,-0.002253574844179984,dither_mag,-71.11948097688527,11,-5.60345046594604,-8.04647402878597,0.9940805205960976,1.0069854432137015,0.0,,,,,,,
191,194820,0,8,8214,-0.47704221063751984,-2.437098756118837,256.22660224931,256.0737644168069,0.9994035052131145,1.1138233922436112,0.0,-72.90581032962623,-72.90581032962623,-72.90581032962623,-120.33639373250942,21.881952956748734,phase,-16.156707441098625,dither_fold,1.0031601459696513,-39.75432749086931,-16.156707441098625,-0.3916567555908412,-0.44333738132897127,285.5,-28.010509403771092,6.713699937291395,-6.934392329949102,4.259258918294215,-1.4442512175995186,-7.436305108508723,4.1863023330303735,-1.5276254333070969,-6.934392329949103,4.259258918294212,-1.444251217599519,-7.436305108508725,4.186302333030371,-1.527625433307097,-17.306097870567257,-17.311690346637644,1.1883858177661937,-6.934392329949102,4.259258918294215,-1.4442512175995186,-6.934392329949103,4.259258918294212,-1.444251217599519,nan,-17.306097870567257,nan,-17.311690346637644,False,14.975918568041457,c9982f704036098e,,-0.47704221063751984,-2.437098756118837,0.003160145969651307,dither_mag,-72.90581032962623,12,-5.771409469531596,-8.893541452044216,0.994630272517465,1.0064303088461088,0.0,,,,,,,
192,195840,0,8,258,-0.9401814235855492,-2.438706658125284,256.86296490292773,256.7046244976496,0.9993835607817656,0.9352108846287903,0.0,-93.50478898532766,-93.50478898532766,-93.50478898532766,-91.10156228469522,30.38153530446504,phase,-18.62913624840067,dither_fold,1.0067824035492507,-40.9388439560294,-18.62913624840067,-0.41505632303585394,-0.46827682017869215,283.875,-28.651208994250297,6.715122863585629,-7.116240659896357,4.403895025500687,-1.4744585813781326,-8.19933462716268,4.191246342973936,-1.6543745227844984,-7.116240659896356,4.40389502550069,-1.4744585813781323,-8.19933462716268,4.191246342973935,-1.6543745227844984,-18.243496759244813,-17.808012729391077,0.8034572829654295,-7.116240659896357,4.403895025500687,-1.4744585813781326,-7.116240659896356,4.40389502550069,-1.4744585813781323,nan,-18.243496759244813,nan,-17.808012729391077,False,16.8404033894394,a9ff4346fe470fc3,,-0.9401814235855492,-2.438706658125284,0.006782403549250748,dither_mag,-93.50478898532766,13,-6.10224948852887,-9.74163527716208,0.9958108196983051,1.0052438033181246,0.0,,,,,,,
193,196860,0,8,6986,2.9025390773871536,3.3842892503993802,257.47291220021555,258.04023496802307,1.0022034270050373,0.8351120043276111,0.0,-115.87366369121034,-115.87366369121034,-115.87366369121034,-165.13177902502332,21.184822505761694,phase,-10.073765187530938,dither_fold,1.0084540258968024,-27.22360172463988,-10.073765187530938,-0.3754331547921578,-0.4108238370341896,284.5,-30.41893009079621,6.919359416112657,-6.691607497034369,4.5773625238279845,-1.4039215111352772,-6.791802886285271,4.276857443936627,-1.4205652635025368,-6.6916074970343695,4.5773625238279845,-1.4039215111352776,-6.791802886285271,4.276857443936626,-1.4205652635025368,-12.8982507158893,-12.899558670022017,-0.4275356009268183,-6.691607497034369,4.5773625238279845,-1.4039215111352772,-6.6916074970343695,4.5773625238279845,-1.4039215111352776,nan,-12.8982507158893,nan,-12.899558670022017,False,15.784539170131495,a35e1d41fea65218,,2.9025390773871536,3.3842892503993802,0.008454025896802442,dither_mag,-115.87366369121034,14,-5.082087167543764,-8.563312930155352,0.997284076528463,1.0037690583497543,0.0,,,,,,,
194,197880,0,7,6054,-1.2894013801479247,0.3772293910177027,259.61488657707855,257.54574756748406,0.9920299677846857,1.1503643534021575,0.0,4.7850817778678945,4.7850817778678945,4.7850817778678945,-120.12991916855088,24.98354970886164,phase,-12.086907299634264,dither_fold,0.996106479016555,-38.982135811400084,-12.086907299634264,-0.4243565437144968,-0.47503332026931694,282.8571428571429,-28.090004530044922,6.948988033605598,-6.643579057798589,5.072049326730862,-1.3959433650828224,-7.211307400924989,2.113892647042613,-1.490250398824749,-6.643579057798591,5.072049326730862,-1.3959433650828226,-7.21130740092499,2.1138926470426105,-1.4902503988247493,-15.653467791592163,-15.634435648388472,-2.119326531667491,-6.643579057798589,5.072049326730862,-1.3959433650828224,-6.643579057798591,5.072049326730862,-1.3959433650828226,nan,-15.653467791592163,nan,-15.634435648388472,False,17.839235670488666,33e4830dafeb4aa7,,-1.2894013801479247,0.3772293910177027,-0.0038935209834449758,dither_mag,4.7850817778678945,15,-5.534606658903449,-8.431778404600978,0.9966045608947396,1.0044556659518233,0.0,,,,,,,
195,198900,0,8,1686,-7.107843532311771,-11.78717500414341,258.1292745486582,258.9710645347025,1.0032611178546726,0.9762597373353348,0.0,-65.52174976568283,-65.52174976568283,-65.52174976568283,-63.64541484121494,23.876079621261493,phase,-11.974291222786192,dither_fold,0.9988220461583596,-34.28707291025034,-11.974291222786192,-0.4081923190262821,-0.45276551380960756,285.8125,-28.32826727505295,4.737148590104191,-7.07395413466235,4.277196139308062,-1.4674342416382644,-7.703689774318816,3.71681420870427,-1.572041490750634,-7.07395413466235,4.277196139308062,-1.4674342416382644,-7.703689774318817,3.7168142087042693,-1.5720414907506342,-14.377108261976737,-14.27991828008626,1.9238923128666006,-7.07395413466235,4.277196139308062,-1.4674342416382644,-7.07395413466235,4.277196139308062,-1.4674342416382644,nan,-14.377108261976737,nan,-14.27991828008626,False,19.53741953223697,fd880340b075929e,,-7.107843532311771,-11.78717500414341,-0.0011779538416404334,dither_mag,-65.52174976568283,16,-8.030827661620567,-12.538989296323964,0.9963991189147967,1.004662970568925,0.0,,,,,,,
196,199920,0,8,3102,-3.340433697451476,-3.5441268260972723,257.1281488684305,255.50982662658583,0.9937061646149339,1.1032833436516682,0.0,-26.68174592916634,-26.68174592916634,-26.68174592916634,-89.97975426881129,25.688699661860195,phase,-9.27360368467327,dither_fold,1.0052505763514694,-33.930287803215066,-9.27360368467327,-0.37142759516447765,-0.41553696930865724,284.3125,-27.92307591830063,5.741331293204631,-6.448755425149592,5.342544036382796,-1.363580635406909,-7.170170566320564,4.25559942676916,-1.4834170375947782,-6.44875542514959,5.342544036382798,-1.3635806354069089,-7.170170566320564,4.25559942676916,-1.4834170375947782,-13.893315591175304,-13.767435601154595,-2.0931725208192695,-6.448755425149592,5.342544036382796,-1.363580635406909,-6.44875542514959,5.342544036382798,-1.3635806354069089,nan,-13.893315591175304,nan,-13.767435601154595,False,15.015552253498138,ab42b51f3ec2ebed,,-3.340433697451476,-3.5441268260972723,0.005250576351469416,dither_mag,-26.68174592916634,17,-9.20420464672004,-13.773676375943909,0.9973146611036167,1.0037446568094024,0.0,,,,,,,
197,200940,0,7,2530,3.091713327485267,6.213523752837633,258.41874245086734,257.3372076409575,0.9958147973337674,1.149862093296905,0.0,96.95106190644707,96.95106190644707,96.95106190644707,-153.9624051648445,21.666530245838363,phase,-15.514740239123515,dither_fold,1.009550036649806,-39.76799297304507,-15.514740239123515,-0.3909546583978023,-0.4426530492627609,284.14285714285717,-27.94781550119695,6.3691928800169055,-6.499346553419891,5.0048895134285845,-1.3719844773122745,-7.1426984865991585,2.4622753340418355,-1.4788535692025182,-6.499346553419889,5.0048895134285845,-1.371984477312274,-7.142698486599159,2.4622753340418355,-1.4788535692025184,-14.568008004002122,-14.485139581466806,-1.9005562105940532,-6.499346553419891,5.0048895134285845,-1.3719844773122745,-6.499346553419889,5.0048895134285845,-1.371984477312274,nan,-14.568008004002122,nan,-14.485139581466806,False,16.892065413810297,5c80b7ae896ab6c5,,3.091713327485267,6.213523752837633,0.009550036649806026,dither_mag,96.95106190644707,18,-8.11919135370136,-11.607056311030204,0.998981429627479,1.0020830108933736,0.0,,,,,,,
198,201960,0,8,4938,13.688567701359744,14.094688004212287,257.8687175811878,254.63713011368483,0.9874680903608033,1.1651250373606266,0.0,7.884091386406793,7.884091386406793,7.884091386406793,-125.33003602977496,30.57856817161377,phase,-11.184530422580565,dither_fold,0.9947371698948206,-37.47273181123095,-11.184530422580565,-0.3949571466002705,-0.4436716979548707,285.625,-27.707725701470594,6.881040846287246,-7.175701186090574,3.913450551069824,-1.48433574519777,-7.501468307588029,4.2648989538253606,-1.5384498849814001,-7.1757011860905715,3.9134505510698245,-1.4843357451977697,-7.501468307588029,4.264898953825361,-1.5384498849814001,-17.891264785527948,-17.79223536381547,-0.8593412365754034,-7.175701186090574,3.913450551069824,-1.48433574519777,-7.1757011860905715,3.9134505510698245,-1.4843357451977697,nan,-17.891264785527948,nan,-17.79223536381547,False,16.2672200451876,8c3639286da1c9cb,,13.688567701359744,14.094688004212287,-0.005262830105179361,dither_mag,7.884091386406793,19,-3.3233077132392177,-6.684169935502968,0.9980613724575663,1.0030108074405568,0.0,,,,,,,
199,202980,0,8,7314,-0.525671226587273,0.05098966138968608,257.52153323955775,256.28270315601577,0.9951894116660545,1.1668619498103654,0.0,27.292300573156087,27.292300573156087,27.292300573156087,-135.1217824949414,26.73432809660908,phase,-14.8625228037255,dither_fold,0.9882320339389781,-40.5131252845632,-14.8625228037255,-0.3898341596261391,-0.44250122249607127,286.375,-27.507199384236305,6.806737393539035,-7.155435171766244,4.309410065165983,-1.4809692976355888,-7.22640081881552,4.850179634696163,-1.4927576110989238,-7.155435171766243,4.309410065165984,-1.4809692976355886,-7.22640081881552,4.850179634696162,-1.4927576110989238,-15.897840682161888,-15.813854968760651,-0.39337624623078327,-7.155435171766244,4.309410065165983,-1.4809692976355888,-7.155435171766243,4.309410065165984,-1.4809692976355886,nan,-15.897840682161888,nan,-15.813854968760651,False,16.782128449033454,195b1418b33b9d88,,-0.525671226587273,0.05098966138968608,-0.011767966061021928,dither_mag,27.292300573156087,20,-3.507650013605489,-6.666377124743601,0.9960059707949342,1.005100999246429,0.0,20,-13.896150230221338,0.7560182100468194,-13.896150230221338,move+1:OK,1,34
200,204000,0,8,366,-6.964422336336819,-7.83170297133797,257.2105992724521,257.07707021694705,0.9994808571035457,0.9917141235031051,0.0,146.44969761234523,146.44969761234523,146.44969761234523,-145.09463212988877,16.229839793039467,phase,-6.20694065961006,dither_fold,1.0047233314144226,-16.462559244280197,-6.20694065961006,-0.38505074312409304,-0.4064520701416573,283.875,-33.72693148523728,6.771505394983114,-7.399434705562456,3.5024219411765545,-1.521500781654893,-7.167890759725417,4.185054576292745,-1.4830383321803018,-7.399434705562454,3.5024219411765554,-1.5215007816548929,-7.167890759725417,4.185054576292745,-1.4830383321803018,-18.26973132885666,-17.856851697141792,-0.7536268355900497,-7.399434705562456,3.5024219411765545,-1.521500781654893,-7.399434705562454,3.5024219411765554,-1.5215007816548929,nan,-18.26973132885666,nan,-17.856851697141792,False,16.22922288148639,ae2fcb4dcdf218d2,,-6.964422336336819,-7.83170297133797,0.004723331414422605,dither_mag,146.44969761234523,1,-5.9549725088435705,-9.393561797750012,0.9968292523958258,1.004274105542665,0.0,,,,,,,
201,205020,0,8,4970,0.7442717711333179,0.9392257295800828,256.1288633065265,253.74781448353994,0.9907037075312476,1.0203414034818648,0.0,-61.045985651814156,-61.045985651814156,-61.045985651814156,-75.12687808715988,14.851304855536199,phase,-8.743432620267393,dither_fold,0.987432699697695,-22.36779249816301,-8.743432620267393,-0.41736195365529305,-0.44644008390290496,287.0625,-29.667318248460933,5.560391462598648,-7.173240823157043,4.253189244267271,-1.4839270470360537,-6.9788175861643245,5.267317884320636,-1.4516308282664994,-7.173240823157042,4.253189244267271,-1.4839270470360537,-6.978817586164324,5.2673178843206365,-1.451630828266499,-14.421681292740425,-14.241769008334552,0.5382065242928133,-7.173240823157043,4.253189244267271,-1.4839270470360537,-7.173240823157042,4.253189244267271,-1.4839270470360537,nan,-14.421681292740425,nan,-14.241769008334552,False,16.296750832293192,c9545db73bb82b48,,0.7442717711333179,0.9392257295800828,-0.012567300302305018,dither_mag,-61.045985651814156,2,-5.693648797414983,-9.06623183520418,0.9946369481969541,1.0065108934249767,0.0,,,,,,,
202,206040,0,8,2738,-1.796663647511048,-0.9398478298004367,257.0242694932446,257.495881549762,1.001834893091797,1.1758218269423797,0.0,36.91026869590177,36.91026869590177,36.91026869590177,-147.74853517522422,13.488374957753527,phase,-9.308210106836235,dither_fold,0.9963956831711066,-22.259261361045017,-9.308210106836235,-0.3939600078814501,-0.4228970476508086,285.0,-30.825717250175956,6.373441068788681,-7.042680428357777,2.7323372228060117,-1.4622392738135843,-7.467564003338778,4.279270040647598,-1.5328179407539497,-7.042680428357776,2.732337222806012,-1.4622392738135843,-7.467564003338775,4.279270040647598,-1.5328179407539495,-17.988779904829187,-17.7078971191698,-1.390320988769776,-7.042680428357777,2.7323372228060117,-1.4622392738135843,-7.042680428357776,2.732337222806012,-1.4622392738135843,nan,-17.988779904829187,nan,-17.7078971191698,False,16.249929242857313,d78da8f65cf636c8,,-1.796663647511048,-0.9398478298004367,-0.0036043168288933947,dither_mag,36.91026869590177,3,-6.3258717183197355,-9.393050692882715,0.9940095755260248,1.0071480521735132,0.0,,,,,,,
203,207060,0,8,354,1.5250145121635512,1.2351502832201884,255.50629811484993,256.8723634654042,1.0053465036307645,0.9348527307818547,0.0,-73.32895011225523,-73.32895011225523,-73.32895011225523,-82.81769233400227,13.399374487534923,phase,-9.431895484930534,dither_fold,1.007815629194432,-23.95611401232409,-9.431895484930534,-0.44103631824474965,-0.47217926646077096,285.6875,-31.664340268897895,6.775272980943888,-8.028296202613793,1.5507443440153024,-1.6259628243544508,-7.909128951930416,3.932072398129482,-1.6061675999884413,-8.028296202613793,1.5507443440153024,-1.6259628243544508,-7.909128951930419,3.9320723981294803,-1.606167599988442,-15.207437527273806,-14.873319743798605,0.9671432596880924,-8.028296202613793,1.5507443440153024,-1.6259628243544508,-8.028296202613793,1.5507443440153024,-1.6259628243544508,nan,-15.207437527273806,nan,-14.873319743798605,False,16.048933497743036,96c5072fca892656,,1.5250145121635512,1.2351502832201884,0.007815629194432017,dither_mag,-73.32895011225523,4,-5.788899950241161,-8.963816283707104,0.9953691173211793,1.0057812230521535,0.0,,,,,,,
204,208080,0,8,6882,-1.2718495286708502,0.6173648925562475,255.42615166942053,255.09357312633833,0.9986979463891675,1.0954795790143845,0.0,132.08299855791844,132.08299855791844,132.08299855791844,-227.42404256278036,15.764584947794981,phase,-10.766110056763084,dither_fold,0.9983511665716582,-25.61262944185183,-10.766110056763084,-0.40692698683177814,-0.4402234051061855,285.6875,-31.406835122829943,6.40271074239344,-7.45271077620845,4.137969424608975,-1.5303506272771512,-7.914939271410038,3.976624464388145,-1.6071327693372157,-7.452710776208451,4.137969424608975,-1.5303506272771517,-7.914939271410038,3.976624464388145,-1.6071327693372157,-16.558947375681715,-16.098850352901295,-0.48592137104114164,-7.45271077620845,4.137969424608975,-1.5303506272771512,-7.452710776208451,4.137969424608975,-1.5303506272771517,nan,-16.558947375681715,nan,-16.098850352901295,False,14.56796316155451,b87ed3886d42041c,,-1.2718495286708502,0.6173648925562475,-0.0016488334283417672,dither_mag,132.08299855791844,5,-6.236118300990093,-8.74898058440962,0.995081907693198,1.0060719163548675,0.0,,,,,,,
205,209100,0,8,806,-0.9093871444567033,0.7870640624147427,252.9636601533891,254.80173055226845,1.0072661440689339,1.0915770959036943,0.0,-47.28500373764385,-47.28500373764385,-47.28500373764385,-84.12722182271195,12.252310606218984,phase,-9.879794186543743,dither_fold,0.9932241230606493,-21.760264494307723,-9.879794186543743,-0.45467644865249957,-0.4829647924950996,284.875,-32.62365461062422,6.195262338277196,-7.262473207503739,2.224770726784702,-1.498749702243146,-7.899730448368612,1.6932093064592042,-1.604606386772195,-7.262473207503739,2.2247707267847003,-1.498749702243146,-7.8997304483686115,1.693209306459206,-1.6046063867721947,-14.976552157033955,-14.86752828227582,0.043391621198170194,-7.262473207503739,2.224770726784702,-1.498749702243146,-7.262473207503739,2.2247707267847003,-1.498749702243146,nan,-14.976552157033955,nan,-14.86752828227582,False,16.153643141570072,944313cd42d12ca3,,-0.9093871444567033,0.7870640624147427,-0.006775876939350667,dither_mag,-47.28500373764385,6,-6.5559768956435684,-8.475170713199585,0.993901960996755,1.007273033388112,0.0,,,,,,,
206,210120,0,7,6422,5.5717914298826585,5.6409009417758185,256.18249547390764,257.75579925273837,1.0061413398910035,0.9638962143258893,0.0,3.5521820095401857,3.5521820095401857,3.5521820095401857,-35.06046249294075,17.96776063618525,phase,-10.180878502381162,dither_fold,0.9998939131728883,-20.34315518964504,-10.180878502381162,-0.38228144050871304,-0.4087275422552516,284.5714285714286,-32.53967445886175,6.677070921660359,-7.146538866712726,3.6567768244841394,-1.4794915060984595,-6.803824059963684,4.421524232037308,-1.422562136206592,-7.146538866712724,3.6567768244841403,-1.4794915060984593,-6.803824059963686,4.421524232037307,-1.4225621362065926,-16.820492985458845,-16.698336364129773,0.7015710213352806,-7.146538866712726,3.6567768244841394,-1.4794915060984595,-7.146538866712724,3.6567768244841403,-1.4794915060984593,nan,-16.820492985458845,nan,-16.698336364129773,False,15.572635955927046,8966e5470dcdf84b,,5.5717914298826585,5.6409009417758185,-0.00010608682711166217,dither_mag,3.5521820095401857,7,-4.593884982168314,-6.515110963579728,0.9938835090132921,1.007291735592195,0.0,,,,,,,
207,211140,0,8,3154,4.863951578784903,5.0181034355052585,257.76273974095903,257.432161594436,0.9987175099595262,1.0585108876846188,0.0,-43.794698556037304,-43.794698556037304,-43.794698556037304,-65.77259860543968,12.911116194199115,phase,-5.337688000792528,dither_fold,0.998915457657526,-16.53337971510016,-5.337688000792528,-0.3868997091459446,-0.40839310277557483,284.875,-32.46827878639662,6.912346173243352,-6.731353181092889,4.730746115701763,-1.4105237842346992,-7.290973529200157,4.687888701166111,-1.5034839749501923,-6.731353181092887,4.730746115701764,-1.410523784234699,-7.290973529200155,4.687888701166114,-1.5034839749501918,-15.796311534837082,-16.066421013341582,0.4342859988514416,-6.731353181092889,4.730746115701763,-1.4105237842346992,-6.731353181092887,4.730746115701764,-1.410523784234699,nan,-15.796311534837082,nan,-16.066421013341582,False,15.037016046682124,cebc9cddbff93767,,4.863951578784903,5.0181034355052585,-0.0010845423424740153,dither_mag,-43.794698556037304,8,-2.8810252384094017,-4.771488792993492,0.9936948749822151,1.0074831220030944,0.0,,,,,,,
208,212160,0,8,5554,0.1301991079007413,-1.069790452583561,254.35014977518992,255.33670559557746,1.0038787310377426,1.0526077042511701,0.0,-61.752597578297184,-61.752597578297184,-61.752597578297184,-72.34035805552506,19.717127514400527,phase,-12.864324573611086,dither_fold,1.0047111404046485,-25.79638557704062,-12.864324573611086,-0.4221674901400595,-0.4557027913902123,286.1875,-30.831578045489458,6.175454492625059,-6.88462957808115,4.557684870428873,-1.4359849797476996,-7.422703751888831,4.038531881094487,-1.5253660717423307,-6.884629578081151,4.557684870428874,-1.4359849797476996,-7.422703751888831,4.038531881094487,-1.5253660717423307,-15.32795246059372,-14.994548265996103,1.0887739166351036,-6.88462957808115,4.557684870428873,-1.4359849797476996,-6.884629578081151,4.557684870428874,-1.4359849797476996,nan,-15.32795246059372,nan,-14.994548265996103,False,16.245539904374773,f4e62d0d073d0d14,,0.1301991079007413,-1.069790452583561,0.004711140404648484,dither_mag,-61.752597578297184,9,-2.8351664049661127,-5.143134382112449,0.9945141262954139,1.0066563977894036,0.0,,,,,,,
209,213180,0,8,7434,5.388774533066794,5.647142116079211,255.59802090951612,256.58084469771956,1.0038451932636496,0.9770384417570461,0.0,-100.33165834758749,-100.33165834758749,-100.33165834758749,-96.15440143818175,11.611913898128718,phase,-6.031224317618389,dither_fold,0.999037357756151,-17.018267650024335,-6.031224317618389,-0.43863312624529976,-0.4607568741903314,285.5625,-33.80687403231739,6.3435049395227185,-7.179549014619351,2.333844569681248,-1.4849749193719852,-7.1959508964487275,2.5488000781401055,-1.4876994844599218,-7.179549014619349,2.3338445696812484,-1.484974919371985,-7.195950896448728,2.5488000781401055,-1.4876994844599218,-16.946560105116603,-17.07623872685613,-0.3331751359469015,-7.179549014619351,2.333844569681248,-1.4849749193719852,-7.179549014619349,2.3338445696812484,-1.484974919371985,nan,-16.946560105116603,nan,-17.07623872685613,False,17.598943870987895,a415e796e8eef7b8,,5.388774533066794,5.647142116079211,-0.0009626422438490101,dither_mag,-100.33165834758749,10,-0.9386914965613096,-3.179704015039756,0.9943465880661504,1.0068261449405538,0.0,,,,,,,
210,214200,0,7,5258,-3.143436324218766,-4.123251068928021,255.051581975959,255.99431168896143,1.0036962315846027,1.0979251522206088,0.0,68.46832307375304,68.46832307375304,68.46832307375304,-107.80764175377145,9.746561960481106,phase,-7.740774284765895,dither_fold,0.9941125645225661,-18.990812936855153,-7.740774284765895,-0.46867084791671676,-0.49335890473462846,286.7142857142857,-32.67550832178023,5.801069910545595,-7.275305639858088,2.2140493677527955,-1.5008813355245993,-7.5766093979619695,1.6063520948832501,-1.5509317936813904,-7.275305639858088,2.2140493677527955,-1.5008813355245993,-7.5766093979619695,1.6063520948832501,-1.5509317936813904,-20.21243264263507,-19.851686940681923,0.8022806729648524,-7.275305639858088,2.2140493677527955,-1.5008813355245993,-7.275305639858088,2.2140493677527955,-1.5008813355245993,nan,-20.21243264263507,nan,-19.851686940681923,False,14.374602293817624,ba8b9135c80496c5,,-3.143436324218766,-4.123251068928021,-0.005887435477433867,dither_mag,68.46832307375304,11,-2.04514947276485,-4.613057609775831,0.9933221115747473,1.0078696225415347,0.0,,,,,,,
211,215220,0,8,4170,2.1639351409827325,2.8519931383947132,257.0051290929103,259.08111548440445,1.0080776068509654,1.1200612253328164,0.0,-14.239688488959011,-14.239688488959011,-14.239688488959011,-97.3075487125598,7.439681728166935,phase,-6.007052644380218,dither_fold,1.0112438849358907,-12.79598514397795,-6.007052644380218,-0.3962589754604014,-0.41289375614757273,282.5625,-35.92165165837589,6.808947143126456,-7.0153466182709145,4.778158047493958,-1.4576987737991554,-7.302164394374712,4.890720553731093,-1.5053429226536066,-7.0153466182709145,4.778158047493956,-1.4576987737991554,-7.302164394374709,4.890720553731093,-1.5053429226536064,-14.486527130839002,-14.12013682306891,0.5201834186142618,-7.0153466182709145,4.778158047493958,-1.4576987737991554,-7.0153466182709145,4.778158047493956,-1.4576987737991554,nan,-14.486527130839002,nan,-14.12013682306891,False,16.355554187108932,f220e1e92c6955d3,,2.1639351409827325,2.8519931383947132,0.01124388493589068,dither_mag,-14.239688488959011,12,-1.2826804906304843,-3.6226541130209586,0.9952766514919412,1.0059085083225676,0.0,,,,,,,
212,216240,0,7,3950,-7.108583845170866,-5.987515372191059,256.51253926753856,259.23197639128745,1.0106015757807167,1.0299798390747121,0.0,58.87255936694658,58.87255936694658,58.87255936694658,-77.08166424033772,12.397483534241083,phase,-5.829751858333399,dither_fold,1.0114609589682169,-17.250905365654607,-5.829751858333399,-0.3834130471903906,-0.4058392241657416,282.7142857142857,-32.99297366862805,6.4831298459177695,-7.198157425831456,3.8969783469992536,-1.488066017579976,-7.148968679348103,2.894039071519444,-1.479895129459818,-7.198157425831456,3.896978346999252,-1.488066017579976,-7.148968679348101,2.894039071519448,-1.4798951294598175,-16.039067996981803,-15.74976105162332,-0.9786282106198412,-7.198157425831456,3.8969783469992536,-1.488066017579976,-7.198157425831456,3.896978346999252,-1.488066017579976,nan,-16.039067996981803,nan,-15.74976105162332,False,16.243781381090994,52504ad90b49b493,,-7.108583845170866,-5.987515372191059,0.011460958968216861,dither_mag,58.87255936694658,13,-3.782492318909818,-5.705975173463623,0.9972728458432766,1.003913850687438,0.0,,,,,,,
213,217260,0,8,6358,-6.499733432926223,-8.577464863977198,258.7125151838366,258.0613841599216,0.9974831869905778,0.897275255856614,0.0,-23.504230678999374,-23.504230678999374,-23.504230678999374,-86.65202165220647,19.6274045353893,phase,-8.530091170985264,dither_fold,0.9908881718233041,-23.66025588052246,-8.530091170985264,-0.3774832356151197,-0.4082415682597989,286.625,-31.234463832021543,6.377952940344224,-6.762806956122381,5.3520242423127335,-1.4157486638077046,-7.245815582048718,5.051368995281606,-1.4959826548253687,-6.762806956122381,5.3520242423127335,-1.4157486638077046,-7.245815582048717,5.051368995281606,-1.4959826548253683,-14.299962759299099,-14.214046327492637,1.15480120492394,-6.762806956122381,5.3520242423127335,-1.4157486638077046,-6.762806956122381,5.3520242423127335,-1.4157486638077046,nan,-14.299962759299099,nan,-14.214046327492637,False,16.38964452961647,2920b919b444bc9d,,-6.499733432926223,-8.577464863977198,-0.009111828176695869,dither_mag,-23.504230678999374,14,-6.063620007291383,-8.696383862751352,0.9956826245503702,1.005529381970445,0.0,,,,,,,
214,218280,0,8,2970,2.8637027173817113,2.8369843718137577,256.453621788283,256.46382632513655,1.000039790964083,1.0654445129835377,0.0,-511.63543833828675,-511.63543833828675,-511.63543833828675,-518.5307887388514,7.874011941137674,phase,-2.9777946194403935,dither_fold,1.0017833178207163,-15.253789685662916,-2.9777946194403935,-0.42278228540267077,-0.44261221199403256,284.9375,-33.40137754092595,6.651686460846453,-7.820136323063177,1.9049257671526156,-1.5913847712729532,-7.811429943430005,2.278806230579691,-1.589938528808971,-7.820136323063177,1.9049257671526147,-1.5913847712729532,-7.811429943430004,2.2788062305796912,-1.589938528808971,-16.65649432798805,-16.48104028901459,0.5097723153708622,-7.820136323063177,1.9049257671526156,-1.5913847712729532,-7.820136323063177,1.9049257671526147,-1.5913847712729532,nan,-16.65649432798805,nan,-16.48104028901459,False,13.962954666667153,b4380703c0b3044f,,2.8637027173817113,2.8369843718137577,0.0017833178207162792,dither_mag,-511.63543833828675,15,-5.0569780047394,-7.7088995107883775,0.9959933577997941,1.0052161343589217,0.0,,,,,,,
215,219300,0,8,642,4.571919602953532,5.085287410344927,257.6600735549787,257.86335080475885,1.0007889357748585,1.0388104998074865,0.0,-64.08939595722771,-64.08939595722771,-64.08939595722771,-71.46145430211244,13.599063121063455,phase,-6.4372868911444385,dither_fold,0.9984692607753857,-19.588969412556594,-6.4372868911444385,-0.41254459463134985,-0.4380102548676734,285.4375,-32.906024529647105,6.731626618464222,-6.883386587306327,4.688638844813258,-1.4357785028748054,-7.297514647649333,4.70392094579649,-1.5045705394766336,-6.883386587306328,4.688638844813257,-1.4357785028748054,-7.297514647649331,4.70392094579649,-1.504570539476633,-14.674621868110961,-14.306153061423863,-0.4217906426633773,-6.883386587306327,4.688638844813258,-1.4357785028748054,-6.883386587306328,4.688638844813257,-1.4357785028748054,nan,-14.674621868110961,nan,-14.306153061423863,False,15.50471204873009,72e30a54a59c5e22,,4.571919602953532,5.085287410344927,-0.0015307392246143303,dither_mag,-64.08939595722771,16,-3.450369036413942,-5.938284682012448,0.9957265517322522,1.005485823842256,0.0,,,,,,,
216,220320,0,7,6810,4.203163279792458,4.588318057920032,256.86623467735063,257.2945482011944,1.001667457477943,1.003422140287304,0.0,11.909755972303188,11.909755972303188,11.909755972303188,-14.387770791681985,8.527604080068585,phase,-4.282324094970181,dither_fold,0.9975239391343298,-18.910949018452772,-4.282324094970181,-0.4690093654860476,-0.4935935992100362,285.8571428571429,-32.92950263870545,6.702498929205869,-7.4555636421691585,2.153061758750864,-1.530824525277269,-7.822201599909576,1.7532706208213198,-1.591727840516541,-7.4555636421691585,2.1530617587508645,-1.530824525277269,-7.822201599909578,1.7532706208213202,-1.5917278405165411,-15.112918636474008,-14.891462716481865,-0.10531197146395588,-7.4555636421691585,2.153061758750864,-1.530824525277269,-7.4555636421691585,2.1530617587508645,-1.530824525277269,nan,-15.112918636474008,nan,-14.891462716481865,False,15.939445210772568,1c2d5d8190e2b73a,,4.203163279792458,4.588318057920032,-0.0024760608656702043,dither_mag,11.909755972303188,17,-1.9729482070023985,-4.341135043308092,0.9952950928114129,1.0059225930267361,0.0,,,,,,,
217,221340,0,8,7586,-6.1231069602921835,-5.755250272887828,252.67635032849304,253.75772562988237,1.0042796854552611,0.9518793888987817,0.0,-51.862185405385745,-51.862185405385745,-51.862185405385745,-59.486369451752864,10.906275958423734,phase,-9.662534492874721,dither_fold,0.9959379897312,-20.277073929855696,-9.662534492874721,-0.4705699284196626,-0.496930124528475,284.9375,-33.11377057826086,5.52852157926146,-8.018691574499861,3.743082044015655,-1.6243673711793791,-8.390888364255392,4.85203830869912,-1.686194080441095,-8.018691574499861,3.7430820440156536,-1.6243673711793791,-8.390888364255392,4.852038308699119,-1.686194080441095,-21.38780950169666,-21.253410564943792,1.1132598534878984,-8.018691574499861,3.743082044015655,-1.6243673711793791,-8.018691574499861,3.7430820440156536,-1.6243673711793791,nan,-21.38780950169666,nan,-21.253410564943792,False,16.093391881556066,9de7882fe02b1430,,-6.1231069602921835,-5.755250272887828,-0.004062010268800043,dither_mag,-51.862185405385745,18,-4.126166334551565,-6.343612778150261,0.9945875855061028,1.0066405713449738,0.0,,,,,,,
218,222360,0,8,4294,-9.882554109101383,-11.670877257112018,257.4572515323028,259.0182742347643,1.0060632306651718,1.2055701027319974,0.0,14.050418663116345,14.050418663116345,14.050418663116345,-167.91086170370627,10.319444702670758,phase,-7.030148124438653,dither_fold,1.0013154430257323,-19.20731134174138,-7.030148124438653,-0.39564455240565993,-0.4206140571499237,284.5625,-32.501944523037835,5.21420106829674,-7.08852071720298,5.204904159919864,-1.4698539397347143,-7.603690263485232,4.3144009819679185,-1.5554302763264507,-7.0885207172029805,5.204904159919863,-1.4698539397347143,-7.603690263485232,4.314400981967921,-1.5554302763264507,-17.631016193450286,-17.389957628069943,1.9828472803796888,-7.08852071720298,5.204904159919864,-1.4698539397347143,-7.0885207172029805,5.204904159919863,-1.4698539397347143,nan,-17.631016193450286,nan,-17.389957628069943,False,16.985037355015333,aba74f31fdb3fc0d,,-9.882554109101383,-11.670877257112018,0.001315443025732277,dither_mag,14.050418663116345,19,-7.6038831174585235,-10.401473305797673,0.9948165420840988,1.0064091445678895,0.0,,,,,,,
219,223380,0,8,5178,0.26914740070499954,0.026642977041708038,255.12553070129235,256.27854035020493,1.0045193816774949,0.9724216218243412,0.0,-88.31741157782166,-88.31741157782166,-88.31741157782166,-84.77055874802201,6.520277441591014,phase,-7.184627627927735,dither_fold,1.0065761250922665,-17.119475420865207,-7.184627627927735,-0.4711651218732761,-0.49342043992040086,285.6875,-33.615303108271476,5.545914046751496,-7.897976687840995,1.7615557678547917,-1.6043150644254145,-8.042860095179785,1.286820213981619,-1.6283820756112601,-7.897976687840995,1.761555767854791,-1.6043150644254145,-8.042860095179785,1.286820213981619,-1.6283820756112601,-17.27813786452743,-17.291680619241912,0.6629566672501586,-7.897976687840995,1.7615557678547917,-1.6043150644254145,-7.897976687840995,1.761555767854791,-1.6043150644254145,nan,-17.27813786452743,nan,-17.291680619241912,False,15.26066553577445,5d673f7039cdfe74,,0.26914740070499954,0.026642977041708038,0.0065761250922664605,dither_mag,-88.31741157782166,20,-7.509190693014714,-10.392207648768492,0.995961398738404,1.0052585135861418,0.0,20,-7.721644215930756,0.54151814285435,-7.721644215930756,inside-deadband,,
220,224400,0,7,4618,-7.439807719260693,-5.846709860495833,255.17238050828988,255.63012498516738,1.0017938637244583,1.0128891547626104,0.0,55.86380631682897,55.86380631682897,55.86380631682897,-59.374304038333094,19.033011023072806,phase,-7.990049916661182,dither_fold,0.9966121066960604,-23.207007101109703,-7.990049916661182,-0.4059509788253264,-0.436120088056769,283.92857142857144,-31.354460701276942,5.095602423549939,-7.206316586744942,4.087853163207713,-1.489421359924409,-7.411474910192489,2.2449578538512065,-1.5235008156465928,-7.2063165867449435,4.08785316320771,-1.4894213599244093,-7.41147491019249,2.2449578538512043,-1.5235008156465932,-15.588844982681941,-15.797208507786213,0.09065123938432507,-7.206316586744942,4.087853163207713,-1.489421359924409,-7.2063165867449435,4.08785316320771,-1.4894213599244093,nan,-15.588844982681941,nan,-15.797208507786213,False,16.471487233045103,0705f4877b0a65c5,,-7.439807719260693,-5.846709860495833,-0.0033878933039396264,dither_mag,55.86380631682897,1,-10.123682283792906,-12.427851638366187,0.9953709118214945,1.0058565386339056,0.0,,,,,,,
221,225420,0,8,2574,6.427125522464576,4.302905041756379,256.9246458934122,256.1174764618198,0.996858341757033,1.0446194462478515,0.0,-104.81628027262354,-104.81628027262354,-104.81628027262354,-116.9465823861974,15.704047766519604,phase,-9.456369035781536,dither_fold,1.0000572790196858,-22.85542807268922,-9.456369035781536,-0.3885127156539433,-0.4182247721484393,285.3125,-30.86808256302847,6.501067535443434,-6.8570706955760645,4.233526925401907,-1.4314070922883828,-7.187233262386603,4.237685388661434,-1.4862513724894693,-6.8570706955760645,4.233526925401907,-1.4314070922883828,-7.187233262386603,4.2376853886614345,-1.4862513724894693,-16.756736438116228,-16.81770650388767,1.1787254636984144,-6.8570706955760645,4.233526925401907,-1.4314070922883828,-6.8570706955760645,4.233526925401907,-1.4314070922883828,nan,-16.756736438116228,nan,-16.81770650388767,False,16.911923466458873,34296f450846cbcf,,6.427125522464576,4.302905041756379,5.72790196857742e-05,dither_mag,-104.81628027262354,2,-7.863726817798722,-10.930603564938027,0.9953808892487538,1.0058464566780065,0.0,,,,,,,
222,226440,0,8,20,6.234793969911774,4.288865820624862,256.2534378887188,257.36303001791714,1.0043300575334337,0.9994961138681131,0.0,-228.36513221668278,-228.36513221668278,-228.36513221668278,-211.55415297443096,9.475694940094858,phase,-5.155509856633793,dither_fold,0.9956585965002145,-12.967918997503107,-5.155509856633793,-0.38577148923082755,-0.4026297839275816,286.25,-33.331562985059485,6.844366028847043,-6.8620539072449205,3.7037965039282645,-1.4322348683131099,-7.456811288626013,3.4243887712046,-1.5310317755192715,-6.862053907244921,3.703796503928266,-1.43223486831311,-7.456811288626014,3.4243887712046,-1.5310317755192715,-14.32526414178251,-14.169665217849616,1.2304265657380133,-6.8620539072449205,3.7037965039282645,-1.4322348683131099,-6.862053907244921,3.703796503928266,-1.43223486831311,nan,-14.32526414178251,nan,-14.169665217849616,False,14.633679705281843,cdda123f16ef056d,,6.234793969911774,4.288865820624862,-0.004341403499785512,dither_mag,-228.36513221668278,3,-5.671422431569164,-9.43822565054305,0.994624652985418,1.0066139762223143,0.0,,,,,,,
223,227460,0,7,64,6.241855629111894,6.0404143073123855,255.1215912866832,256.18559476339493,1.0041705740049107,0.9865028055995952,0.0,14.450543708637058,14.450543708637058,14.450543708637058,-21.919314968213648,11.171880009954045,phase,-9.807848915079596,dither_fold,0.9923913525786613,-20.93352902581532,-9.807848915079596,-0.37813055162192477,-0.4053441393554847,283.6428571428571,-32.06538337146157,6.499618888492375,-7.038786981330393,3.6851917218950874,-1.46159252181568,-7.801258452314897,4.027064162650238,-1.5882489123446675,-7.038786981330391,3.6851917218950856,-1.4615925218156796,-7.801258452314896,4.027064162650239,-1.588248912344667,-16.117717134796607,-15.997571481514852,-0.7157969954380992,-7.038786981330393,3.6851917218950874,-1.46159252181568,-7.038786981330391,3.6851917218950856,-1.4615925218156796,nan,-16.117717134796607,nan,-15.997571481514852,False,14.296629694580265,eb5b8e94827856c6,,6.241855629111894,6.0404143073123855,-0.00760864742133871,dither_mag,14.450543708637058,4,-3.4749662471866203,-7.337971672852978,0.9933002970327189,1.0079645723279222,0.0,,,,,,,
224,228480,0,8,5442,3.1619724188746074,3.2385616181289643,258.3443175581263,261.0589761204387,1.0105079089332072,0.9421794913914184,0.0,37.544949009489144,37.544949009489144,37.544949009489144,-65.18731652976835,3.3330052518547424,phase,-6.282295287937261,dither_fold,1.0011513373733392,-16.725367434699248,-6.282295287937261,-0.38334550851041527,-0.4050884861755243,282.75,-32.13381521246629,7.027155374354148,-6.474536026207353,4.236138034663962,-1.367863127276969,-7.314351374603646,4.02458621405876,-1.5073673379740278,-6.474536026207355,4.236138034663961,-1.3678631272769692,-7.3143513746036435,4.02458621405876,-1.5073673379740273,-19.05271794473464,-18.822166228901217,-0.6590247089840822,-6.474536026207353,4.236138034663962,-1.367863127276969,-6.474536026207355,4.236138034663961,-1.3678631272769692,nan,-19.05271794473464,nan,-18.822166228901217,False,16.40767909231801,fa96d3d1ef583838,,3.1619724188746074,3.2385616181289643,0.0011513373733391674,dither_mag,37.544949009489144,5,-2.360811394004634,-6.2134315873544415,0.9935004311898304,1.0077617171081716,0.0,,,,,,,
225,229500,0,8,6934,1.5009917713901282,1.273237985920995,256.68995676792906,258.2897883081748,1.0062325443519091,1.077303069246222,0.0,-133.51312281684713,-133.51312281684713,-133.51312281684713,-123.31510033251807,4.242300695155726,phase,-8.202135295828004,dither_fold,1.0045393416348911,-14.584763598586889,-8.202135295828004,-0.39514335489542796,-0.4141035475735909,284.4375,-33.91651698625806,6.766341428373414,-6.697853051718372,4.608493142283893,-1.4049589786907595,-7.159996186091798,4.214007402834936,-1.4817269412112624,-6.697853051718372,4.608493142283895,-1.4049589786907595,-7.159996186091798,4.2140074028349375,-1.4817269412112624,-13.539715493199685,-13.335497629233597,-0.8687570677133314,-6.697853051718372,4.608493142283893,-1.4049589786907595,-6.697853051718372,4.608493142283895,-1.4049589786907595,nan,-13.539715493199685,nan,-13.335497629233597,False,14.645538604629024,9e01bac539811272,,1.5009917713901282,1.273237985920995,0.004539341634891114,dither_mag,-133.51312281684713,6,-1.8320274061030064,-5.771230531780394,0.9942896528173573,1.0069647840833407,0.0,,,,,,,
226,230520,0,8,5054,2.111567042304453,0.9863863159300953,257.49165636316155,260.6892158931646,1.0124181092900861,1.0241622192127742,0.0,97.45942876176349,97.45942876176349,97.45942876176349,-117.1074480440731,9.876037849494082,phase,-12.620145606229206,dither_fold,1.0079852555522089,-19.75878156946357,-12.620145606229206,-0.3818991178741887,-0.4075855339144913,283.9375,-33.08244356769701,6.882795930110314,-6.5992938436308615,4.251601478961603,-1.388587017214429,-6.876584024343744,4.777912571657101,-1.4346485090272,-6.599293843630861,4.2516014789616,-1.3885870172144288,-6.876584024343742,4.777912571657101,-1.4346485090271999,-16.112493900094996,-16.27400985470917,0.13124531847151744,-6.5992938436308615,4.251601478961603,-1.388587017214429,-6.599293843630861,4.2516014789616,-1.3885870172144288,nan,-16.112493900094996,nan,-16.27400985470917,False,16.485558757060815,f7dd1eccc8f5ffd0,,2.111567042304453,0.9863863159300953,0.007985255552208859,dither_mag,97.45942876176349,7,-1.0887344806336157,-5.428383178990587,0.9956790927872234,1.0055687790916796,0.0,,,,,,,
227,231540,0,7,582,0.43683874965173874,1.536894407281846,261.1345686956064,261.4398916826301,1.0011692170383601,1.0717168547641394,0.0,-2.4043057596126243,-2.4043057596126243,-2.4043057596126243,-57.41630559391245,7.962859183403901,phase,-4.269939992117478,dither_fold,0.9975786885181526,-14.989109896617743,-4.269939992117478,-0.3824684845562187,-0.40195432742182174,284.0,-32.81844839234088,6.91721500334273,-6.210724922641165,5.45023078527755,-1.324040684824114,-6.676266873683096,4.72381448638266,-1.401373234831079,-6.210724922641164,5.45023078527755,-1.3240406848241137,-6.676266873683094,4.723814486382661,-1.4013732348310788,-20.972642347860972,-20.67353303216005,-0.2664223552264411,-6.210724922641165,5.45023078527755,-1.324040684824114,-6.210724922641164,5.45023078527755,-1.3240406848241137,nan,-20.972642347860972,nan,-20.67353303216005,False,15.713299865011969,a746ff5fc71155cb,,0.43683874965173874,1.536894407281846,-0.0024213114818474324,dither_mag,-2.4043057596126243,8,-0.9351774124118548,-4.893449066343874,0.9952571941737933,1.0059959024557406,0.0,,,,,,,
228,232560,0,7,58,-2.324578358411711,-1.4066011766662423,255.95859915552666,257.10176119438137,1.004466198997128,1.131402412030563,0.0,100.54014868388343,100.54014868388343,100.54014868388343,-153.15809863035537,8.901542529373526,phase,-3.998233479784991,dither_fold,1.0084742127658715,-22.06463985433462,-3.998233479784991,-0.46681106954166873,-0.49549510135230374,283.64285714285717,-31.336637727614708,6.279967822229202,-8.249145833566041,1.5697554332011503,-1.6626488095624654,-8.14003510230174,1.7583868477898497,-1.644524103372382,-8.24914583356604,1.5697554332011503,-1.6626488095624652,-8.140035102301743,1.758386847789848,-1.6445241033723828,-16.791637934132442,-16.681639323916755,-0.44198045916969986,-8.249145833566041,1.5697554332011503,-1.6626488095624654,-8.24914583356604,1.5697554332011503,-1.6626488095624652,nan,-16.791637934132442,nan,-16.681639323916755,False,14.00047273221514,43a313d09e61eb2f,,-2.324578358411711,-1.4066011766662423,0.008474212765871458,dither_mag,100.54014868388343,9,-1.7526569847343696,-5.382825226456856,0.996733147887327,1.0045165596406833,0.0,,,,,,,
229,233580,0,7,846,3.553510144106757,5.135080509391497,256.4203797202187,256.1804315803989,0.9990642391993896,1.0111780825342624,0.0,-12.199346079592312,-12.199346079592312,-12.199346079592312,-16.100651296690142,10.59111986248008,phase,-4.941983195836328,dither_fold,0.9863824608248654,-17.177999544589593,-4.941983195836328,-0.40116960361634346,-0.42350100302430993,284.4285714285714,-32.5538685105125,6.592444887786419,-6.45233439826826,2.887604998836152,-1.3641751492139966,-6.922502694276034,2.0418864221572086,-1.442276195062464,-6.45233439826826,2.887604998836151,-1.3641751492139966,-6.922502694276033,2.0418864221572104,-1.442276195062464,-17.751975219128685,-17.50745205435545,0.3783559746530827,-6.45233439826826,2.887604998836152,-1.3641751492139966,-6.45233439826826,2.887604998836151,-1.3641751492139966,nan,-17.751975219128685,nan,-17.50745205435545,False,15.408274328077866,82d9397897bfb469,,3.553510144106757,5.135080509391497,-0.01361753917513464,dither_mag,-12.199346079592312,10,-0.5048520400773482,-3.593628063863626,0.9943578636668376,1.006943440415225,0.0,,,,,,,
230,234600,0,8,3354,-4.7515204503339685,-4.822962302614769,256.33936243789805,256.68836981717965,1.0013615052169997,1.0419208698998041,0.0,-17.972784617082947,-17.972784617082947,-17.972784617082947,-37.55576660132803,12.13860367532887,phase,-5.823494171104263,dither_fold,1.0024453220890066,-17.590349664961323,-5.823494171104263,-0.3814615808712249,-0.4043290354356746,283.3125,-32.514861918600886,6.751785223168891,-6.430108634784737,5.298187262795311,-1.3604831619243751,-6.979571792538879,4.336149185765638,-1.4517561117174218,-6.430108634784736,5.298187262795311,-1.3604831619243747,-6.97957179253888,4.336149185765638,-1.451756111717422,-16.142604995631626,-16.333143700003824,-0.8894955822023543,-6.430108634784737,5.298187262795311,-1.3604831619243751,-6.430108634784736,5.298187262795311,-1.3604831619243747,nan,-16.142604995631626,nan,-16.333143700003824,False,15.939526896876899,02d6ce230b84edd0,,-4.7515204503339685,-4.822962302614769,0.0024453220890066074,dither_mag,-17.972784617082947,11,-2.1773204927169427,-5.270024908178026,0.994783380585308,1.0065135888592152,0.0,,,,,,,
231,235620,0,7,3316,-11.781729741593866,-11.449905764177977,256.3904251980788,256.98804589511116,1.0023309009943357,1.1429330905192092,0.0,-28.092180884603348,-28.092180884603348,-28.092180884603348,-117.21850025282802,16.89844955372474,phase,-8.405250246573678,dither_fold,1.006360323919272,-20.891283885478817,-8.405250246573678,-0.4084181905319006,-0.43557685958302306,286.7142857142857,-31.687872099303675,5.304687024072842,-7.79381518557183,3.8649411040294703,-1.5870124892976463,-7.8187978043634665,3.9873616005100625,-1.5911624259739978,-7.793815185571829,3.8649411040294703,-1.5870124892976463,-7.8187978043634665,3.987361600510063,-1.5911624259739978,-19.31345418588005,-18.976317757221604,-0.4578683215360684,-7.79381518557183,3.8649411040294703,-1.5870124892976463,-7.793815185571829,3.8649411040294703,-1.5870124892976463,nan,-19.31345418588005,nan,-18.976317757221604,False,14.267758547038532,44c1c16d475fab27,,-11.781729741593866,-11.449905764177977,0.006360323919271993,dither_mag,-28.092180884603348,12,-6.322549986932676,-9.251557856982387,0.9958906308780634,1.005400362658943,0.0,,,,,,,
232,236640,0,8,3230,-1.5045749799670225,-0.23302714797867644,257.00141257639103,257.3644945586669,1.0014127625939329,0.7610747938038382,0.0,-33.46637728200389,-33.46637728200389,-33.46637728200389,-193.05139295765633,14.961658346225914,phase,-11.475042057505885,dither_fold,0.9993993509992026,-22.770582421663025,-11.475042057505885,-0.4113611705231738,-0.4409629276713357,284.25,-32.8523943255255,6.6536137119034855,-7.037288935346239,4.149796525613908,-1.461343676967814,-7.272023859194658,5.1235921514158,-1.5003361892349933,-7.037288935346238,4.149796525613907,-1.4613436769678136,-7.272023859194656,5.123592151415802,-1.5003361892349927,-14.45100465146859,-14.46235499529882,-0.829739979645518,-7.037288935346239,4.149796525613908,-1.461343676967814,-7.037288935346238,4.149796525613907,-1.4613436769678136,nan,-14.45100465146859,nan,-14.46235499529882,False,14.629959998889742,a4bf206906ffd816,,-1.5045749799670225,-0.23302714797867644,-0.0006006490007973708,dither_mag,-33.46637728200389,13,-6.851324158172906,-9.332679273705214,0.9957859492534038,1.0055061074009823,0.0,,,,,,,
233,237660,0,8,3240,7.187573845215252,6.434581426415608,255.9022582385119,255.87484798564296,0.999892887803892,0.7651238524404348,0.0,-6.798769253474361,-6.798769253474361,-6.798769253474361,-188.50252992052788,12.534664318519454,phase,-7.363172051733746,dither_fold,1.0033554614911384,-19.407807773612575,-7.363172051733746,-0.4706628985747657,-0.495893048680462,285.75,-33.92997141115308,6.429599529019052,-8.273180478941692,1.064123313788613,-1.6666412755717097,-8.962978850595851,0.8166208649523138,-1.7812257226903407,-8.273180478941692,1.064123313788613,-1.6666412755717097,-8.96297885059585,0.8166208649523138,-1.7812257226903405,-15.85782111966557,-15.633738739608336,0.13957879893599134,-8.273180478941692,1.064123313788613,-1.6666412755717097,-8.273180478941692,1.064123313788613,-1.6666412755717097,nan,-15.85782111966557,nan,-15.633738739608336,False,14.437742443430851,006816d63f124d7c,,7.187573845215252,6.434581426415608,0.0033554614911384117,dither_mag,-6.798769253474361,14,-4.325027369479049,-7.092908194575056,0.9963706804994777,1.004917642991711,0.0,,,,,,,
234,238680,0,8,2490,2.1920427672453293,3.4849621290039945,258.5068940395183,256.5641873292229,0.9924848940005506,1.033671870699141,0.0,-170.76103293064455,-170.76103293064455,-170.76103293064455,-184.99580684237188,15.546570474492219,phase,-5.3487164768372875,dither_fold,0.9981595943240262,-19.14652989923378,-5.3487164768372875,-0.379764378716755,-0.4046548675857589,286.25,-31.552095335841237,6.957507285858258,-6.406813437567119,3.894171092435573,-1.3566135278350697,-6.790261376884032,2.5141541545856825,-1.4203091988179457,-6.40681343756712,3.894171092435572,-1.3566135278350697,-6.790261376884031,2.514154154585684,-1.4203091988179453,-15.18537019179387,-14.905896446607374,0.7932104335863546,-6.406813437567119,3.894171092435573,-1.3566135278350697,-6.40681343756712,3.894171092435572,-1.3566135278350697,nan,-15.18537019179387,nan,-14.905896446607374,False,18.355372308030425,020500c7f2a72c2b,,2.1920427672453293,3.4849621290039945,-0.0018404056759737664,dither_mag,-170.76103293064455,15,-3.5550177901613766,-5.87914032647379,0.9960497784047189,1.0052418945696138,0.0,,,,,,,
235,239700,0,8,5026,-0.2772161351029846,-1.671241127987353,254.7837115562257,254.7373156767888,0.9998179009201431,0.9778592749511749,0.0,-114.29917367742937,-114.29917367742937,-114.29917367742937,-114.6179250883301,16.30593773772188,phase,-6.873860786911535,dither_fold,1.006851518576561,-19.514944283255268,-6.873860786911535,-0.38104651376717863,-0.4064159413354105,284.625,-31.369095269105742,5.9052726341050885,-6.387175831266433,4.854500683289849,-1.3533514669877795,-6.934097318653958,4.065729083831004,-1.4442022124009897,-6.387175831266433,4.854500683289849,-1.3533514669877795,-6.934097318653956,4.065729083831005,-1.4442022124009894,-18.625595730430643,-18.91350158127411,0.3966333301481084,-6.387175831266433,4.854500683289849,-1.3533514669877795,-6.387175831266433,4.854500683289849,-1.3533514669877795,nan,-18.625595730430643,nan,-18.91350158127411,False,16.462396358718728,f88f6551b415608d,,-0.2772161351029846,-1.671241127987353,0.0068515185765609665,dither_mag,-114.29917367742937,16,-3.6524282302715503,-6.46102454554129,0.9972440577777046,1.0040447956500476,0.0,,,,,,,
236,240720,0,8,5874,-5.083523156457083,-4.540600602705058,257.37371229805956,255.85727628456766,0.9941080384630123,1.0040559775316173,0.0,-204.42405069850992,-204.42405069850992,-204.42405069850992,-211.53519669305064,14.628710437614329,phase,-5.72380406908825,dither_fold,0.9977248090017796,-22.092028308302506,-5.72380406908825,-0.4242312395130287,-0.45295087631382197,286.5,-31.508755288177316,5.666147105526668,-7.285074872305741,5.105546488860016,-1.5025041316122496,-7.341380674801474,5.487769728686274,-1.511857254950411,-7.285074872305741,5.105546488860019,-1.5025041316122496,-7.341380674801475,5.487769728686274,-1.5118572549504115,-18.231914494080538,-18.177440525311813,-0.8953403296064568,-7.285074872305741,5.105546488860016,-1.5025041316122496,-7.285074872305741,5.105546488860019,-1.5025041316122496,nan,-18.231914494080538,nan,-18.177440525311813,False,16.266569127388223,6a3ce8af84b9736c,,-5.083523156457083,-4.540600602705058,-0.0022751909982203777,dither_mag,-204.42405069850992,17,-5.436578349676511,-8.043832621268498,0.9968469966546298,1.0044454761689101,0.0,,,,,,,
237,241740,0,8,2474,-6.854241846357523,-6.484868116956141,256.18708883181046,256.5645077433723,1.0014732159738526,1.0983075320441815,0.0,4.17322255783924,4.17322255783924,4.17322255783924,-79.23202076244309,9.20291951179486,phase,-3.137501931040679,dither_fold,1.0002184734802255,-17.870701870048833,-3.137501931040679,-0.43449693037470094,-0.4577288428057644,286.0,-32.59729275005346,5.5267786620499,-6.907850845698653,3.006101882473182,-1.4398423331725339,-7.46201212625654,4.380413149257518,-1.5318957020359703,-6.907850845698656,3.0061018824731804,-1.4398423331725343,-7.46201212625654,4.380413149257517,-1.5318957020359703,-15.533331646068856,-15.463320942507666,0.2886358345449036,-6.907850845698653,3.006101882473182,-1.4398423331725339,-6.907850845698656,3.0061018824731804,-1.4398423331725343,nan,-15.533331646068856,nan,-15.463320942507666,False,18.23353319674651,89f0ba4a2351170f,,-6.854241846357523,-6.484868116956141,0.00021847348022552282,dither_mag,4.17322255783924,18,-7.843150927289734,-10.303491203824521,0.9968851089653368,1.0044070817347726,0.0,,,,,,,
238,242760,0,8,4774,3.581958653680135,3.4687110218301087,256.8309299631111,256.7216566664111,0.9995745321768071,0.9816880011236945,0.0,-91.21398500201,-91.21398500201,-91.21398500201,-92.04651236882346,13.126211128400119,phase,-7.60818045407575,dither_fold,0.9991042438993322,-21.583266341117984,-7.60818045407575,-0.37840207476476445,-0.40646032100821783,283.75,-31.60214976019728,6.435914694643275,-7.028057220161202,4.943468813652544,-1.4598101694619936,-7.045773852702269,5.147105794658746,-1.462753131678118,-7.0280572201612,4.943468813652544,-1.4598101694619934,-7.04577385270227,5.147105794658745,-1.462753131678118,-12.90532922247282,-12.776012220152822,-0.03505823049004975,-7.028057220161202,4.943468813652544,-1.4598101694619936,-7.0280572201612,4.943468813652544,-1.4598101694619934,nan,-12.90532922247282,nan,-12.776012220152822,False,16.480818638170547,f98e0796a3d5b129,,3.581958653680135,3.4687110218301087,-0.0008957561006678327,dither_mag,-91.21398500201,19,-6.585548102738325,-9.094769282485935,0.9967288399296832,1.004564671056297,0.0,,,,,,,
239,243780,0,8,3758,3.3744734329685,3.410265287572501,254.38979599152236,255.80023745707672,1.0055444105376041,1.0024386223899637,0.0,-21.26810576367893,-21.26810576367893,-21.26810576367893,-14.964313444319574,9.67996758820977,phase,-7.234230134525889,dither_fold,0.999412004016744,-18.30556405317455,-7.234230134525889,-0.4680043313275699,-0.4918015645966968,284.3125,-34.030838913599254,6.349110595655408,-7.22943204323664,2.115686595755848,-1.4932611367502726,-8.248584432883087,1.2127805220328152,-1.6625555536350642,-7.229432043236638,2.1156865957558493,-1.4932611367502722,-8.248584432883085,1.2127805220328167,-1.662555553635064,-17.156470197464664,-16.99274540010984,0.16663629973390304,-7.22943204323664,2.115686595755848,-1.4932611367502726,-7.229432043236638,2.1156865957558493,-1.4932611367502722,nan,-17.156470197464664,nan,-16.99274540010984,False,15.767252978253628,6f89d01452bf13a0,,3.3744734329685,3.410265287572501,-0.0005879959832559845,dither_mag,-21.26810576367893,20,-5.400606266779914,-7.906600033615859,0.9966262772326853,1.0046681008711253,0.0,20,-7.085888148064316,0.5516240452871771,-7.085888148064316,inside-deadband,,
240,244800,0,8,5966,1.022146155567361,2.041083747502551,259.9144314682997,259.11273458136554,0.9969155353075039,0.8626533059826466,0.0,29.034386951820476,29.034386951820476,29.034386951820476,-112.89636879005178,8.157898352113131,phase,-2.5528912408421025,dither_fold,0.9993032285693999,-16.176271165293095,-2.5528912408421025,-0.42220113637278206,-0.4432302888876631,285.5625,-33.1897170333357,6.631511807595177,-7.563006858560261,3.938908431976975,-1.5486722356412395,-7.518959685945131,4.449417889470876,-1.541355429558992,-7.563006858560262,3.938908431976975,-1.5486722356412397,-7.518959685945128,4.449417889470878,-1.5413554295589915,-15.620638397727578,-15.451379102658064,0.27842619891781717,-7.563006858560261,3.938908431976975,-1.5486722356412395,-7.563006858560262,3.938908431976975,-1.5486722356412397,nan,-15.620638397727578,nan,-15.451379102658064,False,16.56133997085799,97d8b4be76f54d5c,,1.022146155567361,2.041083747502551,-0.000696771430600096,dither_mag,29.034386951820476,1,-5.0416440734069505,-7.195540021850311,0.996504753607217,1.0047906904933082,0.0,,,,,,,
241,245820,0,8,18,2.516151988567507,2.9261581694142027,257.98066912959376,257.963064862197,0.9999317612925953,0.8906251542203416,0.0,-236.9019739909395,-236.9019739909395,-236.9019739909395,-240.13646536621079,9.943325019373075,phase,-4.483237917299818,dither_fold,0.9948348528024124,-14.834318257018882,-4.483237917299818,-0.3804969577118374,-0.39978157144596194,284.5625,-33.58335253315632,7.0128279710526815,-7.510517179518316,3.2876058739403335,-1.5399530198535412,-7.3796946488104895,4.899201800813045,-1.5182217024602145,-7.510517179518317,3.2876058739403318,-1.5399530198535412,-7.379694648810488,4.899201800813046,-1.518221702460214,-14.135327720866611,-13.92736631202363,0.3269643006059315,-7.510517179518316,3.2876058739403335,-1.5399530198535412,-7.510517179518317,3.2876058739403318,-1.5399530198535412,nan,-14.135327720866611,nan,-13.92736631202363,False,14.681760067255004,38c22e74c8e77f2b,,2.516151988567507,2.9261581694142027,-0.0051651471975876495,dither_mag,-236.9019739909395,2,-4.157901981047854,-6.17626768086937,0.9956040122035086,1.0057036370650887,0.0,,,,,,,
242,246840,0,8,3894,5.151821307087058,5.490740596907911,257.1016525889804,256.70232090779115,0.9984467945765106,1.1593754065052917,0.0,-56.010020324593896,-56.010020324593896,-56.010020324593896,-141.4100141688,9.083337555174568,phase,-6.274182611586805,dither_fold,0.9983788118496435,-19.714199311266075,-6.274182611586805,-0.4667564187953672,-0.4923848779000131,285.1875,-32.71746453361835,6.474497751812372,-7.684568379896532,4.663175691353808,-1.568865179384806,-8.189634384034697,5.183926645017754,-1.6527631867167272,-7.684568379896532,4.663175691353809,-1.568865179384806,-8.189634384034695,5.183926645017757,-1.652763186716727,-17.67121713954153,-17.290064790235288,-0.03760532796631999,-7.684568379896532,4.663175691353808,-1.568865179384806,-7.684568379896532,4.663175691353809,-1.568865179384806,nan,-17.67121713954153,nan,-17.290064790235288,False,15.972744357194484,a5d962d812625220,,5.151821307087058,5.490740596907911,-0.0016211881503565007,dither_mag,-56.010020324593896,3,-2.346802954347773,-4.265407325898422,0.995321551453778,1.0059894264768532,0.0,,,,,,,
243,247860,0,8,3814,-1.8279382661039145,-3.0024686724864673,257.6312316463992,257.6104695671227,0.9999194116367655,1.0462849808825374,0.0,-27.501739487430427,-27.501739487430427,-27.501739487430427,-46.649194460759944,10.340517719746696,phase,-6.516653850532744,dither_fold,1.0059934603708953,-19.148685698943808,-6.516653850532744,-0.38427633505193454,-0.4091696264605615,286.4375,-32.42261422330685,6.852608816864505,-7.76411524737787,4.0288326909914165,-1.5820789447471546,-7.370181051184681,4.061789131092467,-1.5166413706286848,-7.7641152473778705,4.0288326909914165,-1.5820789447471548,-7.370181051184682,4.061789131092466,-1.5166413706286848,-21.000178756604328,-20.862453799526286,0.912681662453254,-7.76411524737787,4.0288326909914165,-1.5820789447471546,-7.7641152473778705,4.0288326909914165,-1.5820789447471548,nan,-21.000178756604328,nan,-20.862453799526286,False,15.946702859643011,32f4b188b598c341,,-1.8279382661039145,-3.0024686724864673,0.0059934603708953205,dither_mag,-27.501739487430427,4,-2.9895885869927232,-5.310014761833975,0.9963655000018918,1.0049405751177116,0.0,,,,,,,
244,248880,0,7,6310,-3.0202276873157747,-2.9335741940985294,255.8582679904131,256.1120458475315,1.0009918688933197,1.295499814943437,0.0,-93.42182239132973,-93.42182239132973,-93.42182239132973,-94.29252503278238,12.926266493853594,phase,-6.929340313167196,dither_fold,0.9965899071793385,-19.109454720533638,-6.929340313167196,-0.4144282037250996,-0.4392704948617933,284.35714285714283,-33.37505203215234,6.314708347244107,-6.892171694994513,4.453225961746133,-1.4372378230887897,-7.374764551193315,4.851080154235866,-1.5174027493676605,-6.892171694994513,4.453225961746135,-1.4372378230887897,-7.374764551193316,4.851080154235868,-1.5174027493676605,-14.95077745133128,-14.998827081424544,0.011654564763896813,-6.892171694994513,4.453225961746133,-1.4372378230887897,-6.892171694994513,4.453225961746135,-1.4372378230887897,nan,-14.95077745133128,nan,-14.998827081424544,False,15.39520717021623,03136a5693a5abc4,,-3.0202276873157747,-2.9335741940985294,-0.0034100928206615144,dither_mag,-93.42182239132973,5,-4.050524248211938,-6.331717928525418,0.9957709027051873,1.005542341810059,0.0,,,,,,,
245,249900,0,8,266,-2.0574045011421505,-3.068528500454219,256.80090830115597,256.87715430847015,1.0002969070780108,1.0715811938944624,0.0,-156.75535773538562,-156.75535773538562,-156.75535773538562,-157.84920790756354,13.519042259320786,phase,-6.221432756496889,dither_fold,1.0016965590269575,-21.87471037519424,-6.221432756496889,-0.46473545959180074,-0.49317258307955325,283.625,-32.75615388247121,6.246791792808432,-7.971622952207538,3.9937156941839085,-1.6165486631573984,-8.420656283465757,4.749316089294102,-1.6911389175192288,-7.971622952207538,3.9937156941839063,-1.6165486631573984,-8.420656283465757,4.749316089294102,-1.6911389175192288,-20.545920078796392,-21.166550002468377,1.0941505452566054,-7.971622952207538,3.9937156941839085,-1.6165486631573984,-7.971622952207538,3.9937156941839063,-1.6165486631573984,nan,-20.545920078796392,nan,-21.166550002468377,False,16.907677381346147,e7e71a9553450faa,,-2.0574045011421505,-3.068528500454219,0.0016965590269575337,dither_mag,-156.75535773538562,6,-4.773674094671096,-7.3997833202081935,0.9960665449250964,1.0052443041096377,0.0,,,,,,,
246,250920,0,8,6378,4.505880425846195,4.690922269718457,257.62610821457935,256.5942565143787,0.9959947704549369,1.0370428671831582,0.0,-50.10260331563554,-50.10260331563554,-50.10260331563554,-63.03850944284556,7.515772864271375,phase,-4.530054791408902,dither_fold,0.9871290802521833,-14.203880958707078,-4.530054791408902,-0.40100142259504723,-0.41946646784136643,288.0625,-33.2105061995168,6.775119824537241,-7.175799304537959,4.746565268213404,-1.4843520439431825,-7.370153190108056,4.95417012601692,-1.5166367425428664,-7.175799304537962,4.746565268213402,-1.4843520439431832,-7.370153190108056,4.954170126016921,-1.5166367425428664,-14.900932547102357,-14.673841732862234,-1.21159888709637,-7.175799304537959,4.746565268213404,-1.4843520439431825,-7.175799304537962,4.746565268213402,-1.4843520439431832,nan,-14.900932547102357,nan,-14.673841732862234,False,16.307620532601348,56028891f343d836,,4.505880425846195,4.690922269718457,-0.012870919747816734,dither_mag,-50.10260331563554,7,-3.1903881615362146,-5.766525824801989,0.9938229937265336,1.007538050012982,0.0,,,,,,,
247,251940,0,8,28,-0.8046108610585216,-1.2259798643868256,253.3733205064929,254.40432947880575,1.004069129970953,1.0312361363755216,0.0,-56.942666288775406,-56.942666288775406,-56.942666288775406,-58.875041989503266,14.706120520632847,phase,-10.879001009981188,dither_fold,1.0015571573123305,-16.55325313385999,-10.879001009981188,-0.384769547499675,-0.406288776573693,286.25,-34.613849909164934,5.849706866968387,-7.46861674502862,3.8055482512044394,-1.5329928147888074,-7.7761283956613605,4.468355271293635,-1.58407448432913,-7.468616745028619,3.8055482512044394,-1.5329928147888072,-7.77612839566136,4.468355271293635,-1.5840744843291297,-15.375751357473398,-14.857168673566719,-0.5514227868597947,-7.46861674502862,3.8055482512044394,-1.5329928147888074,-7.468616745028619,3.8055482512044394,-1.5329928147888072,nan,-15.375751357473398,nan,-14.857168673566719,False,14.650097609273184,39b6180233dda7dd,,-0.8046108610585216,-1.2259798643868256,0.001557157312330526,dither_mag,-56.942666288775406,8,-3.4737523049985395,-6.1924084527879595,0.9940938130063564,1.007263920208856,0.0,,,,,,,
248,252960,0,8,4938,-1.2272893619226675,-3.247678968277076,255.6485993571233,256.34087354436184,1.0027079130845207,1.009917725973289,0.0,-87.66952384272977,-87.66952384272977,-87.66952384272977,-85.22221567237602,11.015978318969117,phase,-6.005157316593985,dither_fold,0.9887721367658479,-22.01401083642303,-6.005157316593985,-0.4643131324304349,-0.49293134651778486,286.625,-29.95545589670321,5.79985525606272,-8.159216361919711,4.263741305320182,-1.6477103591228757,-7.846492393140686,4.476072762664102,-1.5957628560034363,-8.159216361919711,4.263741305320183,-1.6477103591228757,-7.846492393140686,4.476072762664102,-1.5957628560034363,-20.197812920871336,-20.566778101777892,0.21957696166288887,-8.159216361919711,4.263741305320182,-1.6477103591228757,-8.159216361919711,4.263741305320183,-1.6477103591228757,nan,-20.197812920871336,nan,-20.566778101777892,False,16.155305748704766,288aadae3f849e0f,,-1.2272893619226675,-3.247678968277076,-0.011227863234152147,dither_mag,-87.66952384272977,9,-3.905855664915726,-7.320898827645509,0.9921405418658448,1.0092655429238868,0.0,,,,,,,
249,253980,0,8,2470,9.083895600634959,9.281103822956789,254.68640045800333,257.8225761431728,1.012313871802851,1.1142445393378624,0.0,-0.23574677779722666,-0.23574677779722666,-0.23574677779722666,-93.32504832648456,7.687340313630592,phase,-7.334267735033172,dither_fold,1.0104334077415722,-15.964251985192904,-7.334267735033172,-0.4126147079142962,-0.433368235495047,283.5,-33.7558285578187,6.335661258560257,-6.873333000413834,4.325049798774866,-1.4341084718295407,-6.668601740455787,3.072336234049218,-1.4000999568863435,-6.873333000413836,4.325049798774865,-1.434108471829541,-6.668601740455786,3.072336234049218,-1.4000999568863433,-12.997745187047236,-13.13729400639377,0.26039194740335425,-6.873333000413834,4.325049798774866,-1.4341084718295407,-6.873333000413836,4.325049798774865,-1.434108471829541,nan,-12.997745187047236,nan,-13.13729400639377,False,18.384507592303706,76db1a4caac64ce4,,9.083895600634959,9.281103822956789,0.010433407741572198,dither_mag,-0.23574677779722666,10,-0.70130618219522,-4.102334237969577,0.9939520380576351,1.0074418068929627,0.0,,,,,,,
250,255000,0,8,3888,-10.83277893237323,-12.254857041613267,257.69025920235214,258.66785012742355,1.0037936665828868,0.865317110059906,0.0,230.8470016043662,230.8470016043662,230.8470016043662,-244.31951840716297,8.886844370942995,phase,-5.35062491513161,dither_fold,0.9990100100484592,-13.402654028887381,-5.35062491513161,-0.3873584062548966,-0.4047818564924502,286.1875,-33.713546956100544,6.1970598666842776,-7.200688792517889,4.5943294754082755,-1.4884865103850315,-7.021829601131865,4.881253340637751,-1.4587756812511403,-7.200688792517889,4.594329475408277,-1.4884865103850315,-7.021829601131866,4.881253340637749,-1.4587756812511408,-17.827056433826854,-18.026450300423534,0.7189009997234148,-7.200688792517889,4.5943294754082755,-1.4884865103850315,-7.200688792517889,4.594329475408277,-1.4884865103850315,nan,-17.827056433826854,nan,-18.026450300423534,False,16.21522689869209,fcb3d128b8754781,,-10.83277893237323,-12.254857041613267,-0.0009899899515407595,dither_mag,230.8470016043662,11,-4.5158490184269,-8.359850588013561,0.9937798376148868,1.007616517376063,0.0,,,,,,,
251,256020,0,8,8038,-2.419010167197833,-2.727432590349978,257.3058617677114,259.1008053295025,1.006975913993796,1.0579489343361073,0.0,-185.5482660251092,-185.5482660251092,-185.5482660251092,-188.09839687964805,17.890647615344665,phase,-13.22184870138112,dither_fold,1.0047643926855994,-24.445328434946664,-13.22184870138112,-0.3879186069982696,-0.41969753396370024,281.75,-31.76931049139419,6.728309526594475,-7.376073780091822,3.4985803392503585,-1.5176202292511334,-7.525805049595887,3.344132941866309,-1.5424925331554629,-7.376073780091823,3.498580339250358,-1.5176202292511336,-7.525805049595887,3.3441329418663095,-1.5424925331554629,-12.657934155057298,-12.33246465007939,-0.207493520704901,-7.376073780091822,3.4985803392503585,-1.5176202292511334,-7.376073780091823,3.498580339250358,-1.5176202292511336,nan,-12.657934155057298,nan,-12.33246465007939,False,15.83634243964243,b7cbc39c3d967ab5,,-2.419010167197833,-2.727432590349978,0.004764392685599361,dither_mag,-185.5482660251092,12,-5.367801861977485,-9.307236215542149,0.9946084201580369,1.0067803819197918,0.0,,,,,,,
252,257040,0,8,2634,4.277945281494233,4.50423765242227,254.92174105843947,254.97234123080673,1.0001984929655556,1.0045672880751968,0.0,16.689480110478993,16.689480110478993,16.689480110478993,-17.362267952995545,8.468568172953923,phase,-6.622921097489615,dither_fold,0.9991356270499873,-17.175700917304624,-6.622921097489615,-0.4670488166270915,-0.48937722781958753,286.4375,-33.15623051613297,6.162860645944534,-8.046613783950662,4.218231372907971,-1.6290056119519372,-7.830791993749112,4.19256754074064,-1.5931548162373943,-8.046613783950662,4.218231372907971,-1.6290056119519372,-7.830791993749113,4.19256754074064,-1.5931548162373943,-22.09869687683764,-21.53403058614422,-0.8281242458586164,-8.046613783950662,4.218231372907971,-1.6290056119519372,-8.046613783950662,4.218231372907971,-1.6290056119519372,nan,-22.09869687683764,nan,-21.53403058614422,False,16.70990621986306,da026dd2cbddb69f,,4.277945281494233,4.50423765242227,-0.0008643729500127373,dither_mag,16.689480110478993,13,-3.8624045436186947,-7.741370206769057,0.994457970450545,1.0069328045723385,0.0,,,,,,,
253,258060,0,8,4666,7.632369995848725,9.87183852296516,255.57533119973476,255.18450389087974,0.998470794082432,1.0193247054762953,0.0,90.75115040838728,90.75115040838728,90.75115040838728,-91.0942314537707,13.589888012834383,phase,-7.281912111739659,dither_fold,0.9953768812002932,-20.97133721375155,-7.281912111739659,-0.44521703781085836,-0.4724797761887354,286.3125,-31.857287918680296,6.3914441379114955,-7.626461603410433,4.727355334802868,-1.5592128909319658,-7.675968615089395,4.964034919051864,-1.5674366470248167,-7.626461603410433,4.7273553348028665,-1.5592128909319658,-7.675968615089395,4.964034919051863,-1.5674366470248167,-17.117866933870538,-16.95681524263341,-1.7150016882641372,-7.626461603410433,4.727355334802868,-1.5592128909319658,-7.626461603410433,4.7273553348028665,-1.5592128909319658,nan,-17.117866933870538,nan,-16.95681524263341,False,17.28835734048219,c5d9c5e9552d48ca,,7.632369995848725,9.87183852296516,-0.004623118799706782,dither_mag,90.75115040838728,14,-1.1761879533521475,-4.310015634399886,0.993653408416271,1.0077512430569837,0.0,,,,,,,
254,259080,0,8,5296,-9.471648746337706,-9.681114519381492,222.66534439683576,222.8439841765976,1.000802279224213,0.9751669847643023,0.0,-37.650009967050686,-37.650009967050686,-37.650009967050686,-42.31699186963648,17.504074508624722,phase,-10.022807967050577,dither_fold,0.999010475069671,-20.669258983799573,-10.022807967050577,-0.41660618163833285,-0.4434762183172723,286.3125,-31.897841091150987,6.579849710844641,-6.930471701762211,0.8348068827860449,-1.4435999504588393,-6.936867118596428,0.7571509107941179,-1.4446623120592075,-6.930471701762212,0.834806882786044,-1.4435999504588393,-6.936867118596428,0.7571509107941179,-1.4446623120592075,-23.73797248157276,-24.583614664739656,0.8909308467905461,-6.930471701762211,0.8348068827860449,-1.4435999504588393,-6.930471701762212,0.834806882786044,-1.4435999504588393,nan,-23.73797248157276,nan,-24.583614664739656,False,15.404618040729082,5bfbaec3889ebb23,,-9.471648746337706,-9.681114519381492,-0.000989524930329,dither_mag,-37.650009967050686,15,-4.512438836345559,-7.672343495693255,0.9934813405728176,1.007925925030402,0.0,,,,,,,
255,260100,0,7,2398,-5.658764900628758,-7.091756565607868,255.172897517101,258.0592699377373,1.0113114380434658,1.0755567112351716,0.0,-69.8892603669887,-69.8892603669887,-69.8892603669887,-85.19252980408604,9.704057279990959,phase,-6.164481503532007,dither_fold,1.0114544832716608,-15.104863310180068,-6.164481503532007,-0.459080413844146,-0.4787167361473801,284.07142857142856,-34.956137624966495,5.410128124071801,-7.633080687706363,4.842944567894828,-1.5603124065957414,-7.19954211396471,1.9857241165406736,-1.4882960322200516,-7.633080687706363,4.842944567894827,-1.5603124065957414,-7.19954211396471,1.985724116540675,-1.4882960322200516,-15.1544920017552,-14.66765541781137,1.0777783390662172,-7.633080687706363,4.842944567894828,-1.5603124065957414,-7.633080687706363,4.842944567894827,-1.5603124065957414,nan,-15.1544920017552,nan,-14.66765541781137,False,16.9062688572401,90ea5e9c584b7079,,-5.658764900628758,-7.091756565607868,0.011454483271660765,dither_mag,-69.8892603669887,16,-6.506001910291284,-10.134939938867277,0.9954728082671698,1.005928383473467,0.0,,,,,,,
256,261120,0,8,4942,6.393591924873647,7.470634377398113,256.9830681040482,256.40612944482,0.9977549545832546,0.9591756328958899,0.0,-24.620764801533355,-24.620764801533355,-24.620764801533355,-42.17195854663573,15.734510880334003,phase,-4.621984666572578,dither_fold,0.9954009526249176,-20.386446641722085,-4.621984666572578,-0.44121080419305364,-0.46771318482729235,287.4375,-31.31667112941871,6.682523404040807,-7.447136396897277,4.416272338742261,-1.5294246506473885,-7.647549913600024,4.500547777029492,-1.5627159324916984,-7.447136396897276,4.416272338742264,-1.529424650647388,-7.647549913600021,4.500547777029493,-1.5627159324916982,-18.899981990766545,-18.660017032683584,-1.5318831899562397,-7.447136396897277,4.416272338742261,-1.5294246506473885,-7.447136396897276,4.416272338742264,-1.529424650647388,nan,-18.899981990766545,nan,-18.660017032683584,False,16.20259897282377,edea22983b4a54e5,,6.393591924873647,7.470634377398113,-0.004599047375082432,dither_mag,-24.620764801533355,17,-4.258067908355998,-7.535627626930403,0.99467161861115,1.006741728737889,0.0,,,,,,,
257,262140,0,8,258,-2.36260910489331,-1.1386641981341274,257.04640245633686,256.4833217554955,0.9978094200289888,1.1256360857419636,0.0,-75.57991746152409,-75.57991746152409,-75.57991746152409,-80.2552674132503,8.198677395541313,phase,-2.5460158836973474,dither_fold,0.9919526198737151,-11.334608172308606,-2.5460158836973474,-0.4400001038596103,-0.4547350944836115,286.9375,-34.11293188297487,6.587320528083847,-7.546502884874965,4.713307545475022,-1.54593071177325,-7.461958878861326,4.4989256459856355,-1.5318868569537087,-7.5465028848749665,4.713307545475022,-1.5459307117732504,-7.461958878861326,4.498925645985633,-1.5318868569537087,-15.309644575230541,-15.042485554816745,-1.2057820279087266,-7.546502884874965,4.713307545475022,-1.54593071177325,-7.5465028848749665,4.713307545475022,-1.5459307117732504,nan,-15.309644575230541,nan,-15.042485554816745,False,16.807464493305854,28e6852aa0bb2715,,-2.36260910489331,-1.1386641981341274,-0.00804738012628492,dither_mag,-75.57991746152409,18,-5.089410807098067,-7.931491290838094,0.9932708310033866,1.0081710166021687,0.0,,,,,,,
258,263160,0,8,4038,-0.6561439765855255,0.30899563626393467,255.61125623937806,257.5723404927445,1.007672135735407,0.9905998777437172,0.0,-0.33574315993073545,-0.33574315993073545,-0.33574315993073545,-11.406367801000917,8.206821691153584,phase,-8.183159642731997,dither_fold,1.008864073183614,-14.284526527361118,-8.183159642731997,-0.3871503958118942,-0.40572028029746365,284.5625,-35.15640856941326,6.973482193787715,-6.894314691398149,4.04801036376643,-1.437593802557832,-7.456880944660517,4.134373736213354,-1.5310433462891224,-6.894314691398148,4.048010363766431,-1.437593802557832,-7.456880944660515,4.134373736213355,-1.5310433462891222,-19.703327929546653,-19.101270774173468,-0.3270731431002858,-6.894314691398149,4.04801036376643,-1.437593802557832,-6.894314691398148,4.048010363766431,-1.437593802557832,nan,-19.703327929546653,nan,-19.101270774173468,False,17.817184178779996,f4697b8d98a4c786,,-0.6561439765855255,0.30899563626393467,0.00886407318361404,dither_mag,-0.33574315993073545,19,-5.320617024613731,-7.824219339044768,0.9948116054373902,1.006620869427438,0.0,,,,,,,
259,264180,0,8,5202,-0.012650331492589373,-0.21888701798544238,256.7981821210954,257.11520368894253,1.0012345164020577,1.0616190626700202,0.0,-73.68982640952098,-73.68982640952098,-73.68982640952098,-89.09290503512189,9.566960219286305,phase,-4.590500363765832,dither_fold,0.9966471206457758,-12.748528253817602,-4.590500363765832,-0.378991802581716,-0.3955648893116789,285.6875,-33.15083905737834,6.254161030752239,-7.0481634639430935,4.768230916916595,-1.4631500770669592,-6.953841082196327,5.052326343295913,-1.4474819073415826,-7.048163463943096,4.768230916916594,-1.4631500770669597,-6.953841082196326,5.052326343295913,-1.4474819073415826,-14.578029694132436,-14.543052345180744,0.7030027417828726,-7.0481634639430935,4.768230916916595,-1.4631500770669592,-7.048163463943096,4.768230916916594,-1.4631500770669597,nan,-14.578029694132436,nan,-14.543052345180744,False,15.514167070026296,c120e7859ac234d7,,-0.012650331492589373,-0.21888701798544238,-0.0033528793542242363,dither_mag,-73.68982640952098,20,-5.325067732665594,-7.900325903712437,0.9942278958610778,1.007213495137808,0.0,20,-6.516623819801756,0.5831980444720211,-6.516623819801756,inside-deadband,,
260,265200,0,8,4422,-3.0737539029982255,-1.1915410479624673,259.2734549307684,259.9397694543512,1.0025699295894395,1.1353162572130857,0.0,80.13195595827507,80.13195595827507,80.13195595827507,-140.56127977762605,13.181534901296306,phase,-9.55036216715079,dither_fold,1.0049293954434118,-15.902736868649633,-9.55036216715079,-0.3893729074201331,-0.4100464653493776,284.375,-34.35319624456945,6.430738135204283,-6.373370589908606,5.002851440797643,-1.3510582375263467,-7.455515603905498,4.430716698210051,-1.5308165454992522,-6.373370589908605,5.002851440797644,-1.3510582375263465,-7.455515603905498,4.430716698210051,-1.5308165454992522,-14.941818647640034,-14.845824119350153,0.3314394146376154,-6.373370589908606,5.002851440797643,-1.3510582375263467,-6.373370589908605,5.002851440797644,-1.3510582375263465,nan,-14.941818647640034,nan,-14.845824119350153,False,18.136142313401127,0a831dea0dbc66f8,,-3.0737539029982255,-1.1915410479624673,0.004929395443411755,dither_mag,80.13195595827507,1,-6.407127359565965,-8.314378504079754,0.9950855607915028,1.0063488902349185,0.0,,,,,,,
261,266220,0,7,5662,2.818209041826653,-0.1364825419113328,254.30487670547595,255.76142196728088,1.0057275553684795,1.1235491666774013,0.0,4.329644774808255,4.329644774808255,4.329644774808255,-98.19153139351708,13.081874103405129,phase,-7.282988803030017,dither_fold,1.0000734612399758,-16.451070052112463,-7.282988803030017,-0.39149936424125525,-0.41288575530900146,285.07142857142856,-32.588202849724524,6.246798389613726,-6.873575172493121,4.8503068050717015,-1.434148699749688,-6.768416236448066,5.563575551937903,-1.4166804379481839,-6.873575172493119,4.850306805071702,-1.4341486997496877,-6.768416236448064,5.563575551937903,-1.4166804379481837,-20.40532982265033,-20.321495430725417,1.5573432621578114,-6.873575172493121,4.8503068050717015,-1.434148699749688,-6.873575172493119,4.850306805071702,-1.4341486997496877,nan,-20.40532982265033,nan,-20.321495430725417,False,15.494714290507444,27ba55fc26bca1c6,,2.818209041826653,-0.1364825419113328,7.346123997575837e-05,dither_mag,4.329644774808255,2,-5.415882783717878,-8.361846027651838,0.995098353329859,1.0063359538487096,0.0,,,,,,,
262,267240,0,8,5430,-4.271410473672167,-3.9127891364736627,256.37772505499447,256.82144313861556,1.0017307201065377,1.0388610451948217,0.0,-100.02626952369606,-100.02626952369606,-100.02626952369606,-104.57151637673357,11.256097376890997,phase,-8.587674236347494,dither_fold,1.0014712882548251,-20.55805860055275,-8.587674236347494,-0.4119466481237242,-0.4386721243044428,284.125,-31.13671928780702,5.554432212671239,-7.375541735905964,4.278399965508225,-1.5175318498182664,-8.031379120828383,4.195504153180775,-1.6264749370146816,-7.375541735905964,4.278399965508225,-1.5175318498182664,-8.031379120828383,4.195504153180776,-1.6264749370146816,-19.34464197771106,-19.47172613910467,1.9715860735447475,-7.375541735905964,4.278399965508225,-1.5175318498182664,-7.375541735905964,4.278399965508225,-1.5175318498182664,nan,-19.34464197771106,nan,-19.47172613910467,False,16.297824219905532,ea369011c1ecfba7,,-4.271410473672167,-3.9127891364736627,0.0014712882548251205,dither_mag,-100.02626952369606,3,-6.91824047608328,-9.722699917973703,0.9953545667207978,1.0060772277123067,0.0,,,,,,,
263,268260,0,8,8010,3.269647325789913,0.8276996527141288,254.92257266899415,256.44992635237037,1.0059914415086317,0.8961409165307735,0.0,-66.1377309081123,-66.1377309081123,-66.1377309081123,-100.01428904753719,11.722420435202544,phase,-9.03385226763428,dither_fold,1.0010246475266016,-22.479899123590446,-9.03385226763428,-0.4637762717621399,-0.4930001406228075,283.8125,-31.913072830694837,6.6478490925321605,-8.182301054687136,3.370829013478392,-1.6515450256955375,-8.329983009146341,1.2157767125776844,-1.6760769118183292,-8.182301054687134,3.370829013478395,-1.6515450256955373,-8.329983009146343,1.215776712577685,-1.6760769118183294,-16.874701392339226,-16.736813213684137,0.09908476005852407,-8.182301054687136,3.370829013478392,-1.6515450256955375,-8.182301054687134,3.370829013478395,-1.6515450256955373,nan,-16.874701392339226,nan,-16.736813213684137,False,15.677318199351499,611cbc3230e080f5,,3.269647325789913,0.8276996527141288,0.0010246475266015853,dither_mag,-66.1377309081123,4,-5.768522976120805,-9.434754946682906,0.9955330470499022,1.0058970093276134,0.0,,,,,,,
264,269280,0,7,6174,-5.6021734266112855,-5.514238604529657,256.85354924060744,257.7420081915843,1.0034590098272094,1.035996032977022,0.0,24.5187069557103,24.5187069557103,24.5187069557103,-41.74159512741906,13.01741434498016,phase,-9.30212896493791,dither_fold,1.0061536613845468,-18.12694717786415,-9.30212896493791,-0.3825909287893928,-0.4061559601206162,285.0,-33.74688801116348,5.513061162906265,-6.295906833282389,4.376612794028562,-1.3381905038675066,-6.496997452620514,5.180691989056777,-1.3715942612326435,-6.295906833282391,4.37661279402856,-1.3381905038675068,-6.496997452620516,5.180691989056778,-1.371594261232644,-18.259928780888895,-18.329391097963082,-1.2578470144276013,-6.295906833282389,4.376612794028562,-1.3381905038675066,-6.295906833282391,4.37661279402856,-1.3381905038675068,nan,-18.259928780888895,nan,-18.329391097963082,False,16.550915908970293,dadbcb7da91bb807,,-5.6021734266112855,-5.514238604529657,0.00615366138454676,dither_mag,24.5187069557103,5,-7.738081601145198,-11.353424048677223,0.9966051273719195,1.0048203932811566,0.0,,,,,,,
265,270300,0,8,2446,0.9847271899631753,2.3019672035690952,255.65200505209287,256.29270016226127,1.00250612198421,0.969221575122474,0.0,-4.084545708949729,-4.084545708949729,-4.084545708949729,-24.468655790351406,12.750405666448472,phase,-7.383059839322721,dither_fold,0.9931948439685924,-20.371368470450786,-7.383059839322721,-0.45971070817190934,-0.48619348718349537,285.1875,-33.135427827591954,6.125360278745507,-6.836563930767632,2.44513287096718,-1.428000652951434,-7.44831291214577,2.080828791336917,-1.5296200850740482,-6.836563930767631,2.4451328709671802,-1.428000652951434,-7.448312912145772,2.080828791336918,-1.5296200850740485,-16.66204803931906,-16.70773684155852,-1.5511935612379588,-6.836563930767632,2.44513287096718,-1.428000652951434,-6.836563930767631,2.4451328709671802,-1.428000652951434,nan,-16.66204803931906,nan,-16.70773684155852,False,18.130691156131167,bab129776f13be26,,0.9847271899631753,2.3019672035690952,-0.006805156031407633,dither_mag,-4.084545708949729,6,-7.392253040744373,-10.551600631640198,0.9954182680280629,1.0060252353423444,0.0,,,,,,,
266,271320,0,8,6498,11.091202223748184,11.202024562633966,257.6928786576284,257.54338895572187,0.9994198919943568,1.03496489730732,0.0,-149.60904186499275,-149.60904186499275,-149.60904186499275,-155.28523414794938,14.622356042765048,phase,-9.237670106794008,dither_fold,0.9935317210941951,-20.616053366903,-9.237670106794008,-0.3788238098539159,-0.4056246792308898,286.5625,-31.373842077765875,6.559608870668781,-6.816591095340972,4.386865947218715,-1.4246829062028195,-7.151459876182979,4.6670131212232695,-1.4803089495320565,-6.816591095340972,4.3868659472187135,-1.4246829062028195,-7.1514598761829795,4.6670131212232695,-1.4803089495320565,-16.51136801466602,-16.556532694969793,0.6019004437066204,-6.816591095340972,4.386865947218715,-1.4246829062028195,-6.816591095340972,4.3868659472187135,-1.4246829062028195,nan,-16.51136801466602,nan,-16.556532694969793,False,15.486489963539709,e2cc6229f9bb6c5a,,11.091202223748184,11.202024562633966,-0.006468278905804925,dither_mag,-149.60904186499275,7,-3.492464476483842,-6.654373743899461,0.9942915055055936,1.0071714182394829,0.0,,,,,,,
267,272340,0,8,6130,-5.289666130020105,-5.887547686854743,254.7258966111817,255.38088371718973,1.0025713408598098,1.0479244154318736,0.0,-18.49014534901608,-18.49014534901608,-18.49014534901608,-42.135474108343054,9.845085684439494,phase,-3.5627439886882017,dither_fold,1.013295381638832,-11.599302224955405,-3.5627439886882017,-0.38102382964832915,-0.3961029225407712,284.1875,-34.74688376860714,5.9141662079867405,-6.644533296313471,2.876563655731481,-1.3961018764640318,-6.458958575076055,5.320542803151836,-1.3652755108099761,-6.644533296313471,2.8765636557314824,-1.3961018764640318,-6.458958575076055,5.3205428031518345,-1.3652755108099761,-15.395107409521904,-15.360787302943386,0.09159976638203293,-6.644533296313471,2.876563655731481,-1.3961018764640318,-6.644533296313471,2.8765636557314824,-1.3961018764640318,nan,-15.395107409521904,nan,-15.360787302943386,False,17.583227671614075,63aa81dce747065a,,-5.289666130020105,-5.887547686854743,0.013295381638831927,dither_mag,-18.49014534901608,8,-5.354476909714492,-8.700342933534651,0.9966049153851342,1.0048587880734172,0.0,,,,,,,
268,273360,0,8,2510,3.4676637911905352,3.969536812666025,254.66413118155478,255.10462957291935,1.0017297229465367,0.8990768843419991,0.0,1.3011109259994171,1.3011109259994171,1.3011109259994171,-80.98577958600005,13.299790236462885,phase,-7.97023401150294,dither_fold,1.0015421378683218,-23.357721989301982,-7.97023401150294,-0.46469051479071827,-0.49505555337681084,285.25,-32.58638444919677,6.416485902433128,-7.129457767585944,2.7714808552492753,-1.4766541142169343,-7.406796177990239,1.9542711793679488,-1.522723617606352,-7.129457767585945,2.771480855249275,-1.4766541142169345,-7.406796177990237,1.9542711793679493,-1.5227236176063519,-18.96087208846934,-18.57445780143251,-0.7860967487522625,-7.129457767585944,2.7714808552492753,-1.4766541142169343,-7.129457767585945,2.771480855249275,-1.4766541142169345,nan,-18.96087208846934,nan,-18.57445780143251,False,18.114883927774404,c8b7a98acaee858c,,3.4676637911905352,3.969536812666025,0.0015421378683218023,dither_mag,1.3011109259994171,9,-4.1366599913144215,-7.3177229067975205,0.996873873266594,1.0045880202465907,0.0,,,,,,,
269,274380,0,8,4266,-3.10360731325423,-1.5644219120356304,256.56086091613827,255.587209857345,0.9962049898986286,0.9362281358652973,0.0,-59.64117166585602,-59.64117166585602,-59.64117166585602,-80.93454647054328,10.859272945054066,phase,-4.925125804290336,dither_fold,0.9976643126337112,-18.37662784740585,-4.925125804290336,-0.4227631013939817,-0.4466527175956093,285.5625,-32.758522876613995,6.2539273245322,-6.950448268964667,4.833941550149566,-1.4469183171037654,-7.7639423449240965,4.579017089827129,-1.5820502234093183,-6.950448268964667,4.833941550149565,-1.4469183171037654,-7.7639423449240965,4.57901708982713,-1.5820502234093183,-14.692494073003353,-14.576989049587155,-0.3173734233020742,-6.950448268964667,4.833941550149566,-1.4469183171037654,-6.950448268964667,4.833941550149565,-1.4469183171037654,nan,-14.692494073003353,nan,-14.576989049587155,False,16.80864222025573,0d04088226abd7c0,,-3.10360731325423,-1.5644219120356304,-0.0023356873662887523,dither_mag,-59.64117166585602,10,-5.226328994354369,-7.8627698894183835,0.9964664057670689,1.0049996021941083,0.0,,,,,,,
270,275400,0,8,5478,-5.794788628650869,-6.9635385047785885,254.14369449808436,255.5707069637943,1.0056149827699963,1.1970264838790468,0.0,16.199627402233904,16.199627402233904,16.199627402233904,-159.1176351664437,16.363147748325634,phase,-10.095920133949003,dither_fold,0.9998196583200861,-25.26772849558255,-10.095920133949003,-0.4377842598702469,-0.4706323069145042,285.4375,-31.911551413457218,4.3940700123658125,-7.2822323608533726,4.38597619339326,-1.5020319536301283,-7.95839337530408,1.6917900913827304,-1.6143510590206114,-7.282232360853373,4.385976193393259,-1.5020319536301288,-7.958393375304079,1.6917900913827324,-1.6143510590206114,-14.67616094417291,-14.588796638879092,-0.2890715261814467,-7.2822323608533726,4.38597619339326,-1.5020319536301283,-7.282232360853373,4.385976193393259,-1.5020319536301288,nan,-14.67616094417291,nan,-14.588796638879092,False,16.210514522152128,68a9f205f2efbbe0,,-5.794788628650869,-6.9635385047785885,-0.00018034167991387573,dither_mag,16.199627402233904,11,-7.261697179663674,-10.28788376145529,0.9964349574925899,1.005031325495542,0.0,,,,,,,
271,276420,0,8,810,3.382927084904221,4.292706978254644,259.57962326049585,260.08867143509445,1.0019610482833923,0.9887742369125704,0.0,-94.38671253345818,-94.38671253345818,-94.38671253345818,-91.84009440098613,11.982527261147347,phase,-5.889856065464555,dither_fold,0.988179714772157,-18.14417424443779,-5.889856065464555,-0.400443889131947,-0.42403131564971613,286.8125,-31.99424725811763,7.095630924549184,-7.158078816538338,4.699039175191981,-1.4814084412854385,-6.241148259292164,3.427869721924242,-1.3290943952312564,-7.158078816538341,4.699039175191981,-1.4814084412854387,-6.241148259292162,3.4278697219242438,-1.3290943952312562,-16.251755008700677,-16.28224420664722,-0.8428220708551244,-7.158078816538338,4.699039175191981,-1.4814084412854385,-7.158078816538341,4.699039175191981,-1.4814084412854387,nan,-16.251755008700677,nan,-16.28224420664722,False,16.529520305919462,47f0999eec97766a,,3.382927084904221,4.292706978254644,-0.011820285227842953,dither_mag,-94.38671253345818,12,-6.07343650011472,-8.792957778279266,0.9943737820460926,1.0071351507731914,0.0,,,,,,,
272,277440,0,7,1762,0.8933817005473232,1.100756196816009,255.45675575489508,256.620388597631,1.0045551069467602,1.119986550001238,0.0,-58.28540916328958,-58.28540916328958,-58.28540916328958,-109.78480409573474,9.474560216379867,phase,-5.656677953637293,dither_fold,0.9947541284897582,-18.1337803248614,-5.656677953637293,-0.4309806941603542,-0.45455460858267405,284.2857142857143,-32.01528250929076,6.163143426608744,-6.9490507738765945,2.895641849475153,-1.4466861750625573,-7.06663516081632,5.045893350622526,-1.4662184652518804,-6.9490507738765945,2.895641849475154,-1.4466861750625573,-7.06663516081632,5.045893350622527,-1.4662184652518804,-17.494521804098483,-16.996604403612448,0.8315131650841092,-6.9490507738765945,2.895641849475153,-1.4466861750625573,-6.9490507738765945,2.895641849475154,-1.4466861750625573,nan,-17.494521804098483,nan,-16.996604403612448,False,18.085160505411924,66d9ef902bb5f744,,0.8933817005473232,1.100756196816009,-0.005245871510241806,dither_mag,-58.28540916328958,13,-5.75898372507457,-8.410422555881528,0.9934609195546833,1.008064604346231,0.0,,,,,,,
273,278460,0,8,6758,2.9230770104673525,0.34652814445310015,254.034623596809,255.23048539821417,1.004707475636483,0.9875550946160164,0.0,-1.0904858241051243,-1.0904858241051243,-1.0904858241051243,-10.373742256956506,17.90665691715641,phase,-8.858792022646355,dither_fold,0.9984429352600686,-22.682752571847555,-8.858792022646355,-0.3765368700656321,-0.4060244484090339,285.625,-30.580467061147885,6.559375591993327,-6.705889360449651,4.276689725555869,-1.4062939136959554,-7.2538666822486375,3.736298473749382,-1.497320046885156,-6.705889360449648,4.276689725555872,-1.406293913695955,-7.2538666822486375,3.7362984737493825,-1.497320046885156,-15.935879982361659,-15.832663330113457,1.514948507969264,-6.705889360449651,4.276689725555869,-1.4062939136959554,-6.705889360449648,4.276689725555872,-1.406293913695955,nan,-15.935879982361659,nan,-15.832663330113457,False,16.014101851667338,1c2d2dbeedf416c0,,2.9230770104673525,0.34652814445310015,-0.0015570647399314463,dither_mag,-1.0904858241051243,14,-4.729172754631802,-8.290107994656315,0.9931902150352241,1.0083397165376489,0.0,,,,,,,
274,279480,0,8,7896,-3.116128253165611,-1.9090143013434953,256.12834260766147,258.67764229698554,1.0099532119849348,1.2370978822591359,0.0,46.63420097823791,46.63420097823791,46.63420097823791,-202.18842141518334,10.940266284818948,phase,-9.58520897232867,dither_fold,1.0104821258853531,-21.81566996122358,-9.58520897232867,-0.38572003290428364,-0.4140804038538743,284.125,-31.436513593340536,6.715664880565429,-6.516268975989176,4.6578383022280825,-1.3747955109616572,-6.692108100063219,5.028206147008898,-1.4040046677845879,-6.516268975989174,4.657838302228082,-1.374795510961657,-6.692108100063219,5.028206147008898,-1.4040046677845879,-17.407567628127183,-17.410761035251475,-0.3719334098497078,-6.516268975989176,4.6578383022280825,-1.3747955109616572,-6.516268975989174,4.657838302228082,-1.374795510961657,nan,-17.407567628127183,nan,-17.410761035251475,False,16.215426317552534,f00f90cd87cfcb17,,-3.116128253165611,-1.9090143013434953,0.010482125885353133,dither_mag,46.63420097823791,15,-5.8272956238440035,-8.952736863193277,0.9950120953860916,1.006509233716322,0.0,,,,,,,
275,280500,0,8,2610,7.63900200557949,10.571101632096834,257.0814545233943,257.0780431382881,0.9999867303337281,1.0277671818585499,0.0,116.46702644533961,116.46702644533961,116.46702644533961,-120.0018628988735,12.538682543843555,phase,-6.944502989682393,dither_fold,1.003734348982219,-20.135349303798595,-6.944502989682393,-0.3877811885832295,-0.4139571426781677,283.8125,-31.47830146361413,6.826877107478192,-7.109050354845216,3.901352653217975,-1.473264178545717,-7.3437750022235395,4.267893963421773,-1.5122549837580632,-7.109050354845219,3.901352653217973,-1.4732641785457177,-7.34377500222354,4.267893963421773,-1.5122549837580634,-17.365849121195208,-16.99252707350045,-1.7354978319048904,-7.109050354845216,3.901352653217975,-1.473264178545717,-7.109050354845219,3.901352653217973,-1.4732641785457177,nan,-17.365849121195208,nan,-16.99252707350045,False,16.968988072666345,c9c105562fb4baed,,7.63900200557949,10.571101632096834,0.0037343489822190268,dither_mag,116.46702644533961,16,-3.1402421554986035,-5.276778961075629,0.9956623468070892,1.0058539159732771,0.0,,,,,,,
276,281520,0,8,1186,-4.473601706541157,-4.700577682210792,256.2419829445716,256.0637280689292,0.9993043494528336,0.9945378360334923,0.0,5.096559074024805,5.096559074024805,5.096559074024805,-6.1464551044010935,9.711633369140836,phase,-9.387778143143436,dither_fold,0.994012708453286,-17.107455151883286,-9.387778143143436,-0.3839506539073018,-0.4061903456047501,285.125,-33.090479812032775,5.852963192993668,-6.913113444633473,4.593386809446375,-1.4407165190421054,-6.227022959754188,3.4110560004677826,-1.3267479999591676,-6.913113444633474,4.593386809446375,-1.4407165190421054,-6.227022959754188,3.411056000467781,-1.3267479999591676,-17.827557932717802,-17.400449653390982,0.5898452905770268,-6.913113444633473,4.593386809446375,-1.4407165190421054,-6.913113444633474,4.593386809446375,-1.4407165190421054,nan,-17.827557932717802,nan,-17.400449653390982,False,19.40150674979504,a08edce7f66e72b8,,-4.473601706541157,-4.700577682210792,-0.005987291546713958,dither_mag,5.096559074024805,17,-4.712824067740759,-6.912406324699161,0.9946191156754158,1.0069141736586127,0.0,,,,,,,
277,282540,0,8,5818,10.721487541687676,8.302752133971834,256.17042563792313,257.7297280808692,1.0060869729168114,0.9448608173425787,0.0,-94.29147723160416,-94.29147723160416,-94.29147723160416,-98.09315629094316,10.867332376885377,phase,-5.329823274328738,dither_fold,0.9898646503131961,-15.80159731743708,-5.329823274328738,-0.4712013602150319,-0.4917434367277001,284.75,-33.534506440643106,6.491474235307544,-8.119979620402466,1.1468236015496514,-1.6411926279738316,-7.842320862332723,5.39463550754223,-1.595069910686499,-8.119979620402466,1.1468236015496505,-1.6411926279738316,-7.8423208623327225,5.39463550754223,-1.595069910686499,-17.328076068606823,-17.505447808614548,1.6699110692741748,-8.119979620402466,1.1468236015496514,-1.6411926279738316,-8.119979620402466,1.1468236015496505,-1.6411926279738316,nan,-17.328076068606823,nan,-17.505447808614548,False,16.30021700489745,f5c67dbf6834078d,,10.721487541687676,8.302752133971834,-0.010135349686803852,dither_mag,-94.29147723160416,18,-0.9400023106981523,-4.02639744438779,0.9928549734804696,1.0087184099943531,0.0,,,,,,,
278,283560,0,7,4210,-0.03888452560650146,1.3295555343734584,253.8313914198093,257.2213445044975,1.0133551373048324,3.7275588888227245,0.0,315.4350013262887,315.4350013262887,315.4350013262887,-299.2720116270803,12.646723815336987,phase,-10.577561911963224,dither_fold,1.0074432298832248,-18.96039298984345,-10.577561911963224,-0.4711353993039681,-0.49578391019076457,283.14285714285717,-34.46404976532822,6.358124175774283,-7.716098139719499,3.996271373596496,-1.5741026810165282,-8.168797870211346,2.07340284204497,-1.6493019717959048,-7.716098139719496,3.996271373596498,-1.5741026810165277,-8.16879787021135,2.0734028420449686,-1.6493019717959054,-16.29264352137579,-15.801318364203443,0.31707899733755385,-7.716098139719499,3.996271373596496,-1.5741026810165282,-7.716098139719496,3.996271373596498,-1.5741026810165277,nan,-16.29264352137579,nan,-15.801318364203443,False,16.118268195875455,441b1482e19d577a,,-0.03888452560650146,1.3295555343734584,0.007443229883224767,dither_mag,315.4350013262887,19,-0.9537098352871333,-3.565075005518735,0.9941482318469254,1.007414196031416,0.0,,,,,,,
279,284580,0,8,7666,1.0723974754266017,1.513715391161563,254.9334539560005,257.7388969288996,1.0110046089650646,0.9544149608900696,0.0,-73.87238609574615,-73.87238609574615,-73.87238609574615,-67.62104112135057,11.135933800430893,phase,-9.599654725416274,dither_fold,1.005873015249413,-14.341025302841128,-9.599654725416274,-0.38385655690569864,-0.4024998897993921,283.5625,-36.39274144300466,6.676348412938275,-6.65753802087411,4.962763401389997,-1.3982621297133073,-7.056919362830591,4.765005696553732,-1.4646045453206962,-6.65753802087411,4.9627634013899975,-1.3982621297133073,-7.056919362830591,4.765005696553734,-1.4646045453206962,-16.969177048572252,-17.257203092886346,-0.05135264042655363,-6.65753802087411,4.962763401389997,-1.3982621297133073,-6.65753802087411,4.9627634013899975,-1.3982621297133073,nan,-16.969177048572252,nan,-17.257203092886346,False,16.895029709929617,3b42ebdca0ab8734,,1.0723974754266017,1.513715391161563,0.005873015249413083,dither_mag,-73.87238609574615,20,-0.5761613929366332,-3.0391737535871757,0.9951699951989429,1.0063848436200655,0.0,20,-7.9380808191129315,0.44119438622420115,-7.9380808191129315,inside-deadband,,
280,285600,0,8,2698,-4.6512639441518875,-5.99888518984255,256.64075007269133,257.927088389981,1.0050122138316901,1.1132425863226665,0.0,1.1484815168235891,1.1484815168235891,1.1484815168235891,-94.9480878406293,8.601781221991077,phase,-3.8173569056968515,dither_fold,0.9920551627904757,-13.567924591017395,-3.8173569056968515,-0.42968189556483344,-0.44732019753315605,284.3125,-33.804801832539574,6.273612640398428,-7.200084576447266,5.417823315539858,-1.488386142266988,-7.368171306094125,2.7363671424565243,-1.5163075259292569,-7.200084576447269,5.417823315539856,-1.4883861422669882,-7.368171306094124,2.736367142456526,-1.5163075259292567,-16.376623756577665,-16.340427316552738,0.17823747593075634,-7.200084576447266,5.417823315539858,-1.488386142266988,-7.200084576447269,5.417823315539856,-1.4883861422669882,nan,-16.376623756577665,nan,-16.340427316552738,False,16.203792286767932,25f92da59a396302,,-4.6512639441518875,-5.99888518984255,-0.007944837209524325,dither_mag,1.1484815168235891,1,-2.2120049054088122,-5.125462939831664,0.9937863640676027,1.0077952729078743,0.0,,,,,,,
281,286620,0,7,6694,-0.8576327572619625,-2.9725295065042503,259.18217404065206,260.3226313718978,1.0044002151593452,1.1423683188487697,0.0,-25.939539959070576,-25.939539959070576,-25.939539959070576,-147.4383186303626,13.888966727819525,phase,-10.840182997893155,dither_fold,1.0028888779827392,-21.037167222401514,-10.840182997893155,-0.3774504479376422,-0.4047987653267642,285.64285714285717,-32.203737686517734,6.937894921542581,-6.960244162978983,3.8787937357742135,-1.4485455420230868,-7.0015517814018855,4.219137089234945,-1.4554072726581206,-6.960244162978984,3.878793735774214,-1.4485455420230873,-7.001551781401885,4.219137089234943,-1.4554072726581204,-16.284684587271656,-16.14427603226219,-0.6385461651249283,-6.960244162978983,3.8787937357742135,-1.4485455420230868,-6.960244162978984,3.878793735774214,-1.4485455420230873,nan,-16.284684587271656,nan,-16.14427603226219,False,15.643966962070122,3147ea2b00bc6e33,,-0.8576327572619625,-2.9725295065042503,0.0028888779827391797,dither_mag,-25.939539959070576,2,-2.514053188515731,-6.157800910890586,0.9942887763882754,1.0072872459601112,0.0,,,,,,,
282,287640,0,8,1458,-10.550345321511779,-9.997862218490116,256.8452328160537,256.0390787137993,0.9968613234771162,0.9565741157942209,0.0,-90.8120882848679,-90.8120882848679,-90.8120882848679,-98.87447136031798,11.724020513983469,phase,-5.577196681137895,dither_fold,1.0073189589976694,-21.79989337070587,-5.577196681137895,-0.42976864074584736,-0.458108502127765,284.875,-29.116774997428077,4.531416885185876,-7.089747019843344,2.4708320030859334,-1.47005764449225,-7.482730596751424,1.6553390352556137,-1.5353373084304693,-7.089747019843344,2.470832003085934,-1.47005764449225,-7.482730596751425,1.6553390352556128,-1.5353373084304693,-14.404445894946248,-14.10813147276329,0.42787024491188674,-7.089747019843344,2.4708320030859334,-1.47005764449225,-7.089747019843344,2.470832003085934,-1.47005764449225,nan,-14.404445894946248,nan,-14.10813147276329,False,18.405304018978978,da6fad9d0332c678,,-10.550345321511779,-9.997862218490116,0.007318958997669434,dither_mag,-90.8120882848679,3,-6.227884572535229,-9.631737258745538,0.9955622791758655,1.0060064684590169,0.0,,,,,,,
283,288660,0,7,7462,0.2476141652383561,-0.43335010407311225,259.45445209647704,258.8665546638867,0.9977341015818385,0.9973267227019849,0.0,-1.104381724430393,-1.104381724430393,-1.104381724430393,-5.302362495859277,6.923202439264373,phase,-4.590684638580349,dither_fold,0.9966220188508854,-11.339517188323873,-4.590684638580349,-0.3844634273121909,-0.39920479965701194,284.78571428571433,-35.15912147962617,6.651311756915628,-6.4364267706459755,5.330365929554411,-1.3615326861538168,-6.094230615701869,3.7596306499089533,-1.304689471046822,-6.436426770645976,5.330365929554408,-1.3615326861538168,-6.094230615701869,3.7596306499089542,-1.304689471046822,-12.543843389731125,-12.245024972532523,-0.0840087901759694,-6.4364267706459755,5.330365929554411,-1.3615326861538168,-6.436426770645976,5.330365929554408,-1.3615326861538168,nan,-12.543843389731125,nan,-12.245024972532523,False,17.246620413074723,729dba3e8eea8da5,,0.2476141652383561,-0.43335010407311225,-0.003377981149114584,dither_mag,-1.104381724430393,4,-6.140833305481232,-9.782504218184595,0.994973755818796,1.0066031815496983,0.0,,,,,,,
284,289680,0,8,3378,-4.3206735623552275,-2.7522166195157713,257.17675751726614,258.36062814700927,1.0046033344582612,1.1972124683953889,0.0,103.62037830361051,103.62037830361051,103.62037830361051,-199.14513841998746,14.317003340625144,phase,-7.567173757561063,dither_fold,1.0025310896430921,-17.454860308274913,-7.567173757561063,-0.38105610743236534,-0.40374742583312273,285.0,-33.4591148730887,6.424551156905461,-6.577828007854434,4.7682114864965435,-1.3850212637631951,-6.937047952797122,4.217967173762471,-1.4446923509629772,-6.577828007854435,4.768211486496543,-1.3850212637631953,-6.937047952797121,4.217967173762471,-1.444692350962977,-14.634386673664999,-14.617828173711086,-0.8936769036075298,-6.577828007854434,4.7682114864965435,-1.3850212637631951,-6.577828007854435,4.768211486496543,-1.3850212637631953,nan,-14.634386673664999,nan,-14.617828173711086,False,16.000134591783784,1500db744283f5d6,,-4.3206735623552275,-2.7522166195157713,0.0025310896430921215,dither_mag,103.62037830361051,5,-7.660708315229466,-10.739461075153322,0.9954144701782837,1.0061584417207565,0.0,,,,,,,
285,290700,0,8,5998,4.2038426675566445,5.774807211693192,255.055379467623,256.4251961508526,1.0053706637597248,1.231138838704662,0.0,-41.84475726923867,-41.84475726923867,-41.84475726923867,-190.6112236421719,14.21304856505319,phase,-8.267257921140791,dither_fold,1.000627925923357,-24.13330431829209,-8.267257921140791,-0.3984860386423703,-0.42985933425615,283.0625,-30.98455264197267,6.370992339661367,-6.824419306894054,4.55489323781187,-1.425983273570441,-6.971090962406995,5.112831507366274,-1.450347335948006,-6.824419306894054,4.55489323781187,-1.425983273570441,-6.971090962406993,5.112831507366278,-1.4503473359480057,-17.81666045803879,-17.818690150077,-0.22860291238888353,-6.824419306894054,4.55489323781187,-1.425983273570441,-6.824419306894054,4.55489323781187,-1.425983273570441,nan,-17.81666045803879,nan,-17.818690150077,False,16.31600655576517,83377b05193f3504,,4.2038426675566445,5.774807211693192,0.0006279259233570311,dither_mag,-41.84475726923867,6,-6.182585404899159,-8.730649698849664,0.9955238533245878,1.0060479473335484,0.0,,,,,,,
286,291720,0,7,450,-0.4155461861487066,-0.7991544899360778,256.73113131963777,258.3132437056389,1.0061625264449576,1.0622277790699586,0.0,16.53430719184133,16.53430719184133,16.53430719184133,-56.88286982276998,12.611134347456217,phase,-10.284496158934626,dither_fold,1.0047768523494993,-25.411629547287987,-10.284496158934626,-0.3869598685592773,-0.41999498697075166,285.8571428571429,-30.644217859922183,6.5472663492563585,-6.437649855029857,4.809619197224675,-1.3617358563172521,-7.421699333458771,4.249031797756869,-1.5251992248270385,-6.437649855029857,4.809619197224676,-1.3617358563172521,-7.421699333458768,4.249031797756871,-1.525199224827038,-16.951889124309186,-16.939983757916043,0.9380972444740783,-6.437649855029857,4.809619197224675,-1.3617358563172521,-6.437649855029857,4.809619197224676,-1.3617358563172521,nan,-16.951889124309186,nan,-16.939983757916043,False,15.993774447690841,c841fc694cb6ca75,,-0.4155461861487066,-0.7991544899360778,0.0047768523494993165,dither_mag,16.53430719184133,7,-6.328680513184452,-9.008672304252281,0.9963560606546917,1.0052109406532133,0.0,,,,,,,
287,292740,0,8,814,5.01035630640747,3.0411038327522872,255.9357364094585,254.60784580339674,0.9948116248840789,0.9892219223059884,0.0,-34.79985619780444,-34.79985619780444,-34.79985619780444,-42.44096597100464,7.799132556670385,phase,-2.8255911262249342,dither_fold,0.9960179406985956,-15.751110113424064,-2.8255911262249342,-0.4538100682772912,-0.4742865114247425,285.3125,-32.940476717828126,6.519933204989529,-7.438700280773499,2.02281193246153,-1.5280233024540697,-7.398967865360232,1.7824075929150551,-1.5214232334485436,-7.438700280773501,2.0228119324615284,-1.5280233024540701,-7.39896786536023,1.7824075929150565,-1.5214232334485434,-18.55166224152986,-18.312375380537446,0.742293415950722,-7.438700280773499,2.02281193246153,-1.5280233024540697,-7.438700280773501,2.0228119324615284,-1.5280233024540701,nan,-18.55166224152986,nan,-18.312375380537446,False,16.187642643243663,3600e4ad72648bda,,5.01035630640747,3.0411038327522872,-0.003982059301404384,dither_mag,-34.79985619780444,8,-4.568642333569895,-7.94980366443064,0.9956617395938945,1.0059142328803858,0.0,,,,,,,
288,293760,0,8,3118,-6.685560921659945,-5.113594847218939,257.4795678357403,257.52729577111586,1.0001853659137956,0.9324160193873201,0.0,-47.03246069083893,-47.03246069083893,-47.03246069083893,-70.82075831108749,9.545155239783286,phase,-6.608881645017153,dither_fold,0.9927502537194283,-19.750734489073754,-6.608881645017153,-0.39085771248881124,-0.4165336673246071,284.3125,-31.605637361086497,6.283045049037614,-6.65273855699372,4.3932107696737654,-1.39746487657703,-7.056145476499534,5.206231436597323,-1.464475992774009,-6.652738556993719,4.393210769673766,-1.39746487657703,-7.056145476499535,5.206231436597322,-1.4644759927740094,-14.994987392347722,-14.75365753299914,-0.2684154726880812,-6.65273855699372,4.3932107696737654,-1.39746487657703,-6.652738556993719,4.393210769673766,-1.39746487657703,nan,-14.994987392347722,nan,-14.75365753299914,False,14.99355819690734,6ca9cabf4d249246,,-6.685560921659945,-5.113594847218939,-0.007249746280571734,dither_mag,-47.03246069083893,9,-6.918784183487103,-9.729039048546584,0.994398537970062,1.0071997616573247,0.0,,,,,,,
289,294780,0,8,6602,10.194690669823512,10.487338981316768,255.4969648799492,256.81601169502136,1.0051626711718158,0.9931696658799529,0.0,-88.29026059346148,-88.29026059346148,-88.29026059346148,-81.11299188703414,12.424210010639587,phase,-8.555152530631414,dither_fold,0.9989518425070751,-18.331381226020344,-8.555152530631414,-0.39615025204356225,-0.4199810476373887,284.0,-33.28297124746945,6.5601979113510165,-7.285053603992123,3.2215793410676916,-1.502500598669788,-7.410066980245568,4.516571455516021,-1.5232669402401278,-7.285053603992124,3.2215793410676943,-1.5025005986697884,-7.410066980245569,4.51657145551602,-1.5232669402401278,-16.373625866161248,-16.140307399981147,0.2928998655855253,-7.285053603992123,3.2215793410676916,-1.502500598669788,-7.285053603992124,3.2215793410676943,-1.5025005986697884,nan,-16.373625866161248,nan,-16.140307399981147,False,15.542674881112774,d67564f09dbfa57e,,10.194690669823512,10.487338981316768,-0.0010481574929248616,dither_mag,-88.29026059346148,10,-3.3305430525999484,-6.084708714888611,0.9942161378713197,1.0073847037016985,0.0,,,,,,,
290,295800,0,8,5314,-0.2927538490134604,0.882847154079523,255.78569790476845,256.05409792926304,1.0010493159965281,1.070545115648857,0.0,-2.0939331592747177,-2.0939331592747177,-2.0939331592747177,-56.234996321056904,12.248022945034593,phase,-7.722054255495559,dither_fold,1.002058459221668,-20.936575769610567,-7.722054255495559,-0.4604624141898878,-0.48767996269038155,284.1875,-31.717545727935928,6.2683776044524,-7.430144909353498,1.9233021793534903,-1.5266021444108802,-8.16273532709515,1.5991927065030578,-1.6482949048330815,-7.4301449093534995,1.92330217935349,-1.5266021444108804,-8.16273532709515,1.5991927065030564,-1.6482949048330815,-13.094093740560176,-12.736290128981636,-0.44003964905151527,-7.430144909353498,1.9233021793534903,-1.5266021444108802,-7.4301449093534995,1.92330217935349,-1.5266021444108804,nan,-13.094093740560176,nan,-12.736290128981636,False,15.268440379377443,494c6cedffdf37e6,,-0.2927538490134604,0.882847154079523,0.0020584592216679187,dither_mag,-2.0939331592747177,11,-3.4336029841899673,-5.777977331344266,0.9945742847123527,1.0070225586043209,0.0,,,,,,,
291,296820,0,8,946,-0.25251944288985584,-0.47533747550893146,255.1922968196168,256.20286127409014,1.0039600115954428,1.0266872888653336,0.0,5.992572950505332,5.992572950505332,5.992572950505332,-24.78172560329747,10.326464858890175,phase,-9.936951606100921,dither_fold,0.9990294540920347,-20.135603733088622,-9.936951606100921,-0.4006619595235393,-0.4268382443765545,285.25,-32.916792646601856,6.444471594794773,-7.065511149047323,5.471725770354526,-1.4660317523334423,-7.924215199023923,3.759705263958295,-1.6086736211003194,-7.065511149047323,5.471725770354526,-1.4660317523334423,-7.924215199023922,3.759705263958297,-1.6086736211003194,-17.81944965739015,-17.415645850647792,0.8679695820209548,-7.065511149047323,5.471725770354526,-1.4660317523334423,-7.065511149047323,5.471725770354526,-1.4660317523334423,nan,-17.81944965739015,nan,-17.415645850647792,False,17.350587849362118,361ced8248d6ff31,,-0.25251944288985584,-0.47533747550893146,-0.0009705459079653034,dither_mag,5.992572950505332,12,-3.522466939723476,-5.943185265373771,0.9944053607119685,1.0071937630502046,0.0,,,,,,,
292,297840,0,8,670,3.104997863506916,3.5015278497458135,257.12398920540204,258.2002866197492,1.004185908198116,1.1486965511160439,0.0,76.70220066273362,76.70220066273362,76.70220066273362,-149.2173759639897,19.30609630628718,phase,-9.543096634836902,dither_fold,0.9986566335831584,-21.168983765795236,-9.543096634836902,-0.4013380244476713,-0.4288577033432051,285.625,-32.378616250180166,6.492956830941513,-7.235930917733454,4.1634990108126635,-1.4943406840088798,-7.4775982498751485,4.40584124522322,-1.5344847591154733,-7.235930917733453,4.1634990108126635,-1.4943406840088793,-7.477598249875147,4.405841245223221,-1.5344847591154729,-15.226704001169837,-15.19662679137642,0.2643189313426335,-7.235930917733454,4.1634990108126635,-1.4943406840088798,-7.235930917733453,4.1634990108126635,-1.4943406840088793,nan,-15.226704001169837,nan,-15.19662679137642,False,15.613882772890443,50dde11fe74ad722,,3.104997863506916,3.5015278497458135,-0.0013433664168416293,dither_mag,76.70220066273362,13,-2.4296035108202605,-4.726403755826291,0.9941715868278647,1.0074308618591756,0.0,,,,,,,
293,298860,0,8,242,-8.10620651621351,-9.527202714809441,257.30934636369983,257.3678368246716,1.000227315726375,0.8468200016840914,0.0,312.2110161041551,312.2110161041551,312.2110161041551,-289.1655642658352,14.242373275834554,phase,-7.685240620041166,dither_fold,1.0014553351600748,-18.6752346313254,-7.685240620041166,-0.40147947612051543,-0.42575728114123845,285.75,-32.41925856010778,6.35715477484604,-6.944318336295366,4.147039612841892,-1.4459000558630177,-7.40898030342242,3.6782628494716354,-1.523086429139937,-6.944318336295367,4.1470396128418905,-1.445900055863018,-7.408980303422421,3.678262849471636,-1.523086429139937,-13.631981240173559,-13.427524246930137,0.9689335861345887,-6.944318336295366,4.147039612841892,-1.4459000558630177,-6.944318336295367,4.1470396128418905,-1.445900055863018,nan,-13.631981240173559,nan,-13.427524246930137,False,16.941858666817183,b12fd7d521c72c7a,,-8.10620651621351,-9.527202714809441,0.0014553351600747888,dither_mag,312.2110161041551,14,-5.2834089486998375,-8.036329107953753,0.9944247860793198,1.0071746585488048,0.0,,,,,,,
294,299880,0,8,3910,5.618575235142836,5.374615447207361,255.4031898800342,256.1247910472809,1.0028253412480308,1.0766755637045182,0.0,-1.9855399374698577,-1.9855399374698577,-1.9855399374698577,-61.18427094226994,12.306179413755354,phase,-9.250562164223243,dither_fold,0.9965456846925853,-19.200653588838552,-9.250562164223243,-0.45727488080200757,-0.4822357304674977,284.3125,-33.729254486554076,6.55193938324895,-6.885764997605618,5.300870478375148,-1.4361735876421293,-7.694476683881532,4.527887203586377,-1.570511077056733,-6.885764997605616,5.300870478375148,-1.4361735876421289,-7.694476683881532,4.527887203586378,-1.570511077056733,-15.60251045661875,-15.166381536713269,-0.13795963422212942,-6.885764997605618,5.300870478375148,-1.4361735876421293,-6.885764997605616,5.300870478375148,-1.4361735876421289,nan,-15.60251045661875,nan,-15.166381536713269,False,16.007497180772326,ebd6fd38e8db3d65,,5.618575235142836,5.374615447207361,-0.0034543153074146904,dither_mag,-1.9855399374698577,15,-3.3058824833215548,-6.168613920169943,0.9938236511462102,1.0077856112691854,0.0,,,,,,,
295,300900,0,8,1570,-1.6422447370983662,-2.5594926812470744,255.57218502737985,255.65936788609366,1.0003411281188697,1.1690762659573912,0.0,88.60490902385777,88.60490902385777,88.60490902385777,-166.45803745682963,11.123549933515712,phase,-9.1898140171783,dither_fold,0.997164801742186,-23.860206654650135,-9.1898140171783,-0.46214542616931087,-0.49316369482035605,285.5,-30.302583247496656,6.0911834887622955,-6.898788689032683,2.8552083891186038,-1.4383369915336683,-7.8812308475940025,4.929931921907002,-1.6015333633877082,-6.898788689032682,2.8552083891186038,-1.4383369915336683,-7.8812308475940025,4.929931921907002,-1.6015333633877082,-17.118456651332966,-16.840192588889536,0.6393346717906248,-6.898788689032683,2.8552083891186038,-1.4383369915336683,-6.898788689032682,2.8552083891186038,-1.4383369915336683,nan,-17.118456651332966,nan,-16.840192588889536,False,19.15905964163869,d93f23570585b519,,-1.6422447370983662,-2.5594926812470744,-0.0028351982578139756,dither_mag,88.60490902385777,16,-3.884240280825678,-7.057515714777126,0.993330555906457,1.00828705556481,0.0,,,,,,,
296,301920,0,8,6974,0.7541765702191423,0.6881717604293609,258.439177072199,260.0286719248638,1.0061503633879034,0.9518329898767667,0.0,44.739575889597994,44.739575889597994,44.739575889597994,-63.125367061019745,11.610382508660832,phase,-9.604307804470773,dither_fold,0.9981786881448887,-17.991057087122314,-9.604307804470773,-0.3858392545065722,-0.4092276287198312,285.125,-33.41268213651738,6.7896383205133475,-6.672798828772879,3.5680883362130893,-1.4007971476366912,-6.916341538821584,2.3490229801899107,-1.4412527473125556,-6.672798828772879,3.5680883362130893,-1.4007971476366912,-6.916341538821586,2.3490229801899103,-1.4412527473125558,-18.665164598091707,-17.92283161182153,0.16456697212062465,-6.672798828772879,3.5680883362130893,-1.4007971476366912,-6.672798828772879,3.5680883362130893,-1.4007971476366912,nan,-18.665164598091707,nan,-17.92283161182153,False,15.956808278192474,c71b0dc0e77605ee,,0.7541765702191423,0.6881717604293609,-0.0018213118551112517,dither_mag,44.739575889597994,17,-3.6185061825366915,-6.818635214605124,0.9930139520808916,1.0086090128537768,0.0,,,,,,,
297,302940,0,7,7610,-3.9164408876618557,-3.7550830776873467,254.55713406530663,256.05074947538935,1.0058675056017072,0.9447432859422299,0.0,92.64921140429834,92.64921140429834,92.64921140429834,-105.43518646973503,11.278458267519696,phase,-7.101445743132135,dither_fold,1.0009562915330936,-22.00123302204798,-7.101445743132135,-0.4631556003306663,-0.49175720325932865,284.5714285714286,-31.514065044267095,6.109731549283756,-7.515039516403749,2.300750118948317,-1.540704238605274,-8.153101376591131,1.4444438767674883,-1.6466945808290916,-7.515039516403749,2.300750118948317,-1.540704238605274,-8.153101376591131,1.444443876767489,-1.6466945808290916,-15.120591308196527,-14.722748073617595,0.27182766645475986,-7.515039516403749,2.300750118948317,-1.540704238605274,-7.515039516403749,2.300750118948317,-1.540704238605274,nan,-15.120591308196527,nan,-14.722748073617595,False,15.327517321219696,51ca0b4f5033a5a8,,-3.9164408876618557,-3.7550830776873467,0.0009562915330936228,dither_mag,92.64921140429834,18,-4.9989040186488545,-8.12169622282666,0.9931801339769498,1.0084403823683232,0.0,,,,,,,
298,303960,0,8,1658,2.771539367113803,4.0304298671573235,255.72984534536977,256.4245231599735,1.0027164518621812,1.0879836407825705,0.0,22.77816261066885,22.77816261066885,22.77816261066885,-75.56145536300197,14.963849381878653,phase,-9.413564718380163,dither_fold,0.9987973080193562,-25.2599763600844,-9.413564718380163,-0.3950512645599729,-0.42788923382808264,285.5625,-29.71775212724706,6.38388373222996,-7.392529080780901,3.290169224930657,-1.5203536679038043,-8.116493201642113,3.6704564578443133,-1.6406134886448693,-7.3925290807809,3.2901692249306587,-1.520353667903804,-8.116493201642113,3.670456457844313,-1.6406134886448693,-18.518717643238695,-18.21261816691741,-0.09784720492335086,-7.392529080780901,3.290169224930657,-1.5203536679038043,-7.3925290807809,3.2901692249306587,-1.520353667903804,nan,-18.518717643238695,nan,-18.21261816691741,False,19.51743317018139,1aa1f263cc28056a,,2.771539367113803,4.0304298671573235,-0.0012026919806438219,dither_mag,22.77816261066885,19,-4.022204278788427,-6.722852544837338,0.9929710982650178,1.0086528854972778,0.0,,,,,,,
299,304980,0,8,90,-10.280026937404836,-11.059523294110193,257.676252638153,258.70680274455424,1.0039993988419584,1.1495523644501515,0.0,-57.4593819718824,-57.4593819718824,-57.4593819718824,-132.66671012409415,10.962439748713344,phase,-10.798072571256256,dither_fold,1.0025255732186829,-21.178471650132355,-10.798072571256256,-0.3788427069266791,-0.40637472007185116,283.8125,-31.85721929865318,5.521483202597492,-6.639294859406936,3.7263196095162203,-1.3952317042204214,-7.205163120651151,3.866540158772513,-1.4892297542609887,-6.639294859406935,3.7263196095162208,-1.3952317042204214,-7.205163120651152,3.8665401587725134,-1.4892297542609887,-17.063530172747782,-17.223285404756624,0.8550724527396873,-6.639294859406936,3.7263196095162203,-1.3952317042204214,-6.639294859406935,3.7263196095162208,-1.3952317042204214,nan,-17.063530172747782,nan,-17.223285404756624,False,15.25716408147658,4f4fc72123f1560f,,-10.280026937404836,-11.059523294110193,0.0025255732186828528,dither_mag,-57.4593819718824,20,-7.645682781212479,-10.560479154144266,0.9934099669772409,1.0082082088855715,0.0,20,-7.958954224896682,0.513024705468459,-7.958954224896682,inside-deadband,,
