iteration,cycles,rotation,events_used,align_n0,offset_a_codes,offset_b_codes,gain_a_codes,gain_b_codes,gain_ratio,tone_ratio,skew_a_ps,skew_b_ps,skew_mismatch_ps,skew_phase_ps,skew_diff_route_ps,skew_centroid_ps,skew_source,skew_used_ps,skew_observable,gain_mag_ratio,skew_slope_ps,skew_fold_ps,phase_a_samples,phase_b_samples,dither_peak_a_codes,dbc_ab_coherent,dbc_ab_coherent_cal,snr_dither_db,snr_dither_db_cal,raw_a_sndr_db,raw_a_sfdr_db,raw_a_enob,raw_b_sndr_db,raw_b_sfdr_db,raw_b_enob,cal_a_sndr_db,cal_a_sfdr_db,cal_a_enob,cal_b_sndr_db,cal_b_sfdr_db,cal_b_enob,raw_difference_dbc,cal_difference_dbc,cal_dc_difference_codes,raw_sndr_db,raw_sfdr_db,raw_enob,cal_sndr_db,cal_sfdr_db,cal_enob,raw_offset_spur_dbc,raw_image_spur_dbc,cal_offset_spur_dbc,cal_image_spur_dbc,swapped,align_margin,frame_sha1,rejected,offset_error_a,offset_error_b,gain_error,gain_source,skew_error_ps,skew_batch_n,offset_a_state,offset_b_state,gain_corr_a,gain_corr_b,skew_cmd_ps,skew_batch_used,skew_batch_mean_ps,skew_batch_se_ps,skew_batch_error_ps,skew_action,skew_step_codes,skew_code
0,0,0,8,6366,-4.8,-7.433333333333334,259.8513101076707,251.6666772917927,0.9685026301676652,1.3370246057339965,0.0,-418.0003491363329,-418.0003491363329,-418.0003491363329,-604.4490815285556,137.83056182857032,phase,-200.64593271584297,dither_phase,1.0020332090816673,-200.64593271584297,-73.34826248897922,-0.30291087002241873,-0.5637505825530146,282.25,-14.538434156401866,-14.538434156401866,7.234640430963964,7.234640430963964,-5.588228178875026,5.634791950041121,-1.2206359101121307,-8.814831743438582,0.42883616604274644,-1.7566165686775053,-5.588228178875026,5.634791950041121,-1.2206359101121307,-8.814831743438582,0.42883616604274644,-1.7566165686775053,-4.039631152825001,-4.039631152825001,3.235761826006887,-5.588228178875026,5.634791950041121,-1.2206359101121307,-5.588228178875026,5.634791950041121,-1.2206359101121307,nan,-4.039631152825001,nan,-4.039631152825001,False,16.317197767937728,a76fd442a4ed723f,,-4.8,-7.433333333333334,0.0020332090816672643,dither_mag,-418.0003491363329,1,-1.68,-2.6016666666666666,1.0003558115892917,0.9996449103821441,0.0,,,,,,,
1,1020,0,8,1726,-2.1957810064384753,-3.9386009469056473,263.5110532424952,253.90576122454195,0.9635488079161748,1.7195587749323422,0.0,-174.57182867059532,-174.57182867059532,-174.57182867059532,-481.76851971607107,135.0308700713706,phase,-185.58169296022854,dither_phase,1.00504601684057,-185.58169296022854,-68.35067067382906,-0.2855620166677149,-0.526818217516012,283.8125,-14.682068287040497,-14.704762731655999,6.808855267093841,7.058431226216202,-5.45387147049944,4.264419817558171,-1.1983175200165184,-7.898360462885541,1.2876679393090589,-1.6043788144328144,-5.45387147049944,4.264419817558171,-1.1983175200165184,-7.898360462885542,1.2876679393090567,-1.6043788144328144,-3.2669119539896387,-3.278539288958,2.31431603840608,-5.45387147049944,4.264419817558171,-1.1983175200165184,-5.45387147049944,4.264419817558171,-1.1983175200165184,nan,-3.2669119539896387,nan,-3.278539288958,False,19.505222565460066,6b112a508435b269,,-2.1957810064384753,-3.9386009469056473,0.0050460168405699335,dither_mag,-174.57182867059532,2,-2.4482499999999927,-3.980666666666666,1.001239178736864,0.9987666029520612,0.0,,,,,,,
2,2040,0,8,5074,2.2844106228863645,0.06392106258894613,259.2305507169517,250.74256762626513,0.9672570109224725,1.7253370188099928,0.0,-354.46645627985316,-354.46645627985316,-354.46645627985316,-798.2180180444568,135.76768120294412,phase,-206.56310388991415,dither_phase,0.9894993768301547,-206.56310388991415,-75.06319418291372,-0.3084730260355636,-0.577005061092452,284.0,-14.40402342548532,-14.426762425321915,7.056377439843704,7.303539955926114,-6.174084066877318,3.7179768125620107,-1.3179541639331094,-8.821958275586956,0.4818980690084443,-1.757800378004478,-6.174084066877317,3.717976812562012,-1.3179541639331092,-8.821958275586956,0.48189806900844345,-1.757800378004478,-2.2138728343789498,-2.2510695248038126,0.14086417997178957,-6.174084066877318,3.7179768125620107,-1.3179541639331094,-6.174084066877317,3.717976812562012,-1.3179541639331092,nan,-2.2138728343789498,nan,-2.2510695248038126,False,16.22767308322296,682b5be9e23b4581,,2.2844106228863645,0.06392106258894613,-0.010500623169845347,dither_mag,-354.46645627985316,3,-1.6496958333333327,-3.958266666666661,0.9993992925560737,1.0006214222638419,0.0,,,,,,,
3,3060,0,8,5154,0.2745308215014576,0.7920919178640322,261.69531510435104,252.0458774774983,0.9631272053035989,1.7113231899632142,0.0,-379.70560618765717,-379.70560618765717,-379.70560618765717,-825.963469108908,134.44095841403936,phase,-181.75367784427084,dither_phase,0.995501590781214,-181.75367784427084,-66.32064526876977,-0.2859558727561752,-0.5222356539537273,284.5,-14.865659074532546,-14.901442310435883,7.25701994539289,7.39486322145762,-6.421135809813595,3.5637146931078707,-1.3589926594374744,-8.724170029929883,0.8627375773432571,-1.7415564833770572,-6.4211358098135936,3.56371469310787,-1.3589926594374742,-8.724170029929882,0.8627375773432587,-1.741556483377057,-4.303275528269902,-4.281483460989347,0.07975971788340486,-6.421135809813595,3.5637146931078707,-1.3589926594374744,-6.4211358098135936,3.56371469310787,-1.3589926594374742,nan,-4.303275528269902,nan,-4.281483460989347,False,15.395677315045981,2767966628492078,,0.2745308215014576,0.7920919178640322,-0.00449840921878597,dither_mag,-379.70560618765717,4,-1.553552291666658,-3.68120666666667,0.9986125438326693,1.0014126925316336,0.0,,,,,,,
4,4080,0,7,4476,1.8218543699130134,0.6195807089539682,260.1327880469118,251.26416486207222,0.9659073227507168,1.4728475380097457,0.0,-212.37703735974276,-212.37703735974276,-212.37703735974276,-491.1027489318558,132.35729709838594,phase,-190.41157843721385,dither_phase,1.0051343351661206,-190.41157843721385,-70.53541076352678,-0.29306594165849165,-0.5406009936268696,282.5,-14.658579339432086,-14.677911133817819,6.893171572072657,6.8917101145622635,-6.264431197728956,3.7592081597262377,-1.3329619929782321,-8.659214084951737,0.7754751359901723,-1.7307664592943086,-6.264431197728957,3.7592081597262395,-1.3329619929782321,-8.659214084951737,0.7754751359901723,-1.7307664592943086,-5.29361490882307,-5.2393605098362706,0.1540131638921728,-6.264431197728956,3.7592081597262377,-1.3329619929782321,-6.264431197728957,3.7592081597262395,-1.3329619929782321,nan,-5.29361490882307,nan,-5.2393605098362706,False,16.29521534707873,ff2b7143f57036f5,,1.8218543699130134,0.6195807089539682,0.005134335166120607,dither_mag,-212.37703735974276,5,-0.9150173229166547,-3.464659333333326,0.999509805845367,1.0005175107245297,0.0,,,,,,,
5,5100,0,8,4658,-3.6456947023959003,-4.662752442941649,260.4857674506357,251.31191122715157,0.9647817371625778,1.4604683570113823,0.0,-186.29133876229216,-186.29133876229216,-186.29133876229216,-468.34260453912594,125.30530591406912,phase,-201.18262715196653,dither_phase,0.9996686096657768,-201.18262715196653,-65.648460080571,-0.33804597603040176,-0.5995833913279582,284.0625,-14.707114872610486,-14.710911114258046,6.992780859926976,7.068206863208017,-6.544469909108429,4.715949099668027,-1.3794800513469152,-8.797246739043619,0.9249989166897434,-1.7536954716019302,-6.544469909108429,4.715949099668025,-1.3794800513469152,-8.797246739043617,0.9249989166897434,-1.7536954716019297,-5.023424370917113,-5.004525634057247,-0.14500245446117743,-6.544469909108429,4.715949099668027,-1.3794800513469152,-6.544469909108429,4.715949099668025,-1.3794800513469152,nan,-5.023424370917113,nan,-5.004525634057247,False,17.524206371973115,ba88262fadec5d2c,,-3.6456947023959003,-4.662752442941649,-0.00033139033422324715,dither_mag,-186.29133876229216,6,-2.1916362598958203,-5.095778566666667,0.9994518409648587,1.0005755532799196,0.0,,,,,,,
6,6120,0,8,4454,-5.955097609185373,-6.374554885541936,262.5011041938175,253.3731259629836,0.9652268958682387,1.5437219013742685,0.0,-221.9042345427826,-221.9042345427826,-221.9042345427826,-556.3111461707077,133.5532051417881,phase,-186.05555922230585,dither_phase,1.0038291562615544,-186.05555922230585,-69.09282609405336,-0.28534951432236444,-0.527221741311362,281.5,-14.65710353458434,-14.682527319037362,6.618288477138376,6.935145961491779,-6.258555937921737,3.9502765366962533,-1.3319860361996243,-8.417687508967536,4.241429491285295,-1.6906457656092253,-6.258555937921736,3.9502765366962542,-1.331986036199624,-8.417687508967534,4.241429491285295,-1.6906457656092249,-3.793423492823819,-3.7757651007704833,1.122923144947948,-6.258555937921737,3.9502765366962533,-1.3319860361996243,-6.258555937921736,3.9502765366962542,-1.331986036199624,nan,-3.793423492823819,nan,-3.7757651007704833,False,17.989306062152586,2fa25fcfb61d3596,,-5.955097609185373,-6.374554885541936,0.003829156261554445,dither_mag,-221.9042345427826,7,-4.277063568932279,-7.32558940166666,1.0001215759879754,0.9999076228644771,0.0,,,,,,,
7,7140,0,8,4162,4.727638266355912,2.9586493981935105,260.1806233945325,251.20938050742325,0.9655191736799498,1.240313846589603,0.0,-187.26202412731007,-187.26202412731007,-187.26202412731007,-322.2824331979291,128.1284125765232,phase,-203.77549488713507,dither_phase,0.9997860728849023,-203.77549488713507,-69.52412434810024,-0.3196055819964589,-0.5845137253497344,283.1875,-14.49129173449303,-14.466015315924377,7.044641172690862,6.677900413725059,-6.052257298333222,4.238479346088307,-1.2977171591915653,-9.08076261297433,0.09612313992224447,-1.800791131723311,-6.052257298333224,4.238479346088306,-1.2977171591915655,-9.08076261297433,0.09612313992224164,-1.800791131723311,-4.324906499076822,-4.328811351584092,0.9795561639359098,-6.052257298333222,4.238479346088307,-1.2977171591915653,-6.052257298333224,4.238479346088306,-1.2977171591915655,nan,-4.324906499076822,nan,-4.328811351584092,False,16.358002499687366,bd66bf5147dfc708,,4.727638266355912,2.9586493981935105,-0.00021392711509771178,dither_mag,-187.26202412731007,8,-2.6225913198059754,-6.289966444416659,1.000084134191363,0.9999450646610891,0.0,,,,,,,
8,8160,0,7,6166,1.1643559403768549,2.0398543781686693,260.7756968248623,252.0056978928842,0.9663695695620438,1.6130254036026468,0.0,-275.2988903764075,-275.2988903764075,-275.2988903764075,-651.9881919340576,133.3087652750642,phase,-210.8454838808531,dither_phase,0.9956340127442397,-210.8454838808531,-71.10261239348941,-0.33406929089703385,-0.6081684199421429,285.0,-14.491190967450308,-14.481433666328918,6.911826163998206,6.916803052962419,-5.7936513961383875,4.504950194830137,-1.2547593681293003,-9.056399372672145,-0.0969250381518576,-1.7967440818392268,-5.7936513961383875,4.504950194830137,-1.2547593681293003,-9.056399372672145,-0.09692503815185959,-1.7967440818392268,-5.055511729660483,-5.0584310452985015,-1.2515249086948874,-5.7936513961383875,4.504950194830137,-1.2547593681293003,-5.7936513961383875,4.504950194830137,-1.2547593681293003,nan,-5.055511729660483,nan,-5.0584310452985015,False,16.49643689902829,4595cebd2fc43edf,,1.1643559403768549,2.0398543781686693,-0.004365987255760317,dither_mag,-275.2988903764075,9,-2.215101024540557,-5.5759781888708275,0.9993200221390638,1.0007124207244171,0.0,,,,,,,
9,9180,0,8,142,-8.77892543864557,-9.680913784755889,258.55174803506765,249.5896603012292,0.9653373539264453,1.4379139659361635,0.0,-369.7064711711545,-369.7064711711545,-369.7064711711545,-610.5094124400027,136.91833861346828,phase,-206.66356572920438,dither_phase,1.0091430253564164,-206.66356572920438,-68.27294063076228,-0.3416236074430978,-0.6102862428910635,282.5,-14.649344200312587,-14.653456821321269,5.8509206393251105,6.1947364862243095,-6.599120303203934,3.8877785952034323,-1.3885581899009858,-9.714844331067635,-0.24163805055383417,-1.9061203207753548,-6.599120303203931,3.887778595203434,-1.3885581899009856,-9.714844331067635,-0.24163805055383417,-1.9061203207753548,-4.5100472351780985,-4.485544075806093,0.1346253295898432,-6.599120303203934,3.8877785952034323,-1.3885581899009858,-6.599120303203931,3.887778595203434,-1.3885581899009856,nan,-4.5100472351780985,nan,-4.485544075806093,False,15.25076369125686,fae173fefacdc1c4,,-8.77892543864557,-9.680913784755889,0.009143025356416423,dither_mag,-369.7064711711545,10,-5.289815665951362,-8.961885822766039,1.0009189635918425,0.9991257582878035,0.0,,,,,,,
10,10200,0,8,6450,-4.380873167431881,-2.2028533325206276,260.42520454976295,250.68884597229732,0.96261360879298,1.2394673566317045,0.0,-267.6351535032604,-267.6351535032604,-267.6351535032604,-402.0813877545687,138.27748370048838,phase,-198.57844114382277,dither_phase,0.9905093149349942,-198.57844114382277,-69.32355075591721,-0.29757189957843455,-0.5557238730654042,283.125,-14.574027748723733,-14.50245821825938,7.060063057397872,7.432298375015622,-5.6600534154744375,5.430483209720961,-1.232567012537282,-8.601589102418448,0.21175698652940106,-1.7211942030595428,-5.660053415474438,5.430483209720961,-1.232567012537282,-8.60158910241845,0.2117569865293992,-1.721194203059543,-6.641990431647498,-6.670024433373659,-1.8307867915095857,-5.6600534154744375,5.430483209720961,-1.232567012537282,-5.660053415474438,5.430483209720961,-1.232567012537282,nan,-6.641990431647498,nan,-6.670024433373659,False,15.44457651173895,b65c71c5e98dd417,,-4.380873167431881,-2.2028533325206276,-0.009490685065005833,dither_mag,-267.6351535032604,11,-6.821713516201719,-9.733559118131256,0.9992565674265101,1.0008010760860533,0.0,,,,,,,
11,11220,0,8,2638,0.07166020203782182,-0.01645405226603691,259.7076238457487,250.70080814582192,0.9653194020007811,1.3343638609455803,0.0,-115.37311828618242,-115.37311828618242,-115.37311828618242,-327.9841961951843,130.09129849270684,phase,-207.90455931464209,dither_phase,0.9861681209505997,-207.90455931464209,-68.90753169409703,-0.3307184878194761,-0.6009944149285108,285.0,-14.46870805274487,-14.524198857115206,6.373126258786153,7.147044371262621,-6.175819203100023,3.9065220982846456,-1.318242392541532,-9.30288310656568,0.03459848404777355,-1.8376882236820067,-6.175819203100024,3.9065220982846443,-1.3182423925415323,-9.30288310656568,0.03459848404777355,-1.8376882236820067,-4.774640448654085,-4.7422052216523305,-0.7106550035950228,-6.175819203100023,3.9065220982846456,-1.318242392541532,-6.175819203100024,3.9065220982846443,-1.3182423925415323,nan,-4.774640448654085,nan,-4.7422052216523305,False,16.97378231727109,deac3dc06e545746,,0.07166020203782182,-0.01645405226603691,-0.013831879049400309,dither_mag,-115.37311828618242,12,-6.796613785531115,-9.739313426785314,0.9968377881300167,1.0032575719410683,0.0,,,,,,,
12,12240,0,8,6758,8.868480807815864,8.215990704421017,260.6543478106221,253.62806683714422,0.9730436839726809,1.6747574664792506,0.0,-342.5148113451879,-342.5148113451879,-342.5148113451879,-752.6563532359413,140.300582001188,phase,-188.235838294831,dither_phase,1.0026847752364072,-188.235838294831,-76.27814449226412,-0.2823362486435773,-0.5270428384268576,281.0,-14.753500692093253,-14.732402397607114,7.300604869293032,6.29406641465398,-6.267442907766948,3.879965077453058,-1.3334622770376992,-8.016827893704846,1.2105803700782398,-1.624057789651968,-6.267442907766946,3.8799650774530585,-1.333462277037699,-8.016827893704846,1.210580370078239,-1.624057789651968,-5.050667472386206,-4.932906408873921,0.5893035428407405,-6.267442907766948,3.879965077453058,-1.3334622770376992,-6.267442907766946,3.8799650774530585,-1.333462277037699,nan,-5.050667472386206,nan,-4.932906408873921,False,15.904600881927351,9d6b34fa6694ed05,,8.868480807815864,8.215990704421017,0.0026847752364071997,dither_mag,-342.5148113451879,13,-3.68279896059522,-6.873053727410457,0.9973061380764668,1.0027874678749686,0.0,,,,,,,
13,13260,0,8,1138,0.7474466703456073,0.7919217143058328,261.13482466101783,251.81061461762928,0.964293502195686,1.4835647683339979,0.0,-198.1562594557539,-198.1562594557539,-198.1562594557539,-493.49793555103855,135.0558551797559,phase,-198.06284047431754,dither_phase,1.000097498659179,-198.06284047431754,-74.43713553631365,-0.3057993939487955,-0.5632810865654083,284.625,-14.690441493492434,-14.748331511152625,7.182207059052649,7.3775677613163335,-6.522845145799544,3.012446198234338,-1.3758878979733464,-8.772366272081277,0.8944279468015139,-1.7495625036679863,-6.522845145799543,3.0124461982343393,-1.3758878979733462,-8.772366272081278,0.8944279468015139,-1.7495625036679865,-5.628707904027709,-5.5187020909589855,1.0175420270309425,-6.522845145799544,3.012446198234338,-1.3758878979733464,-6.522845145799543,3.0124461982343393,-1.3758878979733462,nan,-5.628707904027709,nan,-5.5187020909589855,False,19.357556272493063,cfb5c868b0635da2,,0.7474466703456073,0.7919217143058328,9.749865917907385e-05,dither_mag,-198.1562594557539,14,-3.4204859910535603,-6.59665158948346,0.9973231543784362,1.0027703597171183,0.0,,,,,,,
14,14280,0,8,4142,-0.41174221367920916,-0.8222868139204328,258.8400322818641,252.7322616547919,0.9764032998557921,1.3366118689376485,0.0,-284.7088509466262,-284.7088509466262,-284.7088509466262,-452.85277852109584,129.2163029730443,phase,-198.02914221446477,dither_phase,1.0109022685535414,-198.02914221446477,-67.23947738720268,-0.3281086920210619,-0.5855465768998661,283.4375,-14.72049258701528,-14.71570137489101,6.78408570824015,6.842233903706721,-6.238211700213251,4.099393290787972,-1.3286065947198091,-8.984792855561883,0.40060922816460987,-1.7848493115551303,-6.238211700213252,4.099393290787973,-1.3286065947198094,-8.984792855561881,0.40060922816461164,-1.7848493115551298,-5.570338322053358,-5.461915213320187,0.249572961847486,-6.238211700213251,4.099393290787972,-1.3286065947198091,-6.238211700213252,4.099393290787973,-1.3286065947198094,nan,-5.570338322053358,nan,-5.461915213320187,False,16.378872219728503,0999b7f81c2d617f,,-0.41174221367920916,-0.8222868139204328,0.010902268553541372,dither_mag,-284.7088509466262,15,-3.5649825608514782,-6.883656866497571,0.9992259442295836,1.0008778102418938,0.0,,,,,,,
15,15300,0,8,998,-3.9985865791416813,-6.054986934798498,262.08060510694185,252.73929626068545,0.9643571150850911,1.498108920855572,0.0,-225.31639979690206,-225.31639979690206,-225.31639979690206,-525.991975428291,135.96148372920234,phase,-207.72941942330144,dither_phase,0.9929518486841297,-207.72941942330144,-72.11487014724018,-0.32046977910905633,-0.5905180243593482,283.625,-14.421723105685341,-14.455597797248867,6.629639499308293,7.108889962028472,-5.664640537226907,4.486639043490062,-1.233328992894835,-8.903007029167577,0.5647588646104128,-1.7712636261075712,-5.664640537226907,4.486639043490061,-1.233328992894835,-8.903007029167577,0.5647588646104136,-1.7712636261075712,-3.7604137753328604,-3.7312363573884437,0.8933112647326942,-5.664640537226907,4.486639043490062,-1.233328992894835,-5.664640537226907,4.486639043490061,-1.233328992894835,nan,-3.7604137753328604,nan,-3.7312363573884437,False,18.571048852436512,d03f13bc6a88e27f,,-3.9985865791416813,-6.054986934798498,-0.007048151315870332,dither_mag,-225.31639979690206,16,-4.965571997886788,-9.001043629890088,0.9979934724901907,1.0021210822054942,0.0,,,,,,,
16,16320,0,8,5194,-3.5273360750955285,-3.673398124571927,261.235800301384,253.1580898571123,0.9690788535302107,1.3704776413054236,0.0,-238.13804753795355,-238.13804753795355,-238.13804753795355,-440.8522409154446,128.46237865555628,phase,-183.85255583056053,dither_phase,1.0044752582789649,-183.85255583056053,-69.2507679311409,-0.28693563308821957,-0.5259439556679483,282.125,-14.79533702278551,-14.900830808683592,6.13673205698815,7.012245265044533,-5.826544095618904,4.037588065351001,-1.2602232716974924,-8.4558582078045,0.8745872769539713,-1.6969864132565615,-5.826544095618905,4.037588065351002,-1.2602232716974926,-8.4558582078045,0.8745872769539713,-1.6969864132565615,-3.7713258359062767,-3.7098334050324238,-0.4864203114983523,-5.826544095618904,4.037588065351001,-1.2602232716974924,-5.826544095618905,4.037588065351002,-1.2602232716974926,nan,-3.7713258359062767,nan,-3.7098334050324238,False,15.300903672194387,f2b4b1c74ef81db6,,-3.5273360750955285,-3.673398124571927,0.004475258278964889,dither_mag,-238.13804753795355,17,-6.202621798626411,-10.284011692761887,0.9987750712364607,1.0013397475128547,0.0,,,,,,,
17,17340,0,7,2918,-4.104843893350087,-5.577617575177279,260.66158607889776,253.1923879740586,0.9713452288187245,1.980868437054692,0.0,-387.94034802359135,-387.94034802359135,-387.94034802359135,-1038.3341932208132,136.118917474207,phase,-188.06232070261746,dither_phase,1.0122863930367434,-188.06232070261746,-73.59026699935124,-0.28482895424692983,-0.5293099711603325,282.0,-14.777293195501098,-14.766856550005862,6.109110840491569,6.808793057169468,-5.282139919569346,4.388833912336647,-1.1697906843138448,-8.41731795101001,1.3413977863804691,-1.6905843772441878,-5.282139919569345,4.388833912336649,-1.1697906843138448,-8.41731795101001,1.3413977863804691,-1.6905843772441878,-6.407839979922063,-6.359357278127885,-0.30406526364435305,-5.282139919569346,4.388833912336647,-1.1697906843138448,-5.282139919569345,4.388833912336649,-1.1697906843138448,nan,-6.407839979922063,nan,-6.359357278127885,False,13.525241203432781,bf28fdf2a0cc3eaa,,-4.104843893350087,-5.577617575177279,0.012286393036743393,dither_mag,-387.94034802359135,18,-7.641079169107169,-12.233565933628558,1.0009225562755504,0.9992128796496396,0.0,,,,,,,
18,18360,0,7,3446,5.195868231771504,7.028029670746582,260.0771606424191,250.4014753415274,0.9627968666030048,1.4561818629005163,0.0,-178.4602936084706,-178.4602936084706,-178.4602936084706,-402.7177083309426,134.08068266261722,phase,-194.88643344054066,dither_phase,1.0005947640125692,-194.88643344054066,-73.9254674990712,-0.2819118334409594,-0.5352641969136622,281.2857142857143,-14.544492317362776,-14.438947384809367,6.946113864440452,6.214692535209502,-5.401826698918075,4.559281513562342,-1.189672209122604,-8.261558252530667,1.0295754563612767,-1.6647106731778518,-5.401826698918076,4.559281513562344,-1.189672209122604,-8.26155825253067,1.029575456361276,-1.664710673177852,-5.474455703764417,-5.506661075305733,-2.488433896021766,-5.401826698918075,4.559281513562342,-1.189672209122604,-5.401826698918076,4.559281513562344,-1.189672209122604,nan,-5.474455703764417,nan,-5.506661075305733,False,15.313715807917978,ccba87b6d4cde276,,5.195868231771504,7.028029670746582,0.0005947640125691933,dither_mag,-178.4602936084706,19,-5.824201459919661,-9.771817856858569,1.0010267360008227,0.9991089396935855,0.0,,,,,,,
19,19380,0,8,4686,-2.553417536772283,-3.1628613294409487,261.7524936391614,252.0551155536636,0.9629521081129943,1.5975630413705975,0.0,-245.83948413584775,-245.83948413584775,-245.83948413584775,-616.205917121797,128.13298238048137,phase,-197.65299135988934,dither_phase,0.9907132906642897,-197.65299135988934,-67.53795895336971,-0.3230493879447136,-0.5799982767125698,282.875,-14.85055997204662,-14.842204594428441,6.681349973848478,7.27224463288303,-6.2614293538662045,4.114113603483258,-1.3324633478183066,-8.745457876303856,0.19555990744687587,-1.7450926704823682,-6.261429353866204,4.1141136034832595,-1.3324633478183063,-8.745457876303856,0.19555990744687496,-1.7450926704823682,-5.354608261357097,-5.393971411199995,0.22239816055113693,-6.2614293538662045,4.114113603483258,-1.3324633478183066,-6.261429353866204,4.1141136034832595,-1.3324633478183063,nan,-5.354608261357097,nan,-5.393971411199995,False,17.614436280304677,e2fa6a23cbf7f45c,,-2.553417536772283,-3.1628613294409487,-0.009286709335710297,dither_mag,-245.83948413584775,20,-6.7169809489477785,-10.879806606958068,0.9993998932422827,1.0007478861182357,0.0,20,-196.82366294589616,2.0207966493851974,-196.82366294589616,move+1:OK,1,25
20,20400,0,8,3122,-0.41610252850611007,0.7470315506236982,260.3335868101113,252.2910602279795,0.9691068421839936,1.5476804673745943,0.0,-199.59572653913864,-199.59572653913864,-199.59572653913864,-539.7008434648033,123.74767661445784,phase,-173.52727910562893,dither_phase,1.0016861839732631,-173.52727910562893,-66.34393271859791,-0.29210552078375995,-0.5176909836210776,283.875,-15.51544690916159,-15.482379347899043,6.979782366228821,7.127954480491909,-5.587801268032289,4.8872703102111545,-1.220564994689749,-8.121771306779781,1.3860856703212514,-1.6414902502956448,-5.58780126803229,4.887270310211153,-1.2205649946897492,-8.121771306779781,1.386085670321253,-1.6414902502956448,-5.263286596271213,-5.238632933610065,-1.7952869100208235,-5.587801268032289,4.8872703102111545,-1.220564994689749,-5.58780126803229,4.887270310211153,-1.2205649946897492,nan,-5.263286596271213,nan,-5.238632933610065,False,14.83839094627575,5baa54db582bf9de,,-0.41610252850611007,0.7470315506236982,0.0016861839732631445,dither_mag,-199.59572653913864,1,-6.862704283482729,-10.618540961189415,0.9996947983567844,1.0004530803318294,0.0,,,,,,,
21,21420,0,7,5910,-2.8447605591885936,-1.4237704957441255,258.0451849712677,250.170856743847,0.9694846922708614,1.2264164533053277,0.0,-78.60457943866243,-78.60457943866243,-78.60457943866243,-219.47755669153435,120.90158230138073,phase,-193.81322426585618,dither_phase,0.9969124008171307,-193.81322426585618,-64.76305950661354,-0.35051396542059465,-0.6024711569662077,281.92857142857144,-15.219873031789177,-15.254998500154946,5.621406257571621,6.675347203431316,-6.594389310060253,3.963839064088244,-1.387772310641238,-9.189751780606363,0.3099929242928125,-1.8188956446189972,-6.594389310060253,3.963839064088245,-1.387772310641238,-9.189751780606363,0.3099929242928134,-1.8188956446189972,-7.984106423513091,-7.96545976529841,-0.8460629654926386,-6.594389310060253,3.963839064088244,-1.387772310641238,-6.594389310060253,3.963839064088245,-1.387772310641238,nan,-7.984106423513091,nan,-7.96545976529841,False,15.403456350282742,f8765d185c8e46f4,,-2.8447605591885936,-1.4237704957441255,-0.0030875991828692717,dither_mag,-78.60457943866243,2,-7.858674450930435,-11.116634958106454,0.9991546334093425,1.0009953292489762,0.0,,,,,,,
22,22440,0,8,2638,7.868683567326271,8.20812995972093,257.22443377732185,249.74115201953668,0.9709075780714386,1.3556392451991508,0.0,-247.09314316550564,-247.09314316550564,-247.09314316550564,-439.4884656847538,120.97538674562195,phase,-188.0560973147276,dither_phase,0.9994849773290297,-188.0560973147276,-62.0648042885204,-0.3496969210088213,-0.5941698475179672,284.375,-15.451620272140191,-15.514623584977533,6.887986615877954,6.621175339038424,-6.700398795166851,4.3778983642908464,-1.4053818596622678,-9.054143686180204,0.2745649567099251,-1.7963693830864127,-6.700398795166851,4.377898364290847,-1.4053818596622678,-9.054143686180204,0.2745649567099251,-1.7963693830864127,-5.808648816012846,-5.777533594238368,-0.7055217207497071,-6.700398795166851,4.3778983642908464,-1.4053818596622678,-6.700398795166851,4.377898364290847,-1.4053818596622678,nan,-5.808648816012846,nan,-5.777533594238368,False,16.941693426398757,81d6ceb7a28a5f39,,7.868683567326271,8.20812995972093,-0.0005150226709702554,dither_mag,-247.09314316550564,3,-5.102305059771444,-8.24664605610253,0.9990645806339407,1.0010855944129993,0.0,,,,,,,
23,23460,0,8,1526,0.9347631788322227,0.7474566108895146,259.38001435139364,252.53212291557543,0.9735990012455583,1.3404736405805224,0.0,-233.20423608920493,-233.20423608920493,-233.20423608920493,-411.20386694802824,126.7058333114205,phase,-182.7206632952381,dither_phase,0.9909526831120176,-182.7206632952381,-69.21948193226554,-0.2978062282042272,-0.5353430904880367,282.25,-15.088177943383085,-15.16372500013963,6.366790029342837,7.113677746285955,-5.330586456402823,5.986305816836595,-1.177838281794489,-7.898844599255316,1.4282761784586304,-1.6044592357566971,-5.330586456402825,5.986305816836593,-1.1778382817944892,-7.898844599255316,1.4282761784586295,-1.6044592357566971,-4.942394806329242,-4.906504494721073,-0.9352788203391156,-5.330586456402823,5.986305816836595,-1.177838281794489,-5.330586456402825,5.986305816836593,-1.1778382817944892,nan,-4.942394806329242,nan,-4.906504494721073,False,19.289464683541198,dcd5f8188bcd1e05,,0.9347631788322227,0.7474566108895146,-0.009047316887982437,dither_mag,-233.20423608920493,4,-4.774831622184777,-7.985319936466648,0.9974827812097437,1.0026850645822871,0.0,,,,,,,
24,24480,0,8,8150,2.5018513555630078,3.110315637496111,259.38494217603045,252.01574152862426,0.9715897130126964,1.4504982615420436,0.0,-186.57297885488168,-186.57297885488168,-186.57297885488168,-456.8249303314301,127.6220705959365,phase,-194.07236596212783,dither_phase,0.9907543000610887,-194.07236596212783,-69.09318722260852,-0.3382841791794137,-0.5905782549301799,284.9375,-15.194050302249682,-15.1848007352819,6.921992809254186,6.770236031471687,-6.1492995999344515,4.523881042777785,-1.3138371428462545,-9.34636925241717,-0.0476559475192392,-1.8449118359496963,-6.149299599934449,4.523881042777786,-1.313837142846254,-9.34636925241717,-0.04765594751923968,-1.8449118359496963,-6.1675077058107055,-6.064751911104582,0.17533992119501463,-6.1492995999344515,4.523881042777785,-1.3138371428462545,-6.149299599934449,4.523881042777786,-1.313837142846254,nan,-6.1675077058107055,nan,-6.064751911104582,False,15.091706351038102,e6bb7c41227237cf,,2.5018513555630078,3.110315637496111,-0.009245699938911334,dither_mag,-186.57297885488168,5,-3.8969738877534423,-6.89962462536999,0.9958688565741168,1.0043225461626972,0.0,,,,,,,
25,25500,0,8,4298,4.1298421438397455,5.360194592939232,258.298603573386,252.89895305355546,0.9790953166407792,1.3243342255277972,0.0,-213.16822720854037,-213.16822720854037,-213.16822720854037,-381.74840237058714,122.81448890168323,phase,-190.4085400766957,dither_phase,1.0105199537517657,-190.4085400766957,-66.75595196979145,-0.3415779259605659,-0.5891090280602703,282.75,-15.307705385253119,-15.323952087845132,6.798127658420005,6.59873778013515,-6.212359985682684,4.176553935489636,-1.3243122899805124,-9.504421460052907,-0.421216524479262,-1.8711663554905162,-6.212359985682684,4.176553935489636,-1.3243122899805124,-9.504421460052907,-0.421216524479262,-1.8711663554905162,-3.9480413804726187,-3.7931631374785546,-0.7376585923676133,-6.212359985682684,4.176553935489636,-1.3243122899805124,-6.212359985682684,4.176553935489636,-1.3243122899805124,nan,-3.9480413804726187,nan,-3.7931631374785546,False,17.01478308875856,f218b9811292218f,,4.1298421438397455,5.360194592939232,0.010519953751765732,dither_mag,-213.16822720854037,6,-2.445533027039736,-5.031631006490489,0.9977022430790639,1.0024928448567552,0.0,,,,,,,
26,26520,0,8,102,-9.345443959769945,-9.99321859088521,260.3820417660439,253.67214601112434,0.9742305740080628,1.0319545821818537,0.0,-227.31006666387304,-227.31006666387304,-227.31006666387304,-264.3628262926128,128.16668326725934,phase,-185.09180390137402,dither_phase,1.0004329320073522,-185.09180390137402,-67.76625717606042,-0.31447064561121957,-0.5550899906830058,283.9375,-15.25227350896741,-15.268948880374067,6.11202691841585,6.531791646618819,-6.012444758338039,4.8187070593769485,-1.2911037804548238,-8.482026695039298,0.9641022221354791,-1.701333338046395,-6.012444758338038,4.8187070593769485,-1.2911037804548235,-8.4820266950393,0.9641022221354791,-1.7013333380463955,-4.79664037155669,-4.70794772997747,0.6653410280149927,-6.012444758338039,4.8187070593769485,-1.2911037804548238,-6.012444758338038,4.8187070593769485,-1.2911037804548235,nan,-4.79664037155669,nan,-4.70794772997747,False,15.10781118116403,07f832ed2714a7ce,,-9.345443959769945,-9.99321859088521,0.0004329320073521714,dither_mag,-227.31006666387304,7,-5.723971467575821,-8.520560154218815,0.9977778320951601,1.0024169257576192,0.0,,,,,,,
27,27540,0,8,2642,2.651399823467193,1.7915464154235794,260.84502656107145,253.39490064704992,0.9714384973628116,1.589493366626191,0.0,-264.73764033827405,-264.73764033827405,-264.73764033827405,-618.4179262384642,128.8758078544431,phase,-178.98126141329948,dither_phase,1.0026157221760885,-178.98126141329948,-70.1098081192367,-0.2946216271355284,-0.5272972669728178,282.6875,-15.28691118169671,-15.35332449665303,6.876910629498748,7.216117267336032,-5.319269513140453,4.922255308999706,-1.1759583908871185,-8.484337586117705,1.0872656044861808,-1.7017172069962967,-5.3192695131404495,4.922255308999707,-1.1759583908871178,-8.484337586117705,1.0872656044861808,-1.7017172069962967,-3.812976908305222,-3.724436983224061,0.7606537167758348,-5.319269513140453,4.922255308999706,-1.1759583908871185,-5.3192695131404495,4.922255308999707,-1.1759583908871178,nan,-3.812976908305222,nan,-3.724436983224061,False,16.878199289405362,54fa2a58d51eb884,,2.651399823467193,1.7915464154235794,0.0026157221760885196,dither_mag,-264.73764033827405,8,-4.793914787257619,-7.895030766908899,0.9982345662755487,1.0019592651387308,0.0,,,,,,,
28,28560,0,8,5978,3.849606542536719,4.090529527118306,258.96196648649374,253.7068807910269,0.9797071138794394,1.2410907216944485,0.0,-338.50215228490435,-338.50215228490435,-338.50215228490435,-452.0078410449064,123.5202078219544,phase,-182.64105275556702,dither_phase,1.0101828743064927,-182.64105275556702,-72.90150337146953,-0.3088000222728469,-0.546233390855084,282.875,-15.38559670157209,-15.392105240736287,7.215290705994525,7.133371140879251,-6.355337093715173,3.3044134887758365,-1.3480626401520222,-8.422448552783097,4.327675290017137,-1.6914366366749332,-6.355337093715175,3.304413488775836,-1.3480626401520224,-8.422448552783099,4.327675290017134,-1.6914366366749334,-3.8436442183519093,-3.784632503562187,0.07331215421716841,-6.355337093715173,3.3044134887758365,-1.3480626401520222,-6.355337093715175,3.304413488775836,-1.3480626401520224,nan,-3.8436442183519093,nan,-3.784632503562187,False,16.295523101513012,163e8dfc1c36866d,,3.849606542536719,4.090529527118306,0.010182874306492673,dither_mag,-338.50215228490435,9,-3.444169611717453,-6.466144998490782,1.0000134232709852,1.00019176891066,0.0,,,,,,,
29,29580,0,8,1794,1.7358595789848814,4.383652152176107,261.15941443552146,250.90601101391323,0.9607389094367121,1.4952616925430133,0.0,-183.33407014562036,-183.33407014562036,-183.33407014562036,-488.82154940503256,131.34005605033477,phase,-178.45806725795103,dither_phase,1.0079526257380036,-178.45806725795103,-68.23098319855173,-0.2865130795624424,-0.5185085669977787,282.6875,-15.131255468380502,-15.1910201395782,7.008173639294898,7.343904865909482,-5.314806358776698,3.400148048866839,-1.175217003119053,-7.81614470623336,1.6760875467465972,-1.5907217119988972,-5.314806358776696,3.4001480488668396,-1.1752170031190525,-7.816144706233359,1.6760875467465963,-1.590721711998897,-4.126574920565037,-4.1233900406534465,-2.0716712129046946,-5.314806358776698,3.400148048866839,-1.175217003119053,-5.314806358776696,3.4001480488668396,-1.1752170031190525,nan,-4.126574920565037,nan,-4.1233900406534465,False,18.19237865982474,8d1c3ab8b60125d0,,1.7358595789848814,4.383652152176107,0.007952625738003594,dither_mag,-183.33407014562036,10,-2.8366269142830074,-4.9321609156856745,1.0014051514564297,0.9988107750472361,0.0,,,,,,,
30,30600,0,8,7414,-9.660261502624802,-9.173583307563106,256.807918460377,250.3457512750857,0.9748365734824943,1.437464824017116,0.0,-231.5719404682342,-231.5719404682342,-231.5719404682342,-475.24739765525493,129.1042275477303,phase,-192.2245933571052,dither_phase,0.9974092639673158,-192.2245933571052,-66.07759432411974,-0.33952891001584534,-0.5894208813800821,282.75,-15.155475086852142,-15.145160813876918,6.151526317059554,6.502621815642538,-6.132305427133865,3.668841209928531,-1.3110141905537982,-8.913757878175044,-0.10462301762571317,-1.773049481424426,-6.132305427133865,3.668841209928529,-1.3110141905537982,-8.913757878175042,-0.1046230176257107,-1.7730494814244258,-5.704815886215125,-5.752944814312261,0.9526781051992499,-6.132305427133865,3.668841209928531,-1.3110141905537982,-6.132305427133865,3.668841209928529,-1.3110141905537982,nan,-5.704815886215125,nan,-5.752944814312261,False,17.71335173142576,4990d6110f021b29,,-9.660261502624802,-9.173583307563106,-0.0025907360326842266,dither_mag,-231.5719404682342,11,-6.212974160950621,-8.146737928529015,1.0009511355848209,0.999264790918845,0.0,,,,,,,
31,31620,0,8,4054,-6.876893815472064,-8.305484644383805,259.1108311422973,250.2412608006285,0.9657692026899569,1.3102089750405002,0.0,-295.2609784631501,-295.2609784631501,-295.2609784631501,-461.03685953811566,132.02457321690318,phase,-190.2506558107057,dither_phase,1.0026997504384014,-190.2506558107057,-67.20493188784125,-0.32936886564993045,-0.5766947182038479,284.1875,-15.363620316424512,-15.269443011696477,6.4723988864238375,7.10434402591711,-7.046903874861787,3.534851844561355,-1.4629408430002968,-9.02301089291887,-0.07288892666368989,-1.7911978227439986,-7.046903874861787,3.5348518445613553,-1.4629408430002968,-9.023010892918869,-0.07288892666368693,-1.7911978227439982,-5.5331610007542364,-5.565289107207018,0.48776096814504344,-7.046903874861787,3.534851844561355,-1.4629408430002968,-7.046903874861787,3.5348518445613553,-1.4629408430002968,nan,-5.5331610007542364,nan,-5.565289107207018,False,17.70466820220465,241afa1f2302c333,,-6.876893815472064,-8.305484644383805,0.002699750438401427,dither_mag,-295.2609784631501,12,-8.617599871284568,-11.055796320210522,1.0014240412815656,0.9987939530909389,0.0,,,,,,,
32,32640,0,8,5298,6.16803758776543,3.5931242777614045,261.1109240267689,254.53645664824404,0.9748211707226357,1.6910045269830731,0.0,-265.4943129845876,-265.4943129845876,-265.4943129845876,-687.5815540475778,131.3668123292158,phase,-171.8685399920948,dither_phase,0.9956928738600948,-171.8685399920948,-63.03230907008868,-0.299998080649374,-0.5234271826390973,283.3125,-15.557953102122458,-15.672418630952867,6.360822824828168,6.799181004826038,-5.844624098204677,4.070625817320362,-1.263226594386159,-8.608563535776476,0.6968963022107671,-1.7223527468067237,-5.8446240982046795,4.070625817320362,-1.2632265943861594,-8.608563535776476,0.6968963022107679,-1.7223527468067237,-4.214591158581969,-4.257405889176491,1.774925510377152,-5.844624098204677,4.070625817320362,-1.263226594386159,-5.8446240982046795,4.070625817320362,-1.2632265943861594,nan,-4.214591158581969,nan,-4.257405889176491,False,15.425693269436893,d11dac2c243e2a54,,6.16803758776543,3.5931242777614045,-0.0043071261399052485,dither_mag,-265.4943129845876,13,-6.461856583001641,-9.796684274803505,1.0006692208401322,0.9995500477059737,0.0,,,,,,,
33,33660,0,8,4826,5.648967795073471,2.0291041970571504,260.6418835068892,252.69334171598945,0.969503973482874,1.2532830543919509,0.0,-169.2995348002072,-169.2995348002072,-169.2995348002072,-308.9390585509208,118.3697577325489,phase,-184.90049438940616,dither_phase,1.0042845858884333,-184.90049438940616,-62.27485500982612,-0.33944005944506395,-0.5798107021512919,282.375,-15.470794442196333,-15.521337391507641,7.051218209237432,7.259409552869034,-6.354452022187297,4.851401366161252,-1.347915618303538,-8.724296528992046,0.22438756188479,-1.7415774965103066,-6.354452022187296,4.851401366161251,-1.3479156183035375,-8.724296528992047,0.2243875618847891,-1.741577496510307,-6.685351542848931,-6.706384119905101,0.19823705775842404,-6.354452022187297,4.851401366161252,-1.347915618303538,-6.354452022187296,4.851401366161251,-1.3479156183035375,nan,-6.685351542848931,nan,-6.706384119905101,False,16.51616335032073,dc7e6f2919028d33,,5.648967795073471,2.0291041970571504,0.004284585888433279,dither_mag,-169.2995348002072,14,-4.486040112284407,-9.08617811195561,1.0014195251540876,0.998803779998953,0.0,,,,,,,
34,34680,0,7,2406,0.4658671516756332,2.20853305647222,261.0094532215276,252.36690122361122,0.9668879732467729,1.2946243830392203,0.0,-74.65176441378055,-74.65176441378055,-74.65176441378055,-268.16460765041427,125.100189428117,phase,-179.59666711928455,dither_phase,0.9981554794060208,-179.59666711928455,-66.58384931329968,-0.30185571469277767,-0.5353313819478476,283.0,-15.359557230996872,-15.32961802043777,7.061409622781246,7.1831338366485875,-6.094379814944747,4.447309699322708,-1.3047142549742106,-8.366263874562414,0.8166528230368063,-1.6821036336482416,-6.094379814944747,4.447309699322707,-1.3047142549742106,-8.366263874562414,0.8166528230368063,-1.6821036336482416,-5.388425982246773,-5.435402518430786,-2.2302859486547004,-6.094379814944747,4.447309699322708,-1.3047142549742106,-6.094379814944747,4.447309699322707,-1.3047142549742106,nan,-5.388425982246773,nan,-5.435402518430786,False,16.87230404853304,a735057658494bae,,0.4658671516756332,2.20853305647222,-0.0018445205939792153,dither_mag,-74.65176441378055,15,-4.323217739651536,-8.312265772771143,1.0010962758400497,0.9991267807552714,0.0,,,,,,,
35,35700,0,8,5978,2.263196109890675,1.4984561484357748,260.5715517117411,252.31333433423478,0.9683072947785105,1.566894003564671,0.0,-146.87525294083562,-146.87525294083562,-146.87525294083562,-521.3170664421696,120.01384735229263,phase,-180.86869143333826,dither_phase,0.987692082612757,-180.86869143333826,-64.61220880804233,-0.3304362532675725,-0.5655655521309122,286.0,-15.612597658995783,-15.603166115746081,7.096330993603859,7.170488300118302,-6.361610658843391,4.3851187830000296,-1.3491047606052144,-9.01696741184159,0.36508961823521097,-1.7901939222328223,-6.361610658843392,4.385118783000028,-1.349104760605215,-9.01696741184159,0.3650896182352119,-1.7901939222328223,-5.1527322171247665,-5.189404644219907,-0.8034232169805697,-6.361610658843391,4.3851187830000296,-1.3491047606052144,-6.361610658843392,4.385118783000028,-1.349104760605215,nan,-5.1527322171247665,nan,-5.189404644219907,False,16.393799330861174,05923f62a105fe70,,2.263196109890675,1.4984561484357748,-0.012307917387243017,dither_mag,-146.87525294083562,16,-3.531966530773503,-7.787347752301243,0.9989400290445994,1.0013056022385498,0.0,,,,,,,
36,36720,0,8,3086,-2.132437415750625,0.35447662098577365,261.33360475588654,253.1775602633701,0.9687906784887652,1.3692533166666294,0.0,-154.65805282332244,-154.65805282332244,-154.65805282332244,-373.41152577337624,126.53376424148033,phase,-172.40989527966804,dither_phase,1.0023680832934614,-172.40989527966804,-67.2248745242337,-0.29105640471849326,-0.5151892685820617,283.0,-15.486552212035923,-15.483268250507237,7.20603170570421,7.266825878677405,-4.993739189496772,4.858697830169943,-1.1218835862951448,-8.344402194090728,1.224841104197412,-1.6784721252642407,-4.993739189496772,4.858697830169943,-1.1218835862951448,-8.34440219409073,1.2248411041974108,-1.678472125264241,-2.659684891147344,-2.622419162957497,-0.41156475282790084,-4.993739189496772,4.858697830169943,-1.1218835862951448,-4.993739189496772,4.858697830169943,-1.1218835862951448,nan,-2.659684891147344,nan,-2.622419162957497,False,14.852897722422922,9f2983957861ec95,,-2.132437415750625,0.35447662098577365,0.002368083293461387,dither_mag,-154.65805282332244,17,-4.279111578336109,-7.663442705662481,0.9993540043535408,1.0008916269296084,0.0,,,,,,,
37,37740,0,7,4730,-7.965739262445084,-8.239730848849543,260.2463764279699,252.44735704066414,0.9700321691531243,1.3354875667208368,0.0,-314.09157089723686,-314.09157089723686,-314.09157089723686,-492.2123644523102,125.22871553195674,phase,-182.46147330575474,dither_phase,1.0015386165156384,-182.46147330575474,-60.20448902203792,-0.3294628569210633,-0.5666627722185444,283.2857142857143,-15.317137194740818,-15.342343115859842,5.98517060712746,6.738006699757689,-5.760667787891593,6.976678814033116,-1.2492803634371417,-8.055860411767783,1.0452106803440793,-1.6305415966391668,-5.7606677878915935,6.976678814033114,-1.2492803634371419,-8.055860411767785,1.0452106803440802,-1.630541596639167,-6.013576189764894,-5.984050818924374,-0.7040077021144064,-5.760667787891593,6.976678814033116,-1.2492803634371417,-5.7606677878915935,6.976678814033114,-1.2492803634371419,nan,-6.013576189764894,nan,-5.984050818924374,False,17.539316837647416,1a856328c15b9092,,-7.965739262445084,-8.239730848849543,0.001538616515638358,dither_mag,-314.09157089723686,18,-7.06892252591847,-10.544779425347281,0.9996230883043528,1.0006225429787965,0.0,,,,,,,
38,38760,0,8,3866,5.700106612326893,5.748355797443256,262.5033022904061,253.27735352593297,0.9648539706587519,1.3236740455830889,0.0,-250.32933167447575,-250.32933167447575,-250.32933167447575,-421.96810809872443,122.80345936600837,phase,-172.88169411799953,dither_phase,0.9963097386038577,-172.88169411799953,-66.79553781967378,-0.2875229664305544,-0.5122691687839538,284.0,-15.416135235722512,-15.375672820851477,7.393341175182813,6.889499707913077,-5.704245738388111,3.772202761455683,-1.2399079299648026,-7.862303138968077,1.724602731554106,-1.5983892257422054,-5.70424573838811,3.7722027614556826,-1.2399079299648024,-7.862303138968078,1.7246027315541055,-1.5983892257422059,-2.6235290555693425,-2.608081631934337,-0.7097758385075474,-5.704245738388111,3.772202761455683,-1.2399079299648026,-5.70424573838811,3.7722027614556826,-1.2399079299648024,nan,-2.6235290555693425,nan,-2.608081631934337,False,15.915112874355307,76ca3b063d11fe80,,5.700106612326893,5.748355797443256,-0.003690261396142258,dither_mag,-250.32933167447575,19,-5.073132975180334,-8.534106626475737,0.9989775359679969,1.0012711342299838,0.0,,,,,,,
39,39780,0,7,2394,5.5049985511696224,5.854038448287902,260.4080399421061,252.2288783376007,0.9685909789639222,1.340606898686236,0.0,-160.61615380991586,-160.61615380991586,-160.61615380991586,-354.28056977731666,130.68862569123593,phase,-187.33611949413466,dither_phase,1.0046089364280872,-187.33611949413466,-72.75347768037389,-0.31041600684698156,-0.5539529621893566,283.85714285714283,-15.253902248352562,-15.24077763823378,6.748628678820513,6.208943462066916,-5.601460489689545,4.148943153874193,-1.2228339683869678,-8.282368278230035,1.444139320188482,-1.6681674880780788,-5.601460489689546,4.148943153874191,-1.2228339683869678,-8.282368278230035,1.444139320188482,-1.6681674880780788,-4.821437707249308,-4.783063527586141,0.3668270970245757,-5.601460489689545,4.148943153874193,-1.2228339683869678,-5.601460489689546,4.148943153874191,-1.2228339683869678,nan,-4.821437707249308,nan,-4.783063527586141,False,16.56730824781646,20ec671626db05b6,,5.5049985511696224,5.854038448287902,0.00460893642808724,dither_mag,-160.61615380991586,20,-3.1444114338672238,-6.487794307209228,0.9997832751603606,1.000467250154717,0.0,20,-183.12845898239783,1.5941273539481535,-183.12845898239783,move+1:OK,1,26
40,40800,0,7,322,2.493870832949222,2.664038498261274,260.7685507597831,252.54159319742897,0.968451112918395,1.5351599676645034,0.0,-167.6807551905747,-167.6807551905747,-167.6807551905747,-504.45480479855775,112.59756614483521,phase,-162.0011348493768,dither_phase,1.0010715348455528,-162.0011348493768,-57.62318643032074,-0.3159893615338448,-0.5265908368380346,284.14285714285717,-16.13163386864414,-16.100282515725233,7.1556829241273165,7.055962387884528,-6.143055993709702,4.406666251556334,-1.3127999989551,-8.404842072680898,1.3658833780889446,-1.6885119722061293,-6.143055993709702,4.4066662515563335,-1.3127999989551,-8.404842072680898,1.3658833780889454,-1.6885119722061293,-5.101408520414463,-5.089240949071333,-1.6471417086864562,-6.143055993709702,4.406666251556334,-1.3127999989551,-6.143055993709702,4.4066662515563335,-1.3127999989551,nan,-5.101408520414463,nan,-5.089240949071333,False,15.838084910297777,b680c83bc8914f75,,2.493870832949222,2.664038498261274,0.0010715348455527796,dither_mag,-167.6807551905747,1,-2.2713674320136965,-5.55581629968599,0.9999707531183943,1.0002798447500727,0.0,,,,,,,
41,41820,0,8,4954,2.0629737613663126,1.847999974761649,256.8107934764044,251.41538451895732,0.9789907235423779,1.3299573981432322,0.0,-168.80438525869266,-168.80438525869266,-168.80438525869266,-346.4258534643937,110.04394912274469,phase,-163.4289945479628,dither_phase,1.0043616696145368,-163.4289945479628,-57.94676151552554,-0.32749118664336285,-0.5399488795557145,281.1875,-16.169508935358962,-16.21413525596616,6.699694055434611,6.908076407003685,-5.942433616662531,4.293459817206951,-1.2794740227014172,-8.433832888017035,0.9026616555599066,-1.693327722261966,-5.942433616662535,4.293459817206949,-1.2794740227014179,-8.433832888017035,0.9026616555599066,-1.693327722261966,-6.338441011996018,-6.332141093843506,0.1856598221140402,-5.942433616662531,4.293459817206951,-1.2794740227014172,-5.942433616662535,4.293459817206949,-1.2794740227014179,nan,-6.338441011996018,nan,-6.332141093843506,False,16.215553406236328,d142360ef5c6135e,,2.0629737613663126,1.847999974761649,0.004361669614536767,dither_mag,-168.80438525869266,2,-1.5493054974755758,-4.909197261462557,1.0007340229770223,0.9995196546622261,0.0,,,,,,,
42,42840,0,8,1198,-11.158879368499008,-10.452446208530402,260.8494214182899,251.1703926162326,0.9628941910262613,1.2725439019207598,0.0,-250.74521874371098,-250.74521874371098,-250.74521874371098,-399.6202095679131,117.90529141782564,phase,-169.39485375729154,dither_phase,0.9837897277749249,-169.39485375729154,-60.63046750377216,-0.32349099057536007,-0.5437043004598391,286.5,-15.934261650537955,-15.942499828460523,5.512352755922937,5.807859296447663,-5.97377351878289,4.62222290794513,-1.2846799865087857,-8.468855048401936,0.8398138235569574,-1.6991453568773982,-5.973773518782888,4.62222290794513,-1.2846799865087855,-8.46885504840194,0.8398138235569542,-1.6991453568773986,-5.562113168283762,-5.58408306613793,0.3474079202084628,-5.97377351878289,4.62222290794513,-1.2846799865087857,-5.973773518782888,4.62222290794513,-1.2846799865087855,nan,-5.562113168283762,nan,-5.58408306613793,False,19.198162897546865,bd5a443a004f99d4,,-11.158879368499008,-10.452446208530402,-0.016210272225075095,dither_mag,-250.74521874371098,3,-5.452048573359115,-8.569311553283994,0.9978951430629857,1.0024018101847083,0.0,,,,,,,
43,43860,0,8,7154,-1.0457456388108781,-0.7449734442965035,259.0598362127444,252.12715622930818,0.9732390783350029,0.8470980602555602,0.0,-232.4394965109844,-232.4394965109844,-232.4394965109844,-219.35847077895085,109.41411448520114,phase,-175.01890392007962,dither_phase,0.9934258305274755,-175.01890392007962,-59.38136226064229,-0.35134817661156853,-0.578872751707672,285.0,-15.995394563016488,-16.017426344044335,6.579854654123652,6.968316207508009,-6.4607975777698545,4.808424961620067,-1.3655809929850258,-9.277501592167912,0.198253180238156,-1.833472025277062,-6.4607975777698545,4.808424961620067,-1.3655809929850258,-9.277501592167912,0.19825318023815508,-1.833472025277062,-6.485899692433726,-6.384653086233708,0.3533226985496032,-6.4607975777698545,4.808424961620067,-1.3655809929850258,-6.4607975777698545,4.808424961620067,-1.3655809929850258,nan,-6.485899692433726,nan,-6.384653086233708,False,16.272696189510302,a7ab43d368f461e4,,-1.0457456388108781,-0.7449734442965035,-0.006574169472524538,dither_mag,-232.4394965109844,4,-5.818831572683429,-8.829427509634602,0.9967470850003822,1.0035626848630308,0.0,,,,,,,
44,44880,0,8,110,-1.9871831933850785,-1.2374655390618337,259.159087627141,253.49744864199036,0.9781538087782737,1.335101812852242,0.0,-171.18393740131197,-171.18393740131197,-171.18393740131197,-357.4801052081479,109.66135701274506,phase,-167.2407349159069,dither_phase,0.998059243215802,-167.2407349159069,-59.11547117383569,-0.3353029844971348,-0.5527159398878138,285.8125,-16.162090483564924,-16.191465041434164,6.690105260272981,7.212650508384469,-6.410879013470599,4.161251907140552,-1.357288872669535,-8.750401556692006,0.5133449042252409,-1.7459138798491707,-6.410879013470599,4.161251907140552,-1.357288872669535,-8.750401556692008,0.5133449042252409,-1.745913879849171,-6.695827368839521,-6.564908505043464,-0.10875589359118387,-6.410879013470599,4.161251907140552,-1.357288872669535,-6.410879013470599,4.161251907140552,-1.357288872669535,nan,-6.695827368839521,nan,-6.564908505043464,False,15.105850678441337,9a5f9a9cefe85d93,,-1.9871831933850785,-1.2374655390618337,-0.0019407567841980278,dither_mag,-171.18393740131197,5,-6.5166155222442255,-9.261002881262488,0.996408557358597,1.0039041900821795,0.0,,,,,,,
45,45900,0,8,5170,1.6357197542568447,1.0149500286845428,260.0555956153417,254.83518677235307,0.9799257969026348,1.4034257068362606,0.0,-201.51929923047683,-201.51929923047683,-201.51929923047683,-421.74452963866247,115.94668517242523,phase,-153.83914258806539,dither_phase,1.0024427037552757,-153.83914258806539,-59.997333151297916,-0.29669121400427245,-0.49668209936875746,283.4375,-16.25059920646597,-16.38595176286862,6.701334963708376,7.38977009057113,-5.681580589374271,5.052732792130418,-1.23614295504556,-8.575896653142811,0.9372008911420384,-1.7169263543426598,-5.681580589374269,5.05273279213042,-1.2361429550455596,-8.575896653142811,0.9372008911420376,-1.7169263543426598,-5.410878683277644,-5.271182591270927,0.442134394317103,-5.681580589374271,5.052732792130418,-1.23614295504556,-5.681580589374269,5.05273279213042,-1.2361429550455596,nan,-5.410878683277644,nan,-5.271182591270927,False,15.285167873562958,9cf569fa545ad4b3,,1.6357197542568447,1.0149500286845428,0.002442703755275666,dither_mag,-201.51929923047683,6,-5.942050089458748,-8.907151872820627,0.9968344952704454,1.003476093701183,0.0,,,,,,,
46,46920,0,8,1266,-1.785612928294131,-1.732181829014678,259.0377501351981,253.695726077017,0.9793774302958045,1.3170759730988029,0.0,-169.6415516873513,-169.6415516873513,-169.6415516873513,-339.60154793890683,106.89509315747253,phase,-169.1411891320772,dither_phase,0.9992657021767014,-169.1411891320772,-57.88822871532552,-0.35778020583776915,-0.5776637517094695,283.75,-16.357758106171833,-16.42407353429731,6.274887131469496,7.0633182787300015,-6.232587695953445,2.9446347382587845,-1.3276723747430972,-8.772388707638683,0.5395625557082318,-1.7495662305047648,-6.232587695953445,2.9446347382587854,-1.3276723747430972,-8.772388707638685,0.53956255570823,-1.749566230504765,-7.718419525378789,-7.596795821759209,-0.7879518034815183,-6.232587695953445,2.9446347382587845,-1.3276723747430972,-6.232587695953445,2.9446347382587854,-1.3276723747430972,nan,-7.718419525378789,nan,-7.596795821759209,False,17.769841841135758,8a6d2c4ce4e05c1b,,-1.785612928294131,-1.732181829014678,-0.0007342978232985908,dither_mag,-169.6415516873513,7,-6.568999224814854,-9.511315384000069,0.9967063999254339,1.003605137262073,0.0,,,,,,,
47,47940,0,8,1866,3.7648915353530015,3.44034039649127,260.27288838202156,255.325327005296,0.9809908692085375,1.2996236303063526,0.0,-125.80952461621575,-125.80952461621575,-125.80952461621575,-57.33809060275453,114.98142009079685,phase,-155.41173732315227,dither_phase,1.0065821604806726,-155.41173732315227,-62.498226607139586,-0.2954942798715033,-0.49752953839160124,282.5,-16.237701937745545,-16.37116618671892,6.774289315351818,7.385347701150162,-4.959592589885197,3.3570840711107937,-1.1162113936686375,-7.122605089077544,2.315291265768359,-1.4755157955278313,-4.959592589885195,3.3570840711107945,-1.116211393668637,-7.122605089077544,2.315291265768359,-1.4755157955278313,-5.627471910479013,-5.504919110260962,0.9446805854372703,-4.959592589885197,3.3570840711107937,-1.1162113936686375,-4.959592589885195,3.3570840711107945,-1.116211393668637,nan,-5.627471910479013,nan,-5.504919110260962,False,18.297687113214035,ab7adf6c084a5cd3,,3.7648915353530015,3.44034039649127,0.006582160480672616,dither_mag,-125.80952461621575,8,-5.246932829462991,-8.311521666266726,0.9978544841838078,1.0024566659220204,0.0,,,,,,,
48,48960,0,8,8018,-6.405960196720207,-5.3014703582350915,256.0647897930172,250.23209699867633,0.9772218085936157,1.3312775522548348,0.0,-366.1593063846511,-366.1593063846511,-366.1593063846511,-525.7376434518187,110.86879915678591,phase,-176.28633375644748,dither_phase,0.9958704726038745,-176.28633375644748,-62.0539362979904,-0.3532315633761557,-0.5824037972595374,283.0,-16.119334400543966,-16.100740406100165,6.093413343857039,6.658253104147654,-6.637353072619795,4.7880763219194264,-1.3949091482757137,-9.220150030819598,0.06756296360322907,-1.8239451878437871,-6.637353072619794,4.7880763219194264,-1.3949091482757132,-9.220150030819598,0.06756296360322907,-1.8239451878437871,-8.289006858031273,-8.178897439033312,-1.6587811296881445,-6.637353072619795,4.7880763219194264,-1.3949091482757137,-6.637353072619794,4.7880763219194264,-1.3949091482757132,nan,-8.289006858031273,nan,-8.178897439033312,False,15.76246422293801,134e91720352d70b,,-6.405960196720207,-5.3014703582350915,-0.0041295273961254875,dither_mag,-366.1593063846511,9,-7.493839672484276,-10.16248908307337,0.9971333673835957,1.003184112579358,0.0,,,,,,,
49,49980,0,8,2626,-3.446252785593356,-3.5822142203561573,260.6523462660252,255.19804525805952,0.9790744219796935,1.3479274667715664,0.0,-230.81671334327845,-230.81671334327845,-230.81671334327845,-409.36845430720894,112.48046499772522,phase,-152.1796414560248,dither_phase,1.0023482245117725,-152.1796414560248,-61.111204193461916,-0.29331631851777806,-0.4911498524106103,283.5625,-16.353814504670233,-16.439823001082022,5.620009133356486,6.885008740560137,-5.978311234266595,3.789915971940741,-1.2854337598449495,-8.47000373449925,3.6994563378173027,-1.69933616852147,-5.978311234266598,3.789915971940741,-1.28543375984495,-8.47000373449925,3.6994563378173044,-1.69933616852147,-7.6298770919771375,-7.499374469774267,-0.44305771281810546,-5.978311234266595,3.789915971940741,-1.2854337598449495,-5.978311234266598,3.789915971940741,-1.28543375984495,nan,-7.6298770919771375,nan,-7.499374469774267,False,16.757837917770402,a399d611c08e387f,,-3.446252785593356,-3.5822142203561573,0.002348224511772523,dither_mag,-230.81671334327845,10,-8.703495787114782,-11.412284570664362,0.997543128661185,1.0027728305952728,0.0,,,,,,,
50,51000,0,8,1786,6.894847645583316,7.140362171179163,258.62885978931337,251.89836846014222,0.9739762556481361,1.5434826490295326,0.0,332.88805576103306,332.88805576103306,332.88805576103306,-237.697154080333,114.67856326079155,phase,-161.6665321949171,dither_phase,1.004904230691418,-161.6665321949171,-58.54982081541527,-0.31869311210737544,-0.5288596039607677,281.5625,-16.16834655555782,-16.328926118383546,6.6837409374734165,7.210210502891722,-5.584022812482875,3.9865367141331296,-1.2199373442662582,-7.842752398969819,1.1569648071343757,-1.5951415945132592,-5.584022812482875,3.9865367141331305,-1.2199373442662582,-7.842752398969819,1.1569648071343743,-1.5951415945132592,-6.235101428104411,-6.120708206677116,-0.45783961241476834,-5.584022812482875,3.9865367141331296,-1.2199373442662582,-5.584022812482875,3.9865367141331305,-1.2199373442662582,nan,-6.235101428104411,nan,-6.120708206677116,False,18.229437944687966,c50e6208540dd782,,6.894847645583316,7.140362171179163,0.004904230691417988,dither_mag,332.88805576103306,11,-6.284355594957937,-8.920068304265163,0.9983992604460137,1.0019164105505838,0.0,,,,,,,
51,52020,0,8,3792,4.593657223301655,3.242937883979562,259.14760992830736,252.64415335806862,0.974904431601596,1.3014177868252494,0.0,-406.7851316914183,-406.7851316914183,-406.7851316914183,-554.4021259652072,110.61559386726518,phase,-176.90150900137124,dither_phase,1.0085927931596013,-176.90150900137124,-60.00675007855585,-0.3551444576508971,-0.5851164193526797,283.75,-16.042009629784143,-16.01464262265371,7.152974454584694,6.773803209920701,-6.482922538485317,4.957087913790912,-1.3692562356287903,-9.285167210837669,0.1484344514363703,-1.834745383860078,-6.482922538485315,4.957087913790913,-1.36925623562879,-9.285167210837669,0.14843445143637124,-1.834745383860078,-5.1019528490500266,-5.037238876471068,0.355733295663069,-6.482922538485317,4.957087913790912,-1.3692562356287903,-6.482922538485315,4.957087913790913,-1.36925623562879,nan,-5.1019528490500266,nan,-5.037238876471068,False,15.976256189866726,2e6afdad736b2cf3,,4.593657223301655,3.242937883979562,0.008592793159601264,dither_mag,-406.7851316914183,12,-4.673997803389324,-7.787211064439024,0.9999005921547631,1.000422625750558,0.0,,,,,,,
52,53040,0,7,2666,-4.825522454131203,-3.7560423318444642,260.1952770947271,252.69368361032193,0.9711693710655858,1.3451817280895666,0.0,-103.03009257305956,-103.03009257305956,-103.03009257305956,-321.76302112123943,112.11990353421832,phase,-166.64478905406108,dither_phase,1.0059136594739928,-166.64478905406108,-61.96332723857587,-0.3202574266427039,-0.5368956524129833,283.5,-16.094121492710375,-16.115463349379343,5.891146940602133,6.668649147643199,-6.533195409230609,4.492255000525247,-1.3776072108356494,-8.520948060951612,1.2832396291626689,-1.7077986812211983,-6.533195409230612,4.492255000525246,-1.37760721083565,-8.520948060951612,1.283239629162668,-1.7077986812211983,-7.894290026278327,-7.881351908394012,-0.5665787676289362,-6.533195409230609,4.492255000525247,-1.3776072108356494,-6.533195409230612,4.492255000525246,-1.37760721083565,nan,-7.894290026278327,nan,-7.881351908394012,False,15.925161145530732,cc8875a43e1570e2,,-4.825522454131203,-3.7560423318444642,0.005913659473992805,dither_mag,-103.03009257305956,13,-6.363098572203061,-9.101270525218697,1.0009353796864864,0.9993933845532313,0.0,,,,,,,
53,54060,0,8,726,-2.3724518305780333,-3.463293978619417,262.3074109575302,254.57184585275064,0.9705095442155388,1.2459487109852554,0.0,-172.12115916118682,-172.12115916118682,-172.12115916118682,-300.48259818300926,120.0602620198065,phase,-163.81190086775032,dither_phase,0.988910292791458,-163.81190086775032,-60.305458560734415,-0.3033522852322085,-0.5163077563602839,283.57142857142856,-16.091400747101858,-16.02793824260765,7.071810150635254,7.587173030246438,-5.495456284464211,5.360917889768228,-1.2052252964226264,-8.449970303050687,1.0400076666459206,-1.6960083559884864,-5.495456284464211,5.360917889768229,-1.2052252964226264,-8.44997030305069,1.040007666645919,-1.6960083559884869,-4.779714340043693,-4.812322927017286,0.16999373950216512,-5.495456284464211,5.360917889768228,-1.2052252964226264,-5.495456284464211,5.360917889768229,-1.2052252964226264,nan,-4.779714340043693,nan,-4.812322927017286,False,16.309736230137005,4031c50663d6d1b7,,-2.3724518305780333,-3.463293978619417,-0.011089707208541966,dither_mag,-172.12115916118682,14,-7.192680738598654,-10.314159174725493,0.9989928656347925,1.0013546559827902,0.0,,,,,,,
54,55080,0,8,5246,-5.5100975914599815,-5.6935431835656605,260.0885164610266,254.1083583147468,0.977007219589505,1.3082728770264285,0.0,-243.13646900873104,-243.13646900873104,-243.13646900873104,-397.2188084167462,106.96167367255325,phase,-153.06860623432044,dither_phase,0.9996632911669502,-153.06860623432044,-55.8527628313098,-0.30435020018676334,-0.5033393882913799,282.4375,-16.144089206760846,-16.242992984945875,5.124248510253117,6.5120945992810855,-5.483176901969254,4.216817352329799,-1.2031855318885805,-8.686958822267881,0.23848712452830134,-1.7353752196458274,-5.483176901969255,4.216817352329799,-1.2031855318885807,-8.686958822267881,0.23848712452830045,-1.7353752196458274,-7.024242558376023,-6.985143867809461,-0.5232449049921222,-5.483176901969254,4.216817352329799,-1.2031855318885805,-5.483176901969255,4.216817352329799,-1.2031855318885807,nan,-7.024242558376023,nan,-6.985143867809461,False,15.266247132234826,c21f5aee6ab05f1c,,-5.5100975914599815,-5.6935431835656605,-0.0003367088330498147,dither_mag,-243.13646900873104,15,-9.123159146755794,-12.304203463571572,0.9989340009334403,1.0014136797242001,0.0,,,,,,,
55,56100,0,8,2726,9.550467493029643,11.2575956318235,259.0120359383016,252.90377127255587,0.9764170624595964,10.85106367276943,0.0,-146.11214935467405,-146.11214935467405,-146.11214935467405,-2524.8193952263264,111.94131649905314,phase,-162.70018295067766,dither_phase,1.005183523532075,-162.70018295067766,-58.71241653832522,-0.33393108585052056,-0.5454413236864015,284.125,-16.459975043023487,-16.471346515398672,7.019528955415366,6.15760995183382,-6.501881056032812,3.35025181858623,-1.3724054910353511,-8.413068222873619,1.1702918711918142,-1.6898784423378106,-6.501881056032812,3.35025181858623,-1.3724054910353511,-8.413068222873616,1.1702918711918164,-1.68987844233781,-5.573235982810569,-5.526928600221766,-0.7044869055347878,-6.501881056032812,3.35025181858623,-1.3724054910353511,-6.501881056032812,3.35025181858623,-1.3724054910353511,nan,-5.573235982810569,nan,-5.526928600221766,False,16.201453706840507,78ea4e2196300cdc,,9.550467493029643,11.2575956318235,0.005183523532074963,dither_mag,-146.11214935467405,16,-5.776928445391272,-8.369607251321519,0.9998401505660853,1.0005099651594291,0.0,,,,,,,
56,57120,0,8,4122,0.29354818104547276,-0.29721090529725414,259.54085161418226,252.76091460936712,0.973877187492265,1.1130184590602306,0.0,-369.99029285460006,-369.99029285460006,-369.99029285460006,-432.47773534801286,107.89706771367284,phase,-158.76624070730134,dither_phase,1.0030379708522776,-158.76624070730134,-58.77821064771975,-0.30763717596056633,-0.5140332888800581,281.5,-16.22234255556331,-16.192379692859213,6.891484277762151,6.998787272850743,-5.462069798868443,5.6372563042832,-1.199679368582798,-8.055677404795906,1.4938392465636665,-1.6305111968099513,-5.462069798868443,5.637256304283199,-1.199679368582798,-8.055677404795906,1.4938392465636672,-1.6305111968099513,-6.776872158680045,-6.763562607782102,-0.1521789727163767,-5.462069798868443,5.6372563042832,-1.199679368582798,-5.462069798868443,5.637256304283199,-1.199679368582798,nan,-6.776872158680045,nan,-6.763562607782102,False,16.162906961365053,17c41334fdce044e,,0.29354818104547276,-0.29721090529725414,0.0030379708522776383,dither_mag,-369.99029285460006,17,-5.6741701561709945,-8.473578046692321,1.0003717104820977,0.999979660190942,0.0,,,,,,,
57,58140,0,7,330,4.800954058023411,4.823479936035877,259.7384624514582,252.75863864773032,0.9731274924096684,1.4078048639765366,0.0,-257.04484274502033,-257.04484274502033,-257.04484274502033,-475.81811546587824,106.88271366909248,phase,-156.00798244056276,dither_phase,1.00386833910696,-156.00798244056276,-56.44029699246912,-0.3079223876274307,-0.5107327648001623,281.4285714285714,-16.16683494019848,-16.11533151561883,6.978185426450885,6.398232113454191,-6.58974022125499,2.905348460559285,-1.3870000367533206,-8.703758725658709,1.0932875169726348,-1.7381659012722108,-6.589740221254989,2.9053484605592854,-1.3870000367533206,-8.70375872565871,1.0932875169726364,-1.738165901272211,-5.993012133494781,-6.001767845945817,-0.5141571497446922,-6.58974022125499,2.905348460559285,-1.3870000367533206,-6.589740221254989,2.9053484605592854,-1.3870000367533206,nan,-5.993012133494781,nan,-6.001767845945817,False,15.86125125953592,15a5d31d1565f3f0,,4.800954058023411,4.823479936035877,0.0038683391069600503,dither_mag,-257.04484274502033,18,-3.9944606015111477,-6.785325730350008,1.0010489214586997,0.9993053231806758,0.0,,,,,,,
58,59160,0,8,6842,-3.5425847313702055,-3.012580045317077,261.36820880359056,252.70147767837778,0.9668409131895397,1.3897404159817281,0.0,27.887656560877897,27.887656560877897,27.887656560877897,-311.6150778961751,113.19161185639975,phase,-152.05346815363396,dither_phase,0.9925346570715772,-152.05346815363396,-59.51853274227953,-0.29198976088994644,-0.4896592694896706,283.6875,-16.540638591924168,-16.492944713974964,7.019662586096295,7.299349988697076,-5.912644168169719,3.73330246234758,-1.2745256093305182,-8.42784905707012,1.5551510386142187,-1.692333730410319,-5.9126441681697175,3.7333024623475812,-1.274525609330518,-8.42784905707012,1.5551510386142167,-1.692333730410319,-4.218696674488452,-4.246475140096296,-0.35348239303723794,-5.912644168169719,3.73330246234758,-1.2745256093305182,-5.9126441681697175,3.7333024623475812,-1.274525609330518,nan,-4.218696674488452,nan,-4.246475140096296,False,14.540893517032714,a6993b2195acdd4a,,-3.5425847313702055,-3.012580045317077,-0.0074653429284228245,dither_mag,27.887656560877897,19,-5.233066057648914,-7.840461724727514,0.9997411160985068,1.000620670159296,0.0,,,,,,,
59,60180,0,7,4094,-3.3660622973560006,-4.387259627342252,257.1705917764613,248.50672471705934,0.9663108172689792,0.9530376806108645,0.0,-225.24252631003205,-225.24252631003205,-225.24252631003205,-110.11500622709079,104.00899391637046,phase,-171.6610247927983,dither_phase,0.9970243127088033,-171.6610247927983,-53.8127000129524,-0.3617671036833586,-0.5849264359139964,283.7857142857143,-16.168561251402068,-16.11799089745675,6.363347962889668,6.492249200032062,-6.502850838849531,4.466864941575578,-1.3725665845265003,-9.19255906486542,0.3536565081452082,-1.8193619709078772,-6.502850838849531,4.466864941575577,-1.3725665845265003,-9.19255906486542,0.3536565081452091,-1.8193619709078772,-6.653133703560402,-6.63616561158201,0.7447024986666206,-6.502850838849531,4.466864941575578,-1.3725665845265003,-6.502850838849531,4.466864941575577,-1.3725665845265003,nan,-6.653133703560402,nan,-6.63616561158201,False,15.546286036919227,69220bedcd51ded8,,-3.3660622973560006,-4.387259627342252,-0.0029756872911966825,dither_mag,-225.24252631003205,20,-6.411492937471787,-9.375050121072888,0.9992205056351161,1.0011432938108669,0.0,20,-163.36124513218897,1.8093885860833339,-163.36124513218897,move+1:OK,1,27
60,61200,0,8,4910,6.8644712799393135,7.049767538960888,257.792487493348,252.9480127063824,0.9812078511904245,1.307637157955733,0.0,-252.72002843468414,-252.72002843468414,-252.72002843468414,-400.31869822782716,108.05457212150658,phase,-154.8773889599656,dither_phase,0.9995739295627217,-154.8773889599656,-54.338136653647425,-0.34899853363412103,-0.5503391392820763,281.9375,-16.920408602620004,-17.02340425293601,7.019745340283854,7.015481744956337,-6.92485038703116,3.0751961712063327,-1.4426661772477012,-8.854981215295338,4.377353178033743,-1.7632859161620162,-6.92485038703116,3.0751961712063327,-1.4426661772477012,-8.854981215295338,4.377353178033743,-1.7632859161620162,-8.255982258757014,-8.200837169881742,-0.4664741820697178,-6.92485038703116,3.0751961712063327,-1.4426661772477012,-6.92485038703116,3.0751961712063327,-1.4426661772477012,nan,-8.255982258757014,nan,-8.200837169881742,False,16.27419230997384,bf4474db01dd9136,,6.8644712799393135,7.049767538960888,-0.00042607043727826976,dither_mag,-252.72002843468414,1,-4.0070537426899895,-6.910449245364033,0.9991460014295057,1.001217973202718,0.0,,,,,,,
61,62220,0,8,4962,-2.7822348685201916,-1.9252261092603742,262.98589008325877,257.21433551822753,0.9780537481946122,1.2417610260519052,0.0,-239.54393302286007,-239.54393302286007,-239.54393302286007,-354.7635753370352,99.93825638593259,phase,-131.74431466850464,dither_phase,1.0013971230688041,-131.74431466850464,-50.2727852230126,-0.3014271932181215,-0.47269480228717753,283.75,-17.485956496890168,-17.543083068736927,6.599360442567419,7.236706326340409,-5.68316942531787,4.471156682113483,-1.2364068812820384,-7.475851857925514,4.971794271971575,-1.5341946607849692,-5.683169425317871,4.471156682113483,-1.2364068812820384,-7.475851857925514,4.971794271971576,-1.5341946607849692,-5.823257908174151,-5.78641882712168,-1.8119435177276806,-5.68316942531787,4.471156682113483,-1.2364068812820384,-5.683169425317871,4.471156682113483,-1.2364068812820384,nan,-5.823257908174151,nan,-5.78641882712168,False,16.284999773931403,00adf6e1f42d1ae4,,-2.7822348685201916,-1.9252261092603742,0.0013971230688041292,dither_mag,-239.54393302286007,2,-4.981668266081816,-7.5834586761532865,0.9993902891668534,1.0009735204060886,0.0,,,,,,,
62,63240,0,7,4994,4.770424578729748,6.381331657432554,261.36751460384994,254.34651274445102,0.9731374349637884,1.2938998093773288,0.0,-183.91449987128811,-183.91449987128811,-183.91449987128811,-340.643839825658,108.4325456933191,phase,-140.88955530616056,dither_phase,0.9897559647180101,-140.88955530616056,-55.04991323812553,-0.29945124007600166,-0.4826076619740104,285.07142857142856,-17.156416587896018,-17.27102007688947,6.792580268136454,7.011481870157862,-5.762240177604186,4.2819430140371635,-1.2495415577415592,-7.612855049259445,1.285165173398051,-1.5569526659899413,-5.762240177604186,4.281943014037161,-1.2495415577415592,-7.6128550492594425,1.2851651733980538,-1.5569526659899406,-6.4116889261441194,-6.378521143461693,-0.28252429225002984,-5.762240177604186,4.2819430140371635,-1.2495415577415592,-5.762240177604186,4.281943014037161,-1.2495415577415592,nan,-6.4116889261441194,nan,-6.378521143461693,False,15.761576757880977,7867456b008fed30,,4.770424578729748,6.381331657432554,-0.010244035281989916,dither_mag,-183.91449987128811,3,-3.311001039619848,-5.352164806166305,0.9975986760248803,1.002786544499257,0.0,,,,,,,
63,64260,0,8,2418,-0.8120442851608765,-0.9630112105855169,258.4804116164515,255.12023634224002,0.9870002711106887,1.4184201147817548,0.0,-122.01480544262776,-122.01480544262776,-122.01480544262776,-376.01529183191207,100.1059423994507,phase,-137.15248668135516,dither_phase,1.0168093277196275,-137.15248668135516,-55.194584181662634,-0.3020062044196738,-0.4803044371054355,280.8125,-17.256840232184366,-17.27617069900784,7.166739107026113,7.357580980403248,-5.243683914621508,5.2650271557280215,-1.1634026436248353,-7.532014886357996,1.9758270233298183,-1.5435240675013284,-5.243683914621508,5.265027155728021,-1.1634026436248353,-7.532014886358,1.9758270233298152,-1.543524067501329,-10.422365684150403,-10.294218091181467,-0.17547155365928646,-5.243683914621508,5.2650271557280215,-1.1634026436248353,-5.243683914621508,5.265027155728021,-1.1634026436248353,nan,-10.422365684150403,nan,-10.294218091181467,False,18.29301239039373,85cbb3a3c6118db9,,-0.8120442851608765,-0.9630112105855169,0.01680932771962751,dither_mag,-122.01480544262776,4,-3.5959006757529037,-5.688282124008099,1.0005332445635249,0.9998854801010805,0.0,,,,,,,
64,65280,0,8,3856,-3.205807892792749,-4.911155386557224,259.1727425715488,253.10273893744406,0.9765793131875008,1.0421486053798452,0.0,-90.06999418038005,-90.06999418038005,-90.06999418038005,-132.16476692255827,101.20573721311102,phase,-137.001492127005,dither_phase,1.00578254996595,-137.001492127005,-56.55339738118102,-0.2979245501566394,-0.4760264899217459,281.5,-17.41267979177328,-17.39182206632629,6.85129415760327,7.112263272979451,-5.4099606972324255,4.80457812390541,-1.1910233716332934,-7.904457536501735,1.797487541343307,-1.6053916173590925,-5.409960697232425,4.8045781239054115,-1.1910233716332932,-7.9044575365017335,1.7974875413433098,-1.605391617359092,-5.691300922094826,-5.7029481229879275,0.5496026199691801,-5.4099606972324255,4.80457812390541,-1.1910233716332934,-5.409960697232425,4.8045781239054115,-1.1910233716332932,nan,-5.691300922094826,nan,-5.7029481229879275,False,16.068393237633643,115abf8bd5b9ba36,,-3.205807892792749,-4.911155386557224,0.005782549965950068,dither_mag,-90.06999418038005,5,-4.717335439239389,-7.407383380605266,1.0015457304223994,0.9988794670656644,0.0,,,,,,,
65,66300,0,7,3838,6.7903152371366735,4.2151548622982435,258.0930538680892,252.0999313768808,0.9767792181874391,1.2732134238316581,0.0,-118.63225401545668,-118.63225401545668,-118.63225401545668,-275.8928545428316,93.31421631883232,phase,-148.71578300525448,dither_phase,0.9965741932214147,-148.71578300525448,-48.60946910918593,-0.3565940469543993,-0.5499245648612301,285.07142857142856,-17.21530060363585,-17.193124199002042,6.696824570050333,6.301997154876647,-6.495044631875508,4.04955730975848,-1.3712698724045695,-8.482311189157416,1.1155101677220265,-1.701380596205551,-6.49504463187551,4.049557309758478,-1.3712698724045698,-8.482311189157414,1.1155101677220294,-1.7013805962055506,-8.515500596540575,-8.575284593518589,0.8020401768107712,-6.495044631875508,4.04955730975848,-1.3712698724045695,-6.49504463187551,4.049557309758478,-1.3712698724045698,nan,-8.515500596540575,nan,-8.575284593518589,False,15.104452806555367,62529d68137049bd,,6.7903152371366735,4.2151548622982435,-0.003425806778585283,dither_mag,-118.63225401545668,6,-2.3443930355056066,-5.930424197393423,1.0009452875457392,0.9994803700518087,0.0,,,,,,,
66,67320,0,7,7330,-11.145299193999207,-11.272048796599876,259.5420697197897,253.15381887164497,0.9753864533212604,1.300503965947872,0.0,-249.1350306659572,-249.1350306659572,-249.1350306659572,-404.74080247115495,101.96333991376463,phase,-136.5205474140357,dither_phase,0.9954616808519635,-136.5205474140357,-51.84704898719508,-0.3084408834249016,-0.485917595063148,282.2142857142857,-17.40391696385309,-17.391747162113063,6.0683814080388,6.447406383318265,-5.9577853921337525,4.013532474244362,-1.2820241515172346,-7.562209828974264,1.8390520087298634,-1.548539838700044,-5.957785392133751,4.013532474244361,-1.2820241515172344,-7.562209828974265,1.839052008729864,-1.5485398387000444,-6.420300769425951,-6.451325697814995,-0.5354487312106588,-5.9577853921337525,4.013532474244362,-1.2820241515172346,-5.957785392133751,4.013532474244361,-1.2820241515172344,nan,-6.420300769425951,nan,-6.451325697814995,False,16.640124390911062,c8c349fb7bbb8311,,-11.145299193999207,-11.272048796599876,-0.004538319148036485,dither_mag,-249.1350306659572,7,-6.241563806411972,-9.877692394972385,1.0001503309419333,1.000277782120028,0.0,,,,,,,
67,68340,0,8,3738,-2.3921290838872475,-1.8228138094975028,259.37860357215806,252.24278779851403,0.9724888033347019,1.4414188865938318,0.0,-153.4061470716961,-153.4061470716961,-153.4061470716961,-423.03291085148436,101.31002332297152,phase,-139.9797528952456,dither_phase,0.9950575058702853,-139.9797528952456,-52.163623182309664,-0.305837317770789,-0.4878109965346083,283.3125,-17.112695607107554,-17.07732803581358,6.8070133661546715,7.118016596952906,-5.38858206064094,5.929752507267281,-1.1874721030965016,-7.714301250149816,1.726982364174424,-1.573804194377046,-5.388582060640939,5.929752507267281,-1.1874721030965016,-7.714301250149816,1.7269823641744233,-1.573804194377046,-6.811723211847669,-6.809409640319699,-0.43989334350580334,-5.38858206064094,5.929752507267281,-1.1874721030965016,-5.388582060640939,5.929752507267281,-1.1874721030965016,nan,-6.811723211847669,nan,-6.809409640319699,False,15.729258704502483,1a61a4c387007f40,,-2.3921290838872475,-1.8228138094975028,-0.004942494129714703,dither_mag,-153.4061470716961,8,-7.078683140834454,-10.515500056732057,0.9992852644425185,1.001147256227286,0.0,,,,,,,
68,69360,0,8,6870,1.344388238156455,1.901011838496705,259.12876005296465,253.28890425491002,0.9774634980815676,1.160507790665615,0.0,-58.050317371173506,-58.050317371173506,-58.050317371173506,-159.74686558961122,98.42147064925136,phase,-154.4590470287694,dither_phase,0.9967982915988707,-154.4590470287694,-51.987493796621614,-0.3517040858399111,-0.5525008469773113,283.375,-17.005015828889,-16.970328321960956,6.920873273961522,7.045634990666501,-6.478566834862814,4.030000300942708,-1.3685326968210656,-8.701842107074343,1.0450068282186153,-1.7378475260920836,-6.478566834862816,4.030000300942708,-1.3685326968210658,-8.701842107074341,1.045006828218617,-1.7378475260920834,-8.627092918141797,-8.590271621479344,-0.8702976058835756,-6.478566834862814,4.030000300942708,-1.3685326968210656,-6.478566834862816,4.030000300942708,-1.3685326968210658,nan,-8.627092918141797,nan,-8.590271621479344,False,14.602151763931897,65312b18ef40493f,,1.344388238156455,1.901011838496705,-0.0032017084011293218,dither_mag,-58.050317371173506,9,-6.60781070820906,-9.850908370209176,0.9987253659379177,1.0017099997446137,0.0,,,,,,,
69,70380,0,8,3780,-0.1420080524763648,1.8206830897247226,259.13139249228396,252.45939112302548,0.9742524388686055,2.575036340296428,0.0,-335.038339444835,-335.038339444835,-335.038339444835,-423.3383045015612,96.51024977694674,phase,-143.14792625383208,dither_phase,0.9945797538181338,-143.14792625383208,-53.14674787449843,-0.31992286973998335,-0.5060151738699651,283.9375,-17.15481149067803,-17.135126400113606,6.663181152564769,6.755124598842812,-6.69716870255632,4.122752081936682,-1.4048452994279603,-8.31420895830519,5.20071339474907,-1.6734566375922244,-6.697168702556321,4.122752081936682,-1.4048452994279605,-8.314208958305194,5.20071339474907,-1.673456637592225,-8.004999360844371,-7.948749086603813,-0.9493155897039895,-6.69716870255632,4.122752081936682,-1.4048452994279603,-6.697168702556321,4.122752081936682,-1.4048452994279605,nan,-8.004999360844371,nan,-7.948749086603813,False,15.749014900781631,cfebd7abf6f1b20d,,-0.1420080524763648,1.8206830897247226,-0.005420246181866206,dither_mag,-335.038339444835,10,-6.6575769603358905,-9.21475710730263,0.9977780319014126,1.0026653430306667,0.0,,,,,,,
70,71400,0,7,3714,8.472043761868735,7.254875771189657,261.1461633758396,254.48271766813474,0.9744838460517037,1.3244466908689871,0.0,-197.8114797316685,-197.8114797316685,-197.8114797316685,-375.9229024524456,102.28297102056759,phase,-139.3605720142811,dither_phase,0.9971652344326923,-139.3605720142811,-52.29525870629536,-0.3126966490631745,-0.49386539268173996,283.0,-17.191501530727443,-17.206568117642217,7.499409060463645,6.594218558854435,-6.286297788312581,4.3565759267454816,-1.3365943169954453,-7.697453683170616,1.710385130919144,-1.571005595211066,-6.286297788312578,4.356575926745483,-1.336594316995445,-7.697453683170617,1.7103851309191411,-1.5710055952110662,-5.665866239514346,-5.5797586483477515,1.3236097247761034,-6.286297788312581,4.3565759267454816,-1.3365943169954453,-6.286297788312578,4.356575926745483,-1.336594316995445,nan,-5.665866239514346,nan,-5.5797586483477515,False,15.93991064217191,51bd061cacf2fc0c,,8.472043761868735,7.254875771189657,-0.002834765567307662,dither_mag,-197.8114797316685,11,-3.6857583575516584,-6.682300453080048,0.9972830502098988,1.0031641632773687,0.0,,,,,,,
71,72420,0,7,4858,5.770038742596549,7.756766714223291,259.00415047752057,252.46028301601982,0.9747345073450138,1.6101974023771153,0.0,-181.46962674591455,-181.46962674591455,-181.46962674591455,-566.3676103394824,104.35328301703454,phase,-144.75228973786955,dither_phase,1.0058971352879527,-144.75228973786955,-54.029398971760415,-0.320182289127807,-0.5083602657870374,285.0714285714286,-17.10573515634375,-17.195870849562816,7.218779057351572,7.149612687683212,-6.093228569810823,4.500597138886894,-1.3045230182410006,-8.335415939557148,4.8536189409192225,-1.6769793919530147,-6.093228569810822,4.500597138886893,-1.3045230182410004,-8.335415939557148,4.853618940919222,-1.6769793919530147,-8.078521473084109,-7.935093044157709,-1.5180830172812634,-6.093228569810823,4.500597138886894,-1.3045230182410006,-6.093228569810822,4.500597138886893,-1.3045230182410004,nan,-8.078521473084109,nan,-7.935093044157709,False,16.38180390777403,d690095ca89fcb97,,5.770038742596549,7.756766714223291,0.0058971352879526595,dither_mag,-181.46962674591455,12,-1.660742932408572,-3.975995294502022,0.998312244996706,1.0021349684905614,0.0,,,,,,,
72,73440,0,7,586,-1.3120389236499819,-3.3060479765944404,258.40719341451336,252.43542021105526,0.9768900659283167,0.9718297326090379,0.0,-224.30057182648656,-224.30057182648656,-224.30057182648656,-246.54450392258065,95.439515931163,phase,-153.35781959170848,dither_phase,0.990465161300884,-153.35781959170848,-52.98969438097072,-0.36542147051445895,-0.56478663598368,284.5,-17.260974994405483,-17.27577416574021,6.795153053062536,6.8416562722342364,-6.488018314137383,4.478220893996905,-1.3701027099895986,-8.201818804185057,1.2080621040670234,-1.6547871767749265,-6.48801831413738,4.478220893996906,-1.3701027099895984,-8.201818804185056,1.2080621040670247,-1.6547871767749263,-5.62248761499334,-5.543687885291745,-0.6093208763635802,-6.488018314137383,4.478220893996905,-1.3701027099895986,-6.48801831413738,4.478220893996906,-1.3701027099895984,nan,-5.62248761499334,nan,-5.543687885291745,False,15.352404091048186,a9cc243da36eea03,,-1.3120389236499819,-3.3060479765944404,-0.009534838699115977,dither_mag,-224.30057182648656,13,-2.1207329060655704,-5.130646941426318,0.9966464644069117,1.0038232249171493,0.0,,,,,,,
73,74460,0,8,4922,-1.4161686086594805,-1.1654585647831746,262.2463814301006,258.04266668625434,0.9839703613032817,1.1544807642194155,0.0,-256.0827129203961,-256.0827129203961,-256.0827129203961,-323.46467994624095,101.60405694627651,phase,-139.24911547156236,dither_phase,1.0004184113111172,-139.24911547156236,-54.90709325015834,-0.31136100218118173,-0.4923848522942128,282.1875,-17.309242550263065,-17.37722999180106,6.7852385980782595,7.024971879852011,-5.83347976872385,4.061514127148841,-1.2613753768644271,-7.905894263016501,4.550776831113232,-1.6056302762485883,-5.8334797687238495,4.061514127148839,-1.261375376864427,-7.905894263016502,4.550776831113232,-1.6056302762485886,-5.805745942388764,-5.666665997252447,-0.691668177475262,-5.83347976872385,4.061514127148841,-1.2613753768644271,-5.8334797687238495,4.061514127148839,-1.261375376864427,nan,-5.805745942388764,nan,-5.666665997252447,False,16.340903612076964,4567a2b02b666e17,,-1.4161686086594805,-1.1654585647831746,0.000418411311117195,dither_mag,-256.0827129203961,14,-2.618059722275947,-5.537003845260434,0.9967194408338429,1.0037497537347813,0.0,,,,,,,
74,75480,0,8,7446,3.1410547242345577,5.423932945610719,259.34339130453475,255.3904149262639,0.9847577516497074,1.22831941907563,0.0,-283.96224181205156,-283.96224181205156,-283.96224181205156,-382.89839249684735,102.13159901523828,phase,-141.71000481984322,dither_phase,1.01045680955968,-141.71000481984322,-56.72189231627927,-0.3040763952086759,-0.4882994014744721,282.5625,-17.021557151219376,-17.05703618004575,7.222226851752377,6.991732247712061,-5.397735963067194,4.443789792599897,-1.1889926848948829,-7.516436170726766,1.9480081290556874,-1.5409362409845129,-5.397735963067194,4.4437897925998975,-1.1889926848948829,-7.516436170726766,1.9480081290556874,-1.5409362409845129,-8.642517945413367,-8.484603449491434,-1.4842077573196137,-5.397735963067194,4.443789792599897,-1.1889926848948829,-5.397735963067194,4.4437897925998975,-1.1889926848948829,nan,-8.642517945413367,nan,-8.484603449491434,False,17.548589168792937,c6ff7a3d4a61c4a7,,3.1410547242345577,5.423932945610719,0.01045680955967998,dither_mag,-283.96224181205156,15,-1.515072152812692,-3.645719166085952,0.9985433792748581,1.001931958569081,0.0,,,,,,,
75,76500,0,8,8172,-3.3134277325136625,-5.4147216805808736,260.14292605929796,254.24122648286544,0.9773136265289518,1.2234002730325535,0.0,-212.1424742045547,-212.1424742045547,-212.1424742045547,-324.0723449486613,92.76693865762431,phase,-139.79666571801206,dither_phase,0.9993489398134994,-139.79666571801206,-48.73052008671352,-0.3295938291103615,-0.5113294945437772,283.3125,-17.34400442379905,-17.367671194269136,7.000578762106208,7.082016697843789,-6.235229319340386,4.779865776534949,-1.328111182614682,-8.322397615798597,1.016235036376043,-1.6748168797007636,-6.235229319340384,4.779865776534951,-1.3281111826146819,-8.322397615798597,1.016235036376043,-1.6748168797007636,-8.97769023744459,-8.89920780454937,1.133765928975917,-6.235229319340386,4.779865776534949,-1.328111182614682,-6.235229319340384,4.779865776534951,-1.3281111826146819,nan,-8.97769023744459,nan,-8.89920780454937,False,14.819705030006322,b9903a43091bbe74,,-3.3134277325136625,-5.4147216805808736,-0.0006510601865006294,dither_mag,-212.1424742045547,16,-2.6764635659949167,-5.537217457955878,0.9984296097030787,1.0020461885910665,0.0,,,,,,,
76,77520,0,8,2842,-6.047358117826066,-5.240149648019205,258.94084893264875,253.69285147621488,0.97973283289189,1.2898807802708983,0.0,-153.13313180715764,-153.13313180715764,-153.13313180715764,-310.8084904239793,94.76225586643781,phase,-137.602859741229,dither_phase,1.0009143488336614,-137.602859741229,-49.64313699622612,-0.3221528417589238,-0.5010365594225215,283.5625,-17.334987173265457,-17.353051776648062,6.735654348028031,6.987795050183584,-5.827017753883068,4.200713266653935,-1.2603019524722705,-8.290554483214548,4.237429136945777,-1.6695273227931142,-5.827017753883067,4.200713266653935,-1.2603019524722703,-8.290554483214548,4.237429136945778,-1.6695273227931142,-7.913180199740365,-7.836036689895232,-0.13817798441363704,-5.827017753883068,4.200713266653935,-1.2603019524722705,-5.827017753883067,4.200713266653935,-1.2603019524722703,nan,-7.913180199740365,nan,-7.836036689895232,False,14.804085863695834,e95686befc0cb459,,-6.047358117826066,-5.240149648019205,0.0009143488336613714,dither_mag,-153.13313180715764,17,-4.796367984563361,-7.36752468100465,0.9985893694691756,1.001885996603756,0.0,,,,,,,
77,78540,0,8,7054,2.4803641645497887,4.062672443781162,257.2152345054626,250.31707864489584,0.9731813868885738,1.024602365566091,0.0,-260.88376553337713,-260.88376553337713,-260.88376553337713,-296.7023875997588,97.56319913032796,phase,-156.45286636417637,dither_phase,0.9945564521846171,-156.45286636417637,-53.25834494242792,-0.3674839153847643,-0.5708726416581936,284.9375,-17.018293650126125,-17.041961460798586,6.5244999631905545,6.5596995336403126,-6.498587390751914,4.003248039118807,-1.3718583705567966,-9.355671245940092,4.599145051439101,-1.8464570175980222,-6.498587390751914,4.003248039118807,-1.3718583705567966,-9.355671245940094,4.599145051439102,-1.8464570175980224,-7.7093760173439065,-7.642455598615252,-0.1426483842267452,-6.498587390751914,4.003248039118807,-1.3718583705567966,-6.498587390751914,4.003248039118807,-1.3718583705567966,nan,-7.7093760173439065,nan,-7.642455598615252,False,15.669186013233663,9fd2d97a2d161847,,2.4803641645497887,4.062672443781162,-0.005443547815382921,dither_mag,-260.88376553337713,18,-3.927014189966188,-5.948266042653026,0.997638092397564,1.0028456379648036,0.0,,,,,,,
78,79560,0,8,790,5.580469099291998,5.48048392931242,259.4873588991317,254.23035887015325,0.9797408241723946,1.3024971607711506,0.0,-172.17679345451083,-172.17679345451083,-172.17679345451083,-332.1876699393632,103.1540938900559,phase,-160.28109806422916,dither_phase,1.0015266818369157,-160.28109806422916,-53.08267797401353,-0.3663273232702839,-0.5746927507537818,285.1875,-16.822752382580347,-16.817928177242916,6.8875802666980865,6.438137802958445,-6.601878168286428,4.431656413062067,-1.3890163070243235,-9.407262434178325,0.3624368463979765,-1.8550269824216488,-6.601878168286428,4.431656413062067,-1.3890163070243235,-9.407262434178328,0.3624368463979756,-1.8550269824216492,-8.817884885169526,-8.691025819112449,0.4936486854253692,-6.601878168286428,4.431656413062067,-1.3890163070243235,-6.601878168286428,4.431656413062067,-1.3890163070243235,nan,-8.817884885169526,nan,-8.691025819112449,False,16.4215294417586,13e1bc82098ca936,,5.580469099291998,5.48048392931242,0.0015266818369157331,dither_mag,-172.17679345451083,19,-1.9692258901446802,-4.035539594391137,0.9979046306897726,1.0025781167958887,0.0,,,,,,,
79,80580,0,8,1830,-8.180264110696461,-8.110315979350256,258.631362936412,252.30182771671818,0.9755268071596945,1.0650158470019002,nan,nan,nan,-1030.761206436894,-248.61831182358358,97.73776365615453,observables-disagree,-143.33431797648524,dither_phase,0.9948367918516972,-143.33431797648524,-54.325333648164225,-0.32178126311854305,-0.5081158764879738,282.75,-17.01169695482849,-17.095291818240266,5.394086686171889,5.801597250801041,-5.62702285905314,4.919254674277832,-1.22708020914504,-7.853317334418691,1.6164335766624376,-1.5968965671791846,-5.62702285905314,4.919254674277831,-1.22708020914504,-7.853317334418689,1.6164335766624376,-1.5968965671791844,-6.564227741262551,-6.484470565941672,0.47289186283220985,-5.62702285905314,4.919254674277832,-1.22708020914504,-5.62702285905314,4.919254674277831,-1.22708020914504,nan,-6.564227741262551,nan,-6.484470565941672,False,18.16473730729318,8a1914655af9c411,,-8.180264110696461,-8.110315979350256,-0.005163208148302845,dither_mag,nan,20,-4.838330161927377,-6.866850736354245,0.9970029625587015,1.0034887092873015,0.0,20,-144.01929519197625,1.7734681139023476,-144.01929519197625,move+1:OK,1,28
80,81600,0,8,5426,1.2096937660034541,3.5458448180016733,256.77703594745725,252.02742602426375,0.9815029801801849,1.1326960742244736,0.0,-186.6306263643078,-186.6306263643078,-186.6306263643078,-245.5967296594258,87.03758653789012,phase,-136.12932711702078,dither_phase,0.9973889595341913,-136.12932711702078,-47.68689820108228,-0.36028701081321046,-0.5372551360653375,282.625,-17.97259558576299,-18.08745220489542,6.419287008304233,6.846763662692723,-7.4637802367674,3.5913533381275986,-1.532189408100897,-8.890603386847873,3.301503995298015,-1.7692032204066235,-7.463780236767398,3.591353338127599,-1.5321894081008969,-8.890603386847873,3.3015039952980136,-1.7692032204066235,-8.30401955292941,-8.178830645142458,-0.4703192224678434,-7.4637802367674,3.5913533381275986,-1.532189408100897,-7.463780236767398,3.591353338127599,-1.5321894081008969,nan,-8.30401955292941,nan,-8.178830645142458,False,16.189883678763522,8a4dcaeb12d624d8,,1.2096937660034541,3.5458448180016733,-0.002611040465808734,dither_mag,-186.6306263643078,1,-4.413664605252785,-5.630119645296925,0.9965473999197414,1.0039484358366382,0.0,,,,,,,
81,82620,0,8,7530,-5.940753287684853,-7.1479927454481516,258.4054632438323,255.4368070518099,0.9885116353394543,1.2640979863876405,0.0,-176.99648006476744,-176.99648006476744,-176.99648006476744,-302.8743902387734,84.29272080586149,phase,-119.62670362817686,dither_phase,1.0098269450445028,-119.62670362817686,-48.36813077745458,-0.31854827308617895,-0.47406298780280887,280.375,-18.440284517727367,-18.4882569559544,6.223399513589203,6.839457946162768,-6.2947839346751,3.8299156851480003,-1.3380039758596514,-7.529740976182029,4.900410583823766,-1.5431463415584767,-6.294783934675098,3.829915685148003,-1.3380039758596511,-7.529740976182028,4.900410583823765,-1.5431463415584765,-9.338168127550595,-9.15779510234945,2.057724642018986,-6.2947839346751,3.8299156851480003,-1.3380039758596514,-6.294783934675098,3.829915685148003,-1.3380039758596511,nan,-9.338168127550595,nan,-9.15779510234945,False,16.16188195122847,38e3d4f9169ead81,,-5.940753287684853,-7.1479927454481516,0.009826945044502766,dither_mag,-176.99648006476744,2,-6.500131993414306,-8.122077769442997,0.9982611778130607,1.0022387314391603,0.0,,,,,,,
82,83640,0,7,5778,1.0732625300502745,-1.1805592820874145,260.2230998522664,254.11894936829694,0.9765426263562501,1.328214047806565,0.0,-84.06522595407749,-84.06522595407749,-84.06522595407749,-293.95038140908486,89.08003484436964,phase,-120.94489998037689,dither_phase,0.9974224918537012,-120.94489998037689,-45.59230072034221,-0.31057080201818643,-0.4677991719926764,284.5714285714286,-18.112994209675406,-18.26397286792065,6.1085508832978554,7.04510888512702,-5.6335814556481845,5.8758583939671185,-1.2281696770179709,-7.103693906313171,2.4478499930024045,-1.4723744030420551,-5.633581455648185,5.875858393967118,-1.228169677017971,-7.10369390631317,2.4478499930024062,-1.472374403042055,-7.781335792900118,-7.694777168784954,1.9136905541500497,-5.6335814556481845,5.8758583939671185,-1.2281696770179709,-5.633581455648185,5.875858393967118,-1.228169677017971,nan,-7.781335792900118,nan,-7.694777168784954,False,14.424078842273904,6d50b486dde69871,,1.0732625300502745,-1.1805592820874145,-0.002577508146298757,dither_mag,-84.06522595407749,3,-6.123835795719297,-8.53435055013794,0.99781089820742,1.0026919734106277,0.0,,,,,,,
83,84660,0,8,2330,5.0502560164560375,5.92525836469299,258.700889770941,252.97823536546136,0.9778792627634695,0.9767597925170121,0.0,-346.7634615119245,-346.7634615119245,-346.7634615119245,-372.7677557977894,92.29148955840039,phase,-139.2418013098305,dither_phase,0.9954656632307199,-139.2418013098305,-47.87758635329981,-0.36789282941906554,-0.5489071711218452,284.9375,-17.978013904357542,-18.0186882728093,7.10313344920679,6.850500020119817,-6.676890311914163,4.317095055528836,-1.4014767959990306,-8.549142703868508,4.822958078852221,-1.7124821767223437,-6.676890311914166,4.317095055528836,-1.4014767959990309,-8.549142703868508,4.822958078852221,-1.7124821767223437,-7.85999111242112,-7.762555933314869,-0.8743801044283659,-6.676890311914163,4.317095055528836,-1.4014767959990306,-6.676890311914166,4.317095055528836,-1.4014767959990309,nan,-7.85999111242112,nan,-7.762555933314869,False,19.364773117753398,1357d6623af6d4f2,,5.0502560164560375,5.92525836469299,-0.004534336769280056,dither_mag,-346.7634615119245,4,-4.352368267217543,-6.466077857589662,0.9970191263446272,1.0034912426059055,0.0,,,,,,,
84,85680,0,7,978,-3.221333967468758,-2.75182935489687,257.1210848477022,253.26643829397497,0.9850084385105546,1.2016839512652806,0.0,-77.0488351175287,-77.0488351175287,-77.0488351175287,-192.97171782318844,80.92778372285315,phase,-132.6252138242587,dither_phase,0.9956897182995884,-132.6252138242587,-45.638427453963295,-0.38136794347387815,-0.5537807214454145,284.5,-18.456289437514165,-18.516226647668034,6.2344142202415345,6.693557301322025,-6.763204670627253,3.8482552639554664,-1.4158147293400754,-8.836892943868557,1.2201092707480898,-1.7602812199117206,-6.763204670627251,3.848255263955467,-1.4158147293400751,-8.836892943868559,1.2201092707480876,-1.7602812199117208,-11.264164804622673,-11.088217000190577,0.8540267895360136,-6.763204670627253,3.8482552639554664,-1.4158147293400754,-6.763204670627251,3.848255263955467,-1.4158147293400751,nan,-11.264164804622673,nan,-11.088217000190577,False,16.51675844686337,723253c294e8c7bb,,-3.221333967468758,-2.75182935489687,-0.004310281700411589,dither_mag,-77.0488351175287,5,-5.483206040358064,-7.425867274099948,0.9962670755179596,1.004251452062231,0.0,,,,,,,
85,86700,0,7,710,-0.8884649601370496,-0.8778490592802441,258.55992854515296,254.67382154420278,0.9849701884479306,1.3120300332110235,0.0,-90.52926197645169,-90.52926197645169,-90.52926197645169,-269.0425818766368,84.57678966585627,phase,-120.53071472650386,dither_phase,0.9964101379625075,-120.53071472650386,-47.81368601342139,-0.314413635688325,-0.47110356483278,285.42857142857144,-18.422315639051313,-18.442589109308432,6.970059240590159,7.037737015094576,-6.495818730488738,4.188143195670509,-1.371398460214076,-7.793904754470179,4.667279242375509,-1.5870273678521896,-6.495818730488737,4.1881431956705075,-1.371398460214076,-7.793904754470178,4.66727924237551,-1.5870273678521891,-9.961498821752558,-9.82261335011404,0.1628614513747404,-6.495818730488738,4.188143195670509,-1.371398460214076,-6.495818730488737,4.1881431956705075,-1.371398460214076,nan,-9.961498821752558,nan,-9.82261335011404,False,14.467012936675806,7243ed434b7fcafc,,-0.8884649601370496,-0.8778490592802441,-0.003589862037492453,dither_mag,-90.52926197645169,6,-5.79533392623274,-7.731813728164966,0.9956411947810786,1.004884621782849,0.0,,,,,,,
86,87720,0,7,6034,-0.9919899200851466,-2.3630058890545427,258.3753464202137,254.950367060971,0.9867441711963012,1.4066732974399792,0.0,-149.6031312569937,-149.6031312569937,-149.6031312569937,-379.73285586457234,78.85681522518853,phase,-124.01460875579487,dither_phase,1.008897046658928,-124.01460875579487,-40.50075205439412,-0.367029608966632,-0.5282486003491653,284.7857142857143,-18.501963044922427,-18.59264254201332,5.944907290052294,6.513694288363815,-6.644341238126101,4.669193376246891,-1.396069973110648,-8.19828328701226,1.238689244824645,-1.6541998815634984,-6.644341238126103,4.669193376246891,-1.3960699731106483,-8.198283287012256,1.238689244824647,-1.6541998815634977,-8.917361418416366,-8.6832333023865,-0.0012452970914020867,-6.644341238126101,4.669193376246891,-1.396069973110648,-6.644341238126103,4.669193376246891,-1.3960699731106483,nan,-8.917361418416366,nan,-8.6832333023865,False,16.118766670578758,4445541bf36a389f,,-0.9919899200851466,-2.3630058890545427,0.008897046658927987,dither_mag,-149.6031312569937,7,-6.144050385384616,-8.554845589973885,0.9971913913600442,1.0033338308033548,0.0,,,,,,,
87,88740,0,8,4270,1.1408371955876717,0.5566953512928379,258.8593401797421,253.91403417493188,0.9808957791464029,1.233811268099573,0.0,-146.35769115882454,-146.35769115882454,-146.35769115882454,-267.0064081434532,87.49867962268758,phase,-123.77866044131589,dither_phase,1.001423278290196,-123.77866044131589,-45.51481996002931,-0.33474270872891454,-0.4956549673026252,285.75,-18.356225650779788,-18.414468175021867,6.895691164945253,7.071849764209286,-6.043459056696928,4.822820036819474,-1.2962556572586261,-7.781168713683837,1.4402463509355603,-1.5849117464591091,-6.043459056696928,4.822820036819476,-1.2962556572586261,-7.781168713683836,1.4402463509355616,-1.5849117464591091,-8.517788315933624,-8.37796184590131,0.22433303005137906,-6.043459056696928,4.822820036819474,-1.2962556572586261,-6.043459056696928,4.822820036819476,-1.2962556572586261,nan,-8.517788315933624,nan,-8.37796184590131,False,16.635411571060647,e1533e0150d858f0,,1.1408371955876717,0.5566953512928379,0.0014232782901959506,dither_mag,-146.35769115882454,8,-5.743632750500003,-8.360649633483028,0.9974397655102805,1.003084281910516,0.0,,,,,,,
88,89760,0,8,1778,-11.767828182823592,-13.096285470342451,257.9116140550827,254.31340988726933,0.9860486927624559,1.3546048729956635,0.0,232.34386310021608,232.34386310021608,232.34386310021608,-77.3983659993931,91.92522652641426,phase,-131.046476207566,dither_phase,0.99724203955699,-131.046476207566,-49.97078339753881,-0.33919685156908186,-0.5095572706389176,284.8125,-17.911676947556387,-18.046504126015588,4.131316834124593,5.356887808025876,-5.637275905261144,3.4773121714805173,-1.2287833729669675,-7.770942404347921,1.4655881882468844,-1.5832130239780602,-5.637275905261143,3.4773121714805173,-1.2287833729669673,-7.770942404347921,1.4655881882468835,-1.5832130239780602,-6.7103203085943015,-6.599904703575592,0.6380280692091809,-5.637275905261144,3.4773121714805173,-1.2287833729669675,-5.637275905261143,3.4773121714805173,-1.2287833729669673,nan,-6.7103203085943015,nan,-6.599904703575592,False,18.194002867803547,c5b02d12b77ea0bb,,-11.767828182823592,-13.096285470342451,-0.0027579604430100213,dither_mag,232.34386310021608,9,-9.872944621158329,-12.930255595097293,0.996958358112207,1.0035697525040492,0.0,,,,,,,
89,90780,0,7,64,12.688399973021355,13.624552205878064,258.0959196664681,254.4744182074337,0.9859683893348086,1.2085659950362948,0.0,-220.11509459468553,-220.11509459468553,-220.11509459468553,-310.0140626001693,101.35056025502705,phase,-126.09786639679031,dither_phase,0.994702827271178,-126.09786639679031,-45.47877424264785,-0.3403484058914393,-0.5042756322072667,286.2142857142857,-18.2101254407058,-18.228424492317433,6.797038478235882,5.249775605289237,-6.376451471881128,4.435918537487811,-1.351570011940387,-8.702673530220924,0.6565712833904213,-1.737985636249323,-6.376451471881128,4.43591853748781,-1.351570011940387,-8.702673530220924,0.6565712833904196,-1.737985636249323,-8.262860957674839,-8.096753576133437,-0.17077309644104588,-6.376451471881128,4.435918537487811,-1.351570011940387,-6.376451471881128,4.43591853748781,-1.351570011940387,nan,-8.262860957674839,nan,-8.096753576133437,False,14.096183170307647,1c8aae61198be9d2,,12.688399973021355,13.624552205878064,-0.005297172728822019,dither_mag,-220.11509459468553,10,-5.418455670419577,-8.17862447014658,0.9960341725025934,1.004505021190606,0.0,,,,,,,
90,91800,0,8,3922,3.4713009430900037,3.1427189896820513,257.6292419801066,253.04217818871734,0.9821950965032787,1.2402752305712883,0.0,-34.10394322040245,-34.10394322040245,-34.10394322040245,-201.8466782672652,91.71034567308253,phase,-140.3334648891345,dither_phase,0.9953281346695102,-140.3334648891345,-50.311969362902765,-0.36309800681013843,-0.5455315111660133,285.0625,-17.82468307676867,-17.845406746410127,7.003344827725641,6.692985208726402,-6.531743978663923,4.436764716849057,-1.377366109412612,-8.614264688266658,0.878261057455656,-1.723299782104096,-6.531743978663921,4.436764716849056,-1.3773661094126117,-8.614264688266656,0.8782610574556583,-1.7232997821040958,-6.379261606825722,-6.184435228530632,0.476586294716677,-6.531743978663923,4.436764716849057,-1.377366109412612,-6.531743978663921,4.436764716849056,-1.3773661094126117,nan,-6.379261606825722,nan,-6.184435228530632,False,16.070522913327707,a9798bc742ca53dc,,3.4713009430900037,3.1427189896820513,-0.0046718653304897995,dither_mag,-34.10394322040245,11,-4.198662852439391,-7.083605905595273,0.9952198384368562,1.0053301356462154,0.0,,,,,,,
91,92820,0,8,2742,-4.902788460080755,-3.8744358726940487,259.3405848544386,256.13289827167233,0.98763137445469,0.965368386380235,0.0,-244.8533362573766,-244.8533362573766,-244.8533362573766,-250.59515754946793,92.74017467072136,phase,-121.78105878372011,dither_phase,0.9996891408394319,-121.78105878372011,-47.650311333741605,-0.310809105018145,-0.46912448143698116,284.0,-18.212747162761243,-18.289263239307974,6.341726108436829,6.882110853849625,-6.701749310720984,2.9392749333085897,-1.4056061977941836,-7.9522417039959095,1.5500892606668493,-1.6133291867102841,-6.701749310720983,2.9392749333085924,-1.4056061977941832,-7.952241703995908,1.5500892606668506,-1.6133291867102837,-9.360646922952169,-9.152059637899102,-0.8335423662285883,-6.701749310720984,2.9392749333085897,-1.4056061977941836,-6.701749310720983,2.9392749333085924,-1.4056061977941832,nan,-9.360646922952169,nan,-9.152059637899102,False,16.17691972116504,13b9fe56bf3fbc47,,-4.902788460080755,-3.8744358726940487,-0.0003108591605680555,dither_mag,-244.8533362573766,12,-5.922880854085605,-8.432468838636925,0.9951656981262337,1.005384842966848,0.0,,,,,,,
92,93840,0,8,6662,-5.682846428127224,-6.703434769643581,257.30427899583043,254.22013615003945,0.9880136356152828,1.031007270814248,0.0,-130.09943699544073,-130.09943699544073,-130.09943699544073,-147.46522062207254,92.2376376317771,phase,-140.25907126341437,dither_phase,1.009250028817165,-140.25907126341437,-48.00201935255127,-0.37942534692155777,-0.5617621395639965,284.9375,-18.068165357049796,-18.068629590494616,6.2114374360132825,6.920659717513724,-6.500699662882391,4.194336087375806,-1.3722092463259787,-8.740516158337952,0.5783715078535152,-1.7442717870993276,-6.500699662882392,4.194336087375804,-1.3722092463259787,-8.740516158337948,0.5783715078535169,-1.7442717870993272,-7.6857313656918524,-7.434762968419875,1.3351346856865058,-6.500699662882391,4.194336087375806,-1.3722092463259787,-6.500699662882392,4.194336087375804,-1.3722092463259787,nan,-7.6857313656918524,nan,-7.434762968419875,False,15.544373871845183,97feeb74710a17ab,,-5.682846428127224,-6.703434769643581,0.009250028817165079,dither_mag,-130.09943699544073,13,-7.921539221822302,-10.766104745114001,0.9967766276186999,1.0037722873678951,0.0,,,,,,,
93,94860,0,8,3010,6.1516460527445656,4.784083861838051,257.2131158925032,252.14594656703326,0.9802997241882967,0.6803355611915923,0.0,-171.28570332402276,-171.28570332402276,-171.28570332402276,-308.33530078543174,84.11950229267269,phase,-133.4757529582195,dither_phase,1.0016096577424791,-133.4757529582195,-44.93136459749515,-0.38396476589266243,-0.5574832447383478,283.6875,-18.40745515891704,-18.4678892317832,6.642931589124648,6.412895400983011,-7.166586548296219,3.954996177082195,-1.4828216857634917,-8.786731194258016,0.9908993935087367,-1.7519487033651189,-7.166586548296219,3.9549961770821946,-1.4828216857634917,-8.786731194258016,0.9908993935087367,-1.7519487033651189,-10.914921127494495,-10.727567408588431,-0.671438575349339,-7.166586548296219,3.954996177082195,-1.4828216857634917,-7.166586548296219,3.9549961770821946,-1.4828216857634917,nan,-10.914921127494495,nan,-10.727567408588431,False,14.058161222013148,0b2c303f1852d70f,,6.1516460527445656,4.784083861838051,0.0016096577424791203,dither_mag,-171.28570332402276,14,-5.761500494184498,-9.097968084324105,0.9970574097315295,1.0034899890506088,0.0,,,,,,,
94,95880,0,8,2422,-3.6651825454428,-1.8459518619198452,258.01782143726257,254.06625224436792,0.9846848982334522,1.3232314286854507,0.0,-78.6010859162144,-78.6010859162144,-78.6010859162144,-282.04950771685714,88.4501568378387,phase,-130.99585452964882,dither_phase,0.994991632896236,-130.99585452964882,-47.41431497533752,-0.3513305858462288,-0.5216251967347723,284.125,-18.21426380971513,-18.259003966421552,6.28473973300157,6.931243737221315,-6.734530117517749,3.3604309403708172,-1.4110515145378322,-7.822977950904954,1.5654446921309482,-1.591856802475906,-6.73453011751775,3.3604309403708172,-1.4110515145378322,-7.822977950904954,1.5654446921309508,-1.591856802475906,-7.808330624687164,-7.661115769767425,-0.6986242789449024,-6.734530117517749,3.3604309403708172,-1.4110515145378322,-6.73453011751775,3.3604309403708172,-1.4110515145378322,nan,-7.808330624687164,nan,-7.661115769767425,False,18.243341104495038,aa8902aedf15a2fb,,-3.6651825454428,-1.8459518619198452,-0.0050083671037639554,dither_mag,-78.6010859162144,15,-7.048100321219928,-9.741804254810667,0.9961835245635233,1.0043739392916882,0.0,,,,,,,
95,96900,0,7,3840,1.915760856082113,3.9883397072169458,258.58071251502497,253.8635795976793,0.9817575995074591,1.2643155677457116,0.0,-104.99638110987368,-104.99638110987368,-104.99638110987368,-255.36568339566665,89.14360601662551,phase,-145.39215269843402,dither_phase,1.0016923566254812,-145.39215269843402,-51.81245422537105,-0.37458699173247684,-0.5635967902404411,285.92857142857144,-17.836446918312507,-17.85197128720707,6.776196571576593,6.497687383238659,-6.785095417186437,5.138294828746299,-1.4194510659778135,-8.95789172366756,1.3381070345017345,-1.7803806849946113,-6.7850954171864375,5.138294828746299,-1.4194510659778137,-8.95789172366756,1.3381070345017345,-1.7803806849946113,-10.024486786005959,-9.778143975109,0.25350590516498794,-6.785095417186437,5.138294828746299,-1.4194510659778135,-6.7850954171864375,5.138294828746299,-1.4194510659778137,nan,-10.024486786005959,nan,-9.778143975109,False,15.20460730044323,340a811c7a1e0509,,1.915760856082113,3.9883397072169458,0.0016923566254811728,dither_mag,-104.99638110987368,16,-6.375015208792952,-8.351964432293597,0.9964785566764215,1.004076984040017,0.0,,,,,,,
96,97920,0,8,4062,-6.352535643576147,-2.7425046484566833,255.97444028895958,253.12372794085647,0.9888632929722004,1.5641531118953622,0.0,238.02556828437866,238.02556828437866,238.02556828437866,-101.99811691717561,83.70224544204842,phase,-137.8641558738428,dither_phase,1.0144152071111037,-137.8641558738428,-46.405698051339684,-0.3727305121543452,-0.5519539147903408,283.5625,-18.075993072087,-18.02325799483639,6.287690256082258,6.695856447138928,-6.701796364973108,4.243860515763364,-1.4056140141151343,-9.138609554180004,0.7032565276918605,-1.810400258169436,-6.701796364973104,4.243860515763367,-1.4056140141151336,-9.138609554180002,0.7032565276918596,-1.8104002581694356,-9.215001597913018,-9.012863554694857,-0.872318817988358,-6.701796364973108,4.243860515763364,-1.4056140141151343,-6.701796364973104,4.243860515763367,-1.4056140141151336,nan,-9.215001597913018,nan,-9.012863554694857,False,17.738458855136304,1650583f37f52f08,,-6.352535643576147,-2.7425046484566833,0.014415207111103667,dither_mag,238.02556828437866,17,-8.606259885715422,-9.307943547657509,0.9989923345122677,1.0015800320263653,0.0,,,,,,,
97,98940,0,7,2794,-1.5796467531936054,-2.112054969071945,256.70835155514413,252.98665815443616,0.9855022504014307,1.2839858906620665,0.0,-111.35163912478532,-111.35163912478532,-111.35163912478532,-272.6373749877639,82.71013020261249,phase,-136.6194331763,dither_phase,1.0014405481505937,-136.6194331763,-44.865122457637334,-0.38090740578195703,-0.558512668911147,285.57142857142856,-18.176026008098468,-18.150337522494947,6.008775711437258,6.580376674103272,-6.930340318323511,4.014729547319302,-1.4435781259673606,-8.725896066442418,1.009748878379782,-1.7418432004057174,-6.930340318323513,4.014729547319302,-1.443578125967361,-8.725896066442422,1.0097488783797803,-1.741843200405718,-9.398493489723828,-9.329588863080488,0.939745775733891,-6.930340318323511,4.014729547319302,-1.4435781259673606,-6.930340318323513,4.014729547319302,-1.443578125967361,nan,-9.398493489723828,nan,-9.329588863080488,False,14.033166718568017,c00527e0889a8575,,-1.5796467531936054,-2.112054969071945,0.0014405481505936901,dither_mag,-111.35163912478532,18,-9.159693925715029,-10.045996639310719,0.999244176410257,1.0013279009872762,0.0,,,,,,,
98,99960,0,8,2050,5.838610961210467,4.268323700789805,259.3037807080727,253.9319968709241,0.9792838198406517,1.566114435673625,0.0,-251.2760081104506,-251.2760081104506,-251.2760081104506,-579.5772505118161,92.82551665621796,phase,-127.49332629067932,dither_phase,0.9956811228581883,-127.49332629067932,-46.16315366266171,-0.3448299814491754,-0.5105713056270585,283.5,-18.265856602709096,-18.361944799360383,6.847850546318513,6.869040960216514,-6.070640107200754,3.2069586478415353,-1.3007707819270355,-7.594459338815679,5.851107627490483,-1.5538969001354952,-6.070640107200752,3.2069586478415353,-1.3007707819270353,-7.5944593388156765,5.851107627490483,-1.5538969001354945,-12.211343165429627,-12.152811170246036,2.138983996970589,-6.070640107200754,3.2069586478415353,-1.3007707819270355,-6.070640107200752,3.2069586478415353,-1.3007707819270353,nan,-12.211343165429627,nan,-12.152811170246036,False,19.20279106422645,9f5feb31cbd8d11d,,5.838610961210467,4.268323700789805,-0.004318877141811672,dither_mag,-251.2760081104506,19,-7.114634385048101,-8.554064482218639,0.9984889441645542,1.002087990854058,0.0,,,,,,,
99,100980,0,8,2994,-7.998261505245383,-8.651462052181591,259.4294490483915,255.1595521733671,0.9835412020852423,1.554557844929052,0.0,-40.28296764947514,-40.28296764947514,-40.28296764947514,-450.23435435190044,95.39163491023163,phase,-127.82748116701005,dither_phase,1.0009002710011456,-127.82748116701005,-51.35695682905369,-0.3058433885946176,-0.4720191141117307,282.0625,-17.938424853719095,-17.96353596090596,5.252334777015153,6.548637004818123,-6.771985892841642,3.0483345698125537,-1.417273404126519,-8.211403737873763,1.319151396096724,-1.6563793584507913,-6.771985892841641,3.0483345698125537,-1.4172734041265185,-8.211403737873763,1.319151396096724,-1.6563793584507913,-7.67496576930538,-7.6038628083129876,0.9903418913469704,-6.771985892841642,3.0483345698125537,-1.417273404126519,-6.771985892841641,3.0483345698125537,-1.4172734041265185,nan,-7.67496576930538,nan,-7.6038628083129876,False,13.896056937502035,b849545f858ea3cc,,-7.998261505245383,-8.651462052181591,0.0009002710011456472,dither_mag,-40.28296764947514,20,-9.91826235028127,-11.575766913442116,0.9986462535267985,1.001930256474962,0.0,20,-130.8039012009019,1.7269546031655605,-130.8039012009019,move+1:OK,1,29
100,102000,0,7,5378,8.73142618971032,9.193478496939544,259.7756419062203,255.33543130047136,0.9829075175287147,1.297658677680408,0.0,-86.48473003560744,-86.48473003560744,-86.48473003560744,-266.7864187054348,90.27639498173612,phase,-114.36100716824083,dither_phase,0.9936747285927651,-114.36100716824083,-42.29383774215721,-0.33576033334582617,-0.48442964266453925,283.5,-19.100551514916802,-19.2728861779895,7.00563203512607,6.99367742812537,-6.4322293931617205,4.624511506905052,-1.3608354473690567,-8.41909723070412,1.363399862404144,-1.6908799386551694,-6.43222939316172,4.624511506905055,-1.3608354473690565,-8.419097230704121,1.363399862404144,-1.6908799386551698,-12.206692203996878,-12.10401094914964,0.37797086656273393,-6.4322293931617205,4.624511506905052,-1.3608354473690567,-6.43222939316172,4.624511506905055,-1.3608354473690565,nan,-12.206692203996878,nan,-12.10401094914964,False,15.27153437325014,b76091bcd3366822,,8.73142618971032,9.193478496939544,-0.006325271407234934,dither_mag,-86.48473003560744,1,-6.858120527682818,-8.364248493737371,0.9975408295229579,1.0030463753704806,0.0,,,,,,,
101,103020,0,8,3214,4.995804705535681,4.227086676553779,258.8659725502167,253.77284835429214,0.9803252465136699,1.3057016690815688,0.0,156.3899621998782,156.3899621998782,156.3899621998782,-243.08512050400861,78.60480635804298,phase,-110.37000665033689,dither_phase,0.9967666920948128,-110.37000665033689,-42.02950657946392,-0.34214644740126915,-0.4856274560467071,284.75,-19.516094897830985,-19.53117741121865,6.9618022554791095,6.473165978865899,-6.542479810740597,4.358702632027873,-1.3791494702226905,-8.385973834245728,0.8732953514471651,-1.6853777133298553,-6.542479810740597,4.358702632027873,-1.3791494702226905,-8.385973834245728,0.8732953514471642,-1.6853777133298553,-11.30371401814003,-11.159929506156399,1.460217835174121,-6.542479810740597,4.358702632027873,-1.3791494702226905,-6.542479810740597,4.358702632027873,-1.3791494702226905,nan,-11.30371401814003,nan,-11.159929506156399,False,14.454237054786242,b0972048d8bccabe,,4.995804705535681,4.227086676553779,-0.003233307905187166,dither_mag,156.3899621998782,2,-5.105278342993828,-6.88926152092929,0.9969763921092353,1.0036157690060057,0.0,,,,,,,
102,104040,0,8,1298,0.1215762957670525,-0.060958095380821475,259.6641480176444,256.72334117505005,0.9886745749652182,1.2696821761210026,0.0,-88.38208418454828,-88.38208418454828,-88.38208418454828,-244.50173757249502,73.13062905602033,phase,-102.28061510474967,dither_phase,1.0016043092069198,-102.28061510474967,-41.92699806927964,-0.316262128715157,-0.4492269283513316,283.4375,-19.68277736891808,-19.78203746402346,6.563397632852343,7.056588647752119,-5.476220080694333,5.1103462750313655,-1.2020299137366002,-7.492618351937484,1.3834706184303578,-1.5369797926806452,-5.476220080694331,5.110346275031366,-1.2020299137366,-7.49261835193748,1.3834706184303585,-1.5369797926806446,-8.734858314769752,-8.584993135752896,0.2707681424893078,-5.476220080694333,5.1103462750313655,-1.2020299137366002,-5.476220080694331,5.110346275031366,-1.2020299137366,nan,-8.734858314769752,nan,-8.584993135752896,False,17.750437090010777,83a221dd8b44ef81,,0.1215762957670525,-0.060958095380821475,0.001604309206919785,dither_mag,-88.38208418454828,3,-5.062597589612653,-6.910519988604044,0.9972562973301001,1.0033344510737299,0.0,,,,,,,
103,105060,0,7,2794,-6.669054166539267,-5.942562676046116,258.82187633397285,254.78473382065323,0.9844018497566633,1.2173200070425025,0.0,-180.48464407700624,-180.48464407700624,-180.48464407700624,-283.1474281780964,77.29476368274719,phase,-116.37272334486518,dither_phase,1.0022430582157584,-116.37272334486518,-39.43605742135214,-0.37009638346852947,-0.5213809238168542,286.5,-19.296495460412046,-19.335939699317418,6.033812044507911,6.6909364303791055,-6.697462737758132,3.5372597328732325,-1.4048941424847396,-9.16257838636101,0.6727993774017395,-1.8143817917543208,-6.697462737758132,3.537259732873231,-1.4048941424847396,-9.162578386361009,0.6727993774017428,-1.8143817917543206,-8.88471165651138,-8.740450139768908,0.15209820604052737,-6.697462737758132,3.5372597328732325,-1.4048941424847396,-6.697462737758132,3.537259732873231,-1.4048941424847396,nan,-8.88471165651138,nan,-8.740450139768908,False,13.97503409519279,617c5c84423b3f4d,,-6.669054166539267,-5.942562676046116,0.002243058215758431,dither_mag,-180.48464407700624,4,-7.403188433248222,-8.983504659259292,0.9976477555180153,1.00294148843467,0.0,,,,,,,
104,106080,0,8,5214,-1.4683495061153642,-1.437377636877168,258.4072502918803,255.07254425096454,0.9870951529527554,1.3861299589310845,0.0,-200.52436232112413,-200.52436232112413,-200.52436232112413,-400.7912360397494,74.73745219268034,phase,-103.16275403699795,dither_phase,0.9998958883519352,-103.16275403699795,-40.31519676714193,-0.31933046098908435,-0.4534420412371817,283.375,-19.452091206207832,-19.61737241247547,5.523531267703983,6.759536461811443,-5.7830213517559015,5.685200136123005,-1.2529935800258973,-8.029668451234036,4.912364243541775,-1.6261907726302387,-5.783021351755899,5.685200136123008,-1.252993580025897,-8.029668451234036,4.912364243541775,-1.6261907726302387,-9.408325525246264,-9.28527833853908,-0.26777670485431226,-5.7830213517559015,5.685200136123005,-1.2529935800258973,-5.783021351755899,5.685200136123008,-1.252993580025897,nan,-9.408325525246264,nan,-9.28527833853908,False,15.392619090379023,a75c4552cd7b277c,,-1.4683495061153642,-1.437377636877168,-0.00010411164806478634,dither_mag,-200.52436232112413,5,-7.918322481611344,-9.485111361851873,0.9976295788364127,1.0029597634682865,0.0,,,,,,,
105,107100,0,7,1762,9.071767477553607,9.437963065693197,259.3338297111876,254.8236872012308,0.9826087382622637,1.2605813800017875,0.0,-113.8213606706007,-113.8213606706007,-113.8213606706007,-259.66621524630375,82.77332904659247,phase,-117.42150770713154,dither_phase,0.9980577563233995,-117.42150770713154,-39.100355078280984,-0.3793989455076447,-0.5320469055269157,286.35714285714283,-19.408218225832922,-19.578787666227743,7.1091158144880815,6.9092646145996195,-6.364050529247798,4.544314046228685,-1.3495100546923253,-8.07408678170439,1.4344406426811016,-1.6335692328412608,-6.364050529247799,4.544314046228687,-1.3495100546923255,-8.07408678170439,1.4344406426811025,-1.6335692328412608,-8.656505793463891,-8.544290948857824,0.3376613232067385,-6.364050529247798,4.544314046228685,-1.3495100546923253,-6.364050529247799,4.544314046228687,-1.3495100546923255,nan,-8.656505793463891,nan,-8.544290948857824,False,17.984046747622745,68fcd9a732b25cd5,,9.071767477553607,9.437963065693197,-0.0019422436766004525,dither_mag,-113.8213606706007,6,-4.735659613047375,-6.191572385203715,0.9972904918817229,1.0033013255102368,0.0,,,,,,,
106,108120,0,8,2386,0.04802912418483629,-1.688985157325643,261.166093506096,257.9104301273295,0.9875341269034585,1.2750035469537342,0.0,105.85335752313793,105.85335752313793,105.85335752313793,-240.87142875487947,75.95556244760408,phase,-108.15840632161593,dither_phase,1.0131911420511368,-108.15840632161593,-37.52905794588506,-0.3413756439091756,-0.48198157212727627,280.5625,-19.370851280692982,-19.419947777345655,6.657849808511589,7.067293684924846,-6.003735915453143,4.581763727234983,-1.2896571288128145,-7.120074168597722,2.265204157312298,-1.4750953768434756,-6.0037359154531424,4.581763727234984,-1.2896571288128145,-7.120074168597723,2.265204157312298,-1.4750953768434756,-10.39330974936985,-10.226505317115377,0.5218916867646732,-6.003735915453143,4.581763727234983,-1.2896571288128145,-6.0037359154531424,4.581763727234984,-1.2896571288128145,nan,-10.39330974936985,nan,-10.226505317115377,False,19.55294585200058,68570172c16eff9e,,0.04802912418483629,-1.688985157325643,0.013191142051136806,dither_mag,105.85335752313793,7,-4.7188037484807985,-6.780772050382413,0.9995926869770384,1.00101540856206,0.0,,,,,,,
107,109140,0,8,6978,-7.028332353718945,-8.728081528332176,262.4747411194224,256.4123584223686,0.9769029862789902,1.102379712170803,0.0,-75.113485969168,-75.113485969168,-75.113485969168,-138.4481453229928,71.29261929750344,phase,-97.53505977763758,dither_phase,1.0014233013141824,-97.53505977763758,-35.355596158703214,-0.3215267402286469,-0.4483223179395758,284.125,-19.913004804155225,-19.93776025103558,5.833846827753081,6.643666898163186,-5.765383219008219,4.592916637719856,-1.2500636576425612,-7.5299290258938365,4.644428300523788,-1.5431775790521325,-5.765383219008219,4.592916637719856,-1.2500636576425612,-7.5299290258938365,4.644428300523786,-1.5431775790521325,-9.889100365033919,-9.855376245970838,0.5588854841288704,-5.765383219008219,4.592916637719856,-1.2500636576425612,-5.765383219008219,4.592916637719856,-1.2500636576425612,nan,-9.889100365033919,nan,-9.855376245970838,False,15.82731761215948,1c03be75032aef65,,-7.028332353718945,-8.728081528332176,0.0014233013141824458,dither_mag,-75.113485969168,8,-7.179722436512514,-9.832501832748566,0.9998416632544173,1.0007664322846812,0.0,,,,,,,
108,110160,0,8,1462,-1.8616494159642893,1.5837147132437412,258.996046498752,252.6646972109682,0.9755542628029487,1.139652645735151,0.0,-107.21446984740271,-107.21446984740271,-107.21446984740271,-182.99212250317936,72.8871796900076,phase,-112.80849075554268,dither_phase,0.9909323206483039,-112.80849075554268,-38.532634791782115,-0.36960473399049043,-0.5162557719726959,286.125,-19.410855976394007,-19.530931759507645,5.7164065273251765,6.765556393038371,-6.103012016211345,3.4105658962449583,-1.3061481754503896,-7.846694321097364,1.5075190401220397,-1.595796398853383,-6.103012016211345,3.4105658962449588,-1.3061481754503896,-7.846694321097364,1.5075190401220404,-1.595796398853383,-9.140958743987474,-9.118333025918671,-0.8812476431657057,-6.103012016211345,3.4105658962449583,-1.3061481754503896,-6.103012016211345,3.4105658962449588,-1.3061481754503896,nan,-9.140958743987474,nan,-9.118333025918671,False,18.19151190664407,bd35c13f1d279507,,-1.8616494159642893,1.5837147132437412,-0.009067679351696056,dither_mag,-107.21446984740271,9,-7.831402917066466,-9.278626191286572,0.9982550706235671,1.0023690241689518,0.0,,,,,,,
109,111180,0,8,3244,3.7748046360323464,3.169450283154966,258.6259289867374,255.0840430502374,0.9863049851560645,1.493489123076165,0.0,-75.43086431354465,-75.43086431354465,-75.43086431354465,-410.833726688449,80.12343817621051,phase,-112.28208513834544,dither_phase,1.0031027662089005,-112.28208513834544,-43.42013424584733,-0.3415279598094248,-0.48749467048927386,283.875,-19.349749632058785,-19.337243035031257,7.1873388836187235,6.8550587751912975,-6.911614449227849,3.3438339936270802,-1.4404675164830316,-8.178340372816075,1.540449550219058,-1.6508871051189495,-6.911614449227846,3.3438339936270802,-1.440467516483031,-8.178340372816075,1.540449550219058,-1.6508871051189495,-8.070687929543526,-7.9913279034407765,1.5645255832295,-6.911614449227849,3.3438339936270802,-1.4404675164830316,-6.911614449227846,3.3438339936270802,-1.440467516483031,nan,-8.070687929543526,nan,-7.9913279034407765,False,14.507803597366644,7d47eae97e2824d8,,3.7748046360323464,3.169450283154966,0.003102766208900487,dither_mag,-75.43086431354465,10,-6.507911896093203,-8.171940357669609,0.9987971072412412,1.0018264372602954,0.0,,,,,,,
110,112200,0,8,826,-1.307180478936948,-2.4157972336436995,259.3226731498407,255.1731127330201,0.9839984665960045,1.2270226016391585,0.0,-104.0490201477016,-104.0490201477016,-104.0490201477016,-227.32217550119037,73.33802612922688,phase,-120.07101267746282,dither_phase,0.9986529216926786,-120.07101267746282,-41.10750973771647,-0.39035538155652016,-0.5464476980372218,283.875,-19.42318774243435,-19.401214198505524,6.771507683018032,7.128239179559578,-6.3934325170204165,3.5413076771924272,-1.3543907835582087,-8.874117822263788,0.44792739632219575,-1.7664647545288685,-6.393432517020417,3.5413076771924272,-1.354390783558209,-8.874117822263786,0.44792739632219664,-1.766464754528868,-8.647847808988917,-8.57449162683262,-0.4750315084930301,-6.3934325170204165,3.5413076771924272,-1.3543907835582087,-6.393432517020417,3.5413076771924272,-1.354390783558209,nan,-8.647847808988917,nan,-8.57449162683262,False,16.359669244113945,dcbaa5064fd614c8,,-1.307180478936948,-2.4157972336436995,-0.0013470783073213921,dither_mag,-104.0490201477016,11,-6.965976065793915,-9.015927899151915,0.9985616521058397,1.0020629250936592,0.0,,,,,,,
111,113220,0,8,1402,-2.072705035668065,-1.6958967398202465,257.66862875280185,253.87302810525355,0.985269449890271,1.284609376151308,0.0,-167.02917796697778,-167.02917796697778,-167.02917796697778,-308.08539274742793,67.39595816281184,phase,-113.07632922497727,dither_phase,0.986441020481598,-113.07632922497727,-38.44993574250366,-0.3703948622341233,-0.5173940902265938,284.5625,-19.322680293017864,-19.425993683845807,5.621827539265984,6.6957307985974825,-6.491399714871613,3.1217751889502017,-1.3706644044637233,-7.6301878908278375,1.440621239587788,-1.5598318755527971,-6.491399714871614,3.121775188950202,-1.3706644044637233,-7.6301878908278375,1.4406212395877884,-1.5598318755527971,-10.724758117408884,-10.63806355777775,-0.9772460235578029,-6.491399714871613,3.1217751889502017,-1.3706644044637233,-6.491399714871614,3.121775188950202,-1.3706644044637233,nan,-10.724758117408884,nan,-10.63806355777775,False,18.146806079589943,dceb9df9ecec1609,,-2.072705035668065,-1.6958967398202465,-0.013558979518402015,dither_mag,-167.02917796697778,12,-7.69246777609938,-9.608269801115416,0.9961922436328058,1.004473324011783,0.0,,,,,,,
112,114240,0,8,2102,-0.2233451958142154,0.46031979042061644,256.30461109609615,252.8441344258313,0.9864985781743606,0.8311665220734383,0.0,-70.67348744856638,-70.67348744856638,-70.67348744856638,-155.45394930687706,66.82844271872422,phase,-111.48726357142958,dither_phase,0.9934895590813183,-111.48726357142958,-35.522885953330785,-0.39536485660725373,-0.5402982992501122,285.4375,-19.740371379036453,-19.8940484183752,6.066834713916588,6.8351816163619805,-7.297318665118107,4.250366080154118,-1.5045379842388882,-8.992104647726894,0.5805791566912827,-1.7860638949712448,-7.297318665118104,4.250366080154118,-1.504537984238888,-8.992104647726894,0.5805791566912818,-1.7860638949712448,-10.887462779540076,-10.701307911728385,-0.3307045786097973,-7.297318665118107,4.250366080154118,-1.5045379842388882,-7.297318665118104,4.250366080154118,-1.504537984238888,nan,-10.887462779540076,nan,-10.701307911728385,False,19.30329814418761,36c8a9f45a50c593,,-0.2233451958142154,0.46031979042061644,-0.0065104409186816925,dither_mag,-70.67348744856638,13,-7.7709373877979315,-9.447875370725022,0.9950572547522871,1.0056252472804814,0.0,,,,,,,
113,115260,0,8,1818,-1.015684074076404,0.2408895205860991,257.65536012101677,255.34740570676306,0.9910424746717099,1.2589031916084763,0.0,-64.09537173414974,-64.09537173414974,-64.09537173414974,-222.39593480179445,67.19066469667194,phase,-113.90528607477643,dither_phase,0.9998477168758181,-113.90528607477643,-37.99357357896363,-0.3943017043919514,-0.5423785762891608,284.625,-19.55795260527632,-19.733443920041527,5.826456260797162,6.872894629084848,-6.6395935050426935,3.559902685953571,-1.3952813131300157,-8.14302486372746,0.9738063898791626,-1.6450207414829667,-6.639593505042693,3.559902685953571,-1.3952813131300157,-8.143024863727462,0.9738063898791618,-1.6450207414829672,-11.86223957212512,-11.653112435726687,-0.4228040666653028,-6.6395935050426935,3.559902685953571,-1.3952813131300157,-6.639593505042693,3.559902685953571,-1.3952813131300157,nan,-11.86223957212512,nan,-11.653112435726687,False,18.27509416004548,d085ce25f80333d5,,-1.015684074076404,0.2408895205860991,-0.0001522831241819178,dither_mag,-64.09537173414974,14,-8.128192635401989,-9.364035657637928,0.9950307369274758,1.0056520508192301,0.0,,,,,,,
114,116280,0,8,6074,4.729572770762292,3.0687830922516053,260.0010085582776,258.3668695776506,0.9937148744549554,1.1491472302919017,0.0,-168.8250781684627,-168.8250781684627,-168.8250781684627,-224.46529713828477,74.39787814825094,phase,-107.28524302515787,dither_phase,1.0042670126397464,-107.28524302515787,-41.491338109505485,-0.33396759066194287,-0.4734384065946481,284.1875,-19.55019509816776,-19.62354882475693,7.1308962873497155,7.128417080679638,-5.812526831829427,3.6587306928030494,-1.2578948225630278,-6.8789394848230145,2.6505714011641466,-1.4350397815320624,-5.8125268318294285,3.6587306928030494,-1.257894822563028,-6.878939484823015,2.650571401164144,-1.4350397815320626,-9.678304789477428,-9.441866595190879,0.7143045874770562,-5.812526831829427,3.6587306928030494,-1.2578948225630278,-5.8125268318294285,3.6587306928030494,-1.257894822563028,nan,-9.678304789477428,nan,-9.441866595190879,False,17.663177071304325,85999a2488a3c188,,4.729572770762292,3.0687830922516053,0.0042670126397463815,dither_mag,-168.8250781684627,15,-6.464575213011293,-8.295998177464648,0.9957737534554718,1.004904293755965,0.0,,,,,,,
115,117300,0,7,4234,5.151046559475482,3.228420696266377,258.72335061733406,255.87317119003592,0.9889836792060036,1.183211176783884,0.0,-119.75009933194505,-119.75009933194505,-119.75009933194505,-208.3358175745214,75.61625645639636,phase,-104.56618103399477,dither_phase,0.9998966798115363,-104.56618103399477,-41.01816790668001,-0.3252685552752567,-0.4612045906194499,282.71428571428567,-19.59180485967638,-19.653810636798475,7.454386235041507,7.084556888521143,-6.356903292366379,3.8969263366683444,-1.348322806040927,-7.728625572168668,1.7142624281537056,-1.5761836498619053,-6.356903292366379,3.8969263366683444,-1.348322806040927,-7.728625572168668,1.714262428153705,-1.5761836498619053,-10.933815564655402,-10.71071061136218,1.3289076805250488,-6.356903292366379,3.8969263366683444,-1.348322806040927,-6.356903292366379,3.8969263366683444,-1.348322806040927,nan,-10.933815564655402,nan,-10.71071061136218,False,16.878973320603563,2fde2fad2d7f8eca,,5.151046559475482,3.228420696266377,-0.00010332018846370694,dither_mag,-119.75009933194505,16,-4.654057221790672,-7.1715654820186945,0.9957557488373938,1.0049224653411348,0.0,,,,,,,
116,118320,0,8,7626,1.2113938473877113,3.626830981767835,256.8380372971475,254.30083244028893,0.9901213820057224,1.1459725744622935,0.0,-115.45722450178151,-115.45722450178151,-115.45722450178151,-179.8218543995222,74.58638482953225,phase,-118.8520966870951,dither_phase,1.0011186633340716,-118.8520966870951,-44.292084382491225,-0.39007955289549306,-0.5445872785887167,285.125,-19.517979388620187,-19.57687232369572,6.674075657165968,6.795096243027321,-6.867725637564548,4.371576403176328,-1.4331770162067357,-8.373788687094372,1.311272154529516,-1.6833536025073708,-6.867725637564548,4.371576403176327,-1.4331770162067357,-8.373788687094374,1.3112721545295156,-1.6833536025073712,-10.302781542344121,-10.056082555078799,-1.3727287493270564,-6.867725637564548,4.371576403176328,-1.4331770162067357,-6.867725637564548,4.371576403176327,-1.4331770162067357,nan,-10.302781542344121,nan,-10.056082555078799,False,16.831907852576133,cb532ba04a0cadcc,,1.2113938473877113,3.626830981767835,0.0011186633340716234,dither_mag,-115.45722450178151,17,-4.2282621941639364,-5.9083925633121455,0.9959506840404291,1.004725955434339,0.0,,,,,,,
117,119340,0,8,5342,5.995552266818947,5.0571801522498845,259.44136713315794,254.7482701222224,0.9819107605591408,1.3172785186361324,0.0,-190.51115014819007,-190.51115014819007,-190.51115014819007,-353.21025195658814,77.06597207362648,phase,-107.19112802923267,dither_phase,1.0040747480713565,-107.19112802923267,-38.78594890881425,-0.3353307645473425,-0.474679230985345,283.4375,-19.287535302916208,-19.50746533615751,7.034021093873052,7.2011145940106545,-6.268236461938401,4.771989323926562,-1.3335940966675086,-7.5009735861388425,5.989463241525705,-1.5383677053386782,-6.268236461938401,4.771989323926562,-1.3335940966675086,-7.500973586138842,5.989463241525705,-1.5383677053386782,-9.950677530833193,-9.711207285656137,-0.03896025148147342,-6.268236461938401,4.771989323926562,-1.3335940966675086,-6.268236461938401,4.771989323926562,-1.3335940966675086,nan,-9.950677530833193,nan,-9.711207285656137,False,15.331571396364035,d61d314916edc5d8,,5.995552266818947,5.0571801522498845,0.004074748071356549,dither_mag,-190.51115014819007,18,-2.12128709287323,-4.1467051661528975,0.996660877462997,1.0040124120427967,0.0,,,,,,,
118,120360,0,8,7410,-3.882372424068425,-3.9022229208443076,257.87544453763843,254.90962998214818,0.9884990423930907,1.258240314278239,0.0,-165.71155343351492,-165.71155343351492,-165.71155343351492,-289.95723107656255,74.70842629115323,phase,-112.7749679980072,dither_phase,1.007376164496908,-112.7749679980072,-40.98882084439155,-0.35360116287957916,-0.5002086212769885,282.5625,-19.416806383455064,-19.466778548594398,6.897588767469136,7.027345720474499,-6.24813038597368,3.6904412813594996,-1.3302542169391498,-7.774841503548958,1.4869786845875501,-1.5838607148752424,-6.248130385973679,3.6904412813595,-1.3302542169391494,-7.774841503548958,1.4869786845875508,-1.5838607148752424,-10.283712976799961,-10.06111192381946,-0.3134716012817995,-6.24813038597368,3.6904412813594996,-1.3302542169391498,-6.248130385973679,3.6904412813595,-1.3302542169391494,nan,-10.283712976799961,nan,-10.06111192381946,False,17.46095240610516,f53e248a871b18ee,,-3.882372424068425,-3.9022229208443076,0.007376164496907922,dither_mag,-165.71155343351492,19,-3.4846699437009407,-5.507025024666051,0.9979473960144619,1.0027258934913317,0.0,,,,,,,
119,121380,0,8,5280,-13.529169577460257,-13.070172686814402,226.83633660323784,215.02132232283583,0.9479139257081735,0.9593717921454461,0.0,-40.94292501795899,-40.94292501795899,-40.94292501795899,-37.21093956774498,86.46799329757752,phase,-120.6094021494585,dither_phase,1.0030996061382762,-120.6094021494585,-39.767459706780734,-0.37969176298843066,-0.5364839857827267,282.6875,-19.26782184101943,-19.260524715417112,5.96681220508163,6.531660476608559,-7.007501614047397,0.7577323178117524,-1.456395616951395,-6.874619117959866,0.6049210726377913,-1.4343221126179182,-7.007501614047397,0.7577323178117533,-1.456395616951395,-6.874619117959866,0.6049210726377905,-1.4343221126179182,-20.517997911262693,-20.693948539130076,-0.5888686875910754,-7.007501614047397,0.7577323178117524,-1.456395616951395,-7.007501614047397,0.7577323178117533,-1.456395616951395,nan,-20.517997911262693,nan,-20.693948539130076,False,15.435297544777708,10e17a0321d00ecb,,-13.529169577460257,-13.070172686814402,0.003099606138276201,dither_mag,-40.94292501795899,20,-8.22961879673895,-10.069149599366272,0.9984887136924755,1.0021836645040958,0.0,20,-111.2285783238528,1.3903937225117335,-111.2285783238528,move+1:OK,1,30
120,122400,0,7,3706,5.679356005900279,3.242882203154857,255.8278095385584,251.92769137977135,0.9847549093047321,0.9275744335114954,0.0,-124.78002612234508,-124.78002612234508,-124.78002612234508,-138.4722743707621,62.792584077826,phase,-89.53694546075154,dither_phase,0.9856745878937335,-89.53694546075154,-35.87259895906239,-0.3300658615753518,-0.4464638906743288,283.1428571428571,-20.89398324752767,-20.928878738819783,5.7560451105323365,5.41913612908257,-5.987428602037356,4.7338051459797565,-1.2869482727636805,-7.023696157998744,2.872375535301466,-1.4590857405313529,-5.987428602037356,4.733805145979758,-1.2869482727636805,-7.023696157998744,2.872375535301467,-1.4590857405313529,-12.348322292780018,-12.252879040904425,0.2461407612374451,-5.987428602037356,4.7338051459797565,-1.2869482727636805,-5.987428602037356,4.733805145979758,-1.2869482727636805,nan,-12.348322292780018,nan,-12.252879040904425,False,15.334024725069746,5281b6e2eed0cd86,,5.679356005900279,3.242882203154857,-0.014325412106266477,dither_mag,-124.78002612234508,1,-6.238835551213642,-8.936613906254742,0.995985555288733,1.0047326005128874,0.0,,,,,,,
121,123420,0,7,70,-2.9783265965216787,-1.7173084798158098,257.3580317876806,255.75045423243023,0.9937535364873453,1.0693543229716265,0.0,-143.36547758764806,-143.36547758764806,-143.36547758764806,-166.44272519052979,58.55363526690369,phase,-94.53071392403136,dither_phase,0.9949581053044919,-94.53071392403136,-31.880941853878173,-0.4037415054676716,-0.5266314335689124,285.6428571428571,-21.359733499604687,-21.439412406233657,6.215826756744089,6.7272857254056175,-6.938507026752569,5.157731249813099,-1.444934722051922,-8.943010704783084,0.9447875812068482,-1.7779087549473562,-6.938507026752568,5.157731249813101,-1.4449347220519215,-8.943010704783084,0.9447875812068482,-1.7779087549473562,-11.24998890665734,-10.992088002984024,-0.5542948879907619,-6.938507026752569,5.157731249813099,-1.444934722051922,-6.938507026752568,5.157731249813101,-1.4449347220519215,nan,-11.24998890665734,nan,-10.992088002984024,False,14.191662640948895,5e8db73a1d2e8804,,-2.9783265965216787,-1.7173084798158098,-0.005041894695508087,dither_mag,-143.36547758764806,2,-7.285451441622207,-9.534840705732245,0.9951067657883308,1.005623600133712,0.0,,,,,,,
122,124440,0,7,1742,9.389281567825545,8.130306617006035,256.2976917733624,255.92450308607673,0.9985439248995825,0.8815834192937548,0.0,-271.9736328008513,-271.9736328008513,-271.9736328008513,-201.9911753522292,65.44310910055329,phase,-84.49965121220691,dither_phase,1.0051332972189455,-84.49965121220691,-35.05206594419686,-0.32710529480256373,-0.4369548413784327,284.6428571428571,-21.202273311423703,-21.403677834207414,6.488290156356179,6.582414266669467,-6.322497751881524,3.102913059626089,-1.3426075999803198,-7.233234212417889,4.713415116736705,-1.493892726315264,-6.322497751881525,3.1029130596260885,-1.34260759998032,-7.233234212417889,4.713415116736706,-1.493892726315264,-8.142001170889872,-7.932952180596774,1.1207529517226544,-6.322497751881524,3.102913059626089,-1.3426075999803198,-6.322497751881525,3.1029130596260885,-1.34260759998032,nan,-8.142001170889872,nan,-7.932952180596774,False,18.228703000956187,5bc22cbc45a0ae6d,,9.389281567825545,8.130306617006035,0.0051332972189455095,dither_mag,-271.9736328008513,3,-3.9830434370544254,-6.705146458725961,0.9960006970771715,1.0047248349174693,0.0,,,,,,,
123,125460,0,8,3088,1.29451216930446,1.0601318515571885,260.478775328139,255.7258253763147,0.9817530240387656,1.1309591529082383,0.0,-137.8301768075844,-137.8301768075844,-137.8301768075844,-202.65341595409518,65.66954917131167,phase,-89.17339562445773,dither_phase,0.9915586610230206,-89.17339562445773,-34.678349542467146,-0.3390380350904391,-0.45496344940223415,286.4375,-21.05905899929635,-21.217162850058855,7.132652489579721,7.168922308492006,-6.034108690939446,4.393532882291387,-1.2947024403553897,-7.328743129040366,2.557541538285173,-1.509757994857204,-6.034108690939447,4.393532882291385,-1.29470244035539,-7.328743129040367,2.5575415382851716,-1.509757994857204,-9.580571727026733,-9.372198605287002,-1.6976019468030672,-6.034108690939446,4.393532882291387,-1.2947024403553897,-6.034108690939447,4.393532882291385,-1.29470244035539,nan,-9.580571727026733,nan,-9.372198605287002,False,14.922273583505023,ad5463d55aca3d7a,,1.29451216930446,1.0601318515571885,-0.008441338976979407,dither_mag,-137.8301768075844,4,-3.52814490075204,-6.335845198171877,0.9945293706637376,1.0062216843401157,0.0,,,,,,,
124,126480,0,7,4994,-7.099469559324464,-6.202506227228691,257.11842737665927,255.2335512697025,0.9926692297934929,1.1098779054753514,0.0,-74.26502530314892,-74.26502530314892,-74.26502530314892,-123.14082498679362,58.65332690637168,phase,-93.7954074963949,dither_phase,1.0055566658123491,-93.7954074963949,-32.3722828741625,-0.3756764284428175,-0.4976104581881309,284.71428571428567,-20.592039435770623,-20.911525331491873,4.69865516576622,5.4077941714501465,-6.492748338319716,4.47547789542877,-1.3708884282923117,-7.806075951261264,1.7979600211038598,-1.5890491613390807,-6.492748338319716,4.475477895428769,-1.3708884282923117,-7.806075951261263,1.7979600211038589,-1.5890491613390805,-9.751892884833419,-9.557936183634562,-0.4541738002719562,-6.492748338319716,4.47547789542877,-1.3708884282923117,-6.492748338319716,4.475477895428769,-1.3708884282923117,nan,-9.751892884833419,nan,-9.557936183634562,False,15.68426973969501,307cdf596e9c7e92,,-7.099469559324464,-6.202506227228691,0.005556665812349149,dither_mag,-74.26502530314892,5,-6.026627518822158,-8.493299378811715,0.995496467450573,1.005248624721454,0.0,,,,,,,
125,127500,0,8,598,-5.581455832380459,-4.831929188897266,257.4580207396013,255.25473338676392,0.9914421491064525,0.9602538839413024,0.0,-226.94284334278572,-226.94284334278572,-226.94284334278572,-234.2726063444937,54.29138836704843,phase,-87.75489512376208,dither_phase,0.9899567878580573,-87.75489512376208,-28.692509046039113,-0.3825991703609432,-0.49668053402183393,285.9375,-21.315312565072695,-21.42814053516244,6.639071645212027,7.156098228249946,-6.526870326523908,3.5998838585940724,-1.3765565326451676,-7.461554584315422,4.6179905935978125,-1.5318196983912662,-6.526870326523908,3.5998838585940724,-1.3765565326451676,-7.461554584315424,4.617990593597811,-1.5318196983912666,-12.845601377399129,-12.610448574006286,-0.741379364753647,-6.526870326523908,3.5998838585940724,-1.3765565326451676,-6.526870326523908,3.5998838585940724,-1.3765565326451676,nan,-12.845601377399129,nan,-12.610448574006286,False,15.526580464871385,9f255367c11886c2,,-5.581455832380459,-4.831929188897266,-0.010043212141942703,dither_mag,-226.94284334278572,6,-7.988974553901068,-10.17564459622761,0.9937468205639698,1.0070333358629178,0.0,,,,,,,
126,128520,0,8,2446,5.206214305954729,6.596717479791476,258.2088401768714,257.5426578620524,0.997419986417341,1.2018159921216067,0.0,-178.25797703607515,-178.25797703607515,-178.25797703607515,-257.3527273168689,56.78305769164624,phase,-84.06126197701792,dither_phase,1.014393727247943,-84.06126197701792,-36.63949828490865,-0.3280401611800381,-0.4373198017501614,283.4375,-21.478286392681042,-21.609673170144763,7.102976017935726,6.918947544649022,-6.025990855516795,5.110842217172396,-1.2933539627104311,-6.812919087539775,5.189823428183143,-1.424072938129531,-6.025990855516795,5.1108422171723955,-1.2933539627104311,-6.812919087539776,5.18982342818314,-1.4240729381295312,-8.031084682711048,-7.763061154494516,-1.1993821822601651,-6.025990855516795,5.110842217172396,-1.2933539627104311,-6.025990855516795,5.1108422171723955,-1.2933539627104311,nan,-8.031084682711048,nan,-7.763061154494516,False,18.276643541660356,668b7bbb2eded53d,,5.206214305954729,6.596717479791476,0.014393727247943078,dither_mag,-178.25797703607515,7,-6.155333460035694,-7.882918987547949,0.9962499716844937,1.004532710626471,0.0,,,,,,,
127,129540,0,8,5170,2.7283967153471638,3.6493859580479104,256.9923770677243,254.0168885662867,0.9884218803087164,1.346841587731747,0.0,-27.03904374516647,-27.03904374516647,-27.03904374516647,-280.747798035223,59.02299997418144,phase,-91.84071999889596,dither_phase,1.0079747593114958,-91.84071999889596,-33.775957426336646,-0.4021899098343597,-0.5215828458329245,283.6875,-21.547008428880503,-21.810615492923503,6.471121811887999,7.01047758045792,-7.085174405544445,5.384254844694353,-1.4692980740107053,-8.097036118872253,1.570075234494146,-1.6373814150950587,-7.085174405544445,5.384254844694354,-1.4692980740107053,-8.097036118872253,1.570075234494146,-1.6373814150950587,-10.803040520479657,-10.529467835132039,-0.4925318508375529,-7.085174405544445,5.384254844694353,-1.4692980740107053,-7.085174405544445,5.384254844694354,-1.4692980740107053,nan,-10.803040520479657,nan,-10.529467835132039,False,15.273867907054894,a6888182d5e79081,,2.7283967153471638,3.6493859580479104,0.007974759311495827,dither_mag,-27.03904374516647,8,-5.196800082356532,-6.611397341906169,0.9976403210886907,1.003141893406189,0.0,,,,,,,
128,130560,0,7,854,-2.2354125853012556,-4.151605706496122,256.1457080219817,254.4079425173658,0.9932157149224348,1.0508345929108849,0.0,-80.56870385311525,-80.56870385311525,-80.56870385311525,-99.05198395834488,62.07311082934204,phase,-97.7234427332705,dither_phase,0.9962967278095136,-97.7234427332705,-36.5453119972061,-0.3658971425467989,-0.49293761810005055,282.57142857142856,-20.69284111508868,-20.718552335846653,6.656977696941418,7.050611868333069,-6.745512901449764,4.611015251324719,-1.4128758972507915,-7.455956524515265,5.769349114403307,-1.5308897881254595,-6.745512901449767,4.6110152513247185,-1.412875897250792,-7.455956524515264,5.769349114403305,-1.530889788125459,-13.093463771623275,-12.875539660676953,0.5041749135819324,-6.745512901449764,4.611015251324719,-1.4128758972507915,-6.745512901449767,4.6110152513247185,-1.412875897250792,nan,-13.093463771623275,nan,-12.875539660676953,False,17.200776430006023,92a72024476bcba0,,-2.2354125853012556,-4.151605706496122,-0.003703272190486384,dither_mag,-80.56870385311525,9,-5.981045053531754,-8.059908272239007,0.9969937776986815,1.0037944186934074,0.0,,,,,,,
129,131580,0,7,3832,-1.3066815932129008,-1.3409941201191469,257.1212942716198,252.70054411127964,0.9828067520706002,1.1162002181821593,0.0,-117.35698093046015,-117.35698093046015,-117.35698093046015,-173.04650472212475,59.58014127218363,phase,-99.06457688128205,dither_phase,0.9956342452466085,-99.06457688128205,-33.477761481578185,-0.40210514831533106,-0.5308890982609977,284.3571428571429,-20.92173673073059,-20.992217195357213,6.298271312807845,6.6956837217217915,-6.937049389830976,4.124910988822468,-1.4446925896729197,-8.77130782566591,0.620397146184049,-1.749386682004304,-6.937049389830974,4.124910988822471,-1.4446925896729195,-8.771307825665911,0.6203971461840482,-1.7493866820043042,-11.066714514910865,-10.851356222043433,0.16358420852854144,-6.937049389830976,4.124910988822468,-1.4446925896729197,-6.937049389830974,4.124910988822471,-1.4446925896729195,nan,-11.066714514910865,nan,-10.851356222043433,False,14.994903340023491,f26a93d891ecb6ba,,-1.3066815932129008,-1.3409941201191469,-0.004365754753391515,dither_mag,-117.35698093046015,10,-6.439762618128968,-8.527482043622026,0.9962320673919658,1.004564687542895,0.0,,,,,,,
130,132600,0,8,4150,-1.1060540822372293,-2.60100344183971,259.9824679126752,256.66678629211424,0.9872465184010999,0.8897716235885303,0.0,-215.43208516356842,-215.43208516356842,-215.43208516356842,-237.59788743613876,69.8045508268407,phase,-90.33024602962787,dither_phase,0.9961988846840928,-90.33024602962787,-37.43970872848536,-0.3265151624499977,-0.4439444822885139,284.75,-20.933653996917975,-21.021523485794212,6.81597293266792,7.193333705879824,-6.282371782891549,4.192735714488849,-1.3359421566265035,-7.420011477084842,4.769654722786264,-1.5249188500140936,-6.282371782891548,4.192735714488849,-1.335942156626503,-7.420011477084842,4.769654722786265,-1.5249188500140936,-7.50911425583165,-7.340623857041103,-0.005008893438395369,-6.282371782891549,4.192735714488849,-1.3359421566265035,-6.282371782891548,4.192735714488849,-1.335942156626503,nan,-7.50911425583165,nan,-7.340623857041103,False,16.18545284311562,dea1a70d04d10a4d,,-1.1060540822372293,-2.60100344183971,-0.003801115315907211,dither_mag,-215.43208516356842,11,-6.8283457017838325,-9.433696661687652,0.9955693786222926,1.005235468848426,0.0,,,,,,,
131,133620,0,8,2962,3.1269298036734448,6.278898429731056,255.99345588767216,254.78876152881088,0.9952940423625911,1.2032564156928123,0.0,-601.6437066491951,-601.6437066491951,-601.6437066491951,-572.5453585904012,66.60258649517539,phase,-99.23957237900213,dither_phase,1.0076802212543317,-99.23957237900213,-35.2874161205093,-0.3902994869349686,-0.5193109310276713,284.1875,-20.79946731722714,-20.86051099043528,6.4523726502085506,6.4766056535741505,-6.685364196055614,4.9084568361102585,-1.4028844179494377,-8.761010602139178,0.659721752087342,-1.7476761797573386,-6.685364196055615,4.908456836110259,-1.402884417949438,-8.761010602139178,0.659721752087342,-1.7476761797573386,-12.417820804741362,-12.151791502547272,-2.4716366004342243,-6.685364196055614,4.9084568361102585,-1.4028844179494377,-6.685364196055615,4.908456836110259,-1.402884417949438,nan,-12.417820804741362,nan,-12.151791502547272,False,13.969032435039264,7d4c6d0f10f01f3d,,3.1269298036734448,6.278898429731056,0.007680221254331654,dither_mag,-601.6437066491951,12,-5.729049706159485,-7.247527830096975,0.9969074624151175,1.003894690927159,0.0,,,,,,,
132,134640,0,7,7718,2.2221562861645987,-0.06522521642365704,255.11001025117977,253.52760612566667,0.9937971696055553,1.0210339629449987,0.0,6.426594216691302,6.426594216691302,6.426594216691302,-16.625269795657925,64.91416257734085,phase,-95.16980470920939,dither_phase,1.0023665269969333,-95.16980470920939,-35.81617182182612,-0.3664425729527144,-0.4901633190746866,283.85714285714283,-20.805923876465023,-20.84237383755945,6.381060590622484,6.528099058193082,-6.723066685756844,4.613649324071548,-1.4091472899928315,-7.877037850535418,1.484759690030397,-1.6008368522484084,-6.723066685756844,4.613649324071546,-1.4091472899928315,-7.877037850535416,1.4847596900303992,-1.600836852248408,-12.820750384696995,-12.581301379856013,0.007197799813081218,-6.723066685756844,4.613649324071548,-1.4091472899928315,-6.723066685756844,4.613649324071546,-1.4091472899928315,nan,-12.820750384696995,nan,-12.581301379856013,False,16.786180530733663,81c1d4e18c0d754f,,2.2221562861645987,-0.06522521642365704,0.0023665269969332936,dither_mag,6.426594216691302,13,-4.948882309003672,-7.270268089563031,0.9973203238891861,1.0034799173196713,0.0,,,,,,,
133,135660,0,8,8226,-2.4279274840768075,-3.207521779872665,259.04931048691736,255.5040753519364,0.9863144390219869,1.0850553586432976,0.0,-199.1507785317812,-199.1507785317812,-199.1507785317812,-237.23781167859082,61.13411205060807,phase,-85.92816825834579,dither_phase,0.9967094324671613,-85.92816825834579,-31.437387883096953,-0.3454035033112141,-0.45711012204706364,283.4375,-21.267227597014482,-21.356115603843833,6.774686287862711,7.055415092085905,-5.817883006484587,5.083907020722515,-1.2587845525721906,-7.634096352938138,1.9857907865893623,-1.5604811217505214,-5.8178830064845855,5.083907020722518,-1.2587845525721904,-7.634096352938139,1.9857907865893607,-1.5604811217505214,-14.244556366957514,-14.030341765527483,0.13303652740257255,-5.817883006484587,5.083907020722515,-1.2587845525721906,-5.8178830064845855,5.083907020722518,-1.2587845525721904,nan,-14.244556366957514,nan,-14.030341765527483,False,14.921078866069772,12242f186594a3af,,-2.4279274840768075,-3.207521779872665,-0.0032905675328387396,dither_mag,-199.1507785317812,14,-5.800940167519049,-8.389007591549301,0.9967460176606008,1.0040596782885551,0.0,,,,,,,
134,136680,0,8,518,2.2934529488499136,1.5619897952261397,255.57391262900794,253.89262324735677,0.9934215140960347,1.1739852278922467,0.0,-33.56554962451091,-33.56554962451091,-33.56554962451091,-144.98983564641816,59.21541459128181,phase,-94.41142076305626,dither_phase,0.9986218044113354,-94.41142076305626,-33.30791017870144,-0.38368690044976683,-0.50642174744174,286.5625,-20.96976747636254,-21.030548026476534,6.672843147349318,6.273589806690579,-6.917169318985687,3.8747822907303946,-1.4413902523232038,-7.98457670396763,4.919909397485236,-1.6187004491640582,-6.917169318985686,3.8747822907303946,-1.4413902523232038,-7.984576703967629,4.919909397485237,-1.6187004491640582,-11.932522827054136,-11.706972380325162,0.14067282842273165,-6.917169318985687,3.8747822907303946,-1.4413902523232038,-6.917169318985686,3.8747822907303946,-1.4413902523232038,nan,-11.932522827054136,nan,-11.706972380325162,False,17.27479326804713,0e77647366a8957e,,2.2934529488499136,1.5619897952261397,-0.001378195588664588,dither_mag,-33.56554962451091,15,-4.9956111088873865,-7.844521601173703,0.996505618241803,1.0043021758560233,0.0,,,,,,,
135,137700,0,8,2626,8.399490492520954,9.619060550758771,257.1437446017596,254.68695438173677,0.9904458487845867,1.0404601243959215,0.0,-72.67749844023157,-72.67749844023157,-72.67749844023157,-92.12629943743674,59.390817258623194,phase,-85.3408381739215,dither_phase,1.0010780880793537,-85.3408381739215,-34.95637866180335,-0.3269662102168114,-0.4379092998429093,283.625,-21.184841479420125,-21.304358986787015,6.870859324620453,6.586573937999542,-6.67386991810465,3.6761467662424847,-1.4009750694525998,-7.494670659995951,4.082783902121189,-1.5373207076405238,-6.673869918104649,3.6761467662424847,-1.4009750694525998,-7.494670659995951,4.0827839021211885,-1.5373207076405238,-9.19436626662886,-9.063172535770134,-2.0009123528782284,-6.67386991810465,3.6761467662424847,-1.4009750694525998,-6.673869918104649,3.6761467662424847,-1.4009750694525998,nan,-9.19436626662886,nan,-9.063172535770134,False,16.91722295975951,a68078a79e6779ec,,8.399490492520954,9.619060550758771,0.0010780880793537229,dither_mag,-72.67749844023157,16,-2.0454805541101395,-4.492272374096238,0.9966936243867092,1.0041129028233482,0.0,,,,,,,
136,138720,0,8,1550,-1.325123555216578,-1.4720907254955478,258.4046193436092,255.95227681614338,0.990509679998387,1.1766949151886839,0.0,-171.41116991452495,-171.41116991452495,-171.41116991452495,-243.42923283048555,64.49327621678944,phase,-93.32849429657568,dither_phase,0.9943033182475812,-93.32849429657568,-33.262670196193234,-0.3564169221734766,-0.477743964759025,284.5,-20.74317816865608,-20.893980284809675,6.622898187776483,6.896839785469837,-6.3213759374893215,5.348365264906611,-1.3424212520746381,-7.8935241075652325,1.3061315463800023,-1.6035754331503709,-6.321375937489323,5.348365264906612,-1.3424212520746386,-7.893524107565231,1.3061315463800045,-1.6035754331503707,-11.060660100908635,-10.860036210394309,-0.0026500935849824714,-6.3213759374893215,5.348365264906611,-1.3424212520746381,-6.321375937489323,5.348365264906612,-1.3424212520746386,nan,-11.060660100908635,nan,-10.860036210394309,False,19.198851821635614,2c310eb2b25e9b4d,,-1.325123555216578,-1.4720907254955478,-0.005696681752418775,dither_mag,-171.41116991452495,17,-2.510812360171592,-5.005393709829224,0.9957000012697198,1.0051196575233816,0.0,,,,,,,
137,139740,0,8,2554,-1.0347191342966235,-1.5525141453849263,257.0700086811229,255.21211076377284,0.9927727939681418,1.110091681857943,0.0,-72.33750316674151,-72.33750316674151,-72.33750316674151,-121.82810478632327,55.30851067133298,phase,-89.71779382886915,dither_phase,1.0013549331904679,-89.71779382886915,-30.43242447144084,-0.3969188435947283,-0.5135519755722582,283.9375,-21.46170505997642,-21.626411253984777,6.612317107992697,6.765328150868715,-6.953545385915543,3.4612361945559234,-1.4474327883580638,-7.724457835729421,1.0766995856119868,-1.5754913348387742,-6.953545385915543,3.4612361945559247,-1.4474327883580638,-7.724457835729421,1.076699585611986,-1.5754913348387742,-9.4037997887869,-9.229491486417896,0.7324247085747579,-6.953545385915543,3.4612361945559234,-1.4474327883580638,-6.953545385915543,3.4612361945559247,-1.4474327883580638,nan,-9.4037997887869,nan,-9.229491486417896,False,16.88556922507228,de332be7ba8fa01d,,-1.0347191342966235,-1.5525141453849263,0.0013549331904678663,dither_mag,-72.33750316674151,18,-2.874528034111535,-5.546005911389001,0.9959360949911269,1.0048816527566746,0.0,,,,,,,
138,140760,0,8,4666,-3.361754368458964,-2.5915838422131277,260.3011421841546,257.819263661183,0.9904653567704449,1.6306305538016306,0.0,-219.42854532592438,-219.42854532592438,-219.42854532592438,-596.1956565557941,58.45611446946252,phase,-83.02381686811577,dither_phase,1.007965965281123,-83.02381686811577,-31.188661185050027,-0.3266237682956367,-0.4345547302241872,286.5,-21.193613285804986,-21.325440235105937,6.900779752491778,7.201464501425525,-5.859933296473219,4.79130208001279,-1.2657696505769467,-7.401113875073664,4.451177017352509,-1.521779713467386,-5.859933296473221,4.79130208001279,-1.2657696505769471,-7.401113875073663,4.451177017352509,-1.521779713467386,-9.21957986903826,-9.021406879758583,-1.0574522451392987,-5.859933296473219,4.79130208001279,-1.2657696505769467,-5.859933296473221,4.79130208001279,-1.2657696505769471,nan,-9.21957986903826,nan,-9.021406879758583,False,17.474289213702882,93fc7d47f8a4f448,,-3.361754368458964,-2.5915838422131277,0.007965965281123033,dither_mag,-219.42854532592438,19,-4.055943222172492,-6.448653842402855,0.9973244736532374,1.0034918745193,0.0,,,,,,,
139,141780,0,8,262,0.8536531235302467,3.326897192278447,258.15907464953045,255.17763875190258,0.9884511675536667,1.243314740266761,0.0,-76.62389113540267,-76.62389113540267,-76.62389113540267,-223.21564627268003,61.604239941225245,phase,-87.29303683271158,dither_phase,1.0041607881082657,-87.29303683271158,-31.54344888329399,-0.361675210576237,-0.4751561584587621,283.875,-21.432912432124517,-21.496160469175365,6.987426077745862,6.835806002972026,-6.6218795040119005,3.8455801775669936,-1.392338788041844,-8.192841478817467,4.260295931174381,-1.653295926713865,-6.621879504011901,3.8455801775669944,-1.3923387880418443,-8.192841478817465,4.260295931174382,-1.6532959267138647,-8.269422129691657,-8.127154151872837,-1.5826697704164006,-6.6218795040119005,3.8455801775669936,-1.392338788041844,-6.621879504011901,3.8455801775669944,-1.3923387880418443,nan,-8.269422129691657,nan,-8.127154151872837,False,16.81096223779398,59c98bff43671c7d,,0.8536531235302467,3.326897192278447,0.0041607881082657006,dither_mag,-76.62389113540267,20,-3.7563630944121162,-5.288291664228526,0.9980506634199977,1.0027642216435402,0.0,20,-90.7882101285753,1.1195407454770436,-90.7882101285753,move+1:OK,1,31
140,142800,0,8,5674,-10.473181275310575,-11.159136297477298,257.5644236476964,255.30989764989656,0.991246749198237,1.2047338795573066,0.0,-101.00652099255342,-101.00652099255342,-101.00652099255342,-203.82072446121384,53.50843176385602,phase,-75.6160888754553,dither_phase,1.002023710714869,-75.6160888754553,-27.62917775250686,-0.37249382021008076,-0.47079473574817265,283.25,-22.524701908298738,-22.71422985815009,4.700980886420012,5.473604889647106,-6.833330107290864,4.013584370163821,-1.4274634729719045,-7.647273754942638,5.12018948093245,-1.5626700589605713,-6.833330107290864,4.01358437016382,-1.4274634729719045,-7.647273754942639,5.120189480932449,-1.5626700589605715,-11.43893285101852,-11.281673400336878,0.17081858310653075,-6.833330107290864,4.013584370163821,-1.4274634729719045,-6.833330107290864,4.01358437016382,-1.4274634729719045,nan,-11.43893285101852,nan,-11.281673400336878,False,15.353467070091835,6c78f7c47b06e78a,,-10.473181275310575,-11.159136297477298,0.0020237107148690647,dither_mag,-101.00652099255342,1,-7.429136011367881,-9.18322291508187,0.9984041224387681,1.0024098105466048,0.0,,,,,,,
141,143820,0,7,5382,3.8479852821894065,1.887761125524241,261.7966635613063,258.4398974019008,0.9871779643264269,1.0981051620618458,0.0,-47.564256840279754,-47.564256840279754,-47.564256840279754,-97.01782620616592,48.45727030195898,phase,-65.51600250341632,dither_phase,1.0016942484567997,-65.51600250341632,-22.03304569282033,-0.3388886244131667,-0.4240594276676079,283.2142857142857,-22.858203460953142,-23.12798241797859,6.26053222180145,6.765783738479735,-6.439595852345205,3.5758240632881844,-1.36205911168525,-6.928797983309151,5.301609084216748,-1.4433219241377329,-6.439595852345205,3.5758240632881817,-1.36205911168525,-6.928797983309151,5.301609084216748,-1.4433219241377329,-9.715176302349771,-9.611541780830807,0.5028135281002462,-6.439595852345205,3.5758240632881844,-1.36205911168525,-6.439595852345205,3.5758240632881817,-1.36205911168525,nan,-9.715176302349771,nan,-9.611541780830807,False,15.051859483575713,87b140156a6fd2d3,,3.8479852821894065,1.887761125524241,0.001694248456799663,dither_mag,-47.564256840279754,2,-6.080188407389121,-8.524094894803216,0.9987001427514163,1.0021131052660137,0.0,,,,,,,
142,144840,0,8,1182,1.428329366620945,-0.1595749261131156,261.579979676194,258.57922857645025,0.9885283609874947,1.224177362004035,0.0,-83.6870758418924,-83.6870758418924,-83.6870758418924,-208.61483282461336,53.47835205317069,phase,-67.3983568410845,dither_phase,1.000045706384484,-67.3983568410845,-27.946835859246832,-0.3361638135903476,-0.42378167748375745,284.5,-23.41755176321223,-23.575303175882215,6.896515430206765,7.443172410627516,-6.334376913929784,4.611629399878353,-1.3445808827125887,-7.54999794006631,4.329880880725115,-1.5465112857253007,-6.334376913929786,4.611629399878355,-1.3445808827125891,-7.54999794006631,4.329880880725114,-1.5465112857253007,-11.106323760771525,-10.997645411492947,0.1879330187609134,-6.334376913929784,4.611629399878353,-1.3445808827125887,-6.334376913929786,4.611629399878355,-1.3445808827125891,nan,-11.106323760771525,nan,-10.997645411492947,False,19.525947744812125,10c719be36f92392,,1.428329366620945,-0.1595749261131156,4.5706384484089924e-05,dither_mag,-83.6870758418924,3,-5.579622464802926,-8.579828348288753,0.9987081309716404,1.0021050901131523,0.0,,,,,,,
143,145860,0,8,7054,-0.6070922370363263,0.5810489392120495,261.61694683121374,257.302745218701,0.98350947190246,1.1277830323926064,0.0,-104.57548643012619,-104.57548643012619,-104.57548643012619,-172.94690530575667,55.54668208658789,phase,-69.77598482203649,dither_phase,0.9866276763262614,-69.77598482203649,-27.149168232659243,-0.3340256265559271,-0.42473440682457453,285.25,-22.83911227618757,-22.943410489722204,6.984671465407088,7.242738469335844,-6.413449484882934,4.504876067093074,-1.357715861276235,-6.987690960034137,4.836565043824736,-1.4531048106369,-6.413449484882933,4.5048760670930745,-1.357715861276235,-6.987690960034136,4.836565043824737,-1.4531048106368998,-10.703372278286965,-10.611872415448438,-0.16098678135447192,-6.413449484882934,4.504876067093074,-1.357715861276235,-6.413449484882933,4.5048760670930745,-1.357715861276235,nan,-10.703372278286965,nan,-10.611872415448438,False,15.871404024980192,12a63f16041fcbaa,,-0.6070922370363263,0.5810489392120495,-0.01337232367373864,dither_mag,-104.57548643012619,4,-5.792379602121905,-8.376888426387694,0.9963709975046247,1.0044819572331265,0.0,,,,,,,
144,146880,0,8,2902,-4.939629181083058,-2.885988736811214,257.8320753786931,255.5007664753767,0.990958033829219,1.2489296614704797,0.0,-65.95626236057367,-65.95626236057367,-65.95626236057367,-219.0888278685978,50.69703894168703,phase,-80.75697936644772,dither_phase,1.0000619133023159,-80.75697936644772,-28.07957470720611,-0.41086572578639124,-0.5158497989627733,285.75,-22.72567391009791,-22.82431824485306,6.291113409127444,6.803893915611686,-7.341481264380504,4.5377513175577535,-1.5118739641828083,-7.878949132216894,1.4433385175613336,-1.6011543408998163,-7.341481264380504,4.537751317557754,-1.5118739641828083,-7.878949132216895,1.4433385175613327,-1.6011543408998166,-10.396426634734961,-10.165918302520394,-0.42969915806078185,-7.341481264380504,4.5377513175577535,-1.5118739641828083,-7.341481264380504,4.537751317557754,-1.5118739641828083,nan,-10.396426634734961,nan,-10.165918302520394,False,14.84031013020047,1a9a76640d7e1fc6,,-4.939629181083058,-2.885988736811214,6.191330231586356e-05,dither_mag,-65.95626236057367,5,-7.527546741379233,-9.382477477151994,0.9963817930129125,1.0044710745177707,0.0,,,,,,,
145,147900,0,8,1346,0.3595743359047484,-2.5622609227984032,257.0992708050017,256.09658675090554,0.996100012065547,1.1518569239978889,0.0,-94.63628698853762,-94.63628698853762,-94.63628698853762,-161.89308403749067,48.792220072749835,phase,-72.31691175971167,dither_phase,0.9967161167903734,-72.31691175971167,-28.67470663494512,-0.36331602474076496,-0.45732801002839013,285.5625,-22.983809120681784,-23.176503356189038,6.063955095253814,6.834850425557033,-6.215836180812429,4.999742402491541,-1.3248897310319652,-7.434353285739089,1.7670204034729873,-1.5273012102556627,-6.215836180812431,4.99974240249154,-1.3248897310319654,-7.434353285739092,1.7670204034729864,-1.5273012102556633,-9.319760957124963,-9.138502174951352,1.6434320006075245,-6.215836180812429,4.999742402491541,-1.3248897310319652,-6.215836180812431,4.99974240249154,-1.3248897310319654,nan,-9.319760957124963,nan,-9.138502174951352,False,17.57540191133365,a8d1bc0f791ef0c9,,0.3595743359047484,-2.5622609227984032,-0.0032838832096265813,dither_mag,-94.63628698853762,6,-7.401238715229832,-10.275277026815457,0.9958091927608332,1.0050502253783866,0.0,,,,,,,
146,148920,0,8,1166,-0.8618011097129662,0.6619364909040845,254.00166337860918,253.89689145714493,0.9995875148214755,1.1117611207969809,0.0,-61.0618859040437,-61.0618859040437,-61.0618859040437,-110.45925669674538,50.26203102166137,phase,-87.66916000374427,dither_phase,1.0082590734347487,-87.66916000374427,-31.29619354217551,-0.404834986905342,-0.5188048949102095,283.125,-21.804296093607487,-21.867083906492347,5.758951268418793,6.454648387119758,-7.415503954388582,4.8917361693553545,-1.5241700920911265,-7.940286738370331,1.5764147624608413,-1.6113433120216496,-7.415503954388582,4.8917361693553545,-1.5241700920911265,-7.940286738370328,1.576414762460843,-1.6113433120216494,-13.518028896003509,-13.234399818994856,0.31423483350260484,-7.415503954388582,4.8917361693553545,-1.5241700920911265,-7.415503954388582,4.8917361693553545,-1.5241700920911265,nan,-13.518028896003509,nan,-13.234399818994856,False,19.05138620170834,f0c3664a7268245d,,-0.8618011097129662,0.6619364909040845,0.008259073434748743,dither_mag,-61.0618859040437,7,-7.70413849823272,-10.04476340076338,0.9972484734795849,1.003609487406123,0.0,,,,,,,
147,149940,0,7,3970,12.968357266279684,12.23878024567906,258.9797210629575,257.91074933636384,0.9958723728552716,1.1021206990122985,0.0,-22.401218999944007,-22.401218999944007,-22.401218999944007,-86.34187006756495,49.14362087671094,phase,-65.64180505254963,dither_phase,0.9990270873118221,-65.64180505254963,-25.781648133924097,-0.34124072798906163,-0.42657507455737614,283.64285714285717,-23.06224739515766,-23.20089531993773,6.221623701284942,4.719291195471715,-6.248316605752894,3.75470160794048,-1.3302851504572915,-7.096064090591579,3.990766031256614,-1.4711069917926212,-6.248316605752892,3.754701607940479,-1.3302851504572912,-7.096064090591577,3.9907660312566136,-1.471106991792621,-11.497424832410365,-11.42002842401644,0.36370303852408803,-6.248316605752894,3.75470160794048,-1.3302851504572915,-6.248316605752892,3.754701607940479,-1.3302851504572912,nan,-11.497424832410365,nan,-11.42002842401644,False,15.616982338897333,4ec4fb5187b42ba0,,12.968357266279684,12.23878024567906,-0.000972912688177896,dither_mag,-22.401218999944007,8,-3.1526900238512683,-5.776596210496205,0.9970786822332899,1.0037805280845171,0.0,,,,,,,
148,150960,0,8,20,-12.095205845660438,-13.925852582157859,258.66102166207395,255.75160042488818,0.9887519920145263,1.1778375262829666,0.0,-152.2801499886541,-152.2801499886541,-152.2801499886541,-229.46764652637808,53.17495625475669,phase,-69.54746874823523,dither_phase,0.9976215550872802,-69.54746874823523,-26.965438482084842,-0.3327914643473296,-0.4232031737200354,285.0625,-22.803229495106297,-22.958410479704348,5.669993536280458,6.20653209382049,-7.066595172536358,4.092869078343931,-1.4662118226804581,-7.561699987848549,4.197866514119548,-1.5484551474831476,-7.066595172536356,4.092869078343931,-1.466211822680458,-7.561699987848549,4.197866514119549,-1.5484551474831476,-10.832341131365837,-10.684528684135568,1.3572471545747575,-7.066595172536358,4.092869078343931,-1.4662118226804581,-7.066595172536356,4.092869078343931,-1.466211822680458,nan,-10.832341131365837,nan,-10.684528684135568,False,14.61590832374939,6559b2d116018a60,,-12.095205845660438,-13.925852582157859,-0.002378444912719768,dither_mag,-152.2801499886541,9,-7.398415182169986,-10.632287536822531,0.9966636703074055,1.0041993255921577,0.0,,,,,,,
149,151980,0,8,394,-3.9633176198271847,-5.097361765531038,258.197429084074,255.16762149259495,0.9882655392726918,1.0884691236939952,0.0,-92.10176512417233,-92.10176512417233,-92.10176512417233,-134.1247765199637,57.45687154550671,phase,-73.44580948266946,dither_phase,1.0007987273131942,-73.44580948266946,-32.16191392917339,-0.3282243797164411,-0.4237039320439114,284.5,-22.806161047015333,-22.865660735631717,6.741247670486194,7.201381365217879,-6.128908483779595,4.043771513242288,-1.3104499142491022,-7.61945596227548,4.312282139573672,-1.5580491631686846,-6.128908483779595,4.043771513242289,-1.3104499142491022,-7.619455962275479,4.31228213957367,-1.5580491631686844,-11.79552806475234,-11.601975191884442,0.12703934711787185,-6.128908483779595,4.043771513242288,-1.3104499142491022,-6.128908483779595,4.043771513242289,-1.3104499142491022,nan,-11.79552806475234,nan,-11.601975191884442,False,16.17194599412519,63eb0a5a04484e6c,,-3.9633176198271847,-5.097361765531038,0.0007987273131941919,dither_mag,-92.10176512417233,10,-8.790219868410496,-12.408903565601307,0.9968029812441257,1.0040590733653247,0.0,,,,,,,
150,153000,0,8,1838,-0.7075109511962789,0.11771277210851849,257.5977369324891,256.0672645399867,0.9940586729886391,1.0844788826911698,0.0,-31.260697581549852,-31.260697581549852,-31.260697581549852,-78.05910751974338,45.90763389144488,phase,-78.38297909548076,dither_phase,1.0018910428108896,-78.38297909548076,-25.43713540452148,-0.4167775663451143,-0.5186754391692393,285.1875,-22.620399225306947,-22.902268392563624,5.445732705954368,6.821180090724869,-6.634841032027793,2.909680227025766,-1.3944918657853478,-7.606180630482298,1.658810414336882,-1.5558439585518768,-6.634841032027793,2.909680227025766,-1.3944918657853478,-7.606180630482297,1.6588104143368834,-1.5558439585518768,-11.704432803940678,-11.440511564293057,-0.9265878892595385,-6.634841032027793,2.909680227025766,-1.3944918657853478,-6.634841032027793,2.909680227025766,-1.3944918657853478,nan,-11.704432803940678,nan,-11.440511564293057,False,18.254567493435324,3dd33d3de4e50621,,-0.7075109511962789,0.11771277210851849,0.0018910428108895871,dither_mag,-31.260697581549852,11,-9.038642914466827,-12.36787065097419,0.9971328557386477,1.003727424755874,0.0,,,,,,,
151,154020,0,8,4658,6.582216485441258,8.96365793561775,258.9597032870221,256.25910264101276,0.9895713479289244,1.1604592321080442,0.0,-149.85048621207926,-149.85048621207926,-149.85048621207926,-216.55815445555842,46.86565562398284,phase,-68.21187777407003,dither_phase,0.9931785822696895,-68.21187777407003,-26.399298226053453,-0.35292373970271396,-0.441599180809005,283.25,-23.239898064786864,-23.410495555802108,7.049542199532738,6.455270388653705,-6.354514634821333,5.208305831276505,-1.3479260190733113,-7.500893590544536,1.7214579333065254,-1.5383544170339765,-6.354514634821334,5.208305831276505,-1.3479260190733116,-7.5008935905445355,1.721457933306525,-1.538354417033976,-14.122771691197327,-13.966432395016753,0.029800907894913742,-6.354514634821333,5.208305831276505,-1.3479260190733113,-6.354514634821334,5.208305831276505,-1.3479260190733116,nan,-14.122771691197327,nan,-13.966432395016753,False,17.39591856898084,6065ccb8b82d54cb,,6.582216485441258,8.96365793561775,-0.0068214177303105306,dither_mag,-149.85048621207926,12,-6.728242894403434,-9.242240923133227,0.9959425302838658,1.004933852009165,0.0,,,,,,,
152,155040,0,8,5938,0.41405603019968495,0.8087113957536971,259.5528577817691,258.2926707505305,0.9951447768982064,1.0645078933831846,0.0,-281.95814315332404,-281.95814315332404,-281.95814315332404,-302.2798485267885,52.78384926585048,phase,-69.21051114670993,dither_phase,0.9938723255807204,-69.21051114670993,-29.054970849344272,-0.33302853344880473,-0.42300219793952765,285.875,-23.017864995548408,-23.18168012685573,6.914506044066291,7.2717555779932646,-6.614779954721085,3.2659176085073782,-1.3911594609171238,-7.448891565625554,3.2700457985523195,-1.529716206914544,-6.614779954721085,3.26591760850738,-1.3911594609171238,-7.448891565625555,3.2700457985523195,-1.529716206914544,-12.334906052676192,-12.20373450794675,-0.16899671742056477,-6.614779954721085,3.2659176085073782,-1.3911594609171238,-6.614779954721085,3.26591760850738,-1.3911594609171238,nan,-12.334906052676192,nan,-12.20373450794675,False,16.453886368877928,e02f25abd92f321c,,0.41405603019968495,0.8087113957536971,-0.006127674419279638,dither_mag,-281.95814315332404,13,-6.582732881362235,-8.960581600036594,0.9948745382598345,1.0060181299163145,0.0,,,,,,,
153,156060,0,8,6726,-0.7467532780723749,-0.08995653151128336,255.34338642667527,254.63825010807517,0.9972384782372166,1.3884720747011519,0.0,-64.98427313194891,-64.98427313194891,-64.98427313194891,-322.10130116194824,50.94253982501134,phase,-76.89494125497004,dither_phase,0.9973720356257691,-76.89494125497004,-30.82509457409951,-0.36920396065476696,-0.469167384286228,286.375,-22.6356215896391,-22.778969805796013,6.612919979701699,6.672897566788125,-6.982146167389692,4.161429372698503,-1.4521837487358293,-7.61976411127257,4.979302040726152,-1.5581003507097293,-6.982146167389692,4.161429372698505,-1.4521837487358293,-7.619764111272572,4.979302040726152,-1.5581003507097295,-12.519783787768286,-12.379134336464212,-0.09550119306064309,-6.982146167389692,4.161429372698503,-1.4521837487358293,-6.982146167389692,4.161429372698505,-1.4521837487358293,nan,-12.519783787768286,nan,-12.379134336464212,False,15.84183780410065,5c4a97faddbefcce,,-0.7467532780723749,-0.08995653151128336,-0.002627964374230851,dither_mag,-64.98427313194891,14,-6.845443039552121,-8.991878040023781,0.9944170016622437,1.006482010443733,0.0,,,,,,,
154,157080,0,8,5734,5.232731356475844,3.556449180382591,258.7267836123764,258.2432712377094,0.9981311854616823,1.0465802959047785,0.0,-87.24763456943244,-87.24763456943244,-87.24763456943244,-98.90486489415865,55.05071732320878,phase,-69.59573302068281,dither_phase,1.004665636421688,-69.59573302068281,-30.76879944175408,-0.3362737094772891,-0.42674816240417673,283.625,-22.9885015483108,-23.324725689236622,6.811633549674278,7.260733577697316,-6.1723292952042765,4.169735274872607,-1.317662673621973,-7.408308783018592,4.498172606908735,-1.5229748809000985,-6.1723292952042765,4.1697352748726075,-1.317662673621973,-7.408308783018591,4.498172606908736,-1.5229748809000985,-11.334769511693558,-11.157265599832446,0.5931068915174017,-6.1723292952042765,4.169735274872607,-1.317662673621973,-6.1723292952042765,4.1697352748726075,-1.317662673621973,nan,-11.334769511693558,nan,-11.157265599832446,False,15.467604244208278,725f0153a8c94d4e,,5.232731356475844,3.556449180382591,0.004665636421687935,dither_mag,-87.24763456943244,15,-5.003704642375557,-7.7551373926821325,0.9952289295939714,1.005664047912513,0.0,,,,,,,
155,158100,0,8,3770,-2.4014496125861267,-0.44738233044018516,258.9016756898891,257.93834734297656,0.9962791729935869,2.0172145272470403,0.0,-234.8053319359349,-234.8053319359349,-234.8053319359349,-452.8931570435253,51.1173462866539,phase,-71.30697461109354,dither_phase,1.0020503762008053,-71.30697461109354,-28.752447371553743,-0.3359788523145826,-0.4286779193090042,285.1875,-22.744691609357087,-22.932784945179705,6.81702469084239,7.133925016395905,-5.996727718119459,4.848046054864828,-1.2884929764318038,-6.941655390548921,5.599710568994464,-1.4454577060712495,-5.996727718119458,4.848046054864829,-1.2884929764318038,-6.941655390548922,5.599710568994462,-1.4454577060712495,-10.46523329825776,-10.257950698230562,-0.9889261653613158,-5.996727718119459,4.848046054864828,-1.2884929764318038,-5.996727718119458,4.848046054864829,-1.2884929764318038,nan,-10.46523329825776,nan,-10.257950698230562,False,15.957095005652764,81c8db85c4984a02,,-2.4014496125861267,-0.44738233044018516,0.0020503762008052817,dither_mag,-234.8053319359349,16,-5.84824135087744,-7.91083930524338,0.9955860334935,1.005303938087904,0.0,,,,,,,
156,159120,0,8,5446,2.088979783832116,-2.7704440991292265,259.1457351403391,257.20751953382677,0.9925207505133637,1.0929663677523143,0.0,-145.1405830575041,-145.1405830575041,-145.1405830575041,-178.34126596065795,55.36370322013023,phase,-68.44020508337472,dither_phase,0.9882909881732851,-68.44020508337472,-26.013049817291773,-0.3426404531977579,-0.431612719806145,287.5625,-22.604638542846867,-23.165492367497393,6.460654834977245,7.202420258735531,-6.561932903454953,4.384724682142099,-1.3823808809725837,-7.496908283310423,4.0698387418030455,-1.537692405865519,-6.561932903454952,4.384724682142099,-1.3823808809725835,-7.496908283310423,4.069838741803045,-1.537692405865519,-12.178400480737462,-11.838381380826375,2.3899303514975103,-6.561932903454953,4.384724682142099,-1.3823808809725837,-6.561932903454952,4.384724682142099,-1.3823808809725835,nan,-12.178400480737462,nan,-11.838381380826375,False,16.25656549688303,3c62e7311dd5b58c,,2.088979783832116,-2.7704440991292265,-0.01170901182671491,dither_mag,-145.1405830575041,17,-5.113856878070335,-8.87537888174153,0.9935460009813797,1.0073882890252708,0.0,,,,,,,
157,160140,0,8,1282,-0.6320374548450369,1.1169037013656937,257.87114880319916,257.16030733582807,0.997243423815847,1.2228564547107048,0.0,-106.50957786238234,-106.50957786238234,-106.50957786238234,-216.237615418886,55.677925401675765,phase,-73.90486525737288,dither_phase,1.0030370316730095,-73.90486525737288,-31.318338045597727,-0.35683020725362685,-0.4529065320882116,285.5625,-22.754748008571756,-22.980055632019734,6.577004427892092,7.065394107879566,-5.983410463131692,3.8739011500111498,-1.2862808078291847,-7.163584711631433,2.064456710636902,-1.4823230417992415,-5.983410463131692,3.8739011500111498,-1.2862808078291847,-7.163584711631433,2.0644567106369034,-1.4823230417992415,-14.983332456921572,-14.536265669952739,-1.4279875726827762,-5.983410463131692,3.8739011500111498,-1.2862808078291847,-5.983410463131692,3.8739011500111498,-1.2862808078291847,nan,-14.983332456921572,nan,-14.536265669952739,False,17.611271587496738,a5b52403b3f8018e,,-0.6320374548450369,1.1169037013656937,0.003037031673009505,dither_mag,-106.50957786238234,18,-5.33650697074572,-8.487329606465323,0.994074051349255,1.0068545028760745,0.0,,,,,,,
158,161160,0,8,6626,-4.42047469790413,-4.677849772776089,258.05528236674417,256.54823088779415,0.9941599665578316,1.1909692945157275,0.0,-161.73209719190865,-161.73209719190865,-161.73209719190865,-239.33758383145795,51.03475065453449,phase,-73.09399097578942,dither_phase,1.0054166239306157,-73.09399097578942,-26.22474699312288,-0.38893176940262236,-0.4839539576711486,284.4375,-23.1443192832305,-23.325324816496106,6.328980170678808,6.820013650352573,-6.955391875029174,4.242485697884159,-1.4477395141244478,-7.753471614036457,4.813271307377139,-1.5803108993416042,-6.955391875029174,4.242485697884156,-1.4477395141244478,-7.753471614036456,4.813271307377139,-1.5803108993416042,-10.258898849395875,-9.862335592670597,-0.9599241073824891,-6.955391875029174,4.242485697884159,-1.4477395141244478,-6.955391875029174,4.242485697884156,-1.4477395141244478,nan,-10.258898849395875,nan,-9.862335592670597,False,15.408605223979192,12487006d7ed3dd6,,-4.42047469790413,-4.677849772776089,0.005416623930615705,dither_mag,-161.73209719190865,19,-6.892896197651381,-10.11343091086913,0.9950163432759399,1.005905238052522,0.0,,,,,,,
159,162180,0,7,3194,-1.9100371559514995,-2.9245713258833375,257.02581846503364,255.52816984416646,0.9941731588296803,1.1453689143818708,0.0,-50.43595918631626,-50.43595918631626,-50.43595918631626,-132.28063281694133,49.56280044322872,phase,-80.5884483068609,dither_phase,0.989890086320334,-80.5884483068609,-28.287472813648055,-0.3928507425306481,-0.49761572532956727,286.07142857142856,-22.403512218432272,-22.565477944329267,6.534356611066967,7.0835020690253145,-6.93716585087955,2.934293412427867,-1.4447119353620517,-8.313426777959837,1.2120935285284793,-1.6733267073022986,-6.937165850879548,2.934293412427868,-1.4447119353620512,-8.313426777959837,1.21209352852848,-1.6733267073022986,-14.872371480594182,-14.736601788316673,-0.10142546034779909,-6.93716585087955,2.934293412427867,-1.4447119353620517,-6.937165850879548,2.934293412427868,-1.4447119353620512,nan,-14.872371480594182,nan,-14.736601788316673,False,14.606646296070284,9dda3569cd76abef,,-1.9100371559514995,-2.9245713258833375,-0.01010991367966596,dither_mag,-50.43595918631626,20,-7.564757528473393,-11.131021758731602,0.993255925641374,1.0077030968974132,0.0,20,-72.86575469908777,1.27881767057664,-72.86575469908777,move+1:OK,1,32
160,163200,0,8,3146,2.9944257795281297,5.405677239131251,258.58467383962204,258.91018517182766,1.0012588191224647,0.47319604077865446,0.0,-86.20363189852644,-86.20363189852644,-86.20363189852644,-56.52839988128204,38.497301103515014,phase,-53.12850537203714,dither_phase,1.0080679940878472,-53.12850537203714,-20.316475478947364,-0.3515959457271948,-0.4206630027108431,285.75,-24.69665643892323,-25.034831023563058,7.042955622790782,6.786363784701001,-6.900504323398698,4.496887821437648,-1.438621980631013,-7.333127958957727,4.775971351921868,-1.5104863719198882,-6.900504323398695,4.496887821437648,-1.4386219806310128,-7.333127958957725,4.775971351921867,-1.510486371919888,-13.820887055579341,-13.599242303327074,-0.7377588464752032,-6.900504323398698,4.496887821437648,-1.438621980631013,-6.900504323398695,4.496887821437648,-1.4386219806310128,nan,-13.820887055579341,nan,-13.599242303327074,False,15.023580855880876,0e200d6c7f4db44a,,2.9944257795281297,5.405677239131251,0.008067994087847197,dither_mag,-86.20363189852644,1,-6.50959239350771,-9.253497476508873,0.994658302655138,1.0062917090066585,0.0,,,,,,,
161,164220,0,8,1778,10.70211790738755,9.98257892926269,255.10642574296074,255.31733064010197,1.0008267329861527,1.0859731485159902,0.0,516.0532336120426,516.0532336120426,516.0532336120426,-123.59863207477663,39.137046533547135,phase,-53.30876977597073,dither_phase,0.9985657193504767,-53.30876977597073,-19.53568899542804,-0.3720077871444097,-0.44130918785317164,286.0,-25.08078778217935,-25.494374871873838,6.419825445007701,6.260724874147093,-6.611305796788367,3.445155492631889,-1.3905823582704928,-7.381507218023041,4.53558408235318,-1.5185227936915353,-6.611305796788367,3.44515549263189,-1.3905823582704928,-7.381507218023042,4.53558408235318,-1.5185227936915353,-12.005022117638948,-11.769401442964543,0.6767640429453463,-6.611305796788367,3.445155492631889,-1.3905823582704928,-6.611305796788367,3.44515549263189,-1.3905823582704928,nan,-12.005022117638948,nan,-11.769401442964543,False,18.456711640384928,a1e2d92ee1623c5a,,10.70211790738755,9.98257892926269,-0.001434280649523334,dither_mag,516.0532336120426,2,-2.7437350557799984,-5.7814400263974335,0.9944086443027703,1.0065446501222568,0.0,,,,,,,
162,165240,0,8,4786,-3.9341440596843804,-2.132425207392809,259.2179027719552,259.81465994209356,1.0023021448895193,1.2198708754123646,0.0,-52.53048314699823,-52.53048314699823,-52.53048314699823,-184.53643569830442,38.369623853390806,phase,-55.615392525062,dither_phase,0.9956825892056703,-55.615392525062,-21.855375629945073,-0.4285199250662207,-0.5008199353488013,285.75,-25.852521567615447,-25.99058133759927,6.4249768646145995,6.712911386906542,-6.67939705205414,2.8379695102577833,-1.401893198015638,-8.170039745478222,1.0307585034734963,-1.6495082633684754,-6.679397052054144,2.8379695102577807,-1.4018931980156386,-8.170039745478222,1.0307585034734978,-1.6495082633684754,-14.23687491006756,-13.77582239117615,-0.11027604844915562,-6.67939705205414,2.8379695102577833,-1.401893198015638,-6.679397052054144,2.8379695102577807,-1.4018931980156386,nan,-14.23687491006756,nan,-13.77582239117615,False,16.462281464845006,9635ce0eae67c445,,-3.9341440596843804,-2.132425207392809,-0.004317410794329679,dither_mag,-52.53048314699823,3,-4.128427786256997,-6.52293601715833,0.993657321945165,1.0073084393933476,0.0,,,,,,,
163,166260,0,8,374,6.627788191213435,4.681905175843875,258.8265389743851,258.87297056948063,1.0001793927132803,1.2499185284964398,0.0,-40.028690504762665,-40.028690504762665,-40.028690504762665,-204.31132094477937,42.70218840088782,phase,-54.3693319352232,dither_phase,1.0015652804017052,-54.3693319352232,-21.910636318758822,-0.3465622479869132,-0.4172423795027034,285.6875,-24.489786047866428,-24.796087678611393,6.892295155411187,6.227536048453645,-6.220292311771023,4.642157559025616,-1.3256299521214325,-6.840666151428826,5.358309094957091,-1.4286820849549544,-6.220292311771024,4.642157559025614,-1.3256299521214325,-6.840666151428827,5.358309094957089,-1.4286820849549549,-15.551597531543496,-15.222587241002747,2.0130189512883145,-6.220292311771023,4.642157559025616,-1.3256299521214325,-6.220292311771024,4.642157559025614,-1.3256299521214325,nan,-15.551597531543496,nan,-15.222587241002747,False,16.176125005865206,1fabc9dff1e7a438,,6.627788191213435,4.681905175843875,0.0015652804017052269,dither_mag,-40.028690504762665,4,-1.7938947277337118,-4.8961584111529195,0.9939295086032741,1.007032944592196,0.0,,,,,,,
164,167280,0,8,7154,-4.98813987213744,-7.846137662540329,256.5491267139926,258.3382271634483,1.0069737148294808,1.4998017775995747,0.0,-109.90154580185056,-109.90154580185056,-109.90154580185056,-101.36458614031727,36.16821269072881,phase,-52.617868052078485,dither_phase,1.0121590136635212,-52.617868052078485,-26.996190688150048,-0.3403411746808244,-0.40874440314852645,285.0,-25.500213540312174,-25.537509143407284,6.271193928607289,6.4820139920066,-6.236828948922155,3.551140697611607,-1.3283769018143115,-7.399904239514434,4.129718766094104,-1.5215787773279792,-6.236828948922154,3.5511406976116073,-1.3283769018143115,-7.3999042395144325,4.129718766094106,-1.521578777327979,-12.465965155994175,-12.168635187520882,0.18760096443958307,-6.236828948922155,3.551140697611607,-1.3283769018143115,-6.236828948922154,3.5511406976116073,-1.3283769018143115,nan,-12.465965155994175,nan,-12.168635187520882,False,16.326927908602137,5db44e9332c806fc,,-4.98813987213744,-7.846137662540329,0.012159013663521234,dither_mag,-109.90154580185056,5,-3.5504065730269154,-7.623127967249403,0.9960444190365189,1.0049158935613467,0.0,,,,,,,
165,168300,0,7,4362,4.5116561460139675,3.599067383130465,257.1319934884004,256.87278799940856,0.9989919360656941,1.1047598185788505,0.0,15.335831411121392,15.335831411121392,15.335831411121392,-85.41767499045352,33.20417700992314,phase,-53.40158650849734,dither_phase,0.9989061055112229,-53.40158650849734,-19.93289912256045,-0.4073703757895182,-0.4767924382505647,285.07142857142856,-25.86463533411827,-26.085099980107024,6.711972333118005,6.59209739589008,-6.971880822754061,2.782372603128194,-1.4504785419857245,-7.923424051598076,1.1379030808142674,-1.6085422012621389,-6.971880822754062,2.7823726031281937,-1.4504785419857247,-7.923424051598075,1.1379030808142683,-1.6085422012621389,-14.653331554652663,-14.320397888793217,-0.21509359451769994,-6.971880822754061,2.782372603128194,-1.4504785419857245,-6.971880822754062,2.7823726031281937,-1.4504785419857247,nan,-14.653331554652663,nan,-14.320397888793217,False,17.52155633691787,1719b8a43f287996,,4.5116561460139675,3.599067383130465,-0.0010938944887770585,dither_mag,15.335831411121392,6,-1.965055939134158,-6.369616512045452,0.9958537447239206,1.0051084768197007,0.0,,,,,,,
166,169320,0,8,6774,-7.702873008243293,-7.635859509234191,254.67307913115164,253.8289112974873,0.9966852883055236,1.0776875770827639,0.0,-177.6794284891045,-177.6794284891045,-177.6794284891045,-198.86004506073513,43.73912266190533,phase,-52.769264106254546,dither_phase,1.0028343313604469,-52.769264106254546,-24.086081415282795,-0.345908750607664,-0.41450879394579493,284.125,-25.51703991356014,-25.805096179576804,6.032688950481981,6.2386062229558785,-6.4538060388328695,3.9265309100330397,-1.3644196077795465,-7.066833858978605,4.157694347385055,-1.4662514715911303,-6.4538060388328695,3.9265309100330414,-1.3644196077795465,-7.066833858978606,4.1576943473850525,-1.4662514715911308,-13.282215337392762,-12.947363550084596,-1.3037774261690371,-6.4538060388328695,3.9265309100330397,-1.3644196077795465,-6.4538060388328695,3.9265309100330414,-1.3644196077795465,nan,-13.282215337392762,nan,-12.947363550084596,False,15.995337851094135,4538f9905f9e359d,,-7.702873008243293,-7.635859509234191,0.0028343313604468623,dither_mag,-177.6794284891045,7,-4.672286360437201,-9.028584066162875,0.9963476961362613,1.0046113440253823,0.0,,,,,,,
167,170340,0,8,302,3.276940771255325,4.097391820428395,257.3215867588721,255.06385174140797,0.9912260178172312,1.1043122634774392,0.0,-158.76756922250365,-158.76756922250365,-158.76756922250365,-204.79207691033662,33.093219423681724,phase,-54.34977548292209,dither_phase,0.9917700592577114,-54.34977548292209,-19.21973869998589,-0.3930989913225657,-0.46375369945036443,284.8125,-25.20563978059871,-25.535606019415994,6.89116666315381,6.715608912309428,-6.95542896796102,4.964450684137181,-1.4477456757410334,-7.829042686006529,1.7990731524290382,-1.592864233555902,-6.955428967961021,4.96445068413718,-1.4477456757410334,-7.829042686006529,1.7990731524290373,-1.592864233555902,-14.486659025596772,-14.179065628697952,-1.9315890096971629,-6.95542896796102,4.964450684137181,-1.4477456757410334,-6.955428967961021,4.96445068413718,-1.4477456757410334,nan,-14.486659025596772,nan,-14.179065628697952,False,16.773757987262176,11a2c8606ee1207b,,3.276940771255325,4.097391820428395,-0.008229940742288555,dither_mag,-158.76756922250365,8,-3.521152800950846,-7.6010796430058685,0.9949127166991258,1.006070231654432,0.0,,,,,,,
168,171360,0,8,6194,-5.824067019947552,-3.796828927806475,258.33984741882733,257.4168903269991,0.9964273529575486,1.2177005501096956,0.0,-90.39013661328316,-90.39013661328316,-90.39013661328316,-203.69960152147567,40.8539926333077,phase,-59.880614253165575,dither_phase,1.003114049410171,-59.880614253165575,-24.263169388134084,-0.3738949901376904,-0.45173978866680564,286.1875,-24.67778246020479,-24.93758881186129,6.4393518154885285,6.901198067010416,-6.376367709019552,5.059607218977177,-1.3515560978437795,-7.491427048474993,4.4576287654552535,-1.5367819017400322,-6.376367709019552,5.0596072189771775,-1.3515560978437795,-7.491427048474993,4.4576287654552535,-1.5367819017400322,-13.394387512844133,-13.162065846101594,-1.4595198855095273,-6.376367709019552,5.059607218977177,-1.3515560978437795,-6.376367709019552,5.0596072189771775,-1.3515560978437795,nan,-13.394387512844133,nan,-13.162065846101594,False,16.441943106815863,c38146e092fecf6e,,-5.824067019947552,-3.796828927806475,0.003114049410170905,dither_mag,-90.39013661328316,9,-5.569999320618046,-8.921951767953818,0.9954549029868822,1.0055236670117274,0.0,,,,,,,
169,172380,0,8,3868,-3.696456549385399,-3.765399456867181,257.596719115365,256.02041528824117,0.9938807301873365,1.2181733277854239,0.0,-43.16042627684301,-43.16042627684301,-43.16042627684301,-181.62720155578924,41.81126744304239,phase,-65.4653356005496,dither_phase,1.0009902473950831,-65.4653356005496,-23.01171787761671,-0.4115793150964132,-0.4966842513771277,286.8125,-24.315707573401696,-24.521714820964444,6.576508088126682,6.888724149865353,-7.184084253880557,4.464683550255898,-1.485728281375508,-8.188902102039194,0.9582668219611957,-1.652641545189235,-7.184084253880556,4.464683550255897,-1.4857282813755077,-8.188902102039194,0.9582668219611957,-1.652641545189235,-13.7040503940441,-13.382012272320981,0.4817353100725902,-7.184084253880557,4.464683550255898,-1.485728281375508,-7.184084253880556,4.464683550255897,-1.4857282813755077,nan,-13.7040503940441,nan,-13.382012272320981,False,16.012598752953362,8a7a8af2c64f04f3,,-3.696456549385399,-3.765399456867181,0.0009902473950831325,dither_mag,-43.16042627684301,10,-6.869666225068401,-10.232601982503311,0.995627408646188,1.0053495888835486,0.0,,,,,,,
170,173400,0,8,4958,-4.900478545023844,-2.949760723981361,257.45720004294463,256.53803875049033,0.9964298481755376,1.1286446585962482,0.0,50.344875172281974,50.344875172281974,50.344875172281974,-112.48136620420615,34.573410036323835,phase,-47.66859400039437,dither_phase,0.9969574463610571,-47.66859400039437,-19.549476351946243,-0.3505658192579306,-0.4125349914584433,286.5,-25.735489528017368,-25.91126320181347,5.235762009690728,6.497147491721444,-6.8160312987962,3.5107938652630386,-1.424589916743555,-7.014496284413429,4.925129941538478,-1.457557522327812,-6.8160312987962,3.510793865263038,-1.424589916743555,-7.014496284413428,4.925129941538478,-1.457557522327812,-12.253790904451265,-12.139082638934088,-1.558193498066002,-6.8160312987962,3.5107938652630386,-1.424589916743555,-6.8160312987962,3.510793865263038,-1.424589916743555,nan,-12.253790904451265,nan,-12.139082638934088,False,16.36275364340703,ffd48fc24213df48,,-4.900478545023844,-2.949760723981361,-0.003042553638942902,dither_mag,50.344875172281974,11,-8.592366379627784,-11.259524621960484,0.9950972899320267,1.00588651777727,0.0,,,,,,,
171,174420,0,8,866,1.0248172433597027,0.9525992992331904,261.2749853992023,260.8723161426639,0.9984588296659048,1.0969675498296219,0.0,-57.864644175578604,-57.864644175578604,-57.864644175578604,-99.68578685622377,35.17136455242141,phase,-49.32759879909594,dither_phase,1.012878321239025,-49.32759879909594,-18.283516749761315,-0.35861927041403857,-0.4227451488528633,284.875,-25.669731589093114,-25.911884729845095,6.720657943092549,7.180346426539874,-5.797979665807134,3.7974602914675177,-1.2554783498018496,-6.269297012361576,6.825065223580626,-1.333770267834149,-5.797979665807133,3.7974602914675186,-1.2554783498018494,-6.269297012361578,6.8250652235806255,-1.3337702678341492,-12.389211112202286,-12.222332150858206,0.0076984901565799735,-5.797979665807134,3.7974602914675177,-1.2554783498018496,-5.797979665807133,3.7974602914675186,-1.2554783498018494,nan,-12.389211112202286,nan,-12.222332150858206,False,17.701028394545713,339e380fe598c7e3,,1.0248172433597027,0.9525992992331904,0.012878321239025103,dither_mag,-57.864644175578604,12,-8.231913146758064,-10.928066004274307,0.9973399468806965,1.0036483686817632,0.0,,,,,,,
172,175440,0,7,6162,0.3559637388287184,-1.1803915112156445,259.0740532860971,256.99581544871097,0.9919782092763603,1.0369246125466465,0.0,-40.786693326005974,-40.786693326005974,-40.786693326005974,-57.345337807485066,31.960548932092713,phase,-51.719856816005354,dither_phase,0.9963350004717763,-51.719856816005354,-17.26772026013153,-0.4135920400018342,-0.48082785386264115,283.7142857142857,-26.118169670413728,-26.3007460636496,6.232752762238649,6.849888434802544,-6.918241758601004,3.8721475900142526,-1.441568398438705,-7.424471850968944,1.840813257936591,-1.5256597759084625,-6.918241758601004,3.8721475900142517,-1.441568398438705,-7.424471850968942,1.8408132579365943,-1.5256597759084622,-13.220040146872147,-13.09309074497435,0.4930933622602932,-6.918241758601004,3.8721475900142526,-1.441568398438705,-6.918241758601004,3.8721475900142517,-1.441568398438705,nan,-13.220040146872147,nan,-13.09309074497435,False,17.218638477625266,d3c080a9775a2ea8,,0.3559637388287184,-1.1803915112156445,-0.0036649995282237446,dither_mag,-40.786693326005974,13,-8.106993545392738,-11.339701236111637,0.996700278054607,1.0042944514644583,0.0,,,,,,,
173,176460,0,8,4418,6.468910604691575,6.55104742480443,257.34252503171746,256.86737919622624,0.9981536443095339,1.0953821843883198,0.0,-100.17822793146792,-100.17822793146792,-100.17822793146792,-131.79444270033716,33.59539811128388,phase,-51.23288382423396,dither_phase,0.9992280815612563,-51.23288382423396,-16.24814580561198,-0.43089913842578903,-0.4975018873972932,285.5625,-26.281148376735818,-26.527659136377398,6.627831428772909,6.533376699290258,-7.447490052581083,4.706165057765775,-1.529483397438718,-8.194699710152197,1.15193109513438,-1.653604603015315,-7.447490052581084,4.706165057765774,-1.5294833974387185,-8.194699710152197,1.1519310951343822,-1.653604603015315,-16.396145690320164,-16.125223790647986,-0.7933683390643083,-7.447490052581083,4.706165057765775,-1.529483397438718,-7.447490052581084,4.706165057765774,-1.5294833974387185,nan,-16.396145690320164,nan,-16.125223790647986,False,17.93607793629083,50d671eba70f761a,,6.468910604691575,6.55104742480443,-0.0007719184387436906,dither_mag,-100.17822793146792,14,-5.8353791378386095,-9.056639136805899,0.9965656380731641,1.0044302221142036,0.0,,,,,,,
174,177480,0,8,6862,0.0186482057733997,1.7979024457602386,256.23880745211466,257.21414068300544,1.0038063447164343,0.8266278539469021,0.0,-365.36423046482946,-365.36423046482946,-365.36423046482946,-355.15053704266023,35.25691109636272,phase,-53.30011168033866,dither_phase,1.0038330627074874,-53.30011168033866,-21.532764637586823,-0.34417512314323023,-0.4134652683276705,282.875,-24.862128675723277,-24.98784809615326,6.75531304155948,6.747385159331803,-7.097915465053859,3.260306322242389,-1.4714145290787142,-7.256263960408833,4.436050773825934,-1.4977182658486436,-7.097915465053858,3.2603063222423865,-1.4714145290787142,-7.256263960408833,4.436050773825935,-1.4977182658486436,-16.004622984860106,-15.705930003111419,-0.3452642790876168,-7.097915465053859,3.260306322242389,-1.4714145290787142,-7.097915465053858,3.2603063222423865,-1.4714145290787142,nan,-16.004622984860106,nan,-15.705930003111419,False,14.689129194048613,e82f472a0edfc1ec,,0.0186482057733997,1.7979024457602386,0.0038330627074874,dither_mag,-365.36423046482946,15,-5.828829772928427,-8.430148772257175,0.9972341203251648,1.0037590371037717,0.0,,,,,,,
175,178500,0,7,3322,-7.2344384764561696,-7.51465999295263,257.7746969153885,257.2320988919681,0.9978950687173206,1.1307179133463197,0.0,25.596485728033908,25.596485728033908,25.596485728033908,-107.78858878855982,42.15932545599676,phase,-54.535083751625685,dither_phase,0.9900611595884322,-54.535083751625685,-20.40404151443677,-0.3866648072208065,-0.45756041609791986,285.07142857142856,-25.446828885899897,-25.59695268987399,5.9320706872587365,6.788499258394544,-7.123820374882026,3.731050021153843,-1.4757176702461838,-7.914986966774343,4.419716648522339,-1.6071406921552065,-7.123820374882026,3.731050021153841,-1.4757176702461838,-7.914986966774345,4.419716648522337,-1.607140692155207,-13.474597202184231,-13.265448543669482,0.6999184382415748,-7.123820374882026,3.731050021153843,-1.4757176702461838,-7.123820374882026,3.731050021153841,-1.4757176702461838,nan,-13.474597202184231,nan,-13.265448543669482,False,15.412784606077075,a980d53cfc054875,,-7.2344384764561696,-7.51465999295263,-0.009938840411567784,dither_mag,25.596485728033908,16,-8.367906019070146,-11.050430035300497,0.9954996339395604,1.0055223980207662,0.0,,,,,,,
176,179520,0,8,8154,0.4326169495711156,-0.904537748092101,258.1947295025376,255.49224057458602,0.9895331367407908,1.119138342001444,0.0,-172.99568575467407,-172.99568575467407,-172.99568575467407,-219.9063102793051,37.38183882409336,phase,-62.163080231205136,dither_phase,1.0060088587990408,-62.163080231205136,-21.032013584130375,-0.40722431875755694,-0.4880363230581236,285.75,-24.512242270439106,-24.74343639516107,6.470198020012417,6.849963238205063,-7.078339252962801,4.3122910145611035,-1.4681626666051164,-7.683911964841762,1.821850928363395,-1.5687561403391632,-7.078339252962802,4.312291014561101,-1.4681626666051169,-7.683911964841762,1.8218509283633957,-1.5687561403391632,-13.284989021395832,-12.935676497304735,0.663718493235011,-7.078339252962801,4.3122910145611035,-1.4681626666051164,-7.078339252962802,4.312291014561101,-1.4681626666051169,nan,-13.284989021395832,nan,-12.935676497304735,False,14.847611476670105,4ffde257e522557f,,0.4326169495711156,-0.904537748092101,0.006008858799040784,dither_mag,-172.99568575467407,17,-8.215805579062266,-11.365279522945324,0.9965464518681573,1.0044713562135064,0.0,,,,,,,
177,180540,0,8,4886,-0.03407632885917641,0.032089032405394846,256.27454101456885,253.66614967892454,0.9898218866169152,1.133316361341181,0.0,-109.57853218551402,-109.57853218551402,-109.57853218551402,-162.73674972887542,37.09832048157498,phase,-58.78131147292956,dither_phase,0.998712163175435,-58.78131147292956,-22.132642491495826,-0.388625527145443,-0.46504123206025144,286.07142857142856,-24.648363175196067,-25.203342631455207,5.775431147900823,6.7199512702463,-7.31434155151061,4.525165894972691,-1.5073657062309984,-7.8943226715167825,4.967751417921205,-1.6037080849695653,-7.31434155151061,4.525165894972692,-1.5073657062309984,-7.894322671516784,4.967751417921204,-1.6037080849695655,-15.196459788199926,-14.995088504108121,-0.13914588696300134,-7.31434155151061,4.525165894972691,-1.5073657062309984,-7.31434155151061,4.525165894972692,-1.5073657062309984,nan,-15.196459788199926,nan,-14.995088504108121,False,16.29956585717267,b2d7f74365a9660d,,-0.03407632885917641,0.032089032405394846,-0.001287836824565014,dither_mag,-109.57853218551402,18,-8.22777362639047,-11.354098356581133,0.9963218587549888,1.0046980272891712,0.0,,,,,,,
178,181560,0,7,2130,-1.7241944639078148,-1.8629462232735388,256.2456538052991,256.340013478184,1.0003682391154098,1.3630736491953277,0.0,-149.68433887114637,-149.68433887114637,-149.68433887114637,-339.4150303493899,42.162984752967155,phase,-59.29772759206902,dither_phase,0.9987885571316663,-59.29772759206902,-23.94312944695729,-0.4060901232837551,-0.48317716915344483,286.9285714285714,-25.292370114338013,-25.4217086267995,5.741776502624294,6.840367326465522,-7.12573888131108,4.885263643247648,-1.4760363590217744,-7.864482715557692,1.9737918644640593,-1.5987512816541016,-7.125738881311079,4.88526364324765,-1.476036359021774,-7.86448271555769,1.9737918644640597,-1.5987512816541014,-13.65885289529345,-13.607589059952057,-0.17149721552777786,-7.12573888131108,4.885263643247648,-1.4760363590217744,-7.125738881311079,4.88526364324765,-1.476036359021774,nan,-13.65885289529345,nan,-13.607589059952057,False,19.268192711548508,b53ce19b64f9e3f9,,-1.7241944639078148,-1.8629462232735388,-0.0012114428683337453,dither_mag,-149.68433887114637,19,-8.833469523820476,-12.003080598444411,0.9961106360281768,1.004911284133152,0.0,,,,,,,
179,182580,0,8,4150,0.0665430365279993,-0.4323658283190336,257.4380189568493,257.61612547025055,1.0006918423087738,0.9917603728444506,0.0,196.3595559007318,196.3595559007318,196.3595559007318,-193.23792454599686,35.4125423951655,phase,-56.608503757239426,dither_phase,0.9980812730550519,-56.608503757239426,-22.125590057000476,-0.3634547677969035,-0.43704582268131476,286.0,-24.86580667708317,-25.017821985910768,6.468618158399505,7.010478527122871,-6.653769733968565,4.603356135834989,-1.3976361684333165,-7.719764944920052,5.282600699975343,-1.5747117848704408,-6.653769733968565,4.603356135834989,-1.3976361684333165,-7.719764944920053,5.282600699975342,-1.5747117848704408,-12.748215803494299,-12.441847289190648,-0.5190151468036981,-6.653769733968565,4.603356135834989,-1.3976361684333165,-6.653769733968565,4.603356135834989,-1.3976361684333165,nan,-12.748215803494299,nan,-12.441847289190648,False,16.282740558889056,c888e694db203717,,0.0665430365279993,-0.4323658283190336,-0.0019187269449481015,dither_mag,196.3595559007318,20,-8.810088523816637,-12.153669055655536,0.9957761647726149,1.0052493591194136,0.0,20,-54.97705977684491,0.9662031992482022,-54.97705977684491,move+1:OK,1,33
180,183600,0,8,6918,1.9850019716867071,2.667599117512763,255.23344822840642,255.4571657166942,1.0008765210431494,1.0745990435528485,0.0,-51.64484728578269,-51.64484728578269,-51.64484728578269,-79.38878100604617,19.688113263237522,phase,-36.781362758278206,dither_phase,1.0095133772849059,-36.781362758278206,-13.32416674468021,-0.35056577783339055,-0.3983815494191522,282.3125,-27.300913534420506,-27.50808138917673,6.323930758930949,6.280807581086261,-7.023101461007389,3.090284421157973,-1.4589869536557125,-7.145043577116249,3.888701444580419,-1.4792431191223006,-7.023101461007386,3.090284421157973,-1.458986953655712,-7.14504357711625,3.888701444580419,-1.479243119122301,-17.078598999811177,-17.07412740950889,-0.21885645955384447,-7.023101461007389,3.090284421157973,-1.4589869536557125,-7.023101461007386,3.090284421157973,-1.458986953655712,nan,-17.078598999811177,nan,-17.07412740950889,False,14.640430839024402,ec0d0d70b9e6e445,,1.9850019716867071,2.667599117512763,0.009513377284905866,dither_mag,-51.64484728578269,1,-8.112390873814144,-11.224884886176094,0.9974339737833047,1.0035915501087238,0.0,,,,,,,
181,184620,0,8,6842,3.3703867902442197,3.7215364710588763,256.213102759562,253.82880603188576,0.9906940874529991,1.0733266612342802,0.0,-119.65474875316663,-119.65474875316663,-119.65474875316663,-146.91218270190652,23.141313831109333,phase,-41.627761997742915,dither_phase,0.9930318356675407,-41.627761997742915,-13.487720250112504,-0.41862884854851357,-0.47274493914557936,284.1875,-27.629236425717277,-27.9396825322712,6.6238534191120815,6.5333168755020745,-7.509843305742754,3.1704574484083197,-1.539841080688165,-8.054905865599482,1.492483324355097,-1.6303830341527379,-7.509843305742754,3.170457448408319,-1.539841080688165,-8.054905865599483,1.492483324355095,-1.630383034152738,-15.701507367545453,-15.730296510118421,-0.7153962851483291,-7.509843305742754,3.1704574484083197,-1.539841080688165,-7.509843305742754,3.170457448408319,-1.539841080688165,nan,-15.701507367545453,nan,-15.730296510118421,False,14.565345912932449,ed870189b694f9c7,,3.3703867902442197,3.7215364710588763,-0.006968164332459281,dither_mag,-119.65474875316663,2,-6.9297207346458585,-9.927008509347795,0.9962176741112871,1.0048239460437913,0.0,,,,,,,
182,185640,0,7,4742,2.2337399251130003,2.4596500996539503,259.3348705342476,257.7030826266309,0.9937077960080912,0.8454605438812424,0.0,-98.7023346070212,-98.7023346070212,-98.7023346070212,-94.01581874258395,30.364488037222763,phase,-40.13892698372704,dither_phase,0.9916415846730434,-40.13892698372704,-17.021694886448813,-0.37424957759389244,-0.4264301826727376,283.42857142857144,-27.61072308667074,-28.303208635739136,6.781911776208155,6.923335282242147,-6.224551680046328,3.9571446351399153,-1.3263374883797887,-7.208082171028458,4.856973147776653,-1.4897146463502422,-6.224551680046327,3.9571446351399153,-1.3263374883797885,-7.208082171028456,4.856973147776654,-1.489714646350242,-15.812211952848756,-15.50965107116646,0.12951025737023647,-6.224551680046328,3.9571446351399153,-1.3263374883797887,-6.224551680046327,3.9571446351399153,-1.3263374883797885,nan,-15.812211952848756,nan,-15.50965107116646,False,15.64228485463422,fef5f2c2a6cb36de,,2.2337399251130003,2.4596500996539503,-0.00835841532695658,dither_mag,-98.7023346070212,3,-6.144943477519807,-9.070263864409402,0.9947604839229386,1.0063061133915818,0.0,,,,,,,
183,186660,0,8,2370,-3.3996501801363994,-4.835035346478257,256.7691551729304,256.6989533855928,0.999726595714776,1.3415955282570704,0.0,98.7886858598099,98.7886858598099,98.7886858598099,-297.4746304984855,27.771280555289454,phase,-39.299692265809576,dither_phase,0.9869988873783647,-39.299692265809576,-15.546660368592589,-0.36813454657923184,-0.4192241465247843,285.75,-27.21508168121091,-27.696465471635978,5.908499049618925,6.6564329332997305,-6.721060104767647,4.909912913792482,-1.4088139708916356,-6.930896168460644,4.611900336382187,-1.4436704598771837,-6.7210601047676475,4.909912913792481,-1.408813970891636,-6.930896168460644,4.6119003363821856,-1.4436704598771837,-14.102113149565401,-14.038805330052819,1.3899267838695515,-6.721060104767647,4.909912913792482,-1.4088139708916356,-6.7210601047676475,4.909912913792481,-1.408813970891636,nan,-14.102113149565401,nan,-14.038805330052819,False,19.451253569519665,868c2cc22775bfae,,-3.3996501801363994,-4.835035346478257,-0.01300111262163528,dither_mag,98.7886858598099,4,-7.3410882603878775,-10.751921511866108,0.9924972101334075,1.008625814430647,0.0,,,,,,,
184,187680,0,8,3900,1.6618587603554564,0.8928908892179455,255.92879077487387,256.0919547794926,1.0006375367309193,1.0541577780118454,0.0,-13.173007185418465,-13.173007185418465,-13.173007185418465,-45.506478935979125,20.00303638267847,phase,-30.608206436126018,dither_phase,0.9917017898203444,-30.608206436126018,-11.134205508810439,-0.41546158128152044,-0.45525224964848426,287.625,-29.25096931337407,-30.361043081053033,6.469628360586243,6.539548184584082,-7.549396952697148,4.799559219048879,-1.5464114539364033,-7.315036245497093,5.245895521501951,-1.507481103903172,-7.549396952697148,4.79955921904888,-1.5464114539364033,-7.315036245497092,5.245895521501951,-1.5074811039031715,-15.692589081680621,-15.244982074018466,0.23699298624119391,-7.549396952697148,4.799559219048879,-1.5464114539364033,-7.549396952697148,4.79955921904888,-1.5464114539364033,nan,-15.692589081680621,nan,-15.244982074018466,False,16.099779407890612,939c5278c9813db2,,1.6618587603554564,0.8928908892179455,-0.008298210179655596,dither_mag,-13.173007185418465,5,-6.755040702585447,-10.44208231604631,0.9910559188042359,1.0101027837072685,0.0,,,,,,,
185,188700,0,8,2494,-0.9241193057467161,-1.8893141092569277,256.7898044546883,258.2423002049964,1.0056563606697415,1.1219920350303292,0.0,-75.99020949936532,-75.99020949936532,-75.99020949936532,-122.1037757984768,29.819485947956224,phase,-38.71040115541718,dither_phase,1.005210053338467,-38.71040115541718,-17.4557336033469,-0.35122870031832615,-0.4015522218203685,284.5625,-27.40625250164008,-27.922692033948714,6.39001499449525,6.948871184552417,-6.247076354150992,4.092211200720697,-1.3300791285965106,-6.4507668841997425,5.144405889164073,-1.363914764817233,-6.247076354150992,4.092211200720698,-1.3300791285965106,-6.4507668841997425,5.144405889164073,-1.363914764817233,-14.570852095359664,-14.535062747236147,0.3396652552103654,-6.247076354150992,4.092211200720697,-1.3300791285965106,-6.247076354150992,4.092211200720698,-1.3300791285965106,nan,-14.570852095359664,nan,-14.535062747236147,False,18.41124663541978,d83ecea490ee36eb,,-0.9241193057467161,-1.8893141092569277,0.005210053338466913,dither_mag,-75.99020949936532,6,-7.081401456680535,-11.096728505430104,0.9919595232889512,1.009186586501998,0.0,,,,,,,
186,189720,0,8,2746,-5.9330076597754235,-5.1375383072666665,257.0166150709731,258.2415330192499,1.0047659095811319,8.033590554582545,0.0,-6.465406967895344,-6.465406967895344,-6.465406967895344,-472.6645525939103,28.44701533859825,phase,-40.90976573095288,dither_phase,1.0017410342525337,-40.90976573095288,-16.521338711210138,-0.38917356770775435,-0.4423562631579931,286.5625,-27.296084872946306,-27.746284602680454,5.4165514638256775,6.524575869680289,-7.255480831541048,3.589475492672174,-1.4975881779968518,-8.050061557324316,1.902558413555465,-1.6295783317814478,-7.255480831541049,3.589475492672172,-1.4975881779968523,-8.050061557324316,1.902558413555466,-1.6295783317814478,-14.150132740531236,-13.730084933029783,-0.48479142798798947,-7.255480831541048,3.589475492672174,-1.4975881779968518,-7.255480831541049,3.589475492672172,-1.4975881779968523,nan,-14.150132740531236,nan,-13.730084933029783,False,16.234442417191833,f68430359c16bf22,,-5.9330076597754235,-5.1375383072666665,0.0017410342525336908,dither_mag,-6.465406967895344,7,-9.17478594684235,-12.878498528529567,0.9922617545027065,1.0088796409322465,0.0,,,,,,,
187,190740,0,8,4922,-0.8188283442264794,-1.5518265188971916,256.13071517831145,258.23598708156095,1.0082195214337486,1.112039011491325,0.0,-13.984404477990903,-13.984404477990903,-13.984404477990903,-90.16497517916032,23.212760213128153,phase,-34.10775468117782,dither_phase,1.0021789581524867,-34.10775468117782,-12.737002697809979,-0.4291665352578666,-0.47350661634339775,285.3125,-28.707758832640543,-29.222292904353825,5.452588926510997,6.779005622635777,-7.535100362236281,3.8317833221704363,-1.5440366050226382,-7.834362945328104,3.7854646125525755,-1.5937479975628082,-7.53510036223628,3.8317833221704367,-1.544036605022638,-7.834362945328104,3.785464612552577,-1.5937479975628082,-19.047726811927088,-18.58972576505857,0.48739360271385834,-7.535100362236281,3.8317833221704363,-1.5440366050226382,-7.53510036223628,3.8317833221704367,-1.544036605022638,nan,-19.047726811927088,nan,-18.58972576505857,False,16.25140746037026,dac7bf192273560b,,-0.8188283442264794,-1.5518265188971916,0.0021789581524866986,dither_mag,-13.984404477990903,8,-9.46361086544752,-13.416857376877557,0.992640121449597,1.008495773722098,0.0,,,,,,,
188,191760,0,8,8026,10.072263921820115,11.446619362187494,254.83415153095982,257.3135099997033,1.0097293021906535,1.1153844678178593,0.0,-205.68548171565223,-205.68548171565223,-205.68548171565223,-225.84725297167333,22.90701815196391,phase,-34.1480135142504,dither_phase,1.009838520851061,-34.1480135142504,-15.665794147116793,-0.3690130598945324,-0.41340547746305795,284.25,-28.543650412368592,-28.797098197775895,6.5663601598359325,5.269159259388578,-6.324899837319993,4.429209136497793,-1.3430066174950155,-7.569303206524793,3.6948198501211045,-1.5497181406187366,-6.324899837319994,4.429209136497793,-1.343006617495016,-7.569303206524793,3.694819850121105,-1.5497181406187366,-14.3188553404518,-14.064701959222475,0.1252368833405697,-6.324899837319993,4.429209136497793,-1.3430066174950155,-6.324899837319994,4.429209136497793,-1.343006617495016,nan,-14.3188553404518,nan,-14.064701959222475,False,15.769809960594669,01bce8143b937c78,,10.072263921820115,11.446619362187494,0.009838520851060961,dither_mag,-205.68548171565223,9,-5.912180395874221,-9.444290628303749,0.9943491907927813,1.0067763219124348,0.0,,,,,,,
189,192780,0,8,730,-10.14682266581853,-9.217751405735548,257.82422340171564,258.5765981672942,1.0029181694243148,1.0185685198572707,0.0,-151.31610968198137,-151.31610968198137,-151.31610968198137,-149.9021920469672,31.172374365931244,phase,-42.61570330596871,dither_phase,0.9999977812744981,-42.61570330596871,-18.939458833669306,-0.42641511731468906,-0.4818155316124484,284.8125,-28.307145389974,-28.668104064749794,5.283090667330131,6.310894817441488,-7.14578521914334,4.988160053820797,-1.4793663154723158,-7.846854915592533,4.848166046743822,-1.595823075679823,-7.145785219143339,4.988160053820799,-1.4793663154723158,-7.846854915592533,4.848166046743824,-1.595823075679823,-16.12210442691106,-15.707589987658961,-0.6966354371156882,-7.14578521914334,4.988160053820797,-1.4793663154723158,-7.145785219143339,4.988160053820799,-1.4793663154723158,nan,-16.12210442691106,nan,-15.707589987658961,False,16.359595117135132,e7aa7c7bd71045fc,,-10.14682266581853,-9.217751405735548,-2.218725501879071e-06,dither_mag,-151.31610968198137,10,-9.483750590651582,-12.648788908397432,0.9943488047098975,1.0067767128213547,0.0,,,,,,,
190,193800,0,8,270,-4.24214000077989,-5.152560146091829,256.750957572706,256.0547212239793,0.9972882813941227,1.1476059000943415,0.0,-123.35191956574779,-123.35191956574779,-123.35191956574779,-162.98715772363218,29.59692284655057,phase,-42.45214695787788,dither_phase,0.9993710653817535,-42.45214695787788,-15.628601976228973,-0.4335001439732568,-0.48868793501849805,286.5625,-27.935886230561422,-28.32509496455955,5.4777087918357115,6.61334456689808,-6.860513938462792,4.384420323899837,-1.4319790595453146,-7.497963792328759,4.496959793106869,-1.537867739589495,-6.86051393846279,4.384420323899835,-1.4319790595453141,-7.49796379232876,4.49695979310687,-1.5378677395894953,-14.940551318183967,-14.767963853769825,0.24214813642868194,-6.860513938462792,4.384420323899837,-1.4319790595453146,-6.86051393846279,4.384420323899835,-1.4319790595453141,nan,-14.940551318183967,nan,-14.767963853769825,False,16.814325831320854,62c7b8a992e360fb,,-4.24214000077989,-5.152560146091829,-0.000628934618246535,dither_mag,-123.35191956574779,11,-10.976937883923522,-14.440046123791666,0.994239363142366,1.006887591984418,0.0,,,,,,,
191,194820,0,8,7326,-0.7023261617478662,-0.6141549896369725,254.0798007683865,253.83168154411823,0.9990234594662074,1.099969188514684,0.0,37.53178625514293,37.53178625514293,37.53178625514293,-88.76439562313564,28.915616256444977,phase,-42.599601139119635,dither_phase,0.9895678400987292,-42.599601139119635,-16.412159121399146,-0.43055872969845455,-0.4859382111793101,288.875,-27.584201102646002,-28.131147029969682,5.79734037544163,6.243154043631273,-6.925584682842196,4.812587293611401,-1.4427881532960458,-7.318415109544211,2.2723851880145745,-1.5080423770006997,-6.925584682842198,4.8125872936114,-1.4427881532960463,-7.318415109544211,2.2723851880145753,-1.5080423770006997,-15.65249930302503,-15.481150851918011,0.07466347591433209,-6.925584682842196,4.812587293611401,-1.4427881532960458,-6.925584682842198,4.8125872936114,-1.4427881532960463,nan,-15.65249930302503,nan,-15.481150851918011,False,16.6497978923973,fce2ebac7b36387d,,-0.7023261617478662,-0.6141549896369725,-0.010432159901270777,dither_mag,37.53178625514293,12,-11.224176291216953,-14.653529980464583,0.9924242519394894,1.0087451727271384,0.0,,,,,,,
192,195840,0,8,6086,3.0756977124395917,2.235409545412246,253.88522961195437,256.35043644619094,1.009709926166262,1.1035189370692806,0.0,-54.8047932565499,-54.8047932565499,-54.8047932565499,-94.34129332375181,27.245171411665392,phase,-42.59088734899087,dither_phase,1.017126543327678,-42.59088734899087,-19.217862866979967,-0.4008861962284071,-0.4562543497820952,285.3125,-27.820462607038646,-27.687335909119763,5.902432120434982,6.502604517962452,-6.519824860267452,3.862340794982856,-1.375386189413198,-7.095171709863389,2.194698213698267,-1.470958755791261,-6.519824860267452,3.862340794982856,-1.375386189413198,-7.095171709863392,2.1946982136982647,-1.4709587557912611,-19.5023954354277,-18.53893902543272,0.18287328373032086,-6.519824860267452,3.862340794982856,-1.375386189413198,-6.519824860267452,3.862340794982856,-1.375386189413198,nan,-19.5023954354277,nan,-18.53893902543272,False,17.492493348375266,25154e19d8223cdc,,3.0756977124395917,2.235409545412246,0.017126543327677934,dither_mag,-54.8047932565499,13,-10.139464589291016,-13.877919487301986,0.9953986914057883,1.0057727248507062,0.0,,,,,,,
193,196860,0,8,3864,-0.3920564324053506,0.9835647474283443,256.29269124128655,256.55207181694595,1.0010120482734142,0.9971133765023736,0.0,-140.9636153992403,-140.9636153992403,-140.9636153992403,-139.0208110039773,27.974685224296977,phase,-40.8559044287102,dither_phase,1.00469435441769,-40.8559044287102,-12.195348821255891,-0.4286099316309451,-0.48172260738826833,286.25,-27.73902340571963,-28.022209097139505,6.160335678540933,6.6470806474863675,-6.950429024556046,4.448043174000348,-1.4469151203581472,-7.715467770018279,2.0227694576302526,-1.5739979684415746,-6.950429024556044,4.448043174000348,-1.446915120358147,-7.7154677700182805,2.0227694576302517,-1.573997968441575,-13.075182839788269,-12.754551089328753,-0.4763147502924636,-6.950429024556046,4.448043174000348,-1.4469151203581472,-6.950429024556044,4.448043174000348,-1.446915120358147,nan,-13.075182839788269,nan,-12.754551089328753,False,16.03182932971845,8f24b5dfbd74a5c8,,-0.3920564324053506,0.9835647474283443,0.004694354417690061,dither_mag,-140.9636153992403,14,-10.277318649705823,-13.535647666746284,0.9962164233985519,1.004950331072605,0.0,,,,,,,
194,197880,0,8,3002,2.7668104518480234,4.118434854481103,257.57169505478583,257.88751636794933,1.0012261491430428,1.220046497372211,0.0,118.91840769909794,118.91840769909794,118.91840769909794,-220.99591948397884,24.57520398882397,phase,-39.61094881916632,dither_phase,1.008089371446991,-39.61094881916632,-16.155666561364647,-0.3575684041816195,-0.4090626376465357,283.25,-27.553251653694957,-27.737790818739704,6.719700410540473,6.78887675666143,-7.347850491232133,3.2346846131403377,-1.51293197528773,-7.41107463542003,3.5555670517522113,-1.5234343248206033,-7.347850491232133,3.2346846131403373,-1.51293197528773,-7.41107463542003,3.555567051752213,-1.5234343248206033,-13.226593395217044,-13.176911612557564,0.23069147434379111,-7.347850491232133,3.2346846131403377,-1.51293197528773,-7.347850491232133,3.2346846131403373,-1.51293197528773,nan,-13.226593395217044,nan,-13.176911612557564,False,14.081227422489953,aefd43559b27153d,,2.7668104518480234,4.118434854481103,0.008089371446990956,dither_mag,118.91840769909794,15,-9.305257122308786,-12.101295983385084,0.9976267072193831,1.00353909916181,0.0,,,,,,,
195,198900,0,8,6606,9.515952587776473,8.782267687664632,257.47321505353136,254.9185821958551,0.9900780636263654,1.0646535087256126,0.0,83.68539049543162,83.68539049543162,83.68539049543162,-84.98193267474343,20.42823661478489,phase,-31.86731342007032,dither_phase,0.992849413217335,-31.86731342007032,-9.387757172023765,-0.4014386509982072,-0.4428661584442986,285.125,-29.081914787944005,-29.56441437120363,6.767040584859696,5.652343924755989,-7.464359312494104,3.566573562272288,-1.5322856000820773,-7.535459248233441,4.22867789314251,-1.5440962206367845,-7.464359312494107,3.566573562272288,-1.5322856000820777,-7.535459248233441,4.228677893142511,-1.5440962206367845,-15.579582102542036,-15.507979629590867,0.439288119232927,-7.464359312494104,3.566573562272288,-1.5322856000820773,-7.464359312494107,3.566573562272288,-1.5322856000820777,nan,-15.579582102542036,nan,-15.507979629590867,False,15.504333486274673,bf468f64222ffc0a,,9.515952587776473,8.782267687664632,-0.007150586782665003,dither_mag,83.68539049543162,16,-5.966750462834048,-9.038342389200306,0.9963783243587147,1.0048039247551923,0.0,,,,,,,
196,199920,0,8,2854,-2.0757046830624786,-2.306015907942496,257.02131544219526,256.10194284680665,0.9964229714029482,1.1016678929618162,0.0,-11.795556734914557,-11.795556734914557,-11.795556734914557,-83.1476047893669,23.402991950574734,phase,-37.354982357344575,dither_phase,1.0006702263729883,-37.354982357344575,-13.046209783166756,-0.40048207861655366,-0.4490435556811016,285.1875,-28.42011160121335,-28.732674670771438,6.353370004947651,6.583797065672358,-7.190246268861918,4.4585291575791235,-1.4867518719039732,-7.508711882058789,4.028183595795077,-1.5396531365546162,-7.190246268861915,4.458529157579123,-1.4867518719039727,-7.5087118820587895,4.028183595795077,-1.5396531365546164,-16.36457703855499,-16.06156179740281,0.4413825736762218,-7.190246268861918,4.4585291575791235,-1.4867518719039732,-7.190246268861915,4.458529157579123,-1.4867518719039727,nan,-16.36457703855499,nan,-16.06156179740281,False,14.980522034384396,9f2b227937effe12,,-2.0757046830624786,-2.306015907942496,0.0006702263729883029,dither_mag,-11.795556734914557,17,-6.695887800842131,-9.841589219646867,0.996495189189045,1.0046861506247613,0.0,,,,,,,
197,200940,0,8,6622,5.360367981789883,4.94800148187876,258.67562173432555,257.5043256360278,0.9954719501959842,0.7849341385772133,0.0,18.702464887752125,18.702464887752125,18.702464887752125,-173.74342641997927,24.124911695353127,phase,-28.40383409705933,dither_phase,0.9861126257127785,-28.40383409705933,-11.579006963970619,-0.3556717789151225,-0.39259676324129966,285.25,-29.62689028233067,-30.34637320412613,6.940803740322212,6.332691795266846,-6.818673513939489,3.6775060844942304,-1.4250288229135364,-7.437841974922278,3.5802099776147522,-1.5278807267312755,-6.818673513939486,3.677506084494231,-1.4250288229135362,-7.437841974922277,3.5802099776147522,-1.5278807267312753,-12.87714326980284,-12.693152023207144,0.7331349204834563,-6.818673513939489,3.6775060844942304,-1.4250288229135364,-6.818673513939486,3.677506084494231,-1.4250288229135362,nan,-12.87714326980284,nan,-12.693152023207144,False,15.67703998516877,c53f79a27cd0767c,,5.360367981789883,4.94800148187876,-0.013887374287221532,dither_mag,18.702464887752125,18,-4.813160403880721,-8.117866326103794,0.9940734163972003,1.0071622158772926,0.0,,,,,,,
198,201960,0,8,6798,-0.6993368741044302,0.06835239938217988,257.07526254445446,258.1476608309425,1.0041715343431872,1.0425436722399117,0.0,-16.351273037820906,-16.351273037820906,-16.351273037820906,-35.967840714712956,27.92201624449828,phase,-39.10739898400487,dither_phase,0.9979541185989744,-39.10739898400487,-17.928804472413,-0.4203716312073192,-0.4712112498865255,284.125,-28.812529245042825,-29.14218924107884,6.772342998464547,6.896301854369737,-7.054039068169246,3.776691716678119,-1.4641260910580143,-7.250011517478969,5.246415563235487,-1.496679654066274,-7.054039068169244,3.7766917166781204,-1.464126091058014,-7.250011517478969,5.246415563235487,-1.496679654066274,-17.084540625043953,-16.54106977344755,-1.0443135583498824,-7.054039068169246,3.776691716678119,-1.4641260910580143,-7.054039068169244,3.7766917166781204,-1.464126091058014,nan,-17.084540625043953,nan,-16.54106977344755,False,15.963528808885577,e9318e8516e766dd,,-0.6993368741044302,0.06835239938217988,-0.0020458814010255733,dither_mag,-16.351273037820906,19,-5.059387595855794,-8.094113111967456,0.9937175090422746,1.007523548649214,0.0,,,,,,,
199,202980,0,7,968,-4.184987367712887,-3.8303226484020376,255.66241306364114,257.1282264367916,1.005733394109777,1.0141258377828408,0.0,-58.033512797290065,-58.033512797290065,-58.033512797290065,-52.84834671165606,18.988532784895472,phase,-31.29780612556643,dither_phase,1.0154477793686585,-31.29780612556643,-10.926755827786712,-0.43503630924056275,-0.4757234572037991,284.42857142857144,-29.875095671650204,-29.998628283571627,5.70669602970678,6.3088718788677856,-7.5136020033476205,4.321326129745619,-1.5404654490610667,-7.801155176730196,4.563712658482155,-1.5882317569319264,-7.51360200334762,4.321326129745619,-1.5404654490610665,-7.801155176730196,4.563712658482155,-1.5882317569319264,-15.586926035606526,-15.258765888611778,0.442365346918864,-7.5136020033476205,4.321326129745619,-1.5404654490610667,-7.51360200334762,4.321326129745619,-1.5404654490610665,nan,-15.586926035606526,nan,-15.258765888611778,False,16.411653560749652,db74391fcbffb64e,,-4.184987367712887,-3.8303226484020376,0.015447779368658487,dither_mag,-58.033512797290065,20,-6.533393603972933,-9.424715189445518,0.9964038865883048,1.0048412834300817,0.0,20,-37.75442062536806,1.0048165984174435,-37.75442062536806,move+1:OK,1,34
200,204000,0,8,3784,-0.23243418630440826,-4.11176177410451,255.7971342234721,258.0350834022678,1.008748922014273,0.9383716066310105,0.0,86.99435401083981,86.99435401083981,86.99435401083981,-106.67104981886571,7.789087554959961,phase,-15.36195670978308,dither_phase,1.0105037859665371,-15.36195670978308,-7.657683370034526,-0.37080313119698943,-0.39077367491970744,281.5625,-33.75569868690054,-33.63133828951438,6.398525488578172,6.747577801349608,-6.722975677940019,4.915530364650873,-1.4091321724152857,-6.792852760793316,5.082622220044315,-1.4207396612613483,-6.722975677940019,4.915530364650874,-1.4091321724152857,-6.792852760793316,5.082622220044315,-1.4207396612613483,-18.51805541026187,-18.38594205872987,1.828628551395894,-6.722975677940019,4.915530364650873,-1.4091321724152857,-6.722975677940019,4.915530364650874,-1.4091321724152857,nan,-18.51805541026187,nan,-18.38594205872987,False,16.032624062258254,9142a62b74611627,,-0.23243418630440826,-4.11176177410451,0.010503785966537116,dither_mag,86.99435401083981,1,-6.615039175915745,-10.856898206472916,0.9982354388914708,1.003013421292738,0.0,,,,,,,
201,205020,0,8,3230,5.455395780329336,5.256022565107173,256.5584574738259,256.2982950961876,0.9989859528303998,1.0889769512513054,0.0,-116.483979384473,-116.483979384473,-116.483979384473,-142.41312991516517,12.318836182863686,phase,-20.24457626043244,dither_phase,0.9930678262165762,-20.24457626043244,-6.271545908857308,-0.364988812380269,-0.39130676151883115,284.25,-31.27515437570016,-32.28430416164241,6.55292234846328,6.084548707366945,-6.920372687413895,3.7990390370950298,-1.4419223733245674,-7.126647099433424,3.73795359265356,-1.476187225819506,-6.920372687413893,3.7990390370950315,-1.441922373324567,-7.1266470994334234,3.737953592653559,-1.4761872258195057,-15.92938884101751,-15.845440373880336,-0.2019547417256824,-6.920372687413895,3.7990390370950298,-1.4419223733245674,-6.920372687413893,3.7990390370950315,-1.441922373324567,nan,-15.92938884101751,nan,-15.845440373880336,False,14.69775735909497,1e0948cfedd6bf22,,5.455395780329336,5.256022565107173,-0.006932173783423812,dither_mag,-116.483979384473,2,-4.7022754643452345,-9.022817167540731,0.9970244491221164,1.0042387012313194,0.0,,,,,,,
202,206040,0,8,7234,0.33461017662601766,1.5794838696054097,257.7309068513298,258.1206173038771,1.0015120827273236,1.034326378924054,0.0,-67.21230743805707,-67.21230743805707,-67.21230743805707,-71.95987466310842,5.820571562996732,phase,-15.685003040479476,dither_phase,0.9994800333020459,-15.685003040479476,-3.874185942417978,-0.36396159007802653,-0.38435209403064985,282.75,-32.71246469574596,-33.762463098003444,6.960747368673809,6.950685443139201,-7.169354981457236,3.815172509700939,-1.4832815583816006,-6.905724388467491,4.751935337227788,-1.4394891010743343,-7.169354981457236,3.8151725097009375,-1.4832815583816006,-6.905724388467489,4.7519353372277875,-1.4394891010743338,-13.466681474515841,-13.501366020490265,-1.105483454442842,-7.169354981457236,3.815172509700939,-1.4832815583816006,-7.169354981457236,3.8151725097009375,-1.4832815583816006,nan,-13.466681474515841,nan,-13.501366020490265,False,17.02656091185352,1fbdae88991ce643,,0.33461017662601766,1.5794838696054097,-0.0005199666979540662,dither_mag,-67.21230743805707,3,-4.584812385157733,-8.472331158901481,0.9969337257077632,1.0043301286397786,0.0,,,,,,,
203,207060,0,8,2246,1.7045696313965912,2.1691835056597117,256.74827581025454,255.90017345419474,0.9966967553983241,1.1659850143876105,0.0,-112.10324599497403,-112.10324599497403,-112.10324599497403,-183.06756605581666,11.717161649763296,phase,-23.39959088024065,dither_phase,0.9910410703181606,-23.39959088024065,-8.791090052718792,-0.44604318863368225,-0.4764626567779951,285.3125,-31.937479712170802,-32.82509224113622,6.553423950527074,6.567490281457179,-7.548655729920598,1.9204990356749694,-1.5462883272293355,-8.34184185236121,1.6221629326503162,-1.6780468193291047,-7.5486557299206005,1.9204990356749687,-1.5462883272293357,-8.34184185236121,1.6221629326503175,-1.6780468193291047,-16.36009924411813,-16.453386789795875,0.2341662211945137,-7.548655729920598,1.9204990356749694,-1.5462883272293355,-7.5486557299206005,1.9204990356749687,-1.5462883272293357,nan,-16.36009924411813,nan,-16.453386789795875,False,20.51214660722867,58102f6ce1f40467,,1.7045696313965912,2.1691835056597117,-0.008958929681839423,dither_mag,-112.10324599497403,4,-3.9863780503525206,-7.716390253285968,0.9953707203572009,1.0059189644328965,0.0,,,,,,,
204,208080,0,8,3934,-0.511244250011877,0.1506097952032595,256.825124234292,256.88996527044327,1.0002524715459384,0.9732074801463821,0.0,-20.81451550374106,-20.81451550374106,-20.81451550374106,-29.241787715645604,9.927669296336816,phase,-15.394615072562011,dither_phase,0.9950496511506519,-15.394615072562011,-5.92202078827508,-0.36514714592913505,-0.38516014552346567,284.75,-33.373726761678995,-35.082729739322005,6.951932318520856,6.89903202777545,-6.819011160061365,3.955094786200639,-1.425084910309197,-6.9971800987965596,3.7236027102456877,-1.4546810795343124,-6.819011160061366,3.9550947862006396,-1.4250849103091972,-6.99718009879656,3.723602710245687,-1.4546810795343124,-20.61973636176051,-20.37591740988247,-0.0926455169103213,-6.819011160061365,3.955094786200639,-1.425084910309197,-6.819011160061366,3.9550947862006396,-1.4250849103091972,nan,-20.61973636176051,nan,-20.37591740988247,False,16.231088780789182,25b66f11f0fa3604,,-0.511244250011877,0.1506097952032595,-0.004950348849348085,dither_mag,-20.81451550374106,5,-4.166145732729137,-7.663986997969215,0.9945084197046667,1.0067947385331264,0.0,,,,,,,
205,209100,0,7,6810,-1.1814968215862731,-3.2957556669643697,256.9065111350766,257.49952361224484,1.002308281228639,1.1321524661856424,0.0,-78.9010572379077,-78.9010572379077,-78.9010572379077,-133.34768023984302,9.926136467049046,phase,-19.700100537978045,dither_phase,1.0057779224428094,-19.700100537978045,-7.896006452487196,-0.45011337236448923,-0.4757235030638607,284.14285714285717,-33.67786728590864,-34.29255554748787,6.836651580470559,6.928295537907532,-7.670013448622549,5.010322265884712,-1.5664474167147093,-8.045624605823573,4.941999246671061,-1.628841296648434,-7.6700134486225515,5.010322265884711,-1.5664474167147096,-8.045624605823575,4.9419992466710605,-1.6288412966484345,-17.30080337358133,-17.13391923963411,0.6001844867835748,-7.670013448622549,5.010322265884712,-1.5664474167147093,-7.6700134486225515,5.010322265884711,-1.5664474167147096,nan,-17.30080337358133,nan,-17.13391923963411,False,15.934608547788903,f008675c081d78c2,,-1.1814968215862731,-3.2957556669643697,0.005777922442809391,dither_mag,-78.9010572379077,6,-4.5819530596072715,-8.809716548679988,0.9955140033952773,1.005782579872231,0.0,,,,,,,
206,210120,0,8,490,-0.16729308238870055,3.0355019965144647,255.99858344469658,258.394202504197,1.0093579387325708,0.9587277969771072,0.0,-75.92974091975735,-75.92974091975735,-75.92974091975735,-70.5090873954553,9.258464718793897,phase,-21.774419008283758,dither_phase,1.005249767726615,-21.774419008283758,-9.737340176801464,-0.43724958006453385,-0.46555632477530273,284.6875,-31.88774655650402,-33.19993372166075,6.859501078527136,6.487134540582435,-8.17795395487184,3.904777313250271,-1.6508229160916679,-8.620853137837166,2.9002988738079387,-1.7243942089430508,-8.17795395487184,3.904777313250273,-1.6508229160916679,-8.620853137837164,2.90029887380794,-1.7243942089430506,-14.638105558022357,-14.636088617442436,-0.9894403428167005,-8.17795395487184,3.904777313250271,-1.6508229160916679,-8.17795395487184,3.904777313250273,-1.6508229160916679,nan,-14.638105558022357,nan,-14.636088617442436,False,17.362035368702816,ae5b1e1ba39a6af6,,-0.16729308238870055,3.0355019965144647,0.005249767726615007,dither_mag,-75.92974091975735,7,-4.640769488744729,-7.753399089975318,0.9964285914204004,1.0048633835769107,0.0,,,,,,,
207,211140,0,7,1626,-2.276072590809578,-3.6140925598231837,255.33716023212088,256.7366372758781,1.0054808984422203,1.0132448305075892,0.0,-0.80653582576966,-0.80653582576966,-0.80653582576966,-13.777105700122746,14.79595684525458,phase,-23.796500239878355,dither_phase,1.0007461950990073,-23.796500239878355,-13.337453932721061,-0.3615063024849908,-0.3924417527968327,283.57142857142856,-31.44557493256333,-32.7484377923564,5.432797451079201,6.176330420518708,-7.551451204501398,4.117790703538446,-1.546752691777641,-6.681966716145121,4.940377430136606,-1.4023200525158008,-7.551451204501397,4.117790703538447,-1.5467526917776409,-6.681966716145123,4.940377430136607,-1.4023200525158013,-20.282567242250696,-20.09607955105424,1.0143671051321617,-7.551451204501398,4.117790703538446,-1.546752691777641,-7.551451204501397,4.117790703538447,-1.5467526917776409,nan,-20.282567242250696,nan,-20.09607955105424,False,18.68172531018304,b9f8db3b7f4bed18,,-2.276072590809578,-3.6140925598231837,0.0007461950990073074,dither_mag,-0.80653582576966,8,-5.440250167684069,-9.012209408483951,0.9965587091934004,1.0047322621959431,0.0,,,,,,,
208,212160,0,7,4362,0.0027407035573016394,1.770548645449062,257.30394621292146,258.6136811802075,1.005090224952097,1.0421222077282244,0.0,18.081753693127308,18.081753693127308,18.081753693127308,-42.22456326141622,13.115529708245939,phase,-17.404837125633396,dither_phase,1.0043121103525001,-17.404837125633396,-8.08178353625959,-0.3680886632263117,-0.3907149514896351,282.5,-34.182259586209796,-34.27741119148284,6.334382123484335,6.7026248338517735,-5.794163180823172,6.639743588085737,-1.2548443821965403,-7.094608738862879,2.788938351062899,-1.4708652390137673,-5.794163180823172,6.639743588085738,-1.2548443821965403,-7.0946087388628785,2.7889383510628996,-1.4708652390137673,-15.382970124148729,-15.078211477480256,-0.7626660384152432,-5.794163180823172,6.639743588085737,-1.2548443821965403,-5.794163180823172,6.639743588085738,-1.2548443821965403,nan,-15.382970124148729,nan,-15.078211477480256,False,17.81819397764872,780dc1ab31c1ba33,,0.0027407035573016394,1.770548645449062,0.00431211035250012,dither_mag,18.081753693127308,9,-5.439287608994645,-8.395436115514565,0.997310731640588,1.0039773271908654,0.0,,,,,,,
209,213180,0,8,258,-5.263186769151613,-5.342394826112063,256.5631821510281,257.59936209538245,1.0040386930644802,0.8410562407008798,0.0,50.858030431350215,50.858030431350215,50.858030431350215,-137.50356231110845,6.690460751712134,phase,-13.501773294639001,dither_phase,0.9975452031444619,-13.501773294639001,-3.3291589875234973,-0.38777614730053533,-0.40532845258356603,283.75,-33.84249250012417,-34.551115900151636,6.175013308646098,6.754154447282168,-6.837242135452247,4.267348604052507,-1.428113311536918,-7.077298816229112,4.102601464204449,-1.467989836582909,-6.837242135452247,4.267348604052506,-1.428113311536918,-7.077298816229111,4.102601464204451,-1.467989836582909,-15.963405121949654,-15.898335151523924,-0.6559586073365162,-6.837242135452247,4.267348604052507,-1.428113311536918,-6.837242135452247,4.267348604052506,-1.428113311536918,nan,-15.963405121949654,nan,-15.898335151523924,False,16.937243347167396,61169ae1c2a2577c,,-5.263186769151613,-5.342394826112063,-0.002454796855538066,dither_mag,50.858030431350215,10,-7.286370279179857,-10.2578668084178,0.9968822974721835,1.0044096866129335,0.0,,,,,,,
210,214200,0,8,3732,1.4651215138453115,0.09160230579531116,256.85488562629314,257.48235188788055,1.0024428823304545,1.0048765195708123,0.0,-143.29241564594676,-143.29241564594676,-143.29241564594676,-140.91186229118898,11.384864581472835,phase,-17.58500828260657,dither_phase,0.9997666944163155,-17.58500828260657,-6.288968215227122,-0.37455608226877785,-0.3974165930361664,286.375,-32.62728227593668,-33.32772165692066,6.736863088858719,6.911143149419052,-6.455799248930867,5.562973087149502,-1.3647507058024697,-6.528520822070468,3.1195374262725073,-1.3768307013406096,-6.455799248930866,5.562973087149503,-1.3647507058024695,-6.528520822070467,3.1195374262725073,-1.3768307013406091,-14.822242428053606,-14.725297960188259,0.5585731463696992,-6.455799248930867,5.562973087149502,-1.3647507058024697,-6.455799248930866,5.562973087149503,-1.3647507058024695,nan,-14.822242428053606,nan,-14.725297960188259,False,16.034948482846826,c24711696c91b401,,1.4651215138453115,0.09160230579531116,-0.0002333055836845066,dither_mag,-143.29241564594676,11,-6.771974014800242,-10.225946758804904,0.996841596286085,1.0044507047006161,0.0,,,,,,,
211,215220,0,8,3156,-2.5864975649583015,-0.3924588867922921,257.37116750006254,256.90822877641324,0.9982012797775835,0.9538619207593722,0.0,4.13176321479551,4.13176321479551,4.13176321479551,-37.48930635964956,13.929218092033539,phase,-19.69596419243615,dither_phase,0.9898672290019963,-19.69596419243615,-8.60305582236894,-0.3966853928533907,-0.4222901463035577,285.875,-33.07420660275723,-33.974583424317025,6.533672619219949,6.844251413220087,-7.4003975157443245,4.179572546482676,-1.5216607169010508,-6.958041720830489,5.024408296270614,-1.4481796878455964,-7.4003975157443245,4.179572546482676,-1.5216607169010508,-6.958041720830489,5.024408296270613,-1.4481796878455964,-15.186389263071135,-15.218344987581096,-0.735199689844385,-7.4003975157443245,4.179572546482676,-1.5216607169010508,-7.4003975157443245,4.179572546482676,-1.5216607169010508,nan,-15.186389263071135,nan,-15.218344987581096,False,15.003919302948292,c25c9e5a51c4fedd,,-2.5864975649583015,-0.3924588867922921,-0.010132770998003693,dither_mag,4.13176321479551,12,-7.680116442953491,-10.362698726556516,0.9950739619532061,1.006250064268728,0.0,,,,,,,
212,216240,0,8,3152,4.043433068087563,2.0420490573555528,256.09401897018057,256.36251277897674,1.0010484188966062,0.912589529845242,0.0,26.454181152693977,26.454181152693977,26.454181152693977,-75.2892434682423,10.372670655458892,phase,-19.81247082529605,dither_phase,1.0044537382196252,-19.81247082529605,-7.479788162368566,-0.43541415011967766,-0.4611703621925625,284.1875,-32.94117077602668,-33.610673684216096,6.667268451894782,6.304180618473155,-7.635852502108788,1.7459950554853896,-1.5607728408818586,-7.916764645077262,1.5356865285789398,-1.6074359875543627,-7.63585250210879,1.745995055485388,-1.5607728408818589,-7.9167646450772615,1.5356865285789398,-1.6074359875543625,-18.331845085075653,-18.404317854273618,1.6797127243477936,-7.635852502108788,1.7459950554853896,-1.5607728408818586,-7.63585250210879,1.745995055485388,-1.5607728408818589,nan,-18.331845085075653,nan,-18.404317854273618,False,14.934007128852386,1adb95494ff32941,,4.043433068087563,2.0420490573555528,0.004453738219625247,dither_mag,26.454181152693977,13,-6.2579090212531145,-9.652420838928405,0.9958495267669544,1.0054692662241176,0.0,,,,,,,
213,217260,0,8,814,0.32322854521497296,-1.5895589257138834,255.97023480668102,255.60513894749596,0.9985736784612446,0.9471017432496261,0.0,-20.599504584907304,-20.599504584907304,-20.599504584907304,-47.54022370186317,12.848328630064875,phase,-19.10097652862405,dither_phase,0.9945149348477053,-19.10097652862405,-5.435190579716342,-0.4394777767358151,-0.4643090462230264,284.375,-32.805131575891636,-34.025550822768366,6.550612555520802,6.517808353361172,-7.513595293384086,4.643050904324551,-1.540464334449184,-7.530753324466817,1.9435059647515815,-1.543314505725385,-7.513595293384086,4.64305090432455,-1.540464334449184,-7.530753324466817,1.9435059647515807,-1.543314505725385,-17.04684436740559,-16.755212197386147,0.8613815170389079,-7.513595293384086,4.643050904324551,-1.540464334449184,-7.513595293384086,4.64305090432455,-1.540464334449184,nan,-17.04684436740559,nan,-16.755212197386147,False,16.20650977664545,d5d2aba4789486c7,,0.32322854521497296,-1.5895589257138834,-0.0054850651522947436,dither_mag,-20.599504584907304,14,-6.144307530481191,-10.205740211970138,0.9948936243481197,1.0064397255325792,0.0,,,,,,,
214,218280,0,8,4850,-2.04519533154471,-4.18772167902603,255.51154099463938,255.2438265363203,0.9989522412284122,0.960665120790185,0.0,-10.85026437825553,-10.85026437825553,-10.85026437825553,-33.98320773457331,14.99643359569126,phase,-21.15225493301001,dither_phase,1.0031158915404874,-21.15225493301001,-10.349345099957036,-0.36909090166083675,-0.39658883307374976,284.5,-30.73132710804334,-33.31980155481841,5.534251592682796,6.376526969425866,-7.162286493777307,4.276768499982568,-1.4821073909929081,-6.887898026194614,4.607692895288816,-1.4365279113280092,-7.162286493777304,4.276768499982567,-1.482107390992908,-6.887898026194613,4.6076928952888165,-1.4365279113280092,-14.829811109900428,-14.765990642919602,1.2288916742059524,-7.162286493777307,4.276768499982568,-1.4821073909929081,-7.162286493777304,4.276768499982567,-1.482107390992908,nan,-14.829811109900428,nan,-14.765990642919602,False,16.525942975217383,521846e81d5c3c01,,-2.04519533154471,-4.18772167902603,0.0031158915404874143,dither_mag,-10.85026437825553,15,-6.863799894812776,-11.662064471113926,0.9954361209579833,1.0058926377191795,0.0,,,,,,,
215,219300,0,8,2638,-1.0646522172757575,-0.62492977455067,257.7820149311739,258.04705289548997,1.0010281476168414,0.8780929179100626,0.0,-77.70532843323012,-77.70532843323012,-77.70532843323012,-121.09685112137302,16.355806351871806,phase,-20.672242590391704,dither_phase,1.0012994577141732,-20.672242590391704,-8.003781895746096,-0.37675679429842845,-0.40363070966593767,283.8125,-31.708004814799317,-33.24513485519323,6.194988771329575,7.008880600311359,-6.628869656769521,3.9836315768684605,-1.3934999429849706,-6.865477066586783,4.257046715709149,-1.4328034994330203,-6.6288696567695204,3.9836315768684596,-1.3934999429849702,-6.865477066586783,4.257046715709149,-1.4328034994330203,-19.14094854081548,-18.93329804725729,0.3066803144667256,-6.628869656769521,3.9836315768684605,-1.3934999429849706,-6.6288696567695204,3.9836315768684596,-1.3934999429849702,nan,-19.14094854081548,nan,-18.93329804725729,False,17.050269570757337,bb68d56a286f44a8,,-1.0646522172757575,-0.62492977455067,0.001299457714173169,dither_mag,-77.70532843323012,16,-7.238136598294971,-11.879508572890717,0.9956624882085936,1.0056641894621794,0.0,,,,,,,
216,220320,0,8,4134,3.5393842638837256,3.800916425521492,258.2391336654171,258.30690930526805,1.0002624530174375,0.848054726697634,0.0,-15.203642610208139,-15.203642610208139,-15.203642610208139,-122.4508210051247,6.321821802242056,phase,-12.144395596865524,dither_phase,0.9951468510192316,-12.144395596865524,-4.027156043579167,-0.3724365228972515,-0.38822423717317667,285.5,-33.05502503690613,-35.374154166455334,7.067472705464748,6.532456626626997,-6.612937211249684,4.509899069146687,-1.390853357350446,-6.703895842675566,4.970122265144386,-1.4059627645640476,-6.612937211249684,4.509899069146689,-1.390853357350446,-6.703895842675567,4.970122265144385,-1.4059627645640478,-15.885563742346374,-15.623393420852317,0.6752553489121755,-6.612937211249684,4.509899069146687,-1.390853357350446,-6.612937211249684,4.509899069146689,-1.390853357350446,nan,-15.885563742346374,nan,-15.623393420852317,False,16.356921221839162,6d7919a16398121c,,3.5393842638837256,3.800916425521492,-0.004853148980768385,dither_mag,-15.203642610208139,17,-5.993955455558401,-10.55668057237897,0.9948168709903717,1.0065224664822392,0.0,,,,,,,
217,221340,0,8,5094,-3.0733652336749153,-4.430362393554114,256.8725924447486,259.3698522304263,1.009721783713515,1.0500578395367828,0.0,-68.75721000823624,-68.75721000823624,-68.75721000823624,-70.06693629368074,7.733184799528695,phase,-14.545166843335384,dither_phase,1.004289638356558,-14.545166843335384,-5.583639559478771,-0.37077503807838164,-0.38968375497471763,284.0625,-32.5876371947503,-34.06810150479767,5.499898302045287,6.549788534327945,-6.956065100345574,3.342714544170757,-1.4478513455723545,-6.95700182194528,4.1868120155889885,-1.44800694716699,-6.956065100345571,3.3427145441707578,-1.447851345572354,-6.957001821945279,4.186812015588989,-1.44800694716699,-17.917625915374384,-17.65645924781046,0.2989674685024051,-6.956065100345574,3.342714544170757,-1.4478513455723545,-6.956065100345571,3.3427145441707578,-1.447851345572354,nan,-17.917625915374384,nan,-17.65645924781046,False,16.440372845624577,77e8449cffa759b7,,-3.0733652336749153,-4.430362393554114,0.004289638356558045,dither_mag,-68.75721000823624,18,-7.0752377127796215,-12.097259038712986,0.9955636667966932,1.0057701107748216,0.0,,,,,,,
218,222360,0,8,4286,3.870490412878654,5.755277107248592,258.9856397609052,257.6293294214487,0.9947629901769509,1.0833910988100892,0.0,-29.095637814793225,-29.095637814793225,-29.095637814793225,-76.00314887332306,13.226840770053096,phase,-16.6969213469473,dither_phase,0.995425012092194,-16.6969213469473,-6.837709047263879,-0.365924319775241,-0.38763031752627247,285.25,-32.52734830943003,-34.65087068160327,6.897607964947182,6.907870212774137,-6.794372191531137,4.906515114845119,-1.4209920583938767,-6.719975943703897,4.516534711534342,-1.4086338776916774,-6.794372191531134,4.90651511484512,-1.4209920583938762,-6.719975943703894,4.5165347115343435,-1.408633877691677,-16.103883227521575,-15.978420755471017,-2.0887393261166682,-6.794372191531137,4.906515114845119,-1.4209920583938767,-6.794372191531134,4.90651511484512,-1.4209920583938762,nan,-16.103883227521575,nan,-15.978420755471017,False,16.972564817216433,2511d34281475506,,3.870490412878654,5.755277107248592,-0.004574987907805972,dither_mag,-29.095637814793225,19,-5.7145295133067595,-10.094468375163437,0.9947665957427101,1.0065790542480244,0.0,,,,,,,
219,223380,0,8,382,-3.392622115928835,-4.015107917117755,255.29235770564046,255.31819575334885,1.0001012096403534,0.8000637408728081,0.0,7.384205765883946,7.384205765883946,7.384205765883946,-159.5210419047718,9.784474767327195,phase,-20.946549333257877,dither_phase,0.9949705836733511,-20.946549333257877,-8.44819677733248,-0.4343489817452985,-0.46157949587853375,283.9375,-31.631373388571152,-33.83188056564403,6.680478291846828,6.741890316976029,-7.75624192092497,4.01850387041244,-1.5807710832101283,-7.4744806076105,2.1523553189638593,-1.5339668783406148,-7.75624192092497,4.01850387041244,-1.5807710832101283,-7.474480607610499,2.1523553189638607,-1.5339668783406144,-15.15752091643029,-15.296356553863466,-0.10741484857671124,-7.75624192092497,4.01850387041244,-1.5807710832101283,-7.75624192092497,4.01850387041244,-1.5807710832101283,nan,-15.15752091643029,nan,-15.296356553863466,False,16.043753400572115,76036b347ce87136,,-3.392622115928835,-4.015107917117755,-0.005029416326648883,dither_mag,7.384205765883946,20,-6.9081941836494,-11.490571110522906,0.9938910540550893,1.0074694709218432,0.0,20,-18.43076613213404,0.7293485434418149,-18.43076613213404,move+1:OK,1,35
220,224400,0,8,3102,0.05783867852719974,0.19199457589151053,255.53846502792803,257.28296222580633,1.006826749928578,0.4171078880698999,0.0,114.0595796261064,114.0595796261064,114.0595796261064,-68.83494414603636,-1.6163594504953622,phase,2.3876020654460217,dither_phase,0.9914280168274039,2.3876020654460217,-0.1700152343208436,-0.4133739780638667,-0.4102700953787869,284.625,-36.34817603266686,-37.58324738635685,6.499885982434441,6.605471546548875,-7.336332429837059,4.881731045919196,-1.5110186760526676,-7.110692243664285,4.634796311827455,-1.473536917552207,-7.336332429837059,4.881731045919197,-1.5110186760526676,-7.110692243664286,4.634796311827454,-1.4735369175522073,-19.863114863294584,-19.752496850913378,-0.4709171281665525,-7.336332429837059,4.881731045919196,-1.5110186760526676,-7.336332429837059,4.881731045919197,-1.5110186760526676,nan,-19.863114863294584,nan,-19.752496850913378,False,15.035202279368695,8ae6006deab225fc,,0.05783867852719974,0.19199457589151053,-0.00857198317259611,dither_mag,114.0595796261064,1,-6.887826219372102,-11.423871221839885,0.9924001210117073,1.0089938397725182,0.0,,,,,,,
221,225420,0,7,2930,5.078104359320932,5.451631945560614,255.75394860756916,259.5201680526221,1.0147259483795181,0.12919027429744406,0.0,137.06390442621728,137.06390442621728,137.06390442621728,-72.24008549035591,-3.941654699339996,phase,4.916073101312078,dither_phase,1.0171133510691295,4.916073101312078,1.2454750690142367,-0.38455638267438924,-0.37816548764268354,282.8571428571429,-41.75505411151531,-35.740775972444105,6.714881722099195,6.143474874254785,-6.567406341846241,3.3769100516285224,-1.3832900900076814,-6.845600734095219,3.7424847142312356,-1.4295017830722956,-6.567406341846241,3.376910051628521,-1.3832900900076814,-6.845600734095219,3.7424847142312356,-1.4295017830722956,-17.73772947908273,-18.253139787346253,-0.13270067156976406,-6.567406341846241,3.3769100516285224,-1.3832900900076814,-6.567406341846241,3.376910051628521,-1.3832900900076814,nan,-17.73772947908273,nan,-18.253139787346253,False,13.716722952899108,2eed4dfb3123002f,,5.078104359320932,5.451631945560614,0.01711335106912948,dither_mag,137.06390442621728,2,-5.0968787092585295,-9.532807960862597,0.9953721970542934,1.006022910806753,0.0,,,,,,,
222,226440,0,8,6002,-2.516421643585076,-2.733557444433945,257.534279091762,257.65118682705594,1.0004539501914316,0.8930807193762835,0.0,-57.15137747244021,-57.15137747244021,-57.15137747244021,-100.8643361787641,-1.828862740773993,phase,-0.9621276735372479,dither_phase,0.9908891646424189,-0.9621276735372479,0.8141340498409511,-0.37308390128870506,-0.3743346672643035,285.25,-36.81338708847645,-41.41177284669269,6.237038110203924,6.709595069685444,-6.520369674930877,4.108191934166979,-1.3754766901878535,-6.819439276059218,4.522523296145815,-1.4251560259234584,-6.520369674930878,4.108191934166978,-1.3754766901878535,-6.8194392760592155,4.522523296145815,-1.4251560259234577,-12.338226979027718,-12.160187065746964,0.19317130169488728,-6.520369674930877,4.108191934166979,-1.3754766901878535,-6.520369674930878,4.108191934166978,-1.3754766901878535,nan,-12.338226979027718,nan,-12.160187065746964,False,16.478910920058805,089fced222088477,,-2.516421643585076,-2.733557444433945,-0.00911083535758106,dither_mag,-57.15137747244021,3,-5.981721161018045,-10.483825174560687,0.9937851794180901,1.0076416580398848,0.0,,,,,,,
223,227460,0,8,6150,3.5221944623997423,6.029551520315131,258.86981483382806,260.6112654721082,1.0067271289987902,0.9362394776988061,0.0,57.16501139503721,57.16501139503721,57.16501139503721,-81.48282379722666,-5.509469285770026,phase,3.5067412896376227,dither_phase,1.0023591049641887,3.5067412896376227,3.8275562030697463,-0.3950797034966117,-0.3905209398200828,285.875,-37.789803885751645,-38.61977090987678,7.166365586497291,7.056424425845318,-6.325295201966138,5.09701463682675,-1.343072292685405,-6.449697885951435,4.028038349550534,-1.3637371903573814,-6.325295201966138,5.097014636826749,-1.343072292685405,-6.4496978859514345,4.0280383495505365,-1.3637371903573814,-15.156972408078628,-14.915852639712234,-2.3324400622117993,-6.325295201966138,5.09701463682675,-1.343072292685405,-6.325295201966138,5.097014636826749,-1.343072292685405,nan,-15.156972408078628,nan,-14.915852639712234,False,17.891408648284834,c38a7d86e1741945,,3.5221944623997423,6.029551520315131,0.002359104964188674,dither_mag,57.16501139503721,4,-4.741243754661718,-8.389486363464448,0.9941954570393579,1.00722663893693,0.0,,,,,,,
224,228480,0,8,2626,1.8968358733227166,0.5265979259756629,255.96074795726324,257.1883599730811,1.0047960948138144,1.0017306840575033,0.0,-43.640631183260616,-43.640631183260616,-43.640631183260616,-37.88297184409358,-2.4351312780261756,phase,-0.7103109281470809,dither_phase,0.9972511059337487,-0.7103109281470809,-0.29926098993864736,-0.4362178662623244,-0.4371412704689156,285.9375,-36.31016196923299,-41.18996688329535,6.404083588848034,6.6498032969970575,-7.134160053276232,5.552150276035052,-1.4774352247967164,-7.456124973419237,4.482280721235968,-1.5309177696709697,-7.134160053276233,5.552150276035053,-1.4774352247967164,-7.456124973419238,4.482280721235968,-1.5309177696709697,-17.257536337490816,-17.506503764477916,0.2014333789650699,-7.134160053276232,5.552150276035052,-1.4774352247967164,-7.134160053276233,5.552150276035053,-1.4774352247967164,nan,-17.257536337490816,nan,-17.506503764477916,False,16.878542948289823,0645d7f9bc159998,,1.8968358733227166,0.5265979259756629,-0.0027488940662513395,dither_mag,-43.640631183260616,5,-4.073475107196787,-8.206499469585221,0.9937171928906617,1.0077125074208726,0.0,,,,,,,
225,229500,0,7,1234,-4.349028031092488,-5.082398565682785,254.49326718677398,255.9563732501693,1.005749095367311,0.9721339731142515,0.0,-74.35885018249945,-74.35885018249945,-74.35885018249945,-70.03452136792146,1.5138997400081342,phase,-7.530747447820084,dither_phase,0.9956109265489359,-7.530747447820084,-5.431281515269304,-0.4458878597539793,-0.45567783143614543,286.14285714285717,-34.515517383077274,-37.60140669781243,5.185191002754278,5.844834566694956,-7.489994147979862,2.5171205189581776,-1.5365438784019705,-7.21352747253313,2.12238591549967,-1.4906191814839087,-7.489994147979861,2.5171205189581776,-1.5365438784019703,-7.213527472533131,2.122385915499669,-1.490619181483909,-18.116559467027624,-17.937649832413396,-0.9373489903525716,-7.489994147979862,2.5171205189581776,-1.5365438784019705,-7.489994147979861,2.5171205189581776,-1.5365438784019703,nan,-18.116559467027624,nan,-17.937649832413396,False,17.151250942602715,d144922c9734e7cd,,-4.349028031092488,-5.082398565682785,-0.004389073451064096,dither_mag,-74.35885018249945,6,-5.6052588196779025,-9.971724655230396,0.9929539307845549,1.0084899313287163,0.0,,,,,,,
226,230520,0,8,902,-2.998463874952831,-2.4236789874106996,252.31260466973768,255.25969322586943,1.0116803064991118,0.9413200246801056,0.0,-36.94090200079181,-36.94090200079181,-36.94090200079181,-48.860805208239654,-1.450362282727,phase,6.940108920690737,dither_phase,0.9970817573733607,6.940108920690737,-1.174879403001002,-0.46627224955420793,-0.45725010795730997,286.625,-37.114470398836524,-35.6439731001802,5.550264321090577,6.0193148479814464,-7.744688547129478,4.836850285373375,-1.5788519181278202,-7.7630488435888525,4.958692946184499,-1.581901801260607,-7.744688547129478,4.836850285373376,-1.5788519181278202,-7.7630488435888525,4.958692946184501,-1.581901801260607,-17.872258703324487,-18.0641668463131,-1.2988535187660069,-7.744688547129478,4.836850285373375,-1.5788519181278202,-7.744688547129478,4.836850285373376,-1.5788519181278202,nan,-17.872258703324487,nan,-18.0641668463131,False,17.218786012542886,d2d362f140b7ad1b,,-2.998463874952831,-2.4236789874106996,-0.0029182426266393113,dither_mag,-36.94090200079181,7,-6.662168232790641,-10.81287102589976,0.9924468366993116,1.0090064669084378,0.0,,,,,,,
227,231540,0,7,2674,2.3319208049259257,4.162526043529562,255.28936217967868,256.85977300408007,1.0061514933916287,0.9346583073272863,0.0,143.30207431532614,143.30207431532614,143.30207431532614,-154.80925106867954,6.699666389444236,phase,-10.05265138898874,dither_phase,0.999276658699151,-10.05265138898874,-8.666372450944797,-0.435317237193558,-0.4483856839992434,285.5,-35.008281852398184,-37.591612250028476,6.196507254389509,6.490127129806536,-7.6689501299631635,2.405142014060053,-1.566270785708167,-7.7288421144878425,4.875685025816642,-1.576219620346818,-7.668950129963166,2.4051420140600515,-1.5662707857081672,-7.728842114487842,4.87568502581664,-1.5762196203468177,-19.046932081092184,-19.361460063982584,0.2073809183196602,-7.6689501299631635,2.405142014060053,-1.566270785708167,-7.668950129963166,2.4051420140600515,-1.5662707857081672,nan,-19.046932081092184,nan,-19.361460063982584,False,16.521688071448168,492df994c18e91a3,,2.3319208049259257,4.162526043529562,-0.0007233413008489453,dither_mag,143.30207431532614,8,-5.83978435131392,-9.368991166834842,0.9923212080867824,1.0091342841727533,0.0,,,,,,,
228,232560,0,8,922,-4.748470973459941,-3.853388177963451,257.69173215493385,260.690192541617,1.0116358424137581,1.1913831949709957,0.0,0.549671759935832,0.549671759935832,0.549671759935832,-153.83669615066728,0.9077485248683186,phase,-0.7526258657146135,dither_phase,0.9993922182910226,-0.7526258657146135,-4.362135251415337,-0.4492898803215858,-0.4502682939470148,285.625,-39.09281941157341,-37.354200329709606,6.054421356263736,6.703562309017537,-7.258602043936432,5.070860882127276,-1.4981066518166832,-7.3959278496001035,4.4808593970860935,-1.5209182474418779,-7.258602043936431,5.070860882127278,-1.498106651816683,-7.3959278496001035,4.480859397086092,-1.5209182474418779,-20.022551196875362,-19.33136605607051,0.3846691392320478,-7.258602043936432,5.070860882127276,-1.4981066518166832,-7.258602043936431,5.070860882127278,-1.498106651816683,nan,-20.022551196875362,nan,-19.33136605607051,False,17.502761547275714,5ee08e29cbe77eb7,,-4.748470973459941,-3.853388177963451,-0.0006077817089773507,dither_mag,0.549671759935832,9,-7.514609828354046,-10.705469258442646,0.9922156630178339,1.0092416827856348,0.0,,,,,,,
229,233580,0,7,5522,9.647256495658315,10.46799191513863,255.44372787185193,258.46515166538813,1.0118281385051346,0.9238190330539762,0.0,11.546130767311695,11.546130767311695,11.546130767311695,-63.3624490493722,-1.2709242001836156,phase,-2.6932386130444734,dither_phase,1.0008477581102866,-2.6932386130444734,-4.679286841199491,-0.3770482456600517,-0.3805494558570095,284.3571428571429,-34.06266646441027,-36.75524118691853,6.971036090786865,7.029444066645285,-6.621669044655444,3.7648549275421743,-1.3923038280158546,-6.491667106106503,4.848724783531726,-1.370708821612376,-6.621669044655442,3.7648549275421734,-1.3923038280158544,-6.491667106106503,4.8487247835317255,-1.370708821612376,-17.19826464815895,-16.756035248619234,-0.3457456984397407,-6.621669044655444,3.7648549275421743,-1.3923038280158546,-6.621669044655442,3.7648549275421734,-1.3923038280158544,nan,-17.19826464815895,nan,-16.756035248619234,False,16.27744822099212,bc8a105864735a0f,,9.647256495658315,10.46799191513863,0.0008477581102865894,dither_mag,11.546130767311695,10,-4.111579721763478,-7.075221684654397,0.9923628658210424,1.009092080868055,0.0,,,,,,,
230,234600,0,8,4258,6.375018162952051,6.31966285666541,256.2206757513109,257.24364027334394,1.003992513558999,1.0303149404292984,0.0,-69.407237415123,-69.407237415123,-69.407237415123,-69.98222580811809,0.21517994134933308,phase,-3.1334247627339105,dither_phase,0.9995309465131172,-3.1334247627339105,-3.8872678563655554,-0.38528044352658136,-0.38935389571813545,285.875,-36.98217498624697,-43.965156321043835,6.671210719162706,6.318831983122164,-6.790309533390021,5.114893416275144,-1.420317198237545,-6.803035902765999,4.949108667352085,-1.4224312130840533,-6.79030953339002,5.114893416275144,-1.420317198237545,-6.803035902765999,4.949108667352085,-1.4224312130840533,-20.27302556699192,-20.702709967725916,-1.0314474551321036,-6.790309533390021,5.114893416275144,-1.420317198237545,-6.79030953339002,5.114893416275144,-1.420317198237545,nan,-20.27302556699192,nan,-20.702709967725916,False,16.927672402603815,8d78957ab6b1661d,,6.375018162952051,6.31966285666541,-0.0004690534868827534,dither_mag,-69.407237415123,11,-1.8631518191462604,-4.883269095025353,0.9922814083501107,1.009174950416151,0.0,,,,,,,
231,235620,0,8,1654,-0.7973128445277761,-3.313522581557625,257.3362942694847,260.2302723300957,1.0112458993350562,0.9987893728518538,0.0,1.4777194648728933,1.4777194648728933,1.4777194648728933,-14.867924878777712,-0.22524831650140043,phase,-2.5243689383343577,dither_phase,0.9983545994771221,-2.5243689383343577,-3.4007135685676246,-0.4424990080111142,-0.44578068763094886,285.6875,-34.506154048967,-39.38110044464882,6.534297639139529,6.726892506153279,-7.6441622321891245,4.946766789334453,-1.5621531947158014,-7.797200700969134,3.8617926963189535,-1.5875748672706205,-7.6441622321891245,4.946766789334454,-1.5621531947158014,-7.797200700969135,3.861792696318952,-1.5875748672706205,-15.271382782471667,-15.343935895535052,0.8279698844034513,-7.6441622321891245,4.946766789334453,-1.5621531947158014,-7.6441622321891245,4.946766789334454,-1.5621531947158014,nan,-15.271382782471667,nan,-15.343935895535052,False,19.527172130558363,552490516f755fd3,,-0.7973128445277761,-3.313522581557625,-0.0016454005228778712,dither_mag,1.4777194648728933,12,-2.1443820157784037,-6.03245824509981,0.991995685789186,1.009466016309565,0.0,,,,,,,
232,236640,0,8,398,-14.116711646461804,-15.403652337356458,254.8061004750347,256.8451163702176,1.0080022255800847,1.0387351068844706,0.0,71.88143099987958,71.88143099987958,71.88143099987958,-88.17214584040428,-4.048842156643824,phase,0.6074698350494456,dither_phase,0.9993672696394235,0.6074698350494456,-2.0640037230242316,-0.4477279171005106,-0.4469382063149463,286.4375,-36.677073592169165,-38.72235589393499,5.527407845150055,5.820597352250445,-7.87782909470073,3.6692908645367304,-1.6009682881562677,-8.239240359725907,4.394626088808428,-1.6610033820142702,-7.877829094700733,3.6692908645367295,-1.600968288156268,-8.239240359725907,4.394626088808425,-1.6610033820142702,-15.485603136659185,-15.530793875501805,0.4381494028532771,-7.87782909470073,3.6692908645367304,-1.6009682881562677,-7.877829094700733,3.6692908645367295,-1.600968288156268,nan,-15.485603136659185,nan,-15.530793875501805,False,16.15809717789186,3d77056e64dc018f,,-14.116711646461804,-15.403652337356458,-0.0006327303605765389,dither_mag,71.88143099987958,13,-7.125098310255955,-11.37318119264821,0.9918858442762929,1.0095778630427745,0.0,,,,,,,
233,237660,0,8,1710,5.290155348691447,7.1493403022468085,252.44964067804645,255.06094171415245,1.0103438492884853,1.1392124887113153,0.0,-0.6333060755425972,-0.6333060755425972,-0.6333060755425972,-73.15434455908651,-1.0229643250788594,phase,-0.7492727049015832,dither_phase,1.008953313049721,-0.7492727049015832,-3.432951090941875,-0.37727276414003547,-0.3782468186564075,283.125,-35.50697313259653,-36.97704398221721,5.828664934435009,6.247446249148237,-7.040892430841817,4.083943652956403,-1.4619422642594382,-6.997169555718537,3.733005788960224,-1.4546793281924482,-7.040892430841814,4.083943652956404,-1.4619422642594377,-6.997169555718539,3.733005788960224,-1.4546793281924484,-17.042299483352387,-17.180418081960024,-1.7048271248172284,-7.040892430841817,4.083943652956403,-1.4619422642594382,-7.040892430841814,4.083943652956404,-1.4619422642594377,nan,-17.042299483352387,nan,-17.180418081960024,False,19.64362605682817,9dc4674e0a2b9565,,5.290155348691447,7.1493403022468085,0.008953313049721023,dither_mag,-0.6333060755425972,14,-5.258397234999707,-8.89465110855467,0.9934399605591366,1.008010063379181,0.0,,,,,,,
234,238680,0,7,3948,-2.301405759493041,-0.7865995355236738,255.83608453633545,257.4462115269328,1.0062935883087623,1.0477241769174888,0.0,-86.07146933086193,-86.07146933086193,-86.07146933086193,-88.77056556902298,-1.9484565290120224,phase,5.130560649996456,dither_phase,1.0030921739524172,5.130560649996456,3.4048233058957234,-0.4615535990412448,-0.45488387019624943,288.0,-38.62736953356476,-41.55859381852227,6.498928955691207,6.709849468414689,-7.863665979441273,1.734923070023706,-1.5986156112028695,-7.599122103690332,1.9302841866874578,-1.5546714457957362,-7.863665979441273,1.734923070023707,-1.5986156112028695,-7.599122103690333,1.9302841866874567,-1.5546714457957367,-15.48507422527324,-15.741743068984492,-0.32348636526038893,-7.863665979441273,1.734923070023706,-1.5986156112028695,-7.863665979441273,1.734923070023707,-1.5986156112028695,nan,-15.48507422527324,nan,-15.741743068984492,False,16.045450905568483,79252638d47521bf,,-2.301405759493041,-0.7865995355236738,0.003092173952417232,dither_mag,-86.07146933086193,15,-6.069208202749797,-9.167773220560534,0.9939775411637698,1.0074662799214178,0.0,,,,,,,
235,239700,0,8,6734,5.204342028543753,0.8070878396721278,252.66540132090128,252.431468952311,0.9990741416617894,0.9417402531846444,0.0,-92.49443724131935,-92.49443724131935,-92.49443724131935,-102.14508532256112,0.9781782957660404,phase,-2.290693868999357,dither_phase,0.9957413144189416,-2.290693868999357,-0.2924446792093106,-0.4594971153107879,-0.46247501734048707,285.5625,-37.97236853235383,-43.70565753080467,6.058637269536314,5.59953281327016,-7.657252264953271,3.646111924410005,-1.564327618763002,-7.24590584886538,5.146102162722354,-1.4959976493131861,-7.657252264953268,3.646111924410005,-1.5643276187630013,-7.245905848865383,5.14610216272235,-1.4959976493131868,-15.99268663472368,-16.10309413168212,1.8854174198303522,-7.657252264953271,3.646111924410005,-1.564327618763002,-7.657252264953268,3.646111924410005,-1.5643276187630013,nan,-15.99268663472368,nan,-16.10309413168212,False,15.837181652042446,2658af2530f7533c,,5.204342028543753,0.8070878396721278,-0.004258685581058352,dither_mag,-92.49443724131935,16,-4.236651998454034,-8.887385926697679,0.993236759544841,1.0082203255355502,0.0,,,,,,,
236,240720,0,8,5094,5.863393101505039,7.784186085717058,257.29877830583814,259.024580320756,1.0067073851896275,0.9150403135182437,0.0,113.31403868061955,113.31403868061955,113.31403868061955,-134.56511786756448,-1.9769079972863626,phase,0.5097277509383056,dither_phase,1.0004824885956232,0.5097277509383056,-1.0280806644927267,-0.3836203084133335,-0.3829576623371137,286.5,-35.23759951829375,-38.024284559660366,7.117122854574033,7.232857169492002,-6.869932321051965,4.183604137535309,-1.4335435749255758,-7.237683872104574,3.734661990289366,-1.4946318724426204,-6.869932321051964,4.18360413753531,-1.4335435749255754,-7.237683872104576,3.7346619902893656,-1.4946318724426206,-13.79819761285148,-13.819514059460019,-2.1429711924137416,-6.869932321051965,4.183604137535309,-1.4335435749255758,-6.869932321051964,4.18360413753531,-1.4335435749255754,nan,-13.79819761285148,nan,-13.819514059460019,False,16.432266179158,3eae32005e7a4a09,,5.863393101505039,7.784186085717058,0.00048248859562316504,dither_mag,113.31403868061955,17,-2.170490465661797,-6.185134185686825,0.9933206239914569,1.0081352369982335,0.0,,,,,,,
237,241740,0,8,6790,-9.101640794851178,-8.852972328920306,256.6940519800525,257.2604039912215,1.0022063308705456,1.1400403252553428,0.0,53.20723850206786,53.20723850206786,53.20723850206786,-127.27123228033228,0.4167427285948724,phase,3.7701603987293755,dither_phase,0.9979594323863387,3.7701603987293755,-0.3735969054558244,-0.3972485612495009,-0.39234735273115273,285.8125,-36.88678658496829,-41.414060348351846,6.143307405712246,6.441393623501586,-7.300166590445688,3.5855841640463337,-1.5050110615358285,-7.0900685476610805,4.034894012440407,-1.4701110544287512,-7.3001665904456905,3.585584164046333,-1.5050110615358292,-7.090068547661078,4.034894012440407,-1.4701110544287506,-16.87982074557818,-17.041655341929435,-0.9738085512052068,-7.300166590445688,3.5855841640463337,-1.5050110615358285,-7.3001665904456905,3.585584164046333,-1.5050110615358292,nan,-16.87982074557818,nan,-17.041655341929435,False,16.044831995832993,78979a67aeb53e42,,-9.101640794851178,-8.852972328920306,-0.002040567613661337,dither_mag,53.20723850206786,18,-5.377485469346841,-9.258670554029772,0.9929659098597796,1.008495977533779,0.0,,,,,,,
238,242760,0,8,1810,7.4083387307022885,7.488422718904208,254.72060383530012,256.9630055408869,1.0088033777865755,0.9303243958962649,0.0,33.603351866475286,33.603351866475286,33.603351866475286,-17.80337075307719,-1.9823078343083314,phase,-0.9575095024401723,dither_phase,1.0041409929155976,-0.9575095024401723,-2.449711684680562,-0.4532590128727715,-0.4545037752259437,284.75,-36.00174956726753,-38.02565039787153,6.478726574493359,6.589077044983363,-7.002285060776918,2.358380171154658,-1.4555290798632756,-6.904700565963584,2.4804651491754077,-1.4393190308909607,-7.002285060776919,2.358380171154658,-1.4555290798632758,-6.904700565963587,2.480465149175405,-1.4393190308909614,-13.410187299077007,-13.112698778865479,-1.1600435481411229,-7.002285060776918,2.358380171154658,-1.4555290798632756,-7.002285060776919,2.358380171154658,-1.4555290798632758,nan,-13.410187299077007,nan,-13.112698778865479,False,18.311802322002485,e02956d7d331bf47,,7.4083387307022885,7.488422718904208,0.004140992915597552,dither_mag,33.603351866475286,19,-2.7661988884087734,-6.659802526786018,0.9936854861994575,1.007768160845314,0.0,,,,,,,
239,243780,0,8,7014,1.5066248296035543,3.4992759313176727,255.94222406280875,258.58588792001757,1.0103291430981707,0.9814681047825577,0.0,74.04546374371101,74.04546374371101,74.04546374371101,-89.78647934648099,-8.588040049684738,phase,-0.7569935186052107,dither_phase,1.0124648044300888,-0.7569935186052107,-0.28150066118609285,-0.375437000782061,-0.37642109235624777,282.3125,-38.39601277485133,-36.48100388448213,6.922508067151954,6.892042986180216,-6.874015191882301,4.188545480742424,-1.4342217926714789,-6.854062549221714,4.229164817731446,-1.4309074002029427,-6.874015191882301,4.188545480742425,-1.4342217926714789,-6.854062549221716,4.229164817731446,-1.430907400202943,-17.30960109850075,-17.150732085224742,-1.8586896533994257,-6.874015191882301,4.188545480742424,-1.4342217926714789,-6.874015191882301,4.188545480742425,-1.4342217926714789,nan,-17.30960109850075,nan,-17.150732085224742,False,15.820728504864796,81e57639d71e17ae,,1.5066248296035543,3.4992759313176727,0.012464804430088794,dither_mag,74.04546374371101,20,-2.2355292774657007,-5.444496642410916,0.995853052868294,1.0055969389207122,0.0,20,-0.2672760600733395,0.9184872402397977,-0.2672760600733395,inside-deadband,,
240,244800,0,8,5310,-6.4874555568569106,-5.3351979358251445,259.11612419708,258.67381152877357,0.9982929944260435,0.906706180968943,0.0,-57.500344555766866,-57.500344555766866,-57.500344555766866,-93.81895066122783,-2.000406928187678,phase,-0.00035837337990336673,dither_phase,0.9820504741660517,-0.00035837337990336673,2.6001123869943115,-0.37776427525252737,-0.37776474113792124,287.3125,-33.0604252623674,-35.79223174224922,5.670903501503787,6.078853269856282,-6.721128557056682,5.511728517215092,-1.4088253417037677,-6.60018826457284,5.128088997750582,-1.3887355921217344,-6.721128557056679,5.511728517215094,-1.4088253417037675,-6.600188264572841,5.128088997750582,-1.3887355921217344,-15.447926276397146,-15.499291485212016,-1.0875075741673008,-6.721128557056682,5.511728517215092,-1.4088253417037677,-6.721128557056679,5.511728517215094,-1.4088253417037675,nan,-15.447926276397146,nan,-15.499291485212016,False,15.545336173084156,ff4c551380699d09,,-6.4874555568569106,-5.3351979358251445,-0.017949525833948266,dither_mag,-57.500344555766866,1,-4.515594030352708,-7.301422817567095,0.9927249121009207,1.0088134211932547,0.0,,,,,,,
241,245820,0,8,6518,-7.223138568324686,-6.715580671987539,256.833756891299,259.73381721227366,1.0112915854834537,1.1466633637662613,0.0,-60.59753015935308,-60.59753015935308,-60.59753015935308,-128.99202128800283,-4.998761547868346,phase,0.5998203830958316,dither_phase,1.0093839454841615,0.5998203830958316,-2.0984290194438713,-0.38110452836111064,-0.38032476186308606,285.1875,-37.78301324395704,-36.31850648557286,6.681601183915246,7.073636118201475,-7.2170780379257495,4.650277241460606,-1.4912089763996264,-6.74235519369669,4.756404704878461,-1.4123513610791845,-7.21707803792575,4.650277241460604,-1.4912089763996264,-6.742355193696689,4.756404704878461,-1.4123513610791842,-15.724748286490604,-15.547351547465077,0.3165178906934085,-7.2170780379257495,4.650277241460606,-1.4912089763996264,-7.21707803792575,4.650277241460604,-1.4912089763996264,nan,-15.724748286490604,nan,-15.547351547465077,False,15.570420159992297,b85104060e9e1695,,-7.223138568324686,-6.715580671987539,0.009383945484161549,dither_mag,-60.59753015935308,2,-7.062219453062593,-9.631341498085295,0.9943551554807075,1.0071721589329017,0.0,,,,,,,
242,246840,0,8,5018,-2.7140399084596445,-3.5606810825699045,255.33780317784974,256.5797854823782,1.004864075311494,1.0201846394274472,0.0,19.22689624376642,19.22689624376642,19.22689624376642,-32.7581633786628,-1.3102628011142115,phase,0.29310567036755497,dither_phase,0.9950607513800772,0.29310567036755497,-0.4186584808726796,-0.44397229985748327,-0.44359126248600544,287.0625,-34.790651993859946,-39.73378601053822,5.143695149358849,6.381166680201239,-6.760611385350738,5.655471842157608,-1.41538395105494,-7.177663780415457,5.016584000344956,-1.484661757544096,-6.760611385350739,5.655471842157608,-1.41538395105494,-7.177663780415457,5.016584000344954,-1.484661757544096,-17.424491014092105,-17.47810985930612,0.9712592822614816,-6.760611385350738,5.655471842157608,-1.41538395105494,-6.760611385350739,5.655471842157608,-1.41538395105494,nan,-17.424491014092105,nan,-17.47810985930612,False,16.512074355973567,a9d94ccccd4507e0,,-2.7140399084596445,-3.5606810825699045,-0.004939248619922787,dither_mag,19.22689624376642,3,-8.017525977824011,-10.868705307088767,0.9934956661980588,1.0080470481249422,0.0,,,,,,,
243,247860,0,8,1074,2.21966070975307,3.1606024629178364,257.79082836557745,259.4907525939151,1.006594199798012,0.9695233622486724,0.0,-7.315371529356428,-7.315371529356428,-7.315371529356428,-23.748094385767722,-4.104638394325938,phase,-1.137278630996296,dither_phase,1.0014165518963702,-1.137278630996296,0.5283510831519569,-0.39116596575549323,-0.3926444279757884,285.0,-37.31082781297478,-38.9473690810335,6.635993173710569,6.998755401061096,-6.485484363922441,4.816739433147069,-1.3696817880269838,-6.938319011407085,3.8643558645373184,-1.4449034902669577,-6.48548436392244,4.816739433147069,-1.3696817880269836,-6.938319011407085,3.8643558645373184,-1.4449034902669577,-17.929051248335497,-18.418733478777412,0.4160161067707562,-6.485484363922441,4.816739433147069,-1.3696817880269838,-6.48548436392244,4.816739433147069,-1.3696817880269836,nan,-17.929051248335497,nan,-18.418733478777412,False,18.521378395694544,701c65f9e48847e5,,2.21966070975307,3.1606024629178364,0.001416551896370244,dither_mag,-7.315371529356428,4,-7.235558552252273,-9.771325116274365,0.9937419503778069,1.007797510190787,0.0,,,,,,,
244,248880,0,8,2838,2.6521898277293454,1.3820180378433786,255.9993328398537,257.03268711578386,1.004036550659984,1.0466332763476975,0.0,-26.905872614467487,-26.905872614467487,-26.905872614467487,-43.96817388941116,-1.4699123378928511,phase,-3.4607801003324523,dither_phase,0.9952574535283817,-3.4607801003324523,-2.236170866537788,-0.4106498673206623,-0.41514888145109446,283.375,-36.174446841406926,-38.126548322898664,6.598040703062504,6.558108127791254,-7.131498843934012,4.594045778360524,-1.4769931634441882,-7.3399236747389205,4.3431091647281255,-1.511615228361947,-7.131498843934011,4.594045778360526,-1.476993163444188,-7.339923674738921,4.343109164728126,-1.511615228361947,-15.64455500721846,-15.751833196535648,-0.5690243467001856,-7.131498843934012,4.594045778360524,-1.4769931634441882,-7.131498843934011,4.594045778360526,-1.476993163444188,nan,-15.64455500721846,nan,-15.751833196535648,False,15.028022195064295,b5dd8aa9dde02479,,2.6521898277293454,1.3820180378433786,-0.004742546471618314,dither_mag,-26.905872614467487,5,-6.3014463922973105,-9.291361325578343,0.9929171985862257,1.0086379129821406,0.0,,,,,,,
245,249900,0,8,7134,1.9748590799780246,-0.02132126845186022,254.2426216205044,256.85260394933863,1.0102657151354033,0.8488813258533469,0.0,-58.0434381291354,-58.0434381291354,-58.0434381291354,-126.80959769383331,-0.26908191562036166,phase,0.7665252508927305,dither_phase,0.9985521763723979,0.7665252508927305,-1.486459305108031,-0.4490289689519828,-0.44803248612582225,284.8125,-39.26047260255905,-38.29512833422348,6.312799250205371,6.463354414050935,-7.81915150390633,1.8339996403401724,-1.5912211800508853,-7.347372373175873,5.156287315460793,-1.5128525536837,-7.81915150390633,1.8339996403401704,-1.5912211800508853,-7.347372373175873,5.156287315460796,-1.5128525536837,-15.289271946278873,-15.270599078434564,0.4307153885033459,-7.81915150390633,1.8339996403401724,-1.5912211800508853,-7.81915150390633,1.8339996403401704,-1.5912211800508853,nan,-15.289271946278873,nan,-15.270599078434564,False,16.09728579308434,cd4e9cad41e5024a,,1.9748590799780246,-0.02132126845186022,-0.0014478236276020962,dither_mag,-58.0434381291354,6,-5.605315154993252,-9.29875986162592,0.9926656240146619,1.0088938412364836,0.0,,,,,,,
246,250920,0,8,1942,-7.0757386129897935,-5.701501370954035,256.594713394874,258.3449098714051,1.0068208594533188,0.9865412612588592,0.0,-192.1491558640778,-192.1491558640778,-192.1491558640778,-181.188605343438,6.984005971917285,phase,-3.783435823561537,dither_phase,1.0085169624368244,-3.783435823561537,-3.0744503330961055,-0.40190757500002394,-0.40682604157065394,284.1875,-36.976655029610455,-38.19768562980468,5.262787561670958,6.1888188077284,-6.547719258014991,3.6819512857785157,-1.3800198103014936,-6.591121231547685,4.745296294548252,-1.3872294404564263,-6.547719258014993,3.6819512857785153,-1.380019810301494,-6.591121231547685,4.745296294548253,-1.3872294404564263,-14.895116579077301,-14.690091317963365,-0.9223756502488509,-6.547719258014991,3.6819512857785157,-1.3800198103014936,-6.547719258014993,3.6819512857785153,-1.380019810301494,nan,-14.895116579077301,nan,-14.690091317963365,False,19.117516124725963,f31732b9279437ed,,-7.0757386129897935,-5.701501370954035,0.008516962436824427,dither_mag,-192.1491558640778,7,-8.100121517412274,-11.276693910056851,0.9941451607852724,1.0074028158278838,0.0,,,,,,,
247,251940,0,8,8140,7.489347683863093,9.362157613495109,257.0540135936273,259.66018550790255,1.0101386159190469,1.0381377198020096,0.0,64.20390724269787,64.20390724269787,64.20390724269787,-86.63006493549713,0.34022046987487625,phase,-3.2309475202438107,dither_phase,1.000478719302395,-3.2309475202438107,-3.9203692941540313,-0.3805538372522211,-0.38475406902853804,284.9375,-38.20718397646004,-38.89652809422284,6.733508083022471,5.980100564607663,-6.7917184966595325,4.878645080676758,-1.4205512452922813,-6.861585720200992,4.12028869398129,-1.4321570963789023,-6.7917184966595325,4.878645080676758,-1.4205512452922813,-6.861585720200992,4.12028869398129,-1.4321570963789023,-14.494434375670762,-14.176330116307295,-1.0393877930117839,-6.7917184966595325,4.878645080676758,-1.4205512452922813,-6.7917184966595325,4.878645080676758,-1.4205512452922813,nan,-14.494434375670762,nan,-14.176330116307295,False,15.216331298785045,67432427f8254c09,,7.489347683863093,9.362157613495109,0.00047871930239495875,dither_mag,64.20390724269787,8,-5.463412319651308,-8.024017708203623,0.9942284461688962,1.0073184601552585,0.0,,,,,,,
248,252960,0,7,834,2.0556458428983673,1.891929792382017,257.6351151272329,258.3051929390094,1.002600879198651,0.9960109953968771,0.0,-28.814021546595132,-28.814021546595132,-28.814021546595132,-26.005709241433546,0.3670903551198881,phase,-0.6047692758215373,dither_phase,0.9881827738447643,-0.6047692758215373,-1.1190524474431498,-0.4623797509213688,-0.4631659509799368,284.2857142857143,-35.30182162773962,-37.136364741140525,6.240413733466639,6.176798243492082,-8.067292846131085,4.468073824824196,-1.6324406721147984,-7.4664273176959295,1.7086060541046535,-1.5326291225408522,-8.067292846131087,4.468073824824193,-1.6324406721147986,-7.466427317695929,1.708606054104655,-1.5326291225408522,-19.551709141914763,-19.668162474378764,1.6401835103474318,-8.067292846131085,4.468073824824196,-1.6324406721147984,-8.067292846131087,4.468073824824193,-1.6324406721147986,nan,-19.551709141914763,nan,-19.668162474378764,False,15.325155836836789,c17e908c9c8c802d,,2.0556458428983673,1.891929792382017,-0.011817226155235727,dither_mag,-28.814021546595132,9,-4.739759674440021,-7.366653176999018,0.9921723672491856,1.0094265208446236,0.0,,,,,,,
249,253980,0,8,6122,-3.420752680471331,-6.822054520203187,254.39852090333832,256.06846211300694,1.006564272479804,0.9761872049080064,0.0,-101.47621454038037,-101.47621454038037,-101.47621454038037,-93.01141999349036,-3.970723680998353,phase,3.3043934571620217,dither_phase,1.0004394239537902,3.3043934571620217,-0.13600119598567384,-0.37810864766799573,-0.3738129361736851,286.125,-38.19130753284661,-41.564365210121956,5.977885347051357,6.435823403674634,-6.232883803036148,5.05470200454325,-1.3277215619661376,-6.758976643475623,3.5086621261268975,-1.4151123992484425,-6.232883803036149,5.054702004543248,-1.3277215619661378,-6.758976643475623,3.5086621261268993,-1.4151123992484425,-16.953230787467476,-17.366678034217873,2.5430459453489,-6.232883803036148,5.05470200454325,-1.3277215619661376,-6.232883803036149,5.054702004543248,-1.3277215619661378,nan,-16.953230787467476,nan,-17.366678034217873,False,17.656758520604537,199cc9e3847ed38a,,-3.420752680471331,-6.822054520203187,0.0004394239537901523,dither_mag,-101.47621454038037,10,-5.946468788386017,-9.732074565049357,0.9922486645024657,1.0093489308557746,0.0,,,,,,,
250,255000,0,8,1382,-4.228829403014373,-3.761095303859425,255.1894489014094,257.7574830960188,1.010063245975352,0.989402775408085,0.0,74.74278876161166,74.74278876161166,74.74278876161166,-87.23161107927527,-0.6656719150918059,phase,-1.4246089649923193,dither_phase,0.9999466386450244,-1.4246089649923193,-2.5979442633150702,-0.4077577758399855,-0.40960976749447553,285.375,-35.708910639813666,-36.72603127736444,5.132930112005027,6.200201861886438,-6.647838549909228,2.5209348584609454,-1.396650921911832,-6.515172544664227,3.1301943608573928,-1.3746133795123303,-6.647838549909228,2.5209348584609454,-1.396650921911832,-6.515172544664228,3.1301943608573928,-1.3746133795123303,-18.601493940298397,-18.060160360150082,-0.5900552076984198,-6.647838549909228,2.5209348584609454,-1.396650921911832,-6.647838549909228,2.5209348584609454,-1.396650921911832,nan,-18.601493940298397,nan,-18.060160360150082,False,18.44730314970155,704586b5483da5f2,,-4.228829403014373,-3.761095303859425,-5.336135497557848e-05,dither_mag,74.74278876161166,11,-7.438121379117574,-11.036265133948762,0.9922393986491538,1.0093583568984148,0.0,,,,,,,
251,256020,0,8,2498,-0.867592916976065,0.47819879715827796,255.14858611288932,258.33079343426505,1.0124719770932524,1.0716403662526013,0.0,25.063418925144354,25.063418925144354,25.063418925144354,-73.0686917430308,0.26838311554409594,phase,-3.264408705975091,dither_phase,1.0134991501898085,-3.264408705975091,-6.114964755150165,-0.4470042830798909,-0.4512480143976585,285.375,-40.91752110535207,-36.59699001151142,6.11567675456362,6.63200989083946,-6.621772017144881,2.611052630766681,-1.392320933080545,-7.015970503798697,2.513729709420577,-1.4578024092688868,-6.62177201714488,2.611052630766681,-1.392320933080545,-7.015970503798698,2.5137297094205757,-1.4578024092688868,-14.659316967054298,-14.5016523484787,-0.5384906268897618,-6.621772017144881,2.611052630766681,-1.392320933080545,-6.62177201714488,2.611052630766681,-1.392320933080545,nan,-14.659316967054298,nan,-14.5016523484787,False,18.29336643256993,cdd276d1eed26102,,-0.867592916976065,0.47819879715827796,0.013499150189808518,dither_mag,25.063418925144354,12,-7.744153896426427,-10.870447337066695,0.9945834166658105,1.0070056573335482,0.0,,,,,,,
252,257040,0,8,2990,3.4752275206639656,3.8346245112544004,255.97272450686978,257.66802024163485,1.0066229546059293,0.6386464315808578,0.0,-202.6261694294956,-202.6261694294956,-202.6261694294956,-330.92855006742195,-0.2500272122482819,phase,-4.636342790605174,dither_phase,0.9986617501033067,-4.636342790605174,0.06145987140146813,-0.4215536315639947,-0.42758087719178145,285.5,-36.80401679015294,-37.646939784724935,6.505987336677071,6.5897754495577985,-7.891560363901357,3.9674052506172828,-1.6032492298839465,-7.831661781713784,5.047132622321651,-1.593299299288004,-7.891560363901356,3.967405250617284,-1.6032492298839465,-7.831661781713786,5.047132622321653,-1.5932992992880044,-17.260320963596733,-17.050246437028324,-0.027420851345987707,-7.891560363901357,3.9674052506172828,-1.6032492298839465,-7.891560363901356,3.967405250617284,-1.6032492298839465,nan,-17.260320963596733,nan,-17.050246437028324,False,14.063161784222656,7097afae1fd005cf,,3.4752275206639656,3.8346245112544004,-0.0013382498966932888,dither_mag,-202.6261694294956,13,-6.521200032677172,-9.537665769093346,0.9943504914637544,1.0072418077748087,0.0,,,,,,,
253,258060,0,8,2618,3.103566786449244,1.582375975940848,257.9981791891247,259.38066322772636,1.0053585030830323,1.0453872630422494,0.0,2.096634714303703,2.096634714303703,2.096634714303703,-38.44958903093896,-3.8462169722324875,phase,5.546459481708356,dither_phase,0.998683085546849,5.546459481708356,4.443268254376915,-0.37791031290321275,-0.3706999155769919,284.625,-35.92128575255191,-39.50636978781253,6.745985628823954,7.020323392746805,-7.084738249041936,3.7477774207634855,-1.4692256227644414,-6.468033073562188,4.04589669269,-1.366782902585081,-7.084738249041936,3.7477774207634864,-1.4692256227644414,-6.468033073562188,4.04589669269,-1.366782902585081,-19.01733337235867,-18.668206299207238,1.537823121240801,-7.084738249041936,3.7477774207634855,-1.4692256227644414,-7.084738249041936,3.7477774207634864,-1.4692256227644414,nan,-19.01733337235867,nan,-18.668206299207238,False,17.029248979295254,e58cb018b2d21509,,3.103566786449244,1.582375975940848,-0.0013169144531509636,dither_mag,2.096634714303703,14,-5.428780021240158,-8.98781608324401,0.9941213334203558,1.00747424284845,0.0,,,,,,,
254,259080,0,8,730,-4.229542211726046,-2.7660379127610897,253.57513576503715,255.69850107958493,1.0083737126202914,0.9975950397727689,0.0,-99.7214103388183,-99.7214103388183,-99.7214103388183,-88.73689415681895,0.967090219801638,phase,-1.3703590212762804,dither_phase,1.0022692368265371,-1.3703590212762804,-3.8965538984487607,-0.45397753228831134,-0.4557589990159705,286.0,-38.812110677276934,-39.926768222563965,6.414249474731214,6.638633396127932,-8.135721673164237,1.276120802853671,-1.6438075869043585,-7.61410871266234,4.2096476747251845,-1.5571609157246413,-8.135721673164237,1.276120802853671,-1.6438075869043585,-7.614108712662338,4.2096476747251845,-1.5571609157246409,-16.763688293934194,-17.09156965762357,-0.47934406055323087,-8.135721673164237,1.276120802853671,-1.6438075869043585,-8.135721673164237,1.276120802853671,-1.6438075869043585,nan,-16.763688293934194,nan,-17.09156965762357,False,16.30442127710436,ee21299a17100fe4,,-4.229542211726046,-2.7660379127610897,0.0022692368265371243,dither_mag,-99.7214103388183,15,-6.9178736804727645,-9.94874712077527,0.9945161153498283,1.0070750640901982,0.0,,,,,,,
255,260100,0,8,1382,6.341240630036765,4.69002959679464,256.54747267336614,258.9517298289351,1.009371587763135,0.9866418305709418,0.0,5.624547579137003,5.624547579137003,5.624547579137003,-20.390626655098675,1.484037953944746,phase,-0.22015471325806604,dither_phase,0.9993934483862733,-0.22015471325806604,-0.4563119049882136,-0.42025537656961176,-0.42054157769684725,285.5,-37.01597891669711,-38.93828384197473,6.938519126674495,7.1297324536805675,-6.7666512415185585,2.32455241021418,-1.4163872494216876,-6.583858487299875,3.128958022928639,-1.3860230045348632,-6.766651241518557,2.3245524102141806,-1.4163872494216874,-6.583858487299875,3.128958022928639,-1.3860230045348632,-16.700805176175958,-16.51226857796647,-0.03290367728375321,-6.7666512415185585,2.32455241021418,-1.4163872494216876,-6.766651241518557,2.3245524102141806,-1.4163872494216874,nan,-16.700805176175958,nan,-16.51226857796647,False,18.43731131758434,e3bd766c9c00fd18,,6.341240630036765,4.69002959679464,-0.0006065516137266913,dither_mag,5.624547579137003,16,-4.686201225640632,-8.318768961837256,0.9944105509127659,1.007182026494339,0.0,,,,,,,
256,261120,0,8,1194,-0.8092500875428374,-0.8372009615017533,256.1871601076048,258.5554722185938,1.0092444606122892,0.9588630343493044,0.0,-74.54398708197955,-74.54398708197955,-74.54398708197955,-68.28734514778117,-1.974698984440556,phase,-1.4299905930474324,dither_phase,1.0006116764840027,-1.4299905930474324,-2.9766970331966673,-0.376255234480656,-0.37811422225161767,284.0,-40.66048919099205,-38.90293056889642,6.244573725842395,6.745195217657799,-6.3751106513636415,6.073836465933543,-1.3513472842796748,-6.387674124595211,3.490237865325189,-1.353434239965982,-6.3751106513636415,6.073836465933543,-1.3513472842796748,-6.3876741245952084,3.4902378653251893,-1.3534342399659818,-15.001381002122638,-15.020644094061668,-0.2809608874558296,-6.3751106513636415,6.073836465933543,-1.3513472842796748,-6.3751106513636415,6.073836465933543,-1.3513472842796748,nan,-15.001381002122638,nan,-15.020644094061668,False,19.43619063677406,0fb166a8d9e1eb88,,-0.8092500875428374,-0.8372009615017533,0.0006116764840027322,dither_mag,-74.54398708197955,17,-4.971030796666413,-8.609699825194218,0.9945169959839173,1.0070742802270716,0.0,,,,,,,
257,262140,0,8,1906,5.921716327561728,5.296908415667917,258.0940045940546,259.2646879006764,1.0045358795081782,0.9176414322251869,0.0,-58.819179476191366,-58.819179476191366,-58.819179476191366,-82.33971932957208,-6.37043556250827,phase,3.637553792193694,dither_phase,1.0014353985958522,3.637553792193694,2.998350470046167,-0.3805483534245873,-0.3758195334947355,284.6875,-37.82237903449172,-42.14153279487482,6.993121056125746,7.0024877476828085,-6.072114246038805,3.6112696740360786,-1.3010156554881738,-5.90155273883186,5.454183859426709,-1.2726831792079503,-6.072114246038805,3.611269674036077,-1.3010156554881738,-5.9015527388318585,5.454183859426709,-1.27268317920795,-12.70537048024359,-12.5346238446405,-1.015888724659002,-6.072114246038805,3.6112696740360786,-1.3010156554881738,-6.072114246038805,3.611269674036077,-1.3010156554881738,nan,-12.70537048024359,nan,-12.5346238446405,False,19.357455647381588,671382fbfc9ba24f,,5.921716327561728,5.296908415667917,0.0014353985958521776,dither_mag,-58.819179476191366,18,-2.8870033511665056,-6.768804886376243,0.9947668134363449,1.0068216710455786,0.0,,,,,,,
258,263160,0,8,5866,2.6895212082232964,3.0897392638141543,255.9526520862514,258.6519038680018,1.010545902766582,0.9362729153341657,0.0,16.163684457337233,16.163684457337233,16.163684457337233,-57.804726358219085,-5.174662874248239,phase,0.10862934703763479,dither_phase,0.9990131576980915,0.10862934703763479,-0.6535733150371635,-0.46271213929265964,-0.4625709211415107,285.9375,-37.40312124722969,-35.29717242113138,6.514920602495345,6.595851424552017,-8.254356621700197,1.4221112201196153,-1.6635143889867436,-8.127930350739524,1.4498731286523276,-1.6425133472989244,-8.254356621700197,1.4221112201196153,-1.6635143889867436,-8.127930350739524,1.4498731286523276,-1.6425133472989244,-19.022397977808364,-18.99114362044951,-1.118809600273301,-8.254356621700197,1.4221112201196153,-1.6635143889867436,-8.254356621700197,1.4221112201196153,-1.6635143889867436,nan,-19.022397977808364,nan,-18.99114362044951,False,16.336196683288527,284850cfb28629bb,,2.6895212082232964,3.0897392638141543,-0.000986842301908486,dither_mag,16.163684457337233,19,-1.9407188449248933,-5.694723176144562,0.994595019791239,1.006995718290469,0.0,,,,,,,
259,264180,0,8,4270,-3.5400433108745,-0.18153798972943136,255.49526809029092,257.8546368619582,1.0092344910702358,0.956626041811633,0.0,-4.805921601930314,-4.805921601930314,-4.805921601930314,-33.548206169137366,1.7757020164836765,phase,1.400914421914846,dither_phase,1.0006283344809161,1.400914421914846,0.739091407007547,-0.3773442781247335,-0.3755230893762442,285.6875,-40.71670231395686,-38.84098670528497,6.154398203577545,6.261327211370644,-6.735285799915714,5.289606345423196,-1.411177043175368,-7.115321745349959,4.156895046111812,-1.4743059377657741,-6.735285799915714,5.289606345423198,-1.411177043175368,-7.115321745349961,4.15689504611181,-1.4743059377657743,-14.914641032161153,-14.553552786737523,-1.9207221827426086,-6.735285799915714,5.289606345423196,-1.411177043175368,-6.735285799915714,5.289606345423198,-1.411177043175368,nan,-14.914641032161153,nan,-14.553552786737523,False,17.048336820063987,990baf4a68c20ae8,,-3.5400433108745,-0.18153798972943136,0.0006283344809161484,dither_mag,-4.805921601930314,20,-3.1864672492011774,-5.757820064493965,0.9947043840016985,1.0068850600477695,0.0,20,-0.4453016354558613,0.5860171185289067,-0.4453016354558613,inside-deadband,,
260,265200,0,7,6042,0.6413859662539326,-0.6843595726752825,254.2654391061927,255.2555743077298,1.0038941006100461,0.8481301316270298,0.0,-26.3028767728116,-26.3028767728116,-26.3028767728116,-122.28185763803003,-2.0316932979663322,phase,1.8057444775004816,dither_phase,1.0010284352970682,1.8057444775004816,0.7193432312325219,-0.3773600727399426,-0.37501260491919197,284.6428571428571,-36.32303608657319,-39.19792765076065,6.216798091073894,6.381478551010577,-6.222568402263131,4.746340151450626,-1.3260080402430452,-6.743531753172247,3.1450988784620066,-1.4125468028525328,-6.2225684022631285,4.746340151450629,-1.3260080402430447,-6.743531753172246,3.1450988784620066,-1.4125468028525328,-16.316770754079542,-16.13630860567072,1.110755908357364,-6.222568402263131,4.746340151450626,-1.3260080402430452,-6.2225684022631285,4.746340151450629,-1.3260080402430447,nan,-16.316770754079542,nan,-16.13630860567072,False,16.61677919631667,2be8bfef89a57fea,,0.6413859662539326,-0.6843595726752825,0.0010284352970681976,dither_mag,-26.3028767728116,1,-2.9607870453140968,-5.995708041921086,0.9948834070939633,1.0067040309007613,0.0,,,,,,,
261,266220,0,7,4864,1.3289523667940566,0.5745340862694167,227.042541848532,228.5861349078803,1.006798695287591,0.9864023417385247,0.0,-33.513066189293376,-33.513066189293376,-33.513066189293376,-36.35444256968605,-8.719997803700116,phase,1.4648721648067382,dither_phase,1.0006640763182948,1.4648721648067382,0.22347480622716573,-0.38101041604995206,-0.3791060822357033,286.6428571428571,-35.40258525204439,-37.016027614173396,6.707367834415879,6.501983710215178,-7.3625669116912205,0.4096593742689942,-1.5153765634038574,-7.4712576601753575,0.042861377814565935,-1.533431505012518,-7.36256691169122,0.4096593742689942,-1.5153765634038572,-7.471257660175359,0.042861377814564984,-1.5334315050125182,-27.035382559335087,-27.21954351095112,0.910160261825494,-7.3625669116912205,0.4096593742689942,-1.5153765634038574,-7.36256691169122,0.4096593742689942,-1.5153765634038572,nan,-27.035382559335087,nan,-27.21954351095112,False,14.624363751757034,790381f112c42bd1,,1.3289523667940566,0.5745340862694167,0.0006640763182947929,dither_mag,-33.513066189293376,2,-2.4932615794541664,-5.795960227248713,0.9949990258332335,1.0065871160874906,0.0,,,,,,,
262,267240,0,8,4710,-0.6907665521391237,0.36082144637834723,255.78736163760684,257.6693655287742,1.0073576891333427,0.9418130656423076,0.0,13.370739841411568,13.370739841411568,13.370739841411568,-50.52141129998567,-3.7457098060725067,phase,0.2619762725284499,dither_phase,0.9961550778298935,0.2619762725284499,-0.8154285345083183,-0.40020411752424867,-0.3998635483699617,285.5,-39.29694541725048,-39.20395348775637,6.596552578823124,6.650558130756937,-6.68417430201146,5.1194188188070555,-1.4026867611314717,-7.270084933669187,4.303544640270493,-1.5000141085829215,-6.684174302011458,5.1194188188070555,-1.4026867611314715,-7.270084933669187,4.303544640270492,-1.5000141085829215,-14.990334292797415,-14.964594658927444,-0.08302763280603714,-6.68417430201146,5.1194188188070555,-1.4026867611314717,-6.684174302011458,5.1194188188070555,-1.4026867611314715,nan,-14.990334292797415,nan,-14.964594658927444,False,17.470089164743033,e0d8761a9cef19d6,,-0.6907665521391237,0.36082144637834723,-0.0038449221701064573,dither_mag,13.370739841411568,3,-2.736245026645214,-5.670499147711664,0.994329529415843,1.0072670238758075,0.0,,,,,,,
263,268260,0,8,5336,-3.2038175497254806,-4.864596950290121,225.76805505326408,226.49837997501973,1.0032348461414675,1.004777569210105,0.0,47.875595086740546,47.875595086740546,47.875595086740546,-47.705769518759695,-0.0693764195514035,phase,-3.478410683547347,dither_phase,0.9984526231711297,-3.478410683547347,-1.599635002823973,-0.39261953027561947,-0.397141464164231,286.0625,-37.28722789048744,-39.78749924430883,6.95110569994349,6.9988397692774384,-7.292414771677968,0.6671710602881182,-1.5037233839996627,-7.195331024059342,0.45815171233371677,-1.4875965156244755,-7.292414771677968,0.6671710602881191,-1.5037233839996627,-7.195331024059342,0.45815171233371593,-1.4875965156244755,-25.650802522072023,-26.1939695005197,-0.4884382602465074,-7.292414771677968,0.6671710602881182,-1.5037233839996627,-7.292414771677968,0.6671710602881191,-1.5037233839996627,nan,-25.650802522072023,nan,-26.1939695005197,False,15.523473279813164,2c888187a0701ac9,,-3.2038175497254806,-4.864596950290121,-0.001547376828870295,dither_mag,47.875595086740546,4,-3.863975933986053,-7.360824446012572,0.994060273982879,1.0075402053798523,0.0,,,,,,,
264,269280,0,8,6770,1.1736299070806924,-0.3417330073243268,254.98440485193666,255.53548725245483,1.0021612396289026,1.063025993495202,0.0,-11.53000350246849,-11.53000350246849,-11.53000350246849,-51.314175078978664,-3.9443465990977975,phase,7.823506392486626,dither_phase,0.998008848516219,7.823506392486626,4.27105023279607,-0.4702809100474303,-0.46011035173719766,284.75,-37.12825842093284,-40.07835673473666,6.492075499606743,6.401498096736276,-7.746413583513373,4.1924951229424225,-1.579138469022155,-7.550648520151447,4.84739762108334,-1.546619355506885,-7.746413583513374,4.192495122942422,-1.5791384690221555,-7.55064852015145,4.847397621083339,-1.5466193555068855,-17.99624632180236,-17.69056176706295,0.3688117521773857,-7.746413583513373,4.1924951229424225,-1.579138469022155,-7.746413583513374,4.192495122942422,-1.5791384690221555,nan,-17.99624632180236,nan,-17.69056176706295,False,15.859498638545702,2abc69686c95b46f,,1.1736299070806924,-0.3417330073243268,-0.0019911514837810396,dither_mag,-11.53000350246849,5,-3.4507510237576042,-7.479535889908174,0.993713892179715,1.0078919847314398,0.0,,,,,,,
265,270300,0,8,6770,1.69005991944681,1.9447637576900774,255.07241473187636,256.4520222565792,1.0054086896309546,0.9858077803268596,0.0,-113.52836192463323,-113.52836192463323,-113.52836192463323,-106.82464441448245,-3.1288222540109674,phase,-0.9850208952654889,dither_phase,1.007476567561499,-0.9850208952654889,-0.20193491530119542,-0.42994326830386714,-0.4312237954677123,285.1875,-38.4942296791878,-39.923070918689845,6.688853527120287,6.58747832597302,-7.382585055015468,4.026361897168622,-1.5187018363813072,-7.642144573276708,4.060356670600145,-1.5618180354280247,-7.382585055015468,4.026361897168622,-1.5187018363813072,-7.642144573276708,4.060356670600143,-1.5618180354280247,-17.13922904360333,-16.87270680574312,-0.3601442935122927,-7.382585055015468,4.026361897168622,-1.5187018363813072,-7.382585055015468,4.026361897168622,-1.5187018363813072,nan,-17.13922904360333,nan,-16.87270680574312,False,15.95587355973928,54fbc5a8e16daf50,,1.69005991944681,1.9447637576900774,0.007476567561498948,dither_mag,-113.52836192463323,6,-2.8554881654424404,-6.804198328440319,0.9950140667637593,1.0065830459102263,0.0,,,,,,,
266,271320,0,8,3210,-1.4870602983296748,-2.1431511983792992,255.6104018738578,257.596832209346,1.00777132041938,0.9892062789772554,0.0,-165.65935693771442,-165.65935693771442,-165.65935693771442,-156.56338997081377,-0.03397821140756955,phase,1.1332744071242877,dither_phase,1.0079040007113744,1.1332744071242877,-0.20361074568730847,-0.46968892195931067,-0.4682156652300491,284.5,-40.85930410173509,-40.132571939926514,6.534080675103065,6.56417523982469,-7.994982155683047,1.6618578398081387,-1.6204289295154564,-8.20606578581999,3.585223288780849,-1.6554926554518254,-7.9949821556830445,1.6618578398081407,-1.6204289295154561,-8.206065785819991,3.5852232887808504,-1.655492655451826,-15.624719935040723,-15.346742141724505,0.07790676494678328,-7.994982155683047,1.6618578398081387,-1.6204289295154564,-7.9949821556830445,1.6618578398081407,-1.6204289295154561,nan,-15.624719935040723,nan,-15.346742141724505,False,14.535234709632622,743a6b2cd8d0e9ea,,-1.4870602983296748,-2.1431511983792992,0.007904000711374426,dither_mag,-165.65935693771442,7,-3.3785673075375833,-7.549395580152876,0.9963903703447766,1.0052016586020796,0.0,,,,,,,
267,272340,0,8,7322,-3.8408517480350723,-3.786867144567342,255.35120421589895,256.43480627953414,1.004243575302347,0.8869955740697357,0.0,-58.584453948612804,-58.584453948612804,-58.584453948612804,-103.49496837448783,-4.576693732314396,phase,4.208177179403575,dither_phase,1.0044642568075157,4.208177179403575,1.6366084133826735,-0.4628772547368943,-0.45740662440366964,287.0,-40.2950371519767,-41.51341808736453,6.2739078892682,6.443117648625668,-7.312458745293261,2.04047725847328,-1.5070529477231331,-7.431432738153845,4.7255739521438755,-1.5268160694607715,-7.3124587452932595,2.0404772584732807,-1.507052947723133,-7.4314327381538465,4.725573952143875,-1.526816069460772,-15.744476110427332,-15.872278188353802,-0.18417265422928897,-7.312458745293261,2.04047725847328,-1.5070529477231331,-7.3124587452932595,2.0404772584732807,-1.507052947723133,nan,-15.744476110427332,nan,-15.872278188353802,False,16.74990630631787,3d7969fba0e49bc2,,-3.8408517480350723,-3.786867144567342,0.004464256807515721,dither_mag,-58.584453948612804,8,-4.727735416566089,-8.86794046043271,0.9971687952811836,1.0044198401297324,0.0,,,,,,,
268,273360,0,8,6990,2.9693048380033105,4.010588618915355,256.910529280569,257.91266634518354,1.00390072398909,1.3172811465427927,0.0,118.51680540037894,118.51680540037894,118.51680540037894,-292.28161891429914,2.3353357582138576,phase,-5.135873821754955,dither_phase,0.9904332566625077,-5.135873821754955,-4.423954732579077,-0.39843114775651833,-0.4051077837247998,285.3125,-36.866312752842184,-37.3047431083899,6.8438144945606805,6.81022199598085,-6.87787858843952,4.7615850898690235,-1.4348635528969302,-6.748979720720568,4.2811798915210195,-1.4134517808505926,-6.877878588439521,4.761585089869023,-1.4348635528969307,-6.74897972072057,4.2811798915210195,-1.413451780850593,-14.099591501941218,-14.150135729833163,-1.808162884345819,-6.87787858843952,4.7615850898690235,-1.4348635528969302,-6.877878588439521,4.761585089869023,-1.4348635528969307,nan,-14.099591501941218,nan,-14.150135729833163,False,15.801776574444863,f5be9e391fe8db52,,2.9693048380033105,4.010588618915355,-0.0095667433374923,dither_mag,118.51680540037894,9,-3.6855280207679613,-7.470411299281264,0.9954993551436766,1.006117662452508,0.0,,,,,,,
269,274380,0,8,5954,-0.3130566525362717,1.5422891331798887,254.90209071342778,255.54343480677633,1.002516040929886,0.9218800059703363,0.0,-76.92393308921453,-76.92393308921453,-76.92393308921453,-94.59850892056929,-1.9730452359041535,phase,7.486512463922247,dither_phase,1.0059340957454774,7.486512463922247,4.488579011445263,-0.4677043928699159,-0.45797192666681696,285.1875,-37.676254583992446,-39.164696759555895,6.365370592276278,6.438569028427088,-8.170432412770607,3.832372102826479,-1.6495734904934565,-8.060099973806029,4.369243614754329,-1.631245842824922,-8.170432412770607,3.832372102826479,-1.6495734904934565,-8.06009997380603,4.369243614754328,-1.6312458428249221,-17.5609673515151,-17.576676313235485,0.011014144150717331,-8.170432412770607,3.832372102826479,-1.6495734904934565,-8.170432412770607,3.832372102826479,-1.6495734904934565,nan,-17.5609673515151,nan,-17.576676313235485,False,16.229755839441722,6c9d8f6ff31ff110,,-0.3130566525362717,1.5422891331798887,0.00593409574547743,dither_mag,-76.92393308921453,10,-3.7955932134991825,-6.933892344532826,0.9965331481290738,1.005079006193658,0.0,,,,,,,
270,275400,0,8,1718,4.945056460216259,7.639162297492627,254.20619198567005,254.4096414853218,1.000800332588528,1.0659500585789654,0.0,21.96271392270258,21.96271392270258,21.96271392270258,-57.593425807936356,-2.270690244299609,phase,0.6536183199989087,dither_phase,1.000539129487744,0.6536183199989087,-0.19281193891091203,-0.42474123872030084,-0.42389153490430226,287.0,-38.16347548903654,-43.5347714666976,6.2257966608583555,6.348620623313187,-6.794687050589989,4.6193104463566454,-1.4210443605631211,-7.353037389565515,3.443147171372613,-1.513793586306564,-6.794687050589988,4.619310446356645,-1.4210443605631211,-7.3530373895655154,3.4431471713726136,-1.5137935863065644,-16.375443063322212,-16.156950324003443,-1.2377766838774569,-6.794687050589989,4.6193104463566454,-1.4210443605631211,-6.794687050589988,4.619310446356645,-1.4210443605631211,nan,-16.375443063322212,nan,-16.156950324003443,False,19.476934976144964,1dbf22dbcfaaa00f,,4.945056460216259,7.639162297492627,0.0005391294877439279,dither_mag,21.96271392270258,11,-2.058802255441141,-4.273696690613009,0.9966271687000662,1.0049842304373566,0.0,,,,,,,
271,276420,0,7,3438,-11.053789005652241,-12.362615839760785,259.3389799371485,258.60641524759234,0.9971752619304136,0.9380746947890527,0.0,-66.67157536948143,-66.67157536948143,-66.67157536948143,-84.42395518428181,-4.724715291017581,phase,3.1686847113907652,dither_phase,0.9918607366966017,3.1686847113907652,2.811221104949942,-0.4013536136873286,-0.3972343235625206,284.85714285714283,-38.39554547869796,-41.938901793588585,6.009315417482657,6.303605025662613,-6.783409314905972,4.641691474593424,-1.4191709825425203,-6.614489547315596,4.694405170179041,-1.3911112204843183,-6.783409314905972,4.641691474593423,-1.4191709825425203,-6.614489547315597,4.694405170179042,-1.3911112204843186,-14.929418524774942,-14.95677921895541,1.580565223358617,-6.783409314905972,4.641691474593424,-1.4191709825425203,-6.783409314905972,4.641691474593423,-1.4191709825425203,nan,-14.929418524774942,nan,-14.95677921895541,False,15.587013513285145,ed67fa36d07ee54e,,-11.053789005652241,-12.362615839760785,-0.008139263303398314,dither_mag,-66.67157536948143,12,-5.940721466036736,-8.579152848898453,0.9952076017853263,1.0064274476338995,0.0,,,,,,,
272,277440,0,7,3430,-0.5317180584709715,-3.090584860356987,258.7692484126054,260.6284996505074,1.007184977540057,1.0188935138632325,0.0,27.399228592093863,27.399228592093863,27.399228592093863,-41.66229843289779,-8.317530077277706,phase,-0.7012022846564214,dither_phase,1.0035187069946592,-0.7012022846564214,0.16683172256035247,-0.37845029593018237,-0.3793618589002357,283.2142857142857,-34.47575550648244,-35.526475989478115,7.033082391954948,7.293120021585575,-6.402163686698842,4.23241329534772,-1.3558411439699074,-5.964845340104397,4.857822839477239,-1.2831969003495676,-6.402163686698842,4.23241329534772,-1.3558411439699074,-5.964845340104397,4.857822839477239,-1.2831969003495676,-14.546172109662221,-14.707902933528157,1.4979909189517442,-6.402163686698842,4.23241329534772,-1.3558411439699074,-6.402163686698842,4.23241329534772,-1.3558411439699074,nan,-14.546172109662221,nan,-14.707902933528157,False,16.217864507166134,580d9f8e9895a574,,-0.5317180584709715,-3.090584860356987,0.003518706994659171,dither_mag,27.399228592093863,13,-6.127718952923883,-9.653949351784004,0.9958204244764958,1.0058098890641274,0.0,,,,,,,
273,278460,0,7,574,3.9859892867607547,3.5494521560308097,253.98599667969265,254.21807402499635,1.000913740711447,0.9531360887712385,0.0,-7.412464506940445,-7.412464506940445,-7.412464506940445,-37.80169540517645,5.78057050508729,phase,-8.07215216593267,dither_phase,1.0034777527460959,-8.07215216593267,-2.458098904200506,-0.46299611735539475,-0.4734899151711072,285.42857142857144,-38.175643730361124,-41.10020956827622,6.0733859349844,5.472837319539099,-7.943067291360585,4.21910221304419,-1.6118051979004295,-7.5012613568713515,4.347786356194107,-1.538415507785939,-7.943067291360587,4.219102213044189,-1.61180519790043,-7.501261356871353,4.3477863561941055,-1.5384155077859392,-18.70196223943989,-18.646020735956633,0.4084475672552639,-7.943067291360585,4.21910221304419,-1.6118051979004295,-7.943067291360587,4.219102213044189,-1.61180519790043,nan,-18.70196223943989,nan,-18.646020735956633,False,15.32042037762692,1bbdd4acd42c9b69,,3.9859892867607547,3.5494521560308097,0.0034777527460958524,dither_mag,-7.412464506940445,14,-4.7267673194005315,-8.418817078659597,0.9964264874892681,1.0051998678987555,0.0,,,,,,,
274,279480,0,8,7882,-2.3149305795499986,-2.728631380607082,256.63634672284326,256.11268145699137,0.9979595046744589,0.9333999588860683,0.0,-158.85939388796976,-158.85939388796976,-158.85939388796976,-163.5808460520438,-2.8934563860534452,phase,1.430055082121385,dither_phase,0.9969881881519757,1.430055082121385,1.9543731603331027,-0.4676170636337867,-0.4657579920270289,283.5625,-37.4069170473892,-41.19726447967797,6.335464179551908,6.60997471937073,-7.9595561990222965,2.078791607071813,-1.6145442191066939,-7.76833516489449,2.2580122898051176,-1.5827799277233372,-7.959556199022297,2.0787916070718118,-1.614544219106694,-7.768335164894489,2.2580122898051194,-1.5827799277233372,-21.543965705073376,-21.88963226280316,-0.14817804818795266,-7.9595561990222965,2.078791607071813,-1.6145442191066939,-7.959556199022297,2.0787916070718118,-1.614544219106694,nan,-21.543965705073376,nan,-21.88963226280316,False,16.103047894420214,cb6264972a8840df,,-2.3149305795499986,-2.728631380607082,-0.0030118118480243483,dither_mag,-158.85939388796976,15,-5.539898757610343,-9.36889776779541,0.9959013038966447,1.0057312761529915,0.0,,,,,,,
275,280500,0,7,3698,-3.445919338910271,-3.2538111183598777,255.5538646096156,256.47707362869323,1.0036125809347,0.980523815045102,0.0,-81.79644232249936,-81.79644232249936,-81.79644232249936,-77.6520381545703,1.1866500227009935,phase,-4.678659631054746,dither_phase,0.996436195916335,-4.678659631054746,0.22666804957469142,-0.45910113483853404,-0.4651833923589052,283.7142857142857,-35.69437234005502,-37.31765788729863,5.779270615486465,6.246989369663344,-7.228738030741148,2.0955788477487,-1.493145852282583,-7.407765303375502,2.4099842214295037,-1.5228846018896183,-7.228738030741148,2.0955788477487,-1.493145852282583,-7.4077653033754975,2.409984221429506,-1.5228846018896178,-18.081820970125225,-17.958686693995656,-0.06293833813958272,-7.228738030741148,2.0955788477487,-1.493145852282583,-7.228738030741148,2.0955788477487,-1.493145852282583,nan,-18.081820970125225,nan,-17.958686693995656,False,15.21708851230541,000c03c524edd2ee,,-3.445919338910271,-3.2538111183598777,-0.0035638040836649676,dither_mag,-81.79644232249936,16,-6.750934192446727,-10.50124188240035,0.9952801943982377,1.0063607596238346,0.0,,,,,,,
276,281520,0,8,286,2.8706543437548966,4.7814633899289865,256.8324589670999,256.8446752005255,1.0000475649903238,1.0495041419169828,0.0,-71.02436734328734,-71.02436734328734,-71.02436734328734,-73.33112836010646,-3.4211511964114925,phase,0.9055957154133423,dither_phase,0.9972819728352957,0.9055957154133423,1.8838673693132921,-0.41933818883640583,-0.4181609144063685,284.75,-36.74004459172855,-40.27340673291302,6.688863947163126,6.455119342155079,-7.739026307665428,4.288698584621862,-1.5779113467882773,-7.674900901253209,3.986970364255818,-1.56725928592246,-7.739026307665427,4.288698584621862,-1.5779113467882773,-7.674900901253209,3.9869703642558196,-1.56725928592246,-15.571482292999834,-15.871793991055638,-0.3731247189028455,-7.739026307665428,4.288698584621862,-1.5779113467882773,-7.739026307665427,4.288698584621862,-1.5779113467882773,nan,-15.571482292999834,nan,-15.871793991055638,False,16.98328858635659,a0c72ce13afd3903,,2.8706543437548966,4.7814633899289865,-0.002718027164704262,dither_mag,-71.02436734328734,17,-5.741440558423708,-8.83830722356023,0.994806784642386,1.0068407445151841,0.0,,,,,,,
277,282540,0,8,938,4.468115540337898,2.983578451196598,257.53737562051134,259.41330863813835,1.00728411949181,0.9540926859043077,0.0,102.66124419675391,102.66124419675391,102.66124419675391,-115.20174055784445,-4.670637345720426,phase,-1.4937558844120888,dither_phase,1.0019215453274495,-1.4937558844120888,-1.1951008859692624,-0.3817611946949871,-0.3837030773447228,283.4375,-39.62582308398606,-39.650181349491056,6.986423939737694,6.851616790477177,-6.701368474060768,5.506692394187932,-1.4055429358904932,-7.232275506856876,4.814659995512121,-1.4937334728998133,-6.70136847406077,5.506692394187931,-1.4055429358904934,-7.232275506856877,4.8146599955121205,-1.4937334728998137,-18.063951323862884,-18.205515266352123,0.33603194335791864,-6.701368474060768,5.506692394187932,-1.4055429358904932,-6.70136847406077,5.506692394187931,-1.4055429358904934,nan,-18.063951323862884,nan,-18.205515266352123,False,17.536599022338365,0a3d4dc2bda585b8,,4.468115540337898,2.983578451196598,0.001921545327449481,dither_mag,102.66124419675391,18,-4.169436362975408,-7.801149695314152,0.9951413087499165,1.0065028230741313,0.0,,,,,,,
278,283560,0,8,4646,-4.5583080925609085,-3.9116225531212994,257.80800092772887,258.1354978279965,1.0012703131752667,1.0274074669658655,0.0,72.6561890592967,72.6561890592967,72.6561890592967,-73.86554438864943,1.5972239924871419,phase,-0.25295867622971296,dither_phase,1.0011868748151904,-0.25295867622971296,-3.1268159090312846,-0.4092275935740536,-0.4095564398531522,283.9375,-38.22801426667989,-42.28940526771764,6.479415930167168,6.908591653519322,-7.2254715589099465,4.101762583321873,-1.4926032489883634,-7.17411070359856,3.6825332752032858,-1.4840715454482658,-7.225471558909945,4.101762583321873,-1.492603248988363,-7.174110703598563,3.6825332752032844,-1.4840715454482665,-15.489028497401186,-15.518430691858233,0.14833624953713676,-7.2254715589099465,4.101762583321873,-1.4926032489883634,-7.225471558909945,4.101762583321873,-1.492603248988363,nan,-15.489028497401186,nan,-15.518430691858233,False,17.59732615398508,883b51b81ab40a6d,,-4.5583080925609085,-3.9116225531212994,0.0011868748151904196,dither_mag,72.6561890592967,19,-5.772633635934008,-9.161372301954193,0.9953480026773759,1.0062940171515005,0.0,,,,,,,
279,284580,0,8,1994,10.871821573503636,11.28193687151455,257.4061265860127,257.919035472109,1.0019926055875166,1.1825803794365775,0.0,47.62585554110404,47.62585554110404,47.62585554110404,-118.67888507602981,-0.6111813548527788,phase,-5.222213630779887,dither_phase,0.9968148482185681,-5.222213630779887,-2.7374244927472295,-0.377875754526817,-0.38466463224683084,284.3125,-35.13890173372056,-37.97006921946409,6.874518339641064,6.396604171731386,-6.602511397737965,3.7984836508912845,-1.389121494640858,-6.260364244820442,5.098298592566957,-1.3322864194053892,-6.602511397737966,3.7984836508912827,-1.3891214946408583,-6.260364244820442,5.098298592566955,-1.3322864194053892,-18.933091464005543,-19.25763564113998,-0.6867919980981041,-6.602511397737965,3.7984836508912845,-1.389121494640858,-6.602511397737966,3.7984836508912827,-1.3891214946408583,nan,-18.933091464005543,nan,-19.25763564113998,False,19.264562498938435,6a4d133b72b12fd2,,10.871821573503636,11.28193687151455,-0.003185151781431861,dither_mag,47.62585554110404,20,-1.949711863357106,-5.237391996270226,0.9947931941461982,1.0068567192999915,0.0,20,0.01608847565317455,0.9055471513893324,0.01608847565317455,inside-deadband,,
280,285600,0,8,5186,-0.8375709081110755,-2.7395980680431267,254.16035212993188,256.16693940073657,1.0078949657332033,0.8253678231497849,0.0,-19.11537686173054,-19.11537686173054,-19.11537686173054,-139.38908666427542,-4.105347090296564,phase,6.265256981381131,dither_phase,0.9956447100031132,6.265256981381131,3.467694573390403,-0.4650915030821609,-0.45694666900636544,285.8125,-35.5272787748924,-39.894710928880784,5.939178541522589,6.153437897439311,-7.531583334898254,5.68854650800716,-1.5434523812123346,-7.5158629652239926,4.998893821568648,-1.540841024123587,-7.531583334898253,5.68854650800716,-1.5434523812123344,-7.515862965223992,4.9988938215686485,-1.5408410241235868,-17.32961300404413,-17.38679434755291,1.6217562330602373,-7.531583334898254,5.68854650800716,-1.5434523812123346,-7.531583334898253,5.68854650800716,-1.5434523812123344,nan,-17.32961300404413,nan,-17.38679434755291,False,15.351005034475653,65d2ec5fc6a0d046,,-0.8375709081110755,-2.7395980680431267,-0.004355289996886835,dither_mag,-19.11537686173054,1,-2.2443960445154607,-6.189721464242325,0.9940349868978968,1.0076274779520653,0.0,,,,,,,
281,286620,0,8,7830,0.9221954599547113,0.5606319691102953,256.1628836978533,257.463667398986,1.0050779554100702,0.4352706209311702,0.0,66.07347334810005,66.07347334810005,66.07347334810005,-103.27252667590089,-2.1008639652030627,phase,0.889908572064365,dither_phase,0.9950527900713827,0.889908572064365,-2.6293252837178507,-0.41313266873553,-0.41197578759184633,285.25,-37.38598132065101,-39.71916830416323,6.817116728829939,6.730303442580704,-7.195722508179578,4.8560557323833455,-1.4876615462092324,-6.942875511463259,5.348425047028576,-1.4456603839639968,-7.195722508179578,4.856055732383346,-1.4876615462092324,-6.942875511463259,5.348425047028577,-1.4456603839639968,-16.20643175332528,-16.098814338701374,0.17585528960106522,-7.195722508179578,4.8560557323833455,-1.4876615462092324,-7.195722508179578,4.856055732383346,-1.4876615462092324,nan,-16.20643175332528,nan,-16.098814338701374,False,15.930760112607858,0707badf91ecb9b7,,0.9221954599547113,0.5606319691102953,-0.004947209928617302,dither_mag,66.07347334810005,2,-1.9196907622683859,-5.9949856184241765,0.9931743894404964,1.008504180499686,0.0,,,,,,,
282,287640,0,8,4502,2.9618354895109817,2.957424005435975,256.97607138743894,258.18538811939015,1.0047059507347202,1.0177297973043424,0.0,-59.66122342120252,-59.66122342120252,-59.66122342120252,-55.95727310828655,-1.2885684899250223,phase,-1.794013449556516,dither_phase,1.0035606949368954,-1.794013449556516,-1.1869140978710468,-0.3983525567107232,-0.4006847741951467,283.5,-37.058063278790286,-40.67974401969501,6.612220281623831,6.553957658144371,-6.908349318380031,4.597842864635321,-1.4399251359435268,-7.077508582089326,2.3770599576784552,-1.4680246814101872,-6.90834931838003,4.597842864635321,-1.4399251359435268,-7.077508582089327,2.377059957678454,-1.4680246814101874,-14.312800308601918,-14.058990471538992,-0.40729198134901123,-6.908349318380031,4.597842864635321,-1.4399251359435268,-6.90834931838003,4.597842864635321,-1.4399251359435268,nan,-14.312800308601918,nan,-14.058990471538992,False,17.250707284579406,35066e6d07026fe9,,2.9618354895109817,2.957424005435975,0.00356069493689537,dither_mag,-59.66122342120252,3,-0.8759239954744547,-4.968615651975719,0.9937932578689851,1.007877989422449,0.0,,,,,,,
283,288660,0,8,2290,-3.0425735917509424,-4.75605966900379,257.8043841414231,259.5634995298324,1.0068234502460762,1.0895204659007727,0.0,73.3520119163308,73.3520119163308,73.3520119163308,-112.48819031980841,-3.2631713301178014,phase,3.5519710191368206,dither_phase,0.9975746810693998,3.5519710191368206,1.0036451183585395,-0.3862118151545631,-0.38159425282968523,285.25,-39.53552735185691,-40.848592127121435,6.898615847480504,6.980186201952883,-7.528960059728881,4.439210521949267,-1.5430166212174221,-7.030347531906856,3.4001974678387556,-1.4601906199180827,-7.528960059728881,4.439210521949268,-1.5430166212174221,-7.030347531906855,3.4001974678387583,-1.4601906199180823,-13.63085353232056,-13.40318287693613,0.09118164079138324,-7.528960059728881,4.439210521949267,-1.5430166212174221,-7.528960059728881,4.439210521949268,-1.5430166212174221,nan,-13.63085353232056,nan,-13.40318287693613,False,19.7513410948129,b57cb978be11c139,,-3.0425735917509424,-4.75605966900379,-0.002425318930600162,dither_mag,73.3520119163308,4,-1.947475597058392,-6.620225173784222,0.9933714613887379,1.0083068039086494,0.0,,,,,,,
284,289680,0,8,5038,7.936185925759085,9.994227982333246,258.19923363762774,259.5793949778282,1.0053453347663202,0.9240466883175296,0.0,-21.57965453730072,-21.57965453730072,-21.57965453730072,-61.90135443848187,-2.8604978856073573,phase,0.5063127174419308,dither_phase,0.998816067819817,0.5063127174419308,-1.6810374286145797,-0.46315852261897533,-0.4625003160863008,286.375,-34.734957245599105,-38.18825074527756,6.659103565903863,6.513563789274248,-7.3190317091099555,5.449011948688848,-1.5081448021777335,-7.24975918996973,5.212333903465174,-1.4966377391976295,-7.319031709109955,5.449011948688849,-1.5081448021777335,-7.24975918996973,5.212333903465173,-1.4966377391976295,-16.59521971694914,-16.812406165883345,-0.8275182935018428,-7.3190317091099555,5.449011948688848,-1.5081448021777335,-7.319031709109955,5.449011948688849,-1.5081448021777335,nan,-16.59521971694914,nan,-16.812406165883345,False,16.339490388594918,687599a4fa2b6e1b,,7.936185925759085,9.994227982333246,-0.0011839321801829783,dither_mag,-21.57965453730072,5,0.8487241952453766,-3.151063029626415,0.9931656466117356,1.0085159607388643,0.0,,,,,,,
285,290700,0,8,2026,-0.7105016279510058,0.8583106489730237,257.02494988620526,258.5427548745313,1.005905282693365,1.0720140997309393,0.0,58.9200564975678,58.9200564975678,58.9200564975678,-90.1665962793703,-1.0709654474617436,phase,-3.7296919074235433,dither_phase,0.9988407987713791,-3.7296919074235433,-0.5716981797741744,-0.3796938850927065,-0.3845424845723571,284.85714285714283,-36.42233352325748,-37.78914103171398,7.155768866489003,7.143419341562058,-6.676407337811382,4.934072912040956,-1.4013965677427545,-6.368360666266685,3.2884426127342947,-1.3502260242967916,-6.6764073378113835,4.934072912040954,-1.401396567742755,-6.368360666266685,3.288442612734296,-1.3502260242967916,-16.079729872570624,-16.20010529172058,-0.38231956168587955,-6.676407337811382,4.934072912040956,-1.4013965677427545,-6.6764073378113835,4.934072912040954,-1.401396567742755,nan,-16.079729872570624,nan,-16.20010529172058,False,19.726799720042276,0ef72cfcff8fc325,,-0.7105016279510058,0.8583106489730237,-0.0011592012286208986,dither_mag,58.9200564975678,6,0.5983373935761598,-2.8531909692571658,0.9929641728151246,1.008720785937121,0.0,,,,,,,
286,291720,0,8,5198,-4.648731300738481,-7.33522492067552,254.54279561819294,258.4471265551783,1.0153386031904894,0.9525346970129821,0.0,-133.82340219874453,-133.82340219874453,-133.82340219874453,-117.98740505425401,-0.29533313462337674,phase,-2.044953348767898,dither_phase,0.9985291425750163,-2.044953348767898,-4.137815421153197,-0.41285450567086707,-0.41551294502426533,284.625,-35.86365923982891,-36.71343735346875,6.049269281260003,5.951869141208492,-6.688238887659146,4.746700281366957,-1.403361941471619,-7.562247004526073,4.254135183469731,-1.548546014040876,-6.688238887659144,4.746700281366958,-1.4033619414716187,-7.562247004526073,4.254135183469731,-1.548546014040876,-16.307139403230256,-16.424881666634,0.8344523215573911,-6.688238887659146,4.746700281366957,-1.403361941471619,-6.688238887659144,4.746700281366958,-1.4033619414716187,nan,-16.307139403230256,nan,-16.424881666634,False,15.456039509859062,375c3a2109963d7c,,-4.648731300738481,-7.33522492067552,-0.0014708574249836515,dither_mag,-133.82340219874453,7,-1.0402473608421672,-5.398324130017142,0.9927085837880172,1.008980813180225,0.0,,,,,,,
287,292740,0,7,54,-7.34331619134055,-7.249536428669378,256.6412919099315,256.8337506994052,1.0007499135779803,0.9894456668971638,0.0,66.34907210785235,66.34907210785235,66.34907210785235,-67.55112059280044,1.7978182948052126,phase,-3.653784607327058,dither_phase,0.9897563399287933,-3.653784607327058,-3.768182066518763,-0.3797403330248393,-0.38449025301436446,288.28571428571433,-34.60639835325918,-39.446995340624966,6.170212806814794,6.278483231289428,-7.131632706769907,4.472185087270848,-1.4770153997956659,-7.122902984247861,2.6874981357191996,-1.4755652797753924,-7.131632706769906,4.472185087270849,-1.4770153997956657,-7.12290298424786,2.6874981357192,-1.475565279775392,-14.90303131877065,-15.175107165227512,-0.09406603734265939,-7.131632706769907,4.472185087270848,-1.4770153997956659,-7.131632706769906,4.472185087270849,-1.4770153997956657,nan,-14.90303131877065,nan,-15.175107165227512,False,14.168014371928383,d86aaae0e27ded2f,,-7.34331619134055,-7.249536428669378,-0.010243660071206695,dither_mag,66.34907210785235,8,-3.6292857845474105,-7.913077351177812,0.9909290141636508,1.0108082729387884,0.0,,,,,,,
288,293760,0,7,7852,-7.01483360873606,-7.942684753497055,255.34034786514624,260.405628569214,1.0198373690112732,1.0458924978513546,0.0,65.290103666729,65.290103666729,65.290103666729,-95.27970359585046,-3.495987223588374,phase,-0.2888514647683053,dither_phase,1.010279288854498,-0.2888514647683053,-3.661386435159615,-0.3825762505094642,-0.382951757413663,283.78571428571433,-38.77861000778824,-33.82879338743773,5.90135592123973,6.365638402505201,-7.006194499120955,3.7696341161563347,-1.4561784882260724,-6.992781548835431,5.15668070307197,-1.45395042339459,-7.006194499120957,3.769634116156333,-1.4561784882260727,-6.992781548835431,5.156680703071968,-1.45395042339459,-14.439847706428413,-15.07390801088878,0.5189309794865462,-7.006194499120955,3.7696341161563347,-1.4561784882260724,-7.006194499120957,3.769634116156333,-1.4561784882260727,nan,-14.439847706428413,nan,-15.07390801088878,False,15.747408127604013,1e337aa32ce7af54,,-7.01483360873606,-7.942684753497055,0.010279288854498025,dither_mag,65.290103666729,9,-6.106952426622489,-10.663291944932244,0.9927115721385567,1.0090084554947218,0.0,,,,,,,
289,294780,0,7,838,3.270441047768107,3.5911874999349847,257.4163958750681,260.7013888308581,1.0127613975194663,0.741243101732566,0.0,61.107200580764385,61.107200580764385,61.107200580764385,-87.10502630790769,-4.336740448394221,phase,1.5164598277149606,dither_phase,1.006326106479899,1.5164598277149606,1.0954043376284672,-0.38435144714518515,-0.3823800493691557,284.42857142857144,-38.665581836493374,-36.80591638330436,6.831910816111078,6.59178987606894,-7.232333159983279,4.175481378461125,-1.4937430498311095,-6.371415506073987,3.4015976562722052,-1.3507334727697653,-7.232333159983279,4.175481378461125,-1.4937430498311095,-6.371415506073987,3.4015976562722052,-1.3507334727697653,-15.35629664414422,-15.577559983292371,0.33799871192286,-7.232333159983279,4.175481378461125,-1.4937430498311095,-7.232333159983279,4.175481378461125,-1.4937430498311095,nan,-15.35629664414422,nan,-15.577559983292371,False,15.52719098305991,b9b7bcba675dc7cb,,3.270441047768107,3.5911874999349847,0.006326106479898952,dither_mag,61.107200580764385,10,-4.953894077304613,-9.417598097539287,0.9938105719826624,1.0078984359838412,0.0,,,,,,,
290,295800,0,8,2034,0.8982994899778343,1.8823492015562353,255.2648552694452,257.93798173409147,1.0104719721867887,1.1860663600606969,0.0,-150.62747674840136,-150.62747674840136,-150.62747674840136,-211.800100890322,-3.4247622903615085,phase,1.1030849235141518,dither_phase,0.999943937214654,1.1030849235141518,-0.36463580864430817,-0.4355104951634276,-0.4340764847628592,283.8125,-36.4781635006282,-37.036290364085694,6.442323488509354,6.6928710186076295,-7.191151249939272,4.526104587769817,-1.4869022009865902,-6.753169753794711,4.720128938309248,-1.414147799633673,-7.191151249939271,4.526104587769818,-1.48690220098659,-6.753169753794712,4.720128938309248,-1.414147799633673,-12.640873009336511,-12.850017213189249,-0.20784982119463685,-7.191151249939272,4.526104587769817,-1.4869022009865902,-7.191151249939271,4.526104587769818,-1.48690220098659,nan,-12.640873009336511,nan,-12.850017213189249,False,19.595424370165226,4e78734c636a64ad,,0.8982994899778343,1.8823492015562353,-5.6062785345978305e-05,dither_mag,-150.62747674840136,11,-4.637531150248,-8.763938763400539,0.9938008217196274,1.0079083250171397,0.0,,,,,,,
291,296820,0,7,5388,0.3105937139294303,0.8707710719364051,225.9416149883264,227.7483124065909,1.00799630213477,1.0022749758392417,0.0,-0.2635655051821883,-0.2635655051821883,-0.2635655051821883,-1.3318586918193824,-2.002725636360153,phase,-0.055802416431635,dither_phase,0.9959601599624512,-0.055802416431635,-0.47808443472517453,-0.3802249504369689,-0.38029749357833004,286.07142857142856,-33.51125920797145,-36.12397817791199,6.81819998688492,6.538219100983192,-7.4892495371574785,1.635518350968947,-1.5364201888965912,-7.3930809937933635,0.47618552802146374,-1.5204453478062065,-7.48924953715748,1.635518350968947,-1.5364201888965916,-7.3930809937933635,0.47618552802146374,-1.5204453478062065,-28.58589764325125,-29.62308838846434,1.5025726290159906,-7.4892495371574785,1.635518350968947,-1.5364201888965912,-7.48924953715748,1.635518350968947,-1.5364201888965916,nan,-28.58589764325125,nan,-29.62308838846434,False,14.728470315165918,e8754eb88c7d63c5,,0.3105937139294303,0.8707710719364051,-0.004039840037548759,dither_mag,-0.2635655051821883,12,-4.528145247661204,-8.461560196210353,0.9930982323585643,1.0086237783049539,0.0,,,,,,,
292,297840,0,8,3638,-5.963741672861697,-6.947844181524541,256.3704035686798,259.5382979266612,1.0123567085509257,0.990377419391863,0.0,174.81942869759956,174.81942869759956,174.81942869759956,-191.61405550170875,-4.461161159275034,phase,0.1399530900400783,dither_phase,1.0033804939457402,0.1399530900400783,-4.430296561280602,-0.3811060687542106,-0.3809241297371585,284.1875,-39.62281329031211,-36.32549875138947,6.37540944523958,6.899367833514174,-6.840687844826237,4.243660905729593,-1.428685688509342,-6.6599786946690696,5.09726368119085,-1.3986675572539984,-6.84068784482624,4.243660905729594,-1.4286856885093422,-6.659978694669071,5.097263681190848,-1.3986675572539986,-14.774365022863591,-14.481625997809868,0.9531284798572353,-6.840687844826237,4.243660905729593,-1.428685688509342,-6.84068784482624,4.243660905729594,-1.4286856885093422,nan,-14.774365022863591,nan,-14.481625997809868,False,16.497309182547877,ca4bca0cba65e14b,,-5.963741672861697,-6.947844181524541,0.0033804939457402483,dither_mag,174.81942869759956,13,-6.629961077646447,-10.872514127536727,0.9936857358069168,1.008029100458996,0.0,,,,,,,
293,298860,0,8,3854,1.7852833620788906,2.441964736830039,256.57606334839784,259.18123796711205,1.0101536152075759,1.080042506404591,0.0,-185.74897175212126,-185.74897175212126,-185.74897175212126,-192.28921251031923,-6.1893230534009875,phase,3.5523311856776427,dither_phase,1.009038579714995,3.5523311856776427,2.5756137380188364,-0.4239847980348836,-0.41936676749350266,285.625,-38.417342008094984,-37.95126138013202,6.662578770475056,6.538203713665687,-7.455143994470368,2.5098908742762265,-1.5307548163572042,-6.8564295432874225,2.9444760577515656,-1.4313005885859507,-7.455143994470369,2.509890874276228,-1.5307548163572042,-6.856429543287423,2.9444760577515643,-1.4313005885859509,-16.02305658374524,-16.357041694634763,-0.6127589570974799,-7.455143994470368,2.5098908742762265,-1.5307548163572042,-7.455143994470369,2.509890874276228,-1.5307548163572042,nan,-16.02305658374524,nan,-16.357041694634763,False,16.230591854832305,077924ed053587eb,,1.7852833620788906,2.441964736830039,0.009038579714994999,dither_mag,-185.74897175212126,14,-6.00114136713686,-10.024634182898879,0.9952574996604968,1.0064489314511187,0.0,,,,,,,
294,299880,0,8,642,-4.742924794178855,-4.537775442189346,257.6403182307912,258.73253293395,1.004239300396223,1.1452795291005604,0.0,124.21533894046429,124.21533894046429,124.21533894046429,-182.22484513978682,0.39130044006523257,phase,1.090093927222454,dither_phase,1.0010610263322184,1.090093927222454,-0.5265162312344909,-0.38614046920942013,-0.38472334710403094,283.9375,-37.00892101311992,-39.06825113362196,6.355145565188892,6.926774128458925,-7.114528818981267,3.8647999464555354,-1.4741742224221375,-6.696983579306509,4.229127689769948,-1.4048145480575598,-7.114528818981267,3.864799946455535,-1.4741742224221375,-6.696983579306509,4.229127689769948,-1.4048145480575598,-16.189422155568362,-16.465667543525914,0.22130242801619504,-7.114528818981267,3.8647999464555354,-1.4741742224221375,-7.114528818981267,3.864799946455535,-1.4741742224221375,nan,-16.189422155568362,nan,-16.465667543525914,False,15.618936020311109,2259788aee5e37ca,,-4.742924794178855,-4.537775442189346,0.0010610263322183844,dither_mag,124.21533894046429,15,-7.669075221972285,-11.602678885550946,0.9954422986830305,1.0062622524792204,0.0,,,,,,,
295,300900,0,8,4254,7.385261293062399,6.39246096465169,256.1011445338618,256.64593284288054,1.0021272388688864,1.0522442258672815,0.0,29.59066895415772,29.59066895415772,29.59066895415772,-53.40872577408688,5.575623905639004,phase,-6.184739736782104,dither_phase,0.9997239229394494,-6.184739736782104,-2.653433404245623,-0.4632549518125252,-0.4712951134703419,283.3125,-36.991083058762996,-39.2429052201929,6.450585600587399,6.121812631672537,-7.703889079776765,2.139093705548008,-1.5720745979695623,-7.7253480311820075,5.335609886721119,-1.575639207837543,-7.703889079776767,2.139093705548007,-1.5720745979695627,-7.72534803118201,5.335609886721118,-1.5756392078375432,-15.095359115297384,-15.236094870298604,1.196280358663727,-7.703889079776765,2.139093705548008,-1.5720745979695623,-7.703889079776767,2.139093705548007,-1.5720745979695627,nan,-15.095359115297384,nan,-15.236094870298604,False,16.857546213528632,04fdd2d813e92700,,7.385261293062399,6.39246096465169,-0.00027607706055055026,dither_mag,29.59066895415772,16,-5.072398894281989,-9.379241275608111,0.9953942053958711,1.0063108819415407,0.0,,,,,,,
296,301920,0,7,1610,0.843495949027178,0.5074234827685333,258.64789174211495,259.32737156413475,1.0026270456621285,0.9321407310854115,0.0,33.31775376318982,33.31775376318982,33.31775376318982,-64.28559578514546,-2.8593108236054996,phase,-0.6972565913356309,dither_phase,0.9959356526137477,-0.6972565913356309,-2.036567477684715,-0.3870830017335961,-0.38798943530233243,286.2857142857143,-35.20183060762524,-36.67660386111787,6.754380081541597,7.3330047446963595,-6.83780998001839,4.506784086151096,-1.428207637876809,-6.793582706971747,5.031876520633951,-1.42086091477936,-6.83780998001839,4.506784086151097,-1.428207637876809,-6.793582706971749,5.03187652063395,-1.4208609147793605,-17.02666565180778,-17.135396316836445,-0.7978088710183018,-6.83780998001839,4.506784086151096,-1.428207637876809,-6.83780998001839,4.506784086151097,-1.428207637876809,nan,-17.02666565180778,nan,-17.135396316836445,False,19.719335147644326,39ffd013d44ae0e6,,0.843495949027178,0.5074234827685333,-0.004064347386252276,dither_mag,33.31775376318982,17,-4.775809281283286,-9.202756829145269,0.9946862205243977,1.0070295523431951,0.0,,,,,,,
297,302940,0,8,6138,4.12875279611724,2.721755999746671,255.99624983271565,256.6755968233091,1.0026537380568559,0.9253112347422104,0.0,39.17463663153024,39.17463663153024,39.17463663153024,-72.07434745169707,0.2113917788637565,phase,-4.902977309631689,dither_phase,0.9984894932310464,-4.902977309631689,-2.303287433008699,-0.39643252036514776,-0.40280639086766895,285.0,-37.38847126303413,-41.61189290323749,6.721037967523802,6.649308962465792,-6.565378223920892,2.405706449822104,-1.3829531933423411,-6.59758718180168,4.864681410704847,-1.3883035185717076,-6.565378223920893,2.405706449822104,-1.3829531933423411,-6.597587181801682,4.864681410704844,-1.388303518571708,-16.371863601891032,-16.27822735576407,-0.13296911665518385,-6.565378223920892,2.405706449822104,-1.3829531933423411,-6.565378223920893,2.405706449822104,-1.3829531933423411,nan,-16.371863601891032,nan,-16.27822735576407,False,17.668348352469096,1a112a2d3d61f831,,4.12875279611724,2.721755999746671,-0.00151050676895359,dither_mag,39.17463663153024,18,-3.3230260328341443,-8.256791938944426,0.9944232864773075,1.007296151910833,0.0,,,,,,,
298,303960,0,8,4646,0.38337606459348805,3.53237802565066,254.3513398963011,255.9570965842573,1.0063131442067923,0.9626602105177994,0.0,-20.418137862025056,-20.418137862025056,-20.418137862025056,-31.857255185502087,-5.275438151131586,phase,5.188546511862034,dither_phase,1.0031237902951022,5.188546511862034,5.293823204133959,-0.45055367341939706,-0.4438085629539764,283.6875,-35.348324839226905,-35.81647922161529,6.409726636295501,6.393241154079103,-7.964608232420767,4.0283569109460675,-1.61538342731242,-7.788009417279723,4.829397069747296,-1.5860480759600872,-7.964608232420767,4.0283569109460675,-1.61538342731242,-7.7880094172797225,4.829397069747296,-1.5860480759600868,-17.091303844017794,-16.876828175599815,-1.5908031734657648,-7.964608232420767,4.0283569109460675,-1.61538342731242,-7.964608232420767,4.0283569109460675,-1.61538342731242,nan,-17.091303844017794,nan,-16.876828175599815,False,17.30469923501337,54684e1b5d6c0dee,,0.38337606459348805,3.53237802565066,0.0031237902951022356,dither_mag,-20.418137862025056,19,-3.1880919213421937,-7.029414760313873,0.9949669011943237,1.0067472148350074,0.0,,,,,,,
299,304980,0,8,1674,0.3529730529832686,-1.4805075942314638,257.6337539748558,257.5195639984468,0.9995567740071043,0.9917822526488707,0.0,13.415324493246995,13.415324493246995,13.415324493246995,-14.447810048713086,-6.278296241864276,phase,4.769284157098558,dither_phase,0.9986859862869789,4.769284157098558,5.693584007052686,-0.4516061614225994,-0.4454060920183713,284.1875,-32.18589617000697,-39.21950811601833,6.2575766154959025,6.587801530069298,-7.768551265064858,3.8507734116656533,-1.5828158247616044,-7.445132892882235,3.7726262202250203,-1.5290918426714677,-7.768551265064859,3.8507734116656507,-1.5828158247616047,-7.445132892882232,3.7726262202250194,-1.5290918426714675,-18.102260090289725,-18.249386937604726,0.5544348245724633,-7.768551265064858,3.8507734116656533,-1.5828158247616044,-7.768551265064859,3.8507734116656507,-1.5828158247616047,nan,-18.102260090289725,nan,-18.249386937604726,False,19.454797232022347,9147a79da69dc4fd,,0.3529730529832686,-1.4805075942314638,-0.0013140137130210894,dither_mag,13.415324493246995,20,-3.0639264155390857,-7.5441195942040125,0.9947381061676936,1.0069790233726263,0.0,20,0.2610566040564874,0.754093519246196,0.2610566040564874,inside-deadband,,
