iteration,cycles,rotation,events_used,align_n0,offset_a_codes,offset_b_codes,gain_a_codes,gain_b_codes,gain_ratio,tone_ratio,skew_a_ps,skew_b_ps,skew_mismatch_ps,skew_phase_ps,skew_diff_route_ps,skew_centroid_ps,skew_source,skew_used_ps,skew_observable,gain_mag_ratio,skew_slope_ps,skew_fold_ps,phase_a_samples,phase_b_samples,dither_peak_a_codes,dbc_ab_coherent,dbc_ab_coherent_cal,snr_dither_db,snr_dither_db_cal,raw_a_sndr_db,raw_a_sfdr_db,raw_a_enob,raw_b_sndr_db,raw_b_sfdr_db,raw_b_enob,cal_a_sndr_db,cal_a_sfdr_db,cal_a_enob,cal_b_sndr_db,cal_b_sfdr_db,cal_b_enob,raw_difference_dbc,cal_difference_dbc,cal_dc_difference_codes,raw_sndr_db,raw_sfdr_db,raw_enob,cal_sndr_db,cal_sfdr_db,cal_enob,raw_offset_spur_dbc,raw_image_spur_dbc,cal_offset_spur_dbc,cal_image_spur_dbc,swapped,align_margin,frame_sha1,rejected,offset_error_a,offset_error_b,gain_error,gain_source,skew_error_ps,skew_batch_n,offset_a_state,offset_b_state,gain_corr_a,gain_corr_b,skew_cmd_ps,skew_batch_used,skew_batch_mean_ps,skew_batch_se_ps,skew_batch_error_ps,skew_action,skew_step_codes,skew_code
0,0,0,8,6015,-7.556692761639091,-12.330485099836212,84.30309857109796,81.80619996384132,0.9703818880969025,0.9681687522099846,0.0,-89.30158145021771,-89.30158145021771,-89.30158145021771,-91.45772579852502,102.02007762173172,phase,-89.30158145021771,phase,nan,nan,nan,nan,nan,nan,nan,nan,nan,nan,37.75629864576336,43.35562207173345,5.979451602286273,37.858152087118754,43.840208376026524,5.996370778591156,37.75629864576336,43.35562207173345,5.979451602286273,37.858152087118754,43.840208376026524,5.996370778591156,-18.884045199829,-18.884045199829,4.592156862745098,37.75629864576336,43.35562207173345,5.979451602286273,37.75629864576336,43.35562207173345,5.979451602286273,nan,-18.884045199829,nan,-18.884045199829,False,17.096638478661045,8c06d541ee065fbb,,-7.556692761639091,-12.330485099836212,-0.03183124779001545,tone,-89.30158145021771,1,-2.6448424665736816,-4.315669784942674,0.9944295316367472,1.0057536130458016,0.0,,,,,,,
1,1020,0,8,7663,-3.752046516303972,-6.197185204296364,82.87508402649745,84.03760790376873,1.014027423210812,0.980697692663483,0.0,-92.91647458154199,-92.91647458154199,-92.91647458154199,-93.28944097710611,117.64613345367168,phase,-92.91647458154199,phase,nan,nan,nan,nan,nan,nan,nan,nan,nan,nan,37.99599097277237,43.389104195867574,6.01926760345056,38.17811551731564,44.71436575299683,6.049520850052432,37.995990972772375,43.38910419586759,6.019267603450562,38.17811551731564,44.71436575299678,6.049520850052432,-18.539800844667052,-18.664046699182904,1.08993530286578,37.99599097277237,43.389104195867574,6.01926760345056,37.995990972772375,43.38910419586759,6.019267603450562,nan,-18.539800844667052,nan,-18.664046699182904,False,17.43597974848872,f34cb873e9de84d1,,-3.752046516303972,-6.197185204296364,-0.019302307336517055,tone,-92.91647458154199,2,-3.965414954545702,-6.472276326911866,0.991070444359019,1.0092178191519074,0.0,,,,,,,
2,2040,0,8,7275,4.964323236589367,4.274968322266558,84.2797883853613,83.43004988193077,0.9899176478760817,0.9867728634017738,0.0,-91.63190085108273,-91.63190085108273,-91.63190085108273,-91.63510179464208,117.4100189989725,phase,-91.63190085108273,phase,nan,nan,nan,nan,nan,nan,nan,nan,nan,nan,37.88814540019504,44.34778949987308,6.001353056510805,38.25180523247651,44.195420137163104,6.061761666524338,37.88814540019504,44.34778949987305,6.001353056510805,38.251805232476514,44.195420137163126,6.061761666524339,-18.65023812765992,-18.82721875638698,1.069603128763866,37.88814540019504,44.34778949987308,6.001353056510805,37.88814540019504,44.34778949987305,6.001353056510805,nan,-18.65023812765992,nan,-18.82721875638698,False,17.651944114224328,c9e77532e76b5425,,4.964323236589367,4.274968322266558,-0.013227136598226163,tone,-91.63190085108273,3,-2.2122468092379024,-4.989703502295418,0.9887763651334688,1.0115852189134105,0.0,,,,,,,
3,3060,0,7,4871,-3.3911042976600694,-3.698615087049154,83.33420290815256,82.87587765157893,0.9945001543114442,0.9921672215232125,0.0,-91.84322863425092,-91.84322863425092,-91.84322863425092,-91.69365140086754,136.8200607656372,phase,-91.84322863425092,phase,nan,nan,nan,nan,nan,nan,nan,nan,nan,nan,37.83971281424608,44.096330542784116,5.993307776452838,38.14115752015243,43.80882887668697,6.0433816478658535,37.839712814246084,44.09633054278412,5.993307776452839,38.14115752015241,43.80882887668692,6.04338164786585,-18.657889265719714,-18.844269124639887,1.2278018242860265,37.83971281424608,44.096330542784116,5.993307776452838,37.839712814246084,44.09633054278412,5.993307776452839,nan,-18.657889265719714,nan,-18.844269124639887,False,15.201972898478017,e40178e6b365ec81,,-3.3911042976600694,-3.698615087049154,-0.007832778476787539,tone,-91.84322863425092,4,-3.4126057033552932,-6.269393296357159,0.9874210135430135,1.0129827822300517,0.0,,,,,,,
4,4080,0,8,6267,-8.081487965213913,-9.045364191903355,84.18267728334895,85.76921638640627,1.018846384484984,0.9937278863508022,0.0,-91.08388209972192,-91.08388209972192,-91.08388209972192,-90.92907980621094,126.1872512404481,phase,-91.08388209972192,phase,nan,nan,nan,nan,nan,nan,nan,nan,nan,nan,37.91421527772937,43.21084497559959,6.005683600951723,37.243281398027705,43.234938664201394,5.894232790370052,37.91421527772937,43.210844975599585,6.005683600951723,37.24328139802769,43.23493866420136,5.894232790370049,-18.69604166537418,-18.900237211669364,0.5624774614585553,37.91421527772937,43.21084497559959,6.005683600951723,37.91421527772937,43.210844975599585,6.005683600951723,nan,-18.69604166537418,nan,-18.900237211669364,False,17.174404045307796,f2aedadf6b03bf46,,-8.081487965213913,-9.045364191903355,-0.006272113649197775,tone,-91.08388209972192,5,-6.277159676817653,-9.39469564374414,0.9863372006001176,1.0141016700703414,0.0,,,,,,,
5,5100,0,7,4731,2.0650867970851015,0.43637727541097837,82.9664510697289,82.6814594784614,0.9965649779206781,0.9950525616780708,0.0,-83.00034694594605,-83.00034694594605,-83.00034694594605,-82.88682369851409,98.22227022200165,phase,-83.00034694594605,phase,nan,nan,nan,nan,nan,nan,nan,nan,nan,nan,36.770734106587696,43.34940757991332,5.815736562556096,38.11184388749388,44.394301081415044,6.038512273670081,36.77073410658769,43.349407579913304,5.815736562556095,38.1118438874939,44.39430108141502,6.038512273670084,-19.4626995990895,-19.743148452646437,1.4337744089634443,36.770734106587696,43.34940757991332,5.815736562556096,36.77073410658769,43.349407579913304,5.815736562556095,nan,-19.4626995990895,nan,-19.743148452646437,False,17.40347272417475,2f3c31a159b80390,,2.0650867970851015,0.43637727541097837,-0.004947438321929232,tone,-83.00034694594605,6,-5.544367302627545,-9.244087424764233,0.9854832281688137,1.014984046529798,0.0,,,,,,,
6,6120,0,8,5875,5.480929502202239,5.972593903064331,85.09921811584755,84.33474292110239,0.9910166601800682,0.9973071308041522,0.0,-89.05954544123512,-89.05954544123512,-89.05954544123512,-88.95828826819647,82.98909804994234,phase,-89.05954544123512,phase,nan,nan,nan,nan,nan,nan,nan,nan,nan,nan,38.25985412157607,44.28454353686118,6.063098691291707,38.01739630295892,42.7250476669629,6.022823306139356,38.25985412157606,44.28454353686117,6.063098691291706,38.01739630295892,42.72504766696293,6.022823306139356,-18.817683562280624,-19.019257951758238,0.8208310373395751,38.25985412157607,44.28454353686118,6.063098691291707,38.25985412157606,44.28454353686117,6.063098691291706,nan,-18.817683562280624,nan,-19.019257951758238,False,17.380917457914407,3818f8575785e4aa,,5.480929502202239,5.972593903064331,-0.002692869195847769,tone,-89.05954544123512,7,-3.5977838693048483,-7.184539914417089,0.9850188171188856,1.0154636514158277,0.0,,,,,,,
7,7140,0,8,4959,-4.672414862970821,-7.952693609627028,83.4078376741842,86.03383315097179,1.031483797566429,0.9994645687611928,0.0,-93.1729672274501,-93.1729672274501,-93.1729672274501,-93.18242875379966,129.96076518601464,phase,-93.1729672274501,phase,nan,nan,nan,nan,nan,nan,nan,nan,nan,nan,37.96044734530169,44.19125246240368,6.01336334639563,38.01246196530212,43.398554892988415,6.022003648721284,37.96044734530168,44.191252462403654,6.013363346395629,38.012461965302116,43.39855489298842,6.022003648721283,-18.470320418845564,-18.633796411958528,1.0654171505901875,37.96044734530169,44.19125246240368,6.01336334639563,37.96044734530168,44.191252462403654,6.013363346395629,nan,-18.470320418845564,nan,-18.633796411958528,False,17.187426556894614,3e907aa261b2bdd0,,-4.672414862970821,-7.952693609627028,-0.0005354312388071714,tone,-93.1729672274501,8,-5.258001089137321,-9.925595942851585,0.9849265203959234,1.0155588518072383,0.0,,,,,,,
8,8160,0,8,4371,-7.383675908786467,-6.876161089373753,82.9166187175987,83.83222801958681,1.0110425306307598,0.999993808192612,0.0,-92.4479547186697,-92.4479547186697,-92.4479547186697,-92.45072312934143,113.232759389753,phase,-92.4479547186697,phase,nan,nan,nan,nan,nan,nan,nan,nan,nan,nan,37.795961014557214,44.13914994038657,5.986040035640734,37.24154830480008,42.25306951360505,5.893944901129582,37.7959610145572,44.13914994038655,5.986040035640731,37.24154830480007,42.25306951360503,5.89394490112958,-18.603998869027066,-18.75842333107086,0.23144068826288589,37.795961014557214,44.13914994038657,5.986040035640734,37.7959610145572,44.13914994038655,5.986040035640731,nan,-18.603998869027066,nan,-18.75842333107086,False,19.031511942876673,8fe6c5d44c8ef878,,-7.383675908786467,-6.876161089373753,-6.191807388034043e-06,tone,-92.4479547186697,9,-7.88183800951634,-12.295381186708251,0.9849254531627449,1.0155599522393923,0.0,,,,,,,
9,9180,0,8,1723,11.7922287878357,11.388733792565068,79.48577655218907,79.41380848610598,0.9990945793171457,1.000135982916379,0.0,-92.37739327109132,-92.37739327109132,-92.37739327109132,-92.38309112648062,72.11724852898791,phase,-92.37739327109132,phase,nan,nan,nan,nan,nan,nan,nan,nan,nan,nan,37.47484155552656,44.16280748193139,5.932697932811721,37.63800854901547,44.61195945714012,5.959802084554065,37.47484155552656,44.16280748193135,5.932697932811721,37.63800854901546,44.61195945714011,5.959802084554064,-18.588405476083874,-18.75169244796468,-2.045223834994525,37.47484155552656,44.16280748193139,5.932697932811721,37.47484155552656,44.16280748193135,5.932697932811721,nan,-18.588405476083874,nan,-18.75169244796468,False,19.585865978550284,8b061b34d43fd814,,11.7922287878357,11.388733792565068,0.00013598291637895166,tone,-92.37739327109132,10,-3.691388811062616,-8.370396926932948,0.9849488914439638,1.015535788234573,0.0,,,,,,,
10,10200,0,8,3121,-0.852197064396961,2.3370064206143755,83.24558671629177,84.01721991165725,1.0092693586027002,0.9982116891412918,0.0,-85.46940997393601,-85.46940997393601,-85.46940997393601,-85.40501046722305,121.73393665435232,phase,-85.46940997393601,phase,nan,nan,nan,nan,nan,nan,nan,nan,nan,nan,37.810592375713775,44.78878901111738,5.9884704943046145,37.69566392130086,43.957571217726596,5.96937938892041,37.81059237571376,44.78878901111738,5.988470494304612,37.695663921300856,43.95757121772657,5.969379388920409,-19.18621121293424,-19.44563933791911,-1.8218771927407533,37.810592375713775,44.78878901111738,5.9884704943046145,37.81059237571376,44.78878901111738,5.988470494304612,nan,-19.18621121293424,nan,-19.44563933791911,False,15.643839829434064,5cc1d40363cdc0db,,-0.852197064396961,2.3370064206143755,-0.0017883108587082308,tone,-85.46940997393601,11,-3.9942156634302197,-7.564957811254931,0.9846406473543415,1.01585417400086,0.0,,,,,,,
11,11220,0,8,5871,-4.370750206782368,-3.686744548906317,82.6958587182718,84.17312672444197,1.0178638692319881,0.9986150686322917,0.0,-82.74569040255453,-82.74569040255453,-82.74569040255453,-82.71006734513182,106.85376006987755,phase,-82.74569040255453,phase,nan,nan,nan,nan,nan,nan,nan,nan,nan,nan,37.52512893670484,43.38497577229685,5.941051318389508,37.86774416626337,44.2258219216231,5.99796414721983,37.52512893670483,43.38497577229681,5.9410513183895075,37.867744166263364,44.22582192162309,5.997964147219829,-19.40334000931642,-19.664551883756204,0.275776097604183,37.52512893670484,43.38497577229685,5.941051318389508,37.52512893670483,43.38497577229681,5.9410513183895075,nan,-19.40334000931642,nan,-19.664551883756204,False,17.0153139543995,bf7657ace667b6de,,-4.370750206782368,-3.686744548906317,-0.001384931367708342,tone,-82.74569040255453,12,-5.547840913905294,-8.835180078527044,0.9844020069036142,1.0161007209057555,0.0,,,,,,,
12,12240,0,8,7227,-1.8441386918533358,-1.9262503997748486,81.28705263773573,81.85552999234197,1.0069934551218105,1.0016099958197777,0.0,-92.32376942202502,-92.32376942202502,-92.32376942202502,-92.40676188817085,110.91956279859671,phase,-92.32376942202502,phase,nan,nan,nan,nan,nan,nan,nan,nan,nan,nan,38.117418709486465,43.84439587347751,6.039438323834962,37.616539111101474,44.03596847206848,5.956235732741109,38.11741870948647,43.844395873477524,6.039438323834963,37.61653911110149,44.03596847206852,5.956235732741112,-18.58681942991843,-18.746849329337692,0.06635655410915575,38.117418709486465,43.84439587347751,6.039438323834962,38.11741870948647,43.844395873477524,6.039438323834963,nan,-18.58681942991843,nan,-18.746849329337692,False,17.194814941059402,6f09571c4180d42f,,-1.8441386918533358,-1.9262503997748486,0.0016099958197777209,tone,-92.32376942202502,13,-6.203516682160677,-9.498684813884601,0.9846793614489311,1.0158148954487485,0.0,,,,,,,
13,13260,0,8,5291,-0.7709428477049727,-1.395707361559611,82.8053754936531,84.39180822192563,1.0191585717571454,1.0003432648137354,0.0,-92.71082756072728,-92.71082756072728,-92.71082756072728,-92.74701373733426,176.0323862178956,phase,-92.71082756072728,phase,nan,nan,nan,nan,nan,nan,nan,nan,nan,nan,37.66340195260874,43.570361105813895,5.9640202579084285,38.25774849196233,43.69237717654136,6.0627489189306205,37.66340195260873,43.570361105813866,5.964020257908428,38.25774849196233,43.69237717654137,6.0627489189306205,-18.55888617147753,-18.72415986081842,1.1119798005133972,37.66340195260874,43.570361105813895,5.9640202579084285,37.66340195260873,43.570361105813866,5.964020257908428,nan,-18.55888617147753,nan,-18.72415986081842,False,16.032975810688857,7f4e6bfe810043c3,,-0.7709428477049727,-1.395707361559611,0.00034326481373536666,tone,-92.71082756072728,14,-6.477544967164734,-9.979577128748781,0.9847385124600105,1.0157538950236449,0.0,,,,,,,
14,14280,0,7,5263,5.237724295605253,5.386610880627288,82.63034544800541,83.5870064650782,1.0115775991481817,0.9992694388430429,0.0,-87.14687366966342,-87.14687366966342,-87.14687366966342,-87.12175555496282,115.97792397568017,phase,-87.14687366966342,phase,nan,nan,nan,nan,nan,nan,nan,nan,nan,nan,37.74761234902807,44.2161482975576,5.978008695851839,38.74346463804785,44.89630449013373,6.14343266412755,37.747612349028074,44.2161482975576,5.97800869585184,38.74346463804783,44.89630449013369,6.143432664127547,-19.002633406619683,-19.242062311462842,-0.9818602523666269,37.74761234902807,44.2161482975576,5.978008695851839,37.747612349028074,44.2161482975576,5.97800869585184,nan,-19.002633406619683,nan,-19.242062311462842,False,14.867334316866842,b795f2369f6d6752,,5.237724295605253,5.386610880627288,-0.0007305611569571324,tone,-87.14687366966342,15,-4.615930457052555,-8.123503706381385,0.9846126154112921,1.0158838522749931,0.0,,,,,,,
15,15300,0,7,6419,-2.0154965482038047,-1.5676862795898265,83.35652019292937,84.50895313829506,1.0138253485474007,1.000420594660144,0.0,-92.96104835006423,-92.96104835006423,-92.96104835006423,-92.99438221757657,130.96643294534903,phase,-92.96104835006423,phase,nan,nan,nan,nan,nan,nan,nan,nan,nan,nan,37.88400732773812,43.38657011798367,6.000665669059488,38.19186144124466,45.542325802542635,6.051804226120376,37.88400732773811,43.38657011798365,6.0006656690594875,38.19186144124466,45.542325802542635,6.051804226120376,-18.524715779157756,-18.710916868621446,0.6725151824859393,37.88400732773812,43.38657011798367,6.000665669059488,37.88400732773811,43.38657011798365,6.0006656690594875,nan,-18.524715779157756,nan,-18.710916868621446,False,16.7023894755902,6a3772d39a875c52,,-2.0154965482038047,-1.5676862795898265,0.0004205946601441024,tone,-92.96104835006423,16,-5.332378510662616,-8.663614858485722,0.9846850869027537,1.0158091105293434,0.0,,,,,,,
16,16320,0,8,8141,-4.088755117206578,-3.530715319970964,83.41273950912799,84.36564360397153,1.0114239635390379,0.9985929466084554,0.0,-86.01308651620836,-86.01308651620836,-86.01308651620836,-85.95886503755861,114.12966950534766,phase,-86.01308651620836,phase,nan,nan,nan,nan,nan,nan,nan,nan,nan,nan,37.458219473853035,43.7875698373844,5.929936789676584,38.07461271818121,44.18074769611895,6.032327694050035,37.45821947385303,43.7875698373844,5.929936789676583,38.07461271818121,44.18074769611894,6.032327694050035,-19.08076831487744,-19.333673655813122,-0.8126924483959423,37.458219473853035,43.7875698373844,5.929936789676584,37.45821947385303,43.7875698373844,5.929936789676583,nan,-19.08076831487744,nan,-19.333673655813122,False,15.560965786358032,e6d222eb58ce9c17,,-4.088755117206578,-3.530715319970964,-0.001407053391544566,tone,-86.01308651620836,17,-6.785700298569039,-9.880133148369815,0.9844426236168059,1.0160595900568854,0.0,,,,,,,
17,17340,0,7,7587,-5.508082991436325,-6.313273589549425,83.38344094293701,82.930701400805,0.9945703902715908,1.00106345662893,0.0,-92.04693167314514,-92.04693167314514,-92.04693167314514,-92.10212112674476,137.48084562396804,phase,-92.04693167314514,phase,nan,nan,nan,nan,nan,nan,nan,nan,nan,nan,37.580084368375125,43.78437701032599,5.950180127637065,38.120293059784,44.72512864968358,6.039915790661794,37.58008436837513,43.784377010326,5.950180127637066,38.120293059784,44.7251286496836,6.039915790661794,-18.55312468385582,-18.703128431363417,0.3193543112384636,37.580084368375125,43.78437701032599,5.950180127637065,37.58008436837513,43.784377010326,5.950180127637066,nan,-18.55312468385582,nan,-18.703128431363417,False,17.079253344682318,b0a31087e8315287,,-5.508082991436325,-6.313273589549425,0.0010634566289300373,tone,-92.04693167314514,18,-8.743995277630328,-12.054853782834364,0.984625833222736,1.015870697257559,0.0,,,,,,,
18,18360,0,7,1759,11.631339713041871,13.913369081973524,81.68566228546234,83.27279268680154,1.019429730468399,0.9990343164590421,0.0,-86.66528017442165,-86.66528017442165,-86.66528017442165,-86.63920547902288,73.98088001819437,phase,-86.66528017442165,phase,nan,nan,nan,nan,nan,nan,nan,nan,nan,nan,37.27363299758322,44.14265086641568,5.89927458431615,38.05114878690204,44.16629935311522,6.0284300310468515,37.27363299758323,44.14265086641569,5.899274584316151,38.05114878690204,44.16629935311522,6.0284300310468515,-18.9959517191586,-19.217350573952498,-0.42683674323822096,37.27363299758322,44.14265086641568,5.89927458431615,37.27363299758323,44.14265086641569,5.899274584316151,nan,-18.9959517191586,nan,-19.217350573952498,False,17.6037482073301,e7cd9ad3bbbdaa59,,11.631339713041871,13.913369081973524,-0.0009656835409579401,tone,-86.66528017442165,19,-4.609461364133316,-7.261252400456763,0.9844594367545355,1.0160425398852708,0.0,,,,,,,
19,19380,0,8,4507,6.226548665059754,7.248794672184666,82.76279314443491,83.56041153761717,1.00963740302711,1.0009598125107957,0.0,-91.36906053741869,-91.36906053741869,-91.36906053741869,-91.41870922375179,116.68327617670083,phase,-91.36906053741869,phase,nan,nan,nan,nan,nan,nan,nan,nan,nan,nan,37.746126143513685,42.764181908789716,5.977761817859417,37.8997606938176,44.0831937684805,6.003282507278671,37.746126143513685,42.76418190878971,5.977761817859417,37.899760693817605,44.08319376848052,6.003282507278673,-18.741436354490848,-18.890681720179174,0.0704267851317475,37.746126143513685,42.764181908789716,5.977761817859417,37.746126143513685,42.76418190878971,5.977761817859417,nan,-18.741436354490848,nan,-18.890681720179174,False,17.85971936900052,4e9c7a2c0b893a70,,6.226548665059754,7.248794672184666,0.0009598125107956879,tone,-91.36906053741869,20,-2.3957672784172206,-4.764232801699496,0.9846247936391949,1.0158720417218168,0.0,19,-89.84135116058705,0.8070282817636788,-89.84135116058705,move+1:OK,1,31
20,20400,0,8,5859,-1.3867743478502006,-2.664855972245088,81.08231083129031,81.79738838261997,1.008819156040305,1.0040955538785268,0.0,-74.16415727707425,-74.16415727707425,-74.16415727707425,-74.39486826393222,116.19980216946325,phase,-74.16415727707425,phase,nan,nan,nan,nan,nan,nan,nan,nan,nan,nan,37.86983283248732,44.39590777350227,5.998311101742081,37.92685406989903,43.97034432406538,6.00778306808954,37.86983283248733,44.39590777350229,5.9983111017420825,37.92685406989903,43.97034432406538,6.00778306808954,-20.525342230377976,-20.713422017242145,0.9076662645829126,37.86983283248732,44.39590777350227,5.998311101742081,37.86983283248733,44.39590777350229,5.9983111017420825,nan,-20.525342230377976,nan,-20.713422017242145,False,16.845095293532,ea1935f4772f327e,,-1.3867743478502006,-2.664855972245088,0.004095553878526781,tone,-74.16415727707425,1,-2.888717511727544,-5.682359841306703,0.9853304958203792,1.0151469137533822,0.0,,,,,,,
21,21420,0,8,4051,-5.173712127394036,-6.424842937798635,83.54015089965564,83.10426382801802,0.9947823044734359,1.001388396961608,0.0,-72.04888133186988,-72.04888133186988,-72.04888133186988,-72.10625763698206,112.09858257955432,phase,-72.04888133186988,phase,nan,nan,nan,nan,nan,nan,nan,nan,nan,nan,37.76262400070079,44.07777918738897,5.980502325697806,38.01586309040884,44.15580684035387,6.022568619669244,37.7626240007008,44.077779187389005,5.980502325697808,38.01586309040885,44.15580684035386,6.0225686196692445,-20.58669458614553,-20.861109919493757,1.3738998073554227,37.76262400070079,44.07777918738897,5.980502325697806,37.7626240007008,44.077779187389005,5.980502325697808,nan,-20.58669458614553,nan,-20.861109919493757,False,18.37206272424594,caece20d9c25ac0b,,-5.173712127394036,-6.424842937798635,0.0013883969616079739,tone,-72.04888133186988,2,-4.72647575859907,-7.897502297796322,0.9855699010470302,1.014900606020428,0.0,,,,,,,
22,22440,0,7,3955,5.868543069288161,4.11026440463541,82.79287210710672,83.77056946947303,1.0118089557407972,1.001045011421816,0.0,-72.64426341223796,-72.64426341223796,-72.64426341223796,-72.68521711249957,113.31827059524522,phase,-72.64426341223796,phase,nan,nan,nan,nan,nan,nan,nan,nan,nan,nan,37.79022614350668,43.79117123225366,5.985087399253602,37.74643851742374,44.273439846153025,5.9778137072132465,37.790226143506686,43.791171232253646,5.985087399253603,37.746438517423755,44.27343984615304,5.977813707213249,-20.571890998595155,-20.8426130076278,1.0546279238045049,37.79022614350668,43.79117123225366,5.985087399253602,37.790226143506686,43.791171232253646,5.985087399253603,nan,-20.571890998595155,nan,-20.8426130076278,False,15.743384713283309,37f3f068db429fc1,,5.868543069288161,4.11026440463541,0.0010450114218159001,tone,-72.64426341223796,3,-2.6424124445015327,-6.480030938444865,0.985750139112659,1.0147151977972115,0.0,,,,,,,
23,23460,0,7,5643,-1.8718079160009153,-1.7824167594637736,82.96098515325869,84.95836831324198,1.0240761745571536,1.001456374556262,0.0,-74.30526144695112,-74.30526144695112,-74.30526144695112,-74.37597126085493,120.91839953005497,phase,-74.30526144695112,phase,nan,nan,nan,nan,nan,nan,nan,nan,nan,nan,37.64521039737011,43.459537608440314,5.960998404878756,38.00781532959104,44.49638028107644,6.021231782324094,37.645210397370114,43.4595376084403,5.960998404878757,38.00781532959104,44.49638028107644,6.021231782324094,-20.38151685683348,-20.626389102762662,-1.734641368741566,37.64521039737011,43.459537608440314,5.960998404878756,37.645210397370114,43.4595376084403,5.960998404878757,nan,-20.38151685683348,nan,-20.626389102762662,False,15.43486730495804,739f71b91b5c8024,,-1.8718079160009153,-1.7824167594637736,0.001456374556261908,tone,-74.30526144695112,4,-3.3070157193131906,-7.094829915701333,0.9860013728614101,1.0144569579468723,0.0,,,,,,,
24,24480,0,8,8007,3.32931304509691,3.982027206015097,81.00318624104048,81.76746153906721,1.0094351263634553,1.0012388502645748,0.0,-73.9524686737548,-73.9524686737548,-73.9524686737548,-73.99777535128415,102.96018083683266,phase,-73.9524686737548,phase,nan,nan,nan,nan,nan,nan,nan,nan,nan,nan,37.687189652168904,44.08722043912603,5.967971703018091,37.447590660894654,43.58962946452102,5.928171206128681,37.687189652168904,44.08722043912603,5.967971703018091,37.44759066089465,43.589629464521025,5.928171206128679,-20.441285025830776,-20.67857152346106,-1.1033109726961214,37.687189652168904,44.08722043912603,5.967971703018091,37.687189652168904,44.08722043912603,5.967971703018091,nan,-20.441285025830776,nan,-20.67857152346106,False,16.458287889903932,ea5aae77c20bf623,,3.32931304509691,3.982027206015097,0.00123885026457482,tone,-73.9524686737548,5,-2.125212531349775,-5.720982054352963,0.9862151367721973,1.01423729702648,0.0,,,,,,,
25,25500,0,8,379,-9.244782960667816,-7.896005972846258,81.67725599852292,83.22755462366618,1.0189807873218866,1.00042824666078,0.0,-74.01349715208474,-74.01349715208474,-74.01349715208474,-74.04229277123508,55.85624455724209,phase,-74.01349715208474,phase,nan,nan,nan,nan,nan,nan,nan,nan,nan,nan,38.082714431258616,43.1965323658643,6.033673493564555,37.84931050445999,44.521826343402154,5.994902077152823,38.082714431258616,43.1965323658643,6.033673493564555,37.84931050445999,44.521826343402196,5.994902077152823,-20.44092120124507,-20.688027785544648,-0.23097132380556928,38.082714431258616,43.1965323658643,6.033673493564555,38.082714431258616,43.1965323658643,6.033673493564555,nan,-20.44092120124507,nan,-20.688027785544648,False,16.82978967301002,b73141dac6fcbf4d,,-9.244782960667816,-7.896005972846258,0.00042824666077989626,tone,-74.01349715208474,6,-5.406113336445746,-8.445790241350682,0.9862890468565457,1.0141613194098948,0.0,,,,,,,
26,26520,0,7,2799,-5.486737451193676,-6.073800774906648,81.3667316652334,82.26941183130691,1.011093971056714,0.9995179318834062,0.0,-73.00132587222433,-73.00132587222433,-73.00132587222433,-72.98831326593773,105.08720183095669,phase,-73.00132587222433,phase,nan,nan,nan,nan,nan,nan,nan,nan,nan,nan,37.62976483750817,42.582527272002515,5.958432697260494,38.34080144283379,44.131468257483164,6.076545090171727,37.62976483750816,42.5825272720025,5.958432697260493,38.34080144283381,44.131468257483164,6.07654509017173,-20.43397358522485,-20.710494680649486,0.4952040667503139,37.62976483750817,42.582527272002515,5.958432697260494,37.62976483750816,42.5825272720025,5.958432697260493,nan,-20.43397358522485,nan,-20.710494680649486,False,14.543222395254011,60a2508dca5dd10e,,-5.486737451193676,-6.073800774906648,-0.00048206811659379234,tone,-73.00132587222433,7,-7.3531674115551295,-10.541936318440541,0.9862058416184796,1.014246917270399,0.0,,,,,,,
27,27540,0,8,8043,5.407697332239188,5.345315524105519,84.67329207926863,85.35253308327931,1.0080219038061589,1.0002980388202152,0.0,-72.9058475122513,-72.9058475122513,-72.9058475122513,-72.91067525503156,112.32124094789789,phase,-72.9058475122513,phase,nan,nan,nan,nan,nan,nan,nan,nan,nan,nan,37.09596604999601,42.682927765765555,5.869761802324919,37.624975590287264,43.26524989719499,5.957637141243732,37.09596604999601,42.68292776576557,5.869761802324919,37.62497559028726,43.26524989719498,5.9576371412437314,-20.476127397679743,-20.736551546255733,-0.44030327752052223,37.09596604999601,42.682927765765555,5.869761802324919,37.09596604999601,42.68292776576557,5.869761802324919,nan,-20.476127397679743,nan,-20.736551546255733,False,16.486894489114448,db6268ae87f3cce0,,5.407697332239188,5.345315524105519,0.00029803882021517403,tone,-72.9058475122513,8,-5.434000046679676,-8.697355475669136,0.9862572789529465,1.0141940331648551,0.0,,,,,,,
28,28560,0,7,4871,1.0493010787450938,-0.4506164340729486,83.91995809858099,86.58206298378836,1.0317219520305312,0.9987220696527912,0.0,-67.49066663378413,-67.49066663378413,-67.49066663378413,-67.48880696938693,80.03585038934135,phase,-67.49066663378413,phase,nan,nan,nan,nan,nan,nan,nan,nan,nan,nan,37.283444681539784,42.59711152119968,5.900904432149466,38.05471781122594,43.761440912430544,6.029022892230223,37.283444681539784,42.59711152119966,5.900904432149466,38.054717811225956,43.76144091243055,6.029022892230226,-21.029609882017777,-21.393990850349542,0.5708355129406012,37.283444681539784,42.59711152119968,5.900904432149466,37.283444681539784,42.59711152119966,5.900904432149466,nan,-21.029609882017777,nan,-21.393990850349542,False,15.153232367303326,3e23bed0c835b1a6,,1.0493010787450938,-0.4506164340729486,-0.0012779303472088,tone,-67.49066663378413,9,-5.061627253699454,-8.852863935360395,0.9860367145342338,1.01442113551911,0.0,,,,,,,
29,29580,0,7,5255,5.105925457676379,7.214955421959589,82.63570007219536,84.33259641811279,1.0205346641274282,0.9995444464031737,0.0,-69.44395055083356,-69.44395055083356,-69.44395055083356,-69.43769666574849,66.06066038883671,phase,-69.44395055083356,phase,nan,nan,nan,nan,nan,nan,nan,nan,nan,nan,37.704973384031156,42.514765155820626,5.970925811300857,37.816414819349326,43.3565620114328,5.989437677632779,37.70497338403115,42.514765155820626,5.970925811300856,37.81641481934932,43.356562011432786,5.989437677632778,-20.865661936044834,-21.19283358329341,-1.2017799393398612,37.704973384031156,42.514765155820626,5.970925811300857,37.70497338403115,42.514765155820626,5.970925811300856,nan,-20.865661936044834,nan,-21.19283358329341,False,14.979657640069894,8ca9c5ba0abaebb8,,5.105925457676379,7.214955421959589,-0.0004555535968262525,tone,-69.44395055083356,10,-3.2492465544362648,-6.363528580184049,0.9859581058341498,1.0145020439367025,0.0,,,,,,,
30,30600,0,8,3723,-5.301307765717322,-6.5509230667790685,83.4496164496975,84.17799002858473,1.0087283034946755,1.0003708269298766,0.0,-73.2549628505714,-73.2549628505714,-73.2549628505714,-73.26399863860347,95.17687505526439,phase,-73.2549628505714,phase,nan,nan,nan,nan,nan,nan,nan,nan,nan,nan,37.55889466213725,42.87332869014647,5.946660242879942,38.05534066563975,43.01601159927649,6.029126356418564,37.55889466213726,42.87332869014648,5.946660242879945,38.055340665639754,43.016011599276496,6.029126356418565,-20.455306244944897,-20.715460756051627,1.5047215434083574,37.55889466213725,42.87332869014647,5.946660242879942,37.55889466213726,42.87332869014648,5.946660242879945,nan,-20.455306244944897,nan,-20.715460756051627,False,16.703781438400178,3a4ed5c85ce77a06,,-5.301307765717322,-6.5509230667790685,0.0003708269298765554,tone,-73.2549628505714,11,-5.131129473215345,-8.623576341621312,0.9860220893021902,1.0144362325226435,0.0,,,,,,,
31,31620,0,8,6465,-6.202311129806915,-6.451984967282135,82.41977556811362,83.45716908781178,1.0125867064372291,1.0013167919169523,0.0,-73.7015699286292,-73.7015699286292,-73.7015699286292,-73.7447848894013,114.70274613986993,phase,-73.7015699286292,phase,nan,nan,nan,nan,nan,nan,nan,nan,nan,nan,23.19987848789731,30.977704659776432,3.561441609285267,23.067215098745258,30.910974125164525,3.539404501452701,23.19987848789731,30.97770465977643,3.561441609285267,23.067215098745258,30.910974125164525,3.539404501452701,-20.466973473193256,-20.67228050159745,-0.176946137929189,23.19987848789731,30.977704659776432,3.561441609285267,23.19987848789731,30.97770465977643,3.561441609285267,nan,-20.466973473193256,nan,-20.67228050159745,False,16.037702957491472,1d924fca653e619a,,-6.202311129806915,-6.451984967282135,0.0013167919169523312,tone,-73.7015699286292,12,-7.3327118910785245,-10.849635177210411,0.986249306837688,1.014202774687565,0.0,,,,,,,
32,32640,0,8,1831,-7.569263138582717,-7.4055491063639165,84.11201810867216,85.73384036684574,1.0192816947523267,0.9995490534352561,0.0,-70.94931452383578,-70.94931452383578,-70.94931452383578,-70.93844014196415,90.41443367941156,phase,-70.94931452383578,phase,nan,nan,nan,nan,nan,nan,nan,nan,nan,nan,38.15666522045791,44.67033471460449,6.045957677816929,37.96803671002796,43.21937324935138,6.014624038210625,38.156665220457896,44.67033471460449,6.045957677816927,37.96803671002794,43.21937324935136,6.014624038210622,-20.72661177449611,-21.033028020927183,0.6973443910129529,38.15666522045791,44.67033471460449,6.045957677816929,38.156665220457896,44.67033471460449,6.045957677816927,nan,-20.72661177449611,nan,-21.033028020927183,False,19.224906757016726,2a2e4893de9f3fb8,,-7.569263138582717,-7.4055491063639165,-0.0004509465647438704,tone,-70.94931452383578,13,-10.018890811698999,-13.40528011520207,0.9861714763337306,1.014282847266029,0.0,,,,,,,
33,33660,0,8,2883,4.410683355681833,5.415490931040713,81.41367794559979,83.25445420326139,1.0226101596698727,1.001030377647833,0.0,-73.90443484612514,-73.90443484612514,-73.90443484612514,-73.94498239033938,124.96770559482849,phase,-73.90443484612514,phase,nan,nan,nan,nan,nan,nan,nan,nan,nan,nan,37.81437293496984,44.346524467931985,5.989098494181037,38.21913268037039,44.37110704210828,6.056334332287442,37.81437293496984,44.34652446793198,5.989098494181037,38.21913268037039,44.37110704210831,6.056334332287442,-20.409999501026782,-20.65564581871964,-0.028224875195342225,37.81437293496984,44.346524467931985,5.989098494181037,37.81437293496984,44.34652446793198,5.989098494181037,nan,-20.409999501026782,nan,-20.65564581871964,False,15.577766780895743,4e97663db3e2b709,,4.410683355681833,5.415490931040713,0.0010303776478330917,tone,-73.90443484612514,14,-8.453504657733394,-11.536549089164012,0.986349298916806,1.014100144003866,0.0,,,,,,,
34,34680,0,8,3071,0.37938649912729827,-0.08133209455045101,82.87050346038993,83.01605047913714,1.0017563187463532,1.0000495208675309,0.0,-73.0600305416365,-73.0600305416365,-73.0600305416365,-73.06168407072697,104.88565837254917,phase,-73.0600305416365,phase,nan,nan,nan,nan,nan,nan,nan,nan,nan,nan,37.727363327741564,44.15510567085647,5.974645071053417,37.915088383445095,43.48133375455946,6.005828635123771,37.72736332774156,44.15510567085644,5.974645071053415,37.91508838344509,43.481333754559444,6.00582863512377,-20.45958388305149,-20.733913559534813,-0.19818703273504584,37.727363327741564,44.15510567085647,5.974645071053417,37.72736332774156,44.15510567085644,5.974645071053415,nan,-20.45958388305149,nan,-20.733913559534813,False,15.563794762568584,7f4265fb9c66cdad,,0.37938649912729827,-0.08133209455045101,4.9520867530850055e-05,tone,-73.0600305416365,15,-8.31888168508022,-11.56461952506817,0.9863578467695759,1.0140913560932445,0.0,,,,,,,
35,35700,0,8,4059,1.5845091426163216,0.2187763920630014,81.96069265097465,83.80775114978219,1.022535906409102,1.0000355596991433,0.0,-72.60080196679577,-72.60080196679577,-72.60080196679577,-72.60785420472702,111.96945093807985,phase,-72.60080196679577,phase,nan,nan,nan,nan,nan,nan,nan,nan,nan,nan,37.8341507492231,43.78775440819205,5.9923838453858975,37.57083696154507,42.89935249634617,5.948644013545693,37.83415074922309,43.78775440819206,5.992383845385897,37.57083696154506,42.89935249634614,5.948644013545692,-20.557692188836022,-20.828352441841503,1.0073956263699833,37.8341507492231,43.78775440819205,5.9923838453858975,37.83415074922309,43.78775440819206,5.992383845385897,nan,-20.557692188836022,nan,-20.828352441841503,False,18.376872700691983,b81afb2b15c65acb,,1.5845091426163216,0.2187763920630014,3.5559699143261625e-05,tone,-72.60080196679577,16,-7.756633205249077,-11.489111794169999,0.9863639848225247,1.0140850456805237,0.0,,,,,,,
36,36720,0,8,2771,-0.36158068602486804,0.22031183167388768,83.04471726687999,83.53813726836312,1.0059416181753913,0.9990896398895184,0.0,-66.57395278817626,-66.57395278817626,-66.57395278817626,-66.54709623756133,96.35841301394679,phase,-66.57395278817626,phase,nan,nan,nan,nan,nan,nan,nan,nan,nan,nan,37.81384008513703,43.37904882893881,5.989009980919773,37.630566218383485,44.37029633605402,5.958565817007225,37.81384008513703,43.37904882893881,5.989009980919773,37.63056621838348,44.37029633605401,5.958565817007223,-21.184507263352348,-21.574094536538052,0.8459870061676664,37.81384008513703,43.37904882893881,5.989009980919773,37.81384008513703,43.37904882893881,5.989009980919773,nan,-21.184507263352348,nan,-21.574094536538052,False,16.93169273548703,a0e184a8a1fc26a2,,-0.36158068602486804,0.22031183167388768,-0.0009103601104816228,tone,-66.57395278817626,17,-7.884935983996088,-11.4130736537652,0.9862068441979401,1.0142467498400294,0.0,,,,,,,
37,37740,0,7,2795,5.2000986783526235,4.0215329737752095,82.1885949295129,84.17004682469641,1.0241085992148042,1.000320397189871,0.0,-73.75344223879958,-73.75344223879958,-73.75344223879958,-73.77366499839476,132.87771812483274,phase,-73.75344223879958,phase,nan,nan,nan,nan,nan,nan,nan,nan,nan,nan,38.20455895966575,43.61604037326931,6.053913448449461,37.89842138294253,43.74183056602463,6.0030600303891255,38.20455895966577,43.616040373269335,6.053913448449464,37.89842138294253,43.74183056602461,6.0030600303891255,-20.355069819159603,-20.61425350341444,0.8896908125198264,38.20455895966575,43.61604037326931,6.053913448449461,38.20455895966577,43.616040373269335,6.053913448449464,nan,-20.355069819159603,nan,-20.61425350341444,False,14.558073458946513,2d7db0d91d4195a8,,5.2000986783526235,4.0215329737752095,0.0003203971898710911,tone,-73.75344223879958,18,-6.039446320107564,-10.025308259354693,0.9862621403307048,1.0141898997381575,0.0,,,,,,,
38,38760,0,8,4247,0.49409267120090306,2.591687571821131,81.0937571234431,83.0037320931897,1.0235526757853775,0.9994028768335395,0.0,-68.45285494708995,-68.45285494708995,-68.45285494708995,-68.43970227379168,95.33963376248892,phase,-68.45285494708995,phase,nan,nan,nan,nan,nan,nan,nan,nan,nan,nan,38.0079594411766,44.84707102743869,6.021255721125682,37.92892736503579,44.20920579495825,6.008127469275049,38.00795944117661,44.847071027438695,6.021255721125684,37.92892736503579,44.20920579495825,6.008127469275049,-20.987816016351054,-21.31239877137167,-0.9707075645603545,38.0079594411766,44.84707102743869,6.021255721125682,38.00795944117661,44.847071027438695,6.021255721125684,nan,-20.987816016351054,nan,-21.31239877137167,False,17.508304122584633,a2e21ad0b6fc07f2,,0.49409267120090306,2.591687571821131,-0.0005971231664605448,tone,-68.45285494708995,19,-5.864105071722698,-9.130909044403344,0.9861590793355708,1.0142959424084492,0.0,,,,,,,
39,39780,0,8,6783,3.5798206875695584,1.8082105206659302,80.62247345578828,80.96197499437724,1.0042110037566032,1.001276793253844,0.0,-74.0924293901152,-74.0924293901152,-74.0924293901152,-74.1531052970667,89.95937265806319,phase,-74.0924293901152,phase,nan,nan,nan,nan,nan,nan,nan,nan,nan,nan,37.55103436363327,44.261651067590805,5.945354545454032,37.495693353353936,44.00757818670253,5.936161686603644,37.551034363633285,44.26165106759082,5.945354545454035,37.495693353353936,44.007578186702546,5.936161686603644,-20.385755268722143,-20.634251916390483,0.11864476192560591,37.55103436363327,44.261651067590805,5.945354545454032,37.551034363633285,44.26165106759082,5.945354545454035,nan,-20.385755268722143,nan,-20.634251916390483,False,16.4014311614072,08b7cd5900eb49aa,,3.5798206875695584,1.8082105206659302,0.0012767932538439997,tone,-74.0924293901152,20,-4.59358263076569,-8.50695536799376,0.9863794255560204,1.0140695983151438,0.0,19,-72.13750231348483,0.5511297632080657,-72.13750231348483,move+1:OK,1,32
40,40800,0,8,6191,2.5884249069256295,1.2585300166549551,83.13764644070757,83.79004777547895,1.0078472432490215,1.0027416170206953,0.0,-49.40695831124277,-49.40695831124277,-49.40695831124277,-49.51920107406194,67.84046930298916,phase,-49.40695831124277,phase,nan,nan,nan,nan,nan,nan,nan,nan,nan,nan,37.46228417346556,44.46938073348675,5.930611988947769,38.38639299265886,44.81107839829139,6.0841184373187485,37.46228417346556,44.46938073348679,5.930611988947769,38.38639299265887,44.8110783982914,6.08411843731875,-23.576739813768693,-24.08430344337489,0.11509331154227054,37.46228417346556,44.46938073348675,5.930611988947769,37.46228417346556,44.46938073348679,5.930611988947769,nan,-23.576739813768693,nan,-24.08430344337489,False,17.14722763474571,0294d5012b8bd5b7,,2.5884249069256295,1.2585300166549551,0.0027416170206953083,tone,-49.40695831124277,1,-3.6751239789002694,-8.072581330392108,0.9868526736148647,1.0135843952237882,0.0,,,,,,,
41,41820,0,7,6835,4.605762837557529,3.4000022557053167,84.07953042772252,85.92195522793921,1.0219128816591156,1.0020518188023497,0.0,-49.39797591053519,-49.39797591053519,-49.39797591053519,-49.49254977041665,99.2245728982466,phase,-49.39797591053519,phase,nan,nan,nan,nan,nan,nan,nan,nan,nan,nan,37.37997719477555,43.97932660181672,5.916939733351421,37.544914018083425,44.513060120454135,5.944337876758045,37.37997719477555,43.97932660181672,5.916939733351421,37.54491401808342,44.5130601204541,5.944337876758044,-23.589865199786804,-24.101753630901896,0.7357589382824172,37.37997719477555,43.97932660181672,5.916939733351421,37.37997719477555,43.97932660181672,5.916939733351421,nan,-23.589865199786804,nan,-24.101753630901896,False,15.349162777945537,8254fda52e2d9663,,4.605762837557529,3.4000022557053167,0.0020518188023497252,tone,-49.39797591053519,2,-2.041630919353419,-6.898529327318283,0.9872070211172672,1.0132211944300253,0.0,,,,,,,
42,42840,0,8,8023,0.7703307026707743,2.574926907723699,81.24498921757709,83.81712779668935,1.0316590426546057,1.001965005444243,0.0,-54.08430135111973,-54.08430135111973,-54.08430135111973,-54.13566963396314,99.67159026348081,phase,-54.08430135111973,phase,nan,nan,nan,nan,nan,nan,nan,nan,nan,nan,37.84926212323579,44.33888361780908,5.994894040404617,37.584146039930346,44.33504801468301,5.9508548239086965,37.84926212323579,44.33888361780909,5.994894040404617,37.584146039930346,44.33504801468299,5.9508548239086965,-22.916797196698383,-23.320619885004476,-1.9348589797795148,37.84926212323579,44.33888361780908,5.994894040404617,37.84926212323579,44.33888361780909,5.994894040404617,nan,-22.916797196698383,nan,-23.320619885004476,False,16.14122250869196,1b0d919cf98d36cf,,0.7703307026707743,2.574926907723699,0.001965005444243051,tone,-54.08430135111973,3,-1.7685212876678231,-6.009064694464578,0.987546497872208,1.0128734553356653,0.0,,,,,,,
43,43860,0,8,6493,-0.9855585216200022,-2.224751266130151,82.0084437174254,83.54875926854952,1.0187824019247524,1.0003066095206217,0.0,-50.47183550773219,-50.47183550773219,-50.47183550773219,-50.46118131005301,98.04154360007026,phase,-50.47183550773219,phase,nan,nan,nan,nan,nan,nan,nan,nan,nan,nan,23.240441551865956,31.179925318646422,3.568179659778398,23.21550896757701,31.04708893887053,3.564038034481231,23.240441551865956,31.179925318646426,3.568179659778398,23.215508967577,31.047088938870523,3.5640380344812295,-23.388328371702215,-23.896116856437782,-0.20342088475198505,23.240441551865956,31.179925318646422,3.568179659778398,23.240441551865956,31.179925318646426,3.568179659778398,nan,-23.388328371702215,nan,-23.896116856437782,False,16.128594615786852,1500a32af281f47c,,-0.9855585216200022,-2.224751266130151,0.00030660952062167013,tone,-50.47183550773219,4,-2.11781672166534,-6.777830959434475,0.9875994863249111,1.0128191245811884,0.0,,,,,,,
44,44880,0,8,5365,0.24801215385024497,1.8746341937143047,81.51749106877998,83.37332371759442,1.0227660668217646,1.0009528124647178,0.0,-55.05945021759496,-55.05945021759496,-55.05945021759496,-55.06966635910326,37.56433551644456,phase,-55.05945021759496,phase,nan,nan,nan,nan,nan,nan,nan,nan,nan,nan,23.285967318947662,31.5827827947895,3.5757420795594124,23.255219782465986,31.247125737904803,3.5706345153597985,23.285967318947666,31.58278279478951,3.575742079559413,23.255219782465986,31.247125737904803,3.5706345153597985,-22.841161376852632,-23.24090883969184,-1.2792309377597215,23.285967318947662,31.5827827947895,3.5757420795594124,23.285967318947666,31.58278279478951,3.575742079559413,nan,-22.841161376852632,nan,-23.24090883969184,False,15.882288288609093,56813a93dc5bef29,,0.24801215385024497,1.8746341937143047,0.0009528124647177894,tone,-55.05945021759496,5,-2.0299225347509617,-6.130013445057147,0.987764160817537,1.0126504056685504,0.0,,,,,,,
45,45900,0,8,4239,-0.40846794938278563,-1.8757812710609585,82.41199568236195,83.37471555121788,1.0116817929342048,1.0001979546917852,0.0,-51.55532196166269,-51.55532196166269,-51.55532196166269,-51.56346970370622,56.25324253179153,phase,-51.55532196166269,phase,nan,nan,nan,nan,nan,nan,nan,nan,nan,nan,37.37981483560512,43.31770741016076,5.916912763389555,38.00603019057065,45.524242254684765,6.020935247603099,37.37981483560513,43.31770741016076,5.916912763389558,38.00603019057064,45.52424225468474,6.020935247603097,-23.343527832041406,-23.8412539235129,1.1838437750114175,37.37981483560512,43.31770741016076,5.916912763389555,37.37981483560513,43.31770741016076,5.916912763389558,nan,-23.343527832041406,nan,-23.8412539235129,False,17.514775370152957,5e2678f40ebb64c0,,-0.40846794938278563,-1.8757812710609585,0.00019795469178518488,tone,-51.55532196166269,6,-2.174657267954532,-6.7783353547668455,0.987798379013789,1.0126153323041729,0.0,,,,,,,
46,46920,0,8,7047,-6.148564554060708,-4.426276621205321,82.85984016336948,82.83652192251243,0.9997185821163657,0.9998196074658419,0.0,-50.03668444598065,-50.03668444598065,-50.03668444598065,-50.03216632039824,69.01115871429865,phase,-50.03668444598065,phase,nan,nan,nan,nan,nan,nan,nan,nan,nan,nan,37.61501554413472,42.5406066857979,5.955982648527363,37.936501858019525,44.62697336348639,6.009385690700919,37.615015544134714,42.54060668579788,5.955982648527362,37.93650185801953,44.626973363486414,6.0093856907009195,-23.524891809451674,-24.076110209321406,-1.3653307155895318,37.61501554413472,42.5406066857979,5.955982648527363,37.615015544134714,42.54060668579788,5.955982648527362,nan,-23.524891809451674,nan,-24.076110209321406,False,16.294794162890362,eb61dfa6469b73cd,,-6.148564554060708,-4.426276621205321,-0.00018039253415813583,tone,-50.03668444598065,7,-4.353237066870367,-8.308232017398563,0.9877671955095442,1.0126473050148475,0.0,,,,,,,
47,47940,0,8,4051,-2.346954425615801,-3.6889926194991225,82.63874913441963,82.95110825027538,1.0037798141807261,1.0000889643774507,0.0,-49.628947613467616,-49.628947613467616,-49.628947613467616,-49.632114125842115,71.02252275450813,phase,-49.628947613467616,phase,nan,nan,nan,nan,nan,nan,nan,nan,nan,nan,38.17535745611006,44.557940335812354,6.049062700350509,37.48977268423844,42.82033819424123,5.935178186750572,38.175357456110056,44.557940335812376,6.049062700350508,37.489772684238446,42.82033819424123,5.935178186750573,-23.569397152778116,-24.148912023624742,1.800745773976452,38.17535745611006,44.557940335812354,6.049062700350509,38.175357456110056,44.557940335812376,6.049062700350508,nan,-23.569397152778116,nan,-24.148912023624742,False,18.249507660794745,cf1915e1a1644105,,-2.346954425615801,-3.6889926194991225,8.8964377450651e-05,tone,-49.628947613467616,8,-5.184844000872452,-9.583253844278122,0.9877825738259268,1.0126315407483186,0.0,,,,,,,
48,48960,0,7,723,4.724018301837697,7.060364349241048,80.49649646188821,82.3979731853183,1.0236218569379645,1.0001759567010173,0.0,-54.511954307506784,-54.511954307506784,-54.511954307506784,-54.48332193422206,68.40224766452519,phase,-54.511954307506784,phase,nan,nan,nan,nan,nan,nan,nan,nan,nan,nan,37.74966217828623,45.25361179963939,5.97834919905087,38.34252955487358,43.27617314736529,6.076832151972356,37.74966217828622,45.25361179963936,5.978349199050868,38.342529554873586,43.27617314736529,6.076832151972357,-22.959340196656974,-23.38225415599642,-1.330541673776402,37.74966217828623,45.25361179963939,5.97834919905087,37.74966217828622,45.25361179963936,5.978349199050868,nan,-22.959340196656974,nan,-23.38225415599642,False,16.741054517472076,0f96076515127cf4,,4.724018301837697,7.060364349241048,0.0001759567010173324,tone,-54.511954307506784,9,-3.5109873754825744,-7.14295110552653,0.9878129900444539,1.012600364855506,0.0,,,,,,,
49,49980,0,8,3081,-1.5009159592372345,-1.1772758422847724,83.12613236366838,83.30301831799295,1.0021279223427684,1.0002593472330146,0.0,-50.7028402464281,-50.7028402464281,-50.7028402464281,-50.709877240361465,92.04998644162193,phase,-50.7028402464281,phase,nan,nan,nan,nan,nan,nan,nan,nan,nan,nan,36.899098740066385,42.750868942931966,5.837059591373155,38.10463509950114,44.38337365373384,6.037314800581585,36.899098740066385,42.75086894293196,5.837059591373155,38.10463509950116,44.38337365373386,6.037314800581589,-23.387052648520626,-23.87454040143329,0.862742051604865,36.899098740066385,42.750868942931966,5.837059591373155,36.899098740066385,42.75086894293196,5.837059591373155,nan,-23.387052648520626,nan,-23.87454040143329,False,15.416585921130707,7198e30528ed5227,,-1.5009159592372345,-1.1772758422847724,0.00025934723301457296,tone,-50.7028402464281,10,-4.042789033313974,-7.5498703197601404,0.9878578226934521,1.0125544191284177,0.0,,,,,,,
50,51000,0,8,3415,-6.229655575814826,-8.073118362895052,81.62148099889323,82.14290021936408,1.0063882597337082,1.0008879257101575,0.0,-54.858439800194134,-54.858439800194134,-54.858439800194134,-54.88437880295863,79.62028181756885,phase,-54.858439800194134,phase,nan,nan,nan,nan,nan,nan,nan,nan,nan,nan,37.2183312087021,43.13248306241046,5.89008824064819,38.01020236575689,44.934408344171786,6.021628299959617,37.21833120870209,43.13248306241043,5.890088240648188,38.01020236575689,44.93440834417176,6.021628299959617,-22.79482663869115,-23.202383971887865,1.145487732657056,37.2183312087021,43.13248306241046,5.89008824064819,37.21833120870209,43.13248306241043,5.890088240648188,nan,-22.79482663869115,nan,-23.202383971887865,False,16.283693100285447,72082b238871d38d,,-6.229655575814826,-8.073118362895052,0.0008879257101575,tone,-54.858439800194134,11,-6.249968448657628,-10.340427917094484,0.9880113229562334,1.0123972209159584,0.0,,,,,,,
51,52020,0,8,2891,2.4967202372198507,1.666339903780922,82.54952592141481,83.22352672459753,1.0081648052567176,1.0000574159477615,0.0,-55.147820608234646,-55.147820608234646,-55.147820608234646,-55.14861791138251,82.82629912400569,phase,-55.147820608234646,phase,nan,nan,nan,nan,nan,nan,nan,nan,nan,nan,37.793978857635594,43.26063435513597,5.985710773693621,37.673326723680745,43.207059578727474,5.965668890976868,37.7939788576356,43.26063435513599,5.985710773693622,37.67332672368075,43.20705957872747,5.96566889097687,-22.825816697572684,-23.21809673669695,-0.7343724501769504,37.793978857635594,43.26063435513597,5.985710773693621,37.7939788576356,43.26063435513599,5.985710773693622,nan,-22.825816697572684,nan,-23.21809673669695,False,15.560421090606825,85727a229895215f,,2.4967202372198507,1.666339903780922,5.741594776154102e-05,tone,-55.147820608234646,12,-5.365512913864474,-9.764350707206788,0.988021250287372,1.012387049144439,0.0,,,,,,,
52,53040,0,8,2971,10.334341013144691,8.729142582171438,82.28646006548749,82.6643878257984,1.0045928304609304,0.9996790599760175,0.0,-50.11692566161207,-50.11692566161207,-50.11692566161207,-50.10915063664039,30.168447016435653,phase,-50.11692566161207,phase,nan,nan,nan,nan,nan,nan,nan,nan,nan,nan,37.90485528001583,43.68568147567788,6.004128784055786,38.13211827828058,46.00793532107608,6.041880112671193,37.90485528001583,43.685681475677896,6.004128784055786,38.13211827828058,46.007935321076104,6.041880112671193,-23.4628483384568,-23.955984887540232,-0.24450031511577386,37.90485528001583,43.68568147567788,6.004128784055786,37.90485528001583,43.685681475677896,6.004128784055786,nan,-23.4628483384568,nan,-23.955984887540232,False,14.49921320144424,7a8afe07be334e60,,10.334341013144691,8.729142582171438,-0.00032094002398252996,tone,-50.11692566161207,13,-1.7046408895546628,-6.746532663858712,0.9879657585637135,1.0124439276156878,0.0,,,,,,,
53,54060,0,8,7295,-0.975613826029532,0.8840991676775313,82.30217939789532,84.42815812752215,1.0258313782840265,1.0004198482097866,0.0,-52.71911237292826,-52.71911237292826,-52.71911237292826,-52.730061700250026,78.71787608974907,phase,-52.71911237292826,phase,nan,nan,nan,nan,nan,nan,nan,nan,nan,nan,37.33519824260773,43.525426327292244,5.909501369203943,37.81615261064809,44.20494763559021,5.989394121370116,37.33519824260771,43.52542632729222,5.909501369203939,37.81615261064808,44.20494763559021,5.989394121370114,-23.125144241290876,-23.538214831825186,-0.5386056620906841,37.33519824260773,43.525426327292244,5.909501369203943,37.33519824260771,43.52542632729222,5.909501369203939,nan,-23.125144241290876,nan,-23.538214831825186,False,17.29016772805521,29a4b928d8429ccb,,-0.975613826029532,0.8840991676775313,0.00041984820978657744,tone,-52.71911237292826,14,-2.0502650532976974,-6.440901210849895,0.9880383478033496,1.0123695710992975,0.0,,,,,,,
54,55080,0,8,7271,3.5501889406388143,3.6944017163549843,82.88863378651018,83.97883069337729,1.0131525500791223,1.0005405288416689,0.0,-49.62412142304703,-49.62412142304703,-49.62412142304703,-49.638688665357044,51.15077348625503,phase,-49.62412142304703,phase,nan,nan,nan,nan,nan,nan,nan,nan,nan,nan,37.330468250403214,43.93675744704939,5.908715656213159,37.84562348673679,44.25954750342314,5.994289615737009,37.330468250403214,43.93675744704939,5.908715656213159,37.84562348673679,44.25954750342318,5.994289615737009,-23.674565822552182,-24.18621864884521,-0.13158895615909838,37.330468250403214,43.93675744704939,5.908715656213159,37.330468250403214,43.93675744704939,5.908715656213159,nan,-23.674565822552182,nan,-24.18621864884521,False,17.378032064514162,dbcc670703e92128,,3.5501889406388143,3.6944017163549843,0.0005405288416688858,tone,-49.62412142304703,15,-0.7926558400661332,-5.163659541762414,0.9881318088674907,1.0122738602172583,0.0,,,,,,,
55,56100,0,8,8285,-5.419023751640987,-3.7958676510135985,83.90509902325421,84.89824666794341,1.0118365588772376,1.0001970295093305,0.0,-55.252765108177215,-55.252765108177215,-55.252765108177215,-55.253094348992214,79.6314552405639,phase,-55.252765108177215,phase,nan,nan,nan,nan,nan,nan,nan,nan,nan,nan,37.883447082728765,43.073805637998035,6.000572605104447,37.92784167313306,44.52545131965151,6.007947121782901,37.883447082728765,43.073805637998035,6.000572605104447,37.927841673133045,44.52545131965149,6.007947121782899,-22.92644982822373,-23.314074192300943,-2.0040884761021616,37.883447082728765,43.073805637998035,6.000572605104447,37.883447082728765,43.073805637998035,6.000572605104447,nan,-22.92644982822373,nan,-23.314074192300943,False,15.401276353149324,1d6bc38486bd1243,,-5.419023751640987,-3.7958676510135985,0.00019702950933053742,tone,-55.252765108177215,16,-2.712094417039105,-6.476104454218831,0.9881658798144453,1.0122389637240494,0.0,,,,,,,
56,57120,0,8,1547,0.8849594873109368,-1.299307596328319,83.20151866818328,84.91124979925459,1.0205492779271241,0.9998050675147769,0.0,-49.64714719760631,-49.64714719760631,-49.64714719760631,-49.680226099885346,62.14611479393011,phase,-49.64714719760631,phase,nan,nan,nan,nan,nan,nan,nan,nan,nan,nan,37.28624131467984,43.937254359988245,5.901368989149476,38.21936029579912,43.345792339242834,6.056372142159323,37.28624131467984,43.937254359988245,5.901368989149476,38.219360295799135,43.34579233924285,6.056372142159326,-23.560989770169137,-24.042885519872673,1.660462683137347,37.28624131467984,43.937254359988245,5.901368989149476,37.28624131467984,43.937254359988245,5.901368989149476,nan,-23.560989770169137,nan,-24.042885519872673,False,20.069920204006824,236e3164ce30a3a1,,0.8849594873109368,-1.299307596328319,-0.00019493248522306494,tone,-49.64714719760631,17,-2.39864924868641,-6.925363645983045,0.9881321703290613,1.0122735011514628,0.0,,,,,,,
57,58140,0,7,311,-1.6261811153389978,-3.506011162663196,84.68945616298122,84.20004784204339,0.9942211422399976,1.0005232897255105,0.0,-55.30693099711299,-55.30693099711299,-55.30693099711299,-55.31720237519414,79.76946779489714,phase,-55.30693099711299,phase,nan,nan,nan,nan,nan,nan,nan,nan,nan,nan,37.91764352451156,44.00990774078771,6.006253077161389,37.900056728380896,43.02917151112641,6.003331682455299,37.91764352451157,44.009907740787746,6.006253077161391,37.90005672838089,43.02917151112639,6.003331682455298,-22.92542457847984,-23.282214160174778,0.005651357228243725,37.91764352451156,44.00990774078771,6.006253077161389,37.91764352451157,44.009907740787746,6.006253077161391,nan,-22.92542457847984,nan,-23.282214160174778,False,17.363202080723106,140741dcc64c8dd2,,-1.6261811153389978,-3.506011162663196,0.0005232897255105229,tone,-55.30693099711299,18,-2.9746485000609604,-8.137589299955302,0.9882226592261928,1.0121808499784217,0.0,,,,,,,
58,59160,0,8,1951,-4.47454951020597,-2.4736695795427637,84.57788309628022,85.60033153848147,1.0120888393604903,0.9994863748629116,0.0,-50.56236172629609,-50.56236172629609,-50.56236172629609,-50.553957866661044,63.36919725426331,phase,-50.56236172629609,phase,nan,nan,nan,nan,nan,nan,nan,nan,nan,nan,37.26993700885969,43.721944716637466,5.898660632700946,37.50811823045972,43.10933527720641,5.938225619677695,37.269937008859706,43.7219447166375,5.898660632700949,37.508118230459715,43.10933527720639,5.938225619677694,-23.421036689179928,-23.936224335764436,-1.0566978059077874,37.26993700885969,43.721944716637466,5.898660632700946,37.269937008859706,43.7219447166375,5.898660632700949,nan,-23.421036689179928,nan,-23.936224335764436,False,19.807053730076795,8988f347b8cae661,,-4.47454951020597,-2.4736695795427637,-0.0005136251370884137,tone,-50.56236172629609,19,-4.55940504652427,-8.9929545766827,0.9881338334263995,1.012271875999044,0.0,,,,,,,
59,60180,0,8,4719,3.061478752445785,4.026239150781164,81.50844778045672,81.95445188320812,1.00547187579811,0.9993059359427147,0.0,-53.31758616557147,-53.31758616557147,-53.31758616557147,-53.30641730377618,49.56241331716452,phase,-53.31758616557147,phase,nan,nan,nan,nan,nan,nan,nan,nan,nan,nan,37.740709456562776,44.02086603349823,5.976862035973884,37.55904923602293,42.72757031778876,5.946685919605138,37.74070945656277,44.020866033498216,5.976862035973882,37.559049236022915,42.72757031778877,5.9466859196051365,-22.90960135121674,-23.37378483439857,-2.135228178362414,37.740709456562776,44.02086603349823,5.976862035973884,37.74070945656277,44.020866033498216,5.976862035973882,nan,-22.90960135121674,nan,-23.37378483439857,False,17.84325934837482,77defdd3173d389f,,3.061478752445785,4.026239150781164,-0.0006940640572853374,tone,-53.31758616557147,20,-3.4750199894510914,-7.600854552780882,0.988013813495325,1.0123949131616492,0.0,18,-51.993233067151316,0.5546801068109813,-51.993233067151316,move+1:OK,1,33
60,61200,0,8,2303,1.9530118009043687,1.692005646073028,84.39616778222991,84.14343200620729,0.9970053643113896,1.0036883351048798,0.0,-32.12116805702174,-32.12116805702174,-32.12116805702174,-32.31550004934175,55.25357589519912,phase,-32.12116805702174,phase,nan,nan,nan,nan,nan,nan,nan,nan,nan,nan,37.5181836503241,44.94628851311803,5.939897616332908,38.089278686302976,44.69422682544949,6.0347639013792325,37.5181836503241,44.946288513118034,5.939897616332908,38.089278686302954,44.69422682544946,6.034763901379229,-26.90661846975731,-27.746012474253202,-1.3606597464959105,37.5181836503241,44.94628851311803,5.939897616332908,37.5181836503241,44.946288513118034,5.939897616332908,nan,-26.90661846975731,nan,-27.746012474253202,False,20.313972739956306,a4625a4b996054ac,,1.9530118009043687,1.692005646073028,0.0036883351048797586,tone,-32.12116805702174,1,-2.783173255144513,-7.015903000351457,0.9886515355509987,1.0117438554335354,0.0,,,,,,,
61,62220,0,8,6071,3.6179543949709334,3.2410139975213257,82.6768482105901,83.80542342513145,1.013650438290375,1.0029065830677204,0.0,-35.849473216879105,-35.849473216879105,-35.849473216879105,-35.99848488615493,55.30611750827551,phase,-35.849473216879105,phase,nan,nan,nan,nan,nan,nan,nan,nan,nan,nan,37.30270921387173,43.48623069263024,5.9041045205767,37.638832283621284,43.8069002160299,5.959938917545064,37.30270921387172,43.486230692630215,5.904104520576698,37.638832283621284,43.80690021602989,5.959938917545064,-26.23341703361683,-26.819628826805648,-1.0191733286756848,37.30270921387173,43.48623069263024,5.9041045205767,37.30270921387172,43.486230692630215,5.904104520576698,nan,-26.23341703361683,nan,-26.819628826805648,False,18.27674869372038,9365650ca931fbd8,,3.6179543949709334,3.2410139975213257,0.002906583067720403,tone,-35.849473216879105,2,-1.50235388380343,-5.894715169023943,0.9891544151682927,1.0112307213276013,0.0,,,,,,,
62,63240,0,8,3499,-1.801760114651275,0.04552239828501381,82.93044520013599,82.76794563924287,0.9980405319120021,1.001725744182032,0.0,-32.12107574835559,-32.12107574835559,-32.12107574835559,-32.17997219277144,48.94526445019549,phase,-32.12107574835559,phase,nan,nan,nan,nan,nan,nan,nan,nan,nan,nan,37.4686315650198,43.53661568613041,5.931666372926878,37.97587909900378,44.63258962318423,6.015926760631857,37.46863156501979,43.53661568613041,5.931666372926876,37.97587909900378,44.63258962318424,6.015926760631857,-27.119027320876675,-27.980074441981465,-1.4910807544206643,37.4686315650198,43.53661568613041,5.931666372926878,37.46863156501979,43.53661568613041,5.931666372926876,nan,-27.119027320876675,nan,-27.980074441981465,False,16.05492643954965,4d04e41de6f05832,,-1.801760114651275,0.04552239828501381,0.001725744182031974,tone,-32.12107574835559,3,-2.1398843142981008,-5.878959279627271,0.9894531449767866,1.0109258504882246,0.0,,,,,,,
63,64260,0,8,3239,-2.10169365865295,-3.7307861221311853,82.19432497087298,83.9608528028587,1.0214920900270392,1.0009469815916519,0.0,-31.820314920449817,-31.820314920449817,-31.820314920449817,-31.83377595522943,57.98614541038472,phase,-31.820314920449817,phase,nan,nan,nan,nan,nan,nan,nan,nan,nan,nan,38.03694043710078,44.99976199893305,6.026069840049964,37.58211078398559,43.000435899027394,5.950516741525846,38.036940437100775,44.99976199893305,6.0260698400499635,37.58211078398559,43.00043589902738,5.950516741525846,-27.102812045426703,-27.87944894428498,0.90477548277845,38.03694043710078,44.99976199893305,6.026069840049964,38.036940437100775,44.99976199893305,6.0260698400499635,nan,-27.102812045426703,nan,-27.87944894428498,False,15.079279909869339,b7f30d2cee0f768c,,-2.10169365865295,-3.7307861221311853,0.000946981591651852,tone,-31.820314920449817,4,-2.8833179819386134,-7.17062190959691,0.9896171189117533,1.010758476558341,0.0,,,,,,,
64,65280,0,8,1839,-8.23995514044914,-7.099095879897911,82.82337307457306,84.52057420343768,1.020491813673617,1.0013485457983178,0.0,-35.899051299992216,-35.899051299992216,-35.899051299992216,-35.94381618964599,37.46780036704692,phase,-35.899051299992216,phase,nan,nan,nan,nan,nan,nan,nan,nan,nan,nan,37.61066944223573,43.30349915282349,5.955260704690322,38.29345120625984,44.87635594050904,6.068679602368745,37.61066944223573,43.30349915282352,5.955260704690322,38.29345120625984,44.87635594050906,6.068679602368745,-26.24121168784476,-26.91548802335467,-0.6137719242071711,37.61066944223573,43.30349915282349,5.955260704690322,37.61066944223573,43.30349915282352,5.955260704690322,nan,-26.24121168784476,nan,-26.91548802335467,False,19.05186570975344,89ba78f777ee1b3a,,-8.23995514044914,-7.099095879897911,0.0013485457983177795,tone,-35.899051299992216,5,-5.797560514776579,-9.628858585904272,0.9898506641130923,1.010520263332867,0.0,,,,,,,
65,66300,0,8,4719,13.333697459286006,14.962822091569489,83.52586830452844,84.84447435939116,1.0157867985287525,1.000183897455371,0.0,-32.969159377981086,-32.969159377981086,-32.969159377981086,-32.98493993477655,3.7152328033718267,phase,-32.969159377981086,phase,nan,nan,nan,nan,nan,nan,nan,nan,nan,nan,37.56512769855903,43.68966569595877,5.947695630989873,38.05217404596938,43.75209588022556,6.028600339862024,37.56512769855903,43.689665695958766,5.947695630989873,38.05217404596937,43.75209588022553,6.028600339862023,-26.660253740492486,-27.48745987018451,-0.8050778842917232,37.56512769855903,43.68966569595877,5.947695630989873,37.56512769855903,43.689665695958766,5.947695630989873,nan,-26.660253740492486,nan,-27.48745987018451,False,18.108672054128995,a673ff405e1c5199,,13.333697459286006,14.962822091569489,0.0001838974553709516,tone,-32.969159377981086,6,-1.0829158921641815,-4.4463917694776045,0.9898825195412998,1.0104877486938464,0.0,,,,,,,
66,67320,0,8,5147,-0.8154953131513025,-2.713261896148571,81.53040410727421,83.47517937349507,1.023853374548003,0.9997011246318055,0.0,-33.23930483617926,-33.23930483617926,-33.23930483617926,-33.250134342650895,61.86518938540267,phase,-33.23930483617926,phase,nan,nan,nan,nan,nan,nan,nan,nan,nan,nan,37.30816055045129,44.30480954001826,5.905010058214501,37.774634280105516,43.91821621325845,5.982497388721847,37.30816055045129,44.30480954001827,5.905010058214501,37.77463428010553,43.918216213258454,5.98249738872185,-26.790946182154187,-27.744828818404976,0.02307562072587821,37.30816055045129,44.30480954001826,5.905010058214501,37.30816055045129,44.30480954001827,5.905010058214501,nan,-26.790946182154187,nan,-27.744828818404976,False,15.99394500656433,263dd21bf522ecd2,,-0.8154953131513025,-2.713261896148571,-0.00029887536819450666,tone,-33.23930483617926,7,-1.3712565325618096,-5.3861771997111765,0.9898307455283628,1.0105406162267905,0.0,,,,,,,
67,68340,0,8,3093,-3.563876268094782,-2.5317069493396827,81.48370800102933,82.77893943448416,1.0158955877834925,1.0004290160830582,0.0,-36.09960807938648,-36.09960807938648,-36.09960807938648,-36.109486963432126,37.58708436702836,phase,-36.09960807938648,phase,nan,nan,nan,nan,nan,nan,nan,nan,nan,nan,38.22351765014302,43.97932683890622,6.057062732581898,38.06173939981265,45.17014864425661,6.03018926907187,38.223517650143016,43.9793268389062,6.0570627325818975,38.06173939981265,45.17014864425663,6.03018926907187,-26.092552545493408,-26.689923490971857,0.3841054247307749,38.22351765014302,43.97932683890622,6.057062732581898,38.223517650143016,43.9793268389062,6.0570627325818975,nan,-26.092552545493408,nan,-26.689923490971857,False,15.588643284424615,5fc4837039c411e7,,-3.563876268094782,-2.5317069493396827,0.00042901608305823125,tone,-36.09960807938648,8,-2.6314282330956678,-6.263032041605059,0.9899050598574967,1.0104647795809658,0.0,,,,,,,
68,69360,0,8,6647,-1.1839823680116903,-0.23038191861976048,83.43053211026063,84.57203841145447,1.0136821169938752,0.999555592337924,0.0,-32.26340881845436,-32.26340881845436,-32.26340881845436,-32.27135410134843,47.66217891921272,phase,-32.26340881845436,phase,nan,nan,nan,nan,nan,nan,nan,nan,nan,nan,37.494948977824926,43.76627570788128,5.936038036183543,37.73275838540554,45.22264668361484,5.975541260034143,37.49494897782493,43.76627570788128,5.936038036183544,37.73275838540556,45.22264668361483,5.975541260034147,-26.81981411130731,-27.749632887421324,-0.8640596057952196,37.494948977824926,43.76627570788128,5.936038036183543,37.49494897782493,43.76627570788128,5.936038036183544,nan,-26.81981411130731,nan,-27.749632887421324,False,15.968702710923296,2a2fea1db03ba8e8,,-1.1839823680116903,-0.23038191861976048,-0.00044440766207598514,tone,-32.26340881845436,9,-3.050048003423689,-6.342830638395691,0.9898280736136642,1.0105433997211617,0.0,,,,,,,
69,70380,0,8,5159,-0.38084468344998845,-2.633057751641185,83.28855218834032,84.50435996659135,1.014597537672425,1.0004128663678438,0.0,-33.14108109309087,-33.14108109309087,-33.14108109309087,-33.15859968451549,35.72327787378841,phase,-33.14108109309087,phase,nan,nan,nan,nan,nan,nan,nan,nan,nan,nan,37.78855836547518,43.87132884085541,5.984810359713486,37.66886866307778,43.739236703696626,5.96492834934847,37.788558365475176,43.87132884085539,5.984810359713485,37.66886866307779,43.73923670369663,5.964928349348471,-27.03165340273324,-27.96130645007496,1.0834619312438105,37.78855836547518,43.87132884085541,5.984810359713486,37.788558365475176,43.87132884085539,5.984810359713485,nan,-27.03165340273324,nan,-27.96130645007496,False,16.096946911251802,25223b4b181cd120,,-0.38084468344998845,-2.633057751641185,0.0004128663678437672,tone,-33.14108109309087,10,-3.1847134496368485,-7.254785744261211,0.9898995902899342,1.0104704164614715,0.0,,,,,,,
70,71400,0,8,7239,-3.8128165491673736,-1.556352643910456,82.14833173330098,83.92030356716617,1.021570393414902,0.999974770309854,0.0,-35.804406026911415,-35.804406026911415,-35.804406026911415,-35.80304144814114,50.715486354330636,phase,-35.804406026911415,phase,nan,nan,nan,nan,nan,nan,nan,nan,nan,nan,37.7584380559976,44.08297197690619,5.979806986046114,37.955452284422606,43.79007265513997,6.012533602063557,37.7584380559976,44.082971976906194,5.979806986046114,37.95545228442261,43.79007265513998,6.012533602063558,-26.243466963652512,-26.89510849430615,-0.43324306489823616,37.7584380559976,44.08297197690619,5.979806986046114,37.7584380559976,44.082971976906194,5.979806986046114,nan,-26.243466963652512,nan,-26.89510849430615,False,17.468679012478326,fb40762cc44a7216,,-3.8128165491673736,-1.556352643910456,-2.5229690145955885e-05,tone,-35.804406026911415,11,-4.532815626159338,-7.793864787541079,0.9898952196894449,1.0104748779987487,0.0,,,,,,,
71,72420,0,7,2271,2.35695029473413,1.3576470893030215,83.60958297557997,84.67967553985773,1.0127986831914986,0.9994271901196574,0.0,-32.63026099865535,-32.63026099865535,-32.63026099865535,-32.61932340957996,59.1432457713043,phase,-32.63026099865535,phase,nan,nan,nan,nan,nan,nan,nan,nan,nan,nan,38.124311601483505,43.45063905226202,6.040583322505566,37.77682015513338,44.61938499699329,5.982860490885944,38.12431160148351,43.45063905226199,6.040583322505568,37.776820155133386,44.61938499699332,5.982860490885945,-27.07993970822465,-27.974326060932775,0.4942671501730884,38.124311601483505,43.45063905226202,6.040583322505566,38.12431160148351,43.45063905226199,6.040583322505568,nan,-27.07993970822465,nan,-27.974326060932775,False,19.249073375119398,01719e4aba93a57b,,2.35695029473413,1.3576470893030215,-0.0005728098803425841,tone,-32.63026099865535,12,-3.699462169400806,-7.323614124608075,0.9897959908810351,1.0105762278018595,0.0,,,,,,,
72,73440,0,8,7315,-8.585154021750451,-10.703004876667585,81.41667430450636,82.707741166283,1.0158575239384984,1.0003460975403695,0.0,-35.9803844532262,-35.9803844532262,-35.9803844532262,-35.98707383835749,52.274123561769215,phase,-35.9803844532262,phase,nan,nan,nan,nan,nan,nan,nan,nan,nan,nan,37.89788459291381,44.91425534945775,6.002970862610269,37.35058676296546,42.92548789793681,5.912057601821506,37.89788459291383,44.91425534945775,6.0029708626102725,37.35058676296547,42.92548789793679,5.912057601821507,-26.171484034081793,-26.8902596209851,0.8002989142181915,37.89788459291381,44.91425534945775,6.002970862610269,37.89788459291383,44.91425534945775,6.0029708626102725,nan,-26.171484034081793,nan,-26.8902596209851,False,17.33241090231858,8bb2164d25b7ccfd,,-8.585154021750451,-10.703004876667585,0.00034609754036951657,tone,-35.9803844532262,13,-6.735243214480639,-11.030461370542035,0.9898559399236695,1.0105150413376547,0.0,,,,,,,
73,74460,0,8,4443,-6.012348710793342,-6.451517480540571,82.36045618081894,84.16154648296003,1.021868386670745,1.0002904400708994,0.0,-35.5300400898379,-35.5300400898379,-35.5300400898379,-35.54177878591622,44.06193290385693,phase,-35.5300400898379,phase,nan,nan,nan,nan,nan,nan,nan,nan,nan,nan,37.326676290142345,43.328584040535105,5.908085762482118,37.443670383432895,43.13792971292234,5.92751999724799,37.32667629014236,43.3285840405351,5.90808576248212,37.4436703834329,43.13792971292236,5.927519997247991,-26.20366963089747,-26.964187766651047,-2.046149747989139,37.326676290142345,43.328584040535105,5.908085762482118,37.32667629014236,43.3285840405351,5.90808576248212,nan,-26.20366963089747,nan,-26.964187766651047,False,18.4411381040388,c80aa1beacea550e,,-6.012348710793342,-6.451517480540571,0.0002904400708994004,tone,-35.5300400898379,14,-8.861130390487219,-13.26499626197736,0.9899062513438095,1.0104636947902057,0.0,,,,,,,
74,75480,0,8,2371,5.724397926162052,8.714270309954019,83.38750365085494,82.97286009451925,0.9950275096605384,0.9996275903251455,0.0,-34.53572503848187,-34.53572503848187,-34.53572503848187,-34.532373291170984,47.96042123189797,phase,-34.53572503848187,phase,nan,nan,nan,nan,nan,nan,nan,nan,nan,nan,37.199202218040035,44.065470045453594,5.886910667448512,37.81975630641303,43.64435713506498,5.989992741929076,37.199202218040035,44.065470045453566,5.886910667448512,37.819756306413026,43.644357135064986,5.989992741929075,-26.37653031541108,-27.19028080886979,-2.367760208526221,37.199202218040035,44.065470045453594,5.886910667448512,37.199202218040035,44.065470045453566,5.886910667448512,nan,-26.37653031541108,nan,-27.19028080886979,False,20.190078126354297,2fc4afe8cbd35160,,5.724397926162052,8.714270309954019,-0.0003724096748545236,tone,-34.53572503848187,15,-6.8371616849285966,-10.246585383675443,0.9898417374773997,1.0105295729536763,0.0,,,,,,,
75,76500,0,8,2287,8.577771521659596,9.607021174649228,83.05561848737521,83.91766578264686,1.0103791568947582,1.0002099784361866,0.0,-35.70278046822535,-35.70278046822535,-35.70278046822535,-35.70287608686083,57.72818746438023,phase,-35.70278046822535,phase,nan,nan,nan,nan,nan,nan,nan,nan,nan,nan,37.88391125596985,43.68927931212217,6.000649710293995,37.7199470417616,44.326681271230626,5.973413129860732,37.883911255969835,43.68927931212217,6.0006497102939935,37.7199470417616,44.326681271230626,5.973413129860732,-26.21251276193628,-26.99803060582052,-0.25885512840212677,37.88391125596985,43.68927931212217,6.000649710293995,37.883911255969835,43.68927931212217,6.0006497102939935,nan,-26.21251276193628,nan,-26.99803060582052,False,20.503123530054843,25dab8b93eab9001,,8.577771521659596,9.607021174649228,0.00020997843618664191,tone,-35.70278046822535,16,-3.8041313338019793,-6.919164295642259,0.9898781104259186,1.0104924476007962,0.0,,,,,,,
76,77520,0,7,5275,7.34376064961408,7.1404009025727815,82.36977845363165,82.49864705006773,1.0015645130878752,0.9997462925765376,0.0,-36.24978010109663,-36.24978010109663,-36.24978010109663,-36.24733149999071,59.844345666556244,phase,-36.24978010109663,phase,nan,nan,nan,nan,nan,nan,nan,nan,nan,nan,37.43393555769659,43.314882395991035,5.925902916560896,38.1627391838538,43.13762683001513,6.04696664183618,37.4339355576966,43.31488239599104,5.925902916560898,38.1627391838538,43.13762683001512,6.04696664183618,-26.01663335789897,-26.724696187031164,0.4978452784432186,37.43393555769659,43.314882395991035,5.925902916560896,37.4339355576966,43.31488239599104,5.925902916560898,nan,-26.01663335789897,nan,-26.724696187031164,False,16.149156195452793,ad466df24a3e8ddb,,7.34376064961408,7.1404009025727815,-0.0002537074234624237,tone,-36.24978010109663,17,-1.207532620997846,-4.445973801409313,0.9898341610265544,1.010537323637359,0.0,,,,,,,
77,78540,0,7,2799,-10.865444102631006,-8.830518907475332,82.3491321788886,83.53636903527874,1.01441711436389,0.9998325935007344,0.0,-35.82019448316403,-35.82019448316403,-35.82019448316403,-35.822165759043976,66.16472838492675,phase,-35.82019448316403,phase,nan,nan,nan,nan,nan,nan,nan,nan,nan,nan,37.79365381062425,43.57154107179323,5.985656779173464,38.36666275731271,44.21927455074599,6.08084098958683,37.79365381062425,43.57154107179323,5.985656779173464,38.366662757312696,44.219274550746015,6.080840989586827,-26.132761500876946,-26.815813194116554,-0.28698290476533295,37.79365381062425,43.57154107179323,5.985656779173464,37.79365381062425,43.57154107179323,5.985656779173464,nan,-26.132761500876946,nan,-26.815813194116554,False,14.710028822705471,309ed06a310fe13e,,-10.865444102631006,-8.830518907475332,-0.0001674064992656099,tone,-35.82019448316403,18,-5.049494826037192,-7.504427502546914,0.9898051627089979,1.0105669334344836,0.0,,,,,,,
78,79560,0,8,4447,-0.5030997304194178,-1.8549737075006096,82.96875809255857,83.93983450316847,1.011704121321505,0.9997088209728242,0.0,-32.83086061518956,-32.83086061518956,-32.83086061518956,-32.82973217059968,59.56941201014173,phase,-32.83086061518956,phase,nan,nan,nan,nan,nan,nan,nan,nan,nan,nan,37.65692482684213,43.35887369720944,5.962944323395703,38.182742548812605,44.60760343642639,6.05028945993565,37.65692482684213,43.35887369720945,5.962944323395703,38.182742548812605,44.6076034364264,6.05028945993565,-26.512541920889447,-27.379458853798624,0.7340284733484039,37.65692482684213,43.35887369720944,5.962944323395703,37.65692482684213,43.35887369720945,5.962944323395703,nan,-26.512541920889447,nan,-27.379458853798624,False,18.710788491483093,c0ab9195204d53bd,,-0.5030997304194178,-1.8549737075006096,-0.0002911790271757919,tone,-32.83086061518956,19,-5.227393378480452,-8.146879552129342,0.989754725870733,1.0106184432149516,0.0,,,,,,,
79,80580,0,8,5567,1.1698869205765305,0.5437293233226608,81.5651761500623,83.13106627111358,1.0191980229181432,1.0007726623974766,0.0,-35.718002050265426,-35.718002050265426,-35.718002050265426,-35.76263231768804,43.88800347472868,phase,-35.718002050265426,phase,nan,nan,nan,nan,nan,nan,nan,nan,nan,nan,37.72844634379151,43.45913061217936,5.974824974051747,37.840282747151505,43.98607868375251,5.993402449692942,37.728446343791504,43.45913061217936,5.974824974051746,37.8402827471515,43.98607868375252,5.99340244969294,-26.402746095483558,-27.09312760629944,1.5151378322435698,37.72844634379151,43.45913061217936,5.974824974051747,37.728446343791504,43.45913061217936,5.974824974051746,nan,-26.402746095483558,nan,-27.09312760629944,False,16.920742881352208,e965b6e4a62578e1,,1.1698869205765305,0.5437293233226608,0.0007726623974766422,tone,-35.718002050265426,20,-4.813694497839529,-7.958573802871949,0.9898885564661289,1.0104818970169422,0.0,20,-34.31630398864222,0.37667178295677856,-34.31630398864222,move+1:OK,1,34
80,81600,0,7,4219,-5.775443368725355,-8.511860925840583,83.52081402180436,83.69113606405244,1.0020392766071895,1.0035135865677556,0.0,-16.91460455907422,-16.91460455907422,-16.91460455907422,-17.175734304357896,37.541204727149676,phase,-16.91460455907422,phase,nan,nan,nan,nan,nan,nan,nan,nan,nan,nan,37.969115874770274,43.37346500925017,6.014803301456857,38.54309566364829,45.17877449041901,6.1101487813369255,37.96911587477026,43.37346500925018,6.014803301456855,38.54309566364828,45.17877449041901,6.110148781336925,-31.460961312407427,-33.530104504196494,1.4857601295936114,37.969115874770274,43.37346500925017,6.014803301456857,37.96911587477026,43.37346500925018,6.014803301456855,nan,-31.460961312407427,nan,-33.530104504196494,False,15.882674382652256,a8590abf03df8bd3,,-5.775443368725355,-8.511860925840583,0.0035135865677555778,tone,-16.91460455907422,1,-6.855747783383334,-10.90682189404409,0.9904972168148546,1.009862749711044,0.0,,,,,,,
81,82620,0,8,5095,0.2552519177855667,-0.38294114222870235,83.65816441245174,84.7552500001902,1.0131139093888029,1.0028215078709983,0.0,-15.628334829243228,-15.628334829243228,-15.628334829243228,-15.808957753559781,-6.418252331927149,phase,-15.628334829243228,phase,nan,nan,nan,nan,nan,nan,nan,nan,nan,nan,37.678704777097714,44.47300817507078,5.966562255331847,37.70676182365178,44.71547789524542,5.971222894294317,37.678704777097714,44.47300817507077,5.966562255331847,37.70676182365178,44.715477895245385,5.971222894294317,-31.95121217651204,-34.15890960710231,-0.20721290339572654,37.678704777097714,44.47300817507078,5.966562255331847,37.678704777097714,44.47300817507077,5.966562255331847,nan,-31.95121217651204,nan,-34.15890960710231,False,16.979074906311624,2004d4481cfd9931,,0.2552519177855667,-0.38294114222870235,0.00282150787099833,tone,-15.628334829243228,2,-6.765552505993021,-11.039542305623185,0.9909862885612075,1.0093655189047137,0.0,,,,,,,
82,83640,0,8,5979,2.266281027063571,4.529487877659356,83.35747315184653,84.2049821203919,1.0101671624210768,1.0017984700607534,0.0,-15.858753399322872,-15.858753399322872,-15.858753399322872,-15.946514462482359,34.80421588640285,phase,-15.858753399322872,phase,nan,nan,nan,nan,nan,nan,nan,nan,nan,nan,37.56925693290149,45.00781702755047,5.948381550315863,37.98059902875641,44.04139633675628,6.016710802119006,37.56925693290149,45.00781702755048,5.948381550315863,37.98059902875642,44.04139633675629,6.016710802119007,-31.842688744150614,-33.70903414806456,-1.1504145664338674,37.56925693290149,45.00781702755047,5.948381550315863,37.56925693290149,45.00781702755048,5.948381550315863,nan,-31.842688744150614,nan,-33.70903414806456,False,17.003752507222547,6759b49a51de5545,,2.266281027063571,4.529487877659356,0.0017984700607533988,tone,-15.858753399322872,3,-5.965139454240431,-9.468931137033788,0.9912981839160615,1.0090484093252297,0.0,,,,,,,
83,84660,0,8,5879,-2.806326046558337,-0.05761100374332201,81.7235918387157,82.0181433983724,1.0036042414806976,1.0007983036364556,0.0,-17.28116369209861,-17.28116369209861,-17.28116369209861,-17.302630354630658,23.326173377421917,phase,-17.28116369209861,phase,nan,nan,nan,nan,nan,nan,nan,nan,nan,nan,38.549795747649206,46.03010630830483,6.111261752101198,37.7745783383068,44.78278198560009,5.9824880960642535,38.549795747649206,46.03010630830484,6.111261752101198,37.77457833830682,44.782781985600096,5.982488096064256,-31.45392894414702,-33.54964179252007,-0.4845357173822169,38.549795747649206,46.03010630830483,6.111261752101198,38.549795747649206,46.03010630830484,6.111261752101198,nan,-31.45392894414702,nan,-33.54964179252007,False,16.730581097280467,07fa0d932665b62b,,-2.806326046558337,-0.05761100374332201,0.0007983036364556106,tone,-17.28116369209861,4,-6.9559756448357195,-9.488914173649095,0.9914366713814421,1.0089075545425732,0.0,,,,,,,
84,85680,0,8,6363,-2.537549826922354,-3.3866787611888487,84.08248551234921,85.35434220754617,1.0151262975570599,1.0005694022389668,0.0,-16.387175090777532,-16.387175090777532,-16.387175090777532,-16.41302478098285,14.265717388956759,phase,-16.387175090777532,phase,nan,nan,nan,nan,nan,nan,nan,nan,nan,nan,38.05980140883613,43.01224560310893,6.029867343660487,37.671192981948394,42.81932646244461,5.965314448828638,38.05980140883613,43.01224560310892,6.029867343660487,37.67119298194839,42.8193264624446,5.965314448828637,-31.796773073147932,-33.781661378232045,0.90620703377736,38.05980140883613,43.01224560310893,6.029867343660487,38.05980140883613,43.01224560310892,6.029867343660487,nan,-31.796773073147932,nan,-33.781661378232045,False,17.15035093995661,db3f723623402878,,-2.537549826922354,-3.3866787611888487,0.0005694022389668429,tone,-16.387175090777532,5,-7.851789230372463,-10.663786500731149,0.9915354634770258,1.008807078765124,0.0,,,,,,,
85,86700,0,7,6295,6.9217912716097825,7.735326916364803,81.83422685770968,83.22446350589871,1.0169884497180663,1.0002306725304253,0.0,-14.844950604758106,-14.844950604758106,-14.844950604758106,-14.838120890871133,-6.597332523475403,phase,-14.844950604758106,phase,nan,nan,nan,nan,nan,nan,nan,nan,nan,nan,37.552810755383,45.235456472602735,5.945649627140034,37.67548482697128,44.035766189448836,5.966027379895562,37.552810755382986,45.23545647260274,5.945649627140032,37.67548482697128,44.035766189448864,5.966027379895562,-31.98194306632388,-34.625268611828524,0.7672470806908924,37.552810755383,45.235456472602735,5.945649627140034,37.552810755382986,45.23545647260274,5.945649627140032,nan,-31.98194306632388,nan,-34.625268611828524,False,15.291741692638857,ea3b6081b5aa57f0,,6.9217912716097825,7.735326916364803,0.00023067253042530211,tone,-14.844950604758106,6,-5.408480811964535,-7.980057889268833,0.99157548947604,1.0087663649424097,0.0,,,,,,,
86,87720,0,8,4839,3.419110101561519,0.5729037795089577,83.20033580881027,83.74091683273386,1.00649734185167,1.0004678039577684,0.0,-15.339061809181649,-15.339061809181649,-15.339061809181649,-15.352011756456903,47.00031625273113,phase,-15.339061809181649,phase,nan,nan,nan,nan,nan,nan,nan,nan,nan,nan,36.98714491920327,43.34698385431242,5.85168520252546,38.03504517879762,44.013229787545114,6.025755013089306,36.98714491920327,43.34698385431241,5.85168520252546,38.03504517879761,44.013229787545114,6.025755013089305,-31.946017117281936,-34.444081444812774,1.0370945751376406,36.98714491920327,43.34698385431242,5.85168520252546,36.98714491920327,43.34698385431241,5.85168520252546,nan,-31.946017117281936,nan,-34.444081444812774,False,17.214600560882857,be76bf4c7e815a50,,3.419110101561519,0.5729037795089577,0.0004678039577683535,tone,-15.339061809181649,7,-4.201625107837685,-7.781284090105156,0.9916566654902604,1.0086838202000197,0.0,,,,,,,
87,88740,0,7,723,-2.7481950517397244,-1.893218963544446,82.13414957776017,83.26049876689203,1.013713530789839,1.0000088556941307,0.0,-16.537816011394955,-16.537816011394955,-16.537816011394955,-16.518012230822116,34.41228800452902,phase,-16.537816011394955,phase,nan,nan,nan,nan,nan,nan,nan,nan,nan,nan,37.36661252776231,44.05805299270769,5.914719688997062,37.959620544181554,44.449647635676,6.01322600401687,37.36661252776231,44.0580529927077,5.914719688997062,37.95962054418154,44.44964763567599,6.013226004016868,-31.548185341803972,-33.626786413700984,-1.5601383311807386,37.36661252776231,44.05805299270769,5.914719688997062,37.36661252776231,44.0580529927077,5.914719688997062,nan,-31.548185341803972,nan,-33.626786413700984,False,16.855912366110967,d7e34b6f3efb649f,,-2.7481950517397244,-1.893218963544446,8.855694130671665e-06,tone,-16.537816011394955,8,-5.171586084839106,-8.438206134427388,0.9916582023066801,1.0086822570096703,0.0,,,,,,,
88,89760,0,7,3947,0.7624205092968791,-1.187203386861678,83.60549316124447,82.0615604826486,0.9815331191741411,1.0001452247728972,0.0,-16.28497949876386,-16.28497949876386,-16.28497949876386,-16.28193447102624,29.702385508425525,phase,-16.28497949876386,phase,nan,nan,nan,nan,nan,nan,nan,nan,nan,nan,38.19390345659245,44.57138416413475,6.05214343132765,37.65086408760907,43.68112344377667,5.961937556081242,38.19390345659245,44.57138416413474,6.05214343132765,37.650864087609065,43.68112344377664,5.96193755608124,-31.793107338853368,-34.044312148059596,-0.2199278069232554,38.19390345659245,44.57138416413475,6.05214343132765,38.19390345659245,44.57138416413474,6.05214343132765,nan,-31.793107338853368,nan,-34.044312148059596,False,16.667598946150584,db663cd74852a5f5,,0.7624205092968791,-1.187203386861678,0.00014522477289724556,tone,-16.28497949876386,9,-4.90249419649169,-8.850150711140214,0.9916834046406938,1.0086566257429177,0.0,,,,,,,
89,90780,0,8,2451,-7.978787087304853,-6.039407074710827,82.0419460975952,83.84341883645975,1.0219579474226703,1.0000388338689907,0.0,-16.488033395879757,-16.488033395879757,-16.488033395879757,-16.48643615170248,14.628716693764114,phase,-16.488033395879757,phase,nan,nan,nan,nan,nan,nan,nan,nan,nan,nan,37.69857762705913,43.41066087405089,5.969863393199192,37.53015766262051,43.27419082755003,5.941886654920351,37.69857762705913,43.41066087405089,5.969863393199192,37.53015766262051,43.27419082755003,5.941886654920351,-31.26599532414624,-33.687242160570946,-0.866368290604024,37.69857762705913,43.41066087405089,5.969863393199192,37.69857762705913,43.41066087405089,5.969863393199192,nan,-31.26599532414624,nan,-33.687242160570946,False,19.021731320695682,62a398a2551cb9c8,,-7.978787087304853,-6.039407074710827,3.8833868990728604e-05,tone,-16.488033395879757,10,-7.7184891677582534,-10.945801919094054,0.9916901440487915,1.0086497712522333,0.0,,,,,,,
90,91800,0,8,8063,-0.3816063973943433,-0.4039125774409986,81.64501001774775,82.23417909931882,1.0072162289090663,1.0008922136420264,0.0,-14.705567001074972,-14.705567001074972,-14.705567001074972,-14.723558292515783,16.400417598584266,phase,-14.705567001074972,phase,nan,nan,nan,nan,nan,nan,nan,nan,nan,nan,37.88022798079496,44.1825783917283,6.000037870563948,37.49837001137089,44.70730060587912,5.936606314181211,37.88022798079497,44.182578391728306,6.00003787056395,37.49837001137089,44.70730060587913,5.936606314181211,-32.12451184185137,-34.25047803846897,-0.05460712635088627,37.88022798079496,44.1825783917283,6.000037870563948,37.88022798079497,44.182578391728306,6.00003787056395,nan,-32.12451184185137,nan,-34.25047803846897,False,16.120393353541395,c135600d474e7604,,-0.3816063973943433,-0.4039125774409986,0.0008922136420264071,tone,-14.705567001074972,11,-7.853170590064946,-11.085958994556274,0.9918449839569486,1.008492423699827,0.0,,,,,,,
91,92820,0,8,2367,9.617038044343914,10.66790385984385,82.00509140504964,81.4106336438743,0.9927509652024029,0.9998775129628971,0.0,-15.329172316977948,-15.329172316977948,-15.329172316977948,-15.33092055065778,30.342621039636086,phase,-15.329172316977948,phase,nan,nan,nan,nan,nan,nan,nan,nan,nan,nan,37.05284312260805,42.7405654125734,5.862598525350176,37.340330477086056,43.80317871455878,5.910353899848182,37.052843122608046,42.7405654125734,5.862598525350174,37.340330477086056,43.80317871455878,5.910353899848182,-31.956854922001874,-34.33081650741309,-0.740589534517861,37.05284312260805,42.7405654125734,5.862598525350176,37.052843122608046,42.7405654125734,5.862598525350174,nan,-31.956854922001874,nan,-34.33081650741309,False,19.94983620143636,0a945ee61ac2d7e1,,9.617038044343914,10.66790385984385,-0.0001224870371029363,tone,-15.329172316977948,12,-4.459532098199094,-7.383634353140142,0.9918237235301123,1.0085140436165474,0.0,,,,,,,
92,93840,0,8,4971,-6.368350604408297,-8.048676872999906,82.3289517326034,84.68466860783349,1.0286134685994939,0.9998997902098629,0.0,-15.431208047550257,-15.431208047550257,-15.431208047550257,-15.452836913592396,31.85971591216927,phase,-15.431208047550257,phase,nan,nan,nan,nan,nan,nan,nan,nan,nan,nan,37.52793842770651,44.32508762951153,5.941518011246929,38.01984858610329,44.65700866479445,6.023230662143405,37.527938427706495,44.32508762951152,5.941518011246927,38.01984858610328,44.657008664794446,6.023230662143403,-31.97065676541781,-34.04637854039653,1.6010428086005541,37.52793842770651,44.32508762951153,5.941518011246929,37.527938427706495,44.32508762951152,5.941518011246927,nan,-31.97065676541781,nan,-34.04637854039653,False,16.89646436265682,041c2197813f244b,,-6.368350604408297,-8.048676872999906,-0.00010020979013714015,tone,-15.431208047550257,13,-6.706829333245754,-10.176889363698079,0.9918063302018544,1.0085317314106532,0.0,,,,,,,
93,94860,0,8,4395,5.661092623577675,6.2147426350302535,83.99064885223584,84.22832876078485,1.00282983774738,0.9999902476447378,0.0,-16.59884976569335,-16.59884976569335,-16.59884976569335,-16.599494553835097,5.284593770296963,phase,-16.59884976569335,phase,nan,nan,nan,nan,nan,nan,nan,nan,nan,nan,37.931862128707,43.891920569205496,6.008614971546015,38.02350767549229,43.02326913997294,6.023838484301046,37.931862128707,43.8919205692055,6.008614971546015,38.02350767549229,43.023269139972946,6.023838484301046,-31.571579860942578,-33.71385822299606,-1.5527221901624704,37.931862128707,43.891920569205496,6.008614971546015,37.931862128707,43.8919205692055,6.008614971546015,nan,-31.571579860942578,nan,-33.71385822299606,False,18.902335273128266,5ad70f48ecfffe77,,5.661092623577675,6.2147426350302535,-9.752355262238055e-06,tone,-16.59884976569335,14,-4.709078000232048,-8.020130330228552,0.9918046375235099,1.0085334526503935,0.0,,,,,,,
94,95880,0,8,1283,-5.995696204383859,-3.9353722302204854,83.227074346486,82.79081477040386,0.9947582012282933,1.0000517291034696,0.0,-16.136952741439906,-16.136952741439906,-16.136952741439906,-16.130765526932883,20.854441716281396,phase,-16.136952741439906,phase,nan,nan,nan,nan,nan,nan,nan,nan,nan,nan,37.60226816240002,42.65838470862835,5.953865143255818,37.85146066063044,43.65679090572665,5.9952592459519005,37.602268162400016,42.65838470862835,5.953865143255817,37.85146066063043,43.65679090572665,5.9952592459519,-31.550845495013505,-33.62522982560798,0.18191000332304696,37.60226816240002,42.65838470862835,5.953865143255818,37.602268162400016,42.65838470862835,5.953865143255817,nan,-31.550845495013505,nan,-33.62522982560798,False,18.32555525899497,b9fe4a7d36e0ec6c,,-5.995696204383859,-3.9353722302204854,5.172910346962212e-05,tone,-16.136952741439906,15,-6.824911695841893,-9.385856253307711,0.9918136159273352,1.008524323279666,0.0,,,,,,,
95,96900,0,8,6119,-3.2311122839077395,-4.0071088317414025,82.33303677704149,82.2017892201766,0.9984058943772436,0.9994992740698487,0.0,-16.051646584437144,-16.051646584437144,-16.051646584437144,-16.050090171123834,36.38104458183638,phase,-16.051646584437144,phase,nan,nan,nan,nan,nan,nan,nan,nan,nan,nan,38.306306533488936,45.169195180128455,6.070815038785538,38.11502975021482,44.27923895996388,6.039041486746649,38.306306533488936,45.16919518012844,6.070815038785538,38.11502975021484,44.279238959963905,6.039041486746651,-31.489719901341388,-33.82117637669219,0.563119852173533,38.306306533488936,45.169195180128455,6.070815038785538,38.306306533488936,45.16919518012844,6.070815038785538,nan,-31.489719901341388,nan,-33.82117637669219,False,18.318662868629787,ac141a886a1289dc,,-3.2311122839077395,-4.0071088317414025,-0.000500725930151269,tone,-16.051646584437144,16,-7.965135303591358,-10.776490131674349,0.9917267062381452,1.0086127415519621,0.0,,,,,,,
96,97920,0,7,5795,2.8691440082496498,2.8051323510174475,82.41554927541758,84.2274205362398,1.0219845802976728,1.0005663439357735,0.0,-15.340972604058292,-15.340972604058292,-15.340972604058292,-15.369982850837275,24.01523887446428,phase,-15.340972604058292,phase,nan,nan,nan,nan,nan,nan,nan,nan,nan,nan,37.99743437041645,43.8946088927088,6.019507370501072,38.782027324005696,43.793041231208825,6.149838425914568,37.99743437041645,43.8946088927088,6.019507370501072,38.78202732400571,43.79304123120885,6.14983842591457,-32.28924774589712,-34.771399876164594,-0.7148875902850009,37.99743437041645,43.8946088927088,6.019507370501072,37.99743437041645,43.8946088927088,6.019507370501072,nan,-32.28924774589712,nan,-34.771399876164594,False,17.148425608875264,7c94d55ced0d7d35,,2.8691440082496498,2.8051323510174475,0.0005663439357734834,tone,-15.340972604058292,17,-6.952557547470876,-9.803077559723882,0.9918249964591992,1.0085128343346075,0.0,,,,,,,
97,98940,0,7,3443,10.632378951320987,9.589688380362642,84.76201152323908,84.19129508056434,0.993266836966012,0.9995382518655499,0.0,-16.70667773660152,-16.70667773660152,-16.70667773660152,-16.709235433289933,18.56611993172014,phase,-16.70667773660152,phase,nan,nan,nan,nan,nan,nan,nan,nan,nan,nan,37.526557266949816,43.4163979556559,5.941288582549804,38.000389250659666,43.446998779650755,6.019998214395294,37.52655726694981,43.41639795565588,5.941288582549803,38.00038925065968,43.44699877965078,6.019998214395296,-31.20059942556246,-33.43293226557253,0.4432531938243258,37.526557266949816,43.4163979556559,5.941288582549804,37.52655726694981,43.41639795565588,5.941288582549803,nan,-31.20059942556246,nan,-33.43293226557253,False,16.166873226653085,0f87b4b951df316c,,10.632378951320987,9.589688380362642,-0.00046174813445010177,tone,-16.70667773660152,18,-3.2005522579818546,-6.475017847582102,0.9917448511243814,1.008594365792575,0.0,,,,,,,
98,99960,0,7,3431,-4.906127844032178,-5.114066560270806,84.58135616520907,87.21120784901116,1.0310925693679505,1.0001243108833815,0.0,-16.475288525289848,-16.475288525289848,-16.475288525289848,-16.450447191526248,10.002203396781878,phase,-16.475288525289848,phase,nan,nan,nan,nan,nan,nan,nan,nan,nan,nan,38.22199844291494,44.08917266117236,6.056810372577233,38.17424959998358,43.68040483789214,6.048878671093619,38.22199844291492,44.08917266117231,6.056810372577231,38.174249599983575,43.68040483789214,6.048878671093618,-31.539994043300013,-33.7224511949421,0.7603488089278843,38.22199844291494,44.08917266117236,6.056810372577233,38.22199844291492,44.08917266117231,6.056810372577231,nan,-31.539994043300013,nan,-33.7224511949421,False,16.905987422703383,9ce1a80da4ad54cf,,-4.906127844032178,-5.114066560270806,0.00012431088338149543,tone,-16.475288525289848,19,-4.931990282050712,-8.249688970881726,0.9917664259431245,1.0085724271498846,0.0,,,,,,,
99,100980,0,8,4071,-3.0859821543818717,-1.822114210024902,80.18464015369315,82.40254337604937,1.0276599510592686,1.000267126978926,0.0,-15.44478321246268,-15.44478321246268,-15.44478321246268,-15.454273666414899,32.19500988634216,phase,-15.44478321246268,phase,nan,nan,nan,nan,nan,nan,nan,nan,nan,nan,37.94227076567393,45.089871552628225,6.010343981008959,37.92562047988617,44.028770483542594,6.007578152805013,37.942270765673946,45.08987155262823,6.010343981008962,37.92562047988616,44.028770483542594,6.007578152805011,-32.016152830913725,-34.20603928438509,-0.04532418840883051,37.94227076567393,45.089871552628225,6.010343981008959,37.942270765673946,45.08987155262823,6.010343981008962,nan,-32.016152830913725,nan,-34.20603928438509,False,18.24015300395307,2dcab60b5637772b,,-3.0859821543818717,-1.822114210024902,0.00026712697892605775,tone,-15.44478321246268,20,-6.021050897312552,-8.882008431875617,0.991812788267728,1.0085252917825518,0.0,20,-15.989299571304034,0.157782388106036,-15.989299571304034,move+1:OK,1,35
100,102000,0,8,7679,-5.921909144488337,-6.480837116714146,84.42201252726649,84.31796930440892,0.9987675818220518,1.002812932711122,0.0,2.714111012976056,2.714111012976056,2.714111012976056,-3.5249641028647316,-12.91508219239427,phase,2.714111012976056,phase,nan,nan,nan,nan,nan,nan,nan,nan,nan,nan,38.263986589132074,44.52756746474228,6.0637851476963585,38.055432381386524,44.176480360638166,6.029141591592446,38.26398658913207,44.52756746474226,6.063785147696358,38.05543238138652,44.17648036063816,6.029141591592445,-36.87792445650963,-49.391074620650606,0.16338959509253392,38.263986589132074,44.52756746474228,6.0637851476963585,38.26398658913207,44.52756746474226,6.063785147696358,nan,-36.87792445650963,nan,-49.391074620650606,False,17.67172464337263,f50c07c2b0a0a4b3,,-5.921909144488337,-6.480837116714146,0.0028129327111219293,tone,2.714111012976056,1,-8.110828549999388,-11.131127030419417,0.9923010212289278,1.0080302244615447,0.0,,,,,,,
101,103020,0,7,5795,2.327272226789873,2.7667094810463526,82.58239194316705,83.85888200405664,1.015457169874276,1.0034381276023914,0.0,2.831115331521663,2.831115331521663,2.831115331521663,-3.9442716598185643,-13.73824095018995,phase,2.831115331521663,phase,nan,nan,nan,nan,nan,nan,nan,nan,nan,nan,38.2026227058777,43.83483935019147,6.053591811607593,37.65907444302185,43.324826638011615,5.963301402495325,38.20262270587771,43.83483935019149,6.0535918116075935,37.659074443021844,43.324826638011615,5.963301402495324,-37.24646131904778,-45.002700365278486,-0.055701160396540494,38.2026227058777,43.83483935019147,6.053591811607593,38.20262270587771,43.83483935019149,6.0535918116075935,nan,-37.24646131904778,nan,-45.002700365278486,False,17.02210396023169,f698ca4cc869c6e0,,2.327272226789873,2.7667094810463526,0.003438127602391372,tone,2.831115331521663,2,-7.289963447625844,-10.170492820385208,0.9928980612968473,1.0074257986602915,0.0,,,,,,,
102,104040,0,7,1483,0.5066595924504749,-1.7391213294138264,85.3099468046082,86.82986021257867,1.0178163680192138,1.001730137836937,0.0,2.7760604100698703,2.7760604100698703,2.7760604100698703,-3.0800526195414077,-11.497704611888466,phase,2.7760604100698703,phase,nan,nan,nan,nan,nan,nan,nan,nan,nan,nan,38.077290671485265,43.59282893172704,6.032772536791573,37.83370710478766,43.715601567809955,5.992310150296955,38.07729067148528,43.59282893172705,6.032772536791575,37.83370710478766,43.71560156780995,5.992310150296955,-37.932717517924345,-46.98706668346158,0.20770731061900516,38.077290671485265,43.59282893172704,6.032772536791573,38.07729067148528,43.59282893172705,6.032772536791575,nan,-37.932717517924345,nan,-46.98706668346158,False,17.9919090427762,18144a3bdf814a2e,,0.5066595924504749,-1.7391213294138264,0.0017301378369369846,tone,2.7760604100698703,3,-7.111364189282998,-10.774698575393963,0.9931986851350598,1.0071213030185928,0.0,,,,,,,
103,105060,0,8,6983,-3.8050356638641567,-4.027029054790006,83.07212506307498,83.59146700643888,1.0062516992669872,1.001146555123556,0.0,2.3309159881057333,2.3309159881057333,2.3309159881057333,-2.5011266071274356,7.270489978509295,phase,2.3309159881057333,phase,nan,nan,nan,nan,nan,nan,nan,nan,nan,nan,37.27193393072425,43.046690367407905,5.898992347296388,37.44055267523366,43.218181907055246,5.927002105520542,37.27193393072425,43.04669036740792,5.898992347296388,37.44055267523365,43.218181907055246,5.92700210552054,-38.14338957007272,-49.10408041993221,0.18144101609092012,37.27193393072425,43.046690367407905,5.898992347296388,37.27193393072425,43.04669036740792,5.898992347296388,nan,-38.14338957007272,nan,-49.10408041993221,False,16.231161487091654,3b4fea3985b5eca0,,-3.8050356638641567,-4.027029054790006,0.0011465551235561033,tone,2.3309159881057333,4,-8.452246433978434,-12.17419252408912,0.9933979676172612,1.0069194584287882,0.0,,,,,,,
104,106080,0,8,1323,5.43661193988566,6.8625825781266805,84.50405123513504,85.86016439188563,1.0160479070166373,1.0008899346981537,0.0,2.6954463957219086,2.6954463957219086,2.6954463957219086,-2.772640924871132,-3.17657766578302,phase,2.6954463957219086,phase,nan,nan,nan,nan,nan,nan,nan,nan,nan,nan,38.14307217030067,43.26718170975775,6.043699696063235,37.83649111229578,42.303574797543114,5.992772610015911,38.143072170300655,43.26718170975774,6.043699696063233,37.83649111229578,42.30357479754311,5.992772610015911,-37.87019803695842,-46.85896768361542,-0.586511976136185,38.14307217030067,43.26718170975775,6.043699696063235,38.143072170300655,43.26718170975774,6.043699696063233,nan,-37.87019803695842,nan,-46.85896768361542,False,18.56576489948638,7f856be8fe285cb4,,5.43661193988566,6.8625825781266805,0.0008899346981536826,tone,2.6954463957219086,5,-6.536786325353467,-9.78879428569148,0.9935526779983413,1.0067627816621263,0.0,,,,,,,
105,107100,0,8,3787,-0.2213917314276273,-1.8828009033868645,81.82359843080265,83.2146140734822,1.0170001768359762,0.9999978022728785,0.0,2.4430208745141195,2.4430208745141195,2.4430208745141195,-2.4526979908215036,-8.295036538285263,phase,2.4430208745141195,phase,nan,nan,nan,nan,nan,nan,nan,nan,nan,nan,37.71617120106983,43.03954323408165,5.972785913798975,38.088022506418156,44.91534430405131,6.034555233624279,37.71617120106983,43.03954323408164,5.972785913798975,38.088022506418156,44.9153443040513,6.034555233624279,-37.53675563563306,-49.28071931609692,0.4889338587850339,37.71617120106983,43.03954323408165,5.972785913798975,37.71617120106983,43.03954323408164,5.972785913798975,nan,-37.53675563563306,nan,-49.28071931609692,False,16.4181460865989,cbb5ff3847545fb9,,-0.2213917314276273,-1.8828009033868645,-2.197727121511228e-06,tone,2.4430208745141195,6,-6.614776257558953,-10.443347998034175,0.9935522958757496,1.0067631688662044,0.0,,,,,,,
106,108120,0,7,1759,0.6058631867632294,1.9900135459970167,83.2991351907725,83.98764311386093,1.0082654870487142,0.9994218317730093,0.0,3.019209582955134,3.019209582955134,3.019209582955134,-3.0474820752483445,23.287247840902715,phase,3.019209582955134,phase,nan,nan,nan,nan,nan,nan,nan,nan,nan,nan,37.559408092232324,43.38349837301068,5.946745530271151,37.875634247373156,44.002302684394145,5.999274791922452,37.55940809223232,43.38349837301066,5.94674553027115,37.87563424737314,44.002302684394124,5.99927479192245,-36.5241197797012,-45.29959476705203,-0.719298687323046,37.559408092232324,43.38349837301068,5.946745530271151,37.55940809223232,43.38349837301066,5.94674553027115,nan,-36.5241197797012,nan,-45.29959476705203,False,17.564304819294435,5786505d89106a27,,0.6058631867632294,1.9900135459970167,-0.0005781682269907495,tone,3.019209582955134,7,-6.4013480200647,-9.751522191689526,0.9934517688111171,1.0068650915280093,0.0,,,,,,,
107,109140,0,8,7159,-0.9646592459516885,1.2452508039629695,83.17429791287461,84.28992726395548,1.0134131502047603,1.0009431639892807,0.0,2.9825412674827434,2.9825412674827434,2.9825412674827434,-3.0775181527147217,-12.799659476158219,phase,2.9825412674827434,phase,nan,nan,nan,nan,nan,nan,nan,nan,nan,nan,37.95614262068514,43.91437075859217,6.01264827586132,37.574736232600415,43.3291549123532,5.949291732990103,37.95614262068514,43.91437075859219,6.01264827586132,37.57473623260042,43.32915491235319,5.949291732990104,-37.64861974009882,-47.99586874976753,-0.7669192226101369,37.95614262068514,43.91437075859217,6.01264827586132,37.95614262068514,43.91437075859219,6.01264827586132,nan,-37.64861974009882,nan,-47.99586874976753,False,16.94351424520699,ffd7346f51743264,,-0.9646592459516885,1.2452508039629695,0.0009431639892807375,tone,2.9825412674827434,8,-6.741204213070567,-9.318656075807391,0.9936157416994673,1.0066990613148588,0.0,,,,,,,
108,110160,0,8,4671,-5.695179605399847,-5.174323497807066,82.3413372216252,83.32108222067644,1.0118985801313163,1.0001714563855917,0.0,2.7717335607955764,2.7717335607955764,2.7717335607955764,-2.7656743333473397,10.260873081127109,phase,2.7717335607955764,phase,nan,nan,nan,nan,nan,nan,nan,nan,nan,nan,37.73885981793638,43.48595613825345,5.976554787032622,37.351420904324556,43.15042953289244,5.912196163509063,37.73885981793637,43.48595613825343,5.9765547870326206,37.35142090432457,43.15042953289244,5.912196163509066,-37.225606551214725,-52.44538307065093,0.05096518135372108,37.73885981793638,43.48595613825345,5.976554787032622,37.73885981793637,43.48595613825343,5.9765547870326206,nan,-37.225606551214725,nan,-52.44538307065093,False,17.853175652407526,53306d8c132b3af1,,-5.695179605399847,-5.174323497807066,0.00017145638559168397,tone,2.7717335607955764,9,-8.747324666114729,-11.11761794418054,0.9936455550081215,1.006668860621035,0.0,,,,,,,
109,111180,0,8,6863,0.24120193857799183,1.778910828008325,84.70232128856571,84.93801458207197,1.0027826072523243,0.9995466184573324,0.0,3.0445829586489626,3.0445829586489626,3.0445829586489626,-3.0631818126614294,-9.952137415352853,phase,3.0445829586489626,phase,nan,nan,nan,nan,nan,nan,nan,nan,nan,nan,38.285367471507485,43.43691712066675,6.0673367892869585,37.99916517526698,44.04304112716016,6.019794879612456,38.28536747150749,43.43691712066675,6.067336789286959,37.999165175266974,44.043041127160166,6.019794879612455,-37.48368824785773,-48.4030736367449,-0.28155133562585255,38.285367471507485,43.43691712066675,6.0673367892869585,38.28536747150749,43.43691712066675,6.067336789286959,nan,-37.48368824785773,nan,-48.4030736367449,False,15.341766349360045,bbad275a97665a86,,0.24120193857799183,1.778910828008325,-0.000453381542667608,tone,3.0445829586489626,10,-8.662364110434885,-10.49912380558286,0.9935667174110675,1.0067487677386195,0.0,,,,,,,
110,112200,0,7,973,1.7550647319942336,-0.00972428638512908,82.35950201849944,83.25215169109934,1.0108384539819024,1.0012596458172645,0.0,2.325246587263628,2.325246587263628,2.325246587263628,-2.5269005538567058,-26.671046566351453,phase,2.325246587263628,phase,nan,nan,nan,nan,nan,nan,nan,nan,nan,nan,38.187236610307075,44.74519526550698,6.051035981778584,37.703726989824055,43.41325844744567,5.970718769073764,38.18723661030708,44.74519526550699,6.051035981778586,37.70372698982405,43.41325844744564,5.970718769073763,-37.66179792468955,-46.93522434584206,2.0967424581109895,38.187236610307075,44.74519526550698,6.051035981778584,38.18723661030708,44.74519526550699,6.051035981778586,nan,-37.66179792468955,nan,-46.93522434584206,False,17.076580446466547,cd702e0724300d20,,1.7550647319942336,-0.00972428638512908,0.0012596458172644542,tone,2.325246587263628,11,-8.044114077061595,-10.502504490361288,0.9937857372890255,1.0065271212317093,0.0,,,,,,,
111,113220,0,8,4819,7.127567736459097,5.617418087155145,86.07720123711803,85.7624903929907,0.9963438536615474,1.0011062017890509,0.0,2.212172315690045,2.212172315690045,2.212172315690045,-2.3873363315520275,14.888924690265295,phase,2.212172315690045,phase,nan,nan,nan,nan,nan,nan,nan,nan,nan,nan,37.65872577235862,43.63858349767938,5.963243483780503,38.38405113210034,44.1767623299883,6.083729423936934,37.658725772358615,43.63858349767938,5.963243483780501,38.38405113210033,44.176762329988264,6.083729423936933,-38.589588726325324,-51.21997710095525,0.248284649049757,37.65872577235862,43.63858349767938,5.963243483780503,37.658725772358615,43.63858349767938,5.963243483780501,nan,-38.589588726325324,nan,-51.21997710095525,False,17.26782227166507,5cd877637a0ec53e,,7.127567736459097,5.617418087155145,0.0011062017890508535,tone,2.212172315690045,12,-5.533866028457172,-8.549157889925578,0.9939781196121169,1.0063324876678148,0.0,,,,,,,
112,114240,0,8,4199,2.8620611431773852,4.148118070120967,83.23684991278634,83.30081905047467,1.0007685194448777,0.9988017685884751,0.0,2.817834337790962,2.817834337790962,2.817834337790962,-2.9740444544148583,-5.97900866539342,phase,2.817834337790962,phase,nan,nan,nan,nan,nan,nan,nan,nan,nan,nan,37.75379277328897,44.588569713933744,5.979035344400162,37.835731261463316,43.11740980194461,5.992646388947396,37.75379277328897,44.588569713933744,5.979035344400162,37.83573126146332,43.11740980194461,5.992646388947397,-37.495619082780365,-49.242050151240726,0.02899596863638987,37.75379277328897,44.588569713933744,5.979035344400162,37.75379277328897,44.588569713933744,5.979035344400162,nan,-37.495619082780365,nan,-49.242050151240726,False,16.914352660251186,3a4fa5ae4e30298e,,2.8620611431773852,4.148118070120967,-0.0011982314115248638,tone,2.817834337790962,13,-4.526075836352149,-7.1064524796024005,0.9937696918461916,1.0065437591794797,0.0,,,,,,,
113,115260,0,8,6983,5.162168437822743,4.697128431932003,81.22956296698624,82.88805554709452,1.0204173520025257,1.0003438392744495,0.0,2.6534114948069942,2.6534114948069942,2.6534114948069942,-2.6531795769531357,4.147075683879492,phase,2.6534114948069942,phase,nan,nan,nan,nan,nan,nan,nan,nan,nan,nan,37.36432010709393,42.41325594874599,5.914338888221584,37.6824857889599,44.267407257438585,5.967190330392011,37.36432010709394,42.41325594874599,5.914338888221585,37.682485788959895,44.26740725743859,5.96719033039201,-37.52732029400206,-51.163958293932026,0.9519009621744079,37.36432010709393,42.41325594874599,5.914338888221584,37.36432010709394,42.41325594874599,5.914338888221585,nan,-37.52732029400206,nan,-51.163958293932026,False,16.178910699123648,b91400338a3e351d,,5.162168437822743,4.697128431932003,0.0003438392744494756,tone,2.6534114948069942,14,-2.707989645897473,-5.473145495993101,0.9938294888299091,1.0064832143738867,0.0,,,,,,,
114,116280,0,8,919,-0.46168878660937196,1.358276000373781,85.3808476159385,85.46960469739876,1.0010395432223806,1.000065659119133,0.0,2.933246178947847,2.933246178947847,2.933246178947847,-2.932790353247451,21.819627831422423,phase,2.933246178947847,phase,nan,nan,nan,nan,nan,nan,nan,nan,nan,nan,38.23810634218314,43.73669600695452,6.059486103352682,37.63872569672688,42.445364986390416,5.959921212080878,38.238106342183144,43.73669600695454,6.059486103352683,37.638725696726866,42.445364986390395,5.959921212080875,-37.15533964153372,-47.81875781252875,-0.03893121578583765,38.23810634218314,43.73669600695452,6.059486103352682,38.238106342183144,43.73669600695454,6.059486103352683,nan,-37.15533964153372,nan,-47.81875781252875,False,18.331405863704777,768172081c049b07,,-0.46168878660937196,1.358276000373781,6.565911913303246e-05,tone,2.933246178947847,15,-2.870584011560269,-5.0008111407435125,0.99384090827445,1.0064716502929505,0.0,,,,,,,
115,117300,0,7,7071,4.7237170742560455,2.118092730711461,83.10678200968141,83.06292718297777,0.9994723074863069,1.0003983527899374,0.0,3.0349179874758367,3.0349179874758367,3.0349179874758367,-3.0525353302644866,13.8078339885258,phase,3.0349179874758367,phase,nan,nan,nan,nan,nan,nan,nan,nan,nan,nan,37.48689008261378,44.482543724782886,5.934699349271393,37.652608794306104,43.3136732804024,5.962227374469453,37.48689008261378,44.48254372478286,5.934699349271393,37.652608794306104,43.313673280402384,5.962227374469453,-37.75272141471564,-47.62816537133216,2.055334573799857,37.48689008261378,44.482543724782886,5.934699349271393,37.48689008261378,44.48254372478286,5.934699349271393,nan,-37.75272141471564,nan,-47.62816537133216,False,15.983658676715281,e2bec789c4935989,,4.7237170742560455,2.118092730711461,0.000398352789937384,tone,3.0349179874758367,16,-1.2070370975374312,-4.264245480366259,0.9939101906516989,1.0064015153431731,0.0,,,,,,,
116,118320,0,8,7003,-6.597181821294852,-6.188401409454782,82.82805169002803,84.00155237101565,1.0141679136119157,0.9997463657410312,0.0,2.583504887334358,2.583504887334358,2.583504887334358,-2.5803714950914047,7.7693604175966575,phase,2.583504887334358,phase,nan,nan,nan,nan,nan,nan,nan,nan,nan,nan,37.32783053924365,43.76404254685349,5.908277498213232,37.68431418844784,43.96518340035597,5.967494051237184,37.327830539243635,43.764042546853474,5.908277498213229,37.68431418844785,43.96518340035595,5.9674940512371855,-37.337831013957995,-48.624989720479476,-0.43048457788504724,37.32783053924365,43.76404254685349,5.908277498213232,37.327830539243635,43.764042546853474,5.908277498213229,nan,-37.337831013957995,nan,-48.624989720479476,False,16.309049993063486,7f1f40daaf5762c0,,-6.597181821294852,-6.188401409454782,-0.00025363425896884895,tone,2.583504887334358,17,-3.5301983440673577,-6.4164088667365675,0.9938660749586287,1.0064461968088732,0.0,,,,,,,
117,119340,0,7,5275,-3.5220950885183644,-3.5779845271151833,83.39863031185975,83.43452110700163,1.0004303523332179,0.9989553984800469,0.0,2.7360087786990746,2.7360087786990746,2.7360087786990746,-2.858452322216528,-1.8865277135472225,phase,2.7360087786990746,phase,nan,nan,nan,nan,nan,nan,nan,nan,nan,nan,37.52499295470114,42.82806826147378,5.941028730016802,37.96059252198145,44.60575583518838,6.013387462123164,37.524992954701155,42.82806826147378,5.941028730016804,37.96059252198144,44.60575583518838,6.0133874621231636,-37.0233344539246,-47.551886719969204,-0.7531587961741799,37.52499295470114,42.82806826147378,5.941028730016802,37.524992954701155,42.82806826147378,5.941028730016804,nan,-37.0233344539246,nan,-47.551886719969204,False,16.182630767744406,be51e5845d800991,,-3.5220950885183644,-3.5779845271151833,-0.0010446015199531145,tone,2.7360087786990746,18,-4.7705397864822645,-7.660682617743774,0.9936843910064357,1.0066303728641746,0.0,,,,,,,
118,120360,0,8,2899,6.183627660286739,6.744086422929488,84.27940740032966,85.34430964356358,1.0126353788675282,1.000190628038987,0.0,2.7628418645691037,2.7628418645691037,2.7628418645691037,-2.7685412882492892,6.112835475898548,phase,2.7628418645691037,phase,nan,nan,nan,nan,nan,nan,nan,nan,nan,nan,38.01517671962077,44.431526780784516,6.022454604588169,37.645062526646434,44.15710051851271,5.960973841635621,38.015176719620776,44.43152678078449,6.0224546045881695,37.64506252664642,44.15710051851268,5.960973841635619,-37.74610894601875,-48.345925981381185,-0.17122641475643352,38.01517671962077,44.431526780784516,6.022454604588169,38.015176719620776,44.43152678078449,6.0224546045881695,nan,-37.74610894601875,nan,-48.345925981381185,False,15.720527316028305,592c51682c25fafc,,6.183627660286739,6.744086422929488,0.0001906280389869508,tone,2.7628418645691037,19,-2.592514549607691,-5.315799817010108,0.9937175402251309,1.0065967981690092,0.0,,,,,,,
119,121380,0,8,8079,-1.9487860970976043,-2.490322373491396,82.66837024768199,82.31127273521636,0.9956803610450317,1.0007604776945842,0.0,2.7577462358367058,2.7577462358367058,2.7577462358367058,-2.8219025048916584,0.25959607474005475,phase,2.7577462358367058,phase,nan,nan,nan,nan,nan,nan,nan,nan,nan,nan,38.21078385854826,44.28553520972108,6.054947484808682,38.15358727900372,45.45175737822798,6.045446391861084,38.21078385854825,44.285535209721054,6.05494748480868,38.15358727900373,45.451757378227995,6.045446391861086,-38.248357534556924,-49.33368766558374,0.1538593126315897,38.21078385854826,44.28553520972108,6.054947484808682,38.21078385854825,44.285535209721054,6.05494748480868,nan,-38.248357534556924,nan,-49.33368766558374,False,16.178222267817056,7edc78a20dc97dbd,,-1.9487860970976043,-2.490322373491396,0.0007604776945842051,tone,2.7577462358367058,20,-3.2789018844127447,-6.181700475851309,0.9938497877293412,1.0064629384441657,0.0,20,2.721283402560316,0.053929828446810844,2.721283402560316,inside-deadband,,
120,122400,0,8,6791,-4.985836049578704,-4.414481115539756,84.37173493960293,84.48852685651005,1.0013842540631732,0.9994885231878449,0.0,2.6019810948991613,2.6019810948991613,2.6019810948991613,-2.6311023158545797,-13.504167721694563,phase,2.6019810948991613,phase,nan,nan,nan,nan,nan,nan,nan,nan,nan,nan,38.297588355462025,45.53381485676955,6.069366836455487,38.5264912083956,44.50130520997435,6.107390566178672,38.297588355462004,45.533814856769524,6.069366836455483,38.52649120839559,44.50130520997435,6.107390566178671,-37.149797911565756,-47.81167315115815,0.4907563198468168,38.297588355462025,45.53381485676955,6.069366836455487,38.297588355462004,45.533814856769524,6.069366836455483,nan,-37.149797911565756,nan,-47.81167315115815,False,16.674505741565827,71b898b9ecde8dc3,,-4.985836049578704,-4.414481115539756,-0.0005114768121551316,tone,2.6019810948991613,1,-5.034743299179722,-7.716847306818924,0.9937608297831331,1.0065530714747997,0.0,,,,,,,
121,123420,0,8,6791,-2.2260814636016373,-1.1135341747223548,81.4810718640477,82.82852958734514,1.0165370642834166,1.0003616004201732,0.0,2.5084063972343813,2.5084063972343813,2.5084063972343813,-2.5007635602899865,-11.342298637279178,phase,2.5084063972343813,phase,nan,nan,nan,nan,nan,nan,nan,nan,nan,nan,37.504287541089006,43.905288299261514,5.937589292539703,37.388918255898595,43.857883864128276,5.9184249594515945,37.504287541089006,43.9052882992615,5.937589292539703,37.38891825589861,43.8578838641283,5.918424959451597,-37.22278438301706,-48.74683521576675,-0.1312034115567665,37.504287541089006,43.905288299261514,5.937589292539703,37.504287541089006,43.9052882992615,5.937589292539703,nan,-37.22278438301706,nan,-48.74683521576675,False,16.36613812108769,27cefc259536ba4a,,-2.2260814636016373,-1.1135341747223548,0.0003616004201731915,tone,2.5084063972343813,2,-5.818763446593462,-8.104046921223539,0.9938237150415132,1.0064893997461484,0.0,,,,,,,
122,124440,0,8,6523,8.715939711729359,9.236876987375263,84.20356045547379,84.67469728300736,1.0055952126606653,1.0003124063308473,0.0,2.282283745227608,2.282283745227608,2.282283745227608,-2.2910824185846335,-32.72976376632478,phase,2.282283745227608,phase,nan,nan,nan,nan,nan,nan,nan,nan,nan,nan,38.091450262041505,42.71170746061039,6.0351246282460975,38.02823223462869,43.52960488336991,6.024623294788819,38.0914502620415,42.71170746061039,6.035124628246097,38.02823223462871,43.529604883369956,6.024623294788823,-37.23173206926575,-48.39581036503026,-0.5638622203552384,38.091450262041505,42.71170746061039,6.0351246282460975,38.0914502620415,42.71170746061039,6.035124628246097,nan,-37.23173206926575,nan,-48.39581036503026,False,16.09686806455934,66c7b7c50a69c333,,8.715939711729359,9.236876987375263,0.0003124063308472813,tone,2.282283745227608,3,-2.7492262108294225,-4.891984333781754,0.9938780484850702,1.0064343910406444,0.0,,,,,,,
123,125460,0,8,2551,2.420654302141944,4.167839042425487,83.11785240626887,83.867713695766,1.0090216634307623,1.0005662087340825,0.0,2.337119289169419,2.337119289169419,2.337119289169419,-2.382071395156754,-16.02289306583921,phase,2.337119289169419,phase,nan,nan,nan,nan,nan,nan,nan,nan,nan,nan,37.42717566858889,43.03096204256641,5.924780011393504,37.41948914638591,43.738928465303374,5.923503180462776,37.42717566858888,43.03096204256641,5.924780011393502,37.4194891463859,43.73892846530339,5.923503180462775,-38.52187491616201,-50.08503848048973,-0.25025455493918525,37.42717566858889,43.03096204256641,5.924780011393504,37.42717566858888,43.03096204256641,5.924780011393502,nan,-38.52187491616201,nan,-50.08503848048973,False,17.79484688808154,ee08916ff30aec5d,,2.420654302141944,4.167839042425487,0.0005662087340825295,tone,2.337119289169419,4,-1.896778561904005,-3.4425667882022633,0.9939765284106117,1.006334723383407,0.0,,,,,,,
124,126480,0,8,647,-2.503019982960124,-4.485348450872961,82.56736055692863,82.99729582427621,1.0052070850327248,0.9994680447236468,0.0,3.1182467712575734,3.1182467712575734,3.1182467712575734,-3.1506883466004925,-15.133832685443156,phase,3.1182467712575734,phase,nan,nan,nan,nan,nan,nan,nan,nan,nan,nan,38.09841365841856,44.170235177004585,6.0362813386077345,38.11198839195401,45.13185692715269,6.0385362777332245,38.09841365841856,44.1702351770046,6.0362813386077345,38.11198839195401,45.13185692715268,6.0385362777332245,-37.52883400428887,-48.079900403053756,0.9520628817513361,38.09841365841856,44.170235177004585,6.0362813386077345,38.09841365841856,44.1702351770046,6.0362813386077345,nan,-37.52883400428887,nan,-48.079900403053756,False,16.029280121842305,e2b6a9cbdc8c11ca,,-2.503019982960124,-4.485348450872961,-0.000531955276353191,tone,3.1182467712575734,5,-2.7781444382561116,-5.0025566418043095,0.9938839969753114,1.006428455131034,0.0,,,,,,,
125,127500,0,8,7663,-4.1098959674835935,-3.8609280181813217,82.56645703836269,83.29379737515333,1.008809150384795,0.999386200946708,0.0,3.2252226540198015,3.2252226540198015,3.2252226540198015,-3.267451864915659,-0.35720104429016486,phase,3.2252226540198015,phase,nan,nan,nan,nan,nan,nan,nan,nan,nan,nan,37.58596695538202,43.83507405682714,5.951157301558476,37.71855004569841,43.553126876563525,5.973181070714022,37.585966955382005,43.83507405682714,5.9511573015584736,37.71855004569841,43.553126876563525,5.973181070714022,-37.87455747030568,-47.398072348022886,0.2965351522094326,37.58596695538202,43.83507405682714,5.951157301558476,37.585966955382005,43.83507405682714,5.9511573015584736,nan,-37.87455747030568,nan,-47.398072348022886,False,17.53912358522492,5ac5f73f8269394c,,-4.1098959674835935,-3.8609280181813217,-0.0006137990532919524,tone,3.2252226540198015,6,-4.22545981207935,-6.345250004133303,0.9937772390904369,1.0065366268725158,0.0,,,,,,,
126,128520,0,8,5339,6.725459249843463,4.212838532717744,83.92274777881205,84.14678079341711,1.0026695147684572,1.0002418605726764,0.0,2.4380270852826236,2.4380270852826236,2.4380270852826236,-2.4432157269639214,1.5823278292416743,phase,2.4380270852826236,phase,nan,nan,nan,nan,nan,nan,nan,nan,nan,nan,37.972355852120636,44.38309822842697,6.015341503674525,37.7928758941234,44.43386493424052,5.985527557163356,37.972355852120636,44.38309822842697,6.015341503674525,37.792875894123384,44.4338649342405,5.985527557163354,-37.95875645231486,-50.70938774548992,1.3601442986658272,37.972355852120636,44.38309822842697,6.015341503674525,37.972355852120636,44.38309822842697,6.015341503674525,nan,-37.95875645231486,nan,-50.70938774548992,False,16.148169747119574,b4027531dadae04a,,6.725459249843463,4.212838532717744,0.00024186057267638894,tone,2.4380270852826236,7,-1.8568095302519572,-4.8803321391642775,0.9938193013085649,1.0064940349069589,0.0,,,,,,,
127,129540,0,8,6975,-8.89867620094045,-10.567549916689295,81.67234769185121,82.92821127017643,1.0153768516984913,0.9995973248466612,0.0,2.9980145165368874,2.9980145165368874,2.9980145165368874,-3.003008957494275,5.499155445299118,phase,2.9980145165368874,phase,nan,nan,nan,nan,nan,nan,nan,nan,nan,nan,37.783885616637306,44.286305635635586,5.984034155587593,37.538731668304386,43.40356207229902,5.943310908356211,37.7838856166373,44.28630563563555,5.984034155587592,37.53873166830439,43.40356207229901,5.943310908356212,-36.907193305294875,-48.15217126885341,0.5817784879335148,37.783885616637306,44.286305635635586,5.984034155587593,37.7838856166373,44.28630563563555,5.984034155587592,nan,-36.907193305294875,nan,-48.15217126885341,False,16.203971972317923,c5d98dca97781158,,-8.89867620094045,-10.567549916689295,-0.0004026751533388051,tone,2.9980145165368874,8,-4.990715931776094,-8.555110471241683,0.9937492686991444,1.0065649892529833,0.0,,,,,,,
128,130560,0,7,3951,-0.6710355664712185,1.058238603673667,84.15932328425049,84.43517065213425,1.0032776804413228,0.9999534504310272,0.0,2.60636698595517,2.60636698595517,2.60636698595517,-2.6056711502116845,12.497247247797652,phase,2.60636698595517,phase,nan,nan,nan,nan,nan,nan,nan,nan,nan,nan,37.9874553530912,42.9438342814519,6.0178497264271105,38.05203059187687,44.361587491574426,6.028576510278551,37.98745535309121,42.9438342814519,6.017849726427111,38.05203059187687,44.36158749157442,6.028576510278551,-37.370128058703436,-46.317292104068045,-0.8805014868095059,37.9874553530912,42.9438342814519,6.0178497264271105,37.98745535309121,42.9438342814519,6.017849726427111,nan,-37.370128058703436,nan,-46.317292104068045,False,16.61067154747454,8caf8f13182e65fe,,-0.6710355664712185,1.058238603673667,-4.654956897276463e-05,tone,2.60636698595517,9,-5.227055676279625,-8.187142664651606,0.9937411734441225,1.0065731892888101,0.0,,,,,,,
129,131580,0,8,4367,3.3247027300622713,1.9426199184272415,83.12065757593685,82.62345791208259,0.9940183381802529,0.9998026477633846,0.0,2.6179057072670173,2.6179057072670173,2.6179057072670173,-2.623704849371205,6.410680415934819,phase,2.6179057072670173,phase,nan,nan,nan,nan,nan,nan,nan,nan,nan,nan,37.71341424179149,42.59338454852422,5.972327947141444,37.49155530212787,44.16088464060205,5.935474302679049,37.71341424179149,42.59338454852423,5.972327947141444,37.491555302127864,44.16088464060205,5.935474302679048,-37.38632345315572,-50.57163797460491,0.7401676594533515,37.71341424179149,42.59338454852422,5.972327947141444,37.71341424179149,42.59338454852423,5.972327947141444,nan,-37.38632345315572,nan,-50.57163797460491,False,18.866071783679093,40f04d3999fbd920,,3.3247027300622713,1.9426199184272415,-0.00019735223661543344,tone,2.6179057072670173,10,-4.056080792056187,-7.511665730947533,0.9937068529615632,1.006607959808139,0.0,,,,,,,
130,132600,0,8,611,8.370195694281989,5.474047357706809,82.81444162029426,83.22047551619144,1.0049029358642403,1.000456872247848,0.0,2.6272045211742916,2.6272045211742916,2.6272045211742916,-2.656524366841366,-13.734686906391202,phase,2.6272045211742916,phase,nan,nan,nan,nan,nan,nan,nan,nan,nan,nan,37.98933632091603,44.269870301163294,6.018162179554158,37.65337989214792,44.128996773101925,5.962355463811948,37.98933632091604,44.269870301163294,6.01816217955416,37.65337989214791,44.128996773101925,5.962355463811946,-37.91966970538527,-47.904300711225,1.153599862660264,37.98933632091603,44.269870301163294,6.018162179554158,37.98933632091604,44.269870301163294,6.01816217955416,nan,-37.91966970538527,nan,-47.904300711225,False,16.0246049506235,de279d44ca8dcccb,,8.370195694281989,5.474047357706809,0.00045687224784796143,tone,2.6272045211742916,11,-1.1079593372552594,-5.6083263459077415,0.9937863024511958,1.0065275155936406,0.0,,,,,,,
131,133620,0,7,2279,-8.347219910969844,-6.5573296491619315,84.85444762419866,85.45264967760585,1.0070497430618663,1.0000568522103879,0.0,2.265210758190324,2.265210758190324,2.265210758190324,-2.2684840130570088,-14.194026270639705,phase,2.265210758190324,phase,nan,nan,nan,nan,nan,nan,nan,nan,nan,nan,37.559463732547364,43.53583096566862,5.9467547728484,37.65422381218072,44.4609004713146,5.962495649863907,37.559463732547364,43.53583096566862,5.9467547728484,37.65422381218072,44.4609004713146,5.962495649863907,-37.39538478284856,-49.499645113168135,-1.6189339125733992,37.559463732547364,43.53583096566862,5.9467547728484,37.559463732547364,43.53583096566862,5.9467547728484,nan,-37.39538478284856,nan,-49.499645113168135,False,19.30417210211957,194a3dc4137e8142,,-8.347219910969844,-6.5573296491619315,5.685221038786992e-05,tone,2.265210758190324,12,-4.047753296613961,-7.888507803096289,0.9937961897670867,1.0065175020829673,0.0,,,,,,,
132,134640,0,8,2879,-1.5550641132640388,-2.7407967683101218,83.13031460162405,84.52589616156827,1.0167878777631494,1.0002770149370726,0.0,2.51492820064313,2.51492820064313,2.51492820064313,-2.526651954039506,30.134186399015665,phase,2.51492820064313,phase,nan,nan,nan,nan,nan,nan,nan,nan,nan,nan,37.40634890527849,44.40597162286454,5.921320416159219,38.173517754177105,44.794847303038566,6.048757102022775,37.406348905278506,44.40597162286457,5.921320416159221,38.1735177541771,44.794847303038566,6.048757102022774,-37.43412519719827,-49.84851174795574,0.5729455189763137,37.40634890527849,44.40597162286454,5.921320416159219,37.406348905278506,44.40597162286457,5.921320416159221,nan,-37.43412519719827,nan,-49.84851174795574,False,15.646268658054165,273a1c97d90eb035,,-1.5550641132640388,-2.7407967683101218,0.00027701493707255054,tone,2.51492820064313,13,-4.595423377508489,-8.841575054210487,0.9938443666351567,1.006468722028833,0.0,,,,,,,
133,135660,0,8,3023,2.0924288218418674,4.021195775630673,82.11960354128124,83.12905401368981,1.0122924421073358,1.000005180113155,0.0,2.500139326293953,2.500139326293953,2.500139326293953,-2.5011719548878935,-26.181541479600128,phase,2.500139326293953,phase,nan,nan,nan,nan,nan,nan,nan,nan,nan,nan,37.69420495396196,45.4526847999078,5.969137035541854,38.25330305268369,45.00576634834442,6.062010473867724,37.69420495396196,45.4526847999078,5.969137035541854,38.25330305268369,45.00576634834441,6.062010473867724,-38.03533772941957,-47.3459490740106,-1.499726961750449,37.69420495396196,45.4526847999078,5.969137035541854,37.69420495396196,45.4526847999078,5.969137035541854,nan,-38.03533772941957,nan,-47.3459490740106,False,14.578401791469409,02b718c69ba020df,,2.0924288218418674,4.021195775630673,5.180113155089927e-06,tone,2.500139326293953,14,-3.858537289273004,-7.443202217910448,0.9938452675747553,1.0064678096497326,0.0,,,,,,,
134,136680,0,8,4443,-6.090782532127151,-8.317427371426867,85.4105431067313,85.63544120442793,1.0026331421100507,1.000460032081244,0.0,2.518599175128681,2.518599175128681,2.518599175128681,-2.544978618693919,5.925997123573924,phase,2.518599175128681,phase,nan,nan,nan,nan,nan,nan,nan,nan,nan,nan,37.713305664045514,44.530790449511954,5.972309910971016,37.800862759356534,43.19861308761013,5.9868542789628805,37.71330566404552,44.53079044951196,5.972309910971018,37.800862759356534,43.198613087610134,5.9868542789628805,-38.3819031054478,-46.43859754445673,0.9629867512960164,37.713305664045514,44.530790449511954,5.972309910971016,37.71330566404552,44.53079044951196,5.972309910971018,nan,-38.3819031054478,nan,-46.43859754445673,False,18.83290703418063,151d18e2a883689c,,-6.090782532127151,-8.317427371426867,0.0004600320812440106,tone,2.518599175128681,15,-6.0035129266240705,-10.33559435612748,0.9939252776984587,1.0063868205980884,0.0,,,,,,,
135,137700,0,7,1371,8.127917631369272,8.662053820055522,84.0246511326717,85.01693289147934,1.0118094124216102,0.9992791217757965,0.0,2.797801716017031,2.797801716017031,2.797801716017031,-2.84151588760872,-13.679823330083202,phase,2.797801716017031,phase,nan,nan,nan,nan,nan,nan,nan,nan,nan,nan,38.3134096224141,44.899707221350894,6.071994953889386,38.33400582745507,43.68815731525978,6.07541625040782,38.31340962241407,44.899707221350866,6.071994953889381,38.334005827455066,43.68815731525979,6.075416250407819,-37.975401841891596,-48.699085883520084,-0.8915090935619272,38.3134096224141,44.899707221350894,6.071994953889386,38.31340962241407,44.899707221350866,6.071994953889381,nan,-37.975401841891596,nan,-48.699085883520084,False,18.769260833318373,dd4da704f5753101,,8.127917631369272,8.662053820055522,-0.000720878224203525,tone,2.797801716017031,16,-3.1413549406971812,-7.323115679968243,0.9937998903578525,1.0065138715966029,0.0,,,,,,,
136,138720,0,8,8221,-4.021808128669138,-1.889459943682338,82.43262196179349,83.07890303156444,1.0078401129842807,1.0003003371044545,0.0,3.2450241918143066,3.2450241918143066,3.2450241918143066,-3.255101922699538,12.386449735310489,phase,3.2450241918143066,phase,nan,nan,nan,nan,nan,nan,nan,nan,nan,nan,37.622388848664386,42.83229703599958,5.957207449944251,37.81882935302589,44.230444669095846,5.989838762961112,37.62238884866437,42.83229703599957,5.9572074499442484,37.8188293530259,44.23044466909586,5.989838762961114,-38.31693442205705,-48.006658296460294,-1.183876205024271,37.622388848664386,42.83229703599958,5.957207449944251,37.62238884866437,42.83229703599957,5.9572074499442484,nan,-38.31693442205705,nan,-48.006658296460294,False,15.427377415115538,4632376cab48df91,,-4.021808128669138,-1.889459943682338,0.00030033710445454,tone,3.2450241918143066,17,-4.557769712616033,-7.9801468436220535,0.9938521234796112,1.0064609861242595,0.0,,,,,,,
137,139740,0,8,4427,-0.7135498199354969,0.5044277673000161,81.6471597956785,83.16881516803119,1.0186369663826718,0.9994342207513941,0.0,2.423883907988871,2.423883907988871,2.423883907988871,-2.461503612096333,-10.160927138457373,phase,2.423883907988871,phase,nan,nan,nan,nan,nan,nan,nan,nan,nan,nan,38.394713187971846,43.82708643844829,6.08550052956343,38.44467272749491,43.13076395216701,6.093799456394504,38.39471318797183,43.827086438448276,6.0855005295634275,38.44467272749492,43.13076395216701,6.093799456394505,-37.45810672918648,-49.722858633702,-0.36915076381381895,38.394713187971846,43.82708643844829,6.08550052956343,38.39471318797183,43.827086438448276,6.0855005295634275,nan,-37.45810672918648,nan,-49.722858633702,False,18.698697524344496,5e383444da6bcbd2,,-0.7135498199354969,0.5044277673000161,-0.0005657792486059021,tone,2.423883907988871,18,-4.809057033010381,-7.804730487708573,0.9937537208207728,1.0065606936162736,0.0,,,,,,,
138,140760,0,8,655,5.307038316169277,6.320837641336679,81.52648922453672,83.07274085706209,1.0189662482370208,1.0002388010057328,0.0,2.4317003190480584,2.4317003190480584,2.4317003190480584,-2.4530789384143428,-27.77160224373525,phase,2.4317003190480584,phase,nan,nan,nan,nan,nan,nan,nan,nan,nan,nan,38.08842720710638,44.764149531860824,6.034622459652223,37.940058898674266,44.09298812117764,6.009976561241573,38.08842720710638,44.76414953186081,6.034622459652223,37.940058898674266,44.09298812117761,6.009976561241573,-37.34340009441012,-48.62463776489072,0.17876491695162056,38.08842720710638,44.764149531860824,6.034622459652223,38.08842720710638,44.76414953186081,6.034622459652223,nan,-37.34340009441012,nan,-48.62463776489072,False,15.7935878006245,ec1dcbb334177d63,,5.307038316169277,6.320837641336679,0.00023880100573281382,tone,2.4317003190480584,19,-2.939918461005732,-5.606856888532229,0.9937952499636699,1.00651863931034,0.0,,,,,,,
139,141780,0,8,127,0.18731060794885845,0.8541463425372493,82.7217979869618,84.08155539467981,1.0164377158234923,1.0000735250073707,0.0,3.056446272830643,3.056446272830643,3.056446272830643,-3.0463291961099492,10.223752447511623,phase,3.056446272830643,phase,nan,nan,nan,nan,nan,nan,nan,nan,nan,nan,37.440678832949295,44.910221552359445,5.927023061951711,37.98584003740593,44.979502304875105,6.017581401562447,37.4406788329493,44.91022155235946,5.927023061951712,37.98584003740593,44.97950230487511,6.017581401562447,-37.730876749598565,-47.97184275773125,0.1759504143589703,37.440678832949295,44.910221552359445,5.927023061951711,37.4406788329493,44.91022155235946,5.927023061951712,nan,-37.730876749598565,nan,-47.97184275773125,False,15.607785736650891,fc67d61136510e8c,,0.18731060794885845,0.8541463425372493,7.352500737067835e-05,tone,3.056446272830643,20,-2.873950433100087,-5.309841802857435,0.9938080370042087,1.0065056895116586,0.0,20,2.655725631798947,0.06921281567287837,2.655725631798947,inside-deadband,,
140,142800,0,8,643,-4.680755409164836,-5.827502607650246,82.78506146266221,83.97041875926428,1.0143184926804298,0.9996467347597392,0.0,2.8937091194898366,2.8937091194898366,2.8937091194898366,-2.9188225961828103,23.978559595067264,phase,2.8937091194898366,phase,nan,nan,nan,nan,nan,nan,nan,nan,nan,nan,37.63675852767905,43.7397697930296,5.959594439813796,37.74289459000565,43.17709473941327,5.977225014951105,37.636758527679056,43.739769793029595,5.959594439813798,37.74289459000566,43.17709473941329,5.977225014951108,-37.685141906840215,-50.13987208229664,0.9720347179222575,37.63675852767905,43.7397697930296,5.959594439813796,37.636758527679056,43.739769793029595,5.959594439813798,nan,-37.685141906840215,nan,-50.13987208229664,False,16.078107107861378,84c547bbba20bb8a,,-4.680755409164836,-5.827502607650246,-0.00035326524026080275,tone,2.8937091194898366,1,-4.522422101880478,-7.336284309771809,0.9937465983830898,1.0065679351088546,0.0,,,,,,,
141,143820,0,8,5289,2.641115641364872,3.2120722677114486,81.64256111968378,83.55370102045131,1.023408622592889,1.000438528808918,0.0,2.6186120031934257,2.6186120031934257,2.6186120031934257,-2.6635466925627473,-5.7447003118322915,phase,2.6186120031934257,phase,nan,nan,nan,nan,nan,nan,nan,nan,nan,nan,23.249912708245084,31.030644944342715,3.5697529415689506,23.216733889264507,30.953791404322402,3.5642415098446025,23.249912708245084,31.03064494434271,3.5697529415689506,23.216733889264507,30.953791404322402,3.5642415098446025,-38.68043761355036,-48.64159414678837,0.6501990536897342,23.249912708245084,31.030644944342715,3.5697529415689506,23.249912708245084,31.03064494434271,3.5697529415689506,nan,-38.68043761355036,nan,-48.64159414678837,False,15.956038268270532,d62904cbd05ac2f1,,2.641115641364872,3.2120722677114486,0.00043852880891792623,tone,2.6186120031934257,2,-3.5922146667237014,-6.219394674719577,0.9938228610227169,1.0064907223872637,0.0,,,,,,,
142,144840,0,8,4463,-2.8295898379782596,-4.227386461593888,83.05494251294799,83.23431508822055,1.0021596857435018,0.9997804769931868,0.0,2.6437385485112372,2.6437385485112372,2.6437385485112372,-2.648757066681608,-1.7836465139046218,phase,2.6437385485112372,phase,nan,nan,nan,nan,nan,nan,nan,nan,nan,nan,37.63999325045395,43.76227398661772,5.960131769178397,38.11884525196374,46.19081047362107,6.039675291023878,37.63999325045394,43.762273986617714,5.960131769178396,38.11884525196375,46.19081047362108,6.03967529102388,-37.24845850309032,-47.977905061317756,0.6726046783530326,37.63999325045395,43.76227398661772,5.960131769178397,37.63999325045394,43.762273986617714,5.960131769178396,nan,-37.24845850309032,nan,-47.977905061317756,False,18.713263940029844,84ef8966a1b07b5f,,-2.8295898379782596,-4.227386461593888,-0.0002195230068131604,tone,2.6437385485112372,3,-4.588726703358923,-7.689438291265271,0.9937846818007459,1.006529396754376,0.0,,,,,,,
143,145860,0,8,3785,0.4321955773899674,0.5540508911840486,83.68450578366226,84.98160047517362,1.015499818985184,0.9996419429308907,0.0,2.6704469836676696,2.6704469836676696,2.6704469836676696,-2.6962436238642202,10.689889253813458,phase,2.6704469836676696,phase,nan,nan,nan,nan,nan,nan,nan,nan,nan,nan,37.757359612938274,43.47581754346281,5.979627842680777,37.387657678830216,43.3782235774553,5.918215561267479,37.75735961293829,43.47581754346283,5.979627842680779,37.387657678830216,43.3782235774553,5.918215561267479,-37.93060367291403,-49.260240417570756,-0.07809174934707608,37.757359612938274,43.47581754346281,5.979627842680777,37.75735961293829,43.47581754346283,5.979627842680779,nan,-37.93060367291403,nan,-49.260240417570756,False,16.687512450454378,50a80d853fe1cf74,,0.4321955773899674,0.5540508911840486,-0.0003580570691092966,tone,2.6704469836676696,4,-4.4365121896350965,-7.4967784320105695,0.9937224112654099,1.006592488463819,0.0,,,,,,,
144,146880,0,8,7903,-0.6680220456539264,-0.2062812679078661,82.90924921526462,83.3245365450858,1.0050089384930134,1.000417151583149,0.0,2.574768170006448,2.574768170006448,2.574768170006448,-2.5960564773263504,-21.232475784470715,phase,2.574768170006448,phase,nan,nan,nan,nan,nan,nan,nan,nan,nan,nan,38.16302968306875,45.19301553203963,6.047014897519727,37.78335931645907,43.35675217841264,5.9839467303088165,38.163029683068736,45.1930155320396,6.047014897519724,37.78335931645907,43.35675217841262,5.9839467303088165,-37.751941209963924,-48.22614830512645,0.3950294361062947,38.16302968306875,45.19301553203963,6.047014897519727,38.163029683068736,45.1930155320396,6.047014897519724,nan,-37.751941209963924,nan,-48.22614830512645,False,16.787350860041087,2eff5d61f9c8584f,,-0.6680220456539264,-0.2062812679078661,0.00041715158314903356,tone,2.574768170006448,5,-4.671796926427077,-7.568504025629827,0.9937949545188972,1.006519036315723,0.0,,,,,,,
145,147900,0,8,6091,-1.66152750318407,-3.885151602982104,86.38542980258947,86.40910289822546,1.0002740403756754,0.9997468016520822,0.0,2.1893804184557437,2.1893804184557437,2.1893804184557437,-2.1979351728310577,-24.545338444216675,phase,2.1893804184557437,phase,nan,nan,nan,nan,nan,nan,nan,nan,nan,nan,37.713716123416255,43.87521614158931,5.9723780935907405,38.25424122462954,43.666627015650306,6.062166316383645,37.713716123416255,43.87521614158931,5.9723780935907405,38.254241224629546,43.66662701565033,6.062166316383646,-37.336961835219284,-51.67066770014871,1.2352119802298507,37.713716123416255,43.87521614158931,5.9723780935907405,37.713716123416255,43.87521614158931,5.9723780935907405,nan,-37.336961835219284,nan,-51.67066770014871,False,18.689340833538946,b00856857fda4a0b,,-1.66152750318407,-3.885151602982104,-0.0002531983479178157,tone,2.1893804184557437,6,-5.256962531736423,-8.919499895535258,0.9937509197517829,1.0065636461783667,0.0,,,,,,,
146,148920,0,8,3923,1.9464583481075217,1.0122704788204373,81.88677600433118,83.20274873041842,1.0160706379015048,1.0000502233158817,0.0,2.4937785009103415,2.4937785009103415,2.4937785009103415,-2.4898776212482034,13.811526694094818,phase,2.4937785009103415,phase,nan,nan,nan,nan,nan,nan,nan,nan,nan,nan,37.9103085299816,43.56536641931,6.005034639531828,37.721656623278236,43.63453263986996,5.973697113501369,37.91030852998161,43.56536641931004,6.00503463953183,37.721656623278236,43.63453263986997,5.973697113501369,-37.8231865328799,-49.84494100955658,-0.395506323089053,37.9103085299816,43.56536641931,6.005034639531828,37.91030852998161,43.56536641931004,6.00503463953183,nan,-37.8231865328799,nan,-49.84494100955658,False,16.810494682827684,628d1e710e9b4c12,,1.9464583481075217,1.0122704788204373,5.022331588167006e-05,tone,2.4937785009103415,7,-4.571418087653999,-8.567515528791727,0.9937596539083943,1.006554799853966,0.0,,,,,,,
147,149940,0,7,2403,0.5118255078975149,1.2203870003170243,82.8800122681806,85.07782399098384,1.0265179946606624,0.9999007517693065,0.0,2.13660309020899,2.13660309020899,2.13660309020899,-2.1447483731175008,-3.8197663803642468,phase,2.13660309020899,phase,nan,nan,nan,nan,nan,nan,nan,nan,nan,nan,37.639233815213316,43.25074359936614,5.96000561714507,37.54852547830453,43.49142068925321,5.944937787093777,37.63923381521332,43.250743599366146,5.960005617145071,37.54852547830454,43.49142068925322,5.944937787093778,-37.25467481900467,-50.5417414229145,0.5510990470800781,37.639233815213316,43.25074359936614,5.96000561714507,37.63923381521332,43.250743599366146,5.960005617145071,nan,-37.25467481900467,nan,-50.5417414229145,False,17.374260334783784,c526199edf0d08a4,,0.5118255078975149,1.2203870003170243,-9.924823069351607e-05,tone,2.13660309020899,8,-4.3911542511623605,-8.14316163353145,0.9937423938531019,1.006572283876246,0.0,,,,,,,
148,150960,0,7,3193,-1.988570056337775,-0.4308278053876134,81.88690901465142,80.52583961081334,0.9833786691888131,0.9993447772229591,0.0,2.5007470736399857,2.5007470736399857,2.5007470736399857,-2.565406261425795,-40.96068834202745,phase,2.5007470736399857,phase,nan,nan,nan,nan,nan,nan,nan,nan,nan,nan,37.817121350580535,43.98828365290413,5.989555041624675,37.996142516806934,44.44114234468972,6.019292776878229,37.81712135058053,43.98828365290413,5.989555041624674,37.99614251680695,44.44114234468973,6.019292776878231,-37.07032219076896,-48.80249270678292,0.5501763163307747,37.817121350580535,43.98828365290413,5.989555041624675,37.81712135058053,43.98828365290413,5.989555041624674,nan,-37.07032219076896,nan,-48.80249270678292,False,14.741759033044966,f169e96be0d3d721,,-1.988570056337775,-0.4308278053876134,-0.0006552227770408869,tone,2.5007470736399857,9,-5.091536487065145,-8.292966803315167,0.9936284473891833,1.0066877771403115,0.0,,,,,,,
149,151980,0,8,3123,-1.862597055327086,-4.0966663454475905,82.89831225364324,83.12294988700052,1.0027097974283234,1.000437745788746,0.0,2.037234544056727,2.037234544056727,2.037234544056727,-2.067712446705535,14.492242125539585,phase,2.037234544056727,phase,nan,nan,nan,nan,nan,nan,nan,nan,nan,nan,37.87441115996651,43.4305696743579,5.999071621256896,37.55233971507177,43.19683859706969,5.945571381241158,37.87441115996651,43.43056967435789,5.999071621256896,37.55233971507178,43.19683859706973,5.945571381241161,-37.98011119094001,-49.42428191118185,0.5676190590682517,37.87441115996651,43.4305696743579,5.999071621256896,37.87441115996651,43.43056967435789,5.999071621256896,nan,-37.98011119094001,nan,-49.42428191118185,False,15.593431692880468,7cd04835c06a184a,,-1.862597055327086,-4.0966663454475905,0.0004377457887458913,tone,2.037234544056727,10,-5.7476257637735655,-9.71727457129039,0.9937045648061573,1.0066106930499181,0.0,,,,,,,
150,153000,0,8,155,8.470090312068821,10.384785023461328,81.48800908462032,82.56512958748223,1.0132181472459756,1.0008901354351756,0.0,2.3103074091870823,2.3103074091870823,2.3103074091870823,-2.4111218525982814,24.480253333595357,phase,2.3103074091870823,phase,nan,nan,nan,nan,nan,nan,nan,nan,nan,nan,37.67346263182691,42.06918765033421,5.965691467080882,37.67507481719222,44.04470204238991,5.965959271958841,37.67346263182691,42.069187650334186,5.965691467080882,37.67507481719222,44.04470204238989,5.965959271958841,-38.88368295842822,-48.139184194760006,-1.4719907093259206,37.67346263182691,42.06918765033421,5.965691467080882,37.67346263182691,42.069187650334186,5.965691467080882,nan,-38.88368295842822,nan,-48.139184194760006,False,15.537362111427214,bef4291e730a3fb2,,8.470090312068821,10.384785023461328,0.0008901354351755764,tone,2.3103074091870823,11,-2.7643129017637382,-6.106469735511421,0.9938593578440725,1.0064540290288353,0.0,,,,,,,
151,154020,0,8,1515,0.032558288921634926,1.4069588517187128,79.04303690900383,78.88571367095719,0.9980096508914789,0.9988775301173096,0.0,2.724963074570748,2.724963074570748,2.724963074570748,-2.870533264766494,-41.33637914152794,phase,2.724963074570748,phase,nan,nan,nan,nan,nan,nan,nan,nan,nan,nan,37.5393968613141,43.475308788777205,5.943421405533905,37.232053481573004,44.938623464565275,5.892367687968938,37.539396861314096,43.4753087887772,5.943421405533904,37.23205348157302,44.938623464565296,5.892367687968941,-36.78663421310308,-46.33138826136938,-0.12498509472443597,37.5393968613141,43.475308788777205,5.943421405533905,37.539396861314096,43.4753087887772,5.943421405533904,nan,-36.78663421310308,nan,-46.33138826136938,False,19.845916595687196,2267ec5bfd67bd2f,,0.032558288921634926,1.4069588517187128,-0.00112246988269038,tone,2.724963074570748,12,-2.7528470932138327,-5.617191950437901,0.9936641318346308,1.0066519511992926,0.0,,,,,,,
152,155040,0,8,2771,-6.365044389207429,-4.89650487091415,82.68412764602087,82.88176357870458,1.0023902523774553,0.999815022762414,0.0,1.9922235372425443,1.9922235372425443,1.9922235372425443,-1.9976966795637288,-14.208724193192252,phase,1.9922235372425443,phase,nan,nan,nan,nan,nan,nan,nan,nan,nan,nan,38.20884107622533,43.436383694730054,6.054624763492581,38.15223113003526,44.73189955305152,6.045221117946057,38.20884107622531,43.43638369472999,6.054624763492577,38.15223113003526,44.73189955305152,6.045221117946057,-37.10804739061412,-48.96156256023672,0.07931705419732094,38.20884107622533,43.436383694730054,6.054624763492581,38.20884107622531,43.43638369472999,6.054624763492577,nan,-37.10804739061412,nan,-48.96156256023672,False,16.985607331804818,a791d5e983c6f307,,-6.365044389207429,-4.89650487091415,-0.000184977237586037,tone,1.9922235372425443,13,-4.99481745809901,-7.319644027124599,0.9936319659165467,1.0066845435751404,0.0,,,,,,,
153,156060,0,8,6239,1.2890943983817218,-0.9773513877404376,80.91396159224406,80.88439682899308,0.999634614809741,1.0002524798176404,0.0,2.729896253449976,2.729896253449976,2.729896253449976,-2.7375587323433868,1.7701572675706738,phase,2.729896253449976,phase,nan,nan,nan,nan,nan,nan,nan,nan,nan,nan,37.03633089603473,43.47695513197312,5.859855630570554,37.72389929741046,43.67046780310619,5.974069650732636,37.036330896034734,43.476955131973114,5.8598556305705545,37.723899297410455,43.67046780310617,5.974069650732634,-37.82425602648735,-48.65855489248474,2.2119945950988673,37.03633089603473,43.47695513197312,5.859855630570554,37.036330896034734,43.476955131973114,5.8598556305705545,nan,-37.82425602648735,nan,-48.65855489248474,False,16.14842461743714,2eb174644065893b,,1.2890943983817218,-0.9773513877404376,0.0002524798176404275,tone,2.729896253449976,14,-4.540742856123597,-7.659445594450064,0.9936758685196191,1.0066400754846887,0.0,,,,,,,
154,157080,0,8,375,-7.696875835791195,-6.816514202007568,82.55262710388304,83.61860062112163,1.0129126540806168,0.9995116313497654,0.0,2.6250399008264216,2.6250399008264216,2.6250399008264216,-2.6442122107938353,-4.080630039536933,phase,2.6250399008264216,phase,nan,nan,nan,nan,nan,nan,nan,nan,nan,nan,38.74202266559328,45.0358021352605,6.143193133819483,38.00548013526249,44.432503547034244,6.020843876289451,38.74202266559329,45.0358021352605,6.143193133819484,38.00548013526249,44.43250354703424,6.020843876289451,-36.78780058037311,-48.45487620526868,1.0219180290137766,38.74202266559328,45.0358021352605,6.143193133819483,38.74202266559329,45.0358021352605,6.143193133819484,nan,-36.78780058037311,nan,-48.45487620526868,False,16.81440472486506,172092170869eac2,,-7.696875835791195,-6.816514202007568,-0.0004883686502346052,tone,2.6250399008264216,15,-7.251794445350884,-10.029488302668208,0.9935909444946501,1.0067261495251656,0.0,,,,,,,
155,158100,0,8,3423,0.5880192456341755,1.121106759528008,83.02456448276162,85.23672157589104,1.0266446094226573,0.9995725097641832,0.0,2.663645695641032,2.663645695641032,2.663645695641032,-2.702083038363669,-0.5175975090867023,phase,2.663645695641032,phase,nan,nan,nan,nan,nan,nan,nan,nan,nan,nan,37.995769587537225,43.55596357521313,6.019230828494557,38.12293041787014,44.097246636632725,6.040353890011652,37.995769587537225,43.55596357521314,6.019230828494557,38.12293041787012,44.09724663663273,6.040353890011649,-37.232125240279245,-48.586999533006974,0.8158020960442312,37.995769587537225,43.55596357521313,6.019230828494557,37.995769587537225,43.55596357521314,6.019230828494557,nan,-37.232125240279245,nan,-48.586999533006974,False,16.706030438538058,7720bb1ffe81cead,,0.5880192456341755,1.121106759528008,-0.00042749023581678536,tone,2.663645695641032,16,-7.044660174338946,-9.63972255950173,0.9935166131698958,1.0068014957147622,0.0,,,,,,,
156,159120,0,7,587,4.082809894496836,3.7841533234697255,84.12165313925837,85.21328897605979,1.012976870948961,0.9992747109000968,0.0,2.7573752093608177,2.7573752093608177,2.7573752093608177,-2.8175497976039012,3.4125740786788556,phase,2.7573752093608177,phase,nan,nan,nan,nan,nan,nan,nan,nan,nan,nan,38.30114560020468,44.84346988275423,6.069957740897788,38.12923268787233,44.0140385401613,6.041400778716335,38.301145600204684,44.84346988275422,6.069957740897789,38.12923268787233,44.0140385401613,6.041400778716335,-36.84859961703184,-46.8219710235619,0.7173294638547856,38.30114560020468,44.84346988275423,6.069957740897788,38.301145600204684,44.84346988275422,6.069957740897789,nan,-36.84859961703184,nan,-46.8219710235619,False,16.13828968166104,2249e65fc5ca34e1,,4.082809894496836,3.7841533234697255,-0.0007252890999032147,tone,2.7573752093608177,17,-5.6063516003991465,-8.324216306430333,0.9933905104851275,1.0069293773422692,0.0,,,,,,,
157,160140,0,8,3761,4.559632611233477,4.7230638619384235,83.11700454666732,83.99698480087946,1.0105872469660293,1.0008125953418034,0.0,3.039269205777523,3.039269205777523,3.039269205777523,-3.1157236076069124,10.885499051987052,phase,3.039269205777523,phase,nan,nan,nan,nan,nan,nan,nan,nan,nan,nan,37.94219158531203,43.47752099430365,6.010330828124923,37.84664153883978,43.860577399407966,5.994458727382025,37.94219158531203,43.47752099430366,6.010330828124923,37.84664153883978,43.860577399407966,5.994458727382025,-37.943299100374404,-46.80099617798814,-0.032228059726143954,37.94219158531203,43.47752099430365,6.010330828124923,37.94219158531203,43.47752099430366,6.010330828124923,nan,-37.943299100374404,nan,-46.80099617798814,False,16.619962773122815,8db1a0787b47b18f,,4.559632611233477,4.7230638619384235,0.000812595341803446,tone,3.039269205777523,18,-3.9998621110317027,-6.682519888711709,0.9935317747728746,1.006786304031703,0.0,,,,,,,
158,161160,0,8,3147,11.271594907387172,10.351372940946337,83.8869685608104,84.47667819020286,1.0070298121330368,1.0005387327604314,0.0,2.646720047229577,2.646720047229577,2.646720047229577,-2.682901397456311,21.077826567124436,phase,2.646720047229577,phase,nan,nan,nan,nan,nan,nan,nan,nan,nan,nan,38.447913777133124,44.21413848190008,6.094337836733078,37.734561812252906,44.164340731833526,5.975840832600151,38.447913777133124,44.21413848190011,6.094337836733078,37.7345618122529,44.164340731833505,5.97584083260015,-37.85494410716531,-48.348925886141664,-0.031652264091617255,38.447913777133124,44.21413848190008,6.094337836733078,38.447913777133124,44.21413848190011,6.094337836733078,nan,-37.85494410716531,nan,-48.348925886141664,False,15.609457058881414,cf875009db05ecf2,,11.271594907387172,10.351372940946337,0.0005387327604313707,tone,2.646720047229577,19,-0.02912024071017605,-3.083960278968416,0.9936254431931045,1.0066914371057953,0.0,,,,,,,
159,162180,0,8,2515,-7.990778660804548,-6.488141125668017,83.36331081634198,84.35537328333338,1.0119004686507356,0.9997699992108917,0.0,2.9893981511403633,2.9893981511403633,2.9893981511403633,-2.9956155517063814,7.0227923857347525,phase,2.9893981511403633,phase,nan,nan,nan,nan,nan,nan,nan,nan,nan,nan,37.537098601089774,43.61802750988925,5.943039634732521,37.81468885945896,43.69792247320955,5.9891509733320545,37.53709860108978,43.61802750988925,5.943039634732522,37.814688859458954,43.69792247320953,5.989150973332053,-36.94910619694238,-47.41557468192401,0.3380493770615409,37.537098601089774,43.61802750988925,5.943039634732521,37.53709860108978,43.61802750988925,5.943039634732522,nan,-36.94910619694238,nan,-47.41557468192401,False,18.985870014123456,a01da2efab912af5,,-7.990778660804548,-6.488141125668017,-0.0002300007891082867,tone,2.9893981511403633,20,-2.8438353332443524,-5.339715429238119,0.9935854496318024,1.0067319658968108,0.0,19,2.5589076280722667,0.06935157857945208,2.5589076280722667,inside-deadband,,
160,163200,0,8,8087,-2.4776060966653195,-1.4437367416476379,85.07425297830548,83.86244769425691,0.9857559103768142,1.0008587097753532,0.0,3.0630946967844865,3.0630946967844865,3.0630946967844865,-3.1304003821843818,-21.132675100238053,phase,3.0630946967844865,phase,nan,nan,nan,nan,nan,nan,nan,nan,nan,nan,37.856742419819966,43.66076108129408,5.996136614588035,37.984942903460926,45.588840710525204,6.017432375990188,37.856742419819966,43.6607610812941,5.996136614588035,37.984942903460926,45.58884071052524,6.017432375990188,-37.64562680703411,-45.47125304167098,-0.9758131054843251,37.856742419819966,43.66076108129408,5.996136614588035,37.856742419819966,43.6607610812941,5.996136614588035,nan,-37.64562680703411,nan,-45.47125304167098,False,16.411162029073502,e5c4ddad02075148,,-2.4776060966653195,-1.4437367416476379,0.0008587097753531836,tone,3.0630946967844865,1,-3.7165958332639635,-5.841644320635282,0.9937347599009956,1.0065808098444422,0.0,,,,,,,
161,164220,0,8,3631,-5.790672021225942,-8.134057846721689,85.88008720248585,86.68351978713382,1.0093552837545874,0.9997141699426519,0.0,2.4536918474337357,2.4536918474337357,2.4536918474337357,-2.4768778813186247,-14.267116867556775,phase,2.4536918474337357,phase,nan,nan,nan,nan,nan,nan,nan,nan,nan,nan,38.2214495928044,43.74471667400016,6.056719201462525,38.048478153792544,44.31374484229047,6.027986404284476,38.2214495928044,43.74471667400016,6.056719201462525,38.04847815379253,44.31374484229042,6.027986404284475,-37.541564805244214,-48.9987233820787,1.1110453180888555,38.2214495928044,43.74471667400016,6.056719201462525,38.2214495928044,43.74471667400016,6.056719201462525,nan,-37.541564805244214,nan,-48.9987233820787,False,17.224707414018397,a52d5d97ae53f761,,-5.790672021225942,-8.134057846721689,-0.00028583005734805766,tone,2.4536918474337357,2,-5.756109080874423,-8.669952011890151,0.9936850530298986,1.006631173673794,0.0,,,,,,,
162,165240,0,8,5281,2.851622986139489,5.141848075973281,82.95378006883371,83.54665312012828,1.0071470287526694,0.9997709460465126,0.0,2.3450083422273815,2.3450083422273815,2.3450083422273815,-2.3587102494177024,-13.891269782367964,phase,2.3450083422273815,phase,nan,nan,nan,nan,nan,nan,nan,nan,nan,nan,23.206427017809062,31.04028184604063,3.5625294049516714,23.208118758622668,30.917610190311883,3.5628104250203765,23.206427017809062,31.040281846040635,3.5625294049516714,23.208118758622668,30.917610190311887,3.5628104250203765,-37.37725604634148,-48.48240669719257,0.4478225014671142,23.206427017809062,31.04028184604063,3.5625294049516714,23.206427017809062,31.040281846040635,3.5625294049516714,nan,-37.37725604634148,nan,-48.48240669719257,False,16.09814608242761,bf2493d7f6754ec1,,2.851622986139489,5.141848075973281,-0.00022905395348737922,tone,2.3450083422273815,3,-4.751698234494518,-6.882160342352767,0.993645221719163,1.0066715331670515,0.0,,,,,,,
163,166260,0,8,3877,-0.11702099576306182,-1.7827298094204802,83.7380609230522,85.05202860778316,1.0156914032907733,1.0000817051428557,0.0,2.589506728466821,2.589506728466821,2.589506728466821,-2.5890975109612975,16.895259206946182,phase,2.589506728466821,phase,nan,nan,nan,nan,nan,nan,nan,nan,nan,nan,37.981416142635155,43.49232735861573,6.016846535321455,38.28060712879158,44.040052753811985,6.066546034682988,37.98141614263517,43.49232735861576,6.0168465353214575,38.280607128791566,44.040052753811956,6.066546034682985,-37.10578588846839,-47.98766433641418,1.2840557208016903,37.981416142635155,43.49232735861573,6.016846535321455,37.98141614263517,43.49232735861576,6.0168465353214575,nan,-37.10578588846839,nan,-47.98766433641418,False,16.79119699505484,cd08391bc06f3ffa,,-0.11702099576306182,-1.7827298094204802,8.170514285565922e-05,tone,2.589506728466821,4,-4.792917522447425,-7.501980624082763,0.993659429256001,1.0066571405507527,0.0,,,,,,,
164,167280,0,8,1467,-0.08746831230626623,0.062330454825717155,82.57015885113275,83.26868084489354,1.0084597390083767,1.0005634151438312,0.0,2.193098694497107,2.193098694497107,2.193098694497107,-2.2302319843444023,-8.308646586312303,phase,2.193098694497107,phase,nan,nan,nan,nan,nan,nan,nan,nan,nan,nan,37.7240006734021,43.33684912544684,5.974086490598356,37.88866785302284,43.903124593962986,6.0014398426948246,37.72400067340209,43.33684912544684,5.974086490598355,37.88866785302284,43.90312459396299,6.0014398426948246,-37.89702522299622,-47.82909960609936,-0.45055675619847824,37.7240006734021,43.33684912544684,5.974086490598356,37.72400067340209,43.33684912544684,5.974086490598355,nan,-37.89702522299622,nan,-47.82909960609936,False,18.794591500024197,038c12a3fb731c6a,,-0.08746831230626623,0.062330454825717155,0.0005634151438311807,tone,2.193098694497107,5,-4.823726780031903,-7.480309234380937,0.9937574017407953,1.0065579424119009,0.0,,,,,,,
165,168300,0,8,6735,-2.2497195894754403,-3.2082423923746943,82.9223180259179,84.10614216904773,1.0142763030666824,0.9993560190077376,0.0,2.7840936049512655,2.7840936049512655,2.7840936049512655,-2.8094377843739564,5.880794383368304,phase,2.7840936049512655,phase,nan,nan,nan,nan,nan,nan,nan,nan,nan,nan,38.05168342686893,44.118461825007735,6.02851884167258,37.63508386136017,44.45701705561766,5.959316256039896,38.051683426868934,44.11846182500775,6.0285188416725815,37.63508386136018,44.4570170556177,5.959316256039898,-37.067708561760966,-47.35457349046598,0.6212979534003757,38.05168342686893,44.118461825007735,6.02851884167258,38.051683426868934,44.11846182500775,6.0285188416725815,nan,-37.067708561760966,nan,-47.35457349046598,False,16.507865118565284,a55c3026b7d18e18,,-2.2497195894754403,-3.2082423923746943,-0.0006439809922623718,tone,2.7840936049512655,6,-5.616074947640102,-8.595878234453105,0.9936454085872082,1.0066714512413713,0.0,,,,,,,
166,169320,0,8,4855,-8.585989624305977,-7.835361022371266,81.85480778042742,82.92575107050708,1.0130834500638304,0.9998898107360825,0.0,2.7462280828212196,2.7462280828212196,2.7462280828212196,-2.7372490298745094,-13.197399629343128,phase,2.7462280828212196,phase,nan,nan,nan,nan,nan,nan,nan,nan,nan,nan,38.11300335890801,44.62705534289546,6.038704876895019,37.843257333454666,44.26152385882062,5.993896567019048,38.11300335890801,44.627055342895474,6.038704876895019,37.84325733345467,44.261523858820595,5.99389656701905,-36.9736669161803,-47.271117199575485,0.847676818180104,38.11300335890801,44.62705534289546,6.038704876895019,38.11300335890801,44.627055342895474,6.038704876895019,nan,-36.9736669161803,nan,-47.271117199575485,False,16.942406897680474,652ddc9b762ddabb,,-8.585989624305977,-7.835361022371266,-0.00011018926391748174,tone,2.7462280828212196,7,-8.640389600067087,-11.320080211620727,0.993626248002379,1.0066908651481636,0.0,,,,,,,
167,170340,0,8,2547,2.233841662726835,1.2533929297724986,83.14616788960805,83.8408356790505,1.0083547781824984,1.000920151727196,0.0,2.092960351510523,2.092960351510523,2.092960351510523,-2.220358392085511,-0.9028025670270852,phase,2.092960351510523,phase,nan,nan,nan,nan,nan,nan,nan,nan,nan,nan,37.74882476407228,44.06589458851851,5.978210093699715,37.27652536143931,43.61600181535859,5.899755043428458,37.748824764072275,44.06589458851852,5.9782100936997145,37.27652536143931,43.61600181535857,5.899755043428458,-37.96231549161088,-49.713370547284185,0.7161129192177902,37.74882476407228,44.06589458851851,5.978210093699715,37.748824764072275,44.06589458851852,5.9782100936997145,nan,-37.96231549161088,nan,-49.713370547284185,False,17.23564676400387,668d2aeb04d65c5d,,2.233841662726835,1.2533929297724986,0.0009201517271959503,tone,2.092960351510523,8,-7.853529768690611,-10.884308376782622,0.9937862482113292,1.006528910212072,0.0,,,,,,,
168,171360,0,8,5807,0.5776125934216169,-0.27848442476774643,81.20446095422082,81.66648072648738,1.0056895860995496,0.9994712493616978,0.0,2.8134887115294,2.8134887115294,2.8134887115294,-2.839374127400033,-9.759832749830585,phase,2.8134887115294,phase,nan,nan,nan,nan,nan,nan,nan,nan,nan,nan,38.27844250380516,43.98778081074833,6.066186462426107,38.08624784236577,43.653155732779744,6.0342604389311925,38.27844250380516,43.98778081074834,6.066186462426107,38.086247842365765,43.65315573277974,6.034260438931191,-36.75804305526026,-47.549741751431796,1.4062316372972805,38.27844250380516,43.98778081074833,6.066186462426107,38.27844250380516,43.98778081074834,6.066186462426107,nan,-36.75804305526026,nan,-47.549741751431796,False,16.741291198752624,6875744f31158341,,0.5776125934216169,-0.27848442476774643,-0.0005287506383021556,tone,2.8134887115294,9,-7.650101307025507,-10.981145683371436,0.9936942918165407,1.0066220949742297,0.0,,,,,,,
169,172380,0,8,4147,-0.8372618505040805,-3.240451628388153,82.4520189539394,82.91912845753157,1.0056652282080942,0.9992626308479127,0.0,2.5469543712622102,2.5469543712622102,2.5469543712622102,-2.6122131227138388,-5.986928162725187,phase,2.5469543712622102,phase,nan,nan,nan,nan,nan,nan,nan,nan,nan,nan,37.58412021716158,43.46604274918654,5.950850534412224,38.02443776079082,44.050585255381876,6.0239929835200705,37.584120217161576,43.466042749186514,5.950850534412223,38.024437760790825,44.050585255381904,6.023992983520071,-37.21218662034063,-49.13756274009535,0.512315775157022,37.58412021716158,43.46604274918654,5.950850534412224,37.584120217161576,43.466042749186514,5.950850534412223,nan,-37.21218662034063,nan,-49.13756274009535,False,16.759436762424766,93e39a52ecff1164,,-0.8372618505040805,-3.240451628388153,-0.0007373691520873304,tone,2.5469543712622102,10,-7.945002515666575,-12.107842658927977,0.9935660659009973,1.0067520849389324,0.0,,,,,,,
170,173400,0,8,1951,4.654848159924919,5.693392649522639,82.12963128026935,83.98695364091782,1.022614522087775,1.000820939991288,0.0,2.3439723128190035,2.3439723128190035,2.3439723128190035,-2.433535427241223,1.1790845825668037,phase,2.3439723128190035,phase,nan,nan,nan,nan,nan,nan,nan,nan,nan,nan,37.49858709904788,44.206098835365026,5.936642375257124,37.255754450404524,43.12983909855688,5.896304725980818,37.498587099047874,44.206098835365026,5.936642375257123,37.255754450404524,43.12983909855688,5.896304725980818,-37.90646122506512,-49.05292351336773,-0.0885170913197979,37.49858709904788,44.206098835365026,5.936642375257124,37.498587099047874,44.206098835365026,5.936642375257123,nan,-37.90646122506512,nan,-49.05292351336773,False,19.64016734244615,bb1a60a809be8013,,4.654848159924919,5.693392649522639,0.0008209399912879611,tone,2.3439723128190035,11,-6.30525563633217,-10.128519787742867,0.9937088060715571,1.0066075690444378,0.0,,,,,,,
171,174420,0,7,707,1.545124200033362,0.939694927376505,84.1619912549514,84.20588128094973,1.0005214946241632,0.9993890148910419,0.0,2.4277397215420478,2.4277397215420478,2.4277397215420478,-2.4761319329049423,16.922476954110294,phase,2.4277397215420478,phase,nan,nan,nan,nan,nan,nan,nan,nan,nan,nan,37.87584006652982,44.2582615035619,5.999308981151134,38.08036943294981,44.60469270829832,6.033283958961763,37.875840066529825,44.25826150356191,5.999308981151135,38.0803694329498,44.6046927082983,6.0332839589617615,-36.78536328547311,-48.3434282658461,-0.5992039727723063,37.87584006652982,44.2582615035619,5.999308981151134,37.875840066529825,44.25826150356191,5.999308981151135,nan,-36.78536328547311,nan,-48.3434282658461,False,15.15599126804004,6bfe68c896d1ccb6,,1.545124200033362,0.939694927376505,-0.0006109851089580731,tone,2.4277397215420478,12,-5.76103839008515,-9.801785482641236,0.9936025563470058,1.006715263735459,0.0,,,,,,,
172,175440,0,8,3221,6.413609792930141,7.032011570204488,83.88327466374147,84.25978242631427,1.0044884723931211,1.000764260099294,0.0,2.7607749791342044,2.7607749791342044,2.7607749791342044,-2.8258886982033795,20.126942424085065,phase,2.7607749791342044,phase,nan,nan,nan,nan,nan,nan,nan,nan,nan,nan,37.262635359351854,43.78133168433074,5.897447734111604,38.00734829044812,43.94961270600134,6.021154201071117,37.262635359351854,43.78133168433071,5.897447734111604,38.007348290448114,43.949612706001346,6.021154201071116,-37.98454459305758,-49.937033813615784,-1.2892205010333546,37.262635359351854,43.78133168433074,5.897447734111604,37.262635359351854,43.78133168433071,5.897447734111604,nan,-37.98454459305758,nan,-49.937033813615784,False,15.122386267653024,1591a95a320252af,,6.413609792930141,7.032011570204488,0.0007642600992940896,tone,2.7607749791342044,13,-3.5018217514137935,-7.356998820284325,0.993735446234971,1.0065807229058479,0.0,,,,,,,
173,176460,0,8,3655,-5.406598186699858,-5.045523271416173,84.94369587561188,84.66560407844433,0.9967261632037441,1.0003305250509307,0.0,2.5400151716946784,2.5400151716946784,2.5400151716946784,-2.5495907377936646,-16.533725703072108,phase,2.5400151716946784,phase,nan,nan,nan,nan,nan,nan,nan,nan,nan,nan,37.78319635927903,43.75425645791423,5.983919661009807,37.73151727830525,43.3769009695651,5.975335096063995,37.78319635927904,43.754256457914245,5.983919661009808,37.73151727830525,43.3769009695651,5.975335096063995,-37.74365914211472,-47.55623394112949,-0.6415115514764111,37.78319635927903,43.75425645791423,5.983919661009807,37.78319635927904,43.754256457914245,5.983919661009808,nan,-37.74365914211472,nan,-47.55623394112949,False,17.070633596986806,63ff6cea22f4ec9d,,-5.406598186699858,-5.045523271416173,0.0003305250509306745,tone,2.5400151716946784,14,-5.406060321663515,-9.111386823958462,0.9937929257652921,1.0065225196181693,0.0,,,,,,,
174,177480,0,7,3951,6.643535026666252,4.1675576117769655,85.37213158918206,84.28301374586032,0.9872427005973955,1.0002944910380773,0.0,2.314248106145845,2.314248106145845,2.314248106145845,-2.3309763906892105,21.655950251668035,phase,2.314248106145845,phase,nan,nan,nan,nan,nan,nan,nan,nan,nan,nan,37.62760257595785,43.02894165592977,5.9580735176009725,38.11922002935105,43.583233681289386,6.039737546403829,37.62760257595784,43.028941655929756,5.958073517600971,38.119220029351055,43.58323368128936,6.03973754640383,-38.564818379820224,-49.372059529434665,0.1912041016458872,37.62760257595785,43.02894165592977,5.9580735176009725,37.62760257595784,43.028941655929756,5.958073517600971,nan,-38.564818379820224,nan,-49.372059529434665,False,16.61878207821812,c90b6c852c48f609,,6.643535026666252,4.1675576117769655,0.0002944910380773269,tone,2.314248106145845,15,-3.066299996299367,-7.662194048147262,0.993844141809602,1.0064706628137448,0.0,,,,,,,
175,178500,0,8,5999,-4.911643429120008,-2.2609898602569007,80.20347162833983,80.6126596182376,1.0051018737916226,0.9996736869834063,0.0,2.710601879855108,2.710601879855108,2.710601879855108,-2.718398971010929,-2.328653124087109,phase,2.710601879855108,phase,nan,nan,nan,nan,nan,nan,nan,nan,nan,nan,37.669462823062155,43.81307238521714,5.965027047020293,37.63008341114562,44.9246266837327,5.958485616469373,37.66946282306217,43.81307238521717,5.965027047020294,37.630083411145606,44.92462668373268,5.95848561646937,-37.723033033133696,-49.769915948361884,-1.453070798805769,37.669462823062155,43.81307238521714,5.965027047020293,37.66946282306217,43.81307238521717,5.965027047020294,nan,-37.723033033133696,nan,-49.769915948361884,False,16.19859477412148,25fe2302848ce637,,-4.911643429120008,-2.2609898602569007,-0.0003263130165936934,tone,2.710601879855108,16,-4.796023126791329,-8.448452883429736,0.9937873885606129,1.0065281558581403,0.0,,,,,,,
176,179520,0,8,999,0.4674357137464199,1.1827619256830777,84.24092235939182,84.29684607520345,1.0006638545049762,0.999840735844839,0.0,2.966979511810764,2.966979511810764,2.966979511810764,-2.9688141234047714,6.601201584191316,phase,2.966979511810764,phase,nan,nan,nan,nan,nan,nan,nan,nan,nan,nan,38.16888547632941,45.03791030529985,6.0479876206527265,38.11814467610511,42.739252313344494,6.039558916296531,38.16888547632941,45.03791030529985,6.0479876206527265,38.11814467610511,42.739252313344494,6.039558916296531,-37.657691677480805,-49.31786700081656,-0.767457368181274,38.16888547632941,45.03791030529985,6.0479876206527265,38.16888547632941,45.03791030529985,6.0479876206527265,nan,-37.657691677480805,nan,-49.31786700081656,False,18.989297578696327,9f22b4e28b893da6,,0.4674357137464199,1.1827619256830777,-0.00015926415516098746,tone,2.966979511810764,17,-4.631397874252951,-8.037171120888141,0.9937596904865643,1.0065562135015853,0.0,,,,,,,
177,180540,0,7,2019,1.445956432504526,1.2334127324967432,83.34998751130836,83.72373770952856,1.004484106229404,1.0001537794103506,0.0,2.54274938191853,2.54274938191853,2.54274938191853,-2.546376555296101,4.57297428292113,phase,2.54274938191853,phase,nan,nan,nan,nan,nan,nan,nan,nan,nan,nan,37.413134820837705,44.33070456025693,5.922447644657427,37.83051352787905,43.394053766893066,5.991779655793863,37.413134820837705,44.33070456025695,5.922447644657427,37.83051352787903,43.39405376689307,5.991779655793859,-37.878782853103594,-47.64519760947113,0.94461938694882,37.413134820837705,44.33070456025693,5.922447644657427,37.413134820837705,44.33070456025695,5.922447644657427,nan,-37.878782853103594,nan,-47.64519760947113,False,18.087320170107045,2693cdfc9660c1b3,,1.445956432504526,1.2334127324967432,0.00015377941035055187,tone,2.54274938191853,18,-4.122135165952924,-7.608288510475265,0.9937864339479302,1.0065291298328214,0.0,,,,,,,
178,181560,0,8,4959,-0.02812450061711519,-1.830764765753969,84.96025177109797,86.43012685085625,1.0173007382760406,1.0003627066245167,0.0,2.468139592883989,2.468139592883989,2.468139592883989,-2.4694020574748206,-11.632990275647861,phase,2.468139592883989,phase,nan,nan,nan,nan,nan,nan,nan,nan,nan,nan,37.90662537594901,43.429497714153754,6.004422819925086,37.58097530086617,44.047112194785214,5.950328123067471,37.90662537594901,43.42949771415374,6.004422819925086,37.58097530086617,44.047112194785186,5.950328123067471,-37.82187702014928,-49.81680935516862,1.6737238306968387,37.90662537594901,43.429497714153754,6.004422819925086,37.90662537594901,43.42949771415374,6.004422819925086,nan,-37.82187702014928,nan,-49.81680935516862,False,16.91603932330304,83049f4128f2cfc4,,-0.02812450061711519,-1.830764765753969,0.00036270662451665103,tone,2.468139592883989,19,-4.132040287294625,-8.24489966163024,0.993849513209446,1.0064652649099992,0.0,,,,,,,
179,182580,0,8,147,4.827729025401936,5.397447014958755,82.75663693998031,82.9709906499158,1.0025901694155475,0.9994816263976809,0.0,2.7285498109330355,2.7285498109330355,2.7285498109330355,-2.7572847014288704,-14.818027249213687,phase,2.7285498109330355,phase,nan,nan,nan,nan,nan,nan,nan,nan,nan,nan,37.942006915791566,44.602660843174114,6.010300152124846,37.420751209491605,44.86032212256477,5.9237128254969456,37.942006915791566,44.60266084317412,6.010300152124846,37.42075120949161,44.86032212256479,5.923712825496946,-36.660119251865346,-46.79152496970759,-0.5090917287311258,37.942006915791566,44.602660843174114,6.010300152124846,37.942006915791566,44.60266084317412,6.010300152124846,nan,-36.660119251865346,nan,-46.79152496970759,False,15.689751356760237,911280b6f4bb01d4,,4.827729025401936,5.397447014958755,-0.0005183736023190999,tone,2.7285498109330355,20,-2.4318783045875056,-6.367928323325294,0.9937593557727891,1.0065566141424014,0.0,19,2.5835203977891568,0.057926058391514816,2.5835203977891568,inside-deadband,,
180,183600,0,8,6279,-0.18825647521214606,-0.9432503386222315,82.45351430130748,84.19218805704885,1.0210867149869172,0.9994814110721277,0.0,2.350803136761724,2.350803136761724,2.350803136761724,-2.397803171230078,23.947348000286084,phase,2.350803136761724,phase,nan,nan,nan,nan,nan,nan,nan,nan,nan,nan,37.67836348957839,44.501890568646346,5.966505563052889,37.82079635825294,43.9930863965011,5.99016550801544,37.678363489578395,44.501890568646346,5.96650556305289,37.82079635825295,43.99308639650112,5.990165508015441,-36.78815086976599,-47.51035612638824,0.016473301975641008,37.67836348957839,44.501890568646346,5.966505563052889,37.678363489578395,44.501890568646346,5.96650556305289,nan,-36.78815086976599,nan,-47.51035612638824,False,16.83698119871067,a4b67d3ba93f9711,,-0.18825647521214606,-0.9432503386222315,-0.0005185889278722655,tone,2.350803136761724,1,-2.4981818477355473,-6.6959154567654355,0.9936691690679862,1.0066480096342814,0.0,,,,,,,
181,184620,0,8,5067,-7.523564799205792,-8.892676345103453,83.96222760132385,84.82658407334819,1.010294587181852,0.9994296294171189,0.0,2.417403943085733,2.417403943085733,2.417403943085733,-2.4613311340806656,16.749997515968808,phase,2.417403943085733,phase,nan,nan,nan,nan,nan,nan,nan,nan,nan,nan,38.2279209324856,44.610809441887085,6.057794174831496,38.24568690720593,44.78509035817783,6.060745333422912,38.22792093248562,44.61080944188711,6.057794174831499,38.24568690720592,44.78509035817783,6.060745333422911,-37.048843143495574,-49.874378275610965,0.5721061867262929,38.2279209324856,44.610809441887085,6.057794174831496,38.22792093248562,44.61080944188711,6.057794174831499,nan,-37.048843143495574,nan,-49.874378275610965,False,17.03726818476972,ca4d7bf30d7c450e,,-7.523564799205792,-8.892676345103453,-0.000570370582881119,tone,2.417403943085733,2,-5.14820638476721,-9.787797317155709,0.9935699861269346,1.006748545399026,0.0,,,,,,,
182,185640,0,8,799,-5.4739510725463445,-3.436164165066276,84.62860976873668,85.52025861674537,1.0105360214523822,1.000422217011824,0.0,2.491779407182804,2.491779407182804,2.491779407182804,-2.505983358041775,25.101257667252515,phase,2.491779407182804,phase,nan,nan,nan,nan,nan,nan,nan,nan,nan,nan,37.941498661966,44.26747353812445,6.010215724579071,37.70312462389634,44.171466840991485,5.97061870828843,37.94149866196601,44.26747353812448,6.010215724579072,37.70312462389636,44.171466840991506,5.970618708288432,-37.84952040388318,-49.25926085416307,-0.5327931092996039,37.941498661966,44.26747353812445,6.010215724579071,37.94149866196601,44.26747353812448,6.010215724579072,nan,-37.84952040388318,nan,-49.25926085416307,False,17.122988243268413,72e6ae5d900301bd,,-5.4739510725463445,-3.436164165066276,0.00042221701182398874,tone,2.491779407182804,3,-7.076488138586669,-10.982392991785188,0.9936433990032861,1.0066741901796274,0.0,,,,,,,
183,186660,0,8,2319,2.766867252546877,2.1156546132653755,81.05678506768457,81.72083915623638,1.0081924553015187,0.99971873841729,0.0,2.8675488407298424,2.8675488407298424,2.8675488407298424,-2.878479853364073,-16.015799533138836,phase,2.8675488407298424,phase,nan,nan,nan,nan,nan,nan,nan,nan,nan,nan,37.13718207407231,43.30946668486686,5.876608317952211,37.79477567179191,45.19213387909306,5.985843134849155,37.137182074072314,43.30946668486686,5.876608317952212,37.79477567179191,45.19213387909308,5.985843134849155,-37.72858050355993,-49.047860767006796,-0.4524080253723972,37.13718207407231,43.30946668486686,5.876608317952211,37.137182074072314,43.30946668486686,5.876608317952212,nan,-37.72858050355993,nan,-49.047860767006796,False,19.948929464400585,8f4ba0adf8a4905e,,2.766867252546877,2.1156546132653755,-0.000281261582710024,tone,2.8675488407298424,4,-6.101889465297234,-10.246823209757943,0.9935944911031519,1.0067237534056594,0.0,,,,,,,
184,187680,0,8,2035,9.6311104156574,8.0800469294547,83.18980253550872,83.3376556218168,1.0017772982000404,1.0001044403360067,0.0,2.5255841671734305,2.5255841671734305,2.5255841671734305,-2.527841715451373,11.422152410152611,phase,2.5255841671734305,phase,nan,nan,nan,nan,nan,nan,nan,nan,nan,nan,37.45734985963181,43.36326017872848,5.929792335487012,37.455689834782234,42.62206845558697,5.92951658385087,37.457349859631805,43.36326017872847,5.9297923354870115,37.455689834782234,42.62206845558698,5.92951658385087,-38.012279358035705,-48.22040010696264,0.46434046674928453,37.45734985963181,43.36326017872848,5.929792335487012,37.457349859631805,43.36326017872847,5.9297923354870115,nan,-38.012279358035705,nan,-48.22040010696264,False,20.272088620259666,72d6c66b985555ea,,9.6311104156574,8.0800469294547,0.00010444033600665037,tone,2.5255841671734305,5,-2.709269361559024,-7.43769467202134,0.9936126510880903,1.0067053553779182,0.0,,,,,,,
185,188700,0,8,3809,-7.175458571367687,-4.631943864150188,83.05510880809375,83.67472576694747,1.0074603112047618,0.9995369924304284,0.0,2.4659824237230192,2.4659824237230192,2.4659824237230192,-2.498278721967144,8.404436294927,phase,2.4659824237230192,phase,nan,nan,nan,nan,nan,nan,nan,nan,nan,nan,38.27862928018274,44.683833964988715,6.066217488402449,38.223550923998225,44.319627435678235,6.057068259800371,38.27862928018274,44.68383396498871,6.066217488402449,38.22355092399823,44.319627435678264,6.057068259800372,-37.462270361869166,-50.620610991142414,-0.9330759803285797,38.27862928018274,44.683833964988715,6.066217488402449,38.27862928018274,44.68383396498871,6.066217488402449,nan,-37.462270361869166,nan,-50.620610991142414,False,16.527319619243848,1a07a319ed75767d,,-7.175458571367687,-4.631943864150188,-0.00046300756957162736,tone,2.4659824237230192,6,-5.2368242364174336,-9.048076839745057,0.993532142306822,1.0067869627977482,0.0,,,,,,,
186,189720,0,8,4887,6.1529480849322,5.0469481659214726,83.32201412903252,84.58900512376474,1.015205957368843,1.0004490977984626,0.0,2.3359373102828607,2.3359373102828607,2.3359373102828607,-2.349539661675029,-6.81191209373924,phase,2.3359373102828607,phase,nan,nan,nan,nan,nan,nan,nan,nan,nan,nan,38.08301149861546,43.29701436791484,6.033722840301572,37.563644543115856,42.90013147219192,5.947449259653798,38.08301149861545,43.29701436791482,6.033722840301571,37.563644543115835,42.90013147219191,5.947449259653794,-38.21273705454609,-50.98041942330759,0.5436789005869018,38.08301149861546,43.29701436791484,6.033722840301572,38.08301149861545,43.29701436791482,6.033722840301571,nan,-38.21273705454609,nan,-50.98041942330759,False,16.92324642371616,e6b83fb3418c7fe7,,6.1529480849322,5.0469481659214726,0.00044909779846258324,tone,2.3359373102828607,7,-3.069272993710665,-7.293552870579029,0.9936102260989391,1.006707872800402,0.0,,,,,,,
187,190740,0,8,7523,-1.5364754414155186,-0.6108546002459816,83.5661254003704,84.007381618792,1.0052803240105666,1.0001288469084093,0.0,2.549518548110246,2.549518548110246,2.549518548110246,-2.553845138020973,18.67990674750383,phase,2.549518548110246,phase,nan,nan,nan,nan,nan,nan,nan,nan,nan,nan,37.68666907754498,44.39270561327804,5.96788522882807,38.084380556871096,44.69338879583002,6.0339502586164615,37.68666907754498,44.39270561327807,5.96788522882807,38.0843805568711,44.693388795829996,6.033950258616463,-38.143286010574286,-47.520617251921216,-1.2883530958345435,37.68666907754498,44.39270561327804,5.96788522882807,37.68666907754498,44.39270561327807,5.96788522882807,nan,-38.143286010574286,nan,-47.520617251921216,False,17.0456137639598,47f2624c133f3045,,-1.5364754414155186,-0.6108546002459816,0.00012884690840930801,tone,2.549518548110246,8,-3.6104977017199436,-7.505927399340148,0.9936326302299536,1.006685176265291,0.0,,,,,,,
188,191760,0,7,5251,-3.413354078815672,0.26490170165024807,84.12426854506464,83.18942290653982,0.988887325207184,1.0001807259405124,0.0,2.500823060291812,2.500823060291812,2.500823060291812,-2.510251811011893,-17.607818230805158,phase,2.500823060291812,phase,nan,nan,nan,nan,nan,nan,nan,nan,nan,nan,37.91433057906613,44.09096664938985,6.005702753997697,38.1106849868275,42.94612377586442,6.038319765253738,37.91433057906612,44.09096664938985,6.005702753997695,38.11068498682748,42.94612377586442,6.038319765253735,-37.3210989245026,-50.350446589653984,-1.4795581565945817,37.91433057906613,44.09096664938985,6.005702753997697,37.91433057906612,44.09096664938985,6.005702753997695,nan,-37.3210989245026,nan,-50.350446589653984,False,15.894294765646169,bf9eb678ee85203d,,-3.413354078815672,0.26490170165024807,0.0001807259405124384,tone,2.500823060291812,9,-4.812827306484438,-7.41382750777171,0.9936640558884875,1.0066533435463652,0.0,,,,,,,
189,192780,0,8,8309,-6.149882669944784,-5.44311592572385,81.96139140631993,83.17671263554014,1.014827972150879,1.0005554505261869,0.0,2.537153625875258,2.537153625875258,2.537153625875258,-2.5815956827994078,17.869805098837784,phase,2.537153625875258,phase,nan,nan,nan,nan,nan,nan,nan,nan,nan,nan,38.10598341622507,43.77605795609624,6.037538773459315,37.90459950689849,44.482031969388615,6.004086296826993,38.10598341622507,43.77605795609622,6.037538773459315,37.904599506898506,44.482031969388636,6.004086296826995,-38.06341712600425,-48.47802325998728,1.6981548533657609,38.10598341622507,43.77605795609624,6.037538773459315,38.10598341622507,43.77605795609622,6.037538773459315,nan,-38.06341712600425,nan,-48.47802325998728,False,15.102493320494343,4a97af62a576d079,,-6.149882669944784,-5.44311592572385,0.0005554505261868847,tone,2.537153625875258,10,-6.979011060163691,-9.306326634920937,0.9937606438524594,1.0065555472947065,0.0,,,,,,,
190,193800,0,7,1867,6.979421263788931,6.316276010285135,82.23628974704798,82.42379747968221,1.0022801093435878,1.000462005883087,0.0,2.8388142241635808,2.8388142241635808,2.8388142241635808,-2.8629798472222614,-3.5556341899223303,phase,2.8388142241635808,phase,nan,nan,nan,nan,nan,nan,nan,nan,nan,nan,37.32816869704132,43.99912282246848,5.908333670604871,37.56130626364727,43.71565966034146,5.947060841137421,37.32816869704133,43.99912282246845,5.908333670604873,37.56130626364727,43.71565966034147,5.947060841137421,-37.73500846642674,-48.954561289862674,0.0468764888576505,37.32816869704132,43.99912282246848,5.908333670604871,37.32816869704133,43.99912282246845,5.908333670604873,nan,-37.73500846642674,nan,-48.954561289862674,False,18.899966452682023,6d0c3d9b58618a38,,6.979421263788931,6.316276010285135,0.000462005883087091,tone,2.8388142241635808,11,-4.520876440486802,-7.110027971085216,0.9938409904236315,1.0064742038235805,0.0,,,,,,,
191,194820,0,8,1851,2.06777161740231,-1.2000829323349127,82.9431647587732,84.25059957708751,1.0157630206433137,0.9997524834436841,0.0,3.002152146183708,3.002152146183708,3.002152146183708,-3.004538321774591,-32.52624408622669,phase,3.002152146183708,phase,nan,nan,nan,nan,nan,nan,nan,nan,nan,nan,37.49151803032176,43.33853502975212,5.93546811134913,37.74160437342242,44.22343316077115,5.977010693259539,37.491518030321764,43.33853502975214,5.935468111349131,37.74160437342242,44.223433160771165,5.977010693259539,-37.46789448935925,-49.02498740427967,1.2341683102960632,37.49151803032176,43.33853502975212,5.93546811134913,37.491518030321764,43.33853502975214,5.935468111349131,nan,-37.46789448935925,nan,-49.02498740427967,False,19.109138730634292,a61b268e2f4c3023,,2.06777161740231,-1.2000829323349127,-0.00024751655631594094,tone,3.002152146183708,12,-3.7926713522841933,-7.527355136273887,0.9937979418062233,1.0065178104470083,0.0,,,,,,,
192,195840,0,8,79,6.384245444167188,6.987225036662463,83.75644824321255,82.86465278162544,0.989352515772905,0.9990545677181059,0.0,2.7417514216779577,2.7417514216779577,2.7417514216779577,-2.8503865605395973,-9.72380989080633,phase,2.7417514216779577,phase,nan,nan,nan,nan,nan,nan,nan,nan,nan,nan,37.4798795262721,44.79143069996927,5.9335348050285885,38.30266081868927,43.66682421135705,6.070209438320477,37.4798795262721,44.79143069996926,5.9335348050285885,38.302660818689276,43.66682421135705,6.070209438320479,-37.40690525877937,-49.57842182316503,-0.3853945377783319,37.4798795262721,44.79143069996927,5.9335348050285885,37.4798795262721,44.79143069996926,5.9335348050285885,nan,-37.40690525877937,nan,-49.57842182316503,False,15.855996548867381,57f98bdbb10bd82c,,6.384245444167188,6.987225036662463,-0.000945432281894143,tone,2.7417514216779577,13,-1.544240548133656,-5.097662648521714,0.9936335172914471,1.0066844970632183,0.0,,,,,,,
193,196860,0,8,4295,-5.840776974223884,-6.387669388682701,83.02675590411152,83.20901231828954,1.0021951527816948,1.0006484045937605,0.0,1.9632638283667243,1.9632638283667243,1.9632638283667243,-2.0300698284609426,-10.423474063164198,phase,1.9632638283667243,phase,nan,nan,nan,nan,nan,nan,nan,nan,nan,nan,37.85940633126667,44.20402394269611,5.996579124795129,37.70477126421284,43.55036058961974,5.970892236580206,37.859406331266676,44.204023942696125,5.9965791247951294,37.704771264212845,43.55036058961976,5.970892236580207,-37.90815044024231,-53.44424238672987,0.6372325318418532,37.85940633126667,44.20402394269611,5.996579124795129,37.859406331266676,44.204023942696125,5.9965791247951294,nan,-37.90815044024231,nan,-53.44424238672987,False,17.568960155829377,449b24ea57bb4cb4,,-5.840776974223884,-6.387669388682701,0.0006484045937604765,tone,1.9632638283667243,14,-3.6016107006128673,-7.318501742161345,0.9937462656854442,1.0065703417828629,0.0,,,,,,,
194,197880,0,8,7179,2.1215000229952006,-0.05129207979943118,81.85699938221265,83.31878144414313,1.0178577528245938,1.000219480289444,0.0,2.420962500363025,2.420962500363025,2.420962500363025,-2.4282426469026657,-32.83304061338511,phase,2.420962500363025,phase,nan,nan,nan,nan,nan,nan,nan,nan,nan,nan,37.909460920545065,43.99373069342148,6.004893840622104,37.79929332676643,44.79175426393133,5.986593575874823,37.90946092054507,43.9937306934215,6.004893840622106,37.79929332676644,44.791754263931345,5.986593575874824,-37.52274913539527,-52.89141212410189,1.6047194038347652,37.909460920545065,43.99373069342148,6.004893840622104,37.90946092054507,43.9937306934215,6.004893840622106,nan,-37.52274913539527,nan,-52.89141212410189,False,16.782156544261866,c7742538b544b826,,2.1215000229952006,-0.05129207979943118,0.00021948028944396292,tone,2.420962500363025,15,-2.8544129161400296,-7.3363367877459424,0.9937844345360989,1.0065316888551754,0.0,,,,,,,
195,198900,0,7,1747,-2.4339476917931773,-5.328359485685745,82.18992207751076,83.93206493798051,1.0211965508231873,1.0007573220230337,0.0,2.3607943250539054,2.3607943250539054,2.3607943250539054,-2.4278011914127093,-19.65601877214951,phase,2.3607943250539054,phase,nan,nan,nan,nan,nan,nan,nan,nan,nan,nan,38.23945017779785,45.109035925691714,6.059709331860109,37.1768395591856,43.28638370381461,5.883195940064054,38.23945017779785,45.10903592569173,6.059709331860109,37.176839559185595,43.286383703814614,5.883195940064053,-37.5317212855756,-48.48740628564314,1.266836557405103,38.23945017779785,45.109035925691714,6.059709331860109,38.23945017779785,45.10903592569173,6.059709331860109,nan,-37.5317212855756,nan,-48.48740628564314,False,17.559343936069475,54b387d7abfdb8c0,,-2.4339476917931773,-5.328359485685745,0.0007573220230336908,tone,2.3607943250539054,16,-3.711622651494028,-9.189160539486107,0.9939161421328226,1.006398392795618,0.0,,,,,,,
196,199920,0,8,3877,-3.3805925106522863,-2.0797147009067087,80.90417301202841,82.30890716891047,1.0173629382092961,0.9991958683881585,0.0,3.2643471239775224,3.2643471239775224,3.2643471239775224,-3.325919721301409,-12.299913027658837,phase,3.2643471239775224,phase,nan,nan,nan,nan,nan,nan,nan,nan,nan,nan,37.90504972333653,43.609658113592175,6.00416108361072,37.67762198594434,43.93202979175072,5.966382389691752,37.90504972333653,43.609658113592154,6.00416108361072,37.677621985944356,43.932029791750736,5.966382389691754,-37.063247620256504,-48.132896366310554,-1.1660051183972202,37.90504972333653,43.609658113592175,6.00416108361072,37.90504972333653,43.609658113592154,6.00416108361072,nan,-37.063247620256504,nan,-48.132896366310554,False,16.578305666539794,3dd66b1dcd447ffd,,-3.3805925106522863,-2.0797147009067087,-0.0008041316118414521,tone,3.2643471239775224,17,-4.902072558253044,-9.912432904116335,0.9937762752396762,1.0065401302044557,0.0,,,,,,,
197,200940,0,8,1731,2.689658300569481,2.4325795751101777,79.88668409019567,80.97619321445285,1.0136381818405065,1.0005448262268355,0.0,2.3246808632785236,2.3246808632785236,2.3246808632785236,-2.3530745541499254,-9.387444987516767,phase,2.3246808632785236,phase,nan,nan,nan,nan,nan,nan,nan,nan,nan,nan,37.33120169170017,43.79355276845018,5.908837490315644,37.20263994517772,43.744107432412875,5.887481718468061,37.331201691700166,43.79355276845019,5.908837490315643,37.20263994517773,43.744107432412854,5.887481718468062,-37.84919849925275,-48.175538318215125,-0.16978699154802435,37.33120169170017,43.79355276845018,5.908837490315644,37.331201691700166,43.79355276845019,5.908837490315643,nan,-37.84919849925275,nan,-48.175538318215125,False,19.501369067396446,ea10c28dc0f6ac6e,,2.689658300569481,2.4325795751101777,0.0005448262268354931,tone,2.3246808632785236,18,-3.9547965680184425,-9.06656215764583,0.9938710264308888,1.0064442143062253,0.0,,,,,,,
198,201960,0,8,3719,3.92535250071525,6.77857034340006,83.39863620253186,83.6056651784905,1.0024824024155008,0.9987283833261769,0.0,2.7494246937004005,2.7494246937004005,2.7494246937004005,-2.930679730682159,5.460118812603554,phase,2.7494246937004005,phase,nan,nan,nan,nan,nan,nan,nan,nan,nan,nan,37.82784168283698,44.7704800973738,5.991335827713785,38.50609329278328,45.63079721980777,6.104002208103535,37.82784168283699,44.770480097373806,5.991335827713787,38.50609329278327,45.630797219807775,6.104002208103534,-37.24964392017329,-49.70911764696166,-2.182636703961575,37.82784168283698,44.7704800973738,5.991335827713785,37.82784168283699,44.770480097373806,5.991335827713787,nan,-37.24964392017329,nan,-49.70911764696166,False,16.817089652504908,94bc58a71f8f6d5c,,3.92535250071525,6.77857034340006,-0.0012716166738231394,tone,2.7494246937004005,19,-2.5724508322904547,-6.7092535393778405,0.9936498574113419,1.006668466436706,0.0,,,,,,,
199,202980,0,8,8067,0.4712350575641172,0.3428592116362893,84.64005436652357,83.81231803715164,0.990220512787155,1.0008120116382175,0.0,2.5097601429921657,2.5097601429921657,2.5097601429921657,-2.5865920828673863,-28.093357807892865,phase,2.5097601429921657,phase,nan,nan,nan,nan,nan,nan,nan,nan,nan,nan,37.730468116705126,43.711850699349135,5.975160816728427,37.56771211052823,43.309968575538875,5.948124935303693,37.73046811670512,43.71185069934916,5.975160816728426,37.56771211052823,43.309968575538875,5.948124935303693,-37.30869787757389,-47.938919102433346,-0.02234381525607128,37.730468116705126,43.711850699349135,5.975160816728427,37.73046811670512,43.71185069934916,5.975160816728426,nan,-37.30869787757389,nan,-47.938919102433346,False,16.358692424959706,fbf2b4377cbd6e51,,0.4712350575641172,0.3428592116362893,0.0008120116382175357,tone,2.5097601429921657,20,-2.4064645254266637,-6.590047735209298,0.993791057079835,1.0065255328610827,0.0,20,2.560924286648712,0.06363848075778476,2.560924286648712,inside-deadband,,
200,204000,0,8,6215,-4.5801007119953745,-3.503379159332141,80.74992883502865,82.13785136381485,1.017187910241032,0.9997902144730719,0.0,2.724495128972379,2.724495128972379,2.724495128972379,-2.7130250717219035,26.512923687861147,phase,2.724495128972379,phase,nan,nan,nan,nan,nan,nan,nan,nan,nan,nan,37.208188613687405,43.45502935197983,5.8884034242005665,37.94297201917094,44.29490771928947,6.010460468300821,37.208188613687405,43.45502935197981,5.8884034242005665,37.94297201917094,44.294907719289476,6.010460468300821,-37.834904316629576,-49.52292967317807,0.06242814479264158,37.208188613687405,43.45502935197983,5.8884034242005665,37.208188613687405,43.45502935197981,5.8884034242005665,nan,-37.834904316629576,nan,-49.52292967317807,False,16.678651158499353,fa2a5c4ef464c02f,,-4.5801007119953745,-3.503379159332141,-0.00020978552692807462,tone,2.724495128972379,1,-4.019515113654691,-7.808280820942139,0.993754572558236,1.0065624926503354,0.0,,,,,,,
201,205020,0,8,4667,-6.551885513301082,-5.4641690024363285,80.4090508483899,81.0591157514119,1.0080844742745152,0.9994476649615079,0.0,2.5112573015603337,2.5112573015603337,2.5112573015603337,-2.543937269417796,28.14070368525682,phase,2.5112573015603337,phase,nan,nan,nan,nan,nan,nan,nan,nan,nan,nan,38.235324787146716,44.095347028041154,6.05902405102105,38.090487582221826,44.068685853613836,6.034964714654789,38.23532478714672,44.095347028041175,6.059024051021051,38.09048758222183,44.068685853613864,6.03496471465479,-37.15991879781521,-49.09803208926852,0.43239592992558684,38.235324787146716,44.095347028041154,6.05902405102105,38.23532478714672,44.095347028041175,6.059024051021051,nan,-37.15991879781521,nan,-49.09803208926852,False,17.825455113424784,51db43f313b360c3,,-6.551885513301082,-5.4641690024363285,-0.0005523350384920578,tone,2.5112573015603337,2,-6.327086814937097,-9.708271298251802,0.9936585176009709,1.0066598393716368,0.0,,,,,,,
202,206040,0,8,7747,-5.478399875795436,-7.4545339607504655,81.77527462708447,84.27933671162849,1.0306212616950925,1.0008447680822827,0.0,2.9636616837343057,2.9636616837343057,2.9636616837343057,-3.060139831896133,10.841940156783773,phase,2.9636616837343057,phase,nan,nan,nan,nan,nan,nan,nan,nan,nan,nan,37.6835630053354,43.63167705388092,5.96736926998927,37.60398891535679,43.197615612243084,5.954150982617407,37.68356300533541,43.63167705388093,5.9673692699892715,37.60398891535677,43.19761561224308,5.954150982617405,-37.821989971232625,-47.895303333188686,1.3446866782838267,37.6835630053354,43.63167705388092,5.96736926998927,37.68356300533541,43.63167705388093,5.9673692699892715,nan,-37.821989971232625,nan,-47.895303333188686,False,16.822898165766798,8445e9b9c814b2b5,,-5.478399875795436,-7.4545339607504655,0.0008447680822827319,tone,2.9636616837343057,3,-8.256763784000627,-12.300097041385918,0.9938054145260334,1.0065111460151854,0.0,,,,,,,
203,207060,0,8,3211,-0.46211685249258116,-2.7876907319304887,81.89166858267224,81.37476152923426,0.993687916458606,0.999556788319609,0.0,2.9217087116856604,2.9217087116856604,2.9217087116856604,-2.939193679386324,1.5250447697533733,phase,2.9217087116856604,phase,nan,nan,nan,nan,nan,nan,nan,nan,nan,nan,37.451856028433895,44.251109266923095,5.928879738942508,37.813901840063345,44.195941201573135,5.989020239213181,37.451856028433895,44.25110926692312,5.928879738942508,37.81390184006335,44.19594120157315,5.989020239213182,-38.152432851014616,-48.02484680313484,1.002537950345823,37.451856028433895,44.251109266923095,5.928879738942508,37.451856028433895,44.25110926692312,5.928879738942508,nan,-38.152432851014616,nan,-48.02484680313484,False,14.9818886657818,d101113f0c55bb86,,-0.46211685249258116,-2.7876907319304887,-0.0004432116803909647,tone,2.9217087116856604,4,-8.419512845344332,-13.269477022957378,0.9937283329466765,1.0065892476926235,0.0,,,,,,,
204,208080,0,7,1355,10.737928523232304,10.100310271496108,83.72658736242961,84.6548608168315,1.0110869615452454,0.9997682205946153,0.0,2.9502731245153555,2.9502731245153555,2.9502731245153555,-2.93988909972366,0.9868863651488844,phase,2.9502731245153555,phase,nan,nan,nan,nan,nan,nan,nan,nan,nan,nan,38.08241205211479,43.6590609461054,6.033623264470896,38.21501446973543,44.15505369569151,6.0556502441420985,38.0824120521148,43.65906094610541,6.033623264470897,38.215014469735436,44.1550536956915,6.055650244142099,-36.93598760004507,-46.83329596151667,-1.3419308634033502,38.08241205211479,43.6590609461054,6.033623264470896,38.0824120521148,43.65906094610541,6.033623264470897,nan,-36.93598760004507,nan,-46.83329596151667,False,17.535914994756894,cc5384315e5e476e,,10.737928523232304,10.100310271496108,-0.0002317794053846578,tone,2.9502731245153555,5,-4.637518452584098,-9.757509650837054,0.9936880259383047,1.0066300858230879,0.0,,,,,,,
205,209100,0,7,8241,-4.840348509557763,-3.0403965690853196,82.79245875659997,83.00343571204836,1.0025482629531348,0.9999984923534652,0.0,2.565890140773797,2.565890140773797,2.565890140773797,-2.5655353526543094,-16.350572417210746,phase,2.565890140773797,phase,nan,nan,nan,nan,nan,nan,nan,nan,nan,nan,37.960792079431116,43.358302974210936,6.013420611201183,37.83750328537773,44.56738084714913,5.992940745079357,37.9607920794311,43.35830297421091,6.01342061120118,37.83750328537773,44.567380847149145,5.992940745079357,-37.30151744962748,-47.10154166005413,-1.0965513120448942,37.960792079431116,43.358302974210936,6.013420611201183,37.9607920794311,43.35830297421091,6.01342061120118,nan,-37.30151744962748,nan,-47.10154166005413,False,15.331968449531097,bdd95d80d946ad36,,-4.840348509557763,-3.0403965690853196,-1.5076465348373702e-06,tone,2.565890140773797,6,-6.342401609192046,-10.814639587808639,0.9936877637655007,1.0066303514109014,0.0,,,,,,,
206,210120,0,8,6875,2.187969974748281,2.6991527774231336,83.92373051867557,84.5213256414348,1.0071206930276562,1.0006798588531594,0.0,2.6685592965647387,2.6685592965647387,2.6685592965647387,-2.718989445042919,11.402229660255614,phase,2.6685592965647387,phase,nan,nan,nan,nan,nan,nan,nan,nan,nan,nan,37.79093139878293,43.52611457448221,5.9852045512928465,38.13499893738617,44.60115542709855,6.042358627472787,37.790931398782924,43.526114574482186,5.985204551292846,38.13499893738617,44.60115542709856,6.042358627472787,-38.190511072798195,-50.014823861135525,-0.37180319855857746,37.79093139878293,43.52611457448221,5.9852045512928465,37.790931398782924,43.526114574482186,5.985204551292846,nan,-38.190511072798195,nan,-50.014823861135525,False,15.173531155209028,01a86322b5c3f6e3,,2.187969974748281,2.6991527774231336,0.0006798588531593541,tone,2.6685592965647387,7,-5.571747567664957,-9.876158574620439,0.9938059880646084,1.0065106686309524,0.0,,,,,,,
207,211140,0,7,2407,6.560738177077512,6.155607428054434,83.52561189880079,83.48367824303894,0.9994979545218697,1.0003075325898452,0.0,2.8249922236728677,2.8249922236728677,2.8249922236728677,-2.836000765285896,14.717841327644978,phase,2.8249922236728677,phase,nan,nan,nan,nan,nan,nan,nan,nan,nan,nan,37.78784212309982,43.62661223075753,5.984691382574722,37.88813269249301,43.668336458643964,6.001350945596847,37.78784212309982,43.62661223075756,5.984691382574722,37.888132692493016,43.66833645864396,6.0013509455968475,-37.94015309869468,-48.716188105168285,-0.8334424727870671,37.78784212309982,43.62661223075753,5.984691382574722,37.78784212309982,43.62661223075756,5.984691382574722,nan,-37.94015309869468,nan,-48.716188105168285,False,17.554900989762153,8f86bd96143c67e0,,6.560738177077512,6.155607428054434,0.00030753258984517196,tone,2.8249922236728677,8,-3.2611775071554736,-7.735632232510688,0.9938594729172383,1.0064565166887292,0.0,,,,,,,
208,212160,0,8,4915,-7.5173445802299685,-4.847289761995285,84.34482519255819,83.67145272991623,0.9920164341901869,0.9997573451950437,0.0,2.8746954292103184,2.8746954292103184,2.8746954292103184,-2.890152467656736,6.6327635741961,phase,2.8746954292103184,phase,nan,nan,nan,nan,nan,nan,nan,nan,nan,nan,37.7062589048392,44.29847154253125,5.971139352963323,37.7984766470875,44.333536561429305,5.986457914798589,37.7062589048392,44.29847154253123,5.971139352963323,37.7984766470875,44.3335365614293,5.986457914798589,-37.40677364328534,-48.71731182657726,0.8149842952981503,37.7062589048392,44.29847154253125,5.971139352963323,37.7062589048392,44.29847154253123,5.971139352963323,nan,-37.40677364328534,nan,-48.71731182657726,False,16.922690099717773,9c5b7961a79f4da3,,-7.5173445802299685,-4.847289761995285,-0.00024265480495633263,tone,2.8746954292103184,9,-5.908504090819869,-9.421300106449298,0.9938172690813413,1.0064992658262197,0.0,,,,,,,
209,213180,0,8,2851,7.3623175029915675,6.740137515387214,83.55626637076713,84.45153834439556,1.0107146000236034,1.0000873212613417,0.0,2.5853200746172487,2.5853200746172487,2.5853200746172487,-2.5874146024730833,30.477318861826554,phase,2.5853200746172487,phase,nan,nan,nan,nan,nan,nan,nan,nan,nan,nan,37.96800463033587,44.369881861665334,6.0146187093581185,37.71640143835454,43.69542387736015,5.972824159195107,37.968004630335855,44.369881861665306,6.014618709358116,37.71640143835454,43.69542387736012,5.972824159195107,-37.30871411599027,-47.80970210255219,1.6610377298948151,37.96800463033587,44.369881861665334,6.0146187093581185,37.968004630335855,44.369881861665306,6.014618709358116,nan,-37.30871411599027,nan,-47.80970210255219,False,15.594863300721169,09a20303fecdab05,,7.3623175029915675,6.740137515387214,8.73212613416996e-05,tone,2.5853200746172487,10,-3.315662120556074,-7.077485053142708,0.9938324558224002,1.0064838866316999,0.0,,,,,,,
210,214200,0,8,4463,-4.280467067176199,-4.039190696757194,84.67296632739497,83.93404326351677,0.9912732115582074,0.9994385536712518,0.0,2.346804853474535,2.346804853474535,2.346804853474535,-2.3899431299734646,-5.405000551166157,phase,2.346804853474535,phase,nan,nan,nan,nan,nan,nan,nan,nan,nan,nan,37.61152023680169,44.253578799590834,5.955402032691311,37.39513638883138,43.02228548571542,5.919457871898901,37.61152023680169,44.253578799590805,5.955402032691311,37.39513638883136,43.02228548571541,5.9194578718988975,-36.92759139705467,-48.27211668882917,-0.5457580835329878,37.61152023680169,44.253578799590834,5.955402032691311,37.61152023680169,44.253578799590805,5.955402032691311,nan,-36.92759139705467,nan,-48.27211668882917,False,18.779406677106227,da55d1422c645045,,-4.280467067176199,-4.039190696757194,-0.0005614463287482163,tone,2.346804853474535,11,-4.823122925176238,-8.48209446879482,0.9937348086952505,1.0065828323539538,0.0,,,,,,,
211,215220,0,8,403,6.039460625580199,5.866141391335839,83.7985443514436,84.0351262158286,1.00282322164682,0.9997756881113772,0.0,2.944559672719524,2.944559672719524,2.944559672719524,-2.9476627336850845,-24.940763134332784,phase,2.944559672719524,phase,nan,nan,nan,nan,nan,nan,nan,nan,nan,nan,38.30488145795018,44.28265434970352,6.070578315274117,37.79128169068718,44.319178830287626,5.985262739316807,38.30488145795019,44.2826543497035,6.070578315274118,37.79128169068717,44.319178830287655,5.9852627393168065,-37.1657572460174,-49.8127284174233,0.21574012941177134,38.30488145795018,44.28265434970352,6.070578315274117,38.30488145795019,44.2826543497035,6.070578315274118,nan,-37.1657572460174,nan,-49.8127284174233,False,16.73105811880684,7693b67c75e65fc2,,6.039460625580199,5.866141391335839,-0.00022431188862281903,tone,2.944559672719524,12,-2.6959847788045197,-6.442372132018887,0.993695800052198,1.0066223542060069,0.0,,,,,,,
212,216240,0,8,4127,3.471567664122049,1.7187869961098614,83.64702225412694,83.70038655335121,1.000637970100862,0.9988277856336604,0.0,2.618291039512833,2.618291039512833,2.618291039512833,-2.778902207804356,1.6572754136578995,phase,2.618291039512833,phase,nan,nan,nan,nan,nan,nan,nan,nan,nan,nan,38.02327579598744,43.63576421995201,6.023799966110871,38.064008233071384,45.08115202514267,6.030566151672988,38.023275795987416,43.635764219951966,6.023799966110867,38.06400823307139,45.08115202514267,6.030566151672989,-36.892742070742514,-48.11557439949665,0.605141805862595,38.02327579598744,43.63576421995201,6.023799966110871,38.023275795987416,43.635764219951966,6.023799966110867,nan,-36.892742070742514,nan,-48.11557439949665,False,16.84015210375296,d2400f2cd2013275,,3.471567664122049,1.7187869961098614,-0.00117221436633963,tone,2.618291039512833,13,-1.4732275905594938,-5.844754320210052,0.9934919557659945,1.0068290925550587,0.0,,,,,,,
213,217260,0,8,471,-0.7957914979241565,0.7963321238525604,83.94181415497367,85.36063785147954,1.0169024664380786,1.0004169840554877,0.0,2.2630456568782407,2.2630456568782407,2.2630456568782407,-2.289565987782984,-15.050290101435909,phase,2.2630456568782407,phase,nan,nan,nan,nan,nan,nan,nan,nan,nan,nan,38.343348970616894,45.01240734858556,6.076968267544335,37.75506978243618,43.77566223319438,5.979247472165479,38.3433489706169,45.01240734858556,6.076968267544337,37.755069782436195,43.775662233194375,5.979247472165482,-37.930028880148654,-50.88894560011993,-0.2946881743238281,38.343348970616894,45.01240734858556,6.076968267544335,38.3433489706169,45.01240734858556,6.076968267544337,nan,-37.930028880148654,nan,-50.88894560011993,False,18.258292638513833,f953a78f63d0fcd8,,-0.7957914979241565,0.7963321238525604,0.00041698405548773465,tone,2.2630456568782407,14,-1.7535791552168112,-5.567928545697429,0.9935644530693362,1.0067556526346502,0.0,,,,,,,
214,218280,0,8,6199,-5.506138331963855,-7.056723722666014,83.00556668550017,84.92633743311306,1.0231402642534868,0.9995645896974726,0.0,2.3643357331041104,2.3643357331041104,2.3643357331041104,-2.4012674682055803,2.620099110836818,phase,2.3643357331041104,phase,nan,nan,nan,nan,nan,nan,nan,nan,nan,nan,38.046231613393665,43.3697471970506,6.027613224816224,37.86349529387602,43.07699370498909,5.997258354464456,38.04623161339366,43.369747197050586,6.027613224816223,37.86349529387601,43.0769937049891,5.997258354464454,-37.114870705431215,-49.89651142820467,0.3026867301616578,38.046231613393665,43.3697471970506,6.027613224816224,38.04623161339366,43.369747197050586,6.027613224816223,nan,-37.114870705431215,nan,-49.89651142820467,False,17.11093648853579,eab4603118fb1307,,-5.506138331963855,-7.056723722666014,-0.00043541030252736146,tone,2.3643357331041104,15,-3.693210157749127,-8.021208342507679,0.9934887466344953,1.0068323976122788,0.0,,,,,,,
215,219300,0,8,5863,-1.5348677637964707,-4.036948194186236,83.43142534018662,84.546004627122,1.0133592262434779,1.0009145494257004,0.0,2.818710295481831,2.818710295481831,2.818710295481831,-2.9045796364904266,-5.627954935009031,phase,2.818710295481831,phase,nan,nan,nan,nan,nan,nan,nan,nan,nan,nan,37.530736496848206,43.043713095332706,5.9419828067854175,38.29962369747995,43.382411590000764,6.069704933136205,37.53073649684819,43.0437130953327,5.941982806785415,38.299623697479966,43.38241159000078,6.069704933136208,-37.35433796594341,-49.420404881320714,-0.373336919680078,37.530736496848206,43.043713095332706,5.9419828067854175,37.53073649684819,43.0437130953327,5.941982806785415,nan,-37.35433796594341,nan,-49.420404881320714,False,16.988854681538914,cb28302e62b5386a,,-1.5348677637964707,-4.036948194186236,0.0009145494257003506,tone,2.818710295481831,16,-4.233934669374021,-9.42455200855972,0.9936477506829632,1.0066714051993704,0.0,,,,,,,
216,220320,0,8,5215,-3.9146797965534197,-3.363923812989152,83.35862500889034,84.75414145499352,1.0167411164226179,1.0007997751213549,0.0,2.8099537383555426,2.8099537383555426,2.8099537383555426,-2.871616353182565,-3.058963949513942,phase,2.8099537383555426,phase,nan,nan,nan,nan,nan,nan,nan,nan,nan,nan,37.84861637190248,43.99506972541484,5.994786772741277,37.45448165243425,43.619038404823094,5.92931588910868,37.84861637190249,43.99506972541485,5.994786772741278,37.45448165243425,43.619038404823115,5.92931588910868,-38.069721050497094,-46.13449335658178,-1.3671951091237675,37.84861637190248,43.99506972541484,5.994786772741277,37.84861637190249,43.99506972541485,5.994786772741278,nan,-38.069721050497094,nan,-46.13449335658178,False,16.071071471983746,4076e129d10b782c,,-3.9146797965534197,-3.363923812989152,0.0007997751213548732,tone,2.8099537383555426,17,-5.612831695862493,-10.594122663358469,0.9937868222642808,1.0065306234127207,0.0,,,,,,,
217,221340,0,7,3821,7.585659038371008,10.90904238525491,82.18661749680622,83.23558772563933,1.012763272912088,1.0005419702333123,0.0,2.591071574126114,2.591071574126114,2.591071574126114,-2.6337196238198146,19.046759458965116,phase,2.591071574126114,phase,nan,nan,nan,nan,nan,nan,nan,nan,nan,nan,37.153277259462484,44.18327007205378,5.879281936787788,37.59997628184434,44.13336268529431,5.9534844322000575,37.15327725946249,44.18327007205378,5.87928193678779,37.59997628184433,44.13336268529427,5.953484432200055,-37.7695888440197,-48.03351634334928,-1.9463004317114443,37.153277259462484,44.18327007205378,5.879281936787788,37.15327725946249,44.18327007205378,5.87928193678779,nan,-37.7695888440197,nan,-48.03351634334928,False,15.663698696048176,7253b55dbfc86015,,7.585659038371008,10.90904238525491,0.0005419702333122611,tone,2.591071574126114,18,-2.9412520331530936,-6.800731040664038,0.9938810777675676,1.0064352109370012,0.0,,,,,,,
218,222360,0,8,2071,-2.4876916765663375,-1.8632144238154373,83.36741909640651,83.40228803283672,1.000418256158199,1.000451420080201,0.0,2.8856277374441093,2.8856277374441093,2.8856277374441093,-2.908903792445941,-3.966660593199492,phase,2.8856277374441093,phase,nan,nan,nan,nan,nan,nan,nan,nan,nan,nan,37.984292253068176,44.453009691991966,6.017324294529598,37.915972817460684,44.05009650246677,6.005975551073204,37.98429225306817,44.45300969199192,6.017324294529597,37.9159728174607,44.05009650246682,6.005975551073206,-38.24497462721283,-50.23949255147635,-0.887797001799618,37.984292253068176,44.453009691991966,6.017324294529598,37.98429225306817,44.45300969199192,6.017324294529597,nan,-38.24497462721283,nan,-50.23949255147635,False,20.20411557021576,9e7c3c7186bf97fa,,-2.4876916765663375,-1.8632144238154373,0.0004514200802010482,tone,2.8856277374441093,19,-3.8173046175869843,-7.448686359842775,0.993959592895839,1.0063557399256746,0.0,,,,,,,
219,223380,0,7,3959,3.1090938190637516,1.4642691862002297,82.97087842904118,84.31445429390007,1.0161933426558567,1.0002853540678007,0.0,2.72633073405178,2.72633073405178,2.72633073405178,-2.73809760967535,-3.0658408139265623,phase,2.72633073405178,phase,nan,nan,nan,nan,nan,nan,nan,nan,nan,nan,37.9306841028457,44.8840226972846,6.008419286186995,37.4855534124032,44.98002643062313,5.934477311030433,37.9306841028457,44.88402269728459,6.008419286186995,37.48555341240319,44.980026430623084,5.934477311030431,-37.80473200140119,-47.99446633371663,0.2905443075304337,37.9306841028457,44.8840226972846,6.008419286186995,37.9306841028457,44.88402269728459,6.008419286186995,nan,-37.80473200140119,nan,-47.99446633371663,False,15.892798362042742,91d7496de98dd228,,3.1090938190637516,1.4642691862002297,0.0002853540678007249,tone,2.72633073405178,20,-2.7225087682889653,-6.939428852941754,0.994009228218125,1.006305499913659,0.0,20,2.6979792075227813,0.047676225667380334,2.6979792075227813,inside-deadband,,
220,224400,0,8,4323,-0.3555097776505214,-0.6828792804544737,84.26090036588838,84.40498011715503,1.0017099241835896,0.9993163871812869,0.0,2.7165028293724163,2.7165028293724163,2.7165028293724163,-2.769594451569591,10.408128754177618,phase,2.7165028293724163,phase,nan,nan,nan,nan,nan,nan,nan,nan,nan,nan,37.79437130845495,44.176701242147516,5.985775964859627,38.455428530818196,44.70928083523571,6.095586134687409,37.79437130845495,44.17670124214751,5.985775964859627,38.45542853081819,44.70928083523572,6.095586134687408,-37.36027094763805,-49.271720448975046,-0.19307310355762974,37.79437130845495,44.176701242147516,5.985775964859627,37.79437130845495,44.17670124214751,5.985775964859627,nan,-37.36027094763805,nan,-49.271720448975046,False,17.68955350123319,e390206c4539e922,,-0.3555097776505214,-0.6828792804544737,-0.0006836128187130974,tone,2.7165028293724163,1,-2.8476871053158104,-7.1769389810088,0.9938903126643174,1.006425968852144,0.0,,,,,,,
221,225420,0,7,1371,1.563776930858547,1.3432475680782439,83.57150736903729,83.70481879447861,1.001595177945668,0.9996158434564149,0.0,2.7265063164430248,2.7265063164430248,2.7265063164430248,-2.7413773580507708,15.171022954146084,phase,2.7265063164430248,phase,nan,nan,nan,nan,nan,nan,nan,nan,nan,nan,37.98797076725165,44.24228532700187,6.017935343397285,38.19054694878211,43.994834868820796,6.051585871890716,37.987970767251646,44.24228532700187,6.017935343397284,38.190546948782114,43.99483486882082,6.051585871890717,-37.55002519578733,-50.56009698796061,0.10377841726798598,37.98797076725165,44.24228532700187,6.017935343397285,37.987970767251646,44.24228532700187,6.017935343397284,nan,-37.55002519578733,nan,-50.56009698796061,False,18.498719836720497,843dac47d1be075f,,1.563776930858547,1.3432475680782439,-0.0003841565435851457,tone,2.7265063164430248,2,-2.2970006574991615,-6.709804126208115,0.9938234960075547,1.0064936542502072,0.0,,,,,,,
222,226440,0,8,6203,-0.748107236372106,0.44495946029158695,83.2973158788382,83.28504527181389,0.9998526890465214,0.999964975438462,0.0,2.2002672483228474,2.2002672483228474,2.2002672483228474,-2.2005405460332486,-6.68032610434295,phase,2.2002672483228474,phase,nan,nan,nan,nan,nan,nan,nan,nan,nan,nan,37.360417623981,42.305293579259356,5.913690635212792,37.38821781714835,43.02523416575931,5.918308607499727,37.36041762398101,42.30529357925937,5.9136906352127925,37.38821781714836,43.025234165759336,5.918308607499728,-38.14742611849461,-50.57647790914053,-1.5043369656953267,37.360417623981,42.305293579259356,5.913690635212792,37.36041762398101,42.30529357925937,5.9136906352127925,nan,-38.14742611849461,nan,-50.57647790914053,False,16.812392288183066,9d2cf46bb6d3befa,,-0.748107236372106,0.44495946029158695,-3.5024561538032906e-05,tone,2.2002672483228474,3,-2.5604654817683663,-6.555073084989508,0.9938174045669208,1.0064998235660978,0.0,,,,,,,
223,227460,0,8,1711,-1.2344849969225702,-0.6396847060915481,83.23033233490733,83.75490983738742,1.0063027202675252,0.9995653685420657,0.0,2.495094305044973,2.495094305044973,2.495094305044973,-2.5113780094569806,3.131214533678663,phase,2.495094305044973,phase,nan,nan,nan,nan,nan,nan,nan,nan,nan,nan,37.726270658788906,43.39832122772451,5.974463564582876,37.46084587294563,43.70912936136548,5.930373068595621,37.7262706587889,43.39832122772451,5.974463564582874,37.46084587294564,43.7091293613655,5.930373068595622,-37.6203363656765,-49.91636776496343,-1.0491992739641867,37.726270658788906,43.39832122772451,5.974463564582876,37.7262706587889,43.39832122772451,5.974463564582874,nan,-37.6203363656765,nan,-49.91636776496343,False,20.127909182087556,2798783294bb037d,,-1.2344849969225702,-0.6396847060915481,-0.00043463145793432023,tone,2.495094305044973,4,-2.9952231615366975,-6.777516886657337,0.9937418143131139,1.006576411738729,0.0,,,,,,,
224,228480,0,8,2291,-2.7249474515086227,-0.8325439870410669,82.22997773709078,80.83281113056307,0.9830090358166607,0.9999682069588222,0.0,3.43043457481356,3.43043457481356,3.43043457481356,-3.4249767325742697,2.587841467546631,phase,3.43043457481356,phase,nan,nan,nan,nan,nan,nan,nan,nan,nan,nan,38.2323314186005,44.822530700663066,6.058526813721015,37.74057714134046,44.38629600069614,5.976840056701073,38.232331418600495,44.82253070066304,6.058526813721013,37.74057714134046,44.386296000696134,5.976840056701073,-37.271835452380444,-45.926839930570836,-0.9245812496661663,38.2323314186005,44.822530700663066,6.058526813721015,38.232331418600495,44.82253070066304,6.058526813721013,nan,-37.271835452380444,nan,-45.926839930570836,False,20.10453590475194,0549b407273ae81f,,-2.7249474515086227,-0.8325439870410669,-3.17930411778411e-05,tone,3.43043457481356,5,-3.954960987087742,-7.067003498966317,0.9937362853500901,1.0065820122887161,0.0,,,,,,,
225,229500,0,8,527,-5.81547088211596,-9.243910852195677,82.07043260537442,82.80998066067356,1.0090111387478018,1.000110244562109,0.0,2.876651146553944,2.876651146553944,2.876651146553944,-2.8778658780412987,-4.67949084190891,phase,2.876651146553944,phase,nan,nan,nan,nan,nan,nan,nan,nan,nan,nan,37.51611499691352,43.912948211004704,5.93955398619826,37.815885484693716,43.859557344346605,5.989349748287993,37.51611499691354,43.912948211004725,5.939553986198263,37.8158854846937,43.859557344346605,5.989349748287991,-38.21080528145098,-48.60088931208747,1.0777427510400637,37.51611499691352,43.912948211004704,5.93955398619826,37.51611499691354,43.912948211004725,5.939553986198263,nan,-38.21080528145098,nan,-48.60088931208747,False,17.97450596164722,6491455019745259,,-5.81547088211596,-9.243910852195677,0.00011024456210906308,tone,2.876651146553944,6,-6.003205414454622,-10.28121630902048,0.9937554573038754,1.0065625946456007,0.0,,,,,,,
226,230520,0,8,475,-1.6224827537374342,0.04964667481249785,80.51769737469694,81.94650850690756,1.017745305427222,0.9990276882819947,0.0,2.612872780973422,2.612872780973422,2.612872780973422,-2.7185682012880585,30.200078078746603,phase,2.612872780973422,phase,nan,nan,nan,nan,nan,nan,nan,nan,nan,nan,37.67378213983562,44.954850489457044,5.965744541500935,37.6892537815359,44.52018195639748,5.968314581650483,37.67378213983562,44.954850489457066,5.965744541500935,37.689253781535896,44.520181956397465,5.968314581650482,-36.47442641914941,-47.57052445035187,-0.4361730058716604,37.67378213983562,44.954850489457044,5.965744541500935,37.67378213983562,44.954850489457066,5.965744541500935,nan,-36.47442641914941,nan,-47.57052445035187,False,18.074028547886236,186a2b01a4eaeaa1,,-1.6224827537374342,0.04964667481249785,-0.0009723117180052698,tone,2.612872780973422,7,-6.574642743059355,-10.26395326320812,0.9935863652905809,1.0067340325426708,0.0,,,,,,,
227,231540,0,8,4019,6.364252056159367,6.519933288111583,83.44712482844427,84.78293708611326,1.0160078883534363,1.0007560692435888,0.0,1.9306965566784828,1.9306965566784828,1.9306965566784828,-2.01794579357687,13.432119784715711,phase,1.9306965566784828,phase,nan,nan,nan,nan,nan,nan,nan,nan,nan,nan,37.628260637022926,44.014261367522096,5.958182830070254,38.040690617628755,44.24815741460698,6.02669279362604,37.62826063702292,44.0142613675221,5.958182830070253,38.04069061762874,44.248157414606965,6.0266927936260375,-37.88084520312055,-50.72204608691976,-0.07717551443711734,37.628260637022926,44.014261367522096,5.958182830070254,37.62826063702292,44.0142613675221,5.958182830070253,nan,-37.88084520312055,nan,-50.72204608691976,False,18.219428232966692,0f6c37c8f7d5a256,,6.364252056159367,6.519933288111583,0.0007560692435888416,tone,1.9306965566784828,8,-4.332776009104794,-7.997240728343723,0.9937178288066187,1.006600930065626,0.0,,,,,,,
228,232560,0,7,6287,-13.496899439869868,-13.382108071136916,83.12162574515189,85.28446897379034,1.0260202228872382,0.9992010576751266,0.0,2.5306151135140733,2.5306151135140733,2.5306151135140733,-2.582323325664765,19.111556723397502,phase,2.5306151135140733,phase,nan,nan,nan,nan,nan,nan,nan,nan,nan,nan,37.92959885017239,44.48978385441499,6.008239011656544,38.322436291044546,45.23133548612797,6.073494400505739,37.92959885017238,44.48978385441498,6.008239011656543,38.32243629104453,45.23133548612791,6.073494400505737,-36.91373787927583,-50.25969759366916,-0.5073948125613423,37.92959885017239,44.48978385441499,6.008239011656544,37.92959885017238,44.48978385441498,6.008239011656543,nan,-36.91373787927583,nan,-50.25969759366916,False,17.2197209687134,f30c641d98f2e194,,-13.496899439869868,-13.382108071136916,-0.0007989423248734306,tone,2.5306151135140733,9,-9.08655486565155,-12.650264270247824,0.9935788922409462,1.0067417804122045,0.0,,,,,,,
229,233580,0,8,8195,-3.479347739958835,-4.133602873855384,81.60633620960637,83.382173585553,1.021761023205176,1.0006015779755437,0.0,2.4052194896997854,2.4052194896997854,2.4052194896997854,-2.452342674036583,10.725223591678311,phase,2.4052194896997854,phase,nan,nan,nan,nan,nan,nan,nan,nan,nan,nan,37.84566382789437,44.24754860265188,5.9942963169259755,38.10473666855213,44.3655087241693,6.037331672516966,37.84566382789436,44.2475486026519,5.994296316925975,38.10473666855212,44.365508724169274,6.037331672516965,-37.70872871253559,-48.77253794907024,1.0964365895369055,37.84566382789437,44.24754860265188,5.9942963169259755,37.84566382789436,44.2475486026519,5.994296316925975,nan,-37.70872871253559,nan,-48.77253794907024,False,15.449345740227583,f49a853d6d7850c4,,-3.479347739958835,-4.133602873855384,0.0006015779755437212,tone,2.4052194896997854,10,-10.312196551979039,-14.087336848339316,0.9936834923971901,1.0066358582382742,0.0,,,,,,,
230,234600,0,8,4831,5.135844337519728,5.491547864994292,81.73390228810403,81.82679615099424,1.001136540166194,1.0001394098273992,0.0,2.6031318694591357,2.6031318694591357,2.6031318694591357,-2.604751910792621,3.755166012997695,phase,2.6031318694591357,phase,nan,nan,nan,nan,nan,nan,nan,nan,nan,nan,38.251859858246505,44.311150432906324,6.06177074057251,37.8507986421701,43.58263896569389,5.99514927610799,38.251859858246505,44.311150432906345,6.06177074057251,37.85079864217009,43.582638965693846,5.995149276107989,-37.65598897994173,-49.18526271732102,-1.0941679214550732,38.251859858246505,44.311150432906324,6.06177074057251,38.251859858246505,44.311150432906345,6.06177074057251,nan,-37.65598897994173,nan,-49.18526271732102,False,16.96089410461858,d1b45035481f89d0,,5.135844337519728,5.491547864994292,0.00013940982739923946,tone,2.6031318694591357,11,-8.503224649069134,-12.177965413755423,0.9937077350149188,1.0066113030485402,0.0,,,,,,,
231,235620,0,8,1683,6.691207240268719,5.081284190202969,82.50363553324647,83.22173913445921,1.0087039025198274,0.9993322781812872,0.0,3.0243279120219135,3.0243279120219135,3.0243279120219135,-3.060042602619497,-5.498985224051422,phase,3.0243279120219135,phase,nan,nan,nan,nan,nan,nan,nan,nan,nan,nan,37.635007014710595,44.140687100050826,5.9593034908157145,37.82723974153082,44.30510581777376,5.9912358374635915,37.6350070147106,44.140687100050826,5.959303490815715,37.827239741530825,44.30510581777375,5.991235837463593,-36.76788842550732,-47.44755979923661,1.0656009154010913,37.635007014710595,44.140687100050826,5.9593034908157145,37.6350070147106,44.140687100050826,5.959303490815715,nan,-36.76788842550732,nan,-47.44755979923661,False,20.100866657845277,b56eabd9fbf65b31,,6.691207240268719,5.081284190202969,-0.0006677218187127743,tone,3.0243279120219135,12,-6.146472807886282,-10.411196591286439,0.9935916189561025,1.0067290054987856,0.0,,,,,,,
232,236640,0,8,499,-4.7408552642926,-5.2547235019591,80.87760964721977,80.73158092587731,0.9981944481052367,1.0000139516466013,0.0,2.680554870507898,2.680554870507898,2.680554870507898,-2.6807297243994856,8.330050385522576,phase,2.680554870507898,phase,nan,nan,nan,nan,nan,nan,nan,nan,nan,nan,37.50546182476231,43.71315226767058,5.937784356272809,37.31070387428973,44.48095360876222,5.905432537257431,37.505461824762314,43.71315226767059,5.93778435627281,37.31070387428974,44.48095360876222,5.9054325372574334,-37.46056581200684,-50.95747101570186,-0.44174716314476226,37.50546182476231,43.71315226767058,5.937784356272809,37.505461824762314,43.71315226767059,5.93778435627281,nan,-37.46056581200684,nan,-50.95747101570186,False,17.814287129152703,f7a9517f283f9c50,,-4.7408552642926,-5.2547235019591,1.3951646601340073e-05,tone,2.680554870507898,13,-7.816474155367171,-12.238056864150508,0.9935940448479509,1.0067265475657992,0.0,,,,,,,
233,237660,0,8,5163,0.5945404792470441,2.397622833934553,83.92757875055565,83.6584933592201,0.9967938382669741,1.000491654027886,0.0,2.8843240386212727,2.8843240386212727,2.8843240386212727,-2.913811993260912,12.914676364396737,phase,2.8843240386212727,phase,nan,nan,nan,nan,nan,nan,nan,nan,nan,nan,38.162963856289245,43.27532790056377,6.047003962838746,38.54684049957492,44.51439729176404,6.110770847105469,38.16296385628926,43.275327900563774,6.047003962838748,38.54684049957491,44.514397291764034,6.110770847105468,-37.91955589430809,-49.52701748884951,-1.2212461237848258,38.162963856289245,43.27532790056377,6.047003962838746,38.16296385628926,43.275327900563774,6.047003962838748,nan,-37.91955589430809,nan,-49.52701748884951,False,16.033068841543212,03f7f71a088d6379,,0.5945404792470441,2.397622833934553,0.0004916540278860904,tone,2.8843240386212727,14,-7.607043383498657,-11.404495860016716,0.9936795331379417,1.0066399719276944,0.0,,,,,,,
234,238680,0,8,943,3.4331649402339925,4.865731871000626,82.88168256682306,83.08633249755171,1.0024691816622286,0.9990739020714778,0.0,2.7401880595386867,2.7401880595386867,2.7401880595386867,-2.834100943697553,-24.782520062692686,phase,2.7401880595386867,phase,nan,nan,nan,nan,nan,nan,nan,nan,nan,nan,37.38922621218437,43.05688682475153,5.918476114980793,37.49043205857958,43.20311582587045,5.935287717372024,37.389226212184376,43.056886824751544,5.918476114980794,37.49043205857958,43.20311582587044,5.935287717372024,-36.78332942967047,-46.80883878303789,-0.5439411042435616,37.38922621218437,43.05688682475153,5.918476114980793,37.389226212184376,43.056886824751544,5.918476114980794,nan,-36.78332942967047,nan,-46.80883878303789,False,17.92027150905294,328b00d6506f4f53,,3.4331649402339925,4.865731871000626,-0.0009260979285221627,tone,2.7401880595386867,15,-6.397792625070194,-9.712723029270688,0.9935184903404223,1.006803266413114,0.0,,,,,,,
235,239700,0,7,6179,-0.5206593172907374,0.6462077880756495,82.11053094431085,83.4010597249695,1.0157169703546785,1.0001387503398105,0.0,2.421377858786798,2.421377858786798,2.421377858786798,-2.4291365049790383,-0.27945621779221436,phase,2.421377858786798,phase,nan,nan,nan,nan,nan,nan,nan,nan,nan,nan,38.02396812478377,44.77019760145808,6.023914970894315,37.720859978168015,43.347703517709306,5.973564780426582,38.02396812478377,44.77019760145809,6.023914970894315,37.72085997816803,43.34770351770935,5.9735647804265835,-37.44120924334948,-49.02948280193678,-0.12893526175296965,38.02396812478377,44.77019760145808,6.023914970894315,38.02396812478377,44.77019760145809,6.023914970894315,nan,-37.44120924334948,nan,-49.02948280193678,False,17.124102290010523,b3d2f8ac2ea4748b,,-0.5206593172907374,0.6462077880756495,0.00013875033981047835,tone,2.421377858786798,16,-6.581212222011281,-9.488078619214043,0.9935426142703473,1.0067788233029198,0.0,,,,,,,
236,240720,0,8,783,6.733171526041222,5.840651144918159,83.8533309005816,84.31796545454027,1.0055410387276036,1.0007178410122133,0.0,2.9192231617643336,2.9192231617643336,2.9192231617643336,-2.97191029751164,6.653851527092824,phase,2.9192231617643336,phase,nan,nan,nan,nan,nan,nan,nan,nan,nan,nan,37.87078969252701,43.23929208021217,5.9984700485925275,38.219125339418575,43.18156325485545,6.056333112860229,37.87078969252701,43.23929208021217,5.9984700485925275,38.21912533941859,43.18156325485546,6.056333112860232,-37.54531040641348,-48.50977922333839,0.6398397867416064,37.87078969252701,43.23929208021217,5.9984700485925275,37.87078969252701,43.23929208021217,5.9984700485925275,nan,-37.54531040641348,nan,-48.50977922333839,False,17.131328258967294,4ce9e7047090ee47,,6.733171526041222,5.840651144918159,0.0007178410122132828,tone,2.9192231617643336,17,-4.209285743704047,-7.457614873448219,0.9936674252566307,1.0066524402781591,0.0,,,,,,,
237,241740,0,8,3081,0.5913236042418533,1.2630799625787064,82.9276633095623,84.38356610185664,1.0175562982747937,1.00066166398737,0.0,2.649984672116503,2.649984672116503,2.649984672116503,-2.702032720345684,-10.144640038589273,phase,2.649984672116503,phase,nan,nan,nan,nan,nan,nan,nan,nan,nan,nan,38.33480320732567,45.49221377874082,6.075548705535827,37.51928241240586,43.24837293673876,5.94008013495114,38.33480320732566,45.49221377874079,6.075548705535825,37.51928241240586,43.24837293673875,5.94008013495114,-37.75716183968529,-48.39340160045207,-1.190546891659949,38.33480320732567,45.49221377874082,6.075548705535827,38.33480320732566,45.49221377874079,6.075548705535825,nan,-37.75716183968529,nan,-48.39340160045207,False,15.583646630625864,16a26854be7cad55,,0.5913236042418533,1.2630799625787064,0.0006616639873699981,tone,2.649984672116503,18,-4.001003519466701,-7.018458349096685,0.9937824831980059,1.006535955859886,0.0,,,,,,,
238,242760,0,7,7091,-6.528161162824459,-6.779353476062797,82.97118951798444,83.55861602866581,1.0070798853685716,1.000783643653913,0.0,2.9332632782826162,2.9332632782826162,2.9332632782826162,-2.997454127265707,11.01328885026633,phase,2.9332632782826162,phase,nan,nan,nan,nan,nan,nan,nan,nan,nan,nan,38.192970285858394,45.05994122935293,6.051988419577807,37.18242184187914,43.915906077032076,5.884123229548031,38.192970285858394,45.05994122935295,6.051988419577807,37.18242184187914,43.91590607703205,5.884123229548031,-37.71882008654002,-49.04787224876658,0.4630249733783254,38.192970285858394,45.05994122935293,6.051988419577807,38.192970285858394,45.05994122935295,6.051988419577807,nan,-37.71882008654002,nan,-49.04787224876658,False,15.597523882215908,6f05a84741069f73,,-6.528161162824459,-6.779353476062797,0.0007836436539130354,tone,2.9332632782826162,19,-6.300154939036766,-9.37582442510031,0.9939187681818633,1.006398029979634,0.0,,,,,,,
239,243780,0,8,3753,4.865275045037481,5.798609728304511,84.04127431497673,84.85326682221944,1.0096618300217517,0.9996416211497906,0.0,3.1121081702010605,3.1121081702010605,3.1121081702010605,-3.131551170759976,-13.267490029456384,phase,3.1121081702010605,phase,nan,nan,nan,nan,nan,nan,nan,nan,nan,nan,37.695616307920744,43.93646062945915,5.969371479721055,37.60408718940211,43.66589601208214,5.954167307209653,37.695616307920744,43.93646062945909,5.969371479721055,37.604087189402115,43.66589601208216,5.954167307209654,-37.141591632052595,-46.903398233575366,-0.5489343106179643,37.695616307920744,43.93646062945915,5.969371479721055,37.695616307920744,43.93646062945909,5.969371479721055,nan,-37.141591632052595,nan,-46.903398233575366,False,16.705012054856603,e3f212ca206e31da,,4.865275045037481,5.798609728304511,-0.0003583788502093954,tone,3.1121081702010605,20,-4.586889911475139,-7.359213358256659,0.9938564332754284,1.0064611701672885,0.0,20,2.6946672126358373,0.07389265769745584,2.6946672126358373,inside-deadband,,
240,244800,0,8,207,3.0315957122745827,0.8531307765805518,83.0161218972869,83.55801959174178,1.0065276199618836,0.9995811733491029,0.0,2.7813763221412775,2.7813763221412775,2.7813763221412775,-2.7962012992229672,-1.5490488752617921,phase,2.7813763221412775,phase,nan,nan,nan,nan,nan,nan,nan,nan,nan,nan,37.867636720630266,43.561672618379305,5.997946299108018,38.14714871268969,45.35689255127727,6.044376862573039,37.867636720630266,43.561672618379305,5.997946299108018,38.14714871268968,45.35689255127725,6.044376862573037,-37.42103464117869,-49.04334262069427,1.41628782286704,37.867636720630266,43.561672618379305,5.997946299108018,37.867636720630266,43.561672618379305,5.997946299108018,nan,-37.42103464117869,nan,-49.04334262069427,False,17.594814694374943,96f6efd8b99a0894,,3.0315957122745827,0.8531307765805518,-0.00041882665089709725,tone,2.7813763221412775,1,-3.51927243296348,-7.062534479176245,0.9937835889021797,1.006534969309539,0.0,,,,,,,
241,245820,0,8,5035,1.2157391690455956,0.19833680171805196,84.75924567719913,84.98021140033225,1.0026069807649616,0.9996594987248149,0.0,2.7392610530512633,2.7392610530512633,2.7392610530512633,-2.7486371136825944,1.030981497003143,phase,2.7392610530512633,phase,nan,nan,nan,nan,nan,nan,nan,nan,nan,nan,38.00358994247825,44.55843667163252,6.0205298907771185,37.862246402870035,43.95418519863281,5.997050897486718,38.003589942478264,44.55843667163256,6.020529890777121,37.86224640287002,43.95418519863277,5.997050897486715,-37.38050786260087,-49.24193930271339,1.1907631651129436,38.00358994247825,44.55843667163252,6.0205298907771185,38.003589942478264,44.55843667163256,6.020529890777121,nan,-37.38050786260087,nan,-49.24193930271339,False,17.09341493271087,3af9fa310c48a1ae,,1.2157391690455956,0.19833680171805196,-0.0003405012751851455,tone,2.7392610530512633,2,-3.091102040618792,-6.993567296993854,0.9937243716008058,1.0065949668658827,0.0,,,,,,,
242,246840,0,8,5963,-6.474127485867939,-5.626116347472461,82.60536332461353,83.47051555562172,1.0104733179080443,0.9986596933407003,0.0,2.587059640935047,2.587059640935047,2.587059640935047,-2.787876002821551,-1.9104535718701583,phase,2.587059640935047,phase,nan,nan,nan,nan,nan,nan,nan,nan,nan,nan,38.02226762420396,43.473271744794445,6.023632495714945,37.718024512990084,43.66639861074677,5.973093772921942,38.02226762420397,43.47327174479445,6.023632495714946,37.71802451299008,43.66639861074675,5.97309377292194,-36.964624295481364,-48.99170534806472,-0.5804275505874701,38.02226762420396,43.473271744794445,6.023632495714945,38.02226762420397,43.47327174479445,6.023632495714946,nan,-36.964624295481364,nan,-48.99170534806472,False,16.788384820991833,372c1843f46db43a,,-6.474127485867939,-5.626116347472461,-0.0013403066592997392,tone,2.587059640935047,3,-5.371356691517143,-8.949806684665784,0.9934912899070719,1.0068313842767418,0.0,,,,,,,
243,247860,0,8,5,-5.220250070895884,-3.8292791360895304,85.33875880954109,85.90064552652142,1.0065841913430489,0.9998149765956191,0.0,2.300355170794221,2.300355170794221,2.300355170794221,-2.3081134305935462,10.728647218814631,phase,2.300355170794221,phase,nan,nan,nan,nan,nan,nan,nan,nan,nan,nan,38.40879365190125,44.32864841178684,6.087839477060009,38.467778665494485,43.64995801075453,6.0976376520754965,38.40879365190125,44.328648411786816,6.087839477060009,38.46777866549449,43.649958010754524,6.097637652075498,-37.422639492997476,-51.248233249323945,-1.1227366860801578,38.40879365190125,44.32864841178684,6.087839477060009,38.40879365190125,44.328648411786816,6.087839477060009,nan,-37.422639492997476,nan,-51.248233249323945,False,15.490473112898224,784d164c7a6cc4a6,,-5.220250070895884,-3.8292791360895304,-0.0001850234043808685,tone,2.300355170794221,4,-7.210414107898176,-10.280960757295437,0.9934591215574526,1.006863990599487,0.0,,,,,,,
244,248880,0,8,2939,-4.300031220263957,-3.8735714511667574,83.83712261555264,84.0530036765921,1.0025750056097393,0.9994313284078237,0.0,2.715952045697669,2.715952045697669,2.715952045697669,-2.7530535906812483,-9.533864417952975,phase,2.715952045697669,phase,nan,nan,nan,nan,nan,nan,nan,nan,nan,nan,38.24902648896107,44.90374992477911,6.06130008122277,38.66369681617674,44.817651466251725,6.130182195378197,38.24902648896107,44.90374992477912,6.06130008122277,38.66369681617674,44.81765146625176,6.130182195378197,-37.34391741665191,-50.181208179051836,-0.800564588890599,38.24902648896107,44.90374992477911,6.06130008122277,38.24902648896107,44.90374992477912,6.06130008122277,nan,-37.34391741665191,nan,-50.181208179051836,False,14.813564195533804,829905231ee06252,,-4.300031220263957,-3.8735714511667574,-0.0005686715921763286,tone,2.715952045697669,5,-8.725333941472172,-11.627468349747076,0.9933602549608794,1.0069642482291647,0.0,,,,,,,
245,249900,0,8,6903,4.425415882395676,4.103611402638097,82.29737657104543,84.21343936447315,1.0232821855721441,1.0018662982541413,0.0,2.331799196253723,2.331799196253723,2.331799196253723,-2.7553014587342313,21.854222957337505,phase,2.331799196253723,phase,nan,nan,nan,nan,nan,nan,nan,nan,nan,nan,37.43885658537609,44.219841847815886,5.926720363019284,37.528657408073975,44.22627883026437,5.941637443201658,37.43885658537608,44.21984184781586,5.926720363019283,37.52865740807397,44.22627883026435,5.941637443201657,-38.040910709907955,-49.697422839262124,-0.8146574297358988,37.43885658537609,44.219841847815886,5.926720363019284,37.43885658537608,44.21984184781586,5.926720363019283,nan,-38.040910709907955,nan,-49.697422839262124,False,14.998558977287075,931d1c2f130cbd49,,4.425415882395676,4.103611402638097,0.0018662982541413076,tone,2.331799196253723,6,-7.166085369664268,-10.20113767966705,0.9936846886000537,1.006635984134642,0.0,,,,,,,
246,250920,0,8,1679,0.8350247480221828,-0.09504089508663091,84.35294549562165,85.3277214129509,1.0115559203250328,0.999788978643364,0.0,2.6220026788785216,2.6220026788785216,2.6220026788785216,-2.614391918494202,-2.9177151448418654,phase,2.6220026788785216,phase,nan,nan,nan,nan,nan,nan,nan,nan,nan,nan,37.97520147154237,43.79367074748777,6.015814197930627,38.23666359116949,43.77739130606011,6.059246443715863,37.975201471542356,43.793670747487745,6.0158141979306246,38.2366635911695,43.777391306060125,6.059246443715865,-37.251114465160114,-49.71180135461384,0.7935935471037379,37.97520147154237,43.79367074748777,6.015814197930627,37.975201471542356,43.793670747487745,6.0158141979306246,nan,-37.251114465160114,nan,-49.71180135461384,False,20.52442815866396,65390c27a81239bc,,0.8350247480221828,-0.09504089508663091,-0.00021102135663597643,tone,2.6220026788785216,7,-6.871969273119085,-10.234182706672435,0.9936479930791188,1.0066731657766894,0.0,,,,,,,
247,251940,0,8,5207,-3.1677410734418503,-4.7252114617522185,82.09561264145432,83.47159969061258,1.0167607866594255,1.0004552800325988,0.0,2.571844682991746,2.571844682991746,2.571844682991746,-2.586384137116386,-2.300925493621264,phase,2.571844682991746,phase,nan,nan,nan,nan,nan,nan,nan,nan,nan,nan,37.900852769079215,43.29629084660834,6.003463915129439,38.038614181203656,43.85111093789759,6.026347870631837,37.90085276907922,43.29629084660834,6.00346391512944,38.038614181203656,43.85111093789759,6.026347870631837,-38.00034064846368,-49.16075470403353,0.3745255960064151,37.900852769079215,43.29629084660834,6.003463915129439,37.90085276907922,43.29629084660834,6.00346391512944,nan,-38.00034064846368,nan,-49.16075470403353,False,15.993020945560643,0a133e7ca802fb74,,-3.1677410734418503,-4.7252114617522185,0.0004552800325987594,tone,2.571844682991746,8,-7.987766198616791,-11.877043634963181,0.9937271609949878,1.0065929965925653,0.0,,,,,,,
248,252960,0,7,2415,7.935416235169214,7.242578293604044,81.63337458634193,83.16163877447514,1.0187210708350272,0.9993315298231386,0.0,2.386911890489879,2.386911890489879,2.386911890489879,-2.4461702932244695,10.790803967412653,phase,2.386911890489879,phase,nan,nan,nan,nan,nan,nan,nan,nan,nan,nan,37.63248225016961,43.59134505162258,5.958884094712561,37.49131429819437,43.064027564594355,5.935434268803052,37.63248225016961,43.5913450516226,5.958884094712561,37.49131429819437,43.06402756459433,5.935434268803052,-37.37741778001767,-49.89593725911888,-0.8280701158618733,37.63248225016961,43.59134505162258,5.958884094712561,37.63248225016961,43.5913450516226,5.958884094712561,nan,-37.37741778001767,nan,-49.89593725911888,False,19.122352807760983,50397b606aee526f,,7.935416235169214,7.242578293604044,-0.0006684701768614465,tone,2.386911890489879,9,-5.19283838409645,-9.358744370670308,0.993610912525052,1.0067108289046822,0.0,,,,,,,
249,253980,0,8,4663,-3.8466801699332223,-2.4235492227501982,80.16601626621238,81.18123718586229,1.0126639811597797,1.0009444566463856,0.0,2.8457727059996394,2.8457727059996394,2.8457727059996394,-2.9326463330377313,-16.145400061897856,phase,2.8457727059996394,phase,nan,nan,nan,nan,nan,nan,nan,nan,nan,nan,37.843298060680986,44.68946783244335,5.993903332339035,37.54250165442726,43.22068346289914,5.943937151898217,37.843298060680986,44.68946783244337,5.993903332339035,37.54250165442726,43.22068346289912,5.943937151898217,-38.11806684758123,-45.484081234698756,-1.0955435780428013,37.843298060680986,44.68946783244335,5.993903332339035,37.843298060680986,44.68946783244337,5.993903332339035,nan,-38.11806684758123,nan,-45.484081234698756,False,17.54215412203337,3b241fe066044812,,-3.8466801699332223,-2.4235492227501982,0.0009444566463856496,tone,2.8457727059996394,10,-6.54783362670625,-10.201332136300554,0.9937751364503468,1.0065445968253386,0.0,,,,,,,
250,255000,0,7,71,0.678280981873146,-0.1251107037991375,84.3581842855991,84.12145109422424,0.9971937140020299,0.9984512307394878,0.0,2.7904924707302428,2.7904924707302428,2.7904924707302428,-3.0535141266388757,-9.557030894584024,phase,2.7904924707302428,phase,nan,nan,nan,nan,nan,nan,nan,nan,nan,nan,37.979144199488786,44.05165902231437,6.016469136127706,38.03672681753455,44.43930579004746,6.026034355072185,37.97914419948879,44.05165902231437,6.016469136127707,38.036726817534564,44.439305790047484,6.026034355072188,-36.9355060047257,-48.36119285448969,-0.023699086488371074,37.979144199488786,44.05165902231437,6.016469136127706,37.97914419948879,44.05165902231437,6.016469136127707,nan,-36.9355060047257,nan,-48.36119285448969,False,15.511184800986998,4e1a26269b52b49a,,0.678280981873146,-0.1251107037991375,-0.0015487692605121728,tone,2.7904924707302428,11,-6.308948254202807,-10.24483616629367,0.9935057889832876,1.0068178284309575,0.0,,,,,,,
251,256020,0,7,699,-1.6253345043438758,0.519913235316795,84.33127002153891,85.50628810322583,1.0139333616271498,1.0007376642127885,0.0,2.475096505731277,2.475096505731277,2.475096505731277,-2.554036933636228,-7.613065768592443,phase,2.475096505731277,phase,nan,nan,nan,nan,nan,nan,nan,nan,nan,nan,37.58598658166178,43.90060199429268,5.951160561737837,37.863255292333776,44.941279517543855,5.9972184870986345,37.58598658166177,43.90060199429267,5.9511605617378365,37.863255292333776,44.94127951754387,5.9972184870986345,-38.513632472942135,-48.957452709176216,-0.7786352481440457,37.58598658166178,43.90060199429268,5.951160561737837,37.58598658166177,43.90060199429267,5.9511605617378365,nan,-38.513632472942135,nan,-48.957452709176216,False,16.22150340459739,f19fc34c48a46205,,-1.6253345043438758,0.519913235316795,0.0007376642127885358,tone,2.475096505731277,12,-6.881533822227038,-10.06409877048845,0.9936340418747905,1.0066879528763608,0.0,,,,,,,
252,257040,0,8,775,-3.0554542756329415,-3.7936430174709077,84.77709811722539,86.4447233202693,1.019670704000012,0.9999496821924434,0.0,2.6730025517216442,2.6730025517216442,2.6730025517216442,-2.700391490531081,9.985695599443222,phase,2.6730025517216442,phase,nan,nan,nan,nan,nan,nan,nan,nan,nan,nan,38.326572906361164,43.40718952315224,6.074181545907171,38.078743387121385,43.80027779630845,6.033013851681294,38.32657290636118,43.40718952315227,6.074181545907173,38.07874338712138,43.80027779630844,6.033013851681293,-36.97478521232614,-48.13326451954331,-0.4830571115960156,38.326572906361164,43.40718952315224,6.074181545907171,38.32657290636118,43.40718952315227,6.074181545907173,nan,-36.97478521232614,nan,-48.13326451954331,False,17.14896415858094,55ff74f46e276e8a,,-3.0554542756329415,-3.7936430174709077,-5.031780755659909e-05,tone,2.6730025517216442,13,-7.9577942474976595,-11.383052724711334,0.993625292314653,1.0066968178302953,0.0,,,,,,,
253,258060,0,8,6751,6.774873067852514,6.4127006440577405,80.83638716101336,82.4360177099328,1.0197884963083916,1.0001862062373341,0.0,3.044560148126528,3.044560148126528,3.044560148126528,-3.0190595317365574,14.575143077492339,phase,3.044560148126528,phase,nan,nan,nan,nan,nan,nan,nan,nan,nan,nan,37.38308191457633,43.554901447919775,5.917455467537597,38.20549290859432,44.182074190322645,6.054068589467496,37.38308191457632,43.55490144791975,5.917455467537596,38.205492908594316,44.182074190322666,6.054068589467495,-36.822364977056736,-45.79564253880819,-1.0051123241598932,37.38308191457633,43.554901447919775,5.917455467537597,37.38308191457632,43.55490144791975,5.917455467537596,nan,-36.822364977056736,nan,-45.79564253880819,False,16.46619868936533,88eaa5fa4aa5fae4,,6.774873067852514,6.4127006440577405,0.0001862062373341189,tone,3.044560148126528,14,-5.571375954717844,-9.153538152233,0.9936576706793785,1.0066640196228738,0.0,,,,,,,
254,259080,0,7,3063,7.963709772870479,7.804728040652748,83.90446922262045,83.11601004237363,0.9906028941300513,1.0005340827522091,0.0,3.034903720796282,3.034903720796282,3.034903720796282,-3.0650359543980596,2.3705286576833564,phase,3.034903720796282,phase,nan,nan,nan,nan,nan,nan,nan,nan,nan,nan,37.96076391353359,44.37239648902214,6.0134159324806635,38.04379373757493,43.9765669819904,6.027208262055637,37.96076391353358,44.3723964890221,6.013415932480663,38.04379373757494,43.97656698199042,6.027208262055638,-37.91273572796635,-50.032350169129465,-0.3293949055465699,37.96076391353359,44.37239648902214,6.0134159324806635,37.96076391353358,44.3723964890221,6.013415932480663,nan,-37.91273572796635,nan,-50.032350169129465,False,15.553272960541287,eddef0a0488b56bf,,7.963709772870479,7.804728040652748,0.0005340827522091196,tone,3.034903720796282,15,-2.7662867346054982,-6.439966631864348,0.9937505423784928,1.0065699825156944,0.0,,,,,,,
255,260100,0,8,5063,-6.607775592586444,-6.241941501879973,83.77839753652003,84.49050591344363,1.0084999044844845,0.9994309445701878,0.0,2.4162331943811,2.4162331943811,2.4162331943811,-2.4462666743174113,18.79966174996605,phase,2.4162331943811,phase,nan,nan,nan,nan,nan,nan,nan,nan,nan,nan,37.84111409280414,43.592367070370045,5.9935405469774325,38.34419603341371,43.914340385074624,6.077108975650119,37.84111409280415,43.592367070370045,5.993540546977434,38.34419603341372,43.91434038507465,6.077108975650121,-36.82638903146879,-48.32973108763898,-0.626908781615807,37.84111409280414,43.592367070370045,5.9935405469774325,37.84111409280415,43.592367070370045,5.993540546977434,nan,-36.82638903146879,nan,-48.32973108763898,False,16.986166961132678,96cb31037e77f737,,-6.607775592586444,-6.241941501879973,-0.0005690554298122263,tone,2.4162331943811,16,-5.09355233978431,-8.61038653669588,0.9936515800286394,1.0066702785596593,0.0,,,,,,,
256,261120,0,7,3301,0.421521339316443,-0.36731748580584844,84.54413529392271,85.32102996641787,1.0091892201605024,1.0001961013336136,0.0,2.728414906787686,2.728414906787686,2.728414906787686,-2.729438936377202,-2.6909197026903087,phase,2.728414906787686,phase,nan,nan,nan,nan,nan,nan,nan,nan,nan,nan,38.11165945569014,43.99440269361526,6.0384816371578305,37.73963221437844,44.52898336288235,5.976683092089442,38.11165945569013,43.994402693615264,6.03848163715783,37.73963221437843,44.528983362882364,5.976683092089441,-37.1474475691827,-48.69889940264947,-1.7521802052475264,38.11165945569014,43.99440269361526,6.0384816371578305,38.11165945569013,43.994402693615264,6.03848163715783,nan,-37.1474475691827,nan,-48.69889940264947,False,15.19898152218701,30f18b31e9cea61b,,0.421521339316443,-0.36731748580584844,0.00019610133361358528,tone,2.728414906787686,17,-4.9450772890462,-8.738095800364608,0.9936856798986378,1.00663573869075,0.0,,,,,,,
257,262140,0,8,3011,8.449273753903123,8.706761738868796,83.04391657624559,83.51366119410974,1.0056565807253668,1.0001969372391935,0.0,3.0862296479430102,3.0862296479430102,3.0862296479430102,-3.0910475841336473,21.923836809645785,phase,3.0862296479430102,phase,nan,nan,nan,nan,nan,nan,nan,nan,nan,nan,37.5081636823326,44.341709098958034,5.938233169822692,37.66153249913854,44.18344658081043,5.963709717464874,37.508163682332594,44.34170909895804,5.9382331698226904,37.661532499138524,44.18344658081043,5.963709717464872,-37.24087920284954,-45.5510074893258,-1.521181212893989,37.5081636823326,44.341709098958034,5.938233169822692,37.508163682332594,44.34170909895804,5.9382331698226904,nan,-37.24087920284954,nan,-45.5510074893258,False,14.531902943426733,5ba798cae8f140c9,,8.449273753903123,8.706761738868796,0.00019693723919345096,tone,3.0862296479430102,18,-1.9690398219794,-5.710817420036543,0.9937199262986621,1.0066010528106226,0.0,,,,,,,
258,263160,0,7,6303,3.7730640239301882,3.2438140026841173,82.43980132087849,82.89825580452325,1.0055610818597236,1.0004303598334379,0.0,2.8524351162936554,2.8524351162936554,2.8524351162936554,-2.869460635998025,-0.8415391575414907,phase,2.8524351162936554,phase,nan,nan,nan,nan,nan,nan,nan,nan,nan,nan,37.53998710075376,43.74477625879149,5.9435194519524535,37.96523492078502,44.79087735313283,6.014158624715121,37.53998710075376,43.744776258791504,5.9435194519524535,37.965234920785036,44.79087735313286,6.014158624715123,-38.00302563876377,-47.88330882823801,-0.9949464162656083,37.53998710075376,43.74477625879149,5.9435194519524535,37.53998710075376,43.744776258791504,5.9435194519524535,nan,-38.00302563876377,nan,-47.88330882823801,False,15.791228897577462,577f374748b86987,,3.7730640239301882,3.2438140026841173,0.00043035983343786555,tone,2.8524351162936554,19,-0.6401217099170398,-4.582927778187502,0.9937947662985063,1.0065252753064673,0.0,,,,,,,
259,264180,0,7,4731,-5.078520887381186,-4.693801287889839,81.23338551305066,81.73592940896975,1.006186420678458,0.9987732379708383,0.0,2.3189330279857407,2.3189330279857407,2.3189330279857407,-2.5154496125150776,15.101412896577713,phase,2.3189330279857407,phase,nan,nan,nan,nan,nan,nan,nan,nan,nan,nan,38.17872235999443,44.094385088597406,6.049621654484126,38.12836691770782,43.505448969579206,6.04125696307439,38.17872235999443,44.09438508859743,6.049621654484126,38.12836691770782,43.505448969579206,6.04125696307439,-37.14440795801325,-50.75613990115599,-0.3403028266994821,38.17872235999443,44.094385088597406,6.049621654484126,38.17872235999443,44.09438508859743,6.049621654484126,nan,-37.14440795801325,nan,-50.75613990115599,False,17.273659687905724,773845fd0d5ef73a,,-5.078520887381186,-4.693801287889839,-0.001226762029161721,tone,2.3189330279857407,20,-2.4287025828107818,-6.215107804924767,0.9935814151037932,1.0067416249390808,0.0,20,2.6651318338865075,0.05436865297678359,2.6651318338865075,inside-deadband,,
260,265200,0,7,5123,-1.2415783746238573,-0.8575055879310675,81.67141255385677,83.95562298215627,1.0279682982927867,1.0005820722376093,0.0,2.575734567340929,2.575734567340929,2.575734567340929,-2.6060194100277463,28.042353434151607,phase,2.575734567340929,phase,nan,nan,nan,nan,nan,nan,nan,nan,nan,nan,37.31949859856425,44.846051163033906,5.906893454911006,37.99708718341464,44.8602598216067,6.019449698241636,37.319498598564245,44.84605116303391,5.906893454911005,37.99708718341464,44.8602598216067,6.019449698241636,-37.82492575608695,-48.757712186796994,-1.3175349305947892,37.31949859856425,44.846051163033906,5.906893454911006,37.319498598564245,44.84605116303391,5.906893454911005,nan,-37.82492575608695,nan,-48.757712186796994,False,15.2570039857801,dc39234589563920,,-1.2415783746238573,-0.8575055879310675,0.0005820722376093102,tone,2.575734567340929,1,-2.8660622440449397,-6.513224966608665,0.9936826239313621,1.0066391352341861,0.0,,,,,,,
261,266220,0,8,5111,2.818922553459852,2.0623417333440037,81.83911673717658,82.47935467173225,1.0078231285976824,1.0005843747270633,0.0,2.54745612435446,2.54745612435446,2.54745612435446,-2.5802174979510513,13.6010685879227,phase,2.54745612435446,phase,nan,nan,nan,nan,nan,nan,nan,nan,nan,nan,37.75145601691633,45.174982245212306,5.978647178889756,38.157949143439055,45.40217768890769,6.046170954059645,37.751456016916336,45.1749822452123,5.978647178889758,38.157949143439055,45.402177688907685,6.046170954059645,-37.93570491870848,-50.04293822432783,0.322348108797027,37.75145601691633,45.174982245212306,5.978647178889756,37.751456016916336,45.1749822452123,5.978647178889758,nan,-37.93570491870848,nan,-50.04293822432783,False,16.73822066529069,775ff7fba5a8fb71,,2.818922553459852,2.0623417333440037,0.0005843747270632971,tone,2.54745612435446,2,-1.8731668567757964,-5.796166011313354,0.9937842434584878,1.0065362508250015,0.0,,,,,,,
262,267240,0,8,1247,-2.8090733466275064,-3.532924751917661,81.71743353620317,82.60418362143125,1.0108514186857718,0.9989571890168875,0.0,2.191743150107927,2.191743150107927,2.191743150107927,-2.327570128885936,-9.259452738199332,phase,2.191743150107927,phase,nan,nan,nan,nan,nan,nan,nan,nan,nan,nan,38.229066518666585,44.83736086077055,6.0579844715393,38.27446802479408,44.30955491714272,6.065526249965795,38.22906651866657,44.83736086077057,6.0579844715392985,38.27446802479408,44.309554917142734,6.065526249965795,-37.37943384608172,-49.45121266865543,0.29430251600647583,38.229066518666585,44.83736086077055,6.0579844715393,38.22906651866657,44.83736086077057,6.0579844715392985,nan,-37.37943384608172,nan,-49.45121266865543,False,18.40466456109123,ec7c8c6127b841cd,,-2.8090733466275064,-3.532924751917661,-0.001042810983112541,tone,2.191743150107927,3,-2.8624919319028264,-7.024659930094393,0.9936028858618013,1.0067201273084387,0.0,,,,,,,
263,268260,0,7,4883,7.99256998469481,6.518104254649199,83.81078661104914,84.02410010350802,1.00254517945821,1.0000910966778913,0.0,2.954196753761941,2.954196753761941,2.954196753761941,-2.952816542571741,15.607990223638005,phase,2.954196753761941,phase,nan,nan,nan,nan,nan,nan,nan,nan,nan,nan,37.86447134308059,43.621761427109966,5.99742048888382,37.99888741100924,44.60670039552834,6.019748739370307,37.864471343080574,43.62176142710994,5.997420488883817,37.99888741100926,44.606700395528364,6.019748739370309,-36.87290148475927,-46.689177762400604,-0.30928156856426714,37.86447134308059,43.621761427109966,5.99742048888382,37.864471343080574,43.62176142710994,5.997420488883817,nan,-36.87290148475927,nan,-46.689177762400604,False,16.902090638182795,4fd1621b756fa5ba,,7.99256998469481,6.518104254649199,9.109667789131137e-05,tone,2.954196753761941,4,-0.04708193818399842,-4.758551974920607,0.9936187257981592,1.0067040797199671,0.0,,,,,,,
264,269280,0,7,979,-15.275273801535391,-14.770533110596332,82.79901517337757,84.3412683162597,1.0186264672309535,1.0007185012660904,0.0,2.4658296453153308,2.4658296453153308,2.4658296453153308,-2.5236533394881757,-6.641594695254802,phase,2.4658296453153308,phase,nan,nan,nan,nan,nan,nan,nan,nan,nan,nan,37.64131106255618,42.57363540220833,5.96035067484322,38.21878361563885,44.05844121823846,6.056276348112767,37.641311062556184,42.57363540220834,5.9603506748432205,38.21878361563884,44.05844121823851,6.056276348112765,-37.62823869829219,-48.26870740010758,-1.5543967834095884,37.64131106255618,42.57363540220833,5.96035067484322,37.641311062556184,42.57363540220834,5.9603506748432205,nan,-37.62823869829219,nan,-48.26870740010758,False,17.28222755015241,71b63fe688514b55,,-15.275273801535391,-14.770533110596332,0.00071850126609041,tone,2.4658296453153308,5,-5.427763372345524,-9.89381137522696,0.9937436611528462,1.0065775899257694,0.0,,,,,,,
265,270300,0,8,3081,-0.7859085812688382,-0.1733734403790739,83.14456906858054,83.22873196072383,1.001012247619852,1.0003478824190322,0.0,2.671563968807473,2.671563968807473,2.671563968807473,-2.6863615704276875,7.883502504990763,phase,2.671563968807473,phase,nan,nan,nan,nan,nan,nan,nan,nan,nan,nan,37.698306389034684,44.52426143804559,5.9698183370489515,37.89244106069987,43.530876712937996,6.0020666213787175,37.69830638903467,44.52426143804562,5.969818337048949,37.892441060699866,43.53087671293801,6.002066621378716,-37.34026126828553,-49.51219794212345,-0.85475805150637,37.698306389034684,44.52426143804559,5.9698183370489515,37.69830638903467,44.52426143804562,5.969818337048949,nan,-37.34026126828553,nan,-49.51219794212345,False,15.46738590847402,d4d1c0f28cc2feb0,,-0.7859085812688382,-0.1733734403790739,0.0003478824190321639,tone,2.671563968807473,6,-5.704563128859176,-9.954095554747736,0.9938041596938756,1.0065163313733307,0.0,,,,,,,
266,271320,0,8,5195,-0.31201056427556273,0.8192444713029754,81.58542735358071,83.73423178179311,1.0263380912243036,1.0000218449494531,0.0,2.8195018581738664,2.8195018581738664,2.8195018581738664,-2.7989459511710204,-0.48744913985688554,phase,2.8195018581738664,phase,nan,nan,nan,nan,nan,nan,nan,nan,nan,nan,38.00254906246454,44.84886876242528,6.020356987120356,38.08585175990735,43.71961561400252,6.0341946445028825,38.00254906246453,44.848868762425255,6.020356987120355,38.085851759907364,43.71961561400252,6.034194644502885,-37.24822893863413,-47.186280046294165,-2.077046637112405,38.00254906246454,44.84886876242528,6.020356987120356,38.00254906246453,44.848868762425255,6.020356987120355,nan,-37.24822893863413,nan,-47.186280046294165,False,16.076930818726332,2f57cdc702efad78,,-0.31201056427556273,0.8192444713029754,2.184494945312032e-05,tone,2.8195018581738664,7,-5.814447653321305,-9.669216357045293,0.9938079588741617,1.0065124836801664,0.0,,,,,,,
267,272340,0,7,699,7.995728545096643,9.13573542209702,83.1106393906319,83.90574566986906,1.0095668410815617,0.9995522695852067,0.0,2.870681500594187,2.870681500594187,2.870681500594187,-2.890176191117483,-0.36034525891796954,phase,2.870681500594187,phase,nan,nan,nan,nan,nan,nan,nan,nan,nan,nan,38.35273568823914,44.96230123946124,6.078527522963314,38.081632723812255,44.748337683479,6.033493807942236,38.35273568823916,44.962301239461276,6.0785275229633156,38.081632723812255,44.74833768347899,6.033493807942236,-37.34309194727076,-48.17166607814974,-0.8925968152650796,38.35273568823914,44.96230123946124,6.078527522963314,38.35273568823916,44.962301239461276,6.0785275229633156,nan,-37.34309194727076,nan,-48.17166607814974,False,15.937948102498222,4cecd03ce08e2543,,7.995728545096643,9.13573542209702,-0.00044773041479329034,tone,2.870681500594187,8,-2.9985062374826557,-6.492397937423972,0.9937300912154727,1.0065913820994556,0.0,,,,,,,
268,273360,0,7,5923,-9.500006728808641,-7.329626304107577,81.75355357417745,81.3546551392706,0.9951207205379163,0.9999367979779222,0.0,2.5790549982686968,2.5790549982686968,2.5790549982686968,-2.583659153153246,-25.627061973825594,phase,2.5790549982686968,phase,nan,nan,nan,nan,nan,nan,nan,nan,nan,nan,37.255807103369726,44.199084032388754,5.8963134723205535,37.398597116028526,43.36656233433836,5.920032743526334,37.25580710336973,44.199084032388754,5.896313472320554,37.398597116028526,43.366562334338354,5.920032743526334,-38.06341673716145,-49.43448823099072,-1.8477154063958485,37.255807103369726,44.199084032388754,5.8963134723205535,37.25580710336973,44.199084032388754,5.896313472320554,nan,-38.06341673716145,nan,-49.43448823099072,False,16.722474441897948,f66d02dec27b8eba,,-9.500006728808641,-7.329626304107577,-6.320202207776848e-05,tone,2.5790549982686968,9,-6.344487590443474,-9.040968541204665,0.993719100209019,1.0066025160600265,0.0,,,,,,,
269,274380,0,8,6275,8.82516412680985,10.38061981867962,82.92530267157971,82.89054109865847,0.9995808086096603,0.9994654107976018,0.0,2.4796159700832776,2.4796159700832776,2.4796159700832776,-2.5151830716622907,2.2755080336670597,phase,2.4796159700832776,phase,nan,nan,nan,nan,nan,nan,nan,nan,nan,nan,37.313383386360485,44.19497129172734,5.905877638930314,37.665683643244755,43.314874094208506,5.964399276286505,37.31338338636048,44.19497129172739,5.9058776389303125,37.66568364324475,43.31487409420849,5.964399276286504,-37.42922498254379,-50.366991524314685,-0.3868740874894865,37.313383386360485,44.19497129172734,5.905877638930314,37.31338338636048,44.19497129172739,5.9058776389303125,nan,-37.42922498254379,nan,-50.366991524314685,False,17.064609442375936,86131c28fb47bea9,,8.82516412680985,10.38061981867962,-0.000534589202398239,tone,2.4796159700832776,10,-3.2361570333134484,-5.431582633091946,0.993626134696311,1.006696737225978,0.0,,,,,,,
270,275400,0,8,6991,1.9663734290272448,1.1216105797813585,83.69793376905184,84.73852347882799,1.012432680986456,0.999318638263188,0.0,2.818725345025212,2.818725345025212,2.818725345025212,-2.8601621319808106,13.755337912793555,phase,2.818725345025212,phase,nan,nan,nan,nan,nan,nan,nan,nan,nan,nan,37.88730026670376,44.11600383237453,6.001212668887669,38.218779529277455,44.72349929516767,6.056275669315193,37.887300266703754,44.116003832374496,6.001212668887668,38.218779529277455,44.7234992951677,6.056275669315193,-37.550242267783915,-50.607893200174004,0.2723957509361279,37.88730026670376,44.11600383237453,6.001212668887669,37.887300266703754,44.116003832374496,6.001212668887668,nan,-37.550242267783915,nan,-50.607893200174004,False,16.65848935774575,695654e8ef0187bd,,1.9663734290272448,1.1216105797813585,-0.0006813617368119917,tone,2.818725345025212,11,-2.543511503845884,-5.041630338217908,0.9935076564012574,1.006816855881765,0.0,,,,,,,
271,276420,0,8,5295,-2.651830756280584,-4.611680048853151,82.70037170124853,81.38481427764886,0.9840924847550617,0.9996707701691783,0.0,2.8509254634760643,2.8509254634760643,2.8509254634760643,-2.8788250566062557,-19.169252247169386,phase,2.8509254634760643,phase,nan,nan,nan,nan,nan,nan,nan,nan,nan,nan,37.699674331656404,43.081901768747166,5.9700455700425925,38.02630171932223,43.88064776454827,6.024302611183095,37.69967433165641,43.08190176874716,5.970045570042594,38.026301719322234,43.88064776454829,6.024302611183096,-37.29436750135838,-48.72200682922433,1.250001499859442,37.699674331656404,43.081901768747166,5.9700455700425925,37.69967433165641,43.08190176874716,5.970045570042594,nan,-37.29436750135838,nan,-48.72200682922433,False,16.040485451414,4930740ddfc7e52a,,-2.651830756280584,-4.611680048853151,-0.0003292298308217312,tone,2.8509254634760643,12,-3.4777174545681677,-6.6447898479829615,0.9934504152386708,1.006874882961058,0.0,,,,,,,
272,277440,0,7,1611,-2.6384883071794025,-3.5125797579827744,84.08322821835989,86.13267031809046,1.0243739702097103,0.9995975439308414,0.0,2.5212502509840795,2.5212502509840795,2.5212502509840795,-2.5016635113548626,-4.932828974135717,phase,2.5212502509840795,phase,nan,nan,nan,nan,nan,nan,nan,nan,nan,nan,37.862980307994775,43.575915813633415,5.997172808637006,38.036294777357604,42.98035635075918,6.025962587600931,37.862980307994775,43.575915813633415,5.997172808637006,38.036294777357604,42.980356350759166,6.025962587600931,-36.50927091513236,-49.472890348957364,0.873060905668571,37.862980307994775,43.575915813633415,5.997172808637006,37.862980307994775,43.575915813633415,5.997172808637006,nan,-36.50927091513236,nan,-49.472890348957364,False,20.399554026277233,01b58aec9793d103,,-2.6384883071794025,-3.5125797579827744,-0.00040245606915856325,tone,2.5212502509840795,13,-4.407276588418781,-7.8657984718931075,0.9933804467125921,1.0069458255211396,0.0,,,,,,,
273,278460,0,8,423,-6.845209935993344,-6.444434158557101,81.33068771896063,82.59287808308963,1.0155192387956993,1.0004393491136536,0.0,2.713964171384309,2.713964171384309,2.713964171384309,-2.727738963000148,-22.185745619364067,phase,2.713964171384309,phase,nan,nan,nan,nan,nan,nan,nan,nan,nan,nan,38.02557717008081,45.20689490758997,6.024182254166248,37.74930826400952,43.870960152986136,5.9782904093039075,38.025577170080815,45.20689490758998,6.0241822541662495,37.74930826400951,43.870960152986136,5.978290409303906,-37.31222332041309,-47.75417056017191,0.19392562177836759,38.02557717008081,45.20689490758997,6.024182254166248,38.025577170080815,45.20689490758998,6.0241822541662495,nan,-37.31222332041309,nan,-47.75417056017191,False,16.784288706670132,d5f51078aa8ef187,,-6.845209935993344,-6.444434158557101,0.00043934911365361984,tone,2.713964171384309,14,-6.819065028110948,-10.105791824393116,0.9934568238558793,1.0068684393883789,0.0,,,,,,,
274,279480,0,7,5263,2.393912827790918,0.1075669290705949,82.77265658213663,85.30812497509078,1.0306317145981434,1.0010597606977518,0.0,2.7049822776231593,2.7049822776231593,2.7049822776231593,-2.8306659801010827,-19.648202567436304,phase,2.7049822776231593,phase,nan,nan,nan,nan,nan,nan,nan,nan,nan,nan,37.81186047957182,44.17576021763975,5.988681142786017,37.79210062452772,43.39526839062551,5.985398774838492,37.81186047957182,44.17576021763976,5.988681142786017,37.792100624527734,43.395268390625546,5.985398774838495,-38.07598313222211,-48.148979759995534,1.0760840896602215,37.81186047957182,44.17576021763975,5.988681142786017,37.81186047957182,44.17576021763976,5.988681142786017,nan,-38.07598313222211,nan,-48.148979759995534,False,15.139702839845052,35dd37d9db2fddb5,,2.393912827790918,0.1075669290705949,0.0010597606977518215,tone,2.7049822776231593,15,-5.97567710262988,-10.06840022117872,0.9936410684928255,1.0066819051400666,0.0,,,,,,,
275,280500,0,8,2943,-1.9042484531789725,-2.715275882374379,83.84913772890744,83.17434289872382,0.9919522746630348,0.999521198230625,0.0,2.2207813337598283,2.2207813337598283,2.2207813337598283,-2.2523201164356603,-10.962693251860022,phase,2.2207813337598283,phase,nan,nan,nan,nan,nan,nan,nan,nan,nan,nan,38.221813409860594,43.97589429735728,6.056779636189468,37.640339293039126,43.8585085731632,5.960189251335404,38.221813409860594,43.97589429735727,6.056779636189468,37.64033929303913,43.8585085731632,5.960189251335405,-37.46445260093583,-50.495525354013665,1.0693657044533538,38.221813409860594,43.97589429735728,6.056779636189468,38.221813409860594,43.97589429735727,6.056779636189468,nan,-37.46445260093583,nan,-50.495525354013665,False,14.664023302198277,81edb3b74e2b8918,,-1.9042484531789725,-2.715275882374379,-0.0004788017693749813,tone,2.2207813337598283,16,-6.646429328706426,-11.012438803752433,0.9935578110000248,1.0067662957349741,0.0,,,,,,,
276,281520,0,8,7107,3.210933373904586,2.6311087681023766,83.2187657513226,83.46803215066748,1.0029953147838044,1.000016602932605,0.0,3.0070949206788757,3.0070949206788757,3.0070949206788757,-3.0072862254457307,-4.5127859693254555,phase,3.0070949206788757,phase,nan,nan,nan,nan,nan,nan,nan,nan,nan,nan,38.032654081906834,45.404747449787635,6.025357820914757,38.30446001877399,44.31078884198844,6.070508308766444,38.03265408190683,45.40474744978762,6.025357820914756,38.30446001877397,44.310788841988455,6.070508308766441,-37.35537508582945,-48.38260934739366,0.1597391188824533,38.032654081906834,45.404747449787635,6.025357820914757,38.03265408190683,45.40474744978762,6.025357820914756,nan,-37.35537508582945,nan,-48.38260934739366,False,16.847309604915093,5a22e6b2968a3d86,,3.210933373904586,2.6311087681023766,1.6602932604969922e-05,tone,3.0070949206788757,17,-5.515315800712052,-10.097739858488724,0.9935606977953654,1.0067633706107724,0.0,,,,,,,
277,282540,0,8,4719,0.23212968778730225,2.530817682471712,82.23112438865216,82.87504822072812,1.0078306582436178,0.9997938987518012,0.0,2.8756205219307085,2.8756205219307085,2.8756205219307085,-2.873691444519731,16.604627828374994,phase,2.8756205219307085,phase,nan,nan,nan,nan,nan,nan,nan,nan,nan,nan,37.89881772735736,43.63006579258469,6.0031258683317885,38.16065360504689,43.39650285138675,6.046620200173902,37.89881772735737,43.63006579258473,6.003125868331789,38.16065360504688,43.396502851386735,6.046620200173901,-37.17820836000725,-47.55445695154302,-1.3397145063500655,37.89881772735736,43.63006579258469,6.0031258683317885,37.89881772735737,43.63006579258473,6.003125868331789,nan,-37.17820836000725,nan,-47.55445695154302,False,18.081948424928026,80f1daf469ba048a,,0.23212968778730225,2.530817682471712,-0.00020610124819875342,tone,2.8756205219307085,18,-5.4335438557208375,-9.217904323423797,0.9935248623278694,1.0067996897539748,0.0,,,,,,,
278,283560,0,8,7163,-0.3702382052896409,-1.0787268421171987,82.20614913214347,84.77026771961701,1.0311913234538188,0.9994250949557916,0.0,2.126494572851904,2.126494572851904,2.126494572851904,-2.177043053864303,6.24054239479447,phase,2.126494572851904,phase,nan,nan,nan,nan,nan,nan,nan,nan,nan,nan,37.97451831009819,45.095355598822586,6.015700715963155,37.728414233237814,43.29932458077282,5.974819640072727,37.9745183100982,45.095355598822565,6.015700715963156,37.728414233237814,43.29932458077282,5.974819640072727,-36.837403831633566,-49.4111460882499,0.8691316632673717,37.97451831009819,45.095355598822586,6.015700715963155,37.9745183100982,45.095355598822565,6.015700715963156,nan,-36.837403831633566,nan,-49.4111460882499,False,16.85990936959282,5196c3daae87284c,,-0.3702382052896409,-1.0787268421171987,-0.0005749050442084291,tone,2.126494572851904,19,-5.563971766249171,-9.592908804040274,0.9934249053982621,1.0069010405095613,0.0,,,,,,,
279,284580,0,8,6595,-0.07080916091841616,-0.791774948419921,83.90783733922856,84.67860803514309,1.009185920175709,1.000145274753024,0.0,2.217243879960337,2.217243879960337,2.217243879960337,-2.211918323051714,-4.686004588702139,phase,2.217243879960337,phase,nan,nan,nan,nan,nan,nan,nan,nan,nan,nan,37.94867447617217,44.176961079986995,6.011407720294382,37.84292464709269,44.078476296666544,5.993841303503769,37.94867447617217,44.176961079986995,6.011407720294382,37.84292464709269,44.07847629666654,5.993841303503769,-37.41566173961235,-50.19382132333659,-0.3654704661315131,37.94867447617217,44.176961079986995,6.011407720294382,37.94867447617217,44.176961079986995,6.011407720294382,nan,-37.41566173961235,nan,-50.19382132333659,False,16.362653994997338,cd098cfc3de3178c,,-0.07080916091841616,-0.791774948419921,0.00014527475302394954,tone,2.217243879960337,20,-5.5889190030123865,-9.868130718407082,0.9934501613208735,1.0068754457003446,0.0,20,2.6106230637241277,0.05960284542232419,2.6106230637241277,inside-deadband,,
280,285600,0,8,927,-5.292774219396547,-4.90677016906238,84.76106533388635,85.77571332661388,1.0119706847563876,0.9996530613586246,0.0,2.4836330911056956,2.4836330911056956,2.4836330911056956,-2.486337478771351,8.511059343865996,phase,2.4836330911056956,phase,nan,nan,nan,nan,nan,nan,nan,nan,nan,nan,38.31892690837657,45.050272970881736,6.072911446574182,38.10445545799812,43.28862983959557,6.0372849598003535,38.31892690837656,45.05027297088173,6.072911446574181,38.104455457998114,43.288629839595565,6.037284959800352,-37.04812088809719,-47.88706163917781,-0.6677786552173224,38.31892690837657,45.050272970881736,6.072911446574182,38.31892690837656,45.05027297088173,6.072911446574181,nan,-37.04812088809719,nan,-47.88706163917781,False,18.431995769518466,98405d48999c2901,,-5.292774219396547,-4.90677016906238,-0.00034693864137536057,tone,2.4836330911056956,1,-7.453603361537004,-11.573773225139675,0.993389844727256,1.0069365986165082,0.0,,,,,,,
281,286620,0,8,2123,-0.5756352831193852,-0.08223704863502046,83.51703052109049,83.14570986283081,0.9955539528172531,1.0000626964796038,0.0,2.6346205839007593,2.6346205839007593,2.6346205839007593,-2.633271195034011,7.3652315470303,phase,2.6346205839007593,phase,nan,nan,nan,nan,nan,nan,nan,nan,nan,nan,38.28637188019668,44.751885682034015,6.067503634584167,38.03654760449869,43.92840864534009,6.0260045854649,38.28637188019668,44.751885682034,6.067503634584167,38.036547604498686,43.928408645340085,6.026004585464899,-37.24006633316622,-48.61168158132736,0.32229437688843077,38.28637188019668,44.751885682034015,6.067503634584167,38.28637188019668,44.751885682034,6.067503634584167,nan,-37.24006633316622,nan,-48.61168158132736,False,20.389559860270005,6cff95e578278b56,,-0.5756352831193852,-0.08223704863502046,6.269647960377434e-05,tone,2.6346205839007593,2,-7.656416335880527,-11.602357911664928,0.9934007440853303,1.0069255513176494,0.0,,,,,,,
282,287640,0,7,7467,-1.1676145732127952,0.779326699058255,86.62030370544768,86.32947355816245,0.9966424713970733,1.0000120349483268,0.0,2.8313516596803736,2.8313516596803736,2.8313516596803736,-2.83578169647325,-16.60112491885767,phase,2.8313516596803736,phase,nan,nan,nan,nan,nan,nan,nan,nan,nan,nan,38.137819579080144,43.8566423463001,6.042827172604676,38.31420736096195,44.111632812313005,6.072127468598332,38.13781957908015,43.8566423463001,6.042827172604677,38.314207360961944,44.11163281231299,6.07212746859833,-37.16586549814768,-47.94606906829451,-1.1322736615378244,38.137819579080144,43.8566423463001,6.042827172604676,38.13781957908015,43.8566423463001,6.042827172604677,nan,-37.16586549814768,nan,-47.94606906829451,False,17.620304687442484,551b14846281c360,,-1.1676145732127952,0.779326699058255,1.2034948326800077e-05,tone,2.8313516596803736,3,-8.067796237755632,-11.331469617775223,0.9934028363024893,1.0069234306412003,0.0,,,,,,,
283,288660,0,8,243,6.183151072098497,4.382201529106647,82.59270533326045,82.3217943244255,0.9967199160296077,1.0008168519694198,0.0,2.932291881012842,2.932291881012842,2.932291881012842,-3.0068705094329533,10.621155123006979,phase,2.932291881012842,phase,nan,nan,nan,nan,nan,nan,nan,nan,nan,nan,37.468950581190505,43.65807096987807,5.931719365646264,37.322758189306704,43.044025285454495,5.907434915167228,37.46895058119051,43.65807096987808,5.9317193656462655,37.322758189306704,43.04402528545449,5.907434915167228,-37.773025244053656,-48.60809056345065,0.0005954391046962826,37.468950581190505,43.65807096987807,5.931719365646264,37.46895058119051,43.65807096987808,5.9317193656462655,nan,-37.773025244053656,nan,-48.60809056345065,False,17.539216289644138,341ea73e0ee9cef6,,6.183151072098497,4.382201529106647,0.0008168519694198295,tone,2.932291881012842,4,-5.889321608782952,-9.808245022424776,0.99354484233856,1.0067796093291317,0.0,,,,,,,
284,289680,0,8,8099,-5.544269866328769,-5.6904889644544046,83.70869506014101,84.8944693672217,1.0141654855117352,0.9995602482930313,0.0,2.2946160083848772,2.2946160083848772,2.2946160083848772,-2.332579032134873,-11.628112150878096,phase,2.2946160083848772,phase,nan,nan,nan,nan,nan,nan,nan,nan,nan,nan,38.310502560621366,44.663893372870625,6.071512053259364,37.35028230512431,43.03388000998646,5.912007027429288,38.31050256062135,44.66389337287061,6.071512053259362,37.350282305124324,43.03388000998649,5.912007027429291,-37.32927583421701,-49.64977078106192,0.6391849620240349,38.310502560621366,44.663893372870625,6.071512053259364,38.31050256062135,44.66389337287061,6.071512053259362,nan,-37.32927583421701,nan,-49.64977078106192,False,16.531142146892968,cd974749c8c3aa9c,,-5.544269866328769,-5.6904889644544046,-0.00043975170696874955,tone,2.2946160083848772,5,-7.8424236435613945,-11.786504334694909,0.9934683825564955,1.006857121699384,0.0,,,,,,,
285,290700,0,7,7095,0.44118077712797843,0.40521723663355863,82.98411223298896,84.07280705554663,1.0131193163758987,0.9999710094727897,0.0,2.515491669957893,2.515491669957893,2.515491669957893,-2.5160806188874205,2.284733277012704,phase,2.515491669957893,phase,nan,nan,nan,nan,nan,nan,nan,nan,nan,nan,38.17843777246812,45.60385375924143,6.049574380808659,37.508149228102155,42.1246225027122,5.938230768787734,38.17843777246812,45.60385375924141,6.049574380808659,37.508149228102155,42.124622502712214,5.938230768787734,-37.480487659007814,-48.519141290086274,1.2909487370458987,38.17843777246812,45.60385375924143,6.049574380808659,38.17843777246812,45.60385375924141,6.049574380808659,nan,-37.480487659007814,nan,-48.519141290086274,False,16.685764412207686,48fb547e8f304323,,0.44118077712797843,0.40521723663355863,-2.8990527210281947e-05,tone,2.515491669957893,6,-7.686995172252182,-11.645644196980067,0.9934633423513645,1.0068622299782628,0.0,,,,,,,
286,291720,0,7,6159,4.514594698276005,3.148185258108075,85.14026586957006,85.90260142666301,1.008953878042392,0.999628366799006,0.0,2.6473183593204417,2.6473183593204417,2.6473183593204417,-2.6481312611852332,-2.081065328397153,phase,2.6473183593204417,phase,nan,nan,nan,nan,nan,nan,nan,nan,nan,nan,38.21205513897623,44.88134108348887,6.055158660959508,38.367283235205825,43.87429396148378,6.080944059004291,38.21205513897625,44.88134108348889,6.05515866095951,38.36728323520583,43.87429396148381,6.080944059004292,-36.58131035973419,-47.11677415528746,-0.24297896971657273,38.21205513897623,44.88134108348887,6.055158660959508,38.21205513897625,44.88134108348889,6.05515866095951,nan,-36.58131035973419,nan,-47.11677415528746,False,18.89269428231537,338ec028bf5ebbcd,,4.514594698276005,3.148185258108075,-0.00037163320099398156,tone,2.6473183593204417,7,-6.096490442951607,-10.55128907317965,0.9933987316580164,1.006927736423493,0.0,,,,,,,
287,292740,0,8,6611,0.7516708598385569,2.9141205584402217,82.3979577107115,83.74215428476693,1.016313469549509,0.9999423103291999,0.0,2.39161985678692,2.39161985678692,2.39161985678692,-2.376538262539906,-3.526887957315048,phase,2.39161985678692,phase,nan,nan,nan,nan,nan,nan,nan,nan,nan,nan,37.702978705239246,44.658431149103734,5.970594469308845,37.96258790690112,42.67758165557385,6.013718921412147,37.702978705239246,44.65843114910375,5.970594469308845,37.96258790690112,42.67758165557385,6.013718921412147,-36.97047401537929,-48.45239310064541,0.26623969975831274,37.702978705239246,44.658431149103734,5.970594469308845,37.702978705239246,44.65843114910375,5.970594469308845,nan,-36.97047401537929,nan,-48.45239310064541,False,16.192299510563313,11750cb911bdf043,,0.7516708598385569,2.9141205584402217,-5.768967080010956e-05,tone,2.39161985678692,8,-5.831657408079097,-9.53836415457843,0.9933887026100009,1.0069379026426648,0.0,,,,,,,
288,293760,0,8,5843,-6.00030127738521,-7.367881603722803,83.46033183542302,84.67886934011068,1.014600199614477,0.9999713980241663,0.0,2.4178715661938623,2.4178715661938623,2.4178715661938623,-2.4066959028189183,-5.907380874496254,phase,2.4178715661938623,phase,nan,nan,nan,nan,nan,nan,nan,nan,nan,nan,38.07969991346421,44.866575098874335,6.033172743100368,38.02985478960784,44.591300603058855,6.024892822193994,38.07969991346421,44.86657509887433,6.033172743100368,38.029854789607846,44.59130060305885,6.024892822193995,-37.16013139064729,-50.544385868268826,0.7708064101642602,38.07969991346421,44.866575098874335,6.033172743100368,38.07969991346421,44.86657509887433,6.033172743100368,nan,-37.16013139064729,nan,-50.544385868268826,False,17.13186448261636,481307e361a60f36,,-6.00030127738521,-7.367881603722803,-2.8601975833653093e-05,tone,2.4178715661938623,9,-7.945739681782298,-12.09935481203123,0.9933837303560594,1.0069429428591976,0.0,,,,,,,
289,294780,0,8,731,-0.8222986719864972,-0.3579454312062467,81.49774629869648,82.51358112802899,1.012464575714884,0.9997268127739412,0.0,2.013322580555769,2.013322580555769,2.013322580555769,-2.0125292582421923,-9.59625793419717,phase,2.013322580555769,phase,nan,nan,nan,nan,nan,nan,nan,nan,nan,nan,38.41740783498268,44.437054956342834,6.089270404482174,38.253531021861804,45.22564617067155,6.062048342501962,38.417407834982676,44.437054956342834,6.089270404482173,38.25353102186182,45.225646170671574,6.062048342501964,-36.74428980718249,-50.19447382369946,1.1539963556407553,38.41740783498268,44.437054956342834,6.089270404482174,38.417407834982676,44.437054956342834,6.089270404482173,nan,-36.74428980718249,nan,-50.19447382369946,False,17.034385627140576,ac1d9b75635a58c4,,-0.8222986719864972,-0.3579454312062467,-0.0002731872260588464,tone,2.013322580555769,10,-8.235461091948856,-12.223771892274579,0.9933362389005606,1.006991095705078,0.0,,,,,,,
290,295800,0,8,3367,5.075092912249443,4.906233166101776,80.5190010932478,80.7883263723892,1.0033448661245747,1.0012263587025443,0.0,2.565268208380634,2.565268208380634,2.565268208380634,-2.7471678670578066,29.57441415873166,phase,2.565268208380634,phase,nan,nan,nan,nan,nan,nan,nan,nan,nan,nan,37.57983774471417,44.69203713441145,5.950139160251524,37.778584588773604,44.73238132551153,5.9831535861750185,37.57983774471417,44.69203713441147,5.950139160251524,37.77858458877361,44.73238132551156,5.983153586175019,-38.25382991027944,-46.88807378075446,-0.17969441278236786,37.57983774471417,44.69203713441145,5.950139160251524,37.57983774471417,44.69203713441147,5.950139160251524,nan,-38.25382991027944,nan,-46.88807378075446,False,16.17654770793852,1121e9c9dfd2c51d,,5.075092912249443,4.906233166101776,0.0012263587025442835,tone,2.565268208380634,11,-6.447262444073772,-10.518511919808507,0.9935494215452579,1.006775247261315,0.0,,,,,,,
291,296820,0,8,8137,3.4930077878214263,4.333771537589374,83.01984224768997,82.91574712764057,0.99874614167853,1.000306586521945,0.0,3.0147972571621877,3.0147972571621877,3.0147972571621877,-3.0250545776543953,-15.600417497314728,phase,3.0147972571621877,phase,nan,nan,nan,nan,nan,nan,nan,nan,nan,nan,38.059881416757555,44.638869779220954,6.029880634012883,37.939417896599515,42.62532196478943,6.009870082491615,38.05988141675754,44.638869779220926,6.029880634012882,37.939417896599515,42.62532196478942,6.009870082491615,-37.193903008830695,-47.959493211049065,-0.1267806559568605,38.059881416757555,44.638869779220954,6.029880634012883,38.05988141675754,44.638869779220926,6.029880634012882,nan,-37.193903008830695,nan,-47.959493211049065,False,15.659497774972612,3def60ca8f55ea51,,3.4930077878214263,4.333771537589374,0.0003065865219449293,tone,3.0147972571621877,12,-5.216772345417104,-9.011899552964548,0.993602728096026,1.0067212476656116,0.0,,,,,,,
292,297840,0,8,6595,5.687966440951452,6.014359204222615,81.07790828186496,81.59377446773489,1.006362598601786,1.0000469565034114,0.0,2.984492597928629,2.984492597928629,2.984492597928629,-2.978981071217193,-23.50598819286112,phase,2.984492597928629,phase,nan,nan,nan,nan,nan,nan,nan,nan,nan,nan,37.92868822930445,44.67746319231941,6.008087745731637,37.82647334905014,44.26362952738877,5.991108529742549,37.92868822930446,44.67746319231943,6.008087745731639,37.82647334905013,44.26362952738879,5.991108529742548,-37.40083252418691,-49.11019956560777,-0.9034755096690459,37.92868822930445,44.67746319231941,6.008087745731637,37.92868822930446,44.67746319231943,6.008087745731639,nan,-37.40083252418691,nan,-49.11019956560777,False,16.043729945760557,e7b77081800ccf61,,5.687966440951452,6.014359204222615,4.6956503411355044e-05,tone,2.984492597928629,13,-3.2131664795718873,-6.920927770697059,0.9936108929152571,1.006712975434849,0.0,,,,,,,
293,298860,0,7,1111,-10.52855929873763,-10.620775117655164,85.90102996997948,86.86531171153136,1.0112254968524694,1.0004553932579214,0.0,2.9162071234283364,2.9162071234283364,2.9162071234283364,-2.930797698751963,8.5275960295111,phase,2.9162071234283364,phase,nan,nan,nan,nan,nan,nan,nan,nan,nan,nan,38.23872817770596,44.11924542096994,6.0595893982900275,38.19271139144519,43.79758065580373,6.051945413861327,38.23872817770596,44.11924542096994,6.0595893982900275,38.192711391445194,43.797580655803756,6.051945413861328,-37.681032080548654,-47.15059625658411,-1.0001565088909725,38.23872817770596,44.11924542096994,6.0595893982900275,38.23872817770596,44.11924542096994,6.0595893982900275,nan,-37.681032080548654,nan,-47.15059625658411,False,20.165900382443755,f4b75cf262827cdc,,-10.52855929873763,-10.620775117655164,0.0004553932579214326,tone,2.9162071234283364,14,-6.921857457935039,-10.613411509245909,0.9936900775630424,1.0066327831510813,0.0,,,,,,,
294,299880,0,8,2031,4.552764707456893,4.172317341738176,82.59153173428612,83.24594127099317,1.0079234459388937,0.9994480023507674,0.0,2.2637608845826858,2.2637608845826858,2.2637608845826858,-2.308725769200176,-11.680187171839805,phase,2.2637608845826858,phase,nan,nan,nan,nan,nan,nan,nan,nan,nan,nan,38.06142538458948,44.43009755974383,6.0301371070746645,37.66010053904279,43.86298379504645,5.963471850339334,38.06142538458948,44.4300975597438,6.0301371070746645,37.66010053904278,43.86298379504644,5.963471850339333,-37.25477457454111,-48.610018555656794,0.35679372308600765,38.06142538458948,44.43009755974383,6.0301371070746645,38.06142538458948,44.4300975597438,6.0301371070746645,nan,-37.25477457454111,nan,-48.610018555656794,False,20.010916495558202,480f0660a1947aef,,4.552764707456893,4.172317341738176,-0.0005519976492326384,tone,2.2637608845826858,15,-5.31827130608598,-9.16272254495734,0.9935940875103383,1.0067300771698906,0.0,,,,,,,
295,300900,0,8,1855,1.5814562867103583,1.299046780672872,82.84950715034174,84.26192877003443,1.0170480388873004,1.0005039107785165,0.0,2.5826673764488435,2.5826673764488435,2.5826673764488435,-2.6121452261482054,29.15312401821319,phase,2.5826673764488435,phase,nan,nan,nan,nan,nan,nan,nan,nan,nan,nan,37.530652801738825,43.30647202212668,5.941968903943327,37.57011011263112,43.00188854207314,5.948523274523443,37.530652801738825,43.306472022126705,5.941968903943327,37.57011011263112,43.00188854207314,5.948523274523443,-37.788552611511015,-48.801989729581514,-0.75015782325857,37.530652801738825,43.30647202212668,5.941968903943327,37.530652801738825,43.306472022126705,5.941968903943327,nan,-37.788552611511015,nan,-48.801989729581514,False,18.879195984838727,afa4198fadc6d35a,,1.5814562867103583,1.299046780672872,0.0005039107785165253,tone,2.5826673764488435,16,-4.761193010928687,-8.711095655539614,0.9936817069951175,1.0066413440095214,0.0,,,,,,,
296,301920,0,8,4063,-1.979918580241351,-1.9279675937219878,81.44605909035053,82.14189473312324,1.0085435151871596,0.9997072613887875,0.0,2.6690207736932057,2.6690207736932057,2.6690207736932057,-2.676959815343723,-16.298765163719796,phase,2.6690207736932057,phase,nan,nan,nan,nan,nan,nan,nan,nan,nan,nan,38.336158107062985,45.699949609193794,6.0757737719373734,37.968536715424534,43.59194597501606,6.014707095585472,38.33615810706299,45.699949609193766,6.075773771937375,37.96853671542455,43.59194597501609,6.014707095585474,-36.78673564108807,-47.74442126538699,0.20428662940774492,38.336158107062985,45.699949609193794,6.0757737719373734,38.33615810706299,45.699949609193766,6.075773771937375,nan,-36.78673564108807,nan,-47.74442126538699,False,18.365616062709325,babb8b752a6da204,,-1.979918580241351,-1.9279675937219878,-0.0002927386112124841,tone,2.6690207736932057,17,-5.458570750909441,-9.381432376575695,0.9936308014196111,1.0066929285984034,0.0,,,,,,,
297,302940,0,7,579,6.668398898293082,6.666007196874537,81.20918408688402,81.4089953015544,1.0024604509565889,0.9997875009238787,0.0,2.328510674275296,2.328510674275296,2.328510674275296,-2.336100388187546,3.7210747485660893,phase,2.328510674275296,phase,nan,nan,nan,nan,nan,nan,nan,nan,nan,nan,37.48847601690382,43.93461194611716,5.934962793505618,37.51698727336998,43.665641327401616,5.939698882619599,37.48847601690383,43.934611946117165,5.934962793505621,37.51698727336996,43.66564132740159,5.939698882619596,-37.019324860572894,-47.677834820326545,0.3629615091856522,37.48847601690382,43.93461194611716,5.934962793505618,37.48847601690383,43.934611946117165,5.934962793505621,nan,-37.019324860572894,nan,-47.677834820326545,False,15.64643061732307,4b8c5a0853e609aa,,6.668398898293082,6.666007196874537,-0.00021249907612130858,tone,2.328510674275296,18,-3.1096705245194647,-7.063841329070856,0.9935938509348323,1.00673037278578,0.0,,,,,,,
298,303960,0,7,3567,4.603470398144422,7.319344553090568,82.16470027269455,82.7926004410538,1.0076419699247408,0.9987573716395621,0.0,2.9419265162066432,2.9419265162066432,2.9419265162066432,-3.097144294273696,-6.166854564652816,phase,2.9419265162066432,phase,nan,nan,nan,nan,nan,nan,nan,nan,nan,nan,37.487315693782335,43.803902045583314,5.934770048801053,38.03391281500193,45.33602776393781,6.025566912791019,37.48731569378233,43.80390204558332,5.9347700488010515,38.03391281500194,45.33602776393782,6.025566912791021,-36.39850494247937,-48.26327152959108,0.05511167291633878,37.487315693782335,43.803902045583314,5.934770048801053,37.48731569378233,43.80390204558332,5.9347700488010515,nan,-36.39850494247937,nan,-48.26327152959108,False,14.959685098388592,059297999847d33c,,4.603470398144422,7.319344553090568,-0.0012426283604378696,tone,2.9419265162066432,19,-1.4880676554652523,-4.51919713949219,0.9933777840526948,1.0069495687145515,0.0,,,,,,,
299,304980,0,8,3627,-5.97671337734268,-6.565197767686044,83.21905542329381,83.13856902277792,0.9990328368892617,1.0012687063463357,0.0,2.5859902602576574,2.5859902602576574,2.5859902602576574,-2.7776382420257684,8.014623556903326,phase,2.5859902602576574,phase,nan,nan,nan,nan,nan,nan,nan,nan,nan,nan,37.67001124803119,44.37468364672113,5.965118147513487,37.715013586660085,43.17110077477287,5.972593619046527,37.67001124803118,44.374683646721145,5.965118147513486,37.715013586660085,43.171100774772846,5.972593619046527,-37.28566125479544,-47.572931604030984,1.7268709619407527,37.67001124803119,44.37468364672113,5.965118147513487,37.67001124803118,44.374683646721145,5.965118147513486,nan,-37.28566125479544,nan,-47.572931604030984,False,16.865640226330108,e26c84b842e9f2c8,,-5.97671337734268,-6.565197767686044,0.0012687063463356907,tone,2.5859902602576574,20,-3.5938623648413714,-6.801157716349538,0.9935983373750087,1.006726285416542,0.0,20,2.6007389464631774,0.0613899525060268,2.6007389464631774,inside-deadband,,
